Time_s,Target_m,GovernedReference_m,Altitude_m,VerticalSpeed_m_s,Pitch_deg,PitchRate_deg_s,Elevator_deg,RawCommand_deg,Gust_m_s2,EstimatedGust_m_s2,GovernorInfeasible,IntegralError_m_s,SafetyActive,SafetyInfeasible
0,100,1.2984615122528,0,0,0,0,0,0,-0,0,0,0,0,0
0.02,100,1.2984615122528,9.14842989304104e-09,1.80438967304906e-06,1.47999930929667e-06,0.000289274806664528,0.0180792234575747,0.554015155548872,-0,0,0,0.0259692302450559,0,0
0.04,100,1.2984615122528,1.43368948278087e-07,1.42380158719291e-05,2.28615398457625e-05,0.00225836842216256,0.0705629396080481,1.10218380484265,-0,0,0,0.0519384594090446,0,0
0.06,100,1.2984615122528,7.17135313771775e-07,4.73933805809658e-05,0.00011327167856325,0.00743165831941617,0.154669412798936,1.63884293815116,-0,0,0,0.0779076821822598,0,0
0.08,100,1.2984615122528,2.24104510873288e-06,0.000110793009935114,0.000350582977340599,0.0171584200084862,0.267438834730898,2.1585752519249,-0,0,0,0.103876884985274,0,0
0.1,100,1.2984615122528,5.41056963933687e-06,0.000213403955005408,0.000837862980674327,0.0326082496787202,0.405762206905317,2.65625616531041,-0,0,0,0.129846042159448,0,0
0.12,100,1.2984615122528,1.10950684209917e-05,0.000363649801112541,0.00169974847794132,0.0547681223628402,0.56641127468732,3.12709715787309,-0,0,0,0.155815112379711,0,0
0.14,100,1.2984615122528,2.03270215222295e-05,0.000569420496151707,0.00307877734610508,0.0844410914057475,0.746069196006774,3.56668507097399,-0,0,0,0.181784035284801,0,0
0.16,100,1.2984615122528,3.42914392551271e-05,0.000838080308523364,0.00513171071962742,0.122246618601019,0.941361626595691,3.97101706143195,-0,0,0,0.207752728321029,0,0
0.18,100,1.2984615122528,5.4315414892696e-05,0.00117647422290604,0.00802587786077185,0.168622508356803,1.14888790566137,4.33653094447137,-0,0,0,0.233721083796351,0,0
0.2,100,1.2984615122528,8.18577922145803e-05,0.00159093307732708,0.0119355754153123,0.223828403818431,1.36525203094315,4.66013071299542,-0,0,1,0.259688966142214,0,0
0.22,100,1.2984615122528,0.000118498925684066,0.00208727773785764,0.0170385517486437,0.287950788147578,1.58709312009127,4.93920707141492,-0,0,0,0.285656209381079,0,0
0.24,100,1.2984615122528,0.00016593051689574,0.00267082259787301,0.0235126057808904,0.360909420267824,1.80940179616647,5.17062491211867,-0,0,0,0.311574514990076,1,0
0.26,100,1.2984615122528,0.000225924876159254,0.00334331986549062,0.0315290138728096,0.441976514170952,2.01202079672976,5.34410485587767,-0,0,0,0.336959029832643,1,0
0.28,100,1.2984615122528,0.000300246079577614,0.00410330363866063,0.0412370977066608,0.529868002626602,2.19330923010573,5.46222246379952,-0,0,0,0.36183017265113,1,0
0.3,100,1.2984615122528,0.000390634331490064,0.00494994641243444,0.0527611801439926,0.62338544902876,2.35502053903458,5.52941831413604,-0,0,0,0.386298017932313,1,0
0.32,100,1.2984615122528,0.000498820454298263,0.0058831214076679,0.066202673778233,0.721435026889415,2.49878882633337,5.54982557621805,-0,0,0,0.410464403530093,1,0
0.34,100,1.2984615122528,0.000626538965326021,0.00690331014515111,0.0816421004981067,0.823020330639984,2.62613608526106,5.52728906934264,-0,0,0,0.434423474531545,1,0
0.36,100,1.2984615122528,0.000775539383668923,0.00801151777944814,0.099140971663027,0.927235621853838,2.73847902415123,5.46538322786147,-0,0,0,0.458262193999553,1,0
0.38,100,1.2984615122528,0.000947595916880117,0.00920919566315304,0.118743537353011,1.03325948652369,2.83713550688386,5.36742903184451,-0,0,0,0.482060822483646,1,0
0.4,100,2.04056965443679,0.00114451566707622,0.0104981706443162,0.140478412681372,1.14034888031888,2.92333062966606,5.2365099596024,-0,0,0,0.505893368087969,1,0
0.42,100,2.04056965443679,0.00136814548640785,0.0118805806300458,0.164360088709298,1.24783353997323,2.99820245354379,5.38642512177076,-0,0,0,0.544377246705763,1,0
0.44,100,2.04056965443679,0.00162037760278751,0.0133588159778397,0.190390335076186,1.35511074011698,3.06280741107145,5.49669703845988,-0,0,0,0.582455480664365,1,0
0.46,100,2.04056965443679,0.00190315412827093,0.0149354663031419,0.218559501056976,1.46164037597019,3.11812540462022,5.57026145744032,-0,0,0,0.620208120523851,1,0
0.48,100,2.04056965443679,0.00221847055451411,0.0166132723170341,0.248847721376678,1.56694035336188,3.16506461290681,5.60985293447186,-0,0,0,0.657709625618029,1,0
0.5,100,2.04056965443679,0.00256837833224891,0.0183950823319437,0.281226032751563,1.67058226853283,3.20446602147046,5.61801737664857,-0,0,0,0.695029224899209,1,0
0.52,100,2.04056965443679,0.00295498662470584,0.0202838130958587,0.315657406785153,1.77218736112221,3.23710769201405,5.59712385977051,-0,0,0,0.732231255850192,1,0
0.54,100,2.04056965443679,0.00338046331833758,0.0222824146368503,0.352097704524206,1.87142272463243,3.26370878475436,5.5493757594744,-0,0,0,0.769375482722145,1,0
0.56,100,2.04056965443679,0.00384703536803596,0.0243938388198004,0.390496557674272,1.96799775951425,3.2849333471938,5.47682123377188,-0,0,0,0.806517395288224,1,0
0.58,100,2.04056965443679,0.00435698854826411,0.026621011336162,0.430798181185407,2.06166085481842,3.30139388203019,5.38136309266554,-0,0,0,0.843708489237621,1,0
0.6,100,2.78225986036333,0.00491266667612221,0.028966806865423,0.472942121645223,2.15219628512281,3.31365470626002,5.26476808863537,-0,0,0,0.880996529272993,1,0
0.62,100,2.78225986036333,0.00551647036730859,0.0314340271637505,0.51686394565791,2.23942131016677,3.32223511290305,5.43943865400206,-0,0,0,0.932966840076172,1,0
0.64,100,2.78225986036333,0.00617085538120717,0.0340253818511186,0.562495872143467,2.32318346531023,3.32761234617956,5.58394695448565,-0,0,0,0.984549242804455,1,0
0.66,100,2.78225986036333,0.00687833060690888,0.0367434716831249,0.609767352260221,2.4033580315847,3.33022440040551,5.70017977988215,-0,0,0,1.0358040859469,1,0
0.68,100,2.78225986036333,0.00764145573784043,0.0395907741077305,0.658605600435342,2.47984567471957,3.33047265233335,5.78990111412858,-0,0,0,1.08678800909848,1,0
0.7,100,2.78225986036333,0.00846283867881197,0.0425696309203559,0.708936079781545,2.55257024311079,3.3287243361551,5.85475971232628,-0,0,0,1.13755416794846,1,0
0.72,100,2.78225986036333,0.00934513272568921,0.0456822378431878,0.760682944983163,2.62147671525234,3.32531486990044,5.89629623818768,-0,0,0,1.18815244587662,1,0
0.74,100,2.78225986036333,0.0102910335545306,0.0489306358662313,0.813769445550437,2.6865292876754,3.32055004150149,5.91594998611031,-0,0,0,1.23862965292312,1,0
0.76,100,2.78225986036333,0.0113032760538922,0.0523167041986265,0.868118292166769,2.74770959493665,3.31470806235986,5.91506521080387,-0,0,0,1.28902971285608,1,0
0.78,100,2.78225986036333,0.0123846310310766,0.0558421546890747,0.92365198868931,2.80501505366794,3.30804149583644,5.89489708618359,-0,0,0,1.33939383902102,1,0
0.8,100,3.1038037428071,0.0135379018203787,0.0595085275839206,0.980293132207936,2.85845732314541,3.300779067691,5.85661731409204,-0,0,0,1.38976069961876,1,0
0.82,100,3.1038037428071,0.0147659208188433,0.063317188500554,1.03796468342115,2.9080608752583,3.29312736512531,5.93604403372369,-0,0,0,1.44647053087007,1,0
0.84,100,3.1038037428071,0.0160715459726883,0.067269326502356,1.096590209449,2.95386166715758,3.28527243072868,5.99419026492515,-0,0,0,1.50300622768896,1,0
0.86,100,3.1038037428071,0.017457657235355,0.0713659531694502,1.15609410107272,2.99590591024343,3.27738125728899,6.03221486464459,-0,0,0,1.55940940988863,1,0
0.88,100,3.1038037428071,0.0189271530161082,0.0756079025670661,1.21640176626721,3.03424892950875,3.26960318911285,6.05120440324721,-0,0,0,1.61571933921998,1,0
0.9,100,3.1038037428071,0.0204829466362128,0.0799958320203961,1.27743980177683,3.0689541075956,3.26207123519587,6.05217761296609,-0,0,0,1.67197305520625,1,0
0.92,100,3.1038037428071,0.0221279628079655,0.0845302236114684,1.33913614437471,3.10009190824269,3.25490329929695,6.03608957600496,-0,0,0,1.72820550301475,1,0
0.94,100,3.1038037428071,0.0238651341502253,0.0892113863197794,1.40142020334291,3.12773897410588,3.24820333169805,6.00383566678499,-0,0,0,1.78444965382184,1,0
0.96,100,3.1038037428071,0.0256973977525869,0.0940394587342618,1.4642229756131,3.15197729422182,3.24206240717253,5.95625526205458,-0,0,0,1.84073661810214,1,0
0.98,100,3.1038037428071,0.0276276917989449,0.0990144122696278,1.52747714491556,3.17289343665648,3.23655973344022,5.89413523184732,-0,0,0,1.89709575224927,1,0
1,100,3.66421274683442,0.0296589522599081,0.104136054825244,1.59111716619775,3.19057784213865,3.23176359415501,5.81821322357886,-0,0,0,1.95355475891257,1,0
1.02,100,3.66421274683442,0.0317941096623382,0.10940403482948,1.65507933649228,3.20512417472133,3.2277322302505,5.96398819283645,-0,0,0,2.02112675685163,1,0
1.04,100,3.66421274683442,0.0340360859431887,0.11481784561696,1.71930185333719,3.21662872574492,3.22451466326042,6.08809405095711,-0,0,0,2.08841863799934,1,0
1.06,100,3.66421274683442,0.0363877913938105,0.120376830090325,1.78372486177897,3.22518986759379,3.22215146403253,6.19149959313798,-0,0,0,2.15547058040436,1,0
1.08,100,3.66421274683442,0.0388521216999651,0.126080185622038,1.84829049092113,3.23090755394362,3.22067547006708,6.27512152779148,-0,0,0,2.222320791496,1,0
1.1,100,3.66421274683442,0.0414319550819304,0.131926969155424,1.91294288091639,3.23388286339204,3.22011245453316,6.33982744380213,-0,0,0,2.28900560803181,1,0
1.12,100,3.66421274683442,0.0441301495383067,0.137916102467545,1.97762820124101,3.23421758354882,3.22048174984753,6.38643861018598,-0,0,0,2.35555959063938,1,0
1.14,100,3.66421274683442,0.0469495401964094,0.144046377559699,2.04229466103227,3.23201383283586,3.22179682854105,6.41573261733899,-0,0,0,2.42201561324952,1,0
1.16,100,3.66421274683442,0.0498929367714863,0.15031646214432,2.1068925122175,3.22737371741181,3.22406584398632,6.42844586857416,-0,0,0,2.48840494770158,1,0
1.18,100,3.66421274683442,0.0529631211363977,0.156724905199802,2.17137404611244,3.22039902079103,3.22729213341707,6.4252759301843,-0,0,0,2.55475734378656,1,0
1.2,100,3.8852943451445,0.0561628450028533,0.163270142567376,2.23569358411977,3.21119092387365,3.23147468553375,6.40688374782957,-0,0,0,2.62110110497921,1,0
1.22,100,3.8852943451445,0.0594948277148112,0.169950502566561,2.29980746311435,3.19984975324153,3.23660857486143,6.46652737563692,-0,0,0,2.6917975267345,1,0
1.24,100,3.8852943451445,0.0629617541541917,0.17676421160794,2.3636740160602,3.1864747557062,3.24268536490426,6.50853689154155,-0,0,0,2.76236791144125,1,0
1.26,100,3.8852943451445,0.0665662727586595,0.183709399784111,2.42725354836507,3.1711638972178,3.24969348202544,6.53361786746367,-0,0,0,2.83284330234504,1,0
1.28,100,3.8852943451445,0.0703109936508603,0.190784106421574,2.4905083104419,3.15401368436089,3.25761856187241,6.54244134106394,-0,0,0,2.90325329945795,1,0
1.3,100,3.8852943451445,0.0741984868781761,0.197986285578113,2.55340246691217,3.13511900677271,3.26644377006383,6.53564568588176,-0,0,0,2.97362612729622,1,0
1.32,100,3.8852943451445,0.0782312807617653,0.205313811471907,2.6159020628537,3.11457299892343,3.27615009875686,6.51383837799137,-0,0,0,3.04398869914963,1,0
1.34,100,3.8852943451445,0.0824118603534007,0.212764483830117,2.67797498746541,3.0924669197955,3.28671664062087,6.47759766481657,-0,0,0,3.11436667806822,1,0
1.36,100,3.8852943451445,0.0867426659983814,0.220336033146161,2.7395909354932,3.06889004909158,3.29812084165606,6.42747414144544,-0,0,0,3.18478453474143,1,0
1.38,100,3.8852943451445,0.091226092002598,0.228026125836166,2.8007213667345,3.04392959868775,3.31033873421246,6.36399223950215,-0,0,0,3.25526560243589,1,0
1.4,100,4.44046898216133,0.0958644854016482,0.235832369286334,2.86133946391421,3.01767063813017,3.3233451514867,6.28765163336396,-0,0,0,3.3258321291488,1,0
1.42,100,4.44046898216133,0.100660144829748,0.243752316784069,2.92142008920162,2.99019603305119,3.33711392469942,6.43154284711705,-0,0,0,3.40738968133328,1,0
1.44,100,4.44046898216133,0.105615319486054,0.251783472326763,2.98093973961607,2.96158639545341,3.35161806408628,6.5543847360986,-0,0,0,3.48864734667444,1,0
1.46,100,4.44046898216133,0.110732208195889,0.259923295303061,3.03987650154862,2.9319200448788,3.36682992476925,6.65696801726214,-0,0,0,3.5696411389668,1,0
1.48,100,4.44046898216133,0.116012958564286,0.268169205042352,3.09821000460833,2.90127297954469,3.38272135851194,6.74004951258232,-0,0,0,3.65040551419807,1,0
1.5,100,4.44046898216133,0.121459666219174,0.276518585228978,3.15592137498373,2.86971885658912,3.3992638523038,6.80435375518528,-0,0,0,3.73097343658538,1,0
1.52,100,4.44046898216133,0.127074374141469,0.284968788178449,3.21299318849353,2.83732898062538,3.41642865466155,6.85057451507025,-0,0,0,3.81137644159851,1,0
1.54,100,4.44046898216133,0.132859072079296,0.293517138973583,3.26940942348531,2.8041722998593,3.43418689048393,6.87937624852426,-0,0,0,3.89164469611621,1,0
1.56,100,4.44046898216133,0.138815696043515,0.30216093945913,3.32515541372628,2.77031540907374,3.4525096652451,6.89139547512234,-0,0,0,3.97180705585464,1,0
1.58,100,4.44046898216133,0.144946127881723,0.310897472093984,3.38021780141702,2.73582255883202,3.4713681592654,6.88724208600847,-0,0,0,4.05189112019959,1,0
1.6,100,4.64861201694218,0.151252194927865,0.319724003660621,3.43458449044641,2.70075567029719,3.49073371275317,6.86750058696338,-0,0,0,4.13192328456813,1,0
1.62,100,4.64861201694218,0.157735669724615,0.328637788831841,3.48824459999435,2.66517435510587,3.51057790226954,6.91994175122419,-0,0,0,4.2160094928954,1,0
1.64,100,4.64861201694218,0.16439826981566,0.337636073595314,3.54118841857816,2.62913593977512,3.53087260922784,6.9544727555953,-0,0,0,4.29993317134594,1,0
1.66,100,4.64861201694218,0.171241657605069,0.346716098536827,3.59340735862839,2.59269549415781,3.55159008100233,6.97174288825668,-0,0,0,4.3837236685929,1,0
1.68,100,4.64861201694218,0.178267440280914,0.355875101983446,3.64489391167042,2.55590586349699,3.57270298518504,6.97237517873857,-0,0,0,4.46740907036867,1,0
1.7,100,4.64861201694218,0.185477169800376,0.365110323008123,3.69564160417965,2.51881770366231,3.59418445749622,6.95696756771624,-0,0,0,4.55101625079028,1,0
1.72,100,4.64861201694218,0.192872342933565,0.374419004297543,3.74564495416999,2.4814795191825,3.61600814382249,6.92609402109205,-0,0,0,4.63457092146703,1,0
1.74,100,4.64861201694218,0.200454401363346,0.383798394885262,3.79489942856801,2.44393770371647,3.63814823682686,6.88030559111136,-0,0,0,4.7180976784925,1,0
1.76,100,4.64861201694218,0.208224731838508,0.393245752752366,3.843401401418,2.4062365826328,3.66057950754679,6.82013142712071,-0,0,0,4.80162004741864,1,0
1.78,100,4.64861201694218,0.216184666377631,0.402758347298113,3.89114811295731,2.36841845739267,3.68327733236998,6.74607973844885,-0,0,0,4.88516052630463,1,0
1.8,100,5.24264422721437,0.224335482521094,0.412333461683143,3.93813762959489,2.33052365145487,3.70621771575272,6.65863871176499,-0,0,0,4.96874062692889,1,0
1.82,100,5.24264422721437,0.23267840362869,0.421968395047995,3.98436880482102,2.29259055744381,3.72937730902214,6.80717271465776,-0,0,0,5.06402708205968,1,0
1.84,100,5.24264422721437,0.241214599220396,0.431660464609803,4.02984124107104,2.25465568534236,3.75273342558142,6.93347781478944,-0,0,0,5.15893672704569,1,0
1.86,100,5.24264422721437,0.249945185357875,0.441407007640117,4.07455525256131,2.21675371149052,3.77626405281627,7.03836988130073,-0,0,0,5.25350625057419,1,0
1.88,100,5.24264422721437,0.258871225064377,0.451205383326888,4.11851182911158,2.1789175281893,3.79994786098153,7.12263301336218,-0,0,0,5.34777080106443,1,0
1.9,100,5.24264422721437,0.267993728780743,0.461052974523743,4.16171260096385,2.14117829372618,3.82376420932785,7.18702084968838,-0,0,0,5.4417640474081,1,0
1.92,100,5.24264422721437,0.277313654855298,0.470947189389694,4.20415980460465,2.10356548265409,3.84769314971146,7.23225782132481,-0,0,0,5.53551823724125,1,0
1.94,100,5.24264422721437,0.286831910065464,0.480885462922482,4.24585624959404,2.06610693617123,3.87171542791331,7.25904035025834,-0,0,0,5.62906425285273,1,0
1.96,100,5.24264422721437,0.296549350169008,0.490865258388784,4.28680528640216,2.02882891246218,3.89581248287871,7.26803799628568,-0,0,0,5.72243166482937,1,0
1.98,100,5.24264422721437,0.306466780482887,0.500884068654525,4.32701077525103,1.99175613687416,3.91996644407408,7.2598945544614,-0,0,0,5.81564878353384,1,0
2,100,5.45181036973905,0.316584956487727,0.510939417418531,4.36647705595739,1.9549118518141,3.94416012714364,7.23522910534043,-0,0,0,5.90874270850683,1,0
2.02,100,5.45181036973905,0.326904584456038,0.521028860352767,4.40520891876969,1.91831786626326,3.96837702803628,7.28227616673452,-0,0,0,6.00584013667196,1,0
2.04,100,5.45181036973905,0.337426322102323,0.531149986152387,4.44321157619089,1.88199460481676,3.99260131576082,7.31053283595198,-0,0,0,6.10270433234647,1,0
2.06,100,5.45181036973905,0.348150779253316,0.541300417498802,4.48049063577651,1.84596115616489,4.01681782391643,7.32068465295422,-0,0,0,6.1993653443417,1,0
2.08,100,5.45181036973905,0.359078518536638,0.551477811938938,4.51705207389614,1.81023532094202,4.04101204113454,7.31339092962807,-0,0,0,6.29585194198054,1,0
2.1,100,5.45181036973905,0.370210056086222,0.561679862683839,4.55290221044504,1.77483365887745,4.06517010055853,7.28928580098418,-0,0,0,6.39219166505457,1,0
2.12,100,5.45181036973905,0.381545862262934,0.571904299329708,4.58804768449133,1.73977153519006,4.08927876847833,7.24897923233709,-0,0,0,6.48841087179667,1,0
2.14,100,5.45181036973905,0.393086362388866,0.582148888504459,4.62249543084296,1.70506316617599,4.11332543222796,7.19305798437868,-0,0,0,6.58453478495096,1,0
2.16,100,5.45181036973905,0.404831937493834,0.592411434442786,4.65625265751814,1.67072166394493,4.13729808744633,7.12208653797263,-0,0,0,6.68058753601863,1,0
2.18,100,5.45181036973905,0.416782925072689,0.602689779492713,4.68932682410156,1.6367590802671,4.16118532479348,7.03660798041579,-0,0,0,6.7765922077543,1,0
2.2,100,6.08998883477448,0.428939619852108,0.612981804556527,4.72172562096841,1.60318644949828,4.18497631620749,6.93714485483423,-0,0,0,6.8725708749851,1,0
2.22,100,6.08998883477448,0.441302274565554,0.623285429468944,4.75345694935747,1.57001383055583,4.20866080078053,7.09159227491125,-0,0,0,6.9810563113179,1,0
2.24,100,6.08998883477448,0.453871100735211,0.6335986133153,4.78452890227401,1.53725034792313,4.23222907032619,7.22255720160467,-0,0,0,7.08906643482659,1,0
2.26,100,6.08998883477448,0.466646269459694,0.643919354692481,4.81494974620291,1.50490423166452,4.25567195470423,7.33091640384239,-0,0,0,7.19663976199727,1,0
2.28,100,6.08998883477448,0.479627912206437,0.654245691915256,4.84472790361209,1.47298285643679,4.27898080696359,7.41751304639921,-0,0,0,7.30381319495581,1,0
2.3,100,6.08998883477448,0.492816121607672,0.664575703170609,4.87387193622603,1.4414927794871,4.30214748835911,7.48315800956356,-0,0,0,7.41062208444908,1,0
2.32,100,6.08998883477448,0.506210952259011,0.674907506622598,4.90239052904906,1.41043977763035,4.32516435329287,7.52863115571464,-0,0,0,7.51710029036011,1,0
2.34,100,6.08998883477448,0.519812421519633,0.685239260470188,4.93029247511795,1.37982888320264,4.34802423422617,7.55468254499588,-0,0,0,7.62328023985556,1,0
2.36,100,6.08998883477448,0.533620510313194,0.69556916296047,4.95758666096333,1.34966441898968,4.37072042660455,7.56203360217819,-0,0,0,7.72919298325996,1,0
2.38,100,6.08998883477448,0.547635163928562,0.705895452359568,4.98428205275942,1.31995003213223,4.39324667383371,7.55137823671814,-0,0,0,7.8348682477474,1,0
2.4,100,6.29438683854557,0.561856292819576,0.716216406883496,5.01038768314172,1.2906887270124,4.41559715234105,7.52338391793305,-0,0,0,7.94033448893743,1,0
2.42,100,6.29438683854557,0.57628377340303,0.726530344591154,5.03591263867224,1.26188289712738,4.43776645675392,7.56433403704585,-0,0,0,8.04962622057403,1,0
2.44,100,6.29438683854557,0.590917448854165,0.736835623241572,5.06086604793214,1.23353435595848,4.45974958522256,7.58584686379631,-0,0,0,8.15860509419405,1,0
2.46,100,6.29438683854557,0.605757129898961,0.747130640117451,5.08525707022185,1.2056443668456,4.48154192491281,7.58864824725921,-0,0,0,8.26730220166709,1,0
2.48,100,6.29438683854557,0.620802595602577,0.757413831816986,5.10909488484872,1.17821367187845,4.50313923769093,7.57343632103072,-0,0,0,8.37574730877319,1,0
2.5,100,6.29438683854557,0.636053594153333,0.767683674015879,5.1323886809829,1.1512425198174,4.52453764602036,7.54088258254576,-0,0,0,8.48396890697733,1,0
2.52,100,6.29438683854557,0.651509843641641,0.777938681201398,5.15514764806192,1.12473069305806,4.54573361908786,7.49163292952686,-0,0,0,8.59199426318884,1,0
2.54,100,6.29438683854557,0.667171032833365,0.788177406380247,5.17738096672521,1.09867753365456,4.56672395917439,7.42630865529981,-0,0,0,8.69984946758524,1,0
2.56,100,6.29438683854557,0.683036821937073,0.798398440761986,5.19909780025981,1.07308196841787,4.58750578828401,7.34550740464176,-0,0,0,8.80755947957706,1,0
2.58,100,6.29438683854557,0.699106843364747,0.808600413419642,5.22030728653883,1.04794253310581,4.60807653504216,7.24980409175648,-0,0,0,8.91514817198672,1,0
2.6,100,6.97363274756696,0.715380702485474,0.818781990929102,5.24101853043494,1.02325739572253,4.62843392187324,7.13975178190776,-0,0,0,9.022638373512,1,0
2.62,100,6.97363274756696,0.731857978371733,0.828941876988827,5.26124059669093,0.999024378945574,4.64857595246548,7.30048180976044,-0,0,0,9.14336871577685,1,0
2.64,100,6.97363274756696,0.748538224537892,0.83907881202135,5.28098250323036,0.975240981699422,4.66850089952983,7.43674748110783,-0,0,0,9.26352109442825,1,0
2.66,100,6.97363274756696,0.765420969670562,0.849191572757977,5.30025321489128,0.951904399894391,4.68820729285826,7.54947882469726,-0,0,0,9.38313591857695,1,0
2.68,100,6.97363274756696,0.782505718350491,0.85927897180804,5.31906163756647,0.929011546350618,4.70769390768562,7.63957005483911,-0,0,0,9.50225190441578,1,0
2.7,100,6.97363274756696,0.799791951765698,0.869339857214007,5.33741661273428,0.906559069926717,4.72695975335793,7.70788096490548,-0,0,0,9.62090614154476,1,0
2.72,100,6.97363274756696,0.817279128415575,0.879373111993683,5.3553269123642,0.884543373873077,4.74600406230929,7.7552382660551,-0,0,0,9.73913415671327,1,0
2.74,100,6.97363274756696,0.834966684805724,0.889377653670707,5.3728012341819,0.862960633429835,4.76482627934821,7.78243687335997,-0,0,0,9.85696997508041,1,0
2.76,100,6.97363274756696,0.852854036133281,0.899352433794468,5.38984819727887,0.841806812689645,4.78342605125364,7.79024114142086,-0,0,0,9.97444617909103,1,0
2.78,100,6.97363274756696,0.870940576962558,0.909296437450546,5.40647633805213,0.821077680745351,4.80180321668012,7.7793860514775,-0,0,0,10.0915939650605,1,0
2.8,100,7.16431288975675,0.889225681890795,0.919208682762697,5.4226941064599,0.800768827142655,4.81995779637064,7.75057835193545,-0,0,0,10.2084431975585,1,0
2.82,100,7.16431288975675,0.907708706203884,0.929088220387389,5.43850986257954,0.780875676657786,4.83788998367525,7.78439129628649,-0,0,0,10.328760799255,1,0
2.84,100,7.16431288975675,0.92638898652191,0.938934133001832,5.45393187345445,0.761393503420054,4.85560013537304,7.79845209510407,-0,0,0,10.4486892061124,1,0
2.86,100,7.16431288975675,0.945265841434401,0.948745534786384,5.46896831021705,0.742317444399004,4.87308876279409,7.79351203681222,-0,0,0,10.568260340597,1,0
2.88,100,7.16431288975675,0.964338572125175,0.95852157090222,5.48362724547534,0.723642512275723,4.8903565232383,7.77029349274394,-0,0,0,10.6875047652571,1,0
2.9,100,7.16431288975675,0.983606462986698,0.968261416965051,5.4979166509508,0.705363607717603,4.90740421168672,7.72949103987589,-0,0,0,10.8064517361628,1,0
2.92,100,7.16431288975675,1.00306878222389,0.977964278515672,5.5118443953561,0.687475531075646,4.92423275280141,7.671772539606,-0,0,0,10.925129254267,1,0
2.94,100,7.16431288975675,1.02272478244729,0.987629390488087,5.525418242501,0.669972993523099,4.94084319320898,7.59778017430759,-0,0,0,11.0435641147677,1,0
2.96,100,7.16431288975675,1.04257370125563,0.997256016675888,5.53864584961574,0.652850627653954,4.95723669406302,7.50813144332841,-0,0,0,11.1617819545501,1,0
2.98,100,7.16431288975675,1.06261476180763,1.00684344919755,5.55153476588103,0.636102997559508,4.97341452388014,7.40342012003488,-0,0,0,11.2798072977849,1,0
3,100,7.88187127889428,1.08284717338319,1.01639100796126,5.56409243115455,0.619724608400882,4.98937805164436,7.28421717143603,-0,0,0,11.3976635997526,1,0
3.02,100,7.88187127889428,1.10327013193379,1.02589804012992,5.57632617488403,0.603709915495035,5.00512874017417,7.45172357389009,-0,0,0,11.5294412220995,1,0
3.04,100,7.88187127889428,1.12388282062227,1.03536391958675,5.58824321519725,0.588053332931498,5.0206681397467,7.59402663556757,-0,0,0,11.660542062379,1,0
3.06,100,7.88187127889428,1.14468441035191,1.04478804640218,5.59985065815995,0.572749241736662,5.03599788197295,7.71209631248178,-0,0,0,11.791008244438,1,0
3.08,100,7.88187127889428,1.16567406028482,1.05416984630239,5.61115549719248,0.5577919976021,5.05111967391842,7.80686496244942,-0,0,0,11.9208801340603,1,0
3.1,100,7.88187127889428,1.18685091834978,1.06350877014002,5.62216461263695,0.543175938193051,5.0660352924629,7.87922880929898,-0,0,0,12.0501964081662,1,0
3.12,100,7.88187127889428,1.2082141217395,1.07280429336747,5.63288477146634,0.52889539005278,5.08074657889345,7.93004934981255,-0,0,0,12.1789941213103,1,0
3.14,100,7.88187127889428,1.22976279739737,1.08205591551324,5.64332262712793,0.514944675118181,5.09525543372455,7.9601547056506,-0,0,0,12.3073087695858,1,0
3.16,100,7.88187127889428,1.25149606249377,1.09126315966157,5.65348471951312,0.501318116861593,5.10956381173914,7.97034092242033,-0,0,0,12.4351743520341,1,0
3.18,100,7.88187127889428,1.27341302489201,1.10042557193588,5.66337747504659,0.488010046073415,5.12367371724461,7.96137321796333,-0,0,0,12.5626234296591,1,0
3.2,100,8.05085233568875,1.29551278360401,1.10954272098626,5.67300720688763,0.475014806299719,5.13758719953746,7.93398718185575,-0,0,0,12.689687182139,1,0
3.22,100,8.05085233568875,1.31779442923567,1.11861419748131,5.6823801152368,0.462326758948682,5.15130634857074,7.95969180558421,-0,0,0,12.8197083832585,1,0
3.24,100,8.05085233568875,1.3402570444223,1.12763961360463,5.69150228774161,0.449940288079283,5.16483329081813,7.96558877623139,-0,0,0,12.9492727889974,1,0
3.26,100,8.05085233568875,1.36289970425384,1.13661860255629,5.70037969999489,0.437849804885297,5.17817018532861,7.95244039160617,-0,0,0,13.0784128471399,1,0
3.28,100,8.05085233568875,1.38572147669029,1.14555081805938,5.70901821611983,0.426049751887285,5.19131921996597,7.92097940027743,-0,0,0,13.2071596299941,1,0
3.3,100,8.05085233568875,1.40872142296728,1.15443593387202,5.71742358943615,0.414534606844869,5.20428260782716,7.87191015176074,-0,0,0,13.3355428887024,1,0
3.32,100,8.05085233568875,1.43189859799191,1.16327364330488,5.72560146320173,0.403298886401237,5.21706258383373,7.80590970177041,-0,0,0,13.4635911054332,1,0
3.34,100,8.05085233568875,1.45525205072906,1.17206365874457,5.73355737142459,0.392337149471421,5.22966140149068,7.72362887429944,-0,0,0,13.5913315435337,1,0
3.36,100,8.05085233568875,1.47878082457815,1.18080571118289,5.74129673974016,0.381644000385581,5.24208132980709,7.62569328222041,-0,0,0,13.7187902957264,1,0
3.38,100,8.05085233568875,1.50248395774063,1.18949954975227,5.74882488634906,0.37121409179812,5.25432465037305,7.51270430803249,-0,0,0,13.8459923304232,1,0
3.4,100,8.80603069383833,1.52636048357818,1.19814494126735,5.7561470230108,0.361042127373139,5.26639365458743,7.38524004631687,-0,0,0,13.9729615362319,1,0
3.42,100,8.80603069383833,1.55040943096181,1.20674166977301,5.76326825608902,0.351122864256391,5.27829064103113,7.56027064457125,-0,0,0,14.1145262478873,1,0
3.44,100,8.80603069383833,1.57462982461203,1.21528953609881,5.77019358764419,0.34145111534353,5.29001791298076,7.70950908081932,-0,0,0,14.2553223065804,1,0
3.46,100,8.80603069383833,1.59902068543011,1.22378835742007,5.7769279165696,0.332021751354164,5.30157777605752,7.83395535693453,-0,0,0,14.3953933744667,1,0
3.48,100,8.80603069383833,1.62358103082067,1.23223796682553,5.78347603976707,0.322829702720853,5.31297253600626,7.93457052787811,-0,0,0,14.5347813026674,1,0
3.5,100,8.80603069383833,1.64830987500571,1.24063821289178,5.78984265335863,0.313869961301897,5.32420449659999,8.01227822200095,-0,0,0,14.6735262027386,1,0
3.52,100,8.80603069383833,1.67320622933013,1.24898895926446,5.79603235393073,0.305137581926447,5.33527595766498,8.0679661018889,-0,0,0,14.8116665153444,1,0
3.54,100,8.80603069383833,1.69826910255899,1.25729008424631,5.80204963980778,0.296627683780158,5.34618921322186,8.10248726808315,-0,0,0,14.9492390762436,1,0
3.56,100,8.80603069383833,1.7234975011666,1.26554148039205,5.80789891235189,0.288335451639315,5.35694654973807,8.11666160790991,-0,0,0,15.0862791796942,1,0
3.58,100,8.80603069383833,1.74889042961757,1.27374305411026,5.81358447728579,0.280256136961071,5.36755024448749,8.11127709157411,-0,0,0,15.2228206393773,1,0
3.6,100,8.94668455805167,1.77444689063993,1.28189472527207,5.81911054603622,0.272385058837141,5.37800256401272,8.08709101757903,-0,0,0,15.3588958469379,1,0
3.62,100,8.94668455805167,1.80016588549057,1.28999642682686,5.82448123709507,0.264717604818044,5.38830576268597,8.10376419200462,-0,0,0,15.497293386625,1,0
3.64,100,8.94668455805167,1.82604641421301,1.29804810442488,5.82970057739579,0.257249231614693,5.39846208136447,8.10075233557475,-0,0,0,15.6351772887591,1,0
3.66,100,8.94668455805167,1.85208747588765,1.30604971604683,5.83477250370259,0.249975465683888,5.40847374613647,8.07881833436837,-0,0,0,15.7725802473141,1,0
3.68,100,8.94668455805167,1.87828806887481,1.31400123164032,5.83970086401036,0.242891903703996,5.41834296715399,8.03869536349024,-0,0,0,15.9095335801218,1,0
3.7,100,8.94668455805167,1.90464719105044,1.32190263276327,5.84448941895294,0.235994212946876,5.42807193754859,7.98108804669476,-0,0,0,16.0460672833393,1,0
3.72,100,8.94668455805167,1.93116384003483,1.32975391223422,5.84914184321789,0.229278131551854,5.43766283242662,7.9066735706729,-0,0,0,16.182210083784,1,0
3.74,100,8.94668455805167,1.95783701341439,1.3375550737894,5.85366172696585,0.222739468707311,5.44711780794045,7.81610275578043,-0,0,0,16.3179894892194,1,0
3.76,100,8.94668455805167,1.98466570895663,1.34530613174678,5.85805257725254,0.216374104745246,5.45643900043219,7.71000108491156,-0,0,0,16.4534318366732,1,0
3.78,100,8.94668455805167,2.01164892481848,1.3530071106767,5.86231781945195,0.210177991153929,5.46562852564684,7.588969692157,-0,0,0,16.5885623388635,1,0
3.8,100,9.7407011766456,2.03878565974809,1.36065804507942,5.86646079867891,0.204147150513572,5.47468847801152,7.4535863128201,-0,0,0,16.7234051288065,1,0
3.82,100,9.7407011766456,2.06607491328031,1.36825897906921,5.8704847812097,0.198277676359715,5.48362092997783,7.63709359018634,-0,0,0,16.8735502208112,1,0
3.84,100,9.7407011766456,2.09351568592582,1.37580996606515,5.87439295589922,0.192565732978843,5.4924279314243,7.79429291207453,-0,0,0,17.0228424096882,1,0
3.86,100,9.7407011766456,2.12110697935418,1.38331106848849,5.8781884355934,0.187007555140548,5.5011115091162,7.92620864967911,-0,0,0,17.171326773511,1,0
3.88,100,9.7407011766456,2.14884779657096,1.39076235746649,5.88187425853575,0.18159944777037,5.50967366621984,8.03382516238599,-0,0,0,17.319046533837,1,0
3.9,100,9.7407011766456,2.1767371420889,1.39816391254271,5.88545338976669,0.176337785567257,5.51811638186873,8.11808836253156,-0,0,0,17.4660431290364,1,0
3.92,100,9.7407011766456,2.2047740220934,1.40551582139372,5.88892872251475,0.171219012569427,5.52644161077908,8.17990721891413,-0,0,0,17.6123562847482,1,0
3.94,100,9.7407011766456,2.23295744460241,1.41281817955202,5.89230307957869,0.166239641672229,5.53465128291213,8.22015520146196,-0,0,0,17.7580240815737,1,0
3.96,100,9.7407011766456,2.26128641962084,1.42007109013533,5.89557921469935,0.161396254101452,5.54274730318092,8.23967166935862,-0,0,0,17.9030830201177,1,0
3.98,100,9.7407011766456,2.28975995928958,1.42727466358188,5.8987598139207,0.156685498845364,5.55073155119926,8.23926320484177,-0,0,0,18.0475680834802,1,0
4,100,9.84726735994703,2.31837707802935,1.43442901739191,5.90184749693909,0.152104092048613,5.55860588107061,8.21970489480428,-0,0,0,18.1915127972985,1,0
4.02,100,9.84726735994703,2.34713679267936,1.44153427587509,5.90484481844001,0.147648816370974,5.56637212121483,8.22639204557824,-0,0,0,18.3370385472982,1,0
4.04,100,9.84726735994703,2.37603812263108,1.44859056990388,5.90775426942168,0.143316520313797,5.57403207423071,8.21363914572224,-0,0,0,18.4820049340845,1,0
4.06,100,9.84726735994703,2.40508008995701,1.45559803667273,5.91057827850497,0.139104117516853,5.5815875167923,8.18220264259042,-0,0,0,18.6264446602517,1,0
4.08,100,9.84726735994703,2.43426171953481,1.46255681946302,5.91331921322884,0.135008586028168,5.58904019957722,8.13280944055903,-0,0,0,18.7703890625167,1,0
4.1,100,9.84726735994703,2.46358203916674,1.46946706741368,5.91597938133102,0.131026967549284,5.59639184722511,8.0661580562901,-0,0,0,18.9138681658181,1,0
4.12,100,9.84726735994703,2.49304007969451,1.47632893529737,5.91856103201335,0.127156366658293,5.6036441583244,7.98291972878164,-0,0,0,19.0569107352938,1,0
4.14,100,9.84726735994703,2.52263487510982,1.48314258330216,5.92106635719139,0.123393950012845,5.61079880542586,7.88373948597758,-0,0,0,19.1995443262201,1,0
4.16,100,9.84726735994703,2.55236546266051,1.48990817681863,5.92349749272784,0.119736945535235,5.61785743508127,7.76923716963846,-0,0,0,19.3417953319928,1,0
4.18,100,9.84726735994703,2.5822308829525,1.49662588623223,5.92585651964962,0.116182641581571,5.62482166790569,7.64000842010645,-0,0,0,19.4836890302264,1,0
4.2,100,10.6827913374652,2.61223018004769,1.50329588672096,5.92814546534803,0.112728386096895,5.63169309866178,7.49662562253572,-0,0,0,19.6252496270452,1,0
4.22,100,10.6827913374652,2.64236240155783,1.50991835805813,5.93036630476208,0.109371585758065,5.63847329636496,7.6897175022303,-0,0,0,19.7828809811629,1,0
4.24,100,10.6827913374652,2.67262659873446,1.51649348442012,5.93252096154436,0.106109705106086,5.6451638044078,7.85600715854595,-0,0,0,19.9395823044939,1,0
4.26,100,10.6827913374652,2.70302182655512,1.52302145419924,5.93461130920967,0.102940265669482,5.6517661407026,7.99654076017366,-0,0,0,20.0954000221767,1,0
4.28,100,10.6827913374652,2.73354714380585,1.52950245982129,5.93663917226587,0.099860845080241,5.65828179784077,8.1123235450108,-0,0,0,20.2503786608089,1,0
4.3,100,10.6827913374652,2.76420161316004,1.53593669756808,5.93860632732708,0.0968690761837506,5.66471224326788,8.2043214227227,-0,0,0,20.4045609234267,1,0
4.32,100,10.6827913374652,2.79498430125384,1.54232436740446,5.940514504209,0.0939626461440747,5.6710589194733,8.27346251453481,-0,0,0,20.557987761543,1,0
4.34,100,10.6827913374652,2.82589427875811,1.54866567281014,5.94236538700635,0.0911392955458461,5.67732324419328,8.32063863271346,-0,0,0,20.71069844436,1,0
4.36,100,10.6827913374652,2.8569306204471,1.55496082061585,5.94416061515222,0.0883968174939684,5.68350661062646,8.34670670209945,-0,0,0,20.8627306252664,1,0
4.38,100,10.6827913374652,2.88809240526383,1.56121002084409,5.94590178445949,0.0857330567122533,5.68961038766093,8.35249012596351,-0,0,0,21.0141204057259,1,0
4.4,100,10.7498532848045,2.91937871638243,1.56741348655407,5.94759044814419,0.0831459086420509,5.69563592011179,8.33878009836702,-0,0,0,21.1649023966592,1,0
4.42,100,10.7498532848045,2.95078864126728,1.57357143369104,5.94922811783088,0.0806333185418652,5.70158452896836,8.33443535067829,-0,0,0,21.3164245456726,1,0
4.44,100,10.7498532848045,2.98232127172933,1.57968408093972,5.95081626453992,0.0781932805888841,5.70745751165025,8.31098614912453,-0,0,0,21.4673523361528,1,0
4.46,100,10.7498532848045,3.01397570397942,1.58575164958178,5.95235631965698,0.0758238369832947,5.71325614227136,8.26917763081455,-0,0,0,21.6177182734821,1,0
4.48,100,10.7498532848045,3.04575103867883,1.59177436335745,5.95384967588451,0.0735230770561964,5.71898167191126,8.20972578491927,-0,0,0,21.7675535156079,1,0
4.5,100,10.7498532848045,3.07764638098711,1.59775244833085,5.95529768817547,0.0712891363818715,5.72463532889299,8.133318593818,-0,0,0,21.916887926399,1,0
4.52,100,10.7498532848045,3.10966084060725,1.60368613275938,5.95670167464941,0.0691201958951199,5.7302183190667,8.04061712954789,-0,0,0,22.0657501269067,1,0
4.54,100,10.7498532848045,3.14179353182823,1.60957564696666,5.95806291749084,0.0670144810143156,5.73573182609856,7.93225660731204,-0,0,0,22.2141675446139,1,0
4.56,100,10.7498532848045,3.17404357356517,1.61542122321927,5.95938266383024,0.0649702607707955,5.74117701176413,7.80884739772711,-0,0,0,22.3621664607522,1,0
4.58,100,10.7498532848045,3.20641008939693,1.62122309560701,5.96066212660762,0.0629858469451455,5.74655501624576,7.67097599942564,-0,0,0,22.5097720557603,1,0
4.6,100,11.6306442657493,3.23889220760142,1.62698149992672,5.96190248541895,0.061059593210907,5.75186695843344,7.51920597356965,-0,0,0,22.6570084529589,1,0
4.62,100,11.6306442657493,3.27148906118863,1.63269667356953,5.96310488734555,0.0591898942861851,5.75711393622844,7.72312408482439,-0,0,0,22.8211669143132,1,0
4.64,100,11.6306442657493,3.30419978793139,1.63836885541137,5.96427044776651,0.0573751850936016,5.76229702684949,7.89973496427714,-0,0,0,22.9843243253559,1,0
4.66,100,11.6306442657493,3.33702353039404,1.64399828570694,5.9654002511545,0.0556139399289987,5.76741728714074,8.05010600413271,-0,0,0,23.1465284325213,1,0
4.68,100,11.6306442657493,3.36995943595889,1.64958520598671,5.96649535185497,0.0539046716392647,5.77247575388133,8.17526279736113,-0,0,0,23.3078250423252,1,0
4.7,100,11.6306442657493,3.40300665685082,1.65512985895713,5.96755677484906,0.0522459308096187,5.77747344409592,8.27619077535515,-0,0,0,23.4682580979312,1,0
4.72,100,11.6306442657493,3.43616435015977,1.66063248840395,5.96858551650026,0.0506363049606601,5.782411355366,8.35383678141358,-0,0,0,23.6278697527119,1,0
4.74,100,11.6306442657493,3.46943167786144,1.66609333909838,5.96958254528525,0.0490744177554599,5.78729046614139,8.40911058256335,-0,0,0,23.7867004409237,1,0
4.76,100,11.6306442657493,3.50280780683599,1.67151265670634,5.97054880250883,0.0475589282169394,5.7921117360518,8.44288632213965,-0,0,0,23.9447889456074,1,0
4.78,100,11.6306442657493,3.53629190888517,1.67689068770042,5.97148520300344,0.0460885299557579,5.79687610621794,8.45600391544311,-0,0,0,24.1021724638247,1,0
4.8,100,11.6306442657493,3.5698831607475,1.68222767927469,5.97239263581324,0.0446619504089039,5.80158449956197,8.44927039070651,-0,0,1,24.2588866693333,1,0
4.82,100,11.6306442657493,3.60358074411192,1.6875238792622,5.97327196486314,0.0432779500891604,5.80623782111702,8.42346117751557,-0,0,0,24.4149657728031,1,0
4.84,100,11.6306442657493,3.63738384562974,1.69277953605511,5.97412402961289,0.0419353218455908,5.81083695833544,8.3793213447406,-0,0,0,24.5704425796676,1,0
4.86,100,11.6306442657493,3.67129165692507,1.69799489852745,5.97494964569649,0.0406328901351743,5.81538278139556,8.31756678995919,-0,0,0,24.7253485457055,1,0
4.88,100,11.6306442657493,3.7053033746037,1.70317021596034,5.9757496055472,0.0393695103056931,5.81987614350679,8.23888538227228,-0,0,0,24.8797138304389,1,0
4.9,100,11.6306442657493,3.73941820026049,1.70830573796969,5.97652467900823,0.0381440678899598,5.82431788121269,8.14393806033747,-0,0,0,25.0335673484366,1,0
4.92,100,11.6306442657493,3.77363534048541,1.71340171443632,5.97727561392952,0.0369554779114531,5.82870881469202,8.03335988737723,-0,0,0,25.1869368186023,1,0
4.94,100,11.6306442657493,3.80795400686809,1.71845839543832,5.97800313675067,0.0358026842014121,5.83304974805736,7.90776106484652,-0,0,0,25.3398488115275,1,0
4.96,100,11.6306442657493,3.84237341600119,1.72347603118581,5.97870795307037,0.0346846587274247,5.83734146965129,7.7677279063803,-0,0,0,25.4923287949852,1,0
4.98,100,11.6306442657493,3.87689278948233,1.72845487195783,5.97939074820255,0.0336004009335304,5.84158475233995,7.61382377357895,-0,0,0,25.6444011776374,1,0
5,100,12.6114367347545,3.91151135391492,1.7333951680414,5.98005218771933,0.0325489370918426,5.84578035380368,7.4465899751249,-0,0,0,25.7960893510251,1,0
5.02,100,12.6114367347545,3.94622834090768,1.73829716967269,5.98069291798128,0.0315293196656828,5.84992901682489,7.67749179580848,-0,0,0,25.9666444408875,1,0
5.04,100,12.6114367347545,3.98104298707308,1.74316112698025,5.98131356665489,0.0305406266842076,5.85403146957269,7.87997044109301,-0,0,0,26.1361052444621,1,0
5.06,100,12.6114367347545,4.01595453402461,1.74798728993023,5.98191474321779,0.0295819611284955,5.85808842588452,8.05513792520167,-0,0,0,26.3045219012294,1,0
5.08,100,12.6114367347545,4.05096222837304,1.75277590827353,5.98249703945171,0.028652450329052,5.86210058554437,8.20406269331892,-0,0,0,26.4719425264516,1,0
5.1,100,12.6114367347545,4.08606532172157,1.75752723149482,5.98306102992355,0.0277512453746798,5.86606863455774,8.32777132922752,-0,0,0,26.6384132909916,1,0
5.12,100,12.6114367347545,4.12126307066001,1.76224150876346,5.98360727245473,0.0268775205326517,5.86999324542307,8.42725019600583,-0,0,0,26.8039784980003,1,0
5.14,100,12.6114367347545,4.15655473675801,1.76691898888616,5.98413630857905,0.0260304726801156,5.87387507739973,8.50344701241698,-0,0,0,26.9686806565937,1,0
5.16,100,12.6114367347545,4.19193958655738,1.77155992026139,5.9846486639893,0.025209320746653,5.87771477677234,8.55727236750305,-0,0,0,27.132560552638,1,0
5.18,100,12.6114367347545,4.22741689156339,1.77616455083552,5.98514484897281,0.0244133051679026,5.88151297711153,8.58960117581083,-0,0,0,27.295657316757,1,0
5.2,100,12.6114367347545,4.26298592823542,1.78073312806054,5.98562535883625,0.0236416873501578,5.88527029953096,8.6012740755786,-0,0,1,27.4580084896697,1,0
5.22,100,12.6114367347545,4.29864597797657,1.78526589885345,5.98609067431969,0.0228937491458356,5.88898735294061,8.59309877211177,-0,0,0,27.6196500849634,1,0
5.24,100,12.6114367347545,4.33439632712263,1.78976310955719,5.98654126200047,0.0221687923397129,5.89266473429634,8.56585132850767,-0,0,0,27.7806166494024,1,0
5.26,100,12.6114367347545,4.37023626693016,1.79422500590305,5.98697757468671,0.0214661381458176,5.89630302884557,8.52027740578141,-0,0,0,27.9409413208694,1,0
5.28,100,12.6114367347545,4.40616509356396,1.79865183297461,5.987400051801,0.0207851267148588,5.89990281036925,8.4570934543854,-0,0,0,28.1006558840321,1,0
5.3,100,12.6114367347545,4.44218210808371,1.80304383517309,5.9878091197543,0.0201251166520756,5.9034646414199,8.37698785902417,-0,0,0,28.2597908238243,1,0
5.32,100,12.6114367347545,4.47828661643004,1.80740125618406,5.98820519231026,0.019485484545378,5.90698907355584,8.28062203859408,-0,0,0,28.418375376827,1,0
5.34,100,12.6114367347545,4.51447792940984,1.81172433894556,5.98858867094027,0.0188656245036539,5.91047664757156,8.16863150300992,-0,0,0,28.5764375806323,1,0
5.36,100,12.6114367347545,4.55075536268104,1.81601332561746,5.98895994516934,0.0182649477051082,5.9139278937242,8.04162686860742,-0,0,0,28.734004321269,1,0
5.38,100,12.6114367347545,4.58711823673674,1.82026845755222,5.98931939291302,0.0176828819555,5.91734333195623,7.9001948337437,-0,0,0,28.8911013787652,1,0
5.4,100,13.4277500622879,4.6235658768888,1.82448997526674,5.98966738080568,0.0171188712561414,5.92072347211423,7.74489911615832,-0,0,0,29.0477534709224,1,0
5.42,100,13.4277500622879,4.66009761325079,1.8286781184155,5.99000426452012,0.0165723753815167,5.9240688141638,7.91831091212924,-0,0,0,29.2199883467238,1,0
5.44,100,13.4277500622879,4.69671278072059,1.8328331257649,5.99033038907892,0.0160428694663814,5.92737984840075,8.06550991565766,-0,0,0,29.3911971448592,1,0
5.46,100,13.4277500622879,4.73341071896227,1.83695523516862,5.99064608915758,0.0155298436021978,5.93065705565834,8.18752202603584,-0,0,0,29.5614262479518,1,0
5.48,100,13.4277500622879,4.77019077238767,1.84104468354421,5.99095168937972,0.0150328024427623,5.93390090751085,8.2853329388453,-0,0,0,29.7307201701581,1,0
5.5,100,13.4277500622879,4.80705229013744,1.84510170685065,5.99124750460442,0.0145512648188779,5.93711186647327,8.35988972195348,-0,0,0,29.8991216308246,1,0
5.52,100,13.4277500622879,4.84399462606165,1.84912654006702,5.99153384020602,0.0140847633619271,5.94029038619735,8.41210232972271,-0,0,0,30.0666716252534,1,0
5.54,100,13.4277500622879,4.88101713869994,1.85311941717213,5.99181099234641,0.0136328441361948,5.94343691166385,8.44284505786015,-0,0,0,30.2334094926906,1,0
5.56,100,13.4277500622879,4.91811919126142,1.85708057112511,5.9920792482401,0.0131950662797966,5.94655187937115,8.45295794123136,-0,0,0,30.3993729816454,1,0
5.58,100,13.4277500622879,4.95530015160399,1.86101023384704,5.99233888641217,0.0127710016540618,5.9496357175202,8.4432480968742,-0,0,0,30.5645983126466,1,0
5.6,100,13.5747172471128,4.99255939221346,1.86490863620337,5.9925901769493,0.012360234501224,5.95268884619585,8.4144910143639,-0,0,0,30.7291202385338,1,0
5.62,100,13.5747172471128,5.02989629018224,1.86877600798735,5.99283338174403,0.0119623611102709,5.95571167754457,8.42901001519057,-0,0,0,30.895853435193,1,0
5.64,100,13.5747172471128,5.06731022718778,1.87261257790422,5.99306875473243,0.0115769894908051,5.95870461594869,8.42352826866088,-0,0,0,31.0618355801066,1,0
5.66,100,13.5747172471128,5.1048005894706,1.87641857355631,5.9932965421253,0.0112037390547692,5.96166805819706,8.39882830266579,-0,0,0,31.2271017915513,1,0
5.68,100,13.5747172471128,5.14236676781213,1.88019422142894,5.99351698263312,0.0108422403058873,5.96460239365231,8.35566198043209,-0,0,0,31.3916857648249,1,0
5.7,100,13.5747172471128,5.18000815751222,1.88393974687705,5.99373030768483,0.0104921345366765,5.96750800441462,8.29475170258394,-0,0,0,31.5556198284081,1,0
5.72,100,13.5747172471128,5.21772415836643,1.88765537411263,5.99393674164061,0.0101530735328843,5.97038526548222,8.21679156207918,-0,0,0,31.7189349979209,1,0
5.74,100,13.5747172471128,5.255514174643,1.89134132619296,5.99413650199892,0.00982471928520563,5.97323454490841,8.12244845386781,-0,0,0,31.8816610279616,1,0
5.76,100,13.5747172471128,5.2933776150597,1.89499782500937,5.99432979959772,0.00950674370813709,5.97605620395545,8.01236314104785,-0,0,0,32.0438264619095,1,0
5.78,100,13.5747172471128,5.33131389276037,1.89862509127692,5.9945168388102,0.0091988283658255,5.97885059724505,7.88715127922423,-0,0,0,32.2054586797729,1,0
5.8,100,14.3764663401598,5.36932242529131,1.90222334452459,5.99469781773509,0.0089006642047695,5.98161807290579,7.74740440070856,-0,0,0,32.3665839441581,1,0
5.82,100,14.3764663401598,5.40740263457745,1.90579280308615,5.99487292838172,0.00861195129323489,5.98435897271732,7.9296181065765,-0,0,0,32.5429459598921,1,0
5.84,100,14.3764663401598,5.44555394689839,1.9093336840917,5.99504235684987,0.00833239856724402,5.98707363225149,8.08523934043903,-0,0,0,32.7182340382822,1,0
5.86,100,14.3764663401598,5.48377579286421,1.9128462034598,5.99520628350463,0.00806172358300357,5.98976238101037,8.21530926899172,-0,0,0,32.8924955145577,1,0
5.88,100,14.3764663401598,5.52206760739121,1.91633057589012,5.99536488314644,0.00779965227563382,5.99242554256139,8.32082825006295,-0,0,0,33.0657758254747,1,0
5.9,100,14.3764663401598,5.56042882967741,1.91978701485678,5.99551832517624,0.00754591872406632,5.99506343466936,8.40275743250625,-0,0,0,33.2381185840961,1,0
5.92,100,14.3764663401598,5.59885890317802,1.92321573260212,5.99566677375607,0.00730026492197717,5.99767636942571,8.46202029336778,-0,0,0,33.4095656516365,1,0
5.94,100,14.3764663401598,5.63735727558074,1.92661694013104,5.99581038796514,0.00706244055462516,6.0002646533748,8.49950411478368,-0,0,0,33.5801572064882,1,0
5.96,100,14.3764663401598,5.67592339878093,1.92999084720592,5.99594932195145,0.00683220278146609,6.00282858763745,8.51606140297511,-0,0,0,33.7499318105371,1,0
5.98,100,14.3764663401598,5.71455672885674,1.9333376623419,5.99608372507919,0.00660931602441544,6.00536846803171,8.51251125160987,-0,0,0,33.9189264728765,1,0
6,100,14.4867487247313,5.75325672604413,1.93665759280279,5.99621374207186,0.00639355176163445,6.00788458519089,8.48964065170841,-0,0,0,34.0871767110205,1,0
6.02,100,14.4867487247313,5.79202285471178,1.93995084459728,5.99633951315142,0.00618468832671573,6.01037722467894,8.49441329579917,-0,0,0,34.2568787267422,1,0
6.04,100,14.4867487247313,5.83085458333595,1.94321762247576,5.99646117417343,0.00598251071314649,6.01284666710323,8.47953632657414,-0,0,0,34.4258183336704,1,0
6.06,100,14.4867487247313,5.86975138447533,1.94645812992743,5.9965788567583,0.00578681038392953,6.01529318822476,8.44577882560114,-0,0,0,34.5940302424844,1,0
6.08,100,14.4867487247313,5.90871273474574,1.94967256917793,5.99669268841889,0.005597385086244,6.01771705906581,8.39387973198378,-0,0,0,34.7615477636894,1,0
6.1,100,14.4867487247313,5.94773811479488,1.95286114118728,5.99680279268429,0.00541403867102928,6.02011854601516,8.32454902407251,-0,0,0,34.9284028628331,1,0
6.12,100,14.4867487247313,5.98682700927695,1.95602404564829,5.99690928922023,0.0052365809173783,6.02249791093088,8.23846885484124,-0,0,0,35.0946262135547,1,0
6.14,100,14.4867487247313,6.02597890682735,1.95916148098531,5.99701229394582,0.00506482736162734,6.02485541124074,8.13629464275341,-0,0,0,35.2602472485512,1,0
6.16,100,14.4867487247313,6.06519330003727,1.9622736443533,5.99711191914713,0.0048985991310323,6.02719130004027,8.0186561198555,-0,0,0,35.4252942085431,1,0
6.18,100,14.4867487247313,6.1044696854283,1.96536073163732,5.9972082735873,0.00473772278192244,6.02950582618856,7.88615833878016,-0,0,0,35.5897941893179,1,0
6.2,100,15.3282976466779,6.14380756342701,1.96842293745227,5.99730146261358,0.00458203014222525,6.03179923440183,7.73938264026731,-0,0,0,35.7537731869261,1,0
6.22,100,15.3282976466779,6.1832064383396,1.97146045514304,5.99739158826123,0.00443135815825768,6.03407176534475,7.93149067834148,-0,0,0,35.9337549433517,1,0
6.24,100,15.3282976466779,6.22266581832645,1.97447347678494,5.99747874935434,0.00428554874568093,6.0363236557197,8.09659026185034,-0,0,0,36.1126176542084,1,0
6.26,100,15.3282976466779,6.26218521537675,1.97746219318434,5.99756304160382,0.00414444864451768,6.03855513835386,8.23573914501056,-0,0,0,36.2904096364953,1,0
6.28,100,15.3282976466779,6.30176414528316,1.98042679387976,5.99764455770245,0.00400790927813306,6.04076644228424,8.34995361881089,-0,0,0,36.4671772765674,1,0
6.3,100,15.3282976466779,6.34140212761643,1.98336746714308,5.99772338741715,0.00387578661608222,6.04295779284074,8.44021013665398,-0,0,0,36.6429651061288,1,0
6.32,100,15.3282976466779,6.38109868570009,1.98628439998115,5.99779961767859,0.00374794104072886,6.04512941172721,8.50744687625956,-0,0,0,36.8178158752433,1,0
6.34,100,15.3282976466779,6.42085334658517,1.98917777813753,5.99787333266812,0.00362423721754226,6.04728151710056,8.55256524032706,-0,0,0,36.9917706224805,1,0
6.36,100,15.3282976466779,6.46066564102496,1.99204778609457,5.99794461390218,0.00350454396898003,6.04941432364799,8.57643129836008,-0,0,0,37.1648687423091,1,0
6.38,100,15.3282976466779,6.50053510344981,1.99489460707568,5.99801354031421,0.00338873415186837,6.05152804266244,8.57987717195796,-0,0,0,37.3371480498454,1,0
6.4,100,15.3974425224568,6.54046127194196,1.99771842304787,5.99808018833414,0.00327668453819052,6.05362288211609,8.56370236579423,-0,0,0,37.5086448430606,1,0
6.42,100,15.3974425224568,6.58044368821045,2.00051941472441,5.99814463196549,0.0031682756991989,6.05569904673224,8.55764626437064,-0,0,0,37.6807495671972,1,0
6.44,100,15.3974425224568,6.62048189756608,2.00329776156782,5.99820694286031,0.00306339189276535,6.05775673805534,8.53233972910012,-0,0,0,37.8520869042214,1,0
6.46,100,15.3974425224568,6.6605754488964,2.00605364179301,5.9982671903917,0.00296192095388761,6.05979615451943,8.48853643035739,-0,0,0,38.0226910341741,1,0
6.48,100,15.3974425224568,6.70072389464084,2.00878723237056,5.99832544172438,0.00286375418827166,6.06181749151485,8.42696049717731,-0,0,0,38.1925947635833,1,0
6.5,100,15.3974425224568,6.74092679076579,2.01149870903027,5.99838176188303,0.00276878626891003,6.06382094145337,8.34830767546309,-0,0,0,38.3618295795899,1,0
6.52,100,15.3974425224568,6.7811836967399,2.01418824626483,5.99843621381859,0.00267691513557974,6.06580669383177,8.25324644078122,-0,0,0,38.5304257019488,1,0
6.54,100,15.3974425224568,6.8214941755093,2.01685601733369,5.99848885847268,0.0025880418971835,6.06777493529378,8.14241906752559,-0,0,0,38.6984121329885,1,0
6.56,100,15.3974425224568,6.86185779347302,2.01950219426707,5.99853975483998,0.00250207073686094,6.06972584969065,8.0164426561614,-0,0,0,38.8658167056107,1,0
6.58,100,15.3974425224568,6.90227412045846,2.02212694787012,5.99858896002881,0.00241890881979672,6.07165961814011,7.87591012019289,-0,0,0,39.0326661294048,1,0
6.6,100,16.2833040099197,6.94274272969687,2.02473044772726,5.99863652931987,0.00233846620365579,6.073576419084,7.7213911344333,-0,0,0,39.1989860349526,1,0
6.62,100,16.2833040099197,6.98326319779904,2.02731286220663,5.99868251622319,0.00226065575157585,6.07547642834446,7.92460279582246,-0,0,0,39.3821685788963,1,0
6.64,100,16.2833040099197,7.02383510473099,2.02987435846469,5.99872697253343,0.00218539304765021,6.07735981917871,8.10034747586928,-0,0,0,39.5641888054731,1,0
6.66,100,16.2833040099197,7.06445803378981,2.03241510245093,5.99876994838345,0.00211259631483461,6.07922676233252,8.24970111998442,-0,0,0,39.745096059087,1,0
6.68,100,16.2833040099197,7.10513157157953,2.03493525891273,5.99881149229631,0.00204218633521369,6.08107742609243,8.37369749449837,-0,0,0,39.9249377186259,1,0
6.7,100,16.2833040099197,7.14585530798716,2.03743499140032,5.99885165123562,0.00197408637256417,6.0829119763366,8.47332984042492,-0,0,0,40.1037592747795,1,0
6.72,100,16.2833040099197,7.18662883615877,2.03991446227184,5.99889047065448,0.00190822209715331,6.08473057658443,8.54955246237803,-0,0,0,40.2816044043232,1,0
6.74,100,16.2833040099197,7.22745175247572,2.04237383269852,5.99892799454283,0.00184452151271229,6.08653338804507,8.60328225518946,-0,0,0,40.4585150414877,1,0
6.76,100,16.2833040099197,7.268323656531,2.04481326266999,5.99896426547346,0.00178291488552667,6.08832056966457,8.63540017066816,-0,0,0,40.6345314465278,1,0
6.78,100,16.2833040099197,7.30924415110556,2.04723291099959,5.9989993246465,0.00172333467558549,6.09009227817205,8.64675262684998,-0,0,0,40.8096922716015,1,0
6.8,100,16.2833040099197,7.35021284214497,2.04963293532989,5.99903321193268,0.0016657154697345,6.0918486681246,8.63815286199046,-0,0,1,40.9840346240629,1,0
6.82,100,16.2833040099197,7.39122933873593,2.05201349213821,5.99906596591518,0.00160999391677795,6.09358989195115,8.61038223546818,-0,0,0,41.157594127272,1,0
6.84,100,16.2833040099197,7.43229325308311,2.05437473674226,5.99909762393026,0.00155610866447634,6.09531609999527,8.56419147768154,-0,0,0,41.3304049790186,1,0
6.86,100,16.2833040099197,7.47340420048599,2.05671682330582,5.99912822210661,0.00150400029838807,6.09702744055688,8.50030189093843,-0,0,0,41.502500007653,1,0
6.88,100,16.2833040099197,7.51456179931581,2.05903990484455,5.99915779540351,0.00145361128250444,6.09872405993296,8.4194065032566,-0,0,0,41.6739107260136,1,0
6.9,100,16.2833040099197,7.55576567099272,2.0613441332318,5.99918637764782,0.00140488590162836,6.10040610245729,8.32217117692917,-0,0,0,41.844667383239,1,0
6.92,100,16.2833040099197,7.59701543996295,2.06362965920453,5.99921400156984,0.00135777020544896,6.10207371053917,8.2092356736193,-0,0,0,42.0147990145462,1,0
6.94,100,16.2833040099197,7.63831073367614,2.0658966323693,5.99924069883807,0.00131221195426526,6.10372702470119,8.0812146776972,-0,0,0,42.1843334890548,1,0
6.96,100,16.2833040099197,7.67965118256284,2.06814520120825,5.99926650009286,0.00126816056631246,6.10536618361614,7.93869877944974,-0,0,0,42.3532975557349,1,0
6.98,100,16.2833040099197,7.72103642001201,2.07037551308519,5.99929143497909,0.00122556706664715,6.10699132414296,7.78225541974173,-0,0,0,42.5217168875512,1,0
7,100,17.2672080218937,7.76246608234879,2.07258771425173,5.99931553217781,0.00118438403754692,6.10860258136183,7.61242979763609,-0,0,0,42.6896161238742,1,0
7.02,100,17.2672080218937,7.80393980881226,2.07478194985345,5.99933881943685,0.00114456557038309,6.11020008860839,7.84199462224547,-0,0,0,42.876308624875,1,0
7.04,100,17.2672080218937,7.84545724153341,2.07695836393609,5.99936132360059,0.0011060672189243,6.11178397750715,8.04303980168251,-0,0,0,43.0617710092541,1,0
7.06,100,17.2672080218937,7.8870180255132,2.0791170994518,5.99938307063874,0.00106884595403128,6.11335437800406,8.21668272584772,-0,0,0,43.2460547110626,1,0
7.08,100,17.2672080218937,7.92862180860074,2.08125829826546,5.99940408567421,0.00103286011970313,6.11491141839832,8.36399697871674,-0,0,0,43.429209121516,1,0
7.1,100,17.2672080218937,7.97026824147163,2.08338210116093,5.99942439301017,0.000998069390437517,6.11645522537338,8.48601405592188,-0,0,0,43.6112816693064,1,0
7.12,100,17.2672080218937,8.01195697760638,2.08548864784747,5.99944401615625,0.000964434729867072,6.11798592402722,8.58372501498405,-0,0,0,43.792317897765,1,0
7.14,100,17.2672080218937,8.053687673269,2.08757807696605,5.99946297785389,0.000931918350635898,6.11950363790186,8.65808206084199,-0,0,0,43.9723615389963,1,0
7.16,100,17.2672080218937,8.09545998748569,2.08965052609578,5.99948130010097,0.000900483675480686,6.12100848901218,8.71000006921092,-0,0,0,44.1514545851046,1,0
7.18,100,17.2672080218937,8.13727358202365,2.09170613176033,5.9994990041756,0.000870095299482751,6.12250059787406,8.74035805021145,-0,0,0,44.3296373566249,1,0
7.2,100,17.2672080218937,8.17912812137008,2.09374502943433,5.99951611065919,0.000840718953456356,6.12398008353179,8.75000055460977,-0,0,1,44.5069485682702,1,0
7.22,100,17.2672080218937,8.22102327271121,2.0957673535499,5.99953263945887,0.000812321468442218,6.12544706358486,8.73973902492016,-0,0,0,44.6834253920984,1,0
7.24,100,17.2672080218937,8.26295870591156,2.09777323750302,5.99954860982907,0.000784870741272865,6.12690165421411,8.71035309352863,-0,0,0,44.859103518201,1,0
7.26,100,17.2672080218937,8.30493409349326,2.09976281366011,5.99956404039254,0.000758335701180347,6.1283439702072,8.66259182991965,-0,0,0,45.0340172130103,1,0
7.28,100,17.2672080218937,8.34694911061552,2.10173621336446,5.99957894916068,0.000732686277415547,6.12977412498354,8.5971749389978,-0,0,0,45.2081993753193,1,0
7.3,100,17.2672080218937,8.38900343505423,2.10369356694273,5.9995933535532,0.000707893367849897,6.13119223061859,8.51479391242514,-0,0,0,45.3816815901028,1,0
7.32,100,17.2672080218937,8.43109674718172,2.1056350037115,5.99960727041721,0.000683928808531207,6.13259839786753,8.41611313481324,-0,0,0,45.5544941802269,1,0
7.34,100,17.2672080218937,8.4732287299466,2.10756065198375,5.99962071604568,0.000660765344165786,6.13399273618847,8.30177094654144,-0,0,0,45.7266662561295,1,0
7.36,100,17.2672080218937,8.51539906885375,2.10947063907535,5.9996337061953,0.000638376599499852,6.13537535376504,8.17238066490457,-0,0,0,45.8982257635507,1,0
7.38,100,17.2672080218937,8.55760745194446,2.11136509131163,5.99964625610384,0.00061673705157461,6.13674635752844,8.02853156521956,-0,0,0,46.0691995293911,1,0
7.4,100,18.0983353671919,8.59985356977667,2.11324413403386,5.9996583805069,0.000595822002828525,6.13810585317901,7.87078982346383,-0,0,0,46.2396133057693,1,0
7.42,100,18.0983353671919,8.64213711540536,2.11510789160575,5.99967009365419,0.000575607555022696,6.13945394520724,8.0479359500232,-0,0,0,46.4257862966714,1,0
7.44,100,18.0983353671919,8.68445778436305,2.11695648741998,5.99968140932519,0.000556070583965017,6.14079073691435,8.1986015263681,-0,0,0,46.6108088298029,1,0
7.46,100,18.0983353671919,8.72681527464049,2.11879004390469,5.99969234084448,0.000537188715009623,6.14211633043233,8.32382412639305,-0,0,0,46.7947287325796,1,0
7.48,100,18.0983353671919,8.76920928666738,2.12060868252997,5.99970290109642,0.000518940299309011,6.14343082674352,8.42460064637894,-0,0,0,46.9775919349297,1,0
7.5,100,18.0983353671919,8.81163952329328,2.12241252381435,5.99971310253945,0.000501304390796352,6.14473432569977,8.5018888999257,-0,0,0,47.1594425438751,1,0
7.52,100,18.0983353671919,8.85410568976869,2.12420168733127,5.99972295721996,0.000484260723876537,6.14602692604114,8.55660915035045,-0,0,0,47.3403229151875,1,0
7.54,100,18.0983353671919,8.89660749372617,2.12597629171555,5.99973247678561,0.000467789691805292,6.14730872541409,8.58964558299875,-0,0,0,47.5202737222336,1,0
7.56,100,18.0983353671919,8.93914464516163,2.12773645466983,5.99974167249839,0.000451872325735561,6.14857982038942,8.60184771982769,-0,0,0,47.6993340221186,1,0
7.58,100,18.0983353671919,8.98171685641578,2.12948229297102,5.99975055524707,0.000436490274411459,6.14984030647959,8.59403177852132,-0,0,0,47.8775413192356,1,0
7.6,100,18.2283802491071,9.02432384215568,2.13121392247672,5.99975913555945,0.000421625784490616,6.15109027815582,8.56698197831488,-0,0,0,48.0549316263211,1,0
7.62,100,18.2283802491071,9.06696531935635,2.13293145813163,5.99976742361405,0.000407261681476536,6.15232982886468,8.57593968799573,-0,0,0,48.2340890894381,1,0
7.64,100,18.2283802491071,9.10964100728269,2.13463501397391,5.99977542925155,0.000393381351241912,6.15355905104437,8.56500445039485,-0,0,0,48.412397375444,1,0
7.66,100,18.2283802491071,9.15235062747131,2.13632470314161,5.99978316198581,0.00037996872212602,6.15477803614059,8.53495559569286,-0,0,0,48.5898922848291,1,0
7.68,100,18.2283802491071,9.19509390371265,2.13800063787897,5.99979063101451,0.000367008247588836,6.1559868746221,8.4865419017948,-0,0,0,48.7666081939168,1,0
7.7,100,18.2283802491071,9.23787056203314,2.13966292954278,5.99979784522954,0.000354484889404741,6.15718565599585,8.42048279224758,-0,0,0,48.9425781108718,1,0
7.72,100,18.2283802491071,9.28068033067753,2.14131168860868,5.99980481322695,0.000342384101380518,6.15837446882184,8.3374694871916,-0,0,0,49.1178337295116,1,0
7.74,100,18.2283802491071,9.32352294009132,2.1429470246775,5.99981154331667,0.000330691813580736,6.15955340072764,8.23816610918271,-0,0,0,49.2924054810061,1,0
7.76,100,18.2283802491071,9.36639812290334,2.14456904648144,5.99981804353185,0.000319394417046253,6.16072253842254,8.12321074565446,-0,0,0,49.466322583549,1,0
7.78,100,18.2283802491071,9.40930561390842,2.14617786189039,5.99982432163797,0.000308478748990252,6.16188196771144,7.99321646972076,-0,0,0,49.63961309008,1,0
7.8,100,19.0516360683694,9.45224515005022,2.14777357791814,5.99983038514156,0.00029793207845803,6.16303177350841,7.84877232095318,-0,0,0,49.8123039341348,1,0
7.82,100,19.0516360683694,9.49521647040417,2.14935630072857,5.99983624129877,0.000287742092435853,6.16417203984995,8.03538266157615,-0,0,0,50.000561134744,1,0
7.84,100,19.0516360683694,9.53821931616052,2.15092613564182,5.99984189712354,0.000277896882395598,6.16530284990793,8.19512761184386,-0,0,0,50.187636491465,1,0
7.86,100,19.0516360683694,9.58125343060754,2.15248318714043,5.99984735939558,0.00026838493126213,6.16642428600235,8.32905995006111,-0,0,0,50.3735786520605,1,0
7.88,100,19.0516360683694,9.62431855911484,2.1540275588755,5.99985263466806,0.000259195100790143,6.16753642961369,8.4381911797174,-0,0,0,50.5584343379798,1,0
7.9,100,19.0516360683694,9.66741444911677,2.15555935367276,5.99985772927507,0.000250316619338418,6.1686393613951,8.52349314784717,-0,0,0,50.7422484200439,1,0
7.92,100,19.0516360683694,9.710540850096,2.15707867353862,5.99986264933885,0.000241739070029272,6.16973316118425,8.58589959993996,-0,0,0,50.9250639911619,1,0
7.94,100,19.0516360683694,9.75369751356718,2.15858561966627,5.99986740077674,0.000233452379280976,6.17081790801499,8.62630767387557,-0,0,0,51.1069224361946,1,0
7.96,100,19.0516360683694,9.79688419306074,2.16008029244161,5.99987198930796,0.000225446805702666,6.17189368012872,8.64557933528794,-0,0,0,51.2878634990771,1,0
7.98,100,19.0516360683694,9.84010064410683,2.16156279144932,5.99987642046011,0.00021771292933984,6.17296055498555,8.64454275664141,-0,0,0,51.4679253473093,1,0
8,100,19.1424826693598,9.8833466242193,2.16303321547876,5.99988069957555,0.000210241641260072,6.17401860927518,8.62399364223985,-0,0,0,51.6471446339154,1,0
8.02,100,19.1424826693598,9.9266218928799,2.16449166252989,5.99988483181746,0.000203024133468584,6.17506791892762,8.62276058988399,-0,0,0,51.827337630023,1,0
8.04,100,19.1424826693598,9.96992621152252,2.16593822981921,5.99988882217582,0.000196051889143066,6.1761085591236,8.60202153395498,-0,0,0,52.0066872260368,1,0
8.06,100,19.1424826693598,10.0132593435176,2.1673730137856,5.99989267547307,0.000189316673178538,6.17714060430486,8.56254073719115,-0,0,0,52.1852286178235,1,0
8.08,100,19.1424826693598,10.0566210541567,2.16879611009614,5.9998963963697,0.00018281052303246,6.17816412818415,8.50505249993751,-0,0,0,52.36299560387,1,0
8.1,100,19.1424826693598,10.1000111106368,2.17020761365193,5.99989998936962,0.000176525739860584,6.17917920375508,8.43026233494457,-0,0,0,52.540020640217,1,0
8.12,100,19.1424826693598,10.1434292820457,2.17160761859389,5.99990345882531,0.000170454879934833,6.1801859033017,8.33884809610803,-0,0,0,52.7163348932368,1,0
8.14,100,19.1424826693598,10.1868753393462,2.17299621830843,5.99990680894286,0.000164590746334728,6.18118429840798,8.23146106294608,-0,0,0,52.8919682903411,1,0
8.16,100,19.1424826693598,10.2303490553612,2.17437350543325,5.99991004378682,0.000158926380903076,6.18217445996703,8.10872698255543,-0,0,0,53.0669495686987,1,0
8.18,100,19.1424826693598,10.2738502047593,2.17573957186293,5.99991316728491,0.000153455056458807,6.18315645819015,7.97124707071338,-0,0,0,53.2413063220429,1,0
8.2,100,20.0075766843909,10.3173785640392,2.17709450875465,5.99991618323254,0.000148170269258174,6.18413036261572,7.81959897372535,-0,0,0,53.4150650456412,1,0
8.22,100,20.0075766843909,10.3609339115158,2.17843840653374,5.99991909529723,0.000143065731696799,6.18509624211787,8.01680601700182,-0,0,0,53.6052115898926,1,0
8.24,100,20.0075766843909,10.4045160273049,2.17977135489931,5.99992190702283,0.0001381353652454,6.18605416491505,8.18672053364141,-0,0,0,53.7941449434758,1,0
8.26,100,20.0075766843909,10.4481246933093,2.18109344282979,5.99992462183369,0.00013337329361144,6.18700419857836,8.33041214626871,-0,0,0,53.9819146348712,1,0
8.28,100,20.0075766843909,10.491759693204,2.1824047585884,5.99992724303857,0.000128773836119918,6.18794641003976,8.44890854138862,-0,0,0,54.1685682345514,1,0
8.3,100,20.0075766843909,10.5354208124224,2.18370538972869,5.99992977383452,0.000124331501306532,6.18888086560013,8.54319711368928,-0,0,0,54.3541514318855,1,0
8.32,100,20.0075766843909,10.5791078381417,2.18499542309997,5.99993221731061,0.000120040980716459,6.18980763093711,8.61422654586796,-0,0,0,54.5387081090277,1,0
8.34,100,20.0075766843909,10.6228205592693,2.18627494485272,5.99993457645153,0.000115897142902294,6.19072677111289,8.66290832651439,-0,0,0,54.7222804119071,1,0
8.36,100,20.0075766843909,10.6665587664285,2.18754404044395,5.99993685414105,0.000111895027614876,6.19163835058177,8.69011820847607,-0,0,0,54.9049088184328,1,0
8.38,100,20.0075766843909,10.7103222519448,2.18880279464261,5.9999390531654,0.000108029840181221,6.19254243319762,8.69669761004251,-0,0,0,55.0866322040243,1,0
8.4,100,20.0545847561934,10.7541108098325,2.19005129153485,5.99994117621653,0.000104296946063455,6.19343908222118,8.68345496118371,-0,0,0,55.2674879045706,1,0
8.42,100,20.0545847561934,10.7979242357806,2.19128961452933,5.99994322589525,0.000100691865593052,6.19432836032724,8.67086304937503,-0,0,0,55.4484333833299,1,0
8.44,100,20.0545847561934,10.8417623271397,2.19251784636246,5.99994520471429,9.72102688749413e-05,6.19521032961171,8.63919981199183,-0,0,0,55.6285453331136,1,0
8.46,100,20.0545847561934,10.8856248829082,2.1937360691036,5.99994711510125,9.38479708560763e-05,6.19608505159845,8.58921255595634,-0,0,0,55.8078582417001,1,0
8.48,100,20.0545847561934,10.9295117037196,2.1949443641603,5.99994895940141,9.06009265535451e-05,6.19695258724615,8.52161928989447,-0,0,0,55.9864052298689,1,0
8.5,100,20.0545847561934,10.9734225918288,2.19614281228336,5.99995073988053,8.74652264367637e-05,6.19781299695496,8.43710987290291,-0,0,0,56.1642181051212,1,0
8.52,100,20.0545847561934,11.0173573510991,2.19733149357202,5.9999524587275,8.44370919591364e-05,6.19866634057302,8.33634711827707,-0,0,0,56.3413274132936,1,0
8.54,100,20.0545847561934,11.0613157869895,2.198510487479,5.9999541180569,8.15128712345794e-05,6.19951267740289,8.21996785395674,-0,0,0,56.5177624881463,1,0
8.56,100,20.0545847561934,11.1052977065415,2.19967987281556,5.99995571991151,7.86890348538405e-05,6.2003520662079,8.08858394139439,-0,0,0,56.6935514990062,1,0
8.58,100,20.0545847561934,11.1493029183665,2.20083972775651,5.99995726626472,7.59621718368824e-05,6.20118456521833,7.94278325447191,-0,0,0,56.8687214965415,1,0
8.6,100,20.9663579726513,11.1933312326331,2.20199012984521,5.99995875902284,7.33289857164225e-05,6.20201023213749,7.7831306200363,-0,0,0,57.0432984567397,1,0
8.62,100,20.9663579726513,11.2373824610544,2.20313115599846,5.99996020002736,7.07862907486936e-05,6.20282912414775,7.99219530398094,-0,0,0,57.235182892366,1,0
8.64,100,20.9663579726513,11.2814564168757,2.20426288251149,5.99996159105716,6.83310082474737e-05,6.20364129791642,8.1734926559509,-0,0,0,57.4258222748642,1,0
8.66,100,20.9663579726513,11.3255529148621,2.20538538506277,5.99996293383055,6.59601630375228e-05,6.2044468096015,8.32811099692553,-0,0,0,57.6152670862483,1,0
8.68,100,20.9663579726513,11.369671771286,2.20649873871891,5.99996423000737,6.36708800230304e-05,6.20524571485743,8.45709597790965,-0,0,0,57.8035658155467,1,0
8.7,100,20.9663579726513,11.413812803915,2.20760301793943,5.99996548119092,6.14603808684407e-05,6.20603806884063,8.56145225301788,-0,0,0,57.9907650370591,1,0
8.72,100,20.9663579726513,11.457975832,2.20869829658156,5.99996668892988,5.93259807869626e-05,6.20682392621505,8.64214508695339,-0,0,0,58.176909485543,1,0
8.74,100,20.9663579726513,11.5021606762631,2.20978464790498,5.99996785472014,5.72650854341319e-05,6.20760334115754,8.7001018994607,-0,0,0,58.3620421284528,1,0
8.76,100,20.9663579726513,11.5463671588855,2.21086214457655,5.99996898000657,5.52751879029296e-05,6.20837636736322,8.73621374921607,-0,0,0,58.5462042353438,1,0
8.78,100,20.9663579726513,11.590595103496,2.21193085867496,5.99997006618478,5.33538658166698e-05,6.20914305805067,8.75133675953478,-0,0,0,58.7294354445551,1,0
8.8,100,20.9663579726513,11.634844335159,2.2129908616954,5.99997111460272,5.14987785173474e-05,6.20990346596708,8.74629348817931,-0,0,1,58.9117738272765,1,0
8.82,100,20.9663579726513,11.6791146803631,2.21404222455417,5.99997212656236,4.97076643457228e-05,6.21065764339339,8.72187424345207,-0,0,0,59.0932559491028,1,0
8.84,100,20.9663579726513,11.7234059670093,2.21508501759324,5.99997310332117,4.79783380106639e-05,6.21140564214918,8.67883834868569,-0,0,0,59.2739169291728,1,0
8.86,100,20.9663579726513,11.7677180244001,2.21611931058482,5.99997404609368,4.63086880444908e-05,6.21214751359765,8.6179153571542,-0,0,0,59.4537904969897,1,0
8.88,100,20.9663579726513,11.8120506832274,2.2171451727359,5.9999749560529,4.46966743417982e-05,6.21288330865043,8.53980621934314,-0,0,0,59.632909047012,1,0
8.9,100,20.9663579726513,11.8564037755619,2.21816267269267,5.99997583433172,4.31403257791502e-05,6.21361307777232,8.44518440445442,-0,0,0,59.811303691103,1,0
8.92,100,20.9663579726513,11.9007771348414,2.21917187854501,5.9999766820243,4.1637737912708e-05,6.21433687098601,8.33469697793272,-0,0,0,59.9890043089235,1,0
8.94,100,20.9663579726513,11.9451705958602,2.22017285783092,5.99997750018734,4.0187070751609e-05,6.21505473787666,8.20896563674644,-0,0,0,60.1660395963468,1,0
8.96,100,20.9663579726513,11.9895839947578,2.22116567754088,5.99997828984138,3.87865466047199e-05,6.21576672759646,8.06858770407007,-0,0,0,60.3424371119755,1,0
8.98,100,20.9663579726513,12.034017169008,2.22215040412223,5.99997905197201,3.74344479977877e-05,6.21647288886911,7.91413708496866,-0,0,0,60.5182233218329,1,0
9,100,21.9247589484404,12.0784699574082,2.22312710348347,5.99997978753104,3.61291156596814e-05,6.21717326999419,7.74616518460698,-0,0,0,60.6934236423012,1,0
9.02,100,21.9247589484404,12.1229422000686,2.22409584099855,5.99998049743769,3.48689465743981e-05,6.21786791885155,7.96676507699433,-0,0,0,60.8868522008586,1,0
9.04,100,21.9247589484404,12.1674337384017,2.22505668151116,5.99998118257964,3.36523920977399e-05,6.21855688290555,8.15913697164607,-0,0,0,61.0790059618434,1,0
9.06,100,21.9247589484404,12.2119444151115,2.22600968933894,5.99998184381414,3.24779561359901e-05,6.2192402092093,8.32438732096882,-0,0,0,61.2699363224217,1,0
9.08,100,21.9247589484404,12.256474074183,2.22695492827766,5.99998248196901,3.13441933844696e-05,6.21991794440879,8.46357919588249,-0,0,0,61.4596926529377,1,0
9.1,100,21.9247589484404,12.3010225608721,2.22789246160541,5.99998309784369,3.02497076244448e-05,6.22059013474702,8.57773398680881,-0,0,0,61.6483223764806,1,0
9.12,100,21.9247589484404,12.3455897216952,2.22882235208674,5.99998369221015,2.9193150076332e-05,6.22125682606799,8.66783303796124,-0,0,0,61.8358710453304,1,0
9.14,100,21.9247589484404,12.3901754044186,2.22974466197675,5.99998426581384,2.81732178071938e-05,6.2219180638207,8.73481921755235,-0,0,0,62.0223824144055,1,0
9.16,100,21.9247589484404,12.4347794580489,2.23065945302514,5.99998481937461,2.71886521912653e-05,6.22257389306309,8.779598426436,-0,0,0,62.2078985118305,1,0
9.18,100,21.9247589484404,12.4794017328226,2.23156678648032,5.99998535358758,2.62382374208405e-05,6.22322435846587,8.80304104759275,-0,0,0,62.3924597067347,1,0
9.2,100,21.9247589484404,12.5240420801961,2.23246672309336,5.99998586912393,2.53207990671657e-05,6.22386950431636,8.80598333877979,-0,0,1,62.5761047743931,1,0
9.22,100,21.9247589484404,12.568700352836,2.233359323122,5.9999863666318,2.44352026884387e-05,6.22450937452226,8.78922877057554,-0,0,0,62.7588709588109,1,0
9.24,100,21.9247589484404,12.6133764046092,2.23424464633458,5.99998684673699,2.35803524843915e-05,6.22514401261532,8.75354931196069,-0,0,0,62.9407940328549,1,0
9.26,100,21.9247589484404,12.6580700905728,2.23512275201403,5.99998731004379,2.27551899951677e-05,6.22577346175505,8.69968666548806,-0,0,0,63.1219083560249,1,0
9.28,100,21.9247589484404,12.7027812669651,2.23599369896166,5.99998775713567,2.19586928438478e-05,6.22639776473227,8.62835345402097,-0,0,0,63.3022469299599,1,0
9.3,100,21.9247589484404,12.7475097911955,2.23685754550111,5.99998818857601,2.1189873520269e-05,6.22701696397273,8.54023436094343,-0,0,0,63.4818414517674,1,0
9.32,100,21.9247589484404,12.792255521835,2.23771434948214,5.99998860490876,2.04477782054813e-05,6.22763110154061,8.43598722565615,-0,0,0,63.6607223652601,1,0
9.34,100,21.9247589484404,12.8370183186072,2.23856416828446,5.99998900665914,1.97314856353776e-05,6.22824021914196,8.31624409612359,-0,0,0,63.8389189101838,1,0
9.36,100,21.9247589484404,12.8817980423782,2.23940705882149,5.99998939433425,1.90401060020669e-05,6.22884435812815,8.18161224014538,-0,0,0,64.0164591695136,1,0
9.38,100,21.9247589484404,12.9265945551482,2.2402430775441,5.99998976842372,1.83727798917702e-05,6.22944355949925,8.03267511697844,-0,0,0,64.1933701148952,1,0
9.4,100,22.8037974035248,12.9714077200414,2.24107228044435,5.99999012940025,1.77286772581058e-05,6.23003786390734,7.8699933108598,-0,0,0,64.3696776503041,1,0
9.42,100,22.8037974035248,13.0162374012976,2.24189472305916,5.99999047772027,1.71069964297347e-05,6.23062731165983,8.06241637494597,-0,0,0,64.5626404490339,1,0
9.44,100,22.8037974035248,13.0610834642627,2.242710460474,5.99999081382441,1.6506963150915e-05,6.23121194272272,8.22770917352172,-0,0,0,64.7543728621154,1,0
9.46,100,22.8037974035248,13.1059457753798,2.2435195473265,5.99999113813811,1.59278296541576e-05,6.23179179672376,8.36693517429018,-0,0,0,64.9449243320818,1,0
9.48,100,22.8037974035248,13.1508242021802,2.24432203781004,5.9999914510721,1.53688737640207e-05,6.23236691295567,8.48111614844663,-0,0,0,65.1343423530251,1,0
9.5,100,22.8037974035248,13.195718613275,2.24511798567737,5.99999175302292,1.48293980303976e-05,6.23293733037925,8.57123380559948,-0,0,0,65.322672547075,1,0
9.52,100,22.8037974035248,13.2406288783456,2.24590744424414,5.99999204437339,1.43087288912569e-05,6.23350308762646,8.63823136458604,-0,0,0,65.5099587378791,1,0
9.54,100,22.8037974035248,13.2855548681355,2.2466904663924,5.9999923254931,1.38062158630963e-05,6.23406422300351,8.68301506269551,-0,0,0,65.6962430212004,1,0
9.56,100,22.8037974035248,13.3304964544417,2.24746710457414,5.99999259673886,1.33212307584939e-05,6.23462077449385,8.70645560571468,-0,0,0,65.8815658327463,1,0
9.58,100,22.8037974035248,13.3754535101058,2.24823741081472,5.99999285845513,1.28531669300587e-05,6.23517277976113,8.70938956111856,-0,0,0,66.0659660133378,1,0
9.6,100,22.87018461476,13.4204259090056,2.24900143671634,5.99999311097443,1.2401438539391e-05,6.23572027615219,8.69262069662981,-0,0,0,66.2494808715218,1,0
9.62,100,22.87018461476,13.465413526047,2.24975923346143,5.99999335461779,1.1965479850829e-05,6.23626330069995,8.68473704215639,-0,0,0,66.4334477835937,1,0
9.64,100,22.87018461476,13.510416237155,2.25051085181604,5.99999358969511,1.15447445487858e-05,6.23680189012628,8.65757412570875,-0,0,0,66.6165485976935,1,0
9.66,100,22.87018461476,13.5554339192662,2.25125634213322,5.99999381650554,1.11387050777945e-05,6.23733608084483,8.61188759834313,-0,0,0,66.7988183782207,1,0
9.68,100,22.87018461476,13.60046645032,2.25199575435636,5.99999403533787,1.07468520050829e-05,6.23786590896388,8.54840348406062,-0,0,0,66.9802908056764,1,0
9.7,100,22.87018461476,13.6455137092503,2.25272913802245,5.9999942464709,1.03686934041604e-05,6.23839141028906,8.46781934148011,-0,0,0,67.1609982310003,1,0
9.72,100,22.87018461476,13.6905755759783,2.25345654226543,5.99999445017373,1.00037542593975e-05,6.23891262032613,8.37080537996233,-0,0,0,67.3409717277759,1,0
9.74,100,22.87018461476,13.7356519314033,2.2541780158194,5.99999464670614,9.65157589040844e-06,6.23942957428368,8.25800553196921,-0,0,0,67.5202411423891,1,0
9.76,100,22.87018461476,13.7807426573956,2.25489360702186,5.99999483631888,9.31171539601658e-06,6.23994230707582,8.1300384833777,-0,0,0,67.6988351422183,1,0
9.78,100,22.87018461476,13.8258476367883,2.25560336381693,5.99999501925401,8.98374511669783e-06,6.24045085332481,7.98749866339215,-0,0,0,67.8767812619358,1,0
9.8,100,23.7622349586503,13.8709667533695,2.25630733375853,5.99999519574519,8.66725211530231e-06,6.24095524736371,7.83095719564153,-0,0,0,68.0541059479915,1,0
9.82,100,23.7622349586503,13.9160998918743,2.25700556401353,5.99999536601795,8.36183767523695e-06,6.24145552323893,8.03472564914998,-0,0,0,68.2483234981193,1,0
9.84,100,23.7622349586503,13.9612469379775,2.25769810136487,5.99999553028998,8.06711681544153e-06,6.24195171471282,8.21091295467091,-0,0,0,68.4412836626658,1,0
9.86,100,23.7622349586503,14.0064077782857,2.25838499221468,5.99999568877142,7.78271782169155e-06,6.24244385526623,8.36060030843545,-0,0,0,68.6330367618326,1,0
9.88,100,23.7622349586503,14.0515823003298,2.25906628258739,5.9999958416651,7.50828179400527e-06,6.24293197810094,8.48482651461719,-0,0,0,68.8236311344421,1,0
9.9,100,23.7622349586503,14.0967703925573,2.25974201813271,5.9999959891668,7.24346220904182e-06,6.24341611614222,8.58458964753109,-0,0,0,69.0131132156961,1,0
9.92,100,23.7622349586503,14.141971944325,2.26041224412876,5.99999613146547,6.98792449732063e-06,6.24389630204122,8.6608486486547,-0,0,0,69.2015276118849,1,0
9.94,100,23.7622349586503,14.1871868458917,2.261077005485,5.9999962687435,6.74134563476404e-06,6.24437256817744,8.71452486103131,-0,0,0,69.3889171721666,1,0
9.96,100,23.7622349586503,14.2324149884106,2.26173634674527,5.99999640117693,6.5034137481813e-06,6.2448449466611,8.746503503507,-0,0,0,69.5753230575312,1,0
9.98,100,23.7622349586503,14.2776562639223,2.26239031209071,5.99999652893568,6.27382773364436e-06,6.2453134693355,8.75763508716348,-0,0,0,69.7607848070598,1,0
10,100,23.7622349586503,14.3229105653472,2.26303894534273,5.99999665218374,6.0522968883387e-06,6.24577816777944,8.74873677621056,-0,0,1,69.945340401586,1,0
10.02,100,23.7622349586503,14.3681777864786,2.26368228996593,5.99999677107938,5.83854055438366e-06,6.24623907330944,8.72059369551916,-0,0,0,70.1290263248595,1,0
10.04,100,23.7622349586503,14.4134578219759,2.26432038907095,5.99999688577538,5.632287775184e-06,6.24669621698212,8.67396018688248,-0,0,0,70.3118776223122,1,0
10.06,100,23.7622349586503,14.4587505673566,2.26495328541737,5.99999699641917,5.43327696296662e-06,6.24714962959645,8.60956101602307,-0,0,0,70.4939279575178,1,0
10.08,100,23.7622349586503,14.5040559189904,2.26558102141657,5.99999710315305,5.24125557775654e-06,6.24759934169597,8.52809253226752,-0,0,0,70.675209666439,1,0
10.1,100,23.7622349586503,14.5493737740916,2.26620363913453,5.99999720611436,5.05597981744241e-06,6.24804538357107,8.43022378275346,-0,0,0,70.8557538095458,1,0
10.12,100,23.7622349586503,14.5947040307123,2.26682118029463,5.99999730543564,4.8772143180941e-06,6.24848778526116,8.31659758294748,-0,0,0,71.03559022189,1,0
10.14,100,23.7622349586503,14.6400465877357,2.26743368628045,5.99999740124481,4.70473186437318e-06,6.24892657655684,8.18783154518559,-0,0,0,71.2147475612161,1,0
10.16,100,23.7622349586503,14.6854013448695,2.26804119813848,5.99999749366533,4.53831311021661e-06,6.2493617870021,8.04451906688639,-0,0,0,71.3932533541846,1,0
10.18,100,23.7622349586503,14.7307682026387,2.26864375658094,5.99999758281634,4.37774630841534e-06,6.24979344589643,7.88723028001467,-0,0,0,71.5711340407834,1,0
10.2,100,24.74408595013,14.7761470623794,2.26924140198841,5.99999766881283,4.22282704981949e-06,6.25022158229695,7.71651296331722,-0,0,0,71.7484150169961,1,0
10.22,100,24.74408595013,14.8215378262319,2.26983417441254,5.99999775176576,4.07335801127936e-06,6.25064622502048,7.94428209741942,-0,0,0,71.9443701394036,1,0
10.24,100,24.74408595013,14.8669403971343,2.27042211357877,5.99999783178221,3.92914871213155e-06,6.25106740264564,8.14352389056469,-0,0,0,72.1390185915055,1,0
10.26,100,24.74408595013,14.9123546788162,2.2710052588889,5.99999790896554,3.79001527893335e-06,6.25148514351488,8.31535668145735,-0,0,0,72.332412472311,1,0
10.28,100,24.74408595013,14.9577805757916,2.27158364942381,5.99999798341548,3.65578021827573e-06,6.25189947573653,8.46085496002651,-0,0,0,72.524601830955,1,0
10.3,100,24.74408595013,15.0032179933532,2.27215732394595,5.99999805522826,3.52627219734622e-06,6.25231042718683,8.58105108674475,-0,0,0,72.7156347471323,1,0
10.32,100,24.74408595013,15.0486668375658,2.27272632090205,5.99999812449677,3.40132583182839e-06,6.25271802551185,8.67693694453311,-0,0,0,72.9055574083774,1,0
10.34,100,24.74408595013,15.0941270152599,2.27329067842559,5.99999819131064,3.28078148121189e-06,6.25312229812954,8.74946552589287,-0,0,0,73.0944141843138,1,0
10.36,100,24.74408595013,15.1395984340256,2.27385043433939,5.99999825575635,3.16448505098319e-06,6.25352327223165,8.7995524578054,-0,0,0,73.282247697991,1,0
10.38,100,24.74408595013,15.1850810022063,2.27440562615811,5.99999831791736,3.05228780146363e-06,6.25392097478568,8.8280774668401,-0,0,0,73.4690988944248,1,0
10.4,100,24.74408595013,15.2305746288928,2.27495629109079,5.99999837787423,2.94404616346448e-06,6.25431543253674,8.83588578681381,-0,0,1,73.6550071064482,1,0
10.42,100,24.74408595013,15.2760792239169,2.27550246604329,5.99999843570465,2.839621559879e-06,6.25470667200954,8.82378951125768,-0,0,0,73.8400101179816,1,0
10.44,100,24.74408595013,15.3215946978456,2.27604418762078,5.99999849148364,2.73888023355085e-06,6.25509471951018,8.7925688928508,-0,0,0,74.0241442248201,1,0
10.46,100,24.74408595013,15.3671209619748,2.27658149213017,5.99999854528356,2.6416930811007e-06,6.25547960112808,8.74297359190254,-0,0,0,74.2074442930378,1,0
10.48,100,24.74408595013,15.4126579283239,2.27711441558255,5.99999859717423,2.5479354922128e-06,6.25586134273776,8.67572387588321,-0,0,0,74.3899438151012,1,0
10.5,100,24.74408595013,15.4582055096294,2.27764299369558,5.99999864722304,2.45748719465713e-06,6.25623997000072,8.59151177191881,-0,0,0,74.5716749637822,1,0
10.52,100,24.74408595013,15.5037636193391,2.27816726189588,5.999998695495,2.37023210444292e-06,6.25661550836721,8.4910021740959,-0,0,0,74.7526686439562,1,0
10.54,100,24.74408595013,15.5493321716068,2.27868725532139,5.99999874205286,2.28605818110337e-06,6.25698798307804,8.37483390734995,-0,0,0,74.9329545423697,1,0
10.56,100,24.74408595013,15.594911081286,2.27920300882375,5.99999878695714,2.20485728789968e-06,6.25735741916635,8.24362074963797,-0,0,0,75.1125611754546,1,0
10.58,100,24.74408595013,15.6405002639243,2.27971455697056,5.99999883026627,2.12652505708214e-06,6.25772384145935,8.09795241402807,-0,0,0,75.2915159352689,1,0
10.6,100,25.5870726160511,15.6860996357578,2.28022193404776,5.9999988720366,2.05096075938142e-06,6.2580872745801,7.93839549228667,-0,0,0,75.4698451336344,1,0
10.62,100,25.5870726160511,15.7317091137059,2.28072517406188,5.9999989123225,1.97806717832356e-06,6.25844774294919,8.11869986169173,-0,0,0,75.6641010341653,1,0
10.64,100,25.5870726160511,15.7773286153649,2.28122431074233,5.99999895117646,1.90775048856326e-06,6.25880527078646,8.27233366992169,-0,0,0,75.8571328916292,1,0
10.66,100,25.5870726160511,15.8229580590032,2.28171937754364,5.9999989886491,1.83992013859553e-06,6.25915988211274,8.40034248570873,-0,0,0,76.0489894347121,1,0
10.68,100,25.5870726160511,15.8685973635555,2.28221040764771,5.99999902478926,1.77448873733718e-06,6.25951160075144,8.50373088207256,-0,0,0,76.2397174754418,1,0
10.7,100,25.5870726160511,15.9142464486174,2.28269743396602,5.99999905964408,1.71137194459905e-06,6.25986045033029,8.58346404376996,-0,0,0,76.4293619843898,1,0
10.72,100,25.5870726160511,15.95990523444,2.28318048914182,5.99999909325902,1.65048836567191e-06,6.26020645428293,8.64046931171916,-0,0,0,76.6179661629242,1,0
10.74,100,25.5870726160511,16.0055736419248,2.28365960555233,5.99999912567797,1.59175944896553e-06,6.26054963585058,8.67563766686532,-0,0,0,76.8055715126296,1,0
10.76,100,25.5870726160511,16.0512515926179,2.28413481531091,5.99999915694326,1.53510938758116e-06,6.26089001808364,8.68982515586063,-0,0,0,76.9922179020032,1,0
10.78,100,25.5870726160511,16.0969390087053,2.28460615026916,5.99999918709572,1.48046502413873e-06,6.26122762384328,8.6838542608469,-0,0,0,77.1779436305372,1,0
10.8,100,25.7032069318883,16.1426358130074,2.28507364201913,5.99999921617476,1.42775575879519e-06,6.26156247580304,8.65851521552408,-0,0,0,77.3627854902865,1,0
10.82,100,25.7032069318883,16.1883419289737,2.28553732189534,5.99999924421839,1.37691346054943e-06,6.26189459645041,8.66322673337714,-0,0,0,77.5490556708027,1,0
10.84,100,25.7032069318883,16.2340572806781,2.28599722097695,5.9999992712633,1.327872381537e-06,6.26222400808836,8.64815086646369,-0,0,0,77.7344220022307,1,0
10.86,100,25.7032069318883,16.2797817928132,2.28645337008981,5.99999929734487,1.28056907431438e-06,6.26255073283691,8.61406330595342,-0,0,0,77.9189206006268,1,0
10.88,100,25.7032069318883,16.3255153906858,2.2869057998085,5.99999932249724,1.23494231192116e-06,6.26287479263466,8.56170932922618,-0,0,0,78.1025861604075,1,0
10.9,100,25.7032069318883,16.3712580002119,2.28735454045842,5.99999934675335,1.19093301080448e-06,6.26319620924028,8.49180499240109,-0,0,0,78.2854520101374,1,0
10.92,100,25.7032069318883,16.4170095479111,2.28779962211777,5.99999937014496,1.14848415625631e-06,6.26351500423402,8.40503827610707,-0,0,0,78.4675501661299,1,0
10.94,100,25.7032069318883,16.4627699609023,2.28824107461962,5.99999939270275,1.10754073051169e-06,6.26383119901925,8.3020701863236,-0,0,0,78.6489113839454,1,0
10.96,100,25.7032069318883,16.5085391668989,2.28867892755383,5.99999941445627,1.06804964333839e-06,6.26414481482384,8.18353581206345,-0,0,0,78.8295652078699,1,0
10.98,100,25.7032069318883,16.5543170942032,2.28911321026912,5.99999943543407,1.02995966500146e-06,6.26445587270171,8.05004534157774,-0,0,0,79.0095400184534,1,0
11,100,26.5431451681158,16.6001036717024,2.28954395187495,5.99999945566367,9.9322136148594e-07,6.26476439353423,7.90218503871756,-0,0,0,79.1888630781835,1,0
11.02,100,26.5431451681158,16.6458988288634,2.2899711812435,5.99999947517162,9.57787032041312e-07,6.26507039803169,8.09244641058214,-0,0,0,79.3840277996721,1,0
11.04,100,26.5431451681158,16.6917024957282,2.29039492701163,5.99999949398354,9.23610648782822e-07,6.26537390673467,8.25564311714069,-0,0,0,79.5779464258186,1,0
11.06,100,26.5431451681158,16.7375146029093,2.29081521758276,5.99999951212414,8.90647798497908e-07,6.26567494001553,8.39283621021782,-0,0,0,79.7706684392337,1,0
11.08,100,26.5431451681158,16.7833350815848,2.29123208112878,5.99999952961725,8.58855626403394e-07,6.26597351807973,8.50504513857983,-0,0,0,79.9622413772111,1,0
11.1,100,26.5431451681158,16.829163863494,2.29164554559193,5.99999954648589,8.28192781768606e-07,6.26626966096727,8.59324937920173,-0,0,0,80.152710908046,1,0
11.12,100,26.5431451681158,16.8750008809328,2.29205563868669,5.99999956275223,7.98619365574047e-07,6.26656338855403,8.65839000457121,-0,0,0,80.3421209043607,1,0
11.14,100,26.5431451681158,16.9208460667491,2.29246238790161,5.99999957843767,7.70096879866361e-07,6.26685472055318,8.70137118854269,-0,0,0,80.5305135135545,1,0
11.16,100,26.5431451681158,16.9666993543383,2.29286582050116,5.99999959356286,7.42588178841406e-07,6.26714367651646,8.72306165313757,-0,0,0,80.7179292254909,1,0
11.18,100,26.5431451681158,17.0125606776388,2.29326596352758,5.99999960814772,7.16057421867457e-07,6.26743027583558,8.72429605862394,-0,0,0,80.904406937531,1,0
11.2,100,26.6181850112477,17.0584299711278,2.29366284380264,5.99999962221144,6.9047002767462e-07,6.26771453774352,8.70587633908346,-0,0,0,81.0899840170158,1,0
11.22,100,26.6181850112477,17.1043071698167,2.29405648792947,5.99999963577258,6.65792630494982e-07,6.26799648131585,8.70001415354952,-0,0,0,81.2761675384345,1,0
11.24,100,26.6181850112477,17.1501922092467,2.29444692229433,5.999999648849,6.41993037729426e-07,6.26827612547202,8.67477578928563,-0,0,0,81.4614631240158,1,0
11.26,100,26.6181850112477,17.1960850254846,2.29483417306839,5.99999966145795,6.19040189056303e-07,6.26855348897669,8.63092084152734,-0,0,0,81.645906163798,1,0
11.28,100,26.6181850112477,17.2419855551187,2.29521826620945,5.99999967361605,5.96904116451859e-07,6.26882859044095,8.56917912262678,-0,0,0,81.8295306554792,1,0
11.3,100,26.6181850112477,17.2878937352539,2.29559922746372,5.99999968533936,5.75555906553669e-07,6.26910144832366,8.49025182984145,-0,0,0,82.0123692590499,1,0
11.32,100,26.6181850112477,17.3338095035083,2.29597708236751,5.99999969664336,5.5496766338454e-07,6.26937208093267,8.39481266734147,-0,0,0,82.1944533492832,1,0
11.34,100,26.6181850112477,17.3797327980086,2.29635185624896,5.99999970754296,5.3511247300594e-07,6.26964050642605,8.28350892421548,-0,0,0,82.3758130661659,1,0
11.36,100,26.6181850112477,17.4256635573857,2.29672357422972,5.99999971805257,5.15964369104405e-07,6.26990674281339,8.15696251021374,-0,0,0,82.5564773633531,1,0
11.38,100,26.6181850112477,17.4716017207713,2.29709226122665,5.99999972818608,4.97498299818348e-07,6.27017080795695,8.01577095087382,-0,0,0,82.7364740547214,1,0
11.4,100,27.5016644633604,17.5175472277931,2.29745794195346,5.99999973795689,4.79690095858299e-07,6.27043271957293,7.8605083436317,-0,0,0,82.9158298590968,1,0
11.42,100,27.5016644633604,17.5635000185712,2.2978206409224,5.99999974737791,4.62516439475297e-07,6.27069249523268,8.06189797006139,-0,0,0,83.1118913052618,1,0
11.44,100,27.5016644633604,17.6094600337138,2.29818038244588,5.99999975646162,4.45954834775708e-07,6.27095015236384,8.23578345820296,-0,0,0,83.3066830264449,1,0
11.46,100,27.5016644633604,17.6554272143136,2.29853719063811,5.99999976522004,4.29983578788785e-07,6.27120570825159,8.38324311737083,-0,0,0,83.5002553377601,1,0
11.48,100,27.5016644633604,17.7014015019434,2.29889108941669,5.99999977366476,4.14581733848847e-07,6.27145918003979,8.50531297693614,-0,0,0,83.6926565771282,1,0
11.5,100,27.5016644633604,17.7473828386524,2.29924210250424,5.99999978180697,3.99729100655982e-07,6.27171058473213,8.60298844413854,-0,0,0,83.8839331828391,1,0
11.52,100,27.5016644633604,17.7933711669626,2.29959025342997,5.99999978965746,3.85406192471146e-07,6.27195993919334,8.67722589689084,-0,0,0,84.0741297680719,1,0
11.54,100,27.5016644633604,17.8393664298642,2.29993556553129,5.99999979722663,3.71594210138211e-07,6.27220726015028,8.7289442141349,-0,0,0,84.2632891924931,1,0
11.56,100,27.5016644633604,17.8853685708127,2.30027806195532,5.99999980452451,3.58275017985956e-07,6.27245256419311,8.75902624618351,-0,0,0,84.4514526310473,1,0
11.58,100,27.5016644633604,17.9313775337244,2.30061776566047,5.99999981156079,3.45431120535811e-07,6.2726958677764,8.76832022741871,-0,0,0,84.6386596400502,1,0
11.6,100,27.5016644633604,17.9773932629729,2.30095469941798,5.99999981834481,3.33045640025932e-07,6.27293718722023,8.75764113358907,-0,0,1,84.8249482206891,1,0
11.62,100,27.5016644633604,18.0234157033855,2.30128888581345,5.99999982488557,3.21102294709219e-07,6.27317653871136,8.72777198589173,-0,0,0,85.0103548800345,1,0
11.64,100,27.5016644633604,18.0694448002392,2.30162034724831,5.99999983119175,3.09585377988879e-07,6.27341393830424,8.67946510391891,-0,0,0,85.1949146896579,1,0
11.66,100,27.5016644633604,18.1154804992572,2.30194910594141,5.99999983727172,2.98479738306713e-07,6.27364940192216,8.61344330947705,-0,0,0,85.3786613419518,1,0
11.68,100,27.5016644633604,18.1615227466056,2.30227518393038,5.99999984313358,2.87770759444888e-07,6.27388294535833,8.53040108320052,-0,0,0,85.5616272042406,1,0
11.7,100,27.5016644633604,18.2075714888889,2.30259860307325,5.9999998487851,2.77444341909083e-07,6.2741145842769,8.43100567581852,-0,0,0,85.7438433707694,1,0
11.72,100,27.5016644633604,18.2536266731475,2.30291938504978,5.99999985423381,2.67486884650907e-07,6.27434433421408,8.31589817584397,-0,0,0,85.9253397126546,1,0
11.74,100,27.5016644633604,18.2996882468533,2.30323755136302,5.99999985948695,2.5788526760665e-07,6.27457221057913,8.18569453540203,-0,0,0,86.1061449258754,1,0
11.76,100,27.5016644633604,18.3457561579065,2.30355312334068,5.99999986455151,2.48626834734328e-07,6.27479822865548,8.04098655583281,-0,0,0,86.2862865773826,1,0
11.78,100,27.5016644633604,18.3918303546324,2.30386612213658,5.99999986943423,2.39699377845861e-07,6.27502240360168,7.88234283464662,-0,0,0,86.4657911494003,1,0
11.8,100,28.4922348816407,18.4379107857774,2.3041765687321,5.99999987414161,2.31091120661893e-07,6.27524475045249,7.71030967535334,-0,0,0,86.6446840819897,1,0
11.82,100,28.4922348816407,18.4839974005059,2.30448448393752,5.99999987867993,2.22790703757165e-07,6.27546528411988,7.94045401891563,-0,0,0,86.8424102243534,1,0
11.84,100,28.4922348816407,18.5300901483967,2.30478988839347,5.99999988305522,2.14787169898162e-07,6.27568401939401,8.14196408022807,-0,0,0,87.0388111577288,1,0
11.86,100,28.4922348816407,18.5761889794399,2.3050928025723,5.99999988727332,2.07069949794222e-07,6.27590097094427,8.31596250383686,-0,0,0,87.2339392929634,1,0
11.88,100,28.4922348816407,18.6222938440332,2.30539324677943,5.99999989133986,1.9962884843176e-07,6.27611615332024,8.46352791575743,-0,0,0,87.4278449821874,1,0
11.9,100,28.4922348816407,18.6684046929789,2.30569124115472,5.99999989526025,1.92454032023385e-07,6.2763295809527,8.58569664946143,-0,0,0,87.6205765995672,1,0
11.92,100,28.4922348816407,18.7145214774804,2.30598680567385,5.99999989903973,1.85536015147861e-07,6.27654126815457,8.68346440417952,-0,0,0,87.8121806188923,1,0
11.94,100,28.4922348816407,18.760644149139,2.3062799601496,5.99999990268334,1.78865648579185e-07,6.27675122912194,8.7577878381876,-0,0,0,88.002701688119,1,0
11.96,100,28.4922348816407,18.8067726599506,2.30657072423325,5.99999990619595,1.72434107380707e-07,6.27695947793493,8.8095860996138,-0,0,0,88.1921827009918,1,0
11.98,100,28.4922348816407,18.8529069623024,2.30685911741582,5.99999990958224,1.66232879561155e-07,6.27716602855875,8.83974229722717,-0,0,0,88.3806648658557,1,0
12,100,28.4922348816407,18.8990470089702,2.30714515902943,5.99999991284675,1.60253754879083e-07,6.27737089484455,8.84910491355202,-0,0,1,88.5681877717706,1,0
12.02,100,28.4922348816407,18.9451927531144,2.30742886824858,5.99999991599382,1.54488814378842e-07,6.27757409053043,8.83848916257384,-0,0,0,88.7547894520322,1,0
12.04,100,28.4922348816407,18.9913441482777,2.30771026409142,5.99999991902768,1.48930419990171e-07,6.2777756292423,8.80867829421121,-0,0,0,88.9405064452032,1,0
12.06,100,28.4922348816407,19.0375011483814,2.30798936542106,5.99999992195237,1.43571204785094e-07,6.27797552449486,8.76042484763595,-0,0,0,89.1253738537501,1,0
12.08,100,28.4922348816407,19.0836637077226,2.30826619094678,5.99999992477181,1.38404063075796e-07,6.27817378969246,8.69445185545373,-0,0,0,89.3094254003815,1,0
12.1,100,28.4922348816407,19.129831780971,2.30854075922535,5.99999992748976,1.33422141551474e-07,6.27837043813004,8.61145400066219,-0,0,0,89.4926934821759,1,0
12.12,100,28.4922348816407,19.1760053231661,2.30881308866221,5.99999993010988,1.28618830256168e-07,6.27856548299401,8.51209872824965,-0,0,0,89.6752092225887,1,0
12.14,100,28.4922348816407,19.2221842897137,2.30908319751275,5.99999993263567,1.23987753863435e-07,6.27875893736314,8.39702731320399,-0,0,0,89.8570025214177,1,0
12.16,100,28.4922348816407,19.2683686363835,2.3093511038835,5.9999999350705,1.19522763544733e-07,6.27895081420947,8.26685588664852,-0,0,0,90.0381021028109,1,0
12.18,100,28.4922348816407,19.3145583193056,2.30961682573337,5.99999993741764,1.15217928965026e-07,6.27914112639911,8.12217642173622,-0,0,0,90.2185355613907,1,0
12.2,100,29.3267503243578,19.3607532949681,2.30988038087484,5.99999993968025,1.11067530522229e-07,6.2793298866932,7.96355768089153,-0,0,0,90.3983294065697,1,0
12.22,100,29.3267503243578,19.4069535202138,2.31014178697514,5.99999994186134,1.07066051735078e-07,6.27951710774871,8.14120224303471,-0,0,0,90.5938700140474,1,0
12.24,100,29.3267503243578,19.4531589522371,2.31040106155748,5.99999994396384,1.03208172351936e-07,6.2797028021193,8.29226881446042,-0,0,0,90.7881794195609,1,0
12.26,100,29.3267503243578,19.4993695485819,2.31065822200217,5.99999994599059,9.94887613217571e-08,6.27988698225618,8.41779942975315,-0,0,0,90.9813062801212,1,0
12.28,100,29.3267503243578,19.545585267138,2.3109132855478,5.99999994794428,9.59028699771064e-08,6.28006966050896,8.51879526558061,-0,0,0,91.173297341765,1,0
12.3,100,29.3267503243578,19.5918060661385,2.31116626929243,5.99999994982756,9.24457257154525e-08,6.28025084912645,8.59621824275004,-0,0,0,91.3641975145099,1,0
12.32,100,29.3267503243578,19.6380319041574,2.3114171901947,5.99999995164294,8.91127257228754e-08,6.28043056025749,8.65099256544194,-0,0,0,91.5540499443715,1,0
12.34,100,29.3267503243578,19.6842627401063,2.31166606507496,5.99999995339287,8.58994308780022e-08,6.28060880595179,8.68400620009575,-0,0,0,91.7428960825552,1,0
12.36,100,29.3267503243578,19.7304985332316,2.31191291061643,5.99999995507969,8.28015601860374e-08,6.28078559816073,8.69611229630583,-0,0,0,91.930775751936,1,0
12.38,100,29.3267503243578,19.7767392431124,2.3121577433663,5.99999995670567,7.98149849477452e-08,6.28096094873816,8.6881305520014,-0,0,0,92.1177272109302,1,0
12.4,100,29.4536909088187,19.8229848296571,2.31240057973683,5.999999958273,7.6935723490331e-08,6.28113486944119,8.66084852509835,-0,0,0,92.3037872148632,1,0
12.42,100,29.4536909088187,19.8692352531013,2.31264143600646,5.99999995978379,7.41599358771186e-08,6.28130737193102,8.66821010823638,-0,0,0,92.4914797806325,1,0
12.44,100,29.4536909088187,19.9154904740044,2.31288032832093,5.99999996124006,7.14839189776906e-08,6.28147846777368,8.65566959557614,-0,0,0,92.6782525427073,1,0
12.46,100,29.4536909088187,19.9617504532479,2.31311727269429,5.99999996264379,6.8904101633445e-08,6.28164816844081,8.62400726424574,-0,0,0,92.864141918055,1,0
12.48,100,29.4536909088187,20.0080151520319,2.31335228501003,5.99999996399685,6.64170398125505e-08,6.28181648531048,8.57397279704767,-0,0,0,93.0491828928516,1,0
12.5,100,29.4536909088187,20.054284531873,2.31358538102216,5.99999996530106,6.40194122843922e-08,6.2819834296679,8.50628648207159,-0,0,0,93.2334090786074,1,0
12.52,100,29.4536909088187,20.1005585546016,2.31381657635619,5.9999999665582,6.17080161667948e-08,6.28214901270621,8.42164036527114,-0,0,0,93.4168527660913,1,0
12.54,100,29.4536909088187,20.1468371823595,2.31404588651025,5.99999996776994,5.94797628231069e-08,6.28231324552721,8.32069935784826,-0,0,0,93.5995449771407,1,0
12.56,100,29.4536909088187,20.1931203775967,2.31427332685611,5.99999996893792,5.73316736744714e-08,6.28247613914215,8.20410230021453,-0,0,0,93.7815155144401,1,0
12.58,100,29.4536909088187,20.23940810307,2.31449891264018,5.99999997006372,5.52608764679739e-08,6.28263770447242,8.07246298423834,-0,0,0,93.962793009347,1,0
12.6,100,30.2825594531412,20.2857003218395,2.31472265898456,5.99999997114886,5.32646013221533e-08,6.2827979523503,7.92637113540185,-0,0,0,94.1434049678431,1,0
12.62,100,30.2825594531412,20.3319969972665,2.31494458088807,5.99999997219478,5.13401772071882e-08,6.28295689351973,8.11368346276235,-0,0,0,94.3396280145772,1,0
12.64,100,30.2825594531412,20.3782980930113,2.3151646932272,5.99999997320292,4.94850284250827e-08,6.28311453863695,8.27403680712771,-0,0,0,94.5346001561615,1,0
12.66,100,30.2825594531412,20.4246035730303,2.31538301075717,5.99999997417463,4.76966710898529e-08,6.28327089827129,8.40848815760963,-0,0,0,94.7283707646476,1,0
12.68,100,30.2825594531412,20.4709134015738,2.31559954811287,5.99999997511122,4.59727101272032e-08,6.28342598290586,8.51805305889939,-0,0,0,94.920987273545,1,0
12.7,100,30.2825594531412,20.5172275431838,2.31581431980985,5.99999997601395,4.43108358713331e-08,6.28357980293823,8.60370723632224,-0,0,0,95.1124952538532,1,0
12.72,100,30.2825594531412,20.5635459626912,2.31602734024534,5.99999997688405,4.270882121304e-08,6.28373236868115,8.66638815717038,-0,0,0,95.3029384871135,1,0
12.74,100,30.2825594531412,20.6098686252138,2.31623862369915,5.99999997772269,4.11645184827752e-08,6.28388369036325,8.70699653081539,-0,0,0,95.4923590355957,1,0
12.76,100,30.2825594531412,20.6561954961538,2.31644818433466,5.999999978531,3.96758568425893e-08,6.28403377812971,8.72639775000328,-0,0,0,95.6807973097329,1,0
12.78,100,30.2825594531412,20.7025265411955,2.31665603619976,5.99999997931008,3.82408393600217e-08,6.28418264204295,8.72542327563243,-0,0,0,95.8682921329112,1,0
12.8,100,30.3696217303316,20.7488617263029,2.3168621932278,5.99999998006098,3.68575404742592e-08,6.28433029208332,8.70487196723418,-0,0,0,96.0548808037199,1,0
12.82,100,30.3696217303316,20.7952010177179,2.31706666923853,5.99999998078472,3.55241035047009e-08,6.28447673814972,8.70198984476466,-0,0,0,96.2423060360816,1,0
12.84,100,30.3696217303316,20.8415443819571,2.317269477939,5.99999998148227,3.42387380747091e-08,6.28462199006034,8.67960552459164,-0,0,0,96.4288284480171,1,0
12.86,100,30.3696217303316,20.8878917858107,2.31747063292451,5.99999998215458,3.29997178216102e-08,6.28476605755326,8.63848361799542,-0,0,0,96.614483737561,1,0
12.88,100,30.3696217303316,20.9342431963393,2.31767014767948,5.99999998280255,3.18053781491024e-08,6.28490895028713,8.57935875607508,-0,0,0,96.7993062005783,1,0
12.9,100,30.3696217303316,20.9805985808722,2.31786803557841,5.99999998342708,3.06541139160528e-08,6.2850506778418,8.50293676529213,-0,0,0,96.9833287857647,1,0
12.92,100,30.3696217303316,21.0269579070052,2.31806430988672,5.999999984029,2.95443775705717e-08,6.28519124971901,8.40989579690182,-0,0,0,97.1665831474888,1,0
12.94,100,30.3696217303316,21.0733211425982,2.3182589837617,5.99999998460912,2.84746768282083e-08,6.28533067534296,8.30088741211283,-0,0,0,97.3490996965635,1,0
12.96,100,30.3696217303316,21.1196882557732,2.31845207025331,5.99999998516824,2.74435727636173e-08,6.285468964061,8.17653762469038,-0,0,0,97.5309076490252,1,0
12.98,100,30.3696217303316,21.1660592149121,2.31864358230514,5.99999998570711,2.6449677987041e-08,6.28560612514422,8.037447902685,-0,0,0,97.7120350730015,1,0
13,100,31.2406931642909,21.2124339886548,2.31883353275523,5.99999998622647,2.5491654852597e-08,6.2857421677881,7.88419613087267,-0,0,0,97.8925089337398,1,0
13.02,100,31.2406931642909,21.2588125458966,2.31902193433693,5.99999998672701,2.45682134545288e-08,6.28587710111312,8.08231035651639,-0,0,0,98.0894327362338,1,0
13.04,100,31.2406931642909,21.3051948557867,2.31920879967977,5.99999998720942,2.36781101747522e-08,6.28601093416535,8.25304042596895,-0,0,0,98.2850841464676,1,0
13.06,100,31.2406931642909,21.3515808877258,2.3193941413103,5.99999998767435,2.28201458805412e-08,6.28614367591709,8.3974600128687,-0,0,0,98.4795133301724,1,0
13.08,100,31.2406931642909,21.397970611364,2.31957797165293,5.99999998812243,2.19931645038802e-08,6.28627533526746,8.51660069211747,-0,0,0,98.6727684838144,1,0
13.1,100,31.2406931642909,21.4443639965989,2.31976030303076,5.99999998855427,2.11960512391495e-08,6.28640592104299,8.61145359058824,-0,0,0,98.8648959118294,1,0
13.12,100,31.2406931642909,21.4907610135736,2.31994114766641,5.99999998897046,2.04277313345151e-08,6.28653544199821,8.6829709731131,-0,0,0,99.0559401008283,1,0
13.14,100,31.2406931642909,21.5371616326748,2.32012051768284,5.99999998937157,1.96871685546597e-08,6.28666390681626,8.73206776627864,-0,0,0,99.2459437908927,1,0
13.16,100,31.2406931642909,21.5835658245304,2.32029842510416,5.99999998975813,1.89733637919413e-08,6.28679132410945,8.75962302247438,-0,0,0,99.4349480440755,1,0
13.18,100,31.2406931642909,21.6299735600079,2.32047488185643,5.99999999013067,1.82853537093562e-08,6.28691770241986,8.76648132653744,-0,0,0,99.6229923102149,1,0
13.2,100,31.2832059013471,21.6763848102124,2.32064989976847,5.99999999048971,1.7622209606141e-08,6.28704305021988,8.75345414723768,-0,0,0,99.8101144901675,1,0
13.22,100,31.2832059013471,21.7227995464846,2.32082349057265,5.99999999083572,1.69830359653196e-08,6.28716737591282,8.73913367441161,-0,0,0,99.9971844706762,1,0
13.24,100,31.2832059013471,21.7692177403989,2.32099566590566,5.99999999116918,1.63669694465275e-08,6.28729068783343,8.70575801101458,-0,0,0,100.183371079414,1,0
13.26,100,31.2832059013471,21.8156393637614,2.32116643730934,5.99999999149055,1.57731777622156e-08,6.2874129942485,8.65407425313134,-0,0,0,100.368709206819,1,0
13.28,100,31.2832059013471,21.8620643886081,2.32133581623139,5.99999999180025,1.52008583418174e-08,6.2875343033574,8.58480020335217,-0,0,0,100.553232373196,1,0
13.3,100,31.2832059013471,21.9084927872032,2.32150381402616,5.99999999209872,1.4649237557814e-08,6.28765462329262,8.49862551938001,-0,0,0,100.736972782452,1,0
13.32,100,31.2832059013471,21.9549245320368,2.32167044195545,5.99999999238636,1.41175693899013e-08,6.28777396212031,8.39621281760374,-0,0,0,100.919961373733,1,0
13.34,100,31.2832059013471,22.0013595958235,2.32183571118919,5.99999999266355,1.36051347464713e-08,6.28789232784086,8.27819873339677,-0,0,0,101.102227871029,1,0
13.36,100,31.2832059013471,22.0477979515003,2.32199963280626,5.99999999293069,1.31112403196126e-08,6.2880097283894,8.14519493984722,-0,0,0,101.283800830843,1,0
13.38,100,31.2832059013471,22.0942395722249,2.3221622177952,5.99999999318812,1.26352176733516e-08,6.28812617163634,7.99778912653376,-0,0,0,101.46470768798,1,0
13.4,100,32.2014083857952,22.1406844313739,2.32232347705493,5.99999999343621,1.21764223530969e-08,6.28824166538791,7.83654593993083,-0,0,0,101.644974799548,1,0
13.42,100,32.2014083857952,22.187132502541,2.32248342139554,5.99999999367529,1.17342330692969e-08,6.28835621738667,8.04672828755883,-0,0,0,101.842629104033,1,0
13.44,100,32.2014083857952,22.2335837595351,2.32264206153893,5.99999999390568,1.13080508810979e-08,6.28846983531204,8.22905190186698,-0,0,0,102.03898745803,1,0
13.46,100,32.2014083857952,22.2800381763789,2.3227994081196,5.99999999412771,1.08972983587972e-08,6.28858252678081,8.38460907617563,-0,0,0,102.234100909537,1,0
13.48,100,32.2014083857952,22.3264957273065,2.32295547168533,5.99999999434168,1.05014188311128e-08,6.28869429934764,8.51444927488775,-0,0,0,102.428018503029,1,0
13.5,100,32.2014083857952,22.3729563867626,2.32311026269789,5.99999999454787,1.01198755370348e-08,6.28880516050561,8.61958081283155,-0,0,0,102.620787358039,1,0
13.52,100,32.2014083857952,22.4194201294,2.32326379153375,5.99999999474656,9.75215113814054e-09,6.28891511768665,8.70097246875294,-0,0,0,102.812452744643,1,0
13.54,100,32.2014083857952,22.4658869300781,2.32341606848478,5.99999999493804,9.39774684924296e-09,6.28902417826211,8.7595550355437,-0,0,0,103.003058156,1,0
13.56,100,32.2014083857952,22.5123567638616,2.32356710375891,5.99999999512256,9.05618181288167e-09,6.28913234954322,8.79622280968153,-0,0,0,103.192645378039,1,0
13.58,100,32.2014083857952,22.5588296060182,2.32371690748084,5.99999999530037,8.72699242080445e-09,6.28923963878158,8.81183502227688,-0,0,0,103.381254556414,1,0
13.6,100,32.2014083857952,22.6053054320175,2.32386548969272,5.99999999547172,8.40973184748594e-09,6.28934605316965,8.80721721399634,-0,0,1,103.568924260838,1,0
13.62,100,32.2014083857952,22.651784217529,2.32401286035482,5.99999999563684,8.10396933980378e-09,6.28945159984124,8.78316255608044,-0,0,0,103.755691546886,1,0
13.64,100,32.2014083857952,22.6982659384206,2.32415902934618,5.99999999579595,7.80928948551103e-09,6.28955628587198,8.74043311956588,-0,0,0,103.941592015388,1,0
13.66,100,32.2014083857952,22.744750570757,2.32430400646529,5.99999999594928,7.52529196939363e-09,6.28966011827979,8.67976109473485,-0,0,0,104.126659869476,1,0
13.68,100,32.2014083857952,22.7912380907982,2.32444780143076,5.99999999609703,7.25159087354839e-09,6.28976310402537,8.60184996275282,-0,0,0,104.310927969409,1,0
13.7,100,32.2014083857952,22.8377284749975,2.32459042388193,5.99999999623941,6.98781410488311e-09,6.28986525001266,8.50737562136828,-0,0,0,104.494427885241,1,0
13.72,100,32.2014083857952,22.8842217000005,2.32473188337955,5.99999999637661,6.73360301345006e-09,6.28996656308927,8.39698746646545,-0,0,0,104.677189947423,1,0
13.74,100,32.2014083857952,22.930717742643,2.32487218940643,5.99999999650881,6.48861193656647e-09,6.290067050047,8.27130943121544,-0,0,0,104.859243295422,1,0
13.76,100,32.2014083857952,22.9772165799497,2.32501135136802,5.99999999663621,6.25250739307398e-09,6.29016671762225,8.13094098448264,-0,0,0,105.040615924439,1,0
13.78,100,32.2014083857952,23.0237181891328,2.3251493785931,5.99999999675897,6.02496828477381e-09,6.29026557249648,7.97645809007474,-0,0,0,105.221334730284,1,0
13.8,100,33.1524669202368,23.0702225475902,2.32528628033439,5.99999999687726,5.80568482563997e-09,6.29036362129667,7.80841412838944,-0,0,0,105.401425552502,1,0
13.82,100,33.1524669202368,23.1167296329042,2.32542206576916,5.99999999699125,5.59435845700451e-09,6.29046087059575,8.02582763703098,-0,0,0,105.599558984664,1,0
13.84,100,33.1524669202368,23.1632394228397,2.32555674399982,5.99999999710109,5.39070138107617e-09,6.29055732691306,8.21509770351175,-0,0,0,105.796381996545,1,0
13.86,100,33.1524669202368,23.209751895343,2.32569032405461,5.99999999720693,5.19443620047747e-09,6.29065299671476,8.3773277942915,-0,0,0,105.991946168309,1,0
13.88,100,33.1524669202368,23.2562670285404,2.3258228148881,5.99999999730891,5.00529544116155e-09,6.29074788641431,8.51357810873577,-0,0,0,106.186301056021,1,0
13.9,100,33.1524669202368,23.3027848007363,2.32595422538188,5.99999999740719,4.82302136157888e-09,6.29084200237282,8.62486727562555,-0,0,0,106.379494271024,1,0
13.92,100,33.1524669202368,23.3493051904122,2.32608456434511,5.99999999750188,4.64736549679773e-09,6.29093535089958,8.71217398317361,-0,0,0,106.571571556207,1,0
13.94,100,33.1524669202368,23.3958281762249,2.32621384051511,5.99999999759312,4.47808820262471e-09,6.29102793825239,8.77643854510349,-0,0,0,106.762576859278,1,0
13.96,100,33.1524669202368,23.4423537370053,2.32634206255797,5.99999999768104,4.31495876162322e-09,6.29111977063803,8.81856440533628,-0,0,0,106.952552403174,1,0
13.98,100,33.1524669202368,23.488881851757,2.32646923906911,5.99999999776576,4.15775448195633e-09,6.29121085421268,8.83941958366947,-0,0,0,107.141538753694,1,0
14,100,33.1524669202368,23.5354124996548,2.32659537857386,5.99999999784739,4.00626085641445e-09,6.2913011950823,8.83983806477653,-1.2,0,1,107.329574884497,1,0
14.02,100,33.1524669202368,23.5817063303435,2.30282095344503,6.00000266561754,0.000396362311955535,6.29065870643159,10.8505933441855,-1.2,0,0,107.514769708655,1,0
14.04,100,33.1524669202368,23.6275266616897,2.27924512018333,6.00002071836461,0.00152326323880888,6.28863168841574,12.7834410645078,-1.2,0,0,107.695311985198,1,0
14.06,100,33.1524669202368,23.6728774463624,2.25586597532569,6.00006787736083,0.00329294366608786,6.28533478167693,14.6415870573601,-1.2,0,0,107.871354674973,1,0
14.08,100,33.1524669202368,23.7177625997379,2.23268169184067,6.0001561786996,0.00562457074419795,6.28087509014893,16.4281033505741,-1.2,0,0,108.043044781904,1,0
14.1,100,33.1524669202368,23.7621860013592,2.20969051236544,6.00029610731032,0.00844378743347093,6.27535262619212,18.1459338293666,-1.2,0,0,108.210523597633,1,0
14.12,100,33.1524669202368,23.8061514962661,2.18689074295622,6.00049672215445,0.0116822848275759,6.26886073118609,19.7978996552667,-1.2,0,0,108.373926935885,1,0
14.14,100,33.1524669202368,23.8496628962054,2.16428074731888,6.00076577312352,0.0152773997892007,6.26148647286833,21.386704453275,-1.2,0,0,108.533385356995,1,0
14.16,100,33.1524669202368,23.8927239807298,2.14185894148816,6.00110981013126,0.0191717365027031,6.25331102064211,22.9149392772481,-1.2,0,0,108.689024383027,1,0
14.18,100,33.1524669202368,23.9353384981949,2.11962378892582,6.00153428486493,0.0233128106215911,6.24441000001489,24.3850873630775,-1.2,0,0,108.840964703859,1,0
14.2,100,33.1524669202368,23.9775101666618,2.09757379601003,6.00204364563503,0.0276527147581653,6.23485382726956,25.7995286788012,-1.2,0,1,108.989322374648,1,0
14.22,100,33.1524669202368,24.0192426747135,2.07570750788949,6.00264142573825,0.0321478041286002,6.22470802541469,27.1605442804265,-1.2,0,0,109.134209005023,1,0
14.24,100,33.1524669202368,24.0605396821917,2.054023504678,6.00333032572551,0.0367584012293589,6.21403352240694,28.4703204818043,-1.2,0,0,109.275731940357,1,0
14.26,100,33.1524669202368,24.1014048208607,2.03252039796607,6.00411228994489,0.0414485184802607,6.20288693258778,29.7309528465962,-1.2,0,0,109.413994435468,1,0
14.28,100,33.1524669202368,24.1418416950046,2.01119682762792,6.00498857770866,0.0461855978259369,6.19132082222896,30.9444500099792,-1.2,0,0,109.549095821057,1,0
14.3,100,33.1524669202368,24.1818538819632,1.99005145890345,6.0059598294139,0.0509402663409444,6.17938396003508,32.1127373374203,-1.2,0,0,109.681131663196,1,0
14.32,100,33.1524669202368,24.2214449326125,1.96908297973597,6.00702612792772,0.055686106934617,6.16712155340827,33.2376604275418,-1.2,0,0,109.810193916159,1,0
14.34,100,33.1524669202368,24.2606183717939,1.94829009834774,6.00818705553037,0.060399443299946,6.15457547123874,34.32098846578,-1.2,0,0,109.936371068886,1,0
14.36,100,33.1524669202368,24.2993776986975,1.92767154103631,6.00944174669299,0.0650591382965272,6.14178445394549,35.3644174352566,-1.2,0,0,110.059748285336,1,0
14.38,100,33.1524669202368,24.3377263872033,1.90722605017605,6.01078893695097,0.0696464050010129,6.12878431145444,36.3695731909974,-1.2,0,0,110.180407538998,1,0
14.4,100,33.1524669202368,24.3756678861844,1.88695238240965,6.01222700811886,0.0741446296996795,6.11560810976549,37.3380144033896,-1.2,0,1,110.29842774181,1,0
14.42,100,33.1524669202368,24.4132056197755,1.86684930701615,6.01375403007886,0.0785392061367791,6.1022863467265,38.2712353764762,-1.2,0,0,110.413884867702,1,0
14.44,100,33.1524669202368,24.4503429876113,1.84691560444192,6.01536779936134,0.0828173803693838,6.08884711760034,39.1706687464756,-1.2,0,0,110.526852071025,1,0
14.46,100,33.1524669202368,24.4870833650355,1.82715006498288,6.01706587472342,0.0869681056145653,6.0753162709803,40.037688065668,-1.2,0,0,110.637399800045,1,0
14.48,100,33.1524669202368,24.5234301032866,1.80755148760614,6.01884560991953,0.0909819065080683,6.0617175555808,40.8736102765737,-1.2,0,0,110.745595905736,1,0
14.5,100,33.1524669202368,24.5593865296603,1.78811867890054,6.02070418384667,0.0948507522252225,6.04807275840257,41.67969808112,-1.2,0,0,110.851505746063,1,0
14.52,100,33.1524669202368,24.5949559476522,1.76885045214613,6.02263862823632,0.098567937944793,6.03440183474558,42.4571622093121,-1.2,0,0,110.955192285941,1,0
14.54,100,33.1524669202368,24.6301416370837,1.74974562649299,6.02464585305497,0.102127974164859,6.02072303051817,43.2071635917154,-1.2,0,0,111.056716193055,1,0
14.56,100,33.1524669202368,24.6649468542119,1.73080302624097,6.02672266976567,0.105526483406725,6.00705299726748,43.9308154398708,-1.2,0,0,111.156135929719,1,0
14.58,100,33.1524669202368,24.6993748318258,1.71202148021195,6.02886581259368,0.108760103868383,5.99340690033379,44.6291852385827,-1.2,0,0,111.253507840937,1,0
14.6,100,33.1524669202368,24.7334287793318,1.69339982120701,6.03107195793143,0.111826399613211,5.97979852051037,45.3032966538713,-1.2,0,1,111.348886238827,1,0
14.62,100,33.1524669202368,24.7671118828279,1.67493688554154,6.03333774200918,0.114723776902515,5.96624034957028,45.9541313601783,-1.2,0,0,111.442323483559,1,0
14.64,100,33.1524669202368,24.8004273051703,1.65663151265156,6.03565977695069,0.11745140630221,5.95274368000246,46.5826307903007,-1.2,0,0,111.533870060955,1,0
14.66,100,33.1524669202368,24.8333781860325,1.63848254476497,6.03803466532594,0.120009150214519,5.93931868928132,47.1896978113479,-1.2,0,0,111.623574656896,1,0
14.68,100,33.1524669202368,24.8659676419579,1.62048882663225,6.0404590133058,0.122397495505041,5.9259745189769,47.7761983298909,-1.2,0,0,111.711484228662,1,0
14.7,100,33.1524669202368,24.8981987664086,1.60264920531092,6.04292944251778,0.124617490913974,5.91271934899639,48.3429628293289,-1.2,0,0,111.797644073337,1,0
14.72,100,33.1524669202368,24.9300746298093,1.58496252999902,6.0454426006952,0.126670688957792,5.89956046723212,48.8907878423687,-1.2,0,0,111.882097893404,1,0
14.74,100,33.1524669202368,24.961598279589,1.5674276519129,6.04799517120714,0.128559092044166,5.88650433487672,49.4204373613935,-1.2,0,0,111.964887859647,1,0
14.76,100,33.1524669202368,24.9927727402206,1.55004342420496,6.0505838815505,0.13028510253865,5.87355664765196,49.9326441893677,-1.2,0,0,112.046054671471,1,0
14.78,100,33.1524669202368,25.023601013259,1.53280870191744,6.05320551088089,0.131851476536424,5.86072239318473,50.4281112338148,-1.2,0,0,112.125637614748,1,0
14.8,100,33.1524669202368,25.0540860773785,1.51572234196848,6.05585689665412,0.133261281106463,5.84800590475094,50.9075127463097,-1.2,0,1,112.203674617295,1,0
14.82,100,33.1524669202368,25.0842308884109,1.49878320316711,6.05853494044534,0.134517854788777,5.83541091159637,51.3714955097868,-1.2,0,0,112.280202302086,1,0
14.84,100,33.1524669202368,25.1140383793834,1.48199014625386,6.06123661300902,0.135624771137941,5.822940586032,51.8206799759096,-1.2,0,0,112.355256038279,1,0
14.86,100,33.1524669202368,25.1435114605575,1.46534203396417,6.06395895863855,0.136585805118025,5.81059758749094,52.2556613546184,-1.2,0,0,112.428869990168,1,0
14.88,100,33.1524669202368,25.1726530194703,1.44883773111191,6.06669909888082,0.137404902165301,5.7983841037236,52.6770106578923,-1.2,0,0,112.50107716413,1,0
14.9,100,33.1524669202368,25.2014659209769,1.4324761046903,6.06945423565717,0.138086149745742,5.7863018892984,53.0852756996811,-1.2,0,0,112.571909453667,1,0
14.92,100,33.1524669202368,25.2299530072948,1.41625602398822,6.07222165383912,0.138633751244398,5.77435230156601,53.4809820538675,-1.2,0,0,112.6413976826,1,0
14.94,100,33.1524669202368,25.2581170980513,1.40017636071953,6.07499872332395,0.139052002033262,5.76253633423656,53.8646339720422,-1.2,0,0,112.709571646523,1,0
14.96,100,33.1524669202368,25.2859609903335,1.38423598916363,6.07778290065215,0.139345267573234,5.75085464871102,54.2367152628042,-1.2,0,0,112.776460152553,1,0
14.98,100,33.1524669202368,25.313487458741,1.3684337863153,6.0805717302062,0.139517963414305,5.73930760330017,54.5976901342241,-1.2,0,0,112.842091057479,1,0
15,100,33.1524669202368,25.3406992554416,1.35276863204234,6.08336284502711,0.139574536966128,5.72789528045729,54.9480040010283,-1.2,0,1,112.90649130436,1,0
15.02,100,33.1524669202368,25.3675991102308,1.33723940924942,6.08615396728327,0.139519450918748,5.71661751214355,55.2880842580004,-1.2,0,0,112.969686957635,1,0
15.04,100,33.1524669202368,25.3941897305937,1.32184500404673,6.0889429084231,0.139357168200433,5.70547390343879,55.6183410210463,-1.2,0,0,113.03170323682,1,0
15.06,100,33.1524669202368,25.4204738017713,1.30658430592231,6.09172756904141,0.139092138366353,5.69446385450366,55.9391678372735,-1.2,0,0,113.092564548831,1,0
15.08,100,33.1524669202368,25.4464539868294,1.29145620791676,6.09450593848703,0.138728785318247,5.68358658099362,56.2509423654215,-1.2,0,0,113.152294519011,1,0
15.1,100,33.1524669202368,25.4721329267317,1.27645960679943,6.09727609423727,0.138271496261285,5.67284113301938,56.5540270278758,-1.2,0,0,113.210916020901,1,0
15.12,100,33.1524669202368,25.4975132404162,1.26159340324503,6.10003620106324,0.137724611810032,5.66222641274314,56.8487696354919,-1.2,0,0,113.268451204808,1,0
15.14,100,33.1524669202368,25.5225975248747,1.24685650201001,6.10278451000803,0.137092417160826,5.65174119069492,57.1355039863593,-1.2,0,0,113.324921525228,1,0
15.16,100,33.1524669202368,25.5473883552364,1.23224781210766,6.10551935719838,0.136379134252985,5.64138412088863,57.4145504396223,-1.2,0,0,113.380347767159,1,0
15.18,100,33.1524669202368,25.571888284855,1.21776624698155,6.10823916250887,0.135588914846033,5.63115375481274,57.6862164654061,-1.2,0,0,113.434750071362,1,0
15.2,100,33.1524669202368,25.5960998453986,1.20341072467648,6.11094242809613,0.1347258344447,5.62104855436644,57.9507971718546,-1.2,0,1,113.488147958608,1,0
15.22,100,33.1524669202368,25.6200255469436,1.18918016800652,6.11362773681969,0.133793887007716,5.611066903808,58.2085758102606,-1.2,0,0,113.540560352949,1,0
15.24,100,33.1524669202368,25.6436678780719,1.17507350471959,6.11629375056412,0.132796980380444,5.60120712077803,58.4598242591917,-1.2,0,0,113.59200560406,1,0
15.26,100,33.1524669202368,25.667029305971,1.16108966765826,6.1189392084768,0.131738932395212,5.59146746645719,58.7048034885193,-1.2,0,0,113.642501508684,1,0
15.28,100,33.1524669202368,25.6901122765374,1.14722759491623,6.12156292513372,0.130623467586782,5.58184615491389,58.9437640041802,-1.2,0,0,113.692065331228,1,0
15.3,100,33.1524669202368,25.7129192144834,1.13348622999034,6.12416378864555,0.129454214473782,5.57234136169481,59.1769462744982,-1.2,0,0,113.740713823528,1,0
15.32,100,33.1524669202368,25.7354525234463,1.1198645219278,6.1267407587144,0.128234703360088,5.56295123170761,59.4045811388322,-1.2,0,0,113.78846324383,1,0
15.34,100,33.1524669202368,25.7577145861013,1.10636142546826,6.12929286465163,0.126968364613169,5.55367388644249,59.6268901992953,-1.2,0,0,113.835329375019,1,0
15.36,100,33.1524669202368,25.7797077642763,1.0929759011808,6.13181920336551,0.125658527379215,5.54450743057662,59.8440861962646,-1.2,0,0,113.881327542114,1,0
15.38,100,33.1524669202368,25.8014343990699,1.07970691559542,6.13431893732736,0.124308418697527,5.53544995800252,60.056373368353,-1.2,0,0,113.926472629083,1,0
15.4,100,33.1524669202368,25.8228968109721,1.06655344132904,6.13679129252358,0.122921162979157,5.52649955731941,60.2639477975073,-1.2,0,1,113.970779094972,1,0
15.42,100,33.1524669202368,25.8440972999872,1.05351445720591,6.13923555640067,0.121499781817138,5.51765431682402,60.4669977398455,-1.2,0,0,114.014260989416,1,0
15.44,100,33.1524669202368,25.8650381457588,1.04058894837231,6.14165107580952,0.12004719409786,5.50891232903518,60.6657039428375,-1.2,0,0,114.05693196752,1,0
15.46,100,33.1524669202368,25.8857216076976,1.02777590640555,6.14403725495465,0.118566216385222,5.50027169478455,60.860239949409,-1.2,0,0,114.09880530416,1,0
15.48,100,33.1524669202368,25.9061499251112,1.0150743294172,6.14639355335372,0.117059563551167,5.49173052690375,61.0507723895031,-1.2,0,0,114.139893907719,1,0
15.5,100,33.1524669202368,25.9263253173354,1.00248322215058,6.14871948381184,0.115529849628038,5.48328695353644,61.2374612596329,-1.2,0,0,114.180210333283,1,0
15.52,100,33.1524669202368,25.946249983868,0.990001596072563,6.15101461041498,0.113979588859907,5.47493912110207,61.4204601909294,-1.2,0,0,114.219766795315,1,0
15.54,100,33.1524669202368,25.9659261045042,0.977628469459574,6.15327854654621,0.112411196931695,5.46668519693648,61.5999167061625,-1.2,0,0,114.258575179831,1,0
15.56,100,33.1524669202368,25.9853558394734,0.965362867478058,6.15551095292816,0.110826992356371,5.45852337163286,61.7759724661976,-1.2,0,0,114.296647056106,1,0
15.58,100,33.1524669202368,26.0045413295779,0.95320382225929,6.15771153569462,0.109229198002008,5.45045186110518,61.9487635063287,-1.2,0,0,114.333993687912,1,0
15.6,100,33.1524669202368,26.0234846963327,0.941150372968696,6.15988004449394,0.107619942741771,5.44246890839483,62.1184204629114,-1.2,0,1,114.370626044318,1,0
15.62,100,33.1524669202368,26.0421880421073,0.929201565869744,6.16201627062655,0.106001263211193,5.43457278523996,62.285068790703,-1.2,0,0,114.406554810078,1,0
15.64,100,33.1524669202368,26.0606534502676,0.917356454382495,6.16412004521859,0.104375105658279,5.42676179342557,62.4488289712923,-1.2,0,0,114.441790395602,1,0
15.66,100,33.1524669202368,26.0788829853202,0.905614099136933,6.16619123743326,0.102743327873079,5.41903426593156,62.6098167129925,-1.2,0,0,114.476342946545,1,0
15.68,100,33.1524669202368,26.0968786930566,0.893973568021161,6.16822975272162,0.101107701184407,5.41138856789461,62.7681431425571,-1.2,0,0,114.510222353021,1,0
15.7,100,33.1524669202368,26.1146426006991,0.882433936224597,6.17023553111373,0.0994699125123498,5.4038230973988,62.9239149890559,-1.2,0,0,114.543438258465,1,0
15.72,100,33.1524669202368,26.1321767170471,0.87099428627628,6.17220854555142,0.0978315664661457,5.39633628610896,63.0772347602317,-1.2,0,0,114.576000068144,1,0
15.74,100,33.1524669202368,26.1494830326244,0.859653708078422,6.17414880026337,0.0961941874778172,5.38892659975986,63.2282009116639,-1.2,0,0,114.607916957342,1,0
15.76,100,33.1524669202368,26.1665635198265,0.848411298935313,6.17605632918309,0.0945592219627823,5.38159253851328,63.3769080090219,-1.2,0,0,114.639197879233,1,0
15.78,100,33.1524669202368,26.1834201330696,0.837266163577742,6.17793119441042,0.0929280404993836,5.3743326371945,63.5234468837119,-1.2,0,0,114.669851572445,1,0
15.8,100,33.1524669202368,26.2000548089386,0.826217414183042,6.1797734847166,0.0913019400199794,5.36714546541875,63.6679047821729,-1.2,0,1,114.699886568335,1,0
15.82,100,33.1524669202368,26.2164694663368,0.815264170390908,6.18158331409341,0.0896821460068871,5.36002962761751,63.8103655091037,-1.2,0,0,114.729311197988,1,0
15.84,100,33.1524669202368,26.2326660066348,0.80440555931512,6.18336082034603,0.0880698146870739,5.35298376297392,63.95090956486,-1.2,0,0,114.758133598938,1,0
15.86,100,33.1524669202368,26.2486463138206,0.793640715551313,6.1851061637299,0.0864660352200539,5.34600654527599,64.0896142772649,-1.2,0,0,114.786361721647,1,0
15.88,100,33.1524669202368,26.2644122546487,0.782968781180926,6.18681952563109,0.0848718318739737,5.33909668269539,64.226553928068,-1.2,0,0,114.814003335721,1,0
15.9,100,33.1524669202368,26.2799656787901,0.772388905771481,6.18850110729016,0.0832881661853608,5.33225291749953,64.361799874275,-1.2,0,0,114.8410660359,1,0
15.92,100,33.1524669202368,26.2953084189821,0.761900246373304,6.19015112856892,0.0817159390984632,5.32547402570363,64.495420664551,-1.2,0,0,114.867557247815,1,0
15.94,100,33.1524669202368,26.3104422911778,0.751501967512858,6.1917698267598,0.0801559930805287,5.31875881666939,64.6274821509095,-1.2,0,0,114.893484233529,1,0
15.96,100,33.1524669202368,26.3253690946954,0.741193241182797,6.19335745543721,0.0786091142097722,5.31210613265602,64.7580475958836,-1.2,0,0,114.918854096865,1,0
15.98,100,33.1524669202368,26.3400906123675,0.73097324682888,6.19491428335044,0.0770760342331369,5.30551484832941,64.8871777753526,-1.2,0,0,114.943673788534,1,0
16,100,33.1524669202368,26.3546086106901,0.720841171333897,6.19644059335728,0.0755574325912984,5.29898387023432,65.0149310772216,-1.2,0,1,114.967950111074,1,0
16.02,100,33.1524669202368,26.3689248399711,0.710796208998703,6.19793668139789,0.0740539384086739,5.29251213623443,65.1413635961037,-1.2,0,0,114.991689723591,1,0
16.04,100,33.1524669202368,26.3830410344783,0.700837561520522,6.19940285550809,0.0725661324464871,5.28609861492476,65.2665292241898,-1.2,0,0,115.01489914634,1,0
16.06,100,33.1524669202368,26.3969589125874,0.690964437968624,6.20083943487125,0.0710945490172096,5.27974230502021,65.3904797384524,-1.2,0,0,115.037584765113,1,0
16.08,100,33.1524669202368,26.4106801769286,0.681176054757512,6.20224674890818,0.0696396778589474,5.27344223472422,65.5132648843284,-1.2,0,0,115.059752835483,1,0
16.1,100,33.1524669202368,26.4242065145341,0.671471635617736,6.20362513640398,0.0682019659685696,5.26719746108084,65.6349324560392,-1.2,0,0,115.081409486873,1,0
16.12,100,33.1524669202368,26.4375395969832,0.661850411564445,6.20497494467128,0.0667818193925863,5.26100706931343,65.7555283736766,-1.2,0,0,115.102560726487,1,0
16.14,100,33.1524669202368,26.4506810805483,0.65231162086381,6.20629652874871,0.0653796049749792,5.25487017215282,65.8750967571899,-1.2,0,0,115.123212443085,1,0
16.16,100,33.1524669202368,26.4636326063393,0.642854508997416,6.207590250634,0.0639956520613645,5.24878590915773,65.993679997398,-1.2,0,0,115.143370410622,1,0
16.18,100,33.1524669202368,26.4763958004475,0.633478328624739,6.2088564785507,0.0626302541590306,5.24275344602964,66.1113188241566,-1.2,0,0,115.163040291753,1,0
16.2,100,33.1524669202368,26.488972274089,0.624182339543816,6.21009558624758,0.0612836705525466,5.23677197392465,66.2280523717866,-1.2,0,1,115.18222764121,1,0
16.22,100,33.1524669202368,26.5013636237466,0.614965808650212,6.21130795233004,0.0599561278747691,5.23084070876405,66.3439182418835,-1.2,0,0,115.200937909048,1,0
16.24,100,33.1524669202368,26.513571431312,0.605828009894389,6.21249395962236,0.0586478216332047,5.22495889054569,66.4589525636093,-1.2,0,0,115.219176443782,1,0
16.26,100,33.1524669202368,26.5255972642258,0.59676822423756,6.2136539945601,0.0573589176917952,5.21912578265759,66.5731900515722,-1.2,0,0,115.236948495399,1,0
16.28,100,33.1524669202368,26.5374426756178,0.587785739606154,6.21478844661169,0.0560895537082983,5.21334067119556,66.6866640613946,-1.2,0,0,115.25425921827,1,0
16.3,100,33.1524669202368,26.5491092044454,0.578879850844946,6.2158977077283,0.0548398405275285,5.207602864286,66.79940664306,-1.2,0,0,115.271113673945,1,0
16.32,100,33.1524669202368,26.5605983756317,0.570049859668982,6.21698217182114,0.0536098635308087,5.2019116914151,66.9114485921298,-1.2,0,0,115.287516833858,1,0
16.34,100,33.1524669202368,26.5719117002025,0.561295074614349,6.21804223426532,0.0523996839420558,5.19626650276577,67.0228194989162,-1.2,0,0,115.303473581924,1,0
16.36,100,33.1524669202368,26.583050675422,0.5526148109879,6.21907829142945,0.0512093400909959,5.19066666856292,67.1335477957034,-1.2,0,0,115.318988717049,1,0
16.38,100,33.1524669202368,26.594016784928,0.544008390816005,6.22009074022997,0.0500388486340613,5.18511157842834,67.2436608020734,-1.2,0,0,115.334066955549,1,0
16.4,100,33.1524669202368,26.6048114988653,0.535475142792403,6.22107997770959,0.048888205733578,5.17960064074564,67.353184768445,-1.2,0,1,115.348712933477,1,0
16.42,100,33.1524669202368,26.6154362740191,0.527014402225236,6.22204640063884,0.0477573881958984,5.17413328203605,67.4621449178707,-1.2,0,0,115.362931208872,1,0
16.44,100,33.1524669202368,26.6258925539462,0.518625510983337,6.22299040514001,0.0466463545691769,5.16870894634576,67.5705654861789,-1.2,0,0,115.376726263925,1,0
16.46,100,33.1524669202368,26.6361817691061,0.510307817441835,6.22391238633261,0.0455550462015209,5.16332709464505,67.6784697605184,-1.2,0,0,115.390102507073,1,0
16.48,100,33.1524669202368,26.6463053369905,0.502060676427157,6.22481273799963,0.0444833882602824,5.15798720423992,67.7858801163786,-1.2,0,0,115.403064275009,1,0
16.5,100,33.1524669202368,26.6562646622514,0.493883449161474,6.22569185227383,0.0434312907132804,5.15268876819634,67.8928180531388,-1.2,0,0,115.415615834633,1,0
16.52,100,33.1524669202368,26.6660611368288,0.485775503206671,6.2265501193432,0.04239864927277,5.14743129477761,67.9993042282144,-1.2,0,0,115.427761384922,1,0
16.54,100,33.1524669202368,26.6756961400772,0.477736212407885,6.22738792717505,0.0413853463029864,5.1422143068949,68.1053584898469,-1.2,0,0,115.439505058746,1,0
16.56,100,33.1524669202368,26.6851710388899,0.469764956836679,6.22820566125775,0.0403912516921152,5.13703734157127,68.2109999086029,-1.2,0,0,115.450850924611,1,0
16.58,100,33.1524669202368,26.6944871878237,0.461861122733899,6.2290037043597,0.0394162236895428,5.13189994941924,68.316246807623,-1.2,0,0,115.461802988347,1,0
16.6,100,33.1524669202368,26.7036459292213,0.454024102452267,6.22978243630461,0.0384601097092575,5.12680169413204,68.4211167916851,-1.2,0,1,115.472365194739,1,0
16.62,100,33.1524669202368,26.7126485933333,0.446253294398765,6.23054223376259,0.0375227471002705,5.12174215198852,68.5256267751084,-1.2,0,0,115.48254142909,1,0
16.64,100,33.1524669202368,26.7214964984382,0.438548102976853,6.23128347005623,0.0366039638849349,5.11672091137182,68.6297930085741,-1.2,0,0,115.492335518748,1,0
16.66,100,33.1524669202368,26.7301909509622,0.430907938528563,6.23200651498123,0.0357035794660363,5.11173757230168,68.7336311048761,-1.2,0,0,115.501751234563,1,0
16.68,100,33.1524669202368,26.7387332455974,0.423332217276519,6.23271173464082,0.0348214053035314,5.10679174598043,68.8371560636677,-1.2,0,0,115.510792292309,1,0
16.7,100,33.1524669202368,26.7471246654184,0.415820361265922,6.23339949129339,0.0339572455618056,5.10188305435245,68.9403822952288,-1.2,0,0,115.519462354045,1,0
16.72,100,33.1524669202368,26.7553664819985,0.408371798306536,6.23407014321289,0.0331108977283142,5.09701112967713,69.0433236433044,-1.2,0,0,115.527765029438,1,0
16.74,100,33.1524669202368,26.7634599555246,0.400985961914711,6.23472404456115,0.0322821532044699,5.09217561411512,69.1459934070454,-1.2,0,0,115.535703877042,1,0
16.76,100,33.1524669202368,26.7714063349102,0.393662291255489,6.23536154527191,0.0314707978696243,5.08737615932765,69.2484043620855,-1.2,0,0,115.543282405523,1,0
16.78,100,33.1524669202368,26.7792068579083,0.386400231084812,6.23598299094578,0.0306766126189876,5.08261242608896,69.3505687807983,-1.2,0,0,115.550504074859,1,0
16.8,100,33.1524669202368,26.7868627512224,0.379199231691869,6.23658872275574,0.0298993738763176,5.07788408391134,69.4524984517542,-1.2,0,1,115.557372297488,1,0
16.82,100,33.1524669202368,26.7943752306166,0.372058748841621,6.23717907736258,0.0291388540821967,5.07319081068293,69.5542046984221,-1.2,0,0,115.56389043942,1,0
16.84,100,33.1524669202368,26.8017455010246,0.364978243717514,6.23775438683999,0.0283948221587056,5.06853229231776,69.655698397136,-1.2,0,0,115.570061821318,1,0
16.86,100,33.1524669202368,26.8089747566574,0.357957182864426,6.23831497860863,0.0276670439512861,5.06390822241798,69.7569899943612,-1.2,0,0,115.575889719536,1,0
16.88,100,33.1524669202368,26.8160641811103,0.350995038131855,6.23886117537877,0.0269552826485753,5.05931830194802,69.858089523285,-1.2,0,0,115.581377367126,1,0
16.9,100,33.1524669202368,26.8230149474679,0.344091286617388,6.23939329510128,0.0262592991809735,5.05476223892033,69.9590066197647,-1.2,0,0,115.586527954817,1,0
16.92,100,33.1524669202368,26.8298282184089,0.337245410610459,6.23991165092619,0.0255788525987,5.05023974809263,70.0597505376451,-1.2,0,0,115.591344631951,1,0
16.94,100,33.1524669202368,26.8365051463091,0.330456897536429,6.24041655116874,0.0249137004300682,5.04575055067628,70.1603301634896,-1.2,0,0,115.595830507403,1,0
16.96,100,33.1524669202368,26.8430468733438,0.323725239900999,6.24090829928236,0.0242635990207012,5.04129437405552,70.2607540307319,-1.2,0,0,115.599988650456,1,0
16.98,100,33.1524669202368,26.8494545315888,0.317049935234974,6.24138719383825,0.0236283038543904,5.03687095151738,70.3610303332751,-1.2,0,0,115.603822091663,1,0
17,100,33.1524669202368,26.8557292431202,0.310430486039403,6.24185352851122,0.0230075698562832,5.03248002199196,70.461166938573,-1.2,0,1,115.607333823669,1,0
17.02,100,33.1524669202368,26.8618721201136,0.303866399731101,6.24230759207138,0.0224011516790697,5.02812132980281,70.5611714001893,-1.2,0,0,115.610526802017,1,0
17.04,100,33.1524669202368,26.8678842649412,0.297357188588575,6.24274966838145,0.0218088039728228,5.02379462442713,70.661050969878,-1.2,0,0,115.613403945921,1,0
17.06,100,33.1524669202368,26.8737667702695,0.290902369698365,6.24318003639924,0.0212302816391272,5.01949966026553,70.7608126091968,-1.2,0,0,115.61596813902,1,0
17.08,100,33.1524669202368,26.8795207191538,0.284501464901806,6.24359897018511,0.0206653400701173,5.01523619642118,70.8604630006644,-1.2,0,0,115.618222230106,1,0
17.1,100,33.1524669202368,26.8851471851339,0.278154000742238,6.24400673891407,0.0201137353730284,5.01100399648785,70.9600085584894,-1.2,0,0,115.620169033829,1,0
17.12,100,33.1524669202368,26.8906472323265,0.271859508412657,6.24440360689216,0.0195752245808457,5.00680282834683,71.0594554388834,-1.2,0,0,115.621811331383,1,0
17.14,100,33.1524669202368,26.8960219155186,0.265617523703828,6.24478983357703,0.0190495658496229,5.00263246397236,71.158809549974,-1.2,0,0,115.62315187117,1,0
17.16,100,33.1524669202368,26.9012722802585,0.259427586952863,6.2451656736022,0.0185365186430224,4.99849267924521,71.2580765613395,-1.2,0,0,115.62419336944,1,0
17.18,100,33.1524669202368,26.9063993629462,0.253289242992282,6.24553137680501,0.0180358439046155,4.99438325377435,71.3572619131696,-1.2,0,0,115.624938510918,1,0
17.2,100,33.1524669202368,26.9114041909229,0.247202041099541,6.24588718825778,0.0175473042184628,4.99030397072634,71.4563708250731,-1.2,0,1,115.625389949408,1,0
17.22,100,33.1524669202368,26.9162877825594,0.241165534947068,6.24623334830222,0.0170706639584799,4.98625461666216,71.5554083045528,-1.2,0,0,115.625550308381,1,0
17.24,100,33.1524669202368,26.9210511473434,0.235179282552775,6.24657009258654,0.0166056894270778,4.98223498138133,71.6543791551455,-1.2,0,0,115.625422181541,1,0
17.26,100,33.1524669202368,26.9256952859662,0.229242846231078,6.24689765210538,0.0161521489835524,4.97824485777302,71.7532879842535,-1.2,0,0,115.625008133384,1,0
17.28,100,33.1524669202368,26.9302211904079,0.223355792544425,6.24721625324213,0.0157098131626804,4.97428404167391,71.8521392106713,-1.2,0,0,115.624310699731,1,0
17.3,100,33.1524669202368,26.9346298440217,0.217517692255316,6.24752611781354,0.0152784547839662,4.97035233173259,71.9509370718272,-1.2,0,0,115.623332388247,1,0
17.32,100,33.1524669202368,26.9389222216179,0.211728120278851,6.24782746311645,0.0148578490519682,4.96644952928026,72.0496856307439,-1.2,0,0,115.622075678952,1,0
17.34,100,33.1524669202368,26.9430992895461,0.205986655635774,6.2481205019764,0.0144477736481185,4.96257543820749,72.1483887827319,-1.2,0,0,115.620543024711,1,0
17.36,100,33.1524669202368,26.9471620057772,0.200292881406043,6.24840544279806,0.0140480088144367,4.95872986484689,72.2470502618236,-1.2,0,0,115.61873685171,1,0
17.38,100,33.1524669202368,26.9511113199835,0.194646384682907,6.24868248961716,0.0136583374295235,4.95491261786134,72.3456736469683,-1.2,0,0,115.61665955992,1,0
17.4,100,33.1524669202368,26.9549481736194,0.189046756527508,6.24895184215394,0.0132785450772075,4.95112350813774,72.4442623679809,-1.2,0,1,115.61431352355,1,0
17.42,100,33.1524669202368,26.9586734999995,0.183493591923991,6.24921369586791,0.0129084201082032,4.94736234868593,72.5428197112683,-1.2,0,0,115.611701091486,1,0
17.44,100,33.1524669202368,26.962288224377,0.177986489735138,6.24946824201372,0.012547753695129,4.9436289545427,72.6413488253332,-1.2,0,0,115.608824587715,1,0
17.46,100,33.1524669202368,26.9657932640208,0.172525052658513,6.2497156676981,0.0121963398812158,4.93992314268056,72.7398527260702,-1.2,0,0,115.60568631174,1,0
17.48,100,33.1524669202368,26.9691895282919,0.16710888718313,6.24995615593772,0.011853975623031,4.93624473192124,72.8383343018579,-1.2,0,0,115.602288538987,1,0
17.5,100,33.1524669202368,26.9724779187184,0.161737603546626,6.2501898857178,0.0115204608275243,4.93259354285361,72.9367963184576,-1.2,0,0,115.598633521191,1,0
17.52,100,33.1524669202368,26.9756593290703,0.156410815692955,6.2504170320515,0.0111955983836948,4.92896939775591,73.0352414237205,-1.2,0,0,115.594723486786,1,0
17.54,100,33.1524669202368,26.9787346454333,0.15112814123059,6.25063776603979,0.0108791941891658,4.92537212052208,73.1336721521215,-1.2,0,0,115.59056064127,1,0
17.56,100,33.1524669202368,26.9817047462816,0.145889201391234,6.25085225493189,0.0105710571719405,4.92180153659206,73.2320909291188,-1.2,0,0,115.58614716757,1,0
17.58,100,33.1524669202368,26.9845705025499,0.140693620989039,6.25106066218599,0.0102709993076054,4.91825747288582,73.33050007534,-1.2,0,0,115.581485226395,1,0
17.6,100,33.1524669202368,26.9873327777045,0.135541028380326,6.25126314753042,0.00997883563223383,4.9147397577411,73.4289018106191,-1.2,0,1,115.57657695658,1,0
17.62,100,33.1524669202368,26.9899924278142,0.130431055423815,6.25145986702487,0.00969438425123339,4.91124822085457,73.5272982578733,-1.2,0,0,115.571424475417,1,0
17.64,100,33.1524669202368,26.9925503016194,0.125363337441337,6.25165097312192,0.00941746634437204,4.90778269322627,73.6256914468333,-1.2,0,0,115.566029878986,1,0
17.66,100,33.1524669202368,26.9950072406014,0.120337513179059,6.25183661472847,0.00914790616720615,4.90434300710734,73.7240833176346,-1.2,0,0,115.560395242467,1,0
17.68,100,33.1524669202368,26.9973640790504,0.115353224769187,6.25201693726729,0.00888553104912597,4.90092899595072,73.822475724264,-1.2,0,0,115.554522620457,1,0
17.7,100,33.1524669202368,26.9996216441326,0.11041011769216,6.25219208273845,0.00863017138822453,4.8975404943647,73.9208704378889,-1.2,0,0,115.548414047266,1,0
17.72,100,33.1524669202368,27.0017807559571,0.105507840739332,6.25236218978057,0.00838166064318677,4.89417733806941,74.0192691500457,-1.2,0,0,115.542071537214,1,0
17.74,100,33.1524669202368,27.0038422276416,0.100646045976126,6.25252739373198,0.00813983532238853,4.89083936385579,74.1176734757167,-1.2,0,0,115.53549708492,1,0
17.76,100,33.1524669202368,27.0058068653776,0.095824388705669,6.25268782669157,0.00790453497038535,4.88752640954716,74.2160849562842,-1.2,0,0,115.528692665579,1,0
17.78,100,33.1524669202368,27.0076754684947,0.0910425274328946,6.25284361757935,0.00767560215196423,4.88423831396324,74.3145050623801,-1.2,0,0,115.521660235241,1,0
17.8,100,33.1524669202368,27.0094488295243,0.086300123829113,6.25299489219666,0.00745288243392335,4.88097491688638,74.4129351966164,-1.2,0,1,115.514401731073,1,0
17.82,100,33.1524669202368,27.0111277342626,0.0815968426970426,6.25314177328604,0.00723622436473764,4.87773605903006,74.5113766962247,-1.2,0,0,115.506919071622,1,0
17.84,100,33.1524669202368,27.0127129618329,0.0769323519362996,6.25328438059065,0.00702547945226086,4.87452158200939,74.609830835584,-1.2,0,0,115.499214157072,1,0
17.86,100,33.1524669202368,27.0142052847473,0.0723063225093382,6.25342283091318,0.00682050213960785,4.8713313283137,74.7082988286607,-1.2,0,0,115.491288869491,1,0
17.88,100,33.1524669202368,27.0156054689672,0.0677184284078395,6.25355723817431,0.00662114977935422,4.86816514128089,74.8067818313561,-1.2,0,0,115.483145073074,1,0
17.9,100,33.1524669202368,27.016914273964,0.0631683466195428,6.25368771347067,0.00642728260618428,4.86502286507368,74.9052809437554,-1.2,0,0,115.474784614382,1,0
17.92,100,33.1524669202368,27.0181324527787,0.058655757095514,6.25381436513215,0.00623876370811148,4.86190434465749,75.0037972123076,-1.2,0,0,115.466209322574,1,0
17.94,100,33.1524669202368,27.0192607520805,0.0541803427178471,6.25393729877868,0.0060554589963907,4.85880942577996,75.1023316319054,-1.2,0,0,115.457421009635,1,0
17.96,100,33.1524669202368,27.0202999122254,0.0497417892677925,6.25405661737639,0.00587723717423444,4.855737954952,75.2008851479023,-1.2,0,0,115.448421470597,1,0
17.98,100,33.1524669202368,27.0212506673135,0.0453397853943082,6.25417242129314,0.00570396970444103,4.85268977943027,75.2994586580442,-1.2,0,0,115.439212483758,1,0
18,100,33.1524669202368,27.0221137452466,0.0409740225830279,6.25428480835334,0.00553553077603661,4.84966474720106,75.3980530143251,-1.2,0,1,115.429795810894,1,0
18.02,100,33.1524669202368,27.0228898677843,0.0366441951256411,6.25439387389218,0.00537179727002793,4.84666270696547,75.4966690247868,-1.2,0,0,115.420173197467,1,0
18.04,100,33.1524669202368,27.0235797505996,0.0323500000896799,6.25449971080908,0.00521264872435823,4.84368350812576,75.5953074552338,-1.2,0,0,115.410346372831,1,0
18.06,100,33.1524669202368,27.0241841033346,0.0280911372887077,6.2546024096205,0.00505796729815328,4.84072700077295,75.6939690308938,-1.2,0,0,115.400317050428,1,0
18.08,100,33.1524669202368,27.0247036296548,0.0238673092529036,6.254702058512,0.0049076377353407,4.83779303567543,75.7926544380147,-1.2,0,0,115.390086927987,1,0
18.1,100,33.1524669202368,27.0251390273031,0.0196782212000389,6.25479874338954,0.00476154732772082,4.83488146426864,75.8913643253953,-1.2,0,0,115.379657687712,1,0
18.12,100,33.1524669202368,27.0254909881537,0.0155235810068386,6.25489254793011,0.0046195858775635,4.83199213864576,75.9900993058664,-1.2,0,0,115.369030996473,1,0
18.14,100,33.1524669202368,27.0257601982644,0.0114030991807241,6.2549835536315,0.00448164565980114,4.8291249115492,76.0888599577096,-1.2,0,0,115.358208505988,1,0
18.16,100,33.1524669202368,27.0259473379293,0.00731648883193094,6.25507183986144,0.00434762138388429,4.8262796363631,76.187646826027,-1.2,0,0,115.347191853004,1,0
18.18,100,33.1524669202368,27.0260530817307,0.00326346564599782,6.25515748390585,0.00421741015536258,4.82345616710651,76.2864604240533,-1.2,0,0,115.335982659472,1,0
18.2,100,33.1524669202368,27.0260780985897,-0.000756252143380515,6.25524056101642,0.00409091143725021,4.82065435842739,76.3853012344274,-1.2,-0,1,115.324582532722,1,0
18.22,100,33.1524669202368,27.0260230518179,-0.00474294378113945,6.25532114445734,0.00396802701123174,4.81787406559729,76.484169710407,-1.2,-0,0,115.312993065632,1,0
18.24,100,33.1524669202368,27.0258885991665,-0.00869688601727621,6.25539930555131,0.0038486609387607,4.81511514450676,76.5830662770426,-1.2,-0,0,115.301215836794,1,0
18.26,100,33.1524669202368,27.0256753928766,-0.0126183531329316,6.2554751137247,0.00373271952210051,4.81237745166125,76.6819913323073,-1.2,-0,0,115.28925241068,1,0
18.28,100,33.1524669202368,27.0253840797283,-0.0165076169661271,6.25554863655204,0.00362011126535396,4.80966084417774,76.7809452481804,-1.2,-0,0,115.277104337799,1,0
18.3,100,33.1524669202368,27.0250153010891,-0.0203649469371624,6.25561993979964,0.00351074683552515,4.80696517978177,76.8799283716932,-1.2,-0,0,115.264773154858,1,0
18.32,100,33.1524669202368,27.0245696929618,-0.0241906100736775,6.25568908746842,0.00340453902365446,4.8042903168051,76.9789410259354,-1.2,-0,0,115.252260384912,1,0
18.34,100,33.1524669202368,27.0240478860326,-0.0279848710353863,6.25575614183606,0.00330140270606506,4.8016361141837,77.0779835110207,-1.2,-0,0,115.23956753752,1,0
18.36,100,33.1524669202368,27.0234505057181,-0.0317479921384836,6.25582116349831,0.00320125480575649,4.7990024314563,77.1770561050209,-1.2,-0,0,115.226696108894,1,0
18.38,100,33.1524669202368,27.0227781722116,-0.0354802333797338,6.25588421140951,0.00310401425397869,4.79638912876322,77.2761590648595,-1.2,-0,0,115.213647582041,1,0
18.4,100,33.1524669202368,27.0220315005294,-0.0391818524602432,6.25594534292239,0.00300960195201801,4.79379606684566,77.3752926271744,-1.2,-0,1,115.200423426912,1,0
18.42,100,33.1524669202368,27.0212111005568,-0.0428531048089221,6.25600461382709,0.00291794073322354,4.79122310704529,77.4744570091481,-1.2,-0,0,115.187025100541,1,0
18.44,100,33.1524669202368,27.0203175770928,-0.0464942436056415,6.25606207838941,0.00282895532530126,4.7886701113041,77.5736524093041,-1.2,-0,0,115.173454047184,1,0
18.46,100,33.1524669202368,27.0193515298953,-0.0501055198040882,6.25611778938838,0.00274257231290027,4.78613694216465,77.6728790082804,-1.2,-0,0,115.159711698455,1,0
18.48,100,33.1524669202368,27.0183135537251,-0.0536871821543239,6.25617179815293,0.00265872010051473,4.78362346277045,77.7721369695607,-1.2,-0,0,115.145799473463,1,0
18.5,100,33.1524669202368,27.0172042383898,-0.0572394772250522,6.256224154598,0.00257732887572255,4.78112953686663,77.8714264401933,-1.2,-0,0,115.13171877894,1,0
18.52,100,33.1524669202368,27.0160241687874,-0.0607626494255979,6.25627490725981,0.00249833057278025,4.77865502880087,77.9707475514712,-1.2,-0,0,115.117471009375,1,0
18.54,100,33.1524669202368,27.0147739249489,-0.064256941027604,6.25632410333042,0.002421658836592,4.7761998035244,78.0701004195917,-1.2,-0,0,115.103057547138,1,0
18.56,100,33.1524669202368,27.0134540820814,-0.0677225921864494,6.2563717886916,0.00234724898706952,4.77376372659329,78.1694851462896,-1.2,-0,0,115.088479762609,1,0
18.58,100,33.1524669202368,27.0120652106095,-0.071159840962393,6.25641800794798,0.0022750379838973,4.77134666416981,78.2689018194497,-1.2,-0,0,115.073739014301,1,0
18.6,100,33.1524669202368,27.0106078762177,-0.0745689233414475,6.25646280445948,0.0022049643917171,4.76894848302394,78.3683505136889,-1.2,-0,1,115.058836648979,1,0
18.62,100,33.1524669202368,27.0090826398911,-0.0779500732559878,6.25650622037309,0.00213696834574366,4.76656905053502,78.4678312909239,-1.2,-0,0,115.043774001784,1,0
18.64,100,33.1524669202368,27.0074900579568,-0.0813035226050973,6.25654829665392,0.00207099151782291,4.76420823469348,78.5673442009143,-1.2,-0,0,115.028552396348,1,0
18.66,100,33.1524669202368,27.0058306821237,-0.0846295012746576,6.2565890731156,0.00200697708294226,4.76186590410264,78.666889281784,-1.2,-0,0,115.013173144911,1,0
18.68,100,33.1524669202368,27.0041050595233,-0.0879282371571842,6.25662858845002,0.0019448696862017,4.75954192798058,78.7664665605235,-1.2,-0,0,114.997637548437,1,0
18.7,100,33.1524669202368,27.0023137327488,-0.0911999561714128,6.25666688025639,0.00188461541025332,4.75723617616211,78.8660760534744,-1.2,-0,0,114.981946896723,1,0
18.72,100,33.1524669202368,27.0004572398947,-0.0944448822816407,6.25670398506971,0.0018261617432161,4.75494851910073,78.9657177667955,-1.2,-0,0,114.966102468516,1,0
18.74,100,33.1524669202368,26.9985361145956,-0.0976632375168263,6.25673993838851,0.00176945754707125,4.75267882787062,79.065391696911,-1.2,-0,0,114.950105531615,1,0
18.76,100,33.1524669202368,26.9965508860647,-0.100855241989451,6.25677477470203,0.00171445302654312,4.75042697416872,79.1650978309359,-1.2,-0,0,114.933957342987,1,0
18.78,100,33.1524669202368,26.994502079132,-0.104021113914146,6.2568085275168,0.00166109969846962,4.74819283031672,79.2648361470979,-1.2,-0,0,114.917659148865,1,0
18.8,100,33.1524669202368,26.9923902142819,-0.107161069626091,6.25684122938254,0.00160935036166524,4.74597626926314,79.3646066151295,-1.2,-0,1,114.901212184861,1,0
18.82,100,33.1524669202368,26.9902158076908,-0.110275323599186,6.25687291191753,0.00155915906727895,4.74377716458534,79.4644091966561,-1.2,-0,0,114.884617676062,1,0
18.84,100,33.1524669202368,26.9879793712643,-0.113364088463998,6.25690360583334,0.00151048108964884,4.74159539049153,79.5642438455622,-1.2,-0,0,114.867876837136,1,0
18.86,100,33.1524669202368,26.9856814126733,-0.116427575025487,6.25693334095903,0.0014632728976545,4.73943082182277,79.6641105083451,-1.2,-0,0,114.850990872432,1,0
18.88,100,33.1524669202368,26.983322435391,-0.119465992280523,6.25696214626474,0.00141749212656721,4.73728333405493,79.7640091244594,-1.2,-0,0,114.833960976078,1,0
18.9,100,33.1524669202368,26.9809029387284,-0.122479547435185,6.25699004988477,0.00137309755039834,4.7351528033006,79.8639396266418,-1.2,-0,0,114.816788332079,1,0
18.92,100,33.1524669202368,26.9784234178704,-0.125468445921848,6.25701707914002,0.00133004905474451,4.73303910631098,79.9639019412292,-1.2,-0,0,114.799474114415,1,0
18.94,100,33.1524669202368,26.9758843639105,-0.12843289141607,6.25704326056003,0.00128830761012894,4.73094212047766,80.06389598846,-1.2,-0,0,114.782019487134,1,0
18.96,100,33.1524669202368,26.9732862638865,-0.131373085853277,6.25706861990438,0.00124783524583678,4.72886172383445,80.1639216827668,-1.2,-0,0,114.764425604446,1,0
18.98,100,33.1524669202368,26.9706296008144,-0.13428922944524,6.25709318218358,0.00120859502424243,4.72679779505903,80.2639789330585,-1.2,-0,0,114.746693610818,1,0
19,100,33.1524669202368,26.9679148537233,-0.137181520696364,6.25711697167955,0.00117055101562625,4.72475021347464,80.3640676429867,-1.2,-0,1,114.728824641061,1,0
19.02,100,33.1524669202368,26.9651424976891,-0.140050156419783,6.25714001196545,0.00113366827347765,4.72271885905161,80.4641877112086,-1.2,-0,0,114.710819820425,1,0
19.04,100,33.1524669202368,26.9623130038682,-0.142895331753258,6.25716232592515,0.00109791281028131,4.72070361240888,80.564339031635,-1.2,-0,0,114.692680264687,1,0
19.06,100,33.1524669202368,26.9594268395308,-0.145717240174896,6.25718393577219,0.00106325157378267,4.71870435481543,80.6645214936684,-1.2,-0,0,114.674407080235,1,0
19.08,100,33.1524669202368,26.9564844680941,-0.148516073518682,6.25720486306818,0.00102965242372875,4.71672096819162,80.7647349824392,-1.2,-0,0,114.656001364161,1,0
19.1,100,33.1524669202368,26.953486349155,-0.151292021989826,6.25722512874089,0.000997084109080383,4.71475333511046,80.8649793790183,-1.2,-0,0,114.637464204341,1,0
19.12,100,33.1524669202368,26.9504329385222,-0.154045274179936,6.25724475310175,0.000965516245690833,4.71280133879877,80.9652545606404,-1.2,-0,0,114.618796679524,1,0
19.14,100,33.1524669202368,26.9473246882488,-0.156776017082013,6.257263755863,0.000934919294446325,4.71086486313832,81.0655604008986,-1.2,-0,0,114.599999859414,1,0
19.16,100,33.1524669202368,26.9441620466639,-0.159484436105276,6.25728215615438,0.000905264539863549,4.70894379266679,81.1658967699511,-1.2,-0,0,114.581074804753,1,0
19.18,100,33.1524669202368,26.940945458404,-0.16217071508981,6.25729997253938,0.000876524069138682,4.70703801257874,81.2662635347013,-1.2,-0,0,114.5620225674,1,0
19.2,100,33.1524669202368,26.9376753644445,-0.164835036321052,6.25731722303107,0.000848670751642767,4.7051474087264,81.3666605589858,-1.2,-0,1,114.542844190418,1,0
19.22,100,33.1524669202368,26.9343522021304,-0.167477580544112,6.25733392510759,0.00082167821885815,4.70327186762044,81.4670877037468,-1.2,-0,0,114.523540708147,1,0
19.24,100,33.1524669202368,26.9309764052071,-0.170098526977929,6.25735009572715,0.000795520844749874,4.70141127643061,81.5675448271998,-1.2,-0,0,114.504113146286,1,0
19.26,100,33.1524669202368,26.927548403851,-0.172698053329264,6.25736575134269,0.000770173726566335,4.69956552298627,81.6680317849942,-1.2,-0,0,114.484562521973,1,0
19.28,100,33.1524669202368,26.9240686246989,-0.175276335806545,6.25738090791621,0.000745612666063532,4.69773449577693,81.7685484303702,-1.2,-0,0,114.464889843857,1,0
19.3,100,33.1524669202368,26.9205374908789,-0.177833549133547,6.2573955809326,0.000721814151146695,4.69591808395252,81.8690946143051,-1.2,-0,0,114.445096112177,1,0
19.32,100,33.1524669202368,26.9169554220388,-0.18036986656292,6.25740978541323,0.000698755337923132,4.69411617732377,81.9696701856575,-1.2,-0,0,114.425182318837,1,0
19.34,100,33.1524669202368,26.9133228343762,-0.182885459889576,6.25742353592915,0.000676414033160456,4.69232866636232,82.0702749913051,-1.2,-0,0,114.405149447483,1,0
19.36,100,33.1524669202368,26.9096401406674,-0.185380499463915,6.25743684661387,0.000654768677143386,4.69055544220087,82.1709088762737,-1.2,-0,0,114.384998473569,1,0
19.38,100,33.1524669202368,26.9059077502958,-0.187855154204915,6.25744973117593,0.000633798326923383,4.68879639663314,82.2715716838673,-1.2,-0,0,114.364730364438,1,0
19.4,100,33.1524669202368,26.9021260692806,-0.190309591613068,6.25746220291104,0.000613482639954513,4.68705142211382,82.3722632557866,-1.2,-0,1,114.344346079389,1,0
19.42,100,33.1524669202368,26.8982955003054,-0.192743977783189,6.25747427471391,0.00059380185810909,4.68532041175836,82.4729834322474,-1.2,-0,0,114.323846569752,1,0
19.44,100,33.1524669202368,26.8944164427455,-0.195158477417068,6.25748595908982,0.00057473679206693,4.68360325934271,82.5737320520913,-1.2,-0,0,114.303232778952,1,0
19.46,100,33.1524669202368,26.890489292696,-0.197553253835998,6.25749726816582,0.000556268806071671,4.68189985930299,82.6745089528929,-1.2,-0,0,114.282505642585,1,0
19.48,100,33.1524669202368,26.8865144429997,-0.199928468993159,6.25750821370166,0.000538379803047862,4.68021010673499,82.7753139710644,-1.2,-0,0,114.261666088485,1,0
19.5,100,33.1524669202368,26.8824922832733,-0.202284283485877,6.25751880710039,0.00052105221007214,4.67853389739367,82.8761469419518,-1.2,-0,0,114.240715036789,1,0
19.52,100,33.1524669202368,26.8784231999356,-0.204620856567742,6.25752905941876,0.000504268964192378,4.67687112769255,82.9770076999325,-1.2,-0,0,114.219653400009,1,0
19.54,100,33.1524669202368,26.8743075762332,-0.206938346160601,6.25753898137722,0.000488013498588462,4.67522169470297,83.0778960785044,-1.2,-0,0,114.198482083095,1,0
19.56,100,33.1524669202368,26.8701457922677,-0.209236908866426,6.25754858336975,0.000472269729068049,4.67358549615332,83.1788119103736,-1.2,-0,0,114.177201983504,1,0
19.58,100,33.1524669202368,26.8659382250217,-0.21151669997905,6.25755787547334,0.000457022040891145,4.67196243042817,83.2797550275377,-1.2,-0,0,114.155813991261,1,0
19.6,100,33.1524669202368,26.8616852483851,-0.213777873495785,6.25756686745729,0.000442255275917262,4.67035239656731,83.3807252613656,-1.2,-0,1,114.134318989028,1,0
19.62,100,33.1524669202368,26.8573872331804,-0.21602058212891,6.25757556879219,0.000427954720068654,4.66875529426472,83.481722442677,-1.2,-0,0,114.112717852167,1,0
19.64,100,33.1524669202368,26.8530445471889,-0.21824497731705,6.2575839886587,0.000414106091103746,4.66717102386745,83.5827464018112,-1.2,-0,0,114.091011448799,1,0
19.66,100,33.1524669202368,26.8486575551755,-0.220451209236423,6.25759213595603,0.000400695526694383,4.66559948637444,83.6837969687002,-1.2,-0,0,114.069200639874,1,0
19.68,100,33.1524669202368,26.8442266189143,-0.222639426811979,6.25760001931028,0.000387709572800655,4.66404058343524,83.7848739729378,-1.2,-0,0,114.047286279226,1,0
19.7,100,33.1524669202368,26.8397520972134,-0.224809777728421,6.25760764708242,0.000375135172337593,4.66249421734871,83.8859772438419,-1.2,-0,0,114.025269213638,1,0
19.72,100,33.1524669202368,26.8352343459392,-0.226962408441112,6.25761502737618,0.000362959654127463,4.66096029106154,83.9871066105166,-1.2,-0,0,114.003150282903,1,0
19.74,100,33.1524669202368,26.8306737180415,-0.229097464186867,6.25762216804562,0.000351170722131771,4.65943870816683,84.0882619019115,-1.2,-0,0,113.98093031988,1,0
19.76,100,33.1524669202368,26.8260705635773,-0.23121508899464,6.25762907670256,0.000339756444957039,4.65792937290252,84.1894429468807,-1.2,-0,0,113.95861015056,1,0
19.78,100,33.1524669202368,26.8214252297351,-0.233315425696097,6.25763576072374,0.000328705245628745,4.65643219014975,84.2906495742333,-1.2,-0,0,113.936190594119,1,0
19.8,100,33.1524669202368,26.8167380608586,-0.235398615936081,6.25764222725783,0.000318005891627383,4.65494706543119,84.391881612788,-1.2,-0,1,113.913672462981,1,0
19.82,100,33.1524669202368,26.8120093984703,-0.237464800182979,6.25764848323221,0.000307647485181503,4.6534739049093,84.4931388914202,-1.2,-0,0,113.89105656287,1,0
19.84,100,33.1524669202368,26.8072395812952,-0.23951411773897,6.25765453535956,0.000297619453811244,4.65201261538447,84.5944212391149,-1.2,-0,0,113.868343692874,1,0
19.86,100,33.1524669202368,26.8024289452837,-0.241546706750184,6.25766039014431,0.000287911541117826,4.65056310429322,84.6957284850033,-1.2,-0,0,113.845534645496,1,0
19.88,100,33.1524669202368,26.7975778236349,-0.243562704216749,6.25766605388883,0.0002785137978129,4.6491252797062,84.797060458414,-1.2,-0,0,113.822630206713,1,0
19.9,100,33.1524669202368,26.792686546819,-0.245562246002742,6.25767153269952,0.000269416572982623,4.64769905032622,84.89841698891,-1.2,-0,0,113.799631156032,1,0
19.92,100,33.1524669202368,26.7877554426004,-0.247545466846042,6.25767683249264,0.000260610505581174,4.64628432548619,84.9997979063312,-1.2,-0,0,113.776538266543,1,0
19.94,100,33.1524669202368,26.78278483606,-0.249512500368078,6.2576819590001,0.000252086516148382,4.64488101514705,85.1012030408258,-1.2,-0,0,113.753352304974,1,0
19.96,100,33.1524669202368,26.7777750496171,-0.251463479083493,6.25768691777495,0.000243835798746647,4.64348902989558,85.2026322228953,-1.2,-0,0,113.730074031744,1,0
19.98,100,33.1524669202368,26.772726403052,-0.253398534409699,6.25769171419679,0.000235849813111611,4.64210828094218,85.3040852834222,-1.2,-0,0,113.706704201021,1,0
20,100,33.1524669202368,26.7676392135272,-0.255317796676343,6.257696353477,0.000228120277012104,4.64073868011865,85.4055620537044,-0,-0,1,113.683243560769,1,0
20.02,100,33.1524669202368,26.7627531253092,-0.233321859051672,6.25769817297236,-0.000175719292870273,4.64011223274734,83.4770901540367,-0,-0,0,113.661621383685,1,0
20.04,100,33.1524669202368,26.7583051120372,-0.211509997831698,6.25768446028465,-0.00130986084897846,4.64088055774741,81.6076836397206,-0,-0,0,113.643685620705,1,0
20.06,100,33.1524669202368,26.7542915101615,-0.189880428357096,6.25764149887842,-0.0030865488227259,4.64292893411641,79.7948761910994,-0,-0,0,113.62931860283,1,0
20.08,100,33.1524669202368,26.7507086910594,-0.168431441417228,6.25755725724833,-0.00542495768719054,4.64615017812356,78.0363062899952,-0,-0,0,113.618407255301,1,0
20.1,100,33.1524669202368,26.7475530595945,-0.147161396495511,6.25742125490882,-0.00825073750256918,4.65044419817269,76.3297126957839,-0,-0,0,113.610842906221,1,0
20.12,100,33.1524669202368,26.7448210528063,-0.126068715528284,6.25722443720244,-0.0114955862460739,4.65571757420746,74.6729301191143,-0,-0,0,113.606521103353,1,0
20.14,100,33.1524669202368,26.7425091387195,-0.105151877143695,6.25695905840612,-0.0150968474539224,4.66188316037054,73.0638850845502,-0,-0,0,113.605341438766,1,0
20.16,100,33.1524669202368,26.7406138152638,-0.084409411349129,6.25661857264315,-0.0189971317801254,4.66885970969353,71.5005919738283,-0,-0,0,113.607207380958,1,0
20.18,100,33.1524669202368,26.7391316092962,-0.0638398946375304,6.25619753213591,-0.0231439611499357,4.6765715196562,69.9811492417685,-0,-0,0,113.612026114157,1,0
20.2,100,33.1524669202368,26.7380590757167,-0.0434419454847743,6.25569149236002,-0.0274894342552943,4.68494809751307,68.5037357972553,-0,-0,1,113.619708384467,1,0
20.22,100,33.1524669202368,26.7373927966709,-0.0232142202118676,6.2550969236852,-0.0319899122055566,4.69392384434074,67.066607542001,-0,-0,0,113.630168352582,1,0
20.24,100,33.1524669202368,26.7371293808312,-0.00315540918735388,6.25441112911088,-0.0366057232093948,4.70343775681318,65.6680940601675,-0,-0,0,113.643323452772,1,0
20.26,100,33.1524669202368,26.7372654627516,0.0167357666532275,6.25363216772687,-0.0413008852232025,4.71343314576256,64.3065954522125,-0,0,0,113.659094257863,1,0
20.28,100,33.1524669202368,26.7377977022883,0.0364605589925766,6.25275878354975,-0.0460428455577375,4.72385737063138,62.9805793066057,-0,0,0,113.677404349974,1,0
20.3,100,33.1524669202368,26.7387227840822,0.0560201950419875,6.25179033940565,-0.05080223648828,4.73466158896743,61.6885778033624,-0,0,0,113.698180196737,1,0
20.32,100,33.1524669202368,26.7400374170955,0.0754158801960008,6.25072675554826,-0.0555526459643857,4.74580052015664,60.4291849436016,-0,0,0,113.721351032774,1,0
20.34,100,33.1524669202368,26.7417383342008,0.0946488004493541,6.24956845271889,-0.060270402563532,4.75723222262995,59.2010538995939,-0,0,0,113.746848746213,1,0
20.36,100,33.1524669202368,26.7438222918151,0.113720124593119,6.2483162993718,-0.0649343738786966,4.76891788382011,58.0028944799954,-0,0,0,113.774607770004,1,0
20.38,100,33.1524669202368,26.7462860695756,0.132631006205866,6.24697156280378,-0.0695257775733102,4.78082162218094,56.8334707052239,-0,0,0,113.804564977847,1,0
20.4,100,33.1524669202368,26.7491264700545,0.151382585454714,6.24553586394218,-0.0740280043781988,4.79291030061774,55.6915984881388,-0,0,1,113.83665958452,1,0
20.42,100,33.1524669202368,26.7523403185067,0.169975990720178,6.24401113555919,-0.0784264523441857,4.80515335071056,54.5761434153957,-0,0,0,113.870833050429,1,0
20.44,100,33.1524669202368,26.7559244626492,0.188412340057867,6.24239958369404,-0.0827083717010655,4.81752260714465,53.4860186250671,-0,0,0,113.907028990186,1,0
20.46,100,33.1524669202368,26.7598757724678,0.206692742509242,6.24070365207704,-0.0868627197087967,4.82999215179231,52.4201827763072,-0,0,0,113.945193085047,1,0
20.48,100,33.1524669202368,26.764191140049,0.224818299272869,6.23892598936163,-0.0908800249200734,4.84253816691949,51.3776381070238,-0,0,0,113.985272999051,1,0
20.5,100,33.1524669202368,26.7688674794336,0.242790104746873,6.23706941898157,-0.0947522603050242,4.85513879701793,50.3574285756971,-0,0,0,114.027218298682,1,0
20.52,100,33.1524669202368,26.7739017264902,0.260609247452593,6.23513691146142,-0.0984727247187416,4.86777401878951,49.3586380836619,-0,0,0,114.070980375924,1,0
20.54,100,33.1524669202368,26.7792908388056,0.278276810848805,6.23313155901833,-0.102035932220734,4.88042551883439,48.3803887743377,-0,0,0,114.11651237455,1,0
20.56,100,33.1524669202368,26.7850317955917,0.295793874045249,6.23105655230285,-0.105437508782307,4.89307657861778,47.4218394060101,-0,0,0,114.163769119505,1,0
20.58,100,33.1524669202368,26.7911215976039,0.31316151242363,6.22891515913534,-0.108674095943397,4.90571196631292,46.4821837949861,-0,0,0,114.21270704926,1,0
20.6,100,33.1524669202368,26.7975572670727,0.330380798173716,6.22671070510325,-0.111743261004544,4.91831783513836,45.5606493260071,-0,0,1,114.263284151003,1,0
20.62,100,33.1524669202368,26.8043358476444,0.347452800751648,6.22444655589246,-0.114643413362609,4.93088162782841,44.6564955269921,-0,0,0,114.315459898541,1,0
20.64,100,33.1524669202368,26.8114544043303,0.364378587267086,6.2221261012336,-0.117373726620546,4.94339198689426,43.7690127053123,-0,0,0,114.369195192813,1,0
20.66,100,33.1524669202368,26.818910023463,0.381159222805388,6.21975274035137,-0.119934066122097,4.95583867035154,42.897520642879,-0,0,0,114.424452304877,1,0
20.68,100,33.1524669202368,26.8266998126591,0.397795770690558,6.21732986881161,-0.122324921581766,4.96821247260734,42.041367347504,-0,0,0,114.481194821292,1,0
20.7,100,33.1524669202368,26.8348209007856,0.414289292694341,6.21486086666748,-0.124547344498874,4.98050515021589,41.1999278580557,-0,0,0,114.539387591772,1,0
20.72,100,33.1524669202368,26.8432704379309,0.430640849196436,6.21234908781202,-0.12660289006197,4.99270935222769,40.3726031010753,-0,0,0,114.598996679027,1,0
20.74,100,33.1524669202368,26.8520455953781,0.44685149930046,6.20979785044991,-0.128493563266425,5.00481855487152,39.5588187965981,-0,0,0,114.659989310694,1,0
20.76,100,33.1524669202368,26.8611435655803,0.462922300909973,6.20721042860709,-0.130221768983693,5.01682700032273,38.7580244110428,-0,0,0,114.722333833264,1,0
20.78,100,33.1524669202368,26.8705615621368,0.478854310768547,6.20459004460144,-0.131790265735567,5.02872963932441,37.9696921551073,-0,0,0,114.785999667927,1,0
20.8,100,33.1524669202368,26.8802968197706,0.494648584467591,6.20193986240292,-0.133202122940781,5.04052207744062,37.1933160247198,-0,0,1,114.850957268253,1,0
20.82,100,33.1524669202368,26.8903465943046,0.51030617642535,6.19926298181587,-0.134460681414616,5.05220052473268,36.4284108831629,-0,0,0,114.917178079623,1,0
20.84,100,33.1524669202368,26.900708162638,0.525828139840264,6.19656243342056,-0.135569516914718,5.06376174866094,35.6745115825794,-0,0,0,114.984634500344,1,0
20.86,100,33.1524669202368,26.9113788227214,0.541215526621621,6.19384117421494,-0.136532406538258,5.075203030025,34.93117212315,-0,0,0,115.053299844373,1,0
20.88,100,33.1524669202368,26.9223558935296,0.55646938730021,6.19110208390152,-0.137353297786797,5.08652212176565,34.1979648482959,-0,0,0,115.123148305581,1,0
20.9,100,33.1524669202368,26.9336367150338,0.57159077092148,6.18834796176771,-0.138036280125878,5.09771721046127,33.4744796743502,-0,0,0,115.194154923495,1,0
20.92,100,33.1524669202368,26.94521864817,0.586580724923517,6.18558152411136,-0.138585558876437,5.10878688036073,32.7603233531952,-0,0,0,115.266295550448,1,0
20.94,100,33.1524669202368,26.9570990748056,0.601440295001955,6.1828054021665,-0.139005431284643,5.1197300798033,32.0551187664262,-0,0,0,115.339546820086,1,0
20.96,100,33.1524669202368,26.9692753977037,0.616170524963775,6.18002214048703,-0.139300264625774,5.13054608988434,31.3585042496926,-0,0,0,115.413886117169,1,0
20.98,100,33.1524669202368,26.981745040483,0.630772456571786,6.17723419574919,-0.139474476206255,5.14123449523353,30.6701329458828,-0,0,0,115.489291548615,1,0
21,100,33.1524669202368,26.9945054475759,0.645247129381431,6.1744439359361,-0.139532515136037,5.15179515677925,29.9896721859225,-0,0,1,115.565741915727,1,0
21.02,100,33.1524669202368,27.0075540841822,0.659595580571413,6.17165363987006,-0.139478845751064,5.16222818638032,29.3168028959771,-0,0,0,115.643216687567,1,0
21.04,100,33.1524669202368,27.0208884362202,0.67381884476953,6.16886549706094,-0.139317932572807,5.17253392321236,28.6512190299169,-0,0,0,115.721695975408,1,0
21.06,100,33.1524669202368,27.0345060102739,0.68791795387495,6.16608160784086,-0.139054226698584,5.18271291180279,27.9926270259568,-0,0,0,115.801160508244,1,0
21.08,100,33.1524669202368,27.0484043335362,0.701893936878084,6.16330398375761,-0.138692153522818,5.19276588161392,27.3407452864114,-0,0,0,115.881591609288,1,0
21.1,100,33.1524669202368,27.0625809537494,0.715747819679076,6.16053454820108,-0.138236101695451,5.2026937280797,26.6953036795811,-0,0,0,115.962971173435,1,0
21.12,100,33.1524669202368,27.0770334391414,0.729480624905851,6.15777513723898,-0.137690413229398,5.21249749500663,26.0560430628034,-0,0,0,116.04528164564,1,0
21.14,100,33.1524669202368,27.0917593783583,0.74309337173257,6.15502750063947,-0.137059374674393,5.22217835825449,25.4227148257516,-0,0,0,116.128506000178,1,0
21.16,100,33.1524669202368,27.1067563803937,0.756587075699241,6.15229330306047,-0.13634720927959,5.23173761061756,24.7950804531178,-0,0,0,116.212627720741,1,0
21.18,100,33.1524669202368,27.1220220745142,0.769962748533178,6.1495741253863,-0.135558070072168,5.24117664783099,24.1729111058331,-0,0,0,116.297630781344,1,0
21.2,100,33.1524669202368,27.1375541101814,0.783221397972911,6.14687146619423,-0.134696033783652,5.25049695563185,23.5559872200285,-0,0,1,116.383499628012,1,0
21.22,100,33.1524669202368,27.1533501569701,0.796364027595084,6.14418674333456,-0.133765095559993,5.25970009780802,22.9440981229792,-0,0,0,116.47021916119,1,0
21.24,100,33.1524669202368,27.1694079044838,0.809391636644838,6.14152129560913,-0.132769164395445,5.26878770517197,22.3370416652823,-0,0,0,116.557774718881,1,0
21.26,100,33.1524669202368,27.1857250622662,0.822305219870069,6.13887638453442,-0.131712059234109,5.27776146540035,21.7346238685928,-0,0,0,116.646152060456,1,0
21.28,100,33.1524669202368,27.2022993597097,0.835105767359961,6.13625319617638,-0.130597505686572,5.28662311368344,21.1366585882288,-0,0,0,116.73533735111,1,0
21.3,100,33.1524669202368,27.2191285459603,0.84779426438809,6.13365284304514,-0.129429133312472,5.29537442413186,20.5429671900144,-0,0,0,116.825317146953,1,0
21.32,100,33.1524669202368,27.2362103898203,0.86037169126038,6.1310763660389,-0.128210473422981,5.30401720189106,19.9533782407496,-0,0,0,116.916078380693,1,0
21.34,100,33.1524669202368,27.2535426796471,0.872839023168144,6.1285247364268,-0.126944957360223,5.31255327591695,19.3677272117216,-0,0,0,117.007608347895,1,0
21.36,100,33.1524669202368,27.2711232232498,0.885197230046396,6.12599885786187,-0.125635915213427,5.32098449236879,18.7858561946893,-0,0,0,117.099894693787,1,0
21.38,100,33.1524669202368,27.2889498477821,0.897447276437597,6.12349956841557,-0.124286574934326,5.32931270857797,18.2076136298212,-0,0,0,117.192925400595,1,0
21.4,100,33.1524669202368,27.3070203996339,0.909590121360962,6.12102764262632,-0.122900061816765,5.33753978755395,17.6328540450603,-0,0,1,117.286688775382,1,0
21.42,100,33.1524669202368,27.3253327443191,0.921626718187407,6.11858379355506,-0.121479398307875,5.34566759299072,17.0614378064353,-0,0,0,117.381173438374,1,0
21.44,100,33.1524669202368,27.3438847663614,0.933558014520237,6.11616867484155,-0.120027504120359,5.35369798473944,16.4932308788428,-0,0,0,117.47636831174,1,0
21.46,100,33.1524669202368,27.362674369178,0.945384952081573,6.11378288275565,-0.11854719661753,5.36163281471505,15.9281045968592,-0,0,0,117.572262608834,1,0
21.48,100,33.1524669202368,27.3816994749611,0.957108466604591,6.11142695823837,-0.117041191444702,5.36947392320641,15.3659354451518,-0,0,0,117.668845823842,1,0
21.5,100,33.1524669202368,27.4009580245563,0.968729487731524,6.10910138892804,-0.115512103382377,5.3772231355615,14.8066048480689,-0,0,0,117.766107721859,1,0
21.52,100,33.1524669202368,27.4204479773408,0.980248938917453,6.10680661116743,-0.11396244739838,5.38488225922104,14.2499989680387,-0,0,0,117.864038329341,1,0
21.54,100,33.1524669202368,27.4401673110981,0.991667737339815,6.10454301198796,-0.112394639877753,5.39245308107515,13.6960085123768,-0,0,0,117.96262792494,1,0
21.56,100,33.1524669202368,27.4601140218917,1.00298679381361,6.10231093106772,-0.110811000010717,5.39993736511982,13.1445285481612,-0,0,0,118.061867030704,1,0
21.58,100,33.1524669202368,27.4802861239371,1.01420701271224,6.10011066266033,-0.109213751320456,5.40733685039077,12.5954583248234,-0,0,0,118.161746403609,1,0
21.6,100,33.1524669202368,27.5006816494724,1.02532929189385,6.09794245749193,-0.107605023313812,5.41465324915416,12.0487011041316,-0,0,1,118.262257027438,1,0
21.62,100,33.1524669202368,27.5212986486269,1.0363545226332,6.09580652462415,-0.105986853239253,5.42188824533469,11.5041639972423,-0,0,0,118.363390104963,1,0
21.64,100,33.1524669202368,27.5421351892893,1.04728358955888,6.09370303328085,-0.104361187937638,5.42904349316284,10.9617578085347,-0,0,0,118.465137050445,1,0
21.66,100,33.1524669202368,27.5631893569737,1.05811737059576,6.09163211463713,-0.10272988577244,5.43612061602426,10.4213968859277,-0,0,0,118.567489482416,1,0
21.68,100,33.1524669202368,27.5844592546854,1.06885673691264,6.08959386356901,-0.10109471862708,5.44312120549531,9.88299897740582,-0,0,0,118.670439216745,1,0
21.7,100,33.1524669202368,27.605943002785,1.07950255287492,6.08758834036255,-0.0994573739580531,5.45004682054982,9.34648509349894,-0,0,0,118.773978259975,1,0
21.72,100,33.1524669202368,27.627638738852,1.09005567600224,6.08561557238151,-0.0978194568933835,5.45689898692321,8.81177937545257,-0,0,0,118.878098802913,1,0
21.74,100,33.1524669202368,27.6495446175476,1.10051695693081,6.08367555569261,-0.0961824923668296,5.4636791966208,8.27880896885829,-0,0,0,118.982793214471,1,0
21.76,100,33.1524669202368,27.6716588104766,1.11088723938051,6.08176825664783,-0.0945479272790435,5.47038890755811,7.74750390250198,-0,0,0,119.088054035746,1,0
21.78,100,33.1524669202368,27.6939795060487,1.1211673601265,6.07989361342334,-0.0929171326776328,5.47702954332192,7.21779697222035,-0,0,0,119.19387397432,1,0
21.8,100,35.0929073250497,27.7165049093395,1.13135814897516,6.0780515375146,-0.0912914059487675,5.48360249304132,6.68962362954953,-0,0,0,119.300245898787,1,0
21.82,100,35.0929073250497,27.739233241951,1.14146042874442,6.07624191518767,-0.0896719730136228,5.49010911135888,6.97595279413875,-0,0,0,119.445205710942,1,0
21.84,100,35.0929073250497,27.7621627418714,1.15147501524808,6.07446460888654,-0.0880599905235535,5.49655071849277,7.23181459620775,-0,0,0,119.589212025812,1,0
21.86,100,35.0929073250497,27.7852916633351,1.16140271728423,6.07271945859663,-0.0864565480484594,5.5029286003811,7.45840184024047,-0,0,0,119.73231665392,1,0
21.88,100,35.0929073250497,27.8086182766821,1.17124433662745,6.07100628316461,-0.0848626702533244,5.50924400890068,7.65686057145574,-0,0,0,119.874569253495,1,0
21.9,100,35.0929073250497,27.8321408682178,1.18100066802475,6.0693248815749,-0.0832793190584045,5.51549816215247,7.82829190739602,-0,0,0,120.016017415882,1,0
21.92,100,35.0929073250497,27.8558577400721,1.19067249919506,6.06767503418309,-0.0817073957789922,5.52169224480714,7.97375379786867,-0,0,0,120.156706747601,1,0
21.94,100,35.0929073250497,27.8797672100592,1.2002606108322,6.06605650390689,-0.0801477432411081,5.52782740850396,8.0942627160215,-0,0,0,120.29668094919,1,0
21.96,100,35.0929073250497,27.9038676115369,1.20976577661112,6.06446903737491,-0.0786011478698666,5.53390477229734,8.19079528325792,-0,0,0,120.435981890936,1,0
21.98,100,35.0929073250497,27.9281572932663,1.2191887631973,6.06291236603414,-0.0770683417476234,5.53992542314538,8.26428983057242,-0,0,0,120.57464968564,1,0
22,100,35.0929073250497,27.9526346192719,1.22853033025918,6.0613862072164,-0.0755500046393532,5.54589041643522,8.31564789878995,-0,0,1,120.712722758517,1,0
22.02,100,35.0929073250497,27.9772979687016,1.23779123048357,6.05989026516481,-0.0740467659830208,5.55180077654063,8.34573568009429,-0,0,0,120.850237914355,1,0
22.04,100,35.0929073250497,28.0021457356876,1.2469722095937,6.05842423202063,-0.0725592068429967,5.55765749740736,8.35538540314343,-0,0,0,120.987230402019,1,0
22.06,100,35.0929073250497,28.027176329207,1.25607400637004,6.05698778877165,-0.0710878618248372,5.56346154316217,8.34539666397774,-0,0,0,121.123733976437,1,0
22.08,100,35.0929073250497,28.0523881729431,1.26509735267358,6.05558060616243,-0.0696332209499997,5.5692138487419,8.31653770483332,-0,0,0,121.259780958134,1,0
22.1,100,35.0929073250497,28.0777797051477,1.27404297347154,6.05420234556764,-0.068195731489289,5.57491532053911,8.26954664290402,-0,0,0,121.395402290432,1,0
22.12,100,35.0929073250497,28.1033493785031,1.28291158686532,6.05285265982909,-0.066775799754043,5.58056683706109,8.20513265100401,-0,0,0,121.530627594394,1,0
22.14,100,35.0929073250497,28.1290956599852,1.2917039041207,6.05153119405733,-0.065373792844261,5.58616924959942,8.12397709201231,-0,0,0,121.665485221613,1,0
22.16,100,35.0929073250497,28.1550170307272,1.3004206297,6.05023758639882,-0.0639900403530552,5.59172338290735,8.02673460890312,-0,0,0,121.800002304918,1,0
22.18,100,35.0929073250497,28.1811119858837,1.30906246129626,6.04897146876931,-0.0626248360269673,5.59723003588261,7.91403417210932,-0,0,0,121.934204807085,1,0
22.2,100,35.6862049192557,28.207379034496,1.3176300898692,6.04773246755462,-0.0612784393818471,5.60268998225341,7.78648008586989,-0,0,0,122.068117567635,1,0
22.22,100,35.6862049192557,28.2338166993572,1.32612419968294,6.0465202042794,-0.0599510772741208,5.6081039712656,7.89324048570475,-0,0,0,122.213396113241,1,0
22.24,100,35.6862049192557,28.2604235168793,1.33454546834535,6.04533429624503,-0.0586429454274065,5.61347272836917,7.97653841964484,-0,0,0,122.357975316499,1,0
22.26,100,35.6862049192557,28.2871980369602,1.34289456684894,6.04417435713734,-0.0573542099145442,5.61879695590237,8.03729204045145,-0,0,0,122.501894793328,1,0
22.28,100,35.6862049192557,28.314138822852,1.35117215961312,6.04303999760521,-0.0560850085952137,5.62407733377198,8.07638349508166,-0,0,0,122.645192504632,1,0
22.3,100,35.6862049192557,28.3412444510294,1.35937890452789,6.04193082581079,-0.0548354525094049,5.6293145201284,8.09466033645644,-0,0,0,122.787904822069,1,0
22.32,100,35.6862049192557,28.3685135110604,1.36751545299875,6.04084644795236,-0.053605627227091,5.63450915203421,8.09293687990728,-0,0,0,122.930066591244,1,0
22.34,100,35.6862049192557,28.3959446054764,1.37558244999272,6.03978646876057,-0.0523955941545292,5.63966184612522,8.07199550647166,-0,0,0,123.071711192402,1,0
22.36,100,35.6862049192557,28.4235363496443,1.38358053408552,6.03875049196902,-0.0512053917976839,5.644773199263,8.03258791511676,-0,0,0,123.212870598747,1,0
22.38,100,35.6862049192557,28.4512873716389,1.39151033750972,6.03773812076,-0.0500350369833244,5.64984378917794,7.97543632588928,-0,0,0,123.353575432458,1,0
22.4,100,36.1116092117119,28.4791963121166,1.39937248620378,6.03674895818616,-0.0488845260384076,5.65487417510228,7.90123463592098,-0,0,0,123.493855018506,1,0
22.42,100,36.1116092117119,28.5072618241902,1.40716759986199,6.03578260756911,-0.0477538359283986,5.65986489839213,7.98889094483186,-0,0,0,123.642077606615,1,0
22.44,100,36.1116092117119,28.5354825733043,1.41489629198514,6.03483867287559,-0.0466429253552288,5.66481648313819,8.05381543208177,-0,0,0,123.789602887382,1,0
22.46,100,36.1116092117119,28.5638572371119,1.4225591699319,6.03391675907207,-0.0455517358156229,5.66972943676452,8.0968975582918,-0,0,0,123.936469419022,1,0
22.48,100,36.1116092117119,28.5923845053522,1.43015683497086,6.03301647245862,-0.0444801926205613,5.6746042506149,8.11899190424931,-0,0,0,124.082714154651,1,0
22.5,100,36.1116092117119,28.6210630797295,1.43768988233314,6.03213742098273,-0.0434282058766681,5.67944140052658,8.12091953877568,-0,0,0,124.228372506033,1,0
22.52,100,36.1116092117119,28.6498916737926,1.44515890126544,6.0312792145339,-0.0423956714303385,5.68424134739093,8.10346933297747,-0,0,0,124.373478404803,1,0
22.54,100,36.1116092117119,28.678869012816,1.45256447508365,6.03044146521973,-0.0413824717754391,5.68900453770089,8.06739922297773,-0,0,0,124.518064361305,1,0
22.56,100,36.1116092117119,28.7079938336814,1.45990718122677,6.02962378762415,-0.0403884769254259,5.69373140408501,8.01343742313651,-0,0,0,124.662161521094,1,0
22.58,100,36.1116092117119,28.7372648847612,1.46718759131119,6.02882579904863,-0.0394135452507408,5.69842236582792,7.94228359172404,-0,0,0,124.805799719231,1,0
22.6,100,36.6150490054809,28.7666809258023,1.47440627118528,6.02804711973694,-0.0384575242823516,5.70307782937715,7.85460995087863,-0,0,0,124.949007532434,1,0
22.62,100,36.6150490054809,28.7962407278113,1.48156378098418,6.02728737308416,-0.0375202514823087,5.70769818883624,7.96200010508297,-0,0,0,125.101682407299,1,0
22.64,100,36.6150490054809,28.8259430729408,1.4886606751848,6.02654618583066,-0.0366015549821951,5.71228382644427,8.04586586078783,-0,0,0,125.253593462781,1,0
22.66,100,36.6150490054809,28.855786754377,1.49569750266097,6.02582318824155,-0.0357012542903433,5.71683511304151,8.10712773103184,-0,0,0,125.404780968297,1,0
22.68,100,36.6150490054809,28.8857705762277,1.50267480673865,6.02511801427235,-0.0348191609686969,5.72135240852168,8.14667013400035,-0,0,0,125.555283528789,1,0
22.7,100,36.6150490054809,28.9158933534124,1.50959312525127,6.02443030172137,-0.0339550792801858,5.72583606227053,8.16534280861435,-0,0,0,125.705138150716,1,0
22.72,100,36.6150490054809,28.9461539115529,1.516452990595,6.02375969236949,-0.0331088068074833,5.73028641359103,8.163962174613,-0,0,0,125.854380305466,1,0
22.74,100,36.6150490054809,28.9765510868648,1.52325492978408,6.02310583210778,-0.0322801350440034,5.73470379211536,8.14331263930825,-0,0,0,126.003043990261,1,0
22.76,100,36.6150490054809,29.0070837260508,1.52999946450607,6.02246837105363,-0.0314688499579897,5.73908851820362,8.10414785309524,-0,0,0,126.151161786676,1,0
22.78,100,36.6150490054809,29.0377506861943,1.53668711117697,6.02184696365578,-0.0306747325305392,5.74344090332973,8.04719191574415,-0,0,0,126.298764916851,1,0
22.8,100,37.0365330289946,29.0685508346551,1.5433183809963,6.02124126878895,-0.0298975592683912,5.74776125045447,7.97314053537729,-0,0,0,126.445883297501,1,0
22.82,100,37.0365330289946,29.0994830489649,1.54989378000198,6.02065094983838,-0.0291371026923016,5.75204985438594,8.05926099153862,-0,0,0,126.600808904088,1,0
22.84,100,37.0365330289946,29.1305462167254,1.55641380912506,6.02007567477486,-0.02839313180181,5.75630700212777,8.12267211670822,-0,0,0,126.75498187467,1,0
22.86,100,37.0365330289946,29.161739235506,1.56287896424418,6.01951511622068,-0.0276654125171938,5.76053297321505,8.16426246744924,-0,0,0,126.908441217456,1,0
22.88,100,37.0365330289946,29.1930610127438,1.56928973623991,6.01896895150703,-0.0269537080993895,5.76472804003851,8.18488576136744,-0,0,0,127.061224332664,1,0
22.9,100,37.0365330289946,29.2245104656438,1.57564661104877,6.01843686272311,-0.0262577795486463,5.76889246815696,8.1853622434434,-0,0,0,127.213367076249,1,0
22.92,100,37.0365330289946,29.2560865210808,1.58195006971697,6.01791853675757,-0.0255773859826629,5.77302651659836,8.16647999878546,-0,0,0,127.364903821108,1,0
22.94,100,37.0365330289946,29.2877881155023,1.58820058845385,6.01741366533253,-0.0249122849949426,5.77713043814973,8.12899621389912,-0,0,0,127.515867515893,1,0
22.96,100,37.0365330289946,29.3196141948316,1.59439863868508,6.01692194503062,-0.0242622329940857,5.78120447963621,8.07363838850586,-0,0,0,127.666289741507,1,0
22.98,100,37.0365330289946,29.3515637143735,1.60054468710543,6.01644307731549,-0.0236269855247221,5.78524888218945,8.00110549983539,-0,0,0,127.816200765377,1,0
23,100,37.5451759238107,29.3836356387198,1.60663919573123,6.01597676854597,-0.0230062975707706,5.78926388150569,7.91206912126043,-0,0,0,127.965629593593,1,0
23.02,100,37.5451759238107,29.415828941656,1.6126826219525,6.01552272998442,-0.0223999238416953,5.79324970809367,8.02029230232413,-0,0,0,128.124576107377,1,0
23.04,100,37.5451759238107,29.4481426060698,1.6186754185846,6.0150806777995,-0.0218076190424125,5.79720658751284,8.10492071710009,-0,0,0,128.282703840987,1,0
23.06,100,37.5451759238107,29.4805756238599,1.62461803391961,6.0146503330637,-0.0212291381274848,5.80113474060188,8.1668776708779,-0,0,0,128.440053641013,1,0
23.08,100,37.5451759238107,29.5131269958459,1.63051091177718,6.01423142174589,-0.0206642365402216,5.80503438369803,8.20705027002496,-0,0,0,128.596664680393,1,0
23.1,100,37.5451759238107,29.5457957316796,1.63635449155508,6.01382367469932,-0.0201126704372907,5.80890572884735,8.22629084159226,-0,0,0,128.752574524646,1,0
23.12,100,37.5451759238107,29.5785808497568,1.6421492082792,6.0134268276452,-0.0195741968994263,5.81274898400624,8.22541829725026,-0,0,0,128.907819195502,1,0
23.14,100,37.5451759238107,29.6114813771308,1.64789549265323,6.01304062115223,-0.019048574128804,5.81656435323443,8.20521944374254,-0,0,0,129.062433232038,1,0
23.16,100,37.5451759238107,29.6444963494258,1.65359377110776,6.01266480061232,-0.0185355616336363,5.82035203687981,8.16645024194781,-0,0,0,129.216449749403,1,0
23.18,100,37.5451759238107,29.6776248107527,1.65924446584906,6.01229911621267,-0.018034920400525,5.82411223175518,8.10983701656382,-0,0,0,129.369900495242,1,0
23.2,100,37.9622612098548,29.7108658136242,1.66484799490728,6.01194332290466,-0.0175464130550934,5.82784513130734,8.03607761836003,-0,0,0,129.522815903899,1,0
23.22,100,37.9622612098548,29.7442184188727,1.67040477218427,6.01159718036949,-0.0170698040114012,5.83155092577872,8.120598350222,-0,0,0,129.683402222302,1,0
23.24,100,37.9622612098548,29.7776816955674,1.67591520750086,6.01126045298103,-0.0166048596106332,5.83522980236169,8.18243533875705,-0,0,0,129.8431897109,1,0
23.26,100,37.9622612098548,29.8112547209338,1.68137970664368,6.01093290976598,-0.0161513482495343,5.838881945346,8.22247622098994,-0,0,0,130.002217740448,1,0
23.28,100,37.9622612098548,29.8449365802729,1.6867986714115,6.01061432436155,-0.015709040499051,5.84250753625936,8.24157383560314,-0,0,0,130.160524071769,1,0
23.3,100,37.9622612098548,29.8787263668823,1.6921724996611,6.01030447497088,-0.0152777092136209,5.84610675400156,8.24054758756554,-0,0,0,130.31814491944,1,0
23.32,100,37.9622612098548,29.9126231819778,1.69750158535259,6.01000314431633,-0.0148571296315411,5.84967977497231,8.220184759255,-0,0,0,130.47511501297,1,0
23.34,100,37.9622612098548,29.9466261346155,1.70278631859428,6.0097101195909,-0.0144470794668284,5.85322677319299,8.18124177015426,-0,0,0,130.631467655579,1,0
23.36,100,37.9622612098548,29.980734341616,1.70802708568706,6.00942519240783,-0.0140473389929718,5.85674792042254,8.12444538715813,-0,0,0,130.787234780665,1,0
23.38,100,37.9622612098548,30.0149469274877,1.71322426916825,6.00914815874867,-0.0136576911189639,5.86024338626775,8.05049388741277,-0,0,0,130.942447006055,1,0
23.4,100,38.4766669683533,30.0492630243528,1.71837824785496,6.00887881890984,-0.0132779214579846,5.86371333828811,7.96005817555694,-0,0,0,131.097133686116,1,0
23.42,100,38.4766669683533,30.0836817718729,1.72348939688697,6.00861697744795,-0.0129078183890942,5.86715794209544,8.06931526186247,-0,0,0,131.261408030755,1,0
23.44,100,38.4766669683533,30.118202317176,1.72855808776908,6.00836244312391,-0.0125471731122848,5.87057736144851,8.15490093312853,-0,0,0,131.424816505535,1,0
23.46,100,38.4766669683533,30.1528238147841,1.73358468841297,6.00811502884599,-0.0121957796972233,5.87397175834279,8.21774162447173,-0,0,0,131.587400472539,1,0
23.48,100,38.4766669683533,30.1875454265419,1.7385695631786,6.00787455161202,-0.0118534351260055,5.87734129309563,8.25872745280827,-0,0,0,131.749199611184,1,0
23.5,100,38.4766669683533,30.2223663215463,1.74351307291501,6.00764083245076,-0.011519939330234,5.88068612442691,8.27871364102015,-0,0,0,131.910251984714,1,0
23.52,100,38.4766669683533,30.2572856760761,1.74841557500075,6.00741369636255,-0.0111950952227149,5.8840064095355,8.27852188628423,-0,0,0,132.070594104069,1,0
23.54,100,38.4766669683533,30.2923026735235,1.75327742338373,6.00719297225947,-0.0108787087240603,5.88730230417149,8.25894167473046,-0,0,0,132.230260989255,1,0
23.56,100,38.4766669683533,30.3274165043257,1.7580989686206,6.00697849290489,-0.0105705887844731,5.89057396270463,8.22073154455876,-0,0,0,132.389286228298,1,0
23.58,100,38.4766669683533,30.3626263658972,1.76288055791563,6.00677009485275,-0.0102705474009766,5.89382153818886,8.16462029962143,-0,0,0,132.547702033886,1,0
23.6,100,38.8887670112981,30.3979314625638,1.76762253515914,6.00656761838647,-0.00997839963034374,5.89704518242335,8.09130817540534,-0,0,0,132.705539297779,1,0
23.62,100,38.8887670112981,30.4333310054958,1.77232524096537,6.00637090745765,-0.0096939635979703,5.90024504600995,8.17413498679092,-0,0,0,132.870906979823,1,0
23.64,100,38.8887670112981,30.4688242126438,1.77698901270995,6.00617980962467,-0.00941706050292468,5.90342127840746,8.23430975108464,-0,0,0,133.035437352656,1,0
23.66,100,38.8887670112981,30.5044103086734,1.78161418456683,6.00599417599117,-0.00914751461939953,5.90657402798262,8.27271901632315,-0,0,0,133.199170072512,1,0
23.68,100,38.8887670112981,30.5400885249023,1.78620108754478,6.00581386114454,-0.00888515329477993,5.90970344205813,8.29021457725533,-0,0,0,133.362143184736,1,0
23.7,100,38.8887670112981,30.5758580992369,1.79075004952335,6.00563872309458,-0.008629806944534,5.91280966695774,8.28761483810488,-0,0,0,133.524393187418,1,0
23.72,100,38.8887670112981,30.6117182761102,1.79526139528845,6.00546862321213,-0.00838130904412332,5.91589284804863,8.26570612190034,-0,0,0,133.68595509252,1,0
23.74,100,38.8887670112981,30.6476683064203,1.79973544656741,6.00530342616801,-0.00813949611812221,5.9189531297811,8.22524392844848,-0,0,0,133.846862484606,1,0
23.76,100,38.8887670112981,30.6837074474694,1.80417252206355,6.00514299987219,-0.00790420772672639,5.92199065572574,8.16695414299353,-0,0,0,134.007147577266,1,0
23.78,100,38.8887670112981,30.719834962904,1.80857293749039,6.00498721541318,-0.0076752864498236,5.92500556860822,8.09153419746468,-0,0,0,134.166841267322,1,0
23.8,100,39.4095202749665,30.7560501226552,1.81293700560532,6.00483594699788,-0.00745257786879193,5.92799801034182,7.99965418619875,-0,0,0,134.325973186904,1,0
23.82,100,39.4095202749665,30.79235220288,1.81726503624284,6.00468907189169,-0.00723593054618314,5.93096812205771,8.11014990276855,-0,0,0,134.494781267023,1,0
23.84,100,39.4095202749665,30.828740485903,1.82155733634741,6.00454647035914,-0.00702519600344192,5.93391604413321,8.19689254619449,-0,0,0,134.662682924266,1,0
23.86,100,39.4095202749665,30.8652142601591,1.82581421000578,6.00440802560494,-0.00682022869680475,5.93684191621809,8.26081192650186,-0,0,0,134.829719985886,1,0
23.88,100,39.4095202749665,30.9017728201369,1.83003595847895,6.00427362371554,-0.00662088599151568,5.93974587725892,8.30280140460325,-0,0,0,134.995932587603,1,0
23.9,100,39.4095202749665,30.9384154663217,1.83422288023369,6.00414315360122,-0.00642702813448958,5.94262806552174,8.32371932151913,-0,0,0,135.161359240351,1,0
23.92,100,39.4095202749665,30.975141505141,1.83837527097359,6.00401650693875,-0.00623851822554793,5.94548861861293,8.32439037155229,-0,0,0,135.326036894414,1,0
23.94,100,39.4095202749665,31.0119502489085,1.84249342366975,6.00389357811462,-0.00605522218734524,5.94832767349861,8.30560692162258,-0,0,0,135.490001001035,1,0
23.96,100,39.4095202749665,31.0488410157707,1.84657762859104,6.00377426416889,-0.00587700873409943,5.95114536652236,8.26813027885794,-0,0,0,135.653285571614,1,0
23.98,100,39.4095202749665,31.0858131296525,1.85062817333392,6.00365846473972,-0.00570374933923351,5.95394183342166,8.21269190849011,-0,0,0,135.815923234572,1,0
24,100,39.8159514825552,31.1228659202041,1.85464534285189,6.00354608200845,-0.00553531820203051,5.95671720934284,8.13999460398248,-0,0,0,135.977945289992,1,0
24.02,100,39.8159514825552,31.1599987227487,1.85862941948454,6.00343702064547,-0.00537159221339909,5.9594716288548,8.22100543651335,-0,0,0,136.147349959733,1,0
24.04,100,39.8159514825552,31.1972108782307,1.86258068298615,6.00333118775673,-0.00521245092084139,5.96220522596152,8.27940412161452,-0,0,0,136.315885407487,1,0
24.06,100,39.8159514825552,31.2345017331634,1.86649941055403,6.00322849283098,-0.00505777649271102,5.9649181341134,8.31607582656822,-0,0,0,136.48359150594,1,0
24.08,100,39.8159514825552,31.2718706395791,1.87038587685632,6.00312884768767,-0.00490745368184361,5.96761048621749,8.33187102018277,-0,0,0,136.650506516982,1,0
24.1,100,39.8159514825552,31.3093169549784,1.8742403540595,6.00303216642566,-0.00476136978863875,5.97028241464678,8.32760683334002,-0,0,0,136.816667155264,1,0
24.12,100,39.8159514825552,31.3468400422802,1.87806311185553,6.00293836537265,-0.00461941462366737,5.97293405124839,8.30406836619868,-0,0,0,136.982108649251,1,0
24.14,100,39.8159514825552,31.3844392697728,1.88185441748861,6.00284736303534,-0.00448148046987499,5.97556552735103,8.26200994413211,-0,0,0,137.14686479988,1,0
24.16,100,39.8159514825552,31.4221140110654,1.88561453578154,6.00275908005034,-0.00434746204444731,5.97817697377145,8.20215632441838,-0,0,0,137.310968036918,1,0
24.18,100,39.8159514825552,31.4598636450393,1.88934372916175,6.00267343913594,-0.00421725646040062,5.98076852082016,8.12520385562075,-0,0,0,137.474449473102,1,0
24.2,100,40.3436875560076,31.4976875558008,1.89304225768704,6.00259036504448,-0.00409076318795658,5.98334029830645,8.03182159149911,-0,0,0,137.637338956157,1,0
24.22,100,40.3436875560076,31.5355851326339,1.89671037907081,6.00250978451569,-0.00396788401575699,5.9858924355426,8.14377007442661,-0,0,0,137.810011532254,1,0
24.24,100,40.3436875560076,31.5735557699533,1.90034834870715,6.00243162623065,-0.0038485230119707,5.98842506134751,8.23187907474799,-0,0,0,137.981742564898,1,0
24.26,100,40.3436875560076,31.6115988672591,1.90395641969541,6.0023558207666,-0.00373258648534322,5.99093830404974,8.29708197840826,-0,0,0,138.152574306121,1,0
24.28,100,40.3436875560076,31.6497138290903,1.90753484286457,6.00228230055253,-0.00361998294623418,5.99343229148987,8.34027558212841,-0,0,0,138.322547307634,1,0
24.3,100,40.3436875560076,31.68790006498,1.91108386679721,6.00221099982554,-0.00351062306768689,5.99590715102248,8.36232152807312,-0,0,0,138.491700487853,1,0
24.32,100,40.3436875560076,31.7261569894109,1.91460373785315,6.00214185458794,-0.00340441964657103,5.99836300951751,8.36404768225904,-0,0,0,138.660071196299,1,0
24.34,100,40.3436875560076,31.7644840217706,1.91809470019284,6.00207480256523,-0.00330128756483608,6.00079999336121,8.34624945891856,-0,0,0,138.827695275468,1,0
24.36,100,40.3436875560076,31.8028805863082,1.92155699580036,6.00200978316469,-0.00320114375091216,6.00321822845671,8.30969109292773,-0,0,0,138.994607120273,1,0
24.38,100,40.3436875560076,31.8413461120911,1.92499086450618,6.00194673743493,-0.00310390714129079,6.00561784022414,8.25510686234387,-0,0,0,139.160839735151,1,0
24.4,100,40.7436775243994,31.8798800329616,1.92839654400954,6.00188560802605,-0.00300949864231735,6.0079989536004,8.1832022630055,-0,0,0,139.326424788929,1,0
24.42,100,40.7436775243994,31.9184817874952,1.93177426990059,6.00182633915064,-0.00291784109222382,6.01036169303866,8.2622481282576,-0,0,0,139.49923458286,1,0
24.44,100,40.7436775243994,31.9571508189581,1.93512427568222,6.00176887654553,-0.00282885922342885,6.01270618250746,8.31873132464465,-0,0,0,139.671148869397,1,0
24.46,100,40.7436775243994,31.9958865752658,1.9384467927916,6.00171316743426,-0.00274247962512995,6.01503254548963,8.35353526618057,-0,0,0,139.842207675298,1,0
24.48,100,40.7436775243994,32.0346885089424,1.9417420506214,6.00165916049033,-0.0026586307062112,6.0173409049809,8.36750873683993,-0,0,0,140.012449417712,1,0
24.5,100,40.7436775243994,32.0735560770791,1.94501027654079,6.00160680580118,-0.00257724265848733,6.01963138348831,8.36146724839441,-0,0,0,140.181910967617,1,0
24.52,100,40.7436775243994,32.1124887412948,1.94825169591615,6.00155605483289,-0.00249824742030385,6.02190410302843,8.33619434499843,-0,0,0,140.350627710778,1,0
24.54,100,40.7436775243994,32.1514859676958,1.95146653213142,6.00150686039559,-0.00242157864051133,6.02415918512535,8.29244285662768,-0,0,0,140.518633606307,1,0
24.56,100,40.7436775243994,32.1905472268362,1.95465500660831,6.00145917660964,-0.00234717164283014,6.02639675080857,8.23093610336272,-0,0,0,140.685961242919,1,0
24.58,100,40.7436775243994,32.2296719936794,1.95781733882619,6.00141295887247,-0.00227496339062038,6.02861692061069,8.15236905245303,-0,0,0,140.852641892994,1,0
24.6,100,41.2791039519701,32.268859747559,1.96095374634168,6.00136816382614,-0.00220489245207118,6.03081981456503,8.05740943001213,-0,0,0,141.018705564499,1,0
24.62,100,41.2791039519701,32.3081099721405,1.96406444480805,6.00132474932557,-0.00213689896582071,6.03300555220311,8.17103870674066,-0,0,0,141.194678235916,1,0
24.64,100,41.2791039519701,32.3474221553838,1.96714964799432,6.0012826744075,-0.00207092460701866,6.03517425255202,8.26073687748751,-0,0,0,141.369678748577,1,0
24.66,100,41.2791039519701,32.3867957895055,1.97020956780418,6.00124189926008,-0.00200691255384078,6.03732603413178,8.32744110314297,-0,0,0,141.5437497479,1,0
24.68,100,41.2791039519701,32.4262303709415,1.97324441429455,6.00120238519313,-0.00194480745446393,6.03946101495257,8.37205180675663,-0,0,0,141.716932170189,1,0
24.7,100,41.2791039519701,32.465725400311,1.97625439569403,6.00116409460909,-0.00188455539450952,6.04157931251196,8.39543411401418,-0,0,0,141.889265309955,1,0
24.72,100,41.2791039519701,32.5052803823791,1.97923971842104,6.00112699097459,-0.00182610386496186,6.04368104379205,8.39841923722263,-0,0,0,142.060786884588,1,0
24.74,100,41.2791039519701,32.5448948260218,1.98220058710171,6.00109103879262,-0.00176940173056742,6.04576632525667,8.38180580503419,-0,0,0,142.231533096497,1,0
24.76,100,41.2791039519701,32.5845682441896,1.98513720458762,6.00105620357542,-0.00171439919871894,6.04783527284846,8.34636114002611,-0,0,0,142.40153869281,1,0
24.78,100,41.2791039519701,32.6243001538723,1.98804977197324,6.00102245181791,-0.00166104778882932,6.04988800198606,8.29282248618759,-0,0,0,142.570837022728,1,0
24.8,100,41.671792904021,32.6640900760645,1.99093848861322,6.00098975097174,-0.00160930030219788,6.05192462756118,8.22189818827471,-0,0,0,142.739460092631,1,0
24.82,100,41.671792904021,32.7039375357304,1.99380355213936,6.00095806941999,-0.00155911079237141,6.05394526393585,8.29880274147115,-0,0,0,142.915137395874,1,0
24.84,100,41.671792904021,32.7438420617697,1.99664515847748,6.00092737645237,-0.0015104345360019,6.0559500249395,8.35320466341382,-0,0,0,143.089897759729,1,0
24.86,100,41.671792904021,32.783803186984,1.999463501864,6.00089764224105,-0.00146322800420161,6.05793902386622,8.3859851894825,-0,0,0,143.263781308147,1,0
24.88,100,41.671792904021,32.8238204480426,2.00225877486238,6.00086883781709,-0.00141744883439628,6.05991237347204,8.3979910096633,-0,0,0,143.436826557754,1,0
24.9,100,41.671792904021,32.8638933854496,2.00503116837925,6.00084093504737,-0.0013730558026762,6.06187018597214,8.39003562304888,-0,0,0,143.609070481157,1,0
24.92,100,41.671792904021,32.9040215435106,2.00778087168047,6.00081390661209,-0.00133000879664403,6.06381257303828,8.36290063922661,-0,0,0,143.780548567758,1,0
24.94,100,41.671792904021,32.9442044703005,2.01050807240693,6.00078772598278,-0.00128826878875864,6.06573964579615,8.31733702863204,-0,0,0,143.951294882186,1,0
24.96,100,41.671792904021,32.9844417176308,2.0132129565901,6.00076236740093,-0.00124779781017289,6.06765151482285,8.25406632388987,-0,0,0,144.12134212044,1,0
24.98,100,41.671792904021,33.0247328410176,2.0158957086675,6.00073780585699,-0.00120855892506335,6.06954829014442,8.17378177403395,-0,0,0,144.290721663817,1,0
25,100,42.2157064334593,33.0650773996501,2.01855651149791,6.00071401707004,-0.00117051620544933,6.07143008123347,8.07714945347962,-0,0,0,144.459463630733,1,0
25.02,100,42.2157064334593,33.1054749563587,2.02119554637642,6.00069097746784,-0.00113363470649817,6.07329699700679,8.19270528127536,-0,0,0,144.638260503548,1,0
25.04,100,42.2157064334593,33.1459250775846,2.02381299304927,6.00066866416741,-0.00109788044231347,6.07514914582319,8.28423225553089,-0,0,0,144.816058320445,1,0
25.06,100,42.2157064334593,33.1864273333483,2.02640902972858,6.0006470549561,-0.00106322036220259,6.07698663548126,8.35267153697233,-0,0,0,144.992900097066,1,0
25.08,100,42.2157064334593,33.2269812972193,2.02898383310681,6.00062612827312,-0.00102962232741978,6.07880957321735,8.39892739075892,-0,0,0,145.168827131029,1,0
25.1,100,42.2157064334593,33.267586546286,2.03153757837112,6.00060586319152,-0.000997055088380127,6.08061806570353,8.42386863313202,-0,0,0,145.343879069555,1,0
25.12,100,42.2157064334593,33.3082426611255,2.03407043921751,6.00058623940064,-0.000965488262339916,6.08241221904576,8.42833002133964,-0,0,0,145.518093974427,1,0
25.14,100,42.2157064334593,33.3489492257741,2.03658258786487,6.00056723718899,-0.000934892311539137,6.08419213878197,8.41311358905542,-0,0,0,145.691508384414,1,0
25.16,100,42.2157064334593,33.3897058276979,2.03907419506875,6.00054883742755,-0.00090523852180055,6.08595792988047,8.37898992944676,-0,0,0,145.86415737524,1,0
25.18,100,42.2157064334593,33.4305120577634,2.04154543013507,6.00053102155356,-0.000876498981580404,6.0877096967382,8.32669942792235,-0,0,0,146.036074617193,1,0
25.2,100,42.6001428319249,33.471367510209,2.04399646093362,6.00051377155459,-0.00084864656146572,6.08944754317931,8.25695344654757,-0,0,0,146.207292430486,1,0
25.22,100,42.6001428319249,33.5122717826161,2.04642745391139,6.00049706995316,-0.000821654894111856,6.09117157245366,8.33151161649901,-0,0,0,146.38537882167,1,0
25.24,100,42.6001428319249,33.553224475881,2.04883857410581,6.00048089979171,-0.000795498354615446,6.0928818872355,8.38363858175202,-0,0,0,146.562531055689,1,0
25.26,100,42.6001428319249,33.5942251941868,2.05122998515776,6.00046524461787,-0.000770152041316779,6.09457858962225,8.41421293488217,-0,0,0,146.738789301215,1,0
25.28,100,42.6001428319249,33.6352735449755,2.0536018493245,6.00045008847025,-0.000745591757025329,6.09626178113334,8.42407882574759,-0,0,0,146.914192122998,1,0
25.3,100,42.6001428319249,33.6763691389206,2.05595432749237,6.00043541586451,-0.000721793990662543,6.09793156270917,8.41404731195886,-0,0,0,147.088776545,1,0
25.32,100,42.6001428319249,33.7175115898995,2.05828757918945,6.00042121177982,-0.000698735899316213,6.09958803471018,8.38489765639177,-0,0,0,147.262578111036,1,0
25.34,100,42.6001428319249,33.758700514967,2.06060176259796,6.00040746164568,-0.000676395290699838,6.101231296916,8.33737857383532,-0,0,0,147.435630943053,1,0
25.36,100,42.6001428319249,33.7999355343279,2.06289703456663,6.00039415132905,-0.000654750606010725,6.10286144852469,8.27220942874447,-0,0,0,147.607967797103,1,0
25.38,100,42.6001428319249,33.8412162713109,2.06517355062286,6.00038126712189,-0.000633780903180712,6.10447858815212,8.19008138603663,-0,0,0,147.779620117138,1,0
25.4,100,43.1534435897778,33.8825423523422,2.06743146498477,6.00036879572898,-0.000613465840513145,6.10608281383135,8.09165851676283,-0,0,0,147.950618086677,1,0
25.42,100,43.1534435897778,33.9239134069192,2.06967093057309,6.00035672425604,-0.000593785660699704,6.10767422301227,8.20940799706173,-0,0,0,148.131838294741,1,0
25.44,100,43.1534435897778,33.9653290675849,2.07189209902297,6.00034504019824,-0.000574721175210642,6.10925291256114,8.30302356864426,-0,0,0,148.312035593593,1,0
25.46,100,43.1534435897778,34.0067889699023,2.07409512069559,6.00033373142894,-0.000556253749052185,6.11081897876038,8.37345065976621,-0,0,0,148.491253353492,1,0
25.48,100,43.1534435897778,34.0482927524289,2.07628014468971,6.00032278618882,-0.000538365285884427,6.11237251730839,8.42159763481761,-0,0,0,148.669533217518,1,0
25.5,100,43.1534435897778,34.0898400566917,2.07844731885305,6.00031219307519,-0.000521038213493578,6.11391362331946,8.44833724756812,-0,0,0,148.846915169513,1,0
25.52,100,43.1534435897778,34.1314305271623,2.08059678979355,6.0003019410317,-0.000504255469612164,6.11544239132375,8.45450803742912,-0,0,0,149.023437599358,1,0
25.54,100,43.1534435897778,34.1730638112319,2.08272870289054,6.00029201933826,-0.000488000488080496,6.11695891526745,8.44091567097446,-0,0,0,149.199137365685,1,0
25.56,100,43.1534435897778,34.2147395591873,2.08484320230572,6.00028241760125,-0.000472257185343191,6.11846328851292,8.40833423085343,-0,0,0,149.374049856128,1,0
25.58,100,43.1534435897778,34.2564574241866,2.08694043099412,6.00027312574401,-0.000457009947274871,6.11995560383897,8.35750745416583,-0,0,0,149.548209045218,1,0
25.6,100,43.5285755810378,34.2982170622347,2.08902053071485,6.00026413399756,-0.000442243616327771,6.12143595344125,8.28914992228016,-0,0,0,149.721647549997,1,0
25.62,100,43.5285755810378,34.3400181321599,2.09108364204176,6.00025543289164,-0.000427943478996029,6.12290442893268,8.36112587712526,-0,0,0,149.901751251175,1,0
25.64,100,43.5285755810378,34.3818602955903,2.09312990437407,6.00024701324589,-0.000414095253589742,6.12436112134397,8.41075427557345,-0,0,0,150.080907264578,1,0
25.66,100,43.5285755810378,34.4237432169304,2.09515945594671,6.00023886616139,-0.0004006850783127,6.12580612112423,8.43891056889925,-0,0,0,150.259155754496,1,0
25.68,100,43.5285755810378,34.4656665633377,2.09717243384076,6.00023098301234,-0.000387699499638332,6.12723951814169,8.44643588787327,-0,0,0,150.436535285843,1,0
25.7,100,43.5285755810378,34.5076300046997,2.09916897399359,6.00022335543802,-0.000375125460976877,6.12866140168446,8.43413838844034,-0,0,0,150.61308288707,1,0
25.72,100,43.5285755810378,34.5496332136118,2.10114921120906,6.00021597533498,-0.000362950291628108,6.13007186046136,8.40279454463441,-0,0,0,150.788834110609,1,0
25.74,100,43.5285755810378,34.5916758653537,2.10311327916745,6.00020883484941,-0.000351161696014219,6.13147098260287,8.3531503907988,-0,0,0,150.963823090946,1,0
25.76,100,43.5285755810378,34.6337576378678,2.10506131043544,6.00020192636972,-0.000339747743185987,6.13285885566208,8.28592271509561,-0,0,0,151.138082600414,1,0
25.78,100,43.5285755810378,34.6758782117369,2.10699343647588,6.00019524251943,-0.000328696856597579,6.13423556661584,8.20180020622054,-0,0,0,151.311644102797,1,0
25.8,100,44.0922801899616,34.7180372701617,2.1089097876575,6.00018877615009,-0.000317997804142984,6.13560120186582,8.10144455515194,-0,0,0,151.484537804834,1,0
25.82,100,44.0922801899616,34.7602344989399,2.11081049326451,6.00018252033454,-0.000307639688449398,6.13695584723978,8.22167979096349,-0,0,0,151.66784429239,1,0
25.84,100,44.0922801899616,34.8024695864438,2.11269568150612,6.0001764683603,-0.000297611937421704,6.13829958799282,8.31766739146669,-0,0,0,151.85010647901,1,0
25.86,100,44.0922801899616,34.8447422235993,2.11456547952596,6.00017061372315,-0.000287904295032083,6.1396325088087,8.39035737331844,-0,0,0,152.031368080939,1,0
25.88,100,44.0922801899616,34.8870521038645,2.11642001341133,6.00016495012093,-0.000278506812350046,6.14095469380131,8.44066250845773,-0,0,0,152.211671077704,1,0
25.9,100,44.0922801899616,34.929398923209,2.11825940820251,6.00015947144743,-0.000269409838806865,6.14226622651607,8.46945978445675,-0,0,0,152.391055780394,1,0
25.92,100,44.0922801899616,34.9717823800926,2.12008378790181,6.00015417178655,-0.000260604013689708,6.14356718993151,8.47759180759479,-0,0,0,152.569560897263,1,0
25.94,100,44.0922801899616,35.0142021754449,2.12189327548265,6.00014904540657,-0.000252080257859466,6.14485766646085,8.46586815092732,-0,0,0,152.747223596759,1,0
25.96,100,44.0922801899616,35.0566580126447,2.12368799289847,6.00014408675463,-0.000243829765688222,6.14613773795362,8.4350666494905,-0,0,0,152.92407956808,1,0
25.98,100,44.0922801899616,35.0991495974999,2.12546806109161,6.00013929045127,-0.000235843997210339,6.14740748569738,8.38593464472672,-0,0,0,153.100163079357,1,0
26,100,44.4569440863124,35.141676638227,2.12723360000206,6.00013465128527,-0.00022811467048276,6.14866699041949,8.31919018010814,-0,0,0,153.275507033551,1,0
26.02,100,44.4569440863124,35.1842388454316,2.12898472857614,6.00013016420852,-0.000220633754149407,6.1499163322889,8.38831476466828,-0,0,0,153.457292359949,1,0
26.04,100,44.4569440863124,35.2268359320881,2.13072156477508,6.00012582433109,-0.000213393460205033,6.15115559091802,8.43518858758095,-0,0,0,153.638119722845,1,0
26.06,100,44.4569440863124,35.2694676135206,2.13244422558356,6.00012162691643,-0.000206386236953784,6.15238484536462,8.46068342470589,-0,0,0,153.818029235444,1,0
26.08,100,44.4569440863124,35.3121336073829,2.1341528270181,6.00011756737674,-0.000199604762157649,6.15360417413379,8.46563687462381,-0,0,0,153.99705941729,1,0
26.1,100,44.4569440863124,35.3548336336397,2.13584748413542,6.00011364126841,-0.000193041936370628,6.15481365517995,8.45085369869929,-0,0,0,154.175247256916,1,0
26.12,100,44.4569440863124,35.3975674145474,2.13752831104068,6.00010984428764,-0.000186690876453683,6.15601336590888,8.41710710860589,-0,0,0,154.352628272048,1,0
26.14,100,44.4569440863124,35.4403346746348,2.13919542089569,6.00010617226618,-0.000180544909266514,6.15720338317985,8.36514000336351,-0,0,0,154.529236567443,1,0
26.16,100,44.4569440863124,35.4831351406849,2.14084892592697,6.00010262116722,-0.000174597565531585,6.1583837833077,8.29566615787653,-0,0,0,154.705104890457,1,0
26.18,100,44.4569440863124,35.5259685417156,2.1424889374338,6.00009918708132,-0.000168842573866341,6.15955464206505,8.20937136486105,-0,0,0,154.880264684435,1,0
26.2,100,45.032198940933,35.5688346089618,2.14411556579616,6.00009586622255,-0.000163273854979345,6.16071603468448,8.10691453200453,-0,0,0,155.054746140004,1,0
26.22,100,45.032198940933,35.6117330758568,2.14572892048257,6.00009265492469,-0.000157885516026601,6.16186803586083,8.22995648529461,-0,0,0,155.239856276851,1,0
26.24,100,45.032198940933,35.6546636780142,2.14732911005792,6.00008954963756,-0.000152671845123365,6.16301071975341,8.32862690121974,-0,0,0,155.423902675611,1,0
26.26,100,45.032198940933,35.69762615321,2.14891624219117,6.00008654692344,-0.000147627306008579,6.16414415998839,8.40388076594104,-0,0,0,155.606929396403,1,0
26.28,100,45.032198940933,35.7406202413646,2.15049042366298,6.00008364345364,-0.000142746532857115,6.16526842966111,8.45663562519979,-0,0,0,155.788978752554,1,0
26.3,100,45.032198940933,35.7836456845252,2.1520517603733,6.00008083600511,-0.000138024325236768,6.16638360133846,8.48777305234221,-0,0,0,155.970091379251,1,0
26.32,100,45.032198940933,35.8267022268484,2.15360035734886,6.00007812145721,-0.000133455643206145,6.16748974706132,8.49814005877589,-0,0,0,156.150306299497,1,0
26.34,100,45.032198940933,35.8697896145825,2.1551363187506,6.00007549678852,-0.000129035602549533,6.16858693834697,8.48855044912093,-0,0,0,156.329660987478,1,0
26.36,100,45.032198940933,35.9129075960505,2.15665974788102,6.0000729590738,-0.000124759470145922,6.16967524619161,8.45978612323321,-0,0,0,156.508191429445,1,0
26.38,100,45.032198940933,35.9560559216328,2.15817074719149,6.00007050548099,-0.000120622659468184,6.17075474107278,8.41259832716405,-0,0,0,156.685932182211,1,0
26.4,100,45.3851054228146,35.9992343437505,2.15966941828945,6.00006813326832,-0.000116620726209041,6.17182549295195,8.34770885507644,-0,0,0,156.862916429348,1,0
26.42,100,45.3851054228146,36.0424426168485,2.16115586194556,6.00006583978154,-0.000112749364031092,6.17288757127703,8.41367654462161,-0,0,0,157.046094865573,1,0
26.44,100,45.3851054228146,36.0856804973788,2.1626301781008,6.00006362245117,-0.000109004400437017,6.17394104498495,8.45750448186969,-0,0,0,157.228307966237,1,0
26.46,100,45.3851054228146,36.1289477437838,2.16409246587349,6.00006147878989,-0.000105381792757281,6.17498598250423,8.48006019293134,-0,0,0,157.409595748248,1,0
26.48,100,45.3851054228146,36.1722441164803,2.16554282356624,6.00005940638994,-0.000101877624251937,6.17602245175764,8.48217719246876,-0,0,0,157.589996641766,1,0
26.5,100,45.3851054228146,36.215569377843,2.16698134867282,6.00005740292069,-9.84881003239211e-05,6.17705052016475,8.46465631727002,-0,0,0,157.76954755257,1,0
26.52,100,45.3851054228146,36.2589232921884,2.16840813788505,6.0000554661262,-9.52095448405724e-05,6.17807025464467,8.42826700752873,-0,0,0,157.948283921968,1,0
26.54,100,45.3851054228146,36.3023056257589,2.16982328709947,6.00005359382291,-9.20383965604389e-05,6.17908172161862,8.37374853788584,-0,0,0,158.126239784362,1,0
26.56,100,45.3851054228146,36.3457161467069,2.17122689142413,6.00005178389735,-8.89712056630694e-05,6.18008498701269,8.30181120020025,-0,0,0,158.303447822557,1,0
26.58,100,45.3851054228146,36.3891546250792,2.17261904518518,6.00005003430397,-8.60046303783035e-05,6.18108011626049,8.21313743994543,-0,0,0,158.479939420893,1,0
26.6,100,45.9732009119991,36.4326208328013,2.17399984193347,6.000048343063,-8.31354337132487e-05,6.18206717430589,8.10838294804408,-0,0,0,158.655744716303,1,0
26.62,100,45.9732009119991,36.4761145436621,2.17536937445105,6.00004670825839,-8.03604802735588e-05,6.1830462256057,8.23458559490401,-0,0,0,158.842422424087,1,0
26.64,100,45.9732009119991,36.5196355332983,2.17672773475767,6.0000451280358,-7.76767331770457e-05,6.18401733413246,8.3362809921215,-0,0,0,159.028018465842,1,0
26.66,100,45.9732009119991,36.5631835791798,2.17807501411712,6.00004360060068,-7.50812510566949e-05,6.18498056337714,8.41442954244591,-0,0,0,159.2125772496,1,0
26.68,100,45.9732009119991,36.6067584605939,2.17941130304365,6.00004212421637,-7.25711851509571e-05,6.18593597635192,8.46995399507477,-0,0,0,159.396141425859,1,0
26.7,100,45.9732009119991,36.6503599586309,2.18073669130817,6.00004069720228,-7.01437764788106e-05,6.18688363559296,8.50374092203416,-0,0,0,159.578751956627,1,0
26.72,100,45.9732009119991,36.6939878561691,2.18205126794456,6.00003931793212,-6.77963530972543e-05,6.18782360316315,8.51664213667427,-0,0,0,159.760448181763,1,0
26.74,100,45.9732009119991,36.7376419378602,2.1833551212558,6.00003798483221,-6.55263274391832e-05,6.18875594065495,8.50947605654273,-0,0,0,159.941267882712,1,0
26.76,100,45.9732009119991,36.7813219901148,2.1846483388201,6.00003669637979,-6.33311937292089e-05,6.18968070919309,8.48302901281435,-0,0,0,160.12124734374,1,0
26.78,100,45.9732009119991,36.8250278010875,2.18593100749693,6.0000354511014,-6.12085254751777e-05,6.19059796943746,8.43805650838753,-0,0,0,160.300421410768,1,0
26.8,100,46.3129192478978,36.8687591606634,2.1872032134331,6.00003424757137,-5.91559730339431e-05,6.19150778158584,8.37528442663988,-0,0,0,160.478823547899,1,0
26.82,100,46.3129192478978,36.9125158604432,2.18846504206866,6.00003308441025,-5.71712612485109e-05,6.19241020537673,8.43774979272146,-0,0,0,160.663146164819,1,0
26.84,100,46.3129192478978,36.9562976937295,2.1897165781428,6.00003196028338,-5.52521871548593e-05,6.19330530009221,8.47820187418423,-0,0,0,160.846498696655,1,0
26.86,100,46.3129192478978,37.0001044555126,2.19095790569972,6.00003087389944,-5.33966177569392e-05,6.19419312456065,8.49750332625601,-0,0,0,161.028921019418,1,0
26.88,100,46.3129192478978,37.0439359424568,2.19218910809444,6.00002982400911,-5.16024878673429e-05,6.19507373715961,8.49648298301537,-0,0,0,161.21045143057,1,0
26.9,100,46.3129192478978,37.0877919528868,2.19341026799853,6.00002880940369,-4.98677980122088e-05,6.19594719581865,8.47593718349905,-0,0,0,161.391126711036,1,0
26.92,100,46.3129192478978,37.1316722867738,2.19462146740576,6.00002782891386,-4.81906123982326e-05,6.19681355802209,8.4366310458222,-0,0,0,161.570982184794,1,0
26.94,100,46.3129192478978,37.1755767457222,2.19582278763785,6.00002688140836,-4.65690569403833e-05,6.1976728808119,8.37929969133635,-0,0,0,161.75005177612,1,0
26.96,100,46.3129192478978,37.2195051329562,2.19701430934997,6.00002596579284,-4.50013173483976e-05,6.19852522079047,8.30464942078813,-0,0,0,161.928368064594,1,0
26.98,100,46.3129192478978,37.2634572533064,2.19819611253632,6.00002508100864,-4.34856372702364e-05,6.19937063412347,8.21335884435884,-0,0,0,162.105962337939,1,0
27,100,46.9153054404801,37.3074329131968,2.19936827653563,6.00002422603165,-4.20203164915628e-05,6.20020917654261,8.10607996739288,-0,0,0,162.282864642799,1,0
27.02,100,46.9153054404801,37.3514319206315,2.20053088003661,6.00002339987125,-4.06037091887369e-05,6.20104090334853,8.23583482306227,-0,0,0,162.470913783486,1,0
27.04,100,46.9153054404801,37.3954540851822,2.20168400108336,6.00002260156918,-3.92342222343124e-05,6.20186586941355,8.34093313372099,-0,0,0,162.65786444418,1,0
27.06,100,46.9153054404801,37.4394992179749,2.20282771708069,6.00002183019853,-3.79103135538769e-05,6.2026841291845,8.42234123731147,-0,0,0,162.843761390798,1,0
27.08,100,46.9153054404801,37.4835671316773,2.20396210479945,6.00002108486276,-3.66304905317458e-05,6.20349573668555,8.48098758485611,-0,0,0,163.028647620147,1,0
27.1,100,46.9153054404801,37.5276576404863,2.2050872403818,6.00002036469467,-3.53933084651916e-05,6.20430074552099,8.51776422598945,-0,0,0,163.212564429405,1,0
27.12,100,46.9153054404801,37.5717705601154,2.20620319934641,6.0000196688555,-3.41973690653745e-05,6.20509920887801,8.53352823625266,-0,0,0,163.395551482876,1,0
27.14,100,46.9153054404801,37.6159057077824,2.20731005659364,6.000018996534,-3.30413190032133e-05,6.20589117952956,8.52910308841644,-0,0,0,163.577646876128,1,0
27.16,100,46.9153054404801,37.6600629021967,2.20840788641063,6.00001834694556,-3.19238484996162e-05,6.20667670983706,8.50527997003103,-0,0,0,163.75888719761,1,0
27.18,100,46.9153054404801,37.7042419635475,2.20949676247645,6.00001771933134,-3.0843689958541e-05,6.20745585175325,8.462819049324,-0,0,0,163.939307587863,1,0
27.2,100,47.240245779799,37.7484427134916,2.21057675786707,6.00001711295742,-2.97996166413194e-05,6.2082286568249,8.40245069145417,-0,0,0,164.118941796392,1,0
27.22,100,47.240245779799,37.7926649751412,2.21164794506038,6.00001652711404,-2.87904413814155e-05,6.20899517619566,8.46102435008997,-0,0,0,164.304192782661,1,0
27.24,100,47.240245779799,37.8369085730522,2.21271039594113,6.00001596111479,-2.78150153384759e-05,6.20975546060876,8.49772809265882,-0,0,0,164.488471336899,1,0
27.26,100,47.240245779799,37.8811733332124,2.21376418180586,6.00001541429586,-2.68722267900789e-05,6.21050956040978,8.5134190277988,-0,0,0,164.671817149442,1,0
27.28,100,47.240245779799,37.9254590830294,2.21480937336775,6.00001488601532,-2.5960999960697e-05,6.21125752554943,8.50892065987892,-0,0,0,164.854268341623,1,0
27.3,100,47.240245779799,37.9697656513196,2.21584604076143,6.00001437565241,-2.50802938863657e-05,6.21199940558625,8.4850242066127,-0,0,0,165.035861527389,1,0
27.32,100,47.240245779799,38.0140928682961,2.21687425354776,6.00001388260683,-2.42291013139047e-05,6.21273524968938,8.44248986500882,-0,0,0,165.216631872515,1,0
27.34,100,47.240245779799,38.0584405655577,2.21789408071861,6.00001340629812,-2.34064476344455e-05,6.21346510664124,8.38204802768614,-0,0,0,165.396613151491,1,0
27.36,100,47.240245779799,38.1028085760773,2.21890559070152,6.00001294616497,-2.2611389848999e-05,6.2141890248403,8.30440045148741,-0,0,0,165.575837802169,1,0
27.38,100,47.240245779799,38.1471967341906,2.21990885136438,6.00001250166465,-2.18430155664318e-05,6.21490705230373,8.21022138028084,-0,0,0,165.754336978282,1,0
27.4,100,47.8585499436234,38.1916048755855,2.22090393002001,6.00001207227236,-2.11004420319978e-05,6.21561923667015,8.10015862373381,-0,0,0,165.932140599889,1,0
27.42,100,47.8585499436234,38.2360328372901,2.22189089343081,6.00001165748067,-2.0382815185714e-05,6.21632562520226,8.2338997015798,-0,0,0,166.121399428107,1,0
27.44,100,47.8585499436234,38.2804804576628,2.22286980781324,6.00001125679896,-1.96893087501877e-05,6.21702626478959,8.34281942811169,-0,0,0,166.309543721472,1,0
27.46,100,47.8585499436234,38.3249475763806,2.22384073884236,6.00001086975286,-1.90191233461149e-05,6.21772120195107,8.42789067257565,-0,0,0,166.496618619555,1,0
27.48,100,47.8585499436234,38.3694340344287,2.22480375165625,6.00001049588372,-1.83714856356935e-05,6.21841048283779,8.49004816064531,-0,0,0,166.682667480253,1,0
27.5,100,47.8585499436234,38.4139396740897,2.22575891086049,6.00001013474812,-1.77456474920638e-05,6.21909415323555,8.5301899700225,-0,0,0,166.867731949745,1,0
27.52,100,47.8585499436234,38.4584643389332,2.22670628053251,6.00000978591733,-1.71408851948717e-05,6.21977225856759,8.5491789674032,-0,0,0,167.051852029707,1,0
27.54,100,47.8585499436234,38.5030078738048,2.22764592422596,6.00000944897689,-1.65564986505666e-05,6.22044484389711,8.54784418909019,-0,0,0,167.23506614188,1,0
27.56,100,47.8585499436234,38.5475701248162,2.22857790497501,6.00000912352608,-1.5991810637126e-05,6.22111195392997,8.52698216748206,-0,0,0,167.417411190124,1,0
27.58,100,47.8585499436234,38.5921509393346,2.22950228529864,6.00000880917752,-1.54461660721665e-05,6.22177363301724,8.48735820554029,-0,0,0,167.598922620019,1,0
27.6,100,48.1669435913667,38.6367501659723,2.23041912720485,6.00000850555671,-1.49189313039252e-05,6.22242992515781,8.4297076012936,-0,0,0,167.779634476142,1,0
27.62,100,48.1669435913667,38.681367654577,2.23132849219493,6.00000821230163,-1.44094934242905e-05,6.22308087400094,8.48395159961899,-0,0,0,167.965625600901,1,0
27.64,100,48.1669435913667,38.726003256221,2.23223044126757,6.00000792906229,-1.39172596032719e-05,6.22372652284887,8.51648761299645,-0,0,0,168.150644183283,1,0
27.66,100,48.1669435913667,38.7706568231918,2.23312503492301,6.00000765550038,-1.34416564444072e-05,6.22436691465932,8.52816646443106,-0,0,0,168.334729682202,1,0
27.68,100,48.1669435913667,38.8153282089821,2.23401233316714,6.00000739128887,-1.29821293602393e-05,6.22500209204808,8.51980561860679,-0,0,0,168.517919998566,1,0
27.7,100,48.1669435913667,38.8600172682795,2.2348923955156,6.00000713611162,-1.25381419671842e-05,6.2256320972915,8.49219048986047,-0,0,0,168.700251536447,1,0
27.72,100,48.1669435913667,38.9047238569572,2.23576528099774,6.00000688966306,-1.21091754999164e-05,6.22625697232901,8.44607569887036,-0,0,0,168.881759261866,1,0
27.74,100,48.1669435913667,38.9494478320642,2.23663104816067,6.00000665164782,-1.16947282435128e-05,6.22687675876563,8.38218628007123,-0,0,0,169.062476759267,1,0
27.76,100,48.1669435913667,38.9941890518156,2.23748975507324,6.00000642178038,-1.12943149836725e-05,6.22749149787446,8.30121884172079,-0,0,0,169.242436285769,1,0
27.78,100,48.1669435913667,39.038947375583,2.23834145932988,6.00000619978479,-1.09074664747055e-05,6.22810123059917,8.20384268048662,-0,0,0,169.421668823303,1,0
27.8,100,48.8029898477069,39.0837226638855,2.23918621805462,6.00000598539433,-1.05337289234454e-05,6.22870599755642,8.09070085232471,-0,0,0,169.600204128693,1,0
27.82,100,48.8029898477069,39.1285147783796,2.24002408790484,6.00000577835117,-1.01726634899339e-05,6.22930583903834,8.22891012148728,-0,0,0,169.79054064673,1,0
27.84,100,48.8029898477069,39.1733235818507,2.24085512507518,6.00000557840614,-9.82384580384924e-06,6.22990079501497,8.34211561681991,-0,0,0,169.979747011168,1,0
27.86,100,48.8029898477069,39.2181489382032,2.2416793853013,6.00000538531842,-9.48686549610633e-06,6.23049090513666,8.4312974192629,-0,0,0,170.167868756783,1,0
27.88,100,48.8029898477069,39.2629907124519,2.24249692386366,6.00000519885526,-9.1613257452774e-06,6.23107620873651,8.49739718292835,-0,0,0,170.354949622956,1,0
27.9,100,48.8029898477069,39.3078487707125,2.24330779559126,6.00000501879169,-8.84684283839996e-06,6.23165674483273,8.54131964181795,-0,0,0,170.541031624146,1,0
27.92,100,48.8029898477069,39.3527229801928,2.24411205486534,6.00000484491031,-8.54304574563067e-06,6.23223255213104,8.56393405746088,-0,0,0,170.726155117609,1,0
27.94,100,48.8029898477069,39.3976132091839,2.24490975562304,6.00000467700102,-8.24957570859669e-06,6.23280366902706,8.56607560978409,-0,0,0,170.910358868457,1,0
27.96,100,48.8029898477069,39.4425193270512,2.24570095136108,6.00000451486076,-7.96608584163894e-06,6.23337013360861,8.54854673345253,-0,0,0,171.093680112166,1,0
27.98,100,48.8029898477069,39.4874412042255,2.24648569513934,6.00000435829329,-7.69224074553378e-06,6.23393198365811,8.5121184018089,-0,0,0,171.276154614635,1,0
28,100,49.0928673395223,39.5323787121947,2.24726403958444,6.000004207109,-7.42771613398981e-06,6.23448925665485,8.45753136046434,-0,0,0,171.45781672988,1,0
28.02,100,49.0928673395223,39.5773317234949,2.24803603689331,6.00000406112461,-7.172198471722e-06,6.23504198977737,8.50695394837054,-0,0,0,171.644382584874,1,0
28.04,100,49.0928673395223,39.6223001117016,2.24880173883674,6.00000392016304,-6.92538462389092e-06,6.23559021990569,8.53485094633534,-0,0,0,171.829977905938,1,0
28.06,100,49.0928673395223,39.6672837514218,2.24956119676278,6.00000378405316,-6.68698151712986e-06,6.23613398362364,8.54206607976012,-0,0,0,172.014641873099,1,0
28.08,100,49.0928673395223,39.7122825182851,2.25031446160033,6.0000036526296,-6.45670581118431e-06,6.23667331722111,8.52940999358534,-0,0,0,172.198412120943,1,0
28.1,100,49.0928673395223,39.7572962889355,2.25106158386247,6.00000352573257,-6.23428358101557e-06,6.23720825669631,8.49766154937265,-0,0,0,172.381324799283,1,0
28.12,100,49.0928673395223,39.8023249410233,2.25180261364992,6.00000340320767,-6.01945000912449e-06,6.23773883775803,8.44756907153435,-0,0,0,172.563414631456,1,0
28.14,100,49.0928673395223,39.8473683531965,2.25253760065442,6.00000328490569,-5.81194908771369e-06,6.23826509582784,8.37985154468595,-0,0,0,172.744714970328,1,0
28.16,100,49.0928673395223,39.8924264050931,2.25326659416204,6.00000317068248,-5.61153333031729e-06,6.23878706604234,8.29519976405958,-0,0,0,172.925257852101,1,0
28.18,100,49.0928673395223,39.9374989773325,2.25398964305657,6.00000306039873,-5.41796349284507e-06,6.23930478325531,8.19427744080711,-0,0,0,173.10507404802,1,0
28.2,100,49.748698733926,39.982585951508,2.25470679582275,6.00000295391985,-5.23100830346855e-06,6.23981828203996,8.07772226395734,-0,0,0,173.284193114035,1,0
28.22,100,49.748698733926,40.0276872101787,2.25541810054957,6.00000285111579,-5.05044420111579e-06,6.24032759669104,8.22093567493574,-0,0,0,173.475501196653,1,0
28.24,100,49.748698733926,40.0728026368613,2.25612360493351,6.00000275186092,-4.87605508249007e-06,6.24083276122705,8.33894296437179,-0,0,0,173.665663644528,1,0
28.26,100,49.748698733926,40.1179321160227,2.25682335628173,6.00000265603382,-4.7076320572202e-06,6.24133380939234,8.43273219733316,-0,0,0,173.854726415059,1,0
28.28,100,49.748698733926,40.163075533072,2.25751740151531,6.00000256351721,-4.54497321091975e-06,6.24183077465929,8.50325269859811,-0,0,0,174.042733655181,1,0
28.3,100,49.748698733926,40.208232774353,2.25820578717235,6.00000247419777,-4.3878833756677e-06,6.24232369023038,8.55141657165339,-0,0,0,174.229727772419,1,0
28.32,100,49.748698733926,40.2534037271363,2.25888855941115,6.00000238796601,-4.23617390812227e-06,6.2428125890403,8.57810015815458,-0,0,0,174.415749503161,1,0
28.34,100,49.748698733926,40.2985882796121,2.25956576401328,6.00000230471616,-4.08966247476992e-06,6.24329750375807,8.58414544014832,-0,0,0,174.600837978255,1,0
28.36,100,49.748698733926,40.3437863208822,2.2602374463867,6.00000222434603,-3.94817284400186e-06,6.24377846678908,8.57036138730597,-0,0,0,174.785030786024,1,0
28.38,100,49.748698733926,40.3889977409531,2.26090365156879,6.00000214675691,-3.81153468498637e-06,6.24425551027716,8.53752525134528,-0,0,0,174.968364032823,1,0
28.4,100,50.0178654695326,40.4342224307283,2.26156442422942,6.0000020718534,-3.67958337313552e-06,6.24472866610664,8.48638380969014,-0,0,0,175.150872401208,1,0
28.42,100,50.0178654695326,40.4794602820011,2.26221980867388,6.00000199954339,-3.55215980157242e-06,6.24519796590436,8.53043353462304,-0,0,0,175.337866295053,1,0
28.44,100,50.0178654695326,40.524711187447,2.26286984884596,6.00000192973785,-3.42911019908692e-06,6.2456634410417,8.55316269182312,-0,0,0,175.523893707968,1,0
28.46,100,50.0178654695326,40.5699750406172,2.26351458833083,6.00000186235081,-3.31028595369964e-06,6.24612512263659,8.55540701370199,-0,0,0,175.708993491156,1,0
28.48,100,50.0178654695326,40.6152517359307,2.26415407035802,6.00000179729921,-3.19554344217361e-06,6.24658304155548,8.53796946524814,-0,0,0,175.893202964655,1,0
28.5,100,50.0178654695326,40.6605411686678,2.26478833780431,6.00000173450279,-3.08474386484808e-06,6.24703722841534,8.50162152883673,-0,0,0,176.07655797744,1,0
28.52,100,50.0178654695326,40.7058432349627,2.2654174331966,6.00000167388406,-2.97775308608072e-06,6.24748771358561,8.44710443866259,-0,0,0,176.259092965168,1,0
28.54,100,50.0178654695326,40.7511578317967,2.2660413987148,6.00000161536815,-2.87444147958779e-06,6.24793452719014,8.37513036677344,-0,0,0,176.440841005657,1,0
28.56,100,50.0178654695326,40.7964848569913,2.26666027619467,6.00000155888271,-2.77468377914895e-06,6.24837769910917,8.28638356259393,-0,0,0,176.621833872187,1,0
28.58,100,50.0178654695326,40.8418242092011,2.2672741071306,6.00000150435791,-2.67835893395561e-06,6.24881725898118,8.18152144777333,-0,0,0,176.80210208472,1,0
28.6,100,50.695768746005,40.8871757879074,2.26788293267841,6.00000145172625,-2.58534996859233e-06,6.24925323620487,8.06117566809765,-0,0,0,176.981674959095,1,0
28.62,100,50.695768746005,40.9325394934113,2.26848679365816,6.00000140092256,-2.49554384790565e-06,6.24968565994099,8.20998982212624,-0,0,0,177.173871137859,1,0
28.64,100,50.695768746005,40.9779152268267,2.26908573055683,6.00000135188388,-2.408831345997e-06,6.25011455911429,8.33337303957131,-0,0,0,177.364906057736,1,0
28.66,100,50.695768746005,41.0233028900742,2.2696797835311,6.00000130454939,-2.32510691964729e-06,6.25053996241531,8.43232224306013,-0,0,0,177.554826132209,1,0
28.68,100,50.695768746005,41.0687023858742,2.27026899241002,6.00000125886036,-2.24426858582313e-06,6.25096189830232,8.50779526727406,-0,0,0,177.743675947689,1,0
28.7,100,50.695768746005,41.1141136177402,2.27085339669767,6.00000121476006,-2.1662178030951e-06,6.25138039500307,8.56071239158709,-0,0,0,177.931498335212,1,0
28.72,100,50.695768746005,41.1595364899729,2.27143303557588,6.0000011721937,-2.09085935714844e-06,6.2517954805167,8.5919578126189,-0,0,0,178.118334439328,1,0
28.74,100,50.695768746005,41.2049709076531,2.2720079479068,6.00000113110836,-2.01810124998313e-06,6.25220718261551,8.60238105904412,-0,0,0,178.304223784284,1,0
28.76,100,50.695768746005,41.250416776636,2.27257817223551,6.00000109145291,-1.94785459257011e-06,6.25261552884675,8.59279835092047,-0,0,0,178.489204337618,1,0
28.78,100,50.695768746005,41.2958740035442,2.27314374679269,6.000001053178,-1.88003350123947e-06,6.25302054653445,8.56399390573095,-0,0,0,178.673312571252,1,0
28.8,100,50.9417778925789,41.3413424957622,2.27370470949709,6.00000101623595,-1.81455499734451e-06,6.25342226278116,8.5167211932034,-0,0,0,178.856583520191,1,0
28.82,100,50.9417778925789,41.3868221614293,2.27426109795814,6.00000098058072,-1.75133891022308e-06,6.25382070446973,8.55478024781386,-0,0,0,179.043873917126,1,0
28.84,100,50.9417778925789,41.4323129094344,2.27481294947847,6.00000094616783,-1.69030778357255e-06,6.25421589826505,8.57174883461644,-0,0,0,179.230203896416,1,0
28.86,100,50.9417778925789,41.477814649409,2.27536030105639,6.00000091295435,-1.63138678458146e-06,6.2546078706158,8.56845370278472,-0,0,0,179.41561192728,1,0
28.88,100,50.9417778925789,41.5233272917218,2.27590318938839,6.00000088089878,-1.57450361608254e-06,6.25499664775614,8.54568918598403,-0,0,0,179.600134963923,1,0
28.9,100,50.9417778925789,41.5688507474724,2.27644165087163,6.00000084996108,-1.51958843197121e-06,6.25538225570748,8.50421847339408,-0,0,0,179.783808504999,1,0
28.92,100,50.9417778925789,41.6143849284852,2.27697572160635,6.00000082010257,-1.46657375498817e-06,6.2557647202801,8.4447748308774,-0,0,0,179.966666650739,1,0
28.94,100,50.9417778925789,41.6599297473039,2.2775054373983,6.0000007912859,-1.41539439737524e-06,6.2561440670749,8.36806277428549,-0,0,0,180.148742157833,1,0
28.96,100,50.9417778925789,41.7054851171851,2.27803083376118,6.00000076347498,-1.36598738422392e-06,6.25652032148505,8.27475919673859,-0,0,0,180.330066492164,1,0
28.98,100,50.9417778925789,41.7510509520931,2.27855194591897,6.00000073663499,-1.31829187910349e-06,6.25689350869764,8.16551445172494,-0,0,0,180.510669879478,1,0
29,100,51.6443112796889,41.7966271666936,2.27906880880835,6.00000071073229,-1.27224911256209e-06,6.25726365369535,8.04095339370909,-0,0,0,180.690581354056,1,0
29.02,100,51.6443112796889,41.8422136763482,2.279581457081,6.00000068573439,-1.22780231262102e-06,6.25763078125805,8.19603293952047,-0,0,0,180.883602169251,1,0
29.04,100,51.6443112796889,41.8878103971087,2.28008992510596,6.00000066160993,-1.18489663766502e-06,6.25799491596448,8.32543145866043,-0,0,0,181.075445689825,1,0
29.06,100,51.6443112796889,41.9334172457115,2.28059424697194,6.00000063832861,-1.14347911165439e-06,6.25835608219379,8.43015571596511,-0,0,0,181.26615882513,1,0
29.08,100,51.6443112796889,41.979034139572,2.28109445648958,6.00000061586118,-1.10349856138325e-06,6.25871430412719,8.51117300210992,-0,0,0,181.455786639087,1,0
29.1,100,51.6443112796889,42.0246609967791,2.28159058719373,6.00000059417941,-1.06490555590054e-06,6.25906960574953,8.56941268140401,-0,0,0,181.644372422591,1,0
29.12,100,51.6443112796889,42.0702977360896,2.28208267234572,6.00000057325603,-1.02765234780764e-06,6.25942201085085,8.60576767888131,-0,0,0,181.831957763088,1,0
29.14,100,51.6443112796889,42.1159442769227,2.2825707449356,6.00000055306469,-9.91692816612623e-07,6.25977154302796,8.62109590910212,-0,0,0,182.018582611411,1,0
29.16,100,51.6443112796889,42.1616005393549,2.28305483768429,6.00000053357999,-9.56982413971774e-07,6.26011822568601,8.6162216489062,-0,0,0,182.204285346007,1,0
29.18,100,51.6443112796889,42.2072664441143,2.28353498304588,6.00000051477736,-9.23478110690896e-07,6.26046208203998,8.59193685637177,-0,0,0,182.389102834634,1,0
29.2,100,51.8644336155142,42.2529419125755,2.2840112132097,6.0000004966331,-8.91138345539604e-07,6.26080313511626,8.54900243802426,-0,0,0,182.573070493646,1,0
29.22,100,51.8644336155142,42.2986268667544,2.28448356010258,6.00000047912433,-8.59922975581663e-07,6.2611414077541,8.58037918113119,-0,0,0,182.760537904978,1,0
29.24,100,51.8644336155142,42.3443212293024,2.28495205539091,6.00000046222895,-8.29793228540877e-07,6.2614769226072,8.59092340047665,-0,0,0,182.947052975262,1,0
29.26,100,51.8644336155142,42.3900249235022,2.28541673048283,6.00000044592561,-8.00711656428601e-07,6.26180970214512,8.58145176431094,-0,0,0,183.132653734573,1,0
29.28,100,51.8644336155142,42.4357378732616,2.28587761653029,6.00000043019373,-7.7264209079334e-07,6.26213976865482,8.55274892038291,-0,0,0,183.317376716194,1,0
29.3,100,51.8644336155142,42.4814600031092,2.28633474443118,6.00000041501342,-7.4554959949701e-07,6.2624671442421,8.50556875147766,-0,0,0,183.50125701535,1,0
29.32,100,51.8644336155142,42.527191238189,2.28678814483137,6.00000040036546,-7.19400444943651e-07,6.26279185083306,8.44063558170592,-0,0,0,183.684328345643,1,0
29.34,100,51.8644336155142,42.5729315042552,2.2872378481268,6.00000038623133,-6.94162043643977e-07,6.26311391017553,8.35864533551412,-0,0,0,183.86662309327,1,0
29.36,100,51.8644336155142,42.6186807276678,2.28768388446549,6.00000037259312,-6.6980292725358e-07,6.26343334384057,8.26026665123387,-0,0,0,184.048172369114,1,0
29.38,100,51.8644336155142,42.664438835387,2.28812628374958,6.00000035943355,-6.46292704575905e-07,6.26375017322382,8.14614195097215,-0,0,0,184.229006058798,1,0
29.4,100,52.5944579646196,42.7102057549686,2.28856507563733,6.00000034673595,-6.23602025388742e-07,6.26406441954695,8.01688846855354,-0,0,0,184.40915287077,1,0
29.42,100,52.5944579646196,42.7559814145594,2.28900028954512,6.0000003344842,-6.01702544981036e-07,6.26437610385905,8.1789743189756,-0,0,0,184.602952714273,1,0
29.44,100,52.5944579646196,42.8017657428919,2.28943195464941,6.00000032266275,-5.80566890142162e-07,6.26468524703804,8.31510066861687,-0,0,0,184.795558553883,1,0
29.46,100,52.5944579646196,42.8475586692797,2.28986009988873,6.00000031125661,-5.60168626264386e-07,6.26499186979202,8.42628523203849,-0,0,0,184.987017841303,1,0
29.48,100,52.5944579646196,42.8933601236131,2.29028475396556,6.00000030025126,-5.40482225357085e-07,6.26529599266068,8.51350582004595,-0,0,0,185.177376162462,1,0
29.5,100,52.5944579646196,42.9391700363539,2.29070594534832,6.00000028963274,-5.21483035311986e-07,6.26559763601663,8.57770190433146,-0,0,0,185.366677310708,1,0
29.52,100,52.5944579646196,42.9849883385308,2.29112370227325,6.00000027938752,-5.03147250271003e-07,6.26589682006674,8.61977612074597,-0,0,0,185.554963357139,1,0
29.54,100,52.5944579646196,43.0308149617352,2.2915380527463,6.00000026950258,-4.85451881693787e-07,6.26619356485352,8.64059571366142,-0,0,0,185.742274718179,1,0
29.56,100,52.5944579646196,43.0766498381163,2.29194902454503,6.00000025996532,-4.6837473079292e-07,6.2664878902564,8.64099392366311,-0,0,0,185.928650220496,1,0
29.58,100,52.5944579646196,43.1224929003763,2.29235664522045,6.00000025076361,-4.51894361562812e-07,6.26677981599307,8.62177132085454,-0,0,0,186.114127163378,1,0
29.6,100,52.7856482924373,43.1683440817666,2.29276094209888,6.00000024188571,-4.35990074858179e-07,6.26706936162079,8.58369708587122,-0,0,0,186.298741378667,1,0
29.62,100,52.7856482924373,43.2142033160825,2.29316194228379,6.0000002333203,-4.20641883299467e-07,6.2673565465377,8.60761764700018,-0,0,0,186.486275628242,1,0
29.64,100,52.7856482924373,43.2600705376593,2.29355967265762,6.00000022505646,-4.05830486984019e-07,6.26764138998407,8.610994587455,-0,0,0,186.672867665111,1,0
29.66,100,52.7856482924373,43.3059456813679,2.29395415988356,6.00000021708363,-3.91537250204409e-07,6.26792391104358,8.59463327562921,-0,0,0,186.858555018252,1,0
29.68,100,52.7856482924373,43.3518286826101,2.29434543040737,6.00000020939163,-3.77744178771091e-07,6.26820412864463,8.55930750225723,-0,0,0,187.043373740349,1,0
29.7,100,52.7856482924373,43.3977194773145,2.29473351045911,6.00000020197064,-3.6443389810898e-07,6.26848206156155,8.50576071859036,-0,0,0,187.227358465715,1,0
29.72,100,52.7856482924373,43.4436180019322,2.29511842605496,6.00000019481117,-3.5158963210676e-07,6.26875772841587,8.43470722600853,-0,0,0,187.410542465943,1,0
29.74,100,52.7856482924373,43.4895241934325,2.29550020299891,6.00000018790406,-3.39195182750734e-07,6.26903114767755,8.34683331899988,-0,0,0,187.592957703381,1,0
29.76,100,52.7856482924373,43.5354379892985,2.29587886688454,6.00000018124047,-3.27234910426591e-07,6.26930233766621,8.2427983833052,-0,0,0,187.774634882503,1,0
29.78,100,52.7856482924373,43.5813593275235,2.29625444309669,6.00000017481187,-3.15693714814867e-07,6.26957131655233,8.12323595102839,-0,0,0,187.955603499273,1,0
29.8,100,53.5463619470695,43.6272881466059,2.29662695681319,6.00000016861002,-3.04557016369524e-07,6.26983810235849,7.98875471435092,-0,0,0,188.135891888564,1,0
29.82,100,53.5463619470695,43.6732243855459,2.29699643300654,6.00000016262698,-2.93810738814292e-07,6.27010271296053,8.158673185085,-0,0,0,188.330441273921,1,0
29.84,100,53.5463619470695,43.7191679838412,2.2973628964456,6.00000015685508,-2.83441291564803e-07,6.27036516608877,8.30232184744529,-0,0,0,188.52377901229,1,0
29.86,100,53.5463619470695,43.7651188814826,2.29772637169722,6.00000015128691,-2.73435553454757e-07,6.27062547932919,8.42073060930611,-0,0,0,188.715953151386,1,0
29.88,100,53.5463619470695,43.8110770189504,2.29808688312794,6.00000014591532,-2.63780856398467e-07,6.27088367012455,8.51488899646811,-0,0,0,188.907009850558,1,0
29.9,100,53.5463619470695,43.8570423372102,2.29844445490555,6.00000014073342,-2.54464970156009e-07,6.27113975577561,8.58574773605224,-0,0,0,189.096993454867,1,0
29.92,100,53.5463619470695,43.9030147777089,2.29879911100078,6.00000013573454,-2.45476087214979e-07,6.27139375344227,8.63422027780595,-0,0,0,189.285946566259,1,0
29.94,100,53.5463619470695,43.9489942823709,2.29915087518888,6.00000013091227,-2.36802808149343e-07,6.27164568014466,8.66118425576603,-0,0,0,189.473910111954,1,0
29.96,100,53.5463619470695,43.9949807935944,2.29949977105121,6.0000001262604,-2.28434127943052e-07,6.27189555276436,8.66748289259615,-0,0,0,189.66092341014,1,0
29.98,100,53.5463619470695,44.0409742542468,2.29984582197682,6.00000012177294,-2.20359422218238e-07,6.27214338804543,8.65392634887237,-0,0,0,189.847024233107,1,0
30,100,53.7052216632125,44.0869746076619,2.30018905116404,6.00000011744413,-2.1256843435397e-07,6.27238920259561,8.62129301945326,-0,0,0,190.03224886789,1,0
30.02,100,53.7052216632125,44.1329817976353,2.30052948162201,6.00000011326838,-2.05051262817043e-07,6.27263301288737,8.63689188582928,-0,0,0,190.219746663762,1,0
30.04,100,53.7052216632125,44.1789957684209,2.30086713617225,6.00000010924032,-1.97798348959251e-07,6.27287483525902,8.63227049413738,-0,0,0,190.406314499703,1,0
30.06,100,53.7052216632125,44.2250164647271,2.30120203745015,6.00000010535475,-1.90800465206927e-07,6.2731146859158,8.60822155747326,-0,0,0,190.591989335999,1,0
30.08,100,53.7052216632125,44.2710438317135,2.30153420790654,6.00000010160666,-1.84048703812379e-07,6.27335258093098,8.5655067073106,-0,0,0,190.77680667966,1,0
30.1,100,53.7052216632125,44.3170778149865,2.30186366980914,6.00000009799122,-1.77534465817369e-07,6.2735885362469,8.50485771220896,-0,0,0,190.960800641432,1,0
30.12,100,53.7052216632125,44.3631183605962,2.30219044524412,6.00000009450375,-1.71249450355844e-07,6.27382256767604,8.42697764875709,-0,0,0,191.144003990582,1,0
30.14,100,53.7052216632125,44.4091654150326,2.30251455611752,6.00000009113976,-1.65185644497368e-07,6.27405469090211,8.33254202658421,-0,0,0,191.326448207529,1,0
30.16,100,53.7052216632125,44.4552189252221,2.30283602415674,6.0000000878949,-1.59335313398002e-07,6.27428492148102,8.22219986926826,-0,0,0,191.508163534413,1,0
30.18,100,53.7052216632125,44.5012788385237,2.30315487091201,6.00000008476498,-1.53690990578409e-07,6.27451327484201,8.0965747528695,-0,0,0,191.689179023678,1,0
30.2,100,54.5001994836268,44.5473451027259,2.30347111775783,6.00000008174594,-1.48245468880478e-07,6.27473976628859,7.95626580371892,-0,0,0,191.869522584759,1,0
30.22,100,54.5001994836268,44.5934176660428,2.30378478589437,6.00000007883388,-1.42991791339128e-07,6.27496441099964,8.13493878780974,-0,0,0,192.064806791685,1,0
30.24,100,54.5001994836268,44.6394964771106,2.30409589634895,6.00000007602503,-1.37923242679632e-07,6.27518722403035,8.28699598922171,-0,0,0,192.258860511403,1,0
30.26,100,54.5001994836268,44.6855814849846,2.30440446997742,6.00000007331576,-1.33033341005762e-07,6.27540822031329,8.41348090373029,-0,0,0,192.451732449049,1,0
30.28,100,54.5001994836268,44.7316726391355,2.30471052746554,6.00000007070255,-1.2831582965757e-07,6.27562741465935,8.5153961120688,-0,0,0,192.643469396274,1,0
30.3,100,54.5001994836268,44.7777698894459,2.3050140893304,6.00000006818202,-1.23764669631068e-07,6.27584482175877,8.59370488422088,-0,0,0,192.834116306308,1,0
30.32,100,54.5001994836268,44.823873186207,2.30531517592178,6.00000006575089,-1.19374031902488e-07,6.2760604561821,8.64933272080959,-0,0,0,193.023716366071,1,0
30.34,100,54.5001994836268,44.8699824801156,2.3056138074235,6.00000006340602,-1.15138290187219e-07,6.27627433238119,8.68316883404502,-0,0,0,193.212311065467,1,0
30.36,100,54.5001994836268,44.9160977222702,2.30591000385482,6.00000006114436,-1.11052014069808e-07,6.27648646469011,8.69606757060984,-0,0,0,193.399940263949,1,0
30.38,100,54.5001994836268,44.9622188641684,2.30620378507173,6.00000005896298,-1.0710996216577e-07,6.27669686732616,8.68884977874047,-0,0,0,193.586642254479,1,0
30.4,100,54.6229348416123,45.0083458577031,2.30649517076831,6.00000005685904,-1.03307075580246e-07,6.27690555439081,8.66230412172021,-0,0,0,193.772453824986,1,0
30.42,100,54.6229348416123,45.0544786551593,2.30678418047805,6.0000000548298,-9.96384716741137e-08,6.2771125398706,8.66861359397567,-0,0,0,193.959816578462,1,0
30.44,100,54.6229348416123,45.1006172092115,2.30707083357514,6.00000005287264,-9.60994378619095e-08,6.27731783763812,8.65506455821004,-0,0,0,194.146263855671,1,0
30.46,100,54.6229348416123,45.1467614729198,2.30735514927579,6.00000005098499,-9.26854257596056e-08,6.27752146145293,8.62243556342061,-0,0,0,194.331831974061,1,0
30.48,100,54.6229348416123,45.1929113997271,2.30763714663953,6.00000004916441,-8.93920456398437e-08,6.27772342496244,8.57147463219412,-0,0,0,194.516555823622,1,0
30.5,100,54.6229348416123,45.2390669434559,2.30791684457044,6.00000004740853,-8.62150608129546e-08,6.27792374170289,8.50290045765622,-0,0,0,194.70046892288,1,0
30.52,100,54.6229348416123,45.2852280583054,2.30819426181847,6.00000004571506,-8.31503823366363e-08,6.27812242510017,8.41740355349002,-0,0,0,194.883603472705,1,0
30.54,100,54.6229348416123,45.3313946988482,2.30846941698066,6.0000000440818,-8.0194063990677e-08,6.2783194884708,8.31564735885899,-0,0,0,195.065990408,1,0
30.56,100,54.6229348416123,45.3775668200271,2.30874232850241,6.0000000425066,-7.73422972304751e-08,6.27851494502276,8.19826930000666,-0,0,0,195.247659447371,1,0
30.58,100,54.6229348416123,45.4237443771527,2.3090130146787,6.00000004098743,-7.4591406522226e-08,6.27870880785641,8.06588181022929,-0,0,0,195.428639140845,1,0
30.6,100,55.4561718593183,45.4699273258997,2.30928149365534,6.0000000395223,-7.19378446357008e-08,6.27890108996534,7.9190733098596,-0,0,0,195.608956915717,1,0
30.62,100,55.4561718593183,45.5161156223043,2.30954778343016,6.00000003810929,-6.93781882232756e-08,6.27909180423724,8.1075296138306,-0,0,0,195.80497496564,1,0
30.64,100,55.4561718593183,45.5623092227613,2.30981190185423,6.00000003674657,-6.69091336003954e-08,6.27928096345479,8.26898422929377,-0,0,0,195.999742220194,1,0
30.66,100,55.4561718593183,45.6085080840209,2.31007386663306,6.00000003543234,-6.45274925472418e-08,6.27946858029647,8.40449580233474,-0,0,0,196.193308111775,1,0
30.68,100,55.4561718593183,45.6547121631861,2.31033369532778,6.0000000341649,-6.22301882482252e-08,6.27965466733747,8.51508146978751,-0,0,0,196.385720131342,1,0
30.7,100,55.4561718593183,45.7009214177097,2.31059140535631,6.00000003294259,-6.00142514965229e-08,6.27983923705044,8.60171848683575,-0,0,0,196.577023904569,1,0
30.72,100,55.4561718593183,45.7471358053912,2.31084701399456,6.00000003176381,-5.7876817015237e-08,6.28002230180643,8.66534579078392,-0,0,0,196.767263265009,1,0
30.74,100,55.4561718593183,45.7933552843745,2.31110053837754,6.00000003062702,-5.58151197255441e-08,6.28020387387563,8.70686550351429,-0,0,0,196.95648032439,1,0
30.76,100,55.4561718593183,45.8395798131447,2.31135199550056,6.00000002953072,-5.38264911844739e-08,6.28038396542823,8.72714437503821,-0,0,0,197.144715540154,1,0
30.78,100,55.4561718593183,45.8858093505252,2.31160140222033,6.00000002847349,-5.19083564573637e-08,6.28056258853522,8.72701517043615,-0,0,0,197.332007780347,1,0
30.8,100,55.5385474139659,45.9320438556757,2.31184877525611,6.00000002745393,-5.00582308524888e-08,6.28073975516924,8.70727800241915,-0,0,0,197.518394385964,1,0
30.82,100,55.5385474139659,45.9782832880882,2.31209413119082,6.00000002647072,-4.82737166344898e-08,6.28091547720531,8.70321639125144,-0,0,0,197.705526226665,1,0
30.84,100,55.5385474139659,46.0245276075857,2.31233748647217,6.00000002552256,-4.65525000028452e-08,6.28108976642167,8.67970081219255,-0,0,0,197.891759445998,1,0
30.86,100,55.5385474139659,46.0707767743183,2.31257885741372,6.00000002460821,-4.48923483990017e-08,6.28126263450056,8.63749396925171,-0,0,0,198.077129636913,1,0
30.88,100,55.5385474139659,46.1170307487612,2.31281826019605,6.00000002372648,-4.32911073470238e-08,6.281434093029,8.57732866117309,-0,0,0,198.26167099383,1,0
30.9,100,55.5385474139659,46.1632894917121,2.31305571086776,6.00000002287619,-4.17466979515568e-08,6.28160415349958,8.49990895403361,-0,0,0,198.445416367492,1,0
30.92,100,55.5385474139659,46.2095529642881,2.31329122534661,6.00000002205624,-4.0257114247365e-08,6.28177282731118,8.405911307868,-0,0,0,198.628397317681,1,0
30.94,100,55.5385474139659,46.2558211279233,2.31352481942054,6.00000002126555,-3.88204205912766e-08,6.28194012576979,8.29598565910209,-0,0,0,198.810644163854,1,0
30.96,100,55.5385474139659,46.3020939443666,2.31375650874877,6.00000002050308,-3.74347493827865e-08,6.28210606008924,8.17075646056018,-0,0,0,198.992186033808,1,0
30.98,100,55.5385474139659,46.3483713756786,2.31398630886282,6.00000001976783,-3.6098298445399e-08,6.28227064139195,8.03082368067583,-0,0,0,199.173050910423,1,0
31,100,56.4145076479167,46.3946533842292,2.31421423516756,6.00000001905884,-3.48093289168607e-08,6.28243388070968,7.87676376353777,-0,0,0,199.353265676577,1,0
31.02,100,56.4145076479167,46.4409399326952,2.31444030294226,6.00000001837516,-3.35661629273549e-08,6.28259578898426,8.07615174524251,-0,0,0,199.550029603963,1,0
31.04,100,56.4145076479167,46.4872309840578,2.31466452734158,6.00000001771589,-3.23671816063542e-08,6.28275637706833,8.24810745171013,-0,0,0,199.745520677153,1,0
31.06,100,56.4145076479167,46.5335265015999,2.31488692339662,6.00000001708018,-3.12108229304453e-08,6.28291565572607,8.39370642846681,-0,0,0,199.939789134874,1,0
31.08,100,56.4145076479167,46.5798264489041,2.31510750601589,6.00000001646719,-3.00955797937925e-08,6.28307363563391,8.5139820490267,-0,0,0,200.132883243279,1,0
31.1,100,56.4145076479167,46.6261307898496,2.31532628998637,6.0000000158761,-2.90199980998046e-08,6.28323032738124,8.60992716847094,-0,0,0,200.324849373313,1,0
31.12,100,56.4145076479167,46.6724394886104,2.31554328997442,6.00000001530613,-2.7982674736182e-08,6.28338574147115,8.68249571219346,-0,0,0,200.515732075048,1,0
31.14,100,56.4145076479167,46.7187525096525,2.31575852052684,6.00000001475654,-2.69822561224634e-08,6.28353988832109,8.73260420235384,-0,0,0,200.705574149102,1,0
31.16,100,56.4145076479167,46.7650698177315,2.3159719960718,6.0000000142266,-2.60174360578504e-08,6.28369277826359,8.76113322446385,-0,0,0,200.894416715259,1,0
31.18,100,56.4145076479167,46.8113913778907,2.31618373091982,6.00000001371562,-2.50869544807911e-08,6.28384442154697,8.76892883648807,-0,0,0,201.082299278392,1,0
31.2,100,56.4517943073467,46.8577171554583,2.31639373926473,6.00000001322291,-2.41895956136566e-08,6.28399482833598,8.75680392267451,-0,0,0,201.26925979181,1,0
31.22,100,56.4517943073467,46.9040471160452,2.31660203518462,6.00000001274782,-2.33241864572787e-08,6.28414400871252,8.74116234308529,-0,0,0,201.456065733515,1,0
31.24,100,56.4517943073467,46.9503812255427,2.31680863264277,6.00000001228973,-2.24895953278942e-08,6.28429197267631,8.70651905638642,-0,0,0,201.641992454953,1,0
31.26,100,56.4517943073467,46.9967194501203,2.31701354548863,6.00000001184804,-2.1684730404692e-08,6.28443873014552,8.65361904782832,-0,0,0,201.827074734347,1,0
31.28,100,56.4517943073467,47.0430617562232,2.31721678745869,6.00000001142215,-2.0908538340971e-08,6.2845842909575,8.58317809205072,-0,0,0,202.011345983776,1,0
31.3,100,56.4517943073467,47.0894081105703,2.31741837217746,6.00000001101151,-2.01600027798808e-08,6.28472866486938,8.49588389842915,-0,0,0,202.194838302754,1,0
31.32,100,56.4517943073467,47.1357584801521,2.31761831315832,6.00000001061557,-1.94381434002557e-08,6.28487186155877,8.39239721153185,-0,0,0,202.377582529722,1,0
31.34,100,56.4517943073467,47.1821128322278,2.31781662380448,6.00000001023381,-1.87420142521241e-08,6.28501389062435,8.27335286841627,-0,0,0,202.559608291514,1,0
31.36,100,56.4517943073467,47.228471134324,2.31801331740985,6.00000000986573,-1.80707028555516e-08,6.28515476158658,8.13936081447615,-0,0,0,202.740944050884,1,0
31.38,100,56.4517943073467,47.2748333542319,2.31820840715994,6.00000000951083,-1.7423328790595e-08,6.28529448388829,7.99100707944364,-0,0,0,202.921617152169,1,0
31.4,100,57.3754653369863,47.3211994600053,2.31840190613276,6.00000000916864,-1.67990427855433e-08,6.28543306689532,7.82885471514184,-0,0,0,203.101653865165,1,0
31.42,100,57.3754653369863,47.3675694199586,2.31859382729964,6.00000000883872,-1.61970255507142e-08,6.28557051989719,8.04045637914703,-0,0,0,203.299188256439,1,0
31.44,100,57.3754653369863,47.4139432026644,2.31878418352618,6.00000000852062,-1.56164866864637e-08,6.28570685210764,8.22414520753305,-0,0,0,203.49542568501,1,0
31.46,100,57.3754653369863,47.4603207769518,2.31897298757305,6.00000000821392,-1.50566635805942e-08,6.28584207266532,8.38101560236322,-0,0,0,203.690417285158,1,0
31.48,100,57.3754653369863,47.5067021119039,2.31916025209687,6.00000000791822,-1.45168206768262e-08,6.28597619063437,8.51211905420264,-0,0,0,203.884212183878,1,0
31.5,100,57.3754653369863,47.553087176856,2.31934598965106,6.00000000763312,-1.39962484252159e-08,6.28610921500504,8.6184658246941,-0,0,0,204.076857579608,1,0
31.52,100,57.3754653369863,47.5994759413932,2.31953021268667,6.00000000735824,-1.34942621901644e-08,6.28624115469427,8.70102656316896,-0,0,0,204.268398817866,1,0
31.54,100,57.3754653369863,47.645868375349,2.31971293355324,6.00000000709323,-1.30102016567143e-08,6.28637201854632,8.76073385985302,-0,0,0,204.45887946392,1,0
31.56,100,57.3754653369863,47.6922644488026,2.31989416449958,6.00000000683772,-1.25434297703647e-08,6.28650181533334,8.79848373818964,-0,0,0,204.648341372615,1,0
31.58,100,57.3754653369863,47.7386641320772,2.32007391767466,6.00000000659138,-1.20933320479511e-08,6.28663055375594,8.81513708863015,-0,0,0,204.836824755454,1,0
31.6,100,57.3754653369863,47.7850673957382,2.32025220512834,6.00000000635388,-1.16593156764884e-08,6.28675824244383,8.81152104622338,-0,0,1,205.024368245052,1,0
31.62,100,57.3754653369863,47.8314742105906,2.32042903881226,6.0000000061249,-1.12408088664577e-08,6.28688488995634,8.78843031417098,-0,0,0,205.211008957067,1,0
31.64,100,57.3754653369863,47.8778845476779,2.3206044305806,6.00000000590415,-1.08372599506496e-08,6.28701050478302,8.74662843549479,-0,0,0,205.396782549695,1,0
31.66,100,57.3754653369863,47.9242983782795,2.32077839219085,6.00000000569132,-1.04481369282843e-08,6.2871350953442,8.68684901484698,-0,0,0,205.581723280834,1,0
31.68,100,57.3754653369863,47.970715673909,2.32095093530466,6.00000000548613,-1.00729264896418e-08,6.28725866999159,8.60979689239182,-0,0,0,205.765864063011,1,0
31.7,100,57.3754653369863,48.0171364063122,2.32112207148858,6.00000000528831,-9.7111335389785e-09,6.28738123700876,8.5161492716904,-0,0,0,205.949236516152,1,0
31.72,100,57.3754653369863,48.0635605474655,2.32129181221484,6.0000000050976,-9.36228053721271e-09,6.28750280461178,8.40655680333001,-0,0,0,206.131871018278,1,0
31.74,100,57.3754653369863,48.1099880695737,2.32146016886213,6.00000000491374,-9.02590683400805e-09,6.28762338094972,8.28164462607543,-0,0,0,206.313796754223,1,0
31.76,100,57.3754653369863,48.1564189450681,2.32162715271635,6.00000000473648,-8.70156804226443e-09,6.28774297410521,8.14201336721076,-0,0,0,206.495041762434,1,0
31.78,100,57.3754653369863,48.2028531466051,2.32179277497137,6.0000000045656,-8.38883561404407e-09,6.28786159209499,7.98824010362667,-0,0,0,206.675632979936,1,0
31.8,100,58.3167397951775,48.2492906470637,2.32195704672979,6.00000000440085,-8.08729608784023e-09,6.28797924287042,7.82087928525317,-0,0,0,206.85559628554,1,0
31.82,100,58.3167397951775,48.2957314195444,2.32211997900369,6.00000000424203,-7.79655073871619e-09,6.28809593431806,8.03485101805764,-0,0,0,207.053410490659,1,0
31.84,100,58.3167397951775,48.3421754373668,2.32228158271533,6.00000000408892,-7.51621485737952e-09,6.28821167426013,8.22081557844569,-0,0,0,207.249921941577,1,0
31.86,100,58.3167397951775,48.3886226740682,2.32244186869793,6.00000000394132,-7.24591749573774e-09,6.28832647045511,8.3798710789367,-0,0,0,207.445181957421,1,0
31.88,100,58.3167397951775,48.4350731034016,2.32260084769636,6.00000000379902,-6.98530083078732e-09,6.28844033059821,8.51307257497056,-0,0,0,207.639239843132,1,0
31.9,100,58.3167397951775,48.4815266993339,2.32275853036789,6.00000000366184,-6.73401972993793e-09,6.28855326232189,8.62143375318966,-0,0,0,207.832142968459,1,0
31.92,100,58.3167397951775,48.5279834360446,2.32291492728287,6.0000000035296,-6.49174124212367e-09,6.28866527319639,8.705928553536,-0,0,0,208.023936843848,1,0
31.94,100,58.3167397951775,48.5744432879235,2.32307004892548,6.00000000340212,-6.25814422673835e-09,6.28877637073023,8.76749272772991,-0,0,0,208.214665193369,1,0
31.96,100,58.3167397951775,48.6209062295692,2.32322390569439,6.00000000327922,-6.03291910979297e-09,6.2888865623707,8.80702533665365,-0,0,0,208.404370024772,1,0
31.98,100,58.3167397951775,48.6673722357876,2.3233765079035,6.00000000316075,-5.81576707817522e-09,6.28899585550437,8.82539018900999,-0,0,0,208.593091696801,1,0
32,100,58.3167397951775,48.7138412815899,2.32352786578258,6.00000000304654,-5.60640012205683e-09,6.2891042574576,8.82341722358049,-0,0,1,208.780868983871,1,0
32.02,100,58.3167397951775,48.760313342191,2.32367798947801,6.00000000293644,-5.40454031396789e-09,6.28921177549701,8.80190383728024,-0,0,0,208.967739138198,1,0
32.04,100,58.3167397951775,48.8067883930082,2.32382688905343,6.00000000283031,-5.20991972398203e-09,6.28931841682995,8.76161616113244,-0,0,0,209.153737949508,1,0
32.06,100,58.3167397951775,48.853266409659,2.32397457449041,6.000000002728,-5.02227975179995e-09,6.28942418860504,8.70329028622214,-0,0,0,209.338899802392,1,0
32.08,100,58.3167397951775,48.8997473679596,2.32412105568914,6.00000000262937,-4.84137119036052e-09,6.28952909791258,8.62763344157742,-0,0,0,209.523257731418,1,0
32.1,100,58.3167397951775,48.9462312439238,2.32426634246908,6.0000000025343,-4.66695355792426e-09,6.28963315178509,8.53532512585663,-0,0,0,209.706843474083,1,0
32.12,100,58.3167397951775,48.9927180137606,2.32441044456962,6.00000000244265,-4.49879500265675e-09,6.28973635719773,8.42701819467661,-0,0,0,209.889687521683,1,0
32.14,100,58.3167397951775,49.0392076538731,2.32455337165073,6.00000000235431,-4.33667192096203e-09,6.2898387210688,8.30333990528244,-0,0,0,210.071819168191,1,0
32.16,100,58.3167397951775,49.085700140857,2.32469513329361,6.00000000226914,-4.1803686076216e-09,6.28994025026018,8.16489292028847,-0,0,0,210.253266557224,1,0
32.18,100,58.3167397951775,49.1321954514987,2.32483573900135,6.00000000218705,-4.0296769907482e-09,6.29004095157782,8.01225627203231,-0,0,0,210.434056727158,1,0
32.2,100,59.2417058133073,49.1786935627738,2.32497519819954,6.00000000210792,-3.88439645155437e-09,6.29014083177215,7.84598628912771,-0,0,0,210.614215654481,1,0
32.22,100,59.2417058133073,49.2251944518456,2.3251135202369,6.00000000203164,-3.74433351689885e-09,6.29023989753858,8.05417176048567,-0,0,0,210.81190251322,1,0
32.24,100,59.2417058133073,49.271698096064,2.32525071438595,6.00000000195812,-3.60930163664771e-09,6.29033815551793,8.23457574913823,-0,0,0,211.008296008799,1,0
32.26,100,59.2417058133073,49.3182044729632,2.32538678984356,6.00000000188724,-3.47912089742447e-09,6.29043561229686,8.38828752790919,-0,0,0,211.203447056258,1,0
32.28,100,59.2417058133073,49.3647135602607,2.32552175573165,6.00000000181892,-3.35361769395277e-09,6.29053227440833,8.51635365907656,-0,0,0,211.397404572588,1,0
32.3,100,59.2417058133073,49.4112253358557,2.32565562109773,6.00000000175306,-3.23262464424158e-09,6.29062814833205,8.61977966906274,-0,0,0,211.590215555087,1,0
32.32,100,59.2417058133073,49.4577397778276,2.32578839491555,6.00000000168959,-3.11598036694635e-09,6.29072324049487,8.6995316574764,-0,0,0,211.781925156646,1,0
32.34,100,59.2417058133073,49.5042568644347,2.32592008608567,6.0000000016284,-3.00352916331357e-09,6.29081755727124,8.7565378430546,-0,0,0,211.972576758083,1,0
32.36,100,59.2417058133073,49.5507765741123,2.32605070343611,6.00000000156942,-2.89512096417154e-09,6.29091110498367,8.7916900489878,-0,0,0,212.162212037638,1,0
32.38,100,59.2417058133073,49.5972988854717,2.32618025572286,6.00000000151257,-2.79061094826375e-09,6.29100388990307,8.80584513000911,-0,0,0,212.350871037747,1,0
32.4,100,59.2417058133073,49.6438237772987,2.32630875163054,6.00000000145777,-2.68985957405447e-09,6.29109591824926,8.79982634352386,-0,0,1,212.538592229196,1,0
32.42,100,59.2417058133073,49.6903512285519,2.32643619977295,6.00000000140495,-2.59273218746035e-09,6.29118719619131,8.77442466696944,-0,0,0,212.725412572756,1,0
32.44,100,59.2417058133073,49.7368812183615,2.32656260869365,6.00000000135403,-2.49909897944298e-09,6.29127772984802,8.73040006353727,-0,0,0,212.911367578407,1,0
32.46,100,59.2417058133073,49.783413726028,2.32668798686654,6.00000000130496,-2.4088347845738e-09,6.29136752528828,8.66848269824755,-0,0,0,213.096491362237,1,0
32.48,100,59.2417058133073,49.8299487310206,2.32681234269642,6.00000000125766,-2.3218188689971e-09,6.29145658853151,8.58937410635372,-0,0,0,213.280816701109,1,0
32.5,100,59.2417058133073,49.8764862129759,2.32693568451955,6.00000000121207,-2.23793480320784e-09,6.29154492554803,8.49374831592586,-0,0,0,213.464375085183,1,0
32.52,100,59.2417058133073,49.9230261516965,2.32705802060423,6.00000000116812,-2.15707031362577e-09,6.29163254225949,8.38225292641796,-0,0,0,213.647196768384,1,0
32.54,100,59.2417058133073,49.9695685271498,2.32717935915132,6.00000000112577,-2.07911711296583e-09,6.29171944453928,8.25551014495269,-0,0,0,213.829310816887,1,0
32.56,100,59.2417058133073,50.0161133194666,2.32729970829482,6.00000000108494,-2.00397085783077e-09,6.29180563821285,8.11411778195451,-0,0,0,214.010745155698,1,0
32.58,100,59.2417058133073,50.0626605089394,2.32741907610241,6.00000000104559,-1.93153078824828e-09,6.29189112905819,7.95865020776525,-0,0,0,214.191526613416,1,0
32.6,100,60.2065214278598,50.1092100760218,2.32753747057598,6.00000000100766,-1.86169987609689e-09,6.29197592280616,7.78965927173059,-0,0,0,214.371680965235,1,0
32.62,100,60.2065214278598,50.1557620013265,2.32765489965217,6.0000000009711,-1.79438454945785e-09,6.29206002514091,8.01192616045394,-0,0,0,214.570148454529,1,0
32.64,100,60.2065214278598,50.2023162656244,2.32777137120291,6.00000000093587,-1.72949455479116e-09,6.29214344170021,8.20585841354214,-0,0,0,214.767295705161,1,0
32.66,100,60.2065214278598,50.2488728498432,2.32788689303593,6.00000000090191,-1.6669427979078e-09,6.2922261780759,8.37256700151459,-0,0,0,214.963174655535,1,0
32.68,100,60.2065214278598,50.2954317350661,2.3280014728953,6.00000000086918,-1.60664538637711e-09,6.2923082398142,8.51311933349431,-0,0,0,215.157835206123,1,0
32.7,100,60.2065214278598,50.3419929025304,2.32811511846196,6.00000000083763,-1.5485213432769e-09,6.29238963241611,8.6285409652698,-0,0,0,215.351325299388,1,0
32.72,100,60.2065214278598,50.3885563336268,2.32822783735419,6.00000000080722,-1.49249267080455e-09,6.29247036133778,8.71981724038473,-0,0,0,215.543690996571,1,0
32.74,100,60.2065214278598,50.4351220098972,2.32833963712818,6.00000000077791,-1.43848412763812e-09,6.29255043199087,8.78789486687965,-0,0,0,215.734976551464,1,0
32.76,100,60.2065214278598,50.4816899130344,2.32845052527847,6.00000000074967,-1.38642315472349e-09,6.29262984974292,8.8336834322074,-0,0,0,215.925224481292,1,0
32.78,100,60.2065214278598,50.5282600248804,2.32856050923853,6.00000000072245,-1.33623980106136e-09,6.29270861991769,8.85805685875506,-0,0,0,216.114475634817,1,0
32.8,100,60.2065214278598,50.5748323274252,2.32866959638119,6.00000000069621,-1.28786663889249e-09,6.29278674779554,8.86185480228002,-0,0,1,216.302769257771,1,0
32.82,100,60.2065214278598,50.6214068028057,2.32877779401917,6.00000000067092,-1.24123855166071e-09,6.29286423861379,8.84588399552444,-0,0,0,216.49014305572,1,0
32.84,100,60.2065214278598,50.6679834333043,2.32888510940556,6.00000000064655,-1.19629282942953e-09,6.29294109756702,8.81091953914555,-0,0,0,216.676633254467,1,0
32.86,100,60.2065214278598,50.7145622013482,2.3289915497343,6.00000000062306,-1.15296897804891e-09,6.29301732980749,8.75770614201915,-0,0,0,216.862274658086,1,0
32.88,100,60.2065214278598,50.7611430895076,2.32909712214068,6.00000000060042,-1.11120870855341e-09,6.29309294044542,8.68695931291786,-0,0,0,217.047100704676,1,0
32.9,100,60.2065214278598,50.8077260804949,2.32920183370181,6.0000000005786,-1.07095584174548e-09,6.29316793454938,8.59936650545951,-0,0,0,217.231143519938,1,0
32.92,100,60.2065214278598,50.8543111571635,2.32930569143709,6.00000000055757,-1.03215612796412e-09,6.29324231714661,8.49558821816421,-0,0,0,217.414433968638,1,0
32.94,100,60.2065214278598,50.9008983025067,2.32940870230867,6.0000000005373,-9.94757374307e-10,6.29331609322335,8.37625905137718,-0,0,0,217.597001704064,1,0
32.96,100,60.2065214278598,50.9474874996562,2.32951087322195,6.00000000051777,-9.58709179584271e-10,6.2933892677252,8.24198872274448,-0,0,0,217.77887521554,1,0
32.98,100,60.2065214278598,50.9940787318815,2.32961221102602,6.00000000049894,-9.23962860105608e-10,6.29346184555741,8.09336304287647,-0,0,0,217.96008187407,1,0
33,100,61.0743883443558,51.0406719825885,2.3297127225141,6.0000000004808,-8.90471619309798e-10,6.29353383158524,7.93094485275509,-0,0,0,218.140647976205,1,0
33.02,100,61.0743883443558,51.0872672353182,2.32981241442404,6.00000000046332,-8.58190272116664e-10,6.2936052306343,8.11890507508737,-0,0,0,218.337613560078,1,0
33.04,100,61.0743883443558,51.1338644737462,2.32991129343875,6.00000000044647,-8.27075266130771e-10,6.29367604749083,8.27987498567675,-0,0,0,218.533320965381,1,0
33.06,100,61.0743883443558,51.1804636816807,2.33000936618664,6.00000000043023,-7.9708462863217e-10,6.29374628690205,8.41491285035902,-0,0,0,218.72781967126,1,0
33.08,100,61.0743883443558,51.2270648430624,2.33010663924206,6.00000000041458,-7.68177924169012e-10,6.29381595357647,8.5250354401008,-0,0,0,218.921157215572,1,0
33.1,100,61.0743883443558,51.2736679419626,2.33020311912577,6.00000000039949,-7.40316021316866e-10,6.2938850521842,8.61121965802021,-0,0,0,219.113379271012,1,0
33.12,100,61.0743883443558,51.3202729625827,2.33029881230535,6.00000000038496,-7.13461378928642e-10,6.2939535873573,8.67440410263943,-0,0,0,219.30452971826,1,0
33.14,100,61.0743883443558,51.3668798892529,2.33039372519564,6.00000000037095,-6.87577717477273e-10,6.29402156369003,8.7154905698181,-0,0,0,219.494650716254,1,0
33.16,100,61.0743883443558,51.4134887064311,2.33048786415919,6.00000000035745,-6.62629987250169e-10,6.29408898573919,8.73534549580629,-0,0,0,219.683782769707,1,0
33.18,100,61.0743883443558,51.4600993987019,2.33058123550665,6.00000000034444,-6.38584495571404e-10,6.29415585802444,8.73480134371399,-0,0,0,219.871964793987,1,0
33.2,100,61.158700013793,51.5067119507757,2.33067384549722,6.0000000003319,-6.15408747773984e-10,6.29422218502858,8.71465793560589,-0,0,0,220.059234177438,1,0
33.22,100,61.158700013793,51.5533263474875,2.33076570033906,6.00000000031982,-5.93071362385051e-10,6.29428797119785,8.71100973051175,-0,0,0,220.247279795155,1,0
33.24,100,61.158700013793,51.599942573796,2.33085680618972,6.00000000030817,-5.71542113533282e-10,6.29435322094226,8.68788390755527,-0,0,0,220.434418391612,1,0
33.26,100,61.158700013793,51.6465606147825,2.33094716915652,6.00000000029695,-5.50791846134097e-10,6.29441793863582,8.64604415874138,-0,0,0,220.620685665462,1,0
33.28,100,61.158700013793,51.6931804556501,2.33103679529699,6.00000000028613,-5.3079256070445e-10,6.29448212861691,8.586224231571,-0,0,0,220.806115914501,1,0
33.3,100,61.158700013793,51.7398020817223,2.33112569061927,6.00000000027571,-5.11517137714757e-10,6.29454579518853,8.50912910319554,-0,0,0,220.990742090609,1,0
33.32,100,61.158700013793,51.7864254784425,2.33121386108251,6.00000000026567,-4.92939475412933e-10,6.29460894261857,8.41543610850521,-0,0,0,221.174595852527,1,0
33.34,100,61.158700013793,51.8330506313727,2.33130131259727,6.00000000025599,-4.75034341398505e-10,6.29467157514015,8.30579602399941,-0,0,0,221.357707616578,1,0
33.36,100,61.158700013793,51.8796775261925,2.33138805102589,6.00000000024666,-4.57777542252194e-10,6.29473369695185,8.18083410915296,-0,0,0,221.540106605386,1,0
33.38,100,61.158700013793,51.9263061486986,2.33147408218295,6.00000000023768,-4.41145700897094e-10,6.29479531221804,8.04115110695336,-0,0,0,221.721820894692,1,0
33.4,100,62.0328558233036,51.9729364848032,2.33155941183559,6.00000000022901,-4.25116203589418e-10,6.2948564250691,7.88732420519562,-0,0,0,221.902877458333,1,0
33.42,100,62.0328558233036,52.0195685205335,2.33164404570392,6.00000000022067,-4.09667327140692e-10,6.29491703960175,8.0861731128721,-0,0,0,222.100440280864,1,0
33.44,100,62.0328558233036,52.0662022420306,2.33172798946143,6.00000000021262,-3.9477816470481e-10,6.29497715987932,8.25760402750217,-0,0,0,222.296724197555,1,0
33.46,100,62.0328558233036,52.1128376355487,2.33181124873532,6.00000000020487,-3.80428434944753e-10,6.29503678993198,8.40269199049868,-0,0,0,222.491779478339,1,0
33.48,100,62.0328558233036,52.159474687454,2.33189382910693,6.0000000001974,-3.66598704671418e-10,6.29509593375705,8.52246989056849,-0,0,0,222.685654421031,1,0
33.5,100,62.0328558233036,52.2061133842239,2.33197573611209,6.00000000019021,-3.53270102593694e-10,6.29515459531927,8.61793011654721,-0,0,0,222.878395428666,1,0
33.52,100,62.0328558233036,52.252753712446,2.33205697524147,6.00000000018327,-3.40424637373933e-10,6.29521277855102,8.69002614541717,-0,0,0,223.0700470838,1,0
33.54,100,62.0328558233036,52.2993956588174,2.33213755194097,6.00000000017659,-3.28044858368783e-10,6.29527048735264,8.73967406805924,-0,0,0,223.260652219899,1,0
33.56,100,62.0328558233036,52.3460392101435,2.33221747161211,6.00000000017014,-3.16113919240281e-10,6.29532772559267,8.76775405518221,-0,0,0,223.450251989933,1,0
33.58,100,62.0328558233036,52.3926843533374,2.33229673961234,6.00000000016394,-3.04615599159552e-10,6.29538449710808,8.77511176576886,-0,0,0,223.638885932278,1,0
33.6,100,62.072272259952,52.439331075419,2.33237536125543,6.00000000015796,-2.93534239195714e-10,6.29544080570458,8.7625597003024,-0,0,0,223.826592034027,1,0
33.62,100,62.072272259952,52.4859793635138,2.33245334181183,6.00000000015219,-2.82854752917728e-10,6.29549665515683,8.74739371140577,-0,0,0,224.014179562107,1,0
33.64,100,62.072272259952,52.5326292048524,2.33253068650901,6.00000000014664,-2.72562679403642e-10,6.29555204920872,8.7132010509231,-0,0,0,224.20088051014,1,0
33.66,100,62.072272259952,52.5792805867697,2.33260740053181,6.00000000014129,-2.62643971203613e-10,6.29560699157362,8.66072773448322,-0,0,0,224.386729755052,1,0
33.68,100,62.072272259952,52.6259334967035,2.3326834890228,6.00000000013613,-2.53085079154698e-10,6.29566148593461,8.59069052627509,-0,0,0,224.571760805295,1,0
33.7,100,62.072272259952,52.6725879221944,2.33275895708261,6.00000000013116,-2.43873079603041e-10,6.29571553594473,8.50377808601137,-0,0,0,224.756005854522,1,0
33.72,100,62.072272259952,52.7192438508843,2.33283380977028,6.00000000012638,-2.34995366950255e-10,6.29576914522725,8.40065207091926,-0,0,0,224.939495833139,1,0
33.74,100,62.072272259952,52.7659012705162,2.33290805210361,6.00000000012176,-2.26439865690399e-10,6.29582231737589,8.28194819451902,-0,0,0,225.122260457853,1,0
33.76,100,62.072272259952,52.8125601689327,2.33298168905946,6.00000000011732,-2.1819492439149e-10,6.29587505595506,8.14827724389494,-0,0,0,225.304328279261,1,0
33.78,100,62.072272259952,52.8592205340756,2.33305472557413,6.00000000011303,-2.10249283889955e-10,6.29592736450012,8.00022605706387,-0,0,0,225.485726727592,1,0
33.8,100,62.9938976741046,52.9058823539853,2.33312716654367,6.0000000001089,-2.02592172707275e-10,6.2959792465176,7.83835846204024,-0,0,0,225.666482156632,1,0
33.82,100,62.9938976741046,52.9525456167995,2.33319901682418,6.00000000010493,-1.95213063207452e-10,6.29603070548541,8.04937076321899,-0,0,0,225.864688610249,1,0
33.84,100,62.9938976741046,52.9992103107525,2.3332702812322,6.00000000010109,-1.88102021458031e-10,6.29608174485315,8.2324875182673,-0,0,0,226.061593205251,1,0
33.86,100,62.9938976741046,53.0458764241748,2.33334096454498,6.0000000000974,-1.81249230146897e-10,6.29613236804225,8.38880249877523,-0,0,0,226.257247092934,1,0
33.88,100,62.9938976741046,53.092543945492,2.3334110715008,6.00000000009384,-1.74645359646982e-10,6.29618257844625,8.51936658916357,-0,0,0,226.451699418073,1,0
33.9,100,62.9938976741046,53.1392128632238,2.33348060679932,6.00000000009041,-1.68281387784842e-10,6.29623237943104,8.62518946832177,-0,0,0,226.644997397598,1,0
33.92,100,62.9938976741046,53.185883165984,2.33354957510189,6.00000000008711,-1.62148674053591e-10,6.29628177433505,8.70724122528736,-0,0,0,226.837186396201,1,0
33.94,100,62.9938976741046,53.2325548424788,2.33361798103182,6.00000000008393,-1.56238811187021e-10,6.29633076646947,8.76645391159115,-0,0,0,227.028309998963,1,0
33.96,100,62.9938976741046,53.2792278815067,2.33368582917475,6.00000000008086,-1.50543720576241e-10,6.29637935911853,8.80372303272628,-0,0,0,227.218410081144,1,0
33.98,100,62.9938976741046,53.3259022719575,2.3337531240789,6.0000000000779,-1.45055620464131e-10,6.29642755553965,8.8199089811366,-0,0,0,227.407526875235,1,0
34,100,62.9938976741046,53.3725780028117,2.33381987025545,6.00000000007506,-1.39767015343492e-10,6.2964753589637,8.81583841301476,-0,0,1,227.595699035372,1,0
34.02,100,62.9938976741046,53.4192550631394,2.33388607217873,6.00000000007231,-1.34670685355195e-10,6.29652277259521,8.79230557112314,-0,0,0,227.782963699236,1,0
34.04,100,62.9938976741046,53.4659334421001,2.33395173428665,6.00000000006967,-1.29759622677094e-10,6.29656979961256,8.75007355573326,-0,0,0,227.969356547519,1,0
34.06,100,62.9938976741046,53.5126131289415,2.3340168609809,6.00000000006712,-1.25027105736962e-10,6.29661644316823,8.6898755457463,-0,0,0,228.154911861061,1,0
34.08,100,62.9938976741046,53.559294112999,2.33408145662727,6.00000000006466,-1.20466784027284e-10,6.29666270638899,8.61241597192024,-0,0,0,228.339662575744,1,0
34.1,100,62.9938976741046,53.6059763836951,2.33414552555597,6.0000000000623,-1.16072328244244e-10,6.29670859237613,8.51837164409996,-0,0,0,228.523640335235,1,0
34.12,100,62.9938976741046,53.6526599305385,2.33420907206189,6.00000000006002,-1.11837705935797e-10,6.29675410420563,8.40839283424727,-0,0,0,228.706875541661,1,0
34.14,100,62.9938976741046,53.6993447431232,2.33427210040492,6.00000000005783,-1.07757170899817e-10,6.29679924492839,8.28310431700365,-0,0,0,228.889397404299,1,0
34.16,100,62.9938976741046,53.7460308111284,2.33433461481018,6.00000000005571,-1.03825157165613e-10,6.29684401757044,8.14310636945386,-0,0,0,229.07123398635,1,0
34.18,100,62.9938976741046,53.7927181243173,2.33439661946837,6.00000000005367,-1.00036162373586e-10,6.29688842513314,7.98897573169053,-0,0,0,229.252412249888,1,0
34.2,100,63.9392733596475,53.8394066725366,2.334458118536,6.00000000005171,-9.63850552288487e-11,6.29693247059337,7.82126652970056,-0,0,0,229.432958099041,1,0
34.22,100,63.9392733596475,53.8860964457157,2.33451911613569,6.00000000004982,-9.28668422605521e-11,6.29697615690374,8.03661694337304,-0,0,0,229.631430776495,1,0
34.24,100,63.9392733596475,53.9327874338662,2.33457961635646,6.00000000004799,-8.94766784237312e-11,6.29701948699278,8.2239011850731,-0,0,0,229.828593095865,1,0
34.26,100,63.9392733596475,53.9794796270811,2.33463962325396,6.00000000004624,-8.62099201085511e-11,6.29706246376514,8.38421972101282,-0,0,0,230.024496525904,1,0
34.28,100,63.9392733596475,54.0261730155343,2.33469914085078,6.00000000004454,-8.30621463440045e-11,6.29710509010179,8.51862986770298,-0,0,0,230.219190516521,1,0
34.3,100,63.9392733596475,54.0728675894797,2.33475817313673,6.00000000004291,-8.0028967964631e-11,6.29714736886021,8.6281474838819,-0,0,0,230.412722577949,1,0
34.32,100,63.9392733596475,54.1195633392508,2.33481672406907,6.00000000004134,-7.71062608511938e-11,6.29718930287456,8.7137485960861,-0,0,0,230.605138356805,1,0
34.34,100,63.9392733596475,54.1662602552597,2.33487479757278,6.00000000003983,-7.42899750973983e-11,6.29723089495593,8.77637096049984,-0,0,0,230.796481709169,1,0
34.36,100,63.9392733596475,54.2129583279968,2.33493239754086,6.00000000003837,-7.15762834357778e-11,6.29727214789245,8.81691556355002,-0,0,0,230.986794770798,1,0
34.38,100,63.9392733596475,54.2596575480302,2.33498952783455,6.00000000003696,-6.89614752192041e-11,6.29731306444954,8.83624806367184,-0,0,0,231.176118024587,1,0
34.4,100,63.9392733596475,54.3063579060046,2.3350461922836,6.00000000003561,-6.64419776245849e-11,6.29735364737005,8.83520017653576,-0,0,1,231.364490365384,1,0
34.42,100,63.9392733596475,54.3530593926412,2.33510239468656,6.00000000003431,-6.40142496343749e-11,6.29739389937448,8.81457100595847,-0,0,0,231.551949162264,1,0
34.44,100,63.9392733596475,54.3997619987369,2.33515813881098,6.00000000003305,-6.16750152772521e-11,6.29743382316115,8.77512832263611,-0,0,0,231.738530318361,1,0
34.46,100,63.9392733596475,54.4464657151634,2.3352134283937,6.00000000003184,-5.94210091837436e-11,6.29747342140635,8.71760979272629,-0,0,0,231.924268328353,1,0
34.48,100,63.9392733596475,54.4931705328671,2.33526826714108,6.00000000003067,-5.72491568176573e-11,6.29751269676459,8.64272415826313,-0,0,0,232.109196333696,1,0
34.5,100,63.9392733596475,54.539876442868,2.33532265872927,6.00000000002955,-5.51564896612905e-11,6.29755165186871,8.55115237129205,-0,0,0,232.293346175687,1,0
34.52,100,63.9392733596475,54.5865834362595,2.33537660680443,6.00000000002846,-5.3140134613581e-11,6.29759028933007,8.44354868352183,-0,0,0,232.476748446452,1,0
34.54,100,63.9392733596475,54.6332915042075,2.33543011498301,6.00000000002742,-5.11973139901068e-11,6.29762861173876,8.3205416932643,-0,0,0,232.659432537931,1,0
34.56,100,63.9392733596475,54.6800006379501,2.33548318685196,6.00000000002642,-4.93253349212379e-11,6.29766662166374,8.18273535131445,-0,0,0,232.841426688943,1,0
34.58,100,63.9392733596475,54.7267108287966,2.33553582596897,6.00000000002545,-4.75216741669267e-11,6.29770432165302,8.03070992739284,-0,0,0,233.022758030407,1,0
34.6,100,64.8547833037046,54.7734220681274,2.33558803586273,6.00000000002451,-4.57837024686367e-11,6.29774171423385,7.86502293869087,-0,0,0,233.203452628786,1,0
34.62,100,64.8547833037046,54.820134347393,2.33563982003318,6.00000000002362,-4.41091828362419e-11,6.29777880191284,8.06980228709349,-0,0,0,233.40148435663,1,0
34.64,100,64.8547833037046,54.8668476581137,2.33569118195167,6.00000000002275,-4.24957404555802e-11,6.2978155871762,8.2469295143422,-0,0,0,233.598224662661,1,0
34.66,100,64.8547833037046,54.913561991879,2.3357421250613,6.00000000002192,-4.09411913457702e-11,6.29785207248984,8.39748885512783,-0,0,0,233.793724259706,1,0
34.68,100,64.8547833037046,54.9602773403469,2.33579265277705,6.00000000002111,-3.94433727296286e-11,6.29788826029958,8.52252203085619,-0,0,0,233.9880318715,1,0
34.7,100,64.8547833037046,55.0069936952434,2.33584276848608,6.00000000002034,-3.80001854410656e-11,6.29792415303127,8.6230299166202,-0,0,0,234.181194310678,1,0
34.72,100,64.8547833037046,55.053711048362,2.33589247554792,6.00000000001959,-3.66096575361787e-11,6.297959753091,8.69997414280631,-0,0,0,234.373256553725,1,0
34.74,100,64.8547833037046,55.1004293915632,2.33594177729472,6.00000000001887,-3.5269880682159e-11,6.29799506286526,8.75427863389023,-0,0,0,234.56426181297,1,0
34.76,100,64.8547833037046,55.1471487167738,2.33599067703143,6.00000000001818,-3.39789783517444e-11,6.29803008472103,8.7868310869224,-0,0,0,234.754251605767,1,0
34.78,100,64.8547833037046,55.1938690159863,2.33603917803609,6.00000000001751,-3.27352118417092e-11,6.29806482100604,8.79848439200827,-0,0,0,234.943265820962,1,0
34.8,100,64.8547833037046,55.2405902812587,2.33608728355997,6.00000000001687,-3.15368106432806e-11,6.29809927404884,8.79005799711866,-0,0,1,235.13134278275,1,0
34.82,100,64.8547833037046,55.2873125047137,2.33613499682787,6.00000000001625,-3.03821632754199e-11,6.29813344615901,8.7623392193641,-0,0,0,235.318519312032,1,0
34.84,100,64.8547833037046,55.3340356785381,2.33618232103826,6.00000000001566,-2.92697006644844e-11,6.29816733962729,8.71608450486665,-0,0,0,235.504830785365,1,0
34.86,100,64.8547833037046,55.3807597949826,2.33622925936355,6.00000000001508,-2.8197885542378e-11,6.29820095672576,8.65202063923111,-0,0,0,235.6903111916,1,0
34.88,100,64.8547833037046,55.4274848463611,2.33627581495027,6.00000000001453,-2.71652018447026e-11,6.29823429970795,8.57084591054231,-0,0,0,235.874993186299,1,0
34.9,100,64.8547833037046,55.4742108250499,2.33632199091931,6.00000000001399,-2.61702501273982e-11,6.29826737080902,8.47323122677163,-0,0,0,236.058908144018,1,0
34.92,100,64.8547833037046,55.5209377234877,2.33636779036609,6.00000000001348,-2.5211652150103e-11,6.29830017224592,8.35982118936205,-0,0,0,236.242086208543,1,0
34.94,100,64.8547833037046,55.5676655341749,2.3364132163608,6.00000000001299,-2.42880508761528e-11,6.2983327062175,8.23123512473104,-0,0,0,236.424556341151,1,0
34.96,100,64.8547833037046,55.6143942496728,2.3364582719486,6.00000000001251,-2.33982270929198e-11,6.29836497490469,8.08806807529757,-0,0,0,236.606346366984,1,0
34.98,100,64.8547833037046,55.6611238626036,2.33650296014982,6.00000000001205,-2.25408873748334e-11,6.29839698047065,7.93089175169113,-0,0,0,236.787483019597,1,0
35,100,65.8329233389238,55.7078543656495,2.33654728396015,6.00000000001161,-2.17148761203594e-11,6.29842872506088,7.76025544758877,-0,0,0,236.967991983772,1,0
35.02,100,65.8329233389238,55.7545857515525,2.33659124635086,6.00000000001118,-2.09190801353594e-11,6.29846021080339,7.98652073269002,-0,0,0,237.167074645907,1,0
35.04,100,65.8329233389238,55.8013180131137,2.33663485026899,6.00000000001077,-2.01523968275437e-11,6.29849143980886,8.18429104191167,-0,0,0,237.364826076219,1,0
35.06,100,65.8329233389238,55.848051143193,2.33667809863756,6.00000000001037,-1.94137872157163e-11,6.29852241417072,8.35468366183807,-0,0,0,237.561298537109,1,0
35.08,100,65.8329233389238,55.8947851347083,2.33672099435575,6.00000000000999,-1.87021487075878e-11,6.29855313596537,8.49877206976896,-0,0,0,237.756542241221,1,0
35.1,100,65.8329233389238,55.9415199806354,2.33676354029909,6.00000000000963,-1.80165377386026e-11,6.29858360725226,8.61758765149009,-0,0,0,237.950605431812,1,0
35.12,100,65.8329233389238,55.9882556740074,2.33680573931966,6.00000000000927,-1.73559365312626e-11,6.29861383007403,8.71212135171992,-0,0,0,238.143534459981,1,0
35.14,100,65.8329233389238,56.0349922079142,2.33684759424631,6.00000000000893,-1.67195287431997e-11,6.29864380645671,8.78332525981189,-0,0,0,238.335373858866,1,0
35.16,100,65.8329233389238,56.081729575502,2.33688910788481,6.0000000000086,-1.61063920135561e-11,6.29867353840976,8.83211413330379,-0,0,0,238.526166414928,1,0
35.18,100,65.8329233389238,56.1284677699729,2.33693028301803,6.00000000000829,-1.55157206018125e-11,6.29870302792629,8.85936686171388,-0,0,0,238.715953236447,1,0
35.2,100,65.8329233389238,56.1752067845845,2.33697112240618,6.00000000000798,-1.49466133508093e-11,6.29873227698313,8.86592787294085,-0,0,1,238.904773819327,1,0
35.22,100,65.8329233389238,56.2219466126491,2.33701162878695,6.00000000000769,-1.43983281311208e-11,6.29876128754102,8.85260848453114,-0,0,0,239.092666110322,1,0
35.24,100,65.8329233389238,56.268687247534,2.33705180487571,6.00000000000741,-1.38700910077744e-11,6.29879006154469,8.820188201947,-0,0,0,239.279666567784,1,0
35.26,100,65.8329233389238,56.3154286826602,2.33709165336567,6.00000000000713,-1.33612128605891e-11,6.29881860092303,8.76941596593666,-0,0,0,239.465810220025,1,0
35.28,100,65.8329233389238,56.3621709115024,2.33713117692811,6.00000000000687,-1.28709409582905e-11,6.29884690758918,8.70101135099342,-0,0,0,239.6511307214,1,0
35.3,100,65.8329233389238,56.4089139275888,2.33717037821251,6.00000000000662,-1.23986073843953e-11,6.2988749834407,8.61566571681612,-0,0,0,239.835660406176,1,0
35.32,100,65.8329233389238,56.4556577245,2.33720925984674,6.00000000000638,-1.19435654261183e-11,6.29890283035966,8.51404331464068,-0,0,0,240.019430340305,1,0
35.34,100,65.8329233389238,56.502402295869,2.33724782443726,6.00000000000614,-1.15051895743722e-11,6.2989304502128,8.39678235015885,-0,0,0,240.202470371155,1,0
35.36,100,65.8329233389238,56.5491476353811,2.33728607456927,6.00000000000591,-1.10828861256164e-11,6.29895784485164,8.26449600478871,-0,0,0,240.384809175297,1,0
35.38,100,65.8329233389238,56.5958937367725,2.33732401280688,6.0000000000057,-1.06760295707636e-11,6.29898501611257,8.11777341689034,-0,0,0,240.566474304415,1,0
35.4,100,66.6834453980805,56.642640593831,2.3373616416933,6.00000000000549,-1.02840474099711e-11,6.29901196581705,7.95718062449978,-0,0,0,240.747492229416,1,0
35.42,100,66.6834453980805,56.6893882003947,2.33739896375101,6.00000000000528,-9.90644135633878e-12,6.29903869577166,8.13962424824829,-0,0,0,240.944563105934,1,0
35.44,100,66.6834453980805,56.7361365503522,2.33743598148191,6.00000000000509,-9.54266011372192e-12,6.29906520776825,8.29529084614525,-0,0,0,241.140382820461,1,0
35.46,100,66.6834453980805,56.7828856376417,2.33747269736751,6.0000000000049,-9.1921523859757e-12,6.29909150358408,8.42523034562131,-0,0,0,241.335000486141,1,0
35.48,100,66.6834453980805,56.829635456251,2.33750911386906,6.00000000000472,-8.85450470099153e-12,6.29911758498189,8.53045150598035,-0,0,0,241.528463289922,1,0
35.5,100,66.6834453980805,56.8763860002169,2.33754523342778,6.00000000000455,-8.52922937371826e-12,6.29914345371007,8.61192353262955,-0,0,0,241.720816568083,1,0
35.52,100,66.6834453980805,56.9231372636247,2.33758105846495,6.00000000000438,-8.21584932095366e-12,6.29916911150274,8.67057762801109,-0,0,0,241.912103878808,1,0
35.54,100,66.6834453980805,56.969889240608,2.33761659138213,6.00000000000422,-7.91396167243808e-12,6.29919456007988,8.7073084817115,-0,0,0,242.102367071905,1,0
35.56,100,66.6834453980805,57.0166419253484,2.33765183456128,6.00000000000406,-7.62317415976081e-12,6.29921980114746,8.72297570215538,-0,0,0,242.291646355802,1,0
35.58,100,66.6834453980805,57.0633953120746,2.33768679036495,6.00000000000391,-7.34306270896432e-12,6.29924483639751,8.71840519215369,-0,0,0,242.479980361902,1,0
35.6,100,66.7904568736315,57.1101493950628,2.33772146113642,6.00000000000377,-7.07316083869532e-12,6.2992696675083,8.69439047052446,-0,0,0,242.667406206432,1,0
35.62,100,66.7904568736315,57.1569041686354,2.33775584919986,6.00000000000363,-6.81317169718356e-12,6.29929429614438,8.69653099954365,-0,0,0,242.856057539788,1,0
35.64,100,66.7904568736315,57.2036596271614,2.3377899568605,6.0000000000035,-6.562756025263e-12,6.29931872395675,8.67896414581652,-0,0,0,243.043788370446,1,0
35.66,100,66.7904568736315,57.2504157650557,2.33782378640476,6.00000000000337,-6.32151095267399e-12,6.29934295258295,8.64246263326837,-0,0,0,243.230634841938,1,0
35.68,100,66.7904568736315,57.2971725767786,2.33785734010042,6.00000000000324,-6.08911842394839e-12,6.29936698364714,8.58776888699141,-0,0,0,243.41663168018,1,0
35.7,100,66.7904568736315,57.3439300568357,2.33789062019677,6.00000000000313,-5.86528158731592e-12,6.29939081876027,8.51559622128831,-0,0,0,243.601812249061,1,0
35.72,100,66.7904568736315,57.3906881997774,2.33792362892477,6.00000000000301,-5.6496399799127e-12,6.29941445952014,8.42662998112022,-0,0,0,243.78620860385,1,0
35.74,100,66.7904568736315,57.4374470001984,2.33795636849716,6.0000000000029,-5.44191795366632e-12,6.29943790751151,8.32152863878813,-0,0,0,243.969851542512,1,0
35.76,100,66.7904568736315,57.4842064527376,2.33798884110867,6.00000000000279,-5.24179745310863e-12,6.29946116430624,8.20092484764112,-0,0,0,244.152770655013,1,0
35.78,100,66.7904568736315,57.5309665520775,2.33802104893611,6.00000000000269,-5.049045237563e-12,6.29948423146335,8.06542645443932,-0,0,0,244.334994370686,1,0
35.8,100,67.640712790895,57.5777272929442,2.33805299413854,6.00000000000259,-4.8633750571081e-12,6.29950711052916,7.91561747203407,-0,0,0,244.516550003746,1,0
35.82,100,67.640712790895,57.6244886701065,2.33808467885745,6.0000000000025,-4.68450066182259e-12,6.29952980303739,8.10831027946963,-0,0,0,244.714133302346,1,0
35.84,100,67.640712790895,57.6712506783761,2.33811610521682,6.0000000000024,-4.51221001472772e-12,6.29955231050924,8.27382391158536,-0,0,0,244.910446353961,1,0
35.86,100,67.640712790895,57.7180133126068,2.33814727532334,6.00000000000232,-4.34619566220426e-12,6.29957463445351,8.41322406654215,-0,0,0,245.105539011855,1,0
35.88,100,67.640712790895,57.7647765676946,2.33817819126651,6.00000000000223,-4.18630917836709e-12,6.29959677636669,8.5275346559806,-0,0,0,245.29945917414,1,0
35.9,100,67.640712790895,57.8115404385769,2.3382088551188,6.00000000000215,-4.03231732253956e-12,6.29961873773308,8.61773944349951,-0,0,0,245.492252860443,1,0
35.92,100,67.640712790895,57.8583049202325,2.33823926893578,6.00000000000207,-3.8839762521961e-12,6.29964052002488,8.68478361887108,-0,0,0,245.683964285566,1,0
35.94,100,67.640712790895,57.905070007681,2.33826943475626,6.00000000000199,-3.74109513405582e-12,6.29966212470226,8.72957531054782,-0,0,0,245.874635930255,1,0
35.96,100,67.640712790895,57.9518356959829,2.33829935460241,6.00000000000192,-3.60339832004633e-12,6.29968355321352,8.75298703885665,-0,0,0,246.064308609199,1,0
35.98,100,67.640712790895,57.9986019802387,2.33832903047993,6.00000000000185,-3.47082219907399e-12,6.29970480699512,8.75585711221297,-0,0,0,246.253021536359,1,0
36,100,67.7054713451409,58.0453688555889,2.33835846437815,6.00000000000178,-3.34309112306642e-12,6.29972588747182,8.73899096858393,-0,0,0,246.440812387735,1,0
36.02,100,67.7054713451409,58.0921363172138,2.3383876582702,6.00000000000171,-3.22003546244059e-12,6.29974679605676,8.73029584436886,-0,0,0,246.628986971265,1,0
36.04,100,67.7054713451409,58.1389043603327,2.33841661411311,6.00000000000165,-3.10147498576457e-12,6.29976753415156,8.70231795768246,-0,0,0,246.816260673895,1,0
36.06,100,67.7054713451409,58.1856729802042,2.33844533384793,6.00000000000159,-2.98730367454897e-12,6.29978810314641,8.65581338489961,-0,0,0,247.002668862208,1,0
36.08,100,67.7054713451409,58.2324421721254,2.33847381939992,6.00000000000153,-2.87730949181502e-12,6.29980850442016,8.5915085563133,-0,0,0,247.188245515695,1,0
36.1,100,67.7054713451409,58.2792119314318,2.33850207267862,6.00000000000147,-2.77138641907335e-12,6.29982873934042,8.51010141857331,-0,0,0,247.373023281152,1,0
36.12,100,67.7054713451409,58.3259822534967,2.338530095578,6.00000000000142,-2.66938603043881e-12,6.29984880926366,8.41226255153584,-0,0,0,247.557033524929,1,0
36.14,100,67.7054713451409,58.3727531337315,2.3385578899766,6.00000000000137,-2.57107508523478e-12,6.29986871553526,8.298636241347,-0,0,0,247.740306383151,1,0
36.16,100,67.7054713451409,58.4195245675849,2.33858545773762,6.00000000000132,-2.47637937051867e-12,6.29988845948966,8.16984151141722,-0,0,0,247.92287080995,1,0
36.18,100,67.7054713451409,58.4662965505425,2.33861280070908,6.00000000000127,-2.38519286780111e-12,6.2999080424504,8.02647311299237,-0,0,0,248.104754623816,1,0
36.2,100,68.6003906554556,58.5130690781269,2.33863992072394,6.00000000000122,-2.29735654934803e-12,6.29992746573023,7.8691024768807,-0,0,0,248.285984552134,1,0
36.22,100,68.6003906554556,58.5598421458972,2.3386668196002,6.00000000000118,-2.21271138742534e-12,6.29994673063122,8.07324354182767,-0,0,0,248.484131417618,1,0
36.24,100,68.6003906554556,58.6066157494487,2.33869349914104,6.00000000000113,-2.13121497463731e-12,6.29996583844478,8.24975630689767,-0,0,0,248.680986793551,1,0
36.26,100,68.6003906554556,58.6533898844125,2.33871996113494,6.00000000000109,-2.05271888509879e-12,6.29998479045182,8.39972408257281,-0,0,0,248.876601359153,1,0
36.28,100,68.6003906554556,58.7001645464556,2.33874620735579,6.00000000000105,-1.97710649847147e-12,6.3000035879228,8.52418770220487,-0,0,0,249.071023806167,1,0
36.3,100,68.6003906554556,58.74693973128,2.33877223956302,6.00000000000101,-1.90423999071914e-12,6.30002223211782,8.62414718757885,-0,0,0,249.264300916789,1,0
36.32,100,68.6003906554556,58.793715434623,2.33879805950171,6.00000000000097,-1.83405575074818e-12,6.3000407242867,8.70056334914499,-0,0,0,249.456477638543,1,0
36.34,100,68.6003906554556,58.8404916522565,2.33882366890272,6.00000000000094,-1.7664477600692e-12,6.30005906566908,8.75435932352885,-0,0,0,249.647597156223,1,0
36.36,100,68.6003906554556,58.8872683799869,2.33884906948278,6.0000000000009,-1.70136300943752e-12,6.30007725749447,8.78642205073108,-0,0,0,249.837700961017,1,0
36.38,100,68.6003906554556,58.934045613655,2.33887426294464,6.00000000000087,-1.63861066557224e-12,6.30009530098238,8.79760369342227,-0,0,0,250.026828916908,1,0
36.4,100,68.6003906554556,58.9808233491352,2.33889925097716,6.00000000000084,-1.57814832107762e-12,6.30011319734235,8.78872300057991,-0,0,1,250.215019324492,1,0
36.42,100,68.6003906554556,59.0276015823357,2.33892403525542,6.00000000000081,-1.51997597595365e-12,6.30013094777409,8.76056661766119,-0,0,0,250.402308982271,1,0
36.44,100,68.6003906554556,59.0743803091981,2.33894861744085,6.00000000000078,-1.46389219507051e-12,6.30014855346751,8.71389034539183,-0,0,0,250.588733245558,1,0
36.46,100,68.6003906554556,59.1211595256971,2.33897299918132,6.00000000000075,-1.40987577473032e-12,6.3001660156028,8.64942034920655,-0,0,0,250.774326083071,1,0
36.48,100,68.6003906554556,59.16793922784,2.33899718211129,6.00000000000072,-1.35785250199052e-12,6.30018333535055,8.56785432127087,-0,0,0,250.959120131296,1,0
36.5,100,68.6003906554556,59.2147194116669,2.33902116785186,6.00000000000069,-1.30770575651278e-12,6.30020051387181,8.46986259692767,-0,0,0,251.143146746737,1,0
36.52,100,68.6003906554556,59.2615000732502,2.33904495801093,6.00000000000067,-1.2594355382971e-12,6.30021755231814,8.35608922737116,-0,0,0,251.326436056098,1,0
36.54,100,68.6003906554556,59.3082812086941,2.3390685541833,6.00000000000064,-1.21294643070304e-12,6.30023445183172,8.22715301027198,-0,0,0,251.509017004515,1,0
36.56,100,68.6003906554556,59.3550628141349,2.33909195795073,6.00000000000062,-1.16818542448591e-12,6.30025121354543,8.0836484799697,-0,0,0,251.690917401879,1,0
36.58,100,68.6003906554556,59.4018448857399,2.33911517088212,6.0000000000006,-1.12504650115633e-12,6.30026783858288,7.92614685885616,-0,0,0,251.872163967361,1,0
36.6,100,69.5808707431857,59.4486274197083,2.33913819453356,6.00000000000057,-1.08349785516748e-12,6.30028432805856,7.75519697145291,-0,0,0,252.052782372177,1,0
36.62,100,69.5808707431857,59.4954104122697,2.33916103044845,6.00000000000055,-1.04346527357679e-12,6.30030068307783,7.98214040221165,-0,0,0,252.252019867336,1,0
36.64,100,69.5808707431857,59.5421938596849,2.3391836801576,6.00000000000053,-1.00490634898851e-12,6.30031690473708,8.18056124263282,-0,0,0,252.449923834772,1,0
36.66,100,69.5808707431857,59.5889777582448,2.33920614517936,6.00000000000051,-9.6774686846008e-13,6.30033299412372,8.35157787042992,-0,0,0,252.646546596127,1,0
36.68,100,69.5808707431857,59.6357621042708,2.33922842701967,6.00000000000049,-9.31976230142554e-13,6.30034895231631,8.49626481117688,-0,0,0,252.841938421213,1,0
36.7,100,69.5808707431857,59.6825468941143,2.33925052717221,6.00000000000048,-8.97414202603984e-13,6.30036478038463,8.61565445776735,-0,0,0,253.036147608463,1,0
36.72,100,69.5808707431857,59.7293321241563,2.33927244711848,6.00000000000046,-8.64166804333752e-13,6.30038047938971,8.7107387224639,-0,0,0,253.229220562235,1,0
36.74,100,69.5808707431857,59.7761177908075,2.33929418832789,6.00000000000044,-8.32149220540352e-13,6.30039605038395,8.78247062417079,-0,0,0,253.421201867083,1,0
36.76,100,69.5808707431857,59.8229038905076,2.33931575225788,6.00000000000042,-8.01329645676971e-13,6.30041149441116,8.8317658134523,-0,0,0,253.612134359112,1,0
36.78,100,69.5808707431857,59.8696904197256,2.339337140354,6.00000000000041,-7.71665672347855e-13,6.30042681250662,8.85950403777484,-0,0,0,253.802059194538,1,0
36.8,100,69.5808707431857,59.9164773749591,2.33935835405,6.00000000000039,-7.43030078365745e-13,6.30044200569721,8.86653054928218,-0,0,1,253.991015915562,1,0
36.82,100,69.5808707431857,59.9632647527344,2.33937939476796,6.00000000000038,-7.15507678522147e-13,6.30045707500141,8.85365745738177,-0,0,0,254.179042513656,1,0
36.84,100,69.5808707431857,60.010052549606,2.33940026391835,6.00000000000037,-6.8899245432768e-13,6.30047202142939,8.82166502828302,-0,0,0,254.366175490371,1,0
36.86,100,69.5808707431857,60.0568407621567,2.33942096290016,6.00000000000035,-6.63431396537651e-13,6.30048684598309,8.77130293358717,-0,0,0,254.552449915759,1,0
36.88,100,69.5808707431857,60.1036293869968,2.33944149310094,6.00000000000034,-6.38866912547815e-13,6.30050154965629,8.70329144992369,-0,0,0,254.737899484509,1,0
36.9,100,69.5808707431857,60.1504184207647,2.33946185589695,6.00000000000033,-6.15203585717726e-13,6.30051613343465,8.61832261153365,-0,0,0,254.92255656987,1,0
36.92,100,69.5808707431857,60.1972078601258,2.33948205265322,6.00000000000031,-5.92420212349509e-13,6.30053059829582,8.51706131767923,-0,0,0,255.106452275475,1,0
36.94,100,69.5808707431857,60.2439977017729,2.33950208472366,6.0000000000003,-5.70463783198473e-13,6.30054494520943,8.40014639661609,-0,0,0,255.28961648512,1,0
36.96,100,69.5808707431857,60.2907879424258,2.33952195345111,6.00000000000029,-5.49344900113555e-13,6.30055917513726,8.26819162784907,-0,0,0,255.4720779106,1,0
36.98,100,69.5808707431857,60.3375785788309,2.33954166016749,6.00000000000028,-5.29031757547941e-13,6.30057328903321,8.12178672431519,-0,0,0,255.653864137665,1,0
37,100,70.4287948474235,60.3843696077612,2.33956120619386,6.00000000000027,-5.09397133314373e-13,6.30058728784341,7.96149827603437,-0,0,0,255.835001670172,1,0
37.02,100,70.4287948474235,60.4311610260161,2.33958059284049,6.00000000000026,-4.90515240355418e-13,6.30060117250628,8.14314490903837,-0,0,0,256.032139761996,1,0
37.04,100,70.4287948474235,60.477952830421,2.33959982140697,6.00000000000025,-4.72290662030632e-13,6.30061494395258,8.29804489732464,-0,0,0,256.228027261243,1,0
37.06,100,70.4287948474235,60.5247450178271,2.3396188931823,6.00000000000024,-4.54797611282583e-13,6.3006286031055,8.42724698415276,-0,0,0,256.422713232598,1,0
37.08,100,70.4287948474235,60.5715375851115,2.33963780944497,6.00000000000023,-4.37940671470826e-13,6.30064215088068,8.53175879102788,-0,0,0,256.616244816658,1,0
37.1,100,70.4287948474235,60.6183305291766,2.33965657146304,6.00000000000022,-4.21709240746424e-13,6.3006555881863,8.61254843011513,-0,0,0,256.808667305385,1,0
37.12,100,70.4287948474235,60.6651238469502,2.33967518049424,6.00000000000021,-4.06060911713623e-13,6.30066891592314,8.67054605342323,-0,0,0,257.000024214593,1,0
37.14,100,70.4287948474235,60.7119175353848,2.33969363778602,6.00000000000021,-3.91038091768177e-13,6.30068213498464,8.70664534123887,-0,0,0,257.190357353587,1,0
37.16,100,70.4287948474235,60.7587115914583,2.33971194457568,6.0000000000002,-3.76524160571766e-13,6.30069524625693,8.72170493220591,-0,0,0,257.379706892086,1,0
37.18,100,70.4287948474235,60.8055060121727,2.33973010209043,6.00000000000019,-3.62572127369079e-13,6.30070825061894,8.71654979732581,-0,0,0,257.568111424512,1,0
37.2,100,70.539079965425,60.8523007945548,2.33974811154747,6.00000000000018,-3.49150186613303e-13,6.30072114894242,8.69197256008182,-0,0,0,257.755608031754,1,0
37.22,100,70.539079965425,60.8990959356556,2.33976597415407,6.00000000000018,-3.36215930908685e-13,6.30073394209203,8.69494345570005,-0,0,0,257.944394511145,1,0
37.24,100,70.539079965425,60.94589143255,2.33978369110765,6.00000000000017,-3.23748156557348e-13,6.30074663092535,8.67817360845634,-0,0,0,258.132258141698,1,0
37.26,100,70.539079965425,60.9926872823368,2.33980126359589,6.00000000000016,-3.11715058012477e-13,6.30075921629299,8.64243705686915,-0,0,0,258.319235134859,1,0
37.28,100,70.539079965425,61.0394834821386,2.33981869279677,6.00000000000016,-3.00148440820888e-13,6.30077169903861,8.58847748904044,-0,0,0,258.505360281993,1,0
37.3,100,70.539079965425,61.0862800291012,2.33983597987866,6.00000000000015,-2.88984693888951e-13,6.30078407999901,8.51700943269328,-0,0,0,258.690667010064,1,0
37.32,100,70.539079965425,61.133076920394,2.3398531260004,6.00000000000015,-2.78213215367728e-13,6.30079636000414,8.42871939857967,-0,0,0,258.875187435138,1,0
37.34,100,70.539079965425,61.1798741532092,2.33987013231141,6.00000000000014,-2.67865810804034e-13,6.3008085398772,8.32426697903622,-0,0,0,259.058952413785,1,0
37.36,100,70.539079965425,61.226671724762,2.3398869999517,6.00000000000014,-2.57910674651053e-13,6.30082062043469,8.2042859034691,-0,0,0,259.241991592465,1,0
37.38,100,70.539079965425,61.2734696322903,2.33990373005201,6.00000000000013,-2.48316001361971e-13,6.30083260248641,8.06938505245609,-0,0,0,259.424333454981,1,0
37.4,100,71.3859021453,61.3202678730546,2.33992032373385,6.00000000000013,-2.39081790936789e-13,6.30084448683561,7.92014943208132,-0,0,0,259.606005368069,1,0
37.42,100,71.3859021453,61.3670664443376,2.33993678210959,6.00000000000012,-2.30186839677629e-13,6.30085627427894,8.11195366374097,-0,0,0,259.803635811144,1,0
37.44,100,71.3859021453,61.4138653434443,2.33995310628252,6.00000000000012,-2.21641749433431e-13,6.30086796560659,8.27661282362345,-0,0,0,259.999996879541,1,0
37.46,100,71.3859021453,61.4606645677015,2.33996929734693,6.00000000000011,-2.13382909110564e-13,6.3008795616023,8.41519127868797,-0,0,0,260.195138370133,1,0
37.48,100,71.3859021453,61.507464114458,2.33998535638822,6.00000000000011,-2.05431522406905e-13,6.3008910630434,8.52871166152519,-0,0,0,260.389108127034,1,0
37.5,100,71.3859021453,61.5542639810841,2.3400012844829,6.0000000000001,-1.97776987473516e-13,6.30090247070091,8.61815650677819,-0,0,0,260.581952118171,1,0
37.52,100,71.3859021453,61.6010641649715,2.34001708269872,6.0000000000001,-1.90408702461459e-13,6.30091378533953,8.68446982341243,-0,0,0,260.773714508849,1,0
37.54,100,71.3859021453,61.6478646635333,2.34003275209472,6.0000000000001,-1.83305463672857e-13,6.30092500771776,8.72855860532395,-0,0,0,260.964437732437,1,0
37.56,100,71.3859021453,61.6946654742035,2.34004829372131,6.00000000000009,-1.7646727110771e-13,6.30093613858788,8.7512942827226,-0,0,0,261.154162558276,1,0
37.58,100,71.3859021453,61.7414665944373,2.34006370862034,6.00000000000009,-1.69925930312834e-13,6.30094717869608,8.75351411659803,-0,0,0,261.342928156935,1,0
37.6,100,71.4543136440845,61.7882680217104,2.34007899782514,6.00000000000009,-1.63617830194598e-13,6.30095812878241,8.73602253852273,-0,0,0,261.530772162893,1,0
37.62,100,71.4543136440845,61.8350697535192,2.34009416236064,6.00000000000008,-1.57553572601941e-13,6.30096898958094,8.72825637605163,-0,0,0,261.719071961366,1,0
37.64,100,71.4543136440845,61.8818717873804,2.3401092032434,6.00000000000008,-1.51722555685924e-13,6.30097976181971,8.70117034600146,-0,0,0,261.906468476163,1,0
37.66,100,71.4543136440845,61.9286741208313,2.34012412148169,6.00000000000008,-1.46135381295487e-13,6.30099044622086,8.6555219852106,-0,0,0,262.09299714764,1,0
37.68,100,71.4543136440845,61.9754767514287,2.34013891807557,6.00000000000007,-1.40696632790184e-13,6.30100104350061,8.59203912711427,-0,0,0,262.278692026333,1,0
37.7,100,71.4543136440845,62.0222796767499,2.34015359401693,6.00000000000007,-1.35448717565769e-13,6.30101155436936,8.51142106644522,-0,0,0,262.463585827464,1,0
37.72,100,71.4543136440845,62.0690828943916,2.34016815028958,6.00000000000007,-1.30412839320119e-13,6.30102197953171,8.41433967824175,-0,0,0,262.647709983291,1,0
37.74,100,71.4543136440845,62.1158864019702,2.34018258786931,6.00000000000007,-1.25588998053232e-13,6.30103231968652,8.30144049299858,-0,0,0,262.831094693422,1,0
37.76,100,71.4543136440845,62.1626901971216,2.34019690772395,6.00000000000006,-1.20924184520419e-13,6.30104257552694,8.17334372963936,-0,0,0,263.013768973147,1,0
37.78,100,71.4543136440845,62.2094942775008,2.34021111081345,6.00000000000006,-1.16407796872741e-13,6.30105274774049,8.03064528800766,-0,0,0,263.195760699876,1,0
37.8,100,72.3453944182615,62.256298640782,2.3402251980899,6.00000000000006,-1.12061038808074e-13,6.30106283700906,7.87391770242684,-0,0,0,263.37709665776,1,0
37.82,100,72.3453944182615,62.3031032846586,2.34023917049766,6.00000000000006,-1.07915715873233e-13,6.30107284400899,8.07706765212794,-0,0,0,263.575272468639,1,0
37.84,100,72.3453944182615,62.3499082068424,2.34025302897338,6.00000000000005,-1.03897615125651e-13,6.3010827694111,8.25262753759728,-0,0,0,263.772157964892,1,0
37.86,100,72.3453944182615,62.3967134050642,2.34026677444607,6.00000000000005,-1.00006736565327e-13,6.30109261388075,8.40167917518377,-0,0,0,263.967803760837,1,0
37.88,100,72.3453944182615,62.443518877073,2.34028040783716,6.00000000000005,-9.62430801922623e-14,6.30110237807787,8.52526196265507,-0,0,0,264.16225848601,1,0
37.9,100,72.3453944182615,62.4903246206365,2.34029393006058,6.00000000000005,-9.26172478553938e-14,6.30111206265701,8.62437454245283,-0,0,0,264.355568862993,1,0
37.92,100,72.3453944182615,62.5371306335404,2.34030734202279,6.00000000000005,-8.9171646950475e-14,6.30112166826738,8.69997639973606,-0,0,0,264.547779782183,1,0
37.94,100,72.3453944182615,62.5839369135884,2.34032064462287,6.00000000000005,-8.5863870081753e-14,6.30113119555289,8.75298939775467,-0,0,0,264.738934373639,1,0
37.96,100,72.3453944182615,62.6307434586022,2.34033383875257,6.00000000000004,-8.26303061555984e-14,6.30114064515222,8.78429925303088,-0,0,0,264.929074076105,1,0
37.98,100,72.3453944182615,62.6775502664212,2.34034692529636,6.00000000000004,-7.95027607188259e-14,6.30115001769881,8.79475695268838,-0,0,0,265.118238703331,1,0
38,100,72.3453944182615,62.7243573349026,2.34035990513151,6.00000000000004,-7.65342430161267e-14,6.30115931382097,8.78518011620941,-0,0,1,265.306466507788,1,0
38.02,100,72.3453944182615,62.7711646619209,2.34037277912812,6.00000000000004,-7.36399382559949e-14,6.30116853414186,8.75635430380562,-0,0,0,265.493794241889,1,0
38.04,100,72.3453944182615,62.8179722453679,2.34038554814922,6.00000000000004,-7.08304482873688e-14,6.30117767927958,8.7090342734693,-0,0,0,265.68025721681,1,0
38.06,100,72.3453944182615,62.8647800831527,2.34039821305078,6.00000000000004,-6.81481805060012e-14,6.30118674984717,8.6439451887578,-0,0,0,265.865889359001,1,0
38.08,100,72.3453944182615,62.9115881732015,2.3404107746818,6.00000000000003,-6.55719312140157e-14,6.30119574645268,8.56178377919583,-0,0,0,266.050723264484,1,0
38.1,100,72.3453944182615,62.9583965134572,2.34042323388436,6.00000000000003,-6.30486911667214e-14,6.30120466969921,8.4632194551953,-0,0,0,266.234790251022,1,0
38.12,100,72.3453944182615,63.0052051018796,2.34043559149366,6.00000000000003,-6.05890622130562e-14,6.30121352018493,8.34889537925237,-0,0,0,266.418120408238,1,0
38.14,100,72.3453944182615,63.0520139364451,2.3404478483381,6.00000000000003,-5.82672572955879e-14,6.30122229850314,8.21942949514189,-0,0,0,266.600742645779,1,0
38.16,100,72.3453944182615,63.0988230151468,2.34046000523933,6.00000000000003,-5.60090634717488e-14,6.30123100524229,8.07541551675833,-0,0,0,266.782684739576,1,0
38.18,100,72.3453944182615,63.1456323359939,2.34047206301229,6.00000000000003,-5.386748998623e-14,6.30123964098605,7.9174238781809,-0,0,0,266.963973376307,1,0
38.2,100,73.3295082779518,63.1924418970118,2.34048402246528,6.00000000000003,-5.18425368390316e-14,6.30124820631332,7.74600264648809,-0,0,0,267.144634196102,1,0
38.22,100,73.3295082779518,63.2392516962424,2.3404958844,6.00000000000003,-4.99342040301535e-14,6.30125670179828,7.97401520331977,-0,0,0,267.343985661356,1,0
38.24,100,73.3295082779518,63.286061731743,2.34050764961164,6.00000000000003,-4.81212878617192e-14,6.30126512801042,8.1734627168814,-0,0,0,267.542001091047,1,0
38.26,100,73.3295082779518,63.3328720015873,2.34051931888888,6.00000000000003,-4.63613809379761e-14,6.30127348551462,8.34546523382501,-0,0,0,267.738732889164,1,0
38.28,100,73.3295082779518,63.3796825038642,2.34053089301397,6.00000000000002,-4.4654483258924e-14,6.30128177487111,8.4910988831898,-0,0,0,267.93423140476,1,0
38.3,100,73.3295082779518,63.4264932366787,2.34054237276279,6.00000000000002,-4.29687892777484e-14,6.30128999663557,8.61139759842551,-0,0,0,268.128545012539,1,0
38.32,100,73.3295082779518,63.4733041981507,2.34055375890489,6.00000000000002,-4.13785119370166e-14,6.30129815135916,8.7073547719143,-0,0,0,268.321720190263,1,0
38.34,100,73.3295082779518,63.5201153864159,2.34056505220355,6.00000000000002,-3.98836512367287e-14,6.30130623958854,8.77992484460242,-0,0,0,268.51380159314,1,0
38.36,100,73.3295082779518,63.5669267996249,2.34057625341582,6.00000000000002,-3.84311979321937e-14,6.30131426186589,8.83002483330889,-0,0,0,268.704832125284,1,0
38.38,100,73.3295082779518,63.6137384359436,2.34058736329258,6.00000000000002,-3.70635594191644e-14,6.30132221872901,8.85853579814569,-0,0,0,268.89485300838,1,0
38.4,100,73.3295082779518,63.6605502935527,2.34059838257859,6.00000000000002,-3.5738328301888e-14,6.30133011071127,8.86630425240093,-0,0,1,269.083903847655,1,0
38.42,100,73.3295082779518,63.7073623706478,2.34060931201252,6.00000000000002,-3.44236990335497e-14,6.30133793834173,8.85414351714133,-0,0,0,269.272022695259,1,0
38.44,100,73.3295082779518,63.7541746654391,2.34062015232705,6.00000000000002,-3.30984679162732e-14,6.30134570214512,8.82283502269308,-0,0,0,269.459246111161,1,0
38.46,100,73.3295082779518,63.8009871761516,2.34063090424885,6.00000000000002,-3.18898571373171e-14,6.30135340264188,8.77312955909393,-0,0,0,269.645609221667,1,0
38.48,100,73.3295082779518,63.8477999010246,2.34064156849869,6.00000000000002,-3.0681246358361e-14,6.30136104034822,8.70574847752654,-0,0,0,269.831145775627,1,0
38.5,100,73.3295082779518,63.8946128383118,2.34065214579145,6.00000000000002,-2.95468485219723e-14,6.30136861577614,8.62138484461909,-0,0,0,270.015888198454,1,0
38.52,100,73.3295082779518,63.9414259862812,2.34066263683618,6.00000000000002,-2.84548580813365e-14,6.30137612943347,8.5207045515027,-0,0,0,270.199867644012,1,0
38.54,100,73.3295082779518,63.9882393432149,2.34067304233616,6.00000000000002,-2.73416639428243e-14,6.30138358182388,8.40434737938297,-0,0,0,270.383114044479,1,0
38.56,100,73.3295082779518,64.035052907409,2.34068336298893,6.00000000000001,-2.63132845958177e-14,6.30139097344694,8.27292802331832,-0,0,0,270.565656158251,1,0
38.58,100,73.3295082779518,64.0818666771735,2.34069359948634,6.00000000000001,-2.52849052488112e-14,6.30139830479817,8.12703707586444,-0,0,0,270.747521615965,1,0
38.6,100,74.1732700788238,64.128680650832,2.34070375251459,6.00000000000001,-2.43413406933104e-14,6.30140557636902,7.96724197214261,-0,0,0,270.928736964722,1,0
38.62,100,74.1732700788238,64.1754948267221,2.3407138227543,6.00000000000001,-2.33871742888713e-14,6.30141278864695,8.14761817420091,-0,0,0,271.125869896933,1,0
38.64,100,74.1732700788238,64.2223092031948,2.34072381088053,6.00000000000001,-2.24436097333705e-14,6.30141994211543,8.30129709429241,-0,0,0,271.321754103672,1,0
38.66,100,74.1732700788238,64.2691237786144,2.34073371756285,6.00000000000001,-2.15424525736225e-14,6.301427037254,8.42932554381204,-0,0,0,271.516438562837,1,0
38.68,100,74.1732700788238,64.3159385513588,2.34074354346535,6.00000000000001,-2.0620091715998e-14,6.30143407453829,8.53270928812948,-0,0,0,271.709970331755,1,0
38.7,100,74.1732700788238,64.3627535198189,2.34075328924671,6.00000000000001,-1.96977308583736e-14,6.30144105444004,8.61241465601943,-0,0,0,271.902394622492,1,0
38.72,100,74.1732700788238,64.4095686823989,2.34076295556026,6.00000000000001,-1.88601847922549e-14,6.30144797742716,8.66937008600029,-0,0,0,272.093754874204,1,0
38.74,100,74.1732700788238,64.4563840375158,2.34077254305397,6.00000000000001,-1.80332405750744e-14,6.30145484396373,8.70446761202548,-0,0,0,272.284092822659,1,0
38.76,100,74.1732700788238,64.5031995835998,2.34078205237055,6.00000000000001,-1.72593056025849e-14,6.30146165451006,8.71856429092782,-0,0,0,272.473448567023,1,0
38.78,100,74.1732700788238,64.5500153190937,2.34079148414747,6.00000000000001,-1.65701854216012e-14,6.30146840952269,8.71248357389663,-0,0,0,272.66186063404,1,0
38.8,100,74.288786087619,64.596831242453,2.34080083901697,6.00000000000001,-1.58810652406174e-14,6.30147510945445,8.68701662416338,-0,0,0,272.849366039683,1,0
38.82,100,74.288786087619,64.6436473521459,2.34081011760619,6.00000000000001,-1.52449543043247e-14,6.30148175475447,8.69132398048937,-0,0,0,273.03826507209,1,0
38.84,100,74.288786087619,64.6904636466529,2.3408193205371,6.00000000000001,-1.4608843368032e-14,6.30148834586822,8.67583777451745,-0,0,0,273.226238376312,1,0
38.86,100,74.288786087619,64.7372801244671,2.34082844842664,6.00000000000001,-1.40681490721832e-14,6.30149488323755,8.64133411924251,-0,0,0,273.413322264187,1,0
38.88,100,74.288786087619,64.7840967840937,2.34083750188669,6.00000000000001,-1.35380566252726e-14,6.30150136730069,8.58855869586391,-0,0,0,273.599551623639,1,0
38.9,100,74.288786087619,64.8309136240504,2.34084648152416,6.00000000000001,-1.30609734230531e-14,6.3015077984923,8.51822794703353,-0,0,0,273.784959974506,1,0
38.92,100,74.288786087619,64.8777306428666,2.34085538794101,6.00000000000001,-1.25626865229571e-14,6.30151417724349,8.43103022331533,-0,0,0,273.969579522185,1,0
38.94,100,74.288786087619,64.9245478390839,2.34086422173427,6.00000000000001,-1.2106807018614e-14,6.30152050398188,8.32762688469176,-0,0,0,274.153441209175,1,0
38.96,100,74.288786087619,64.9713652112557,2.34087298349614,6.00000000000001,-1.17251404568384e-14,6.30152677913158,8.20865335887729,-0,0,0,274.336574764597,1,0
38.98,100,74.288786087619,65.0181827579474,2.34088167381395,6.00000000000001,-1.13434738950628e-14,6.30153300311325,8.07472015814084,-0,0,0,274.519008751768,1,0
39,100,75.130093494366,65.0650004777359,2.34089029327027,6.00000000000001,-1.10148165779782e-14,6.30153917634411,7.92641385625163,-0,0,0,274.700770613918,1,0
39.02,100,75.130093494366,65.1118183692097,2.34089884244291,6.00000000000001,-1.06861592608936e-14,6.30154529923799,8.11679992953201,-0,0,0,274.898380785383,1,0
39.04,100,75.130093494366,65.1586364309689,2.34090732190497,6.00000000000001,-1.03469000948709e-14,6.30155137220535,8.2800961544649,-0,0,0,275.094723790364,1,0
39.06,100,75.130093494366,65.2054546616249,2.34091573222486,6.00000000000001,-9.99703907990989e-15,6.30155739565328,8.41736473579577,-0,0,0,275.289849327624,1,0
39.08,100,75.130093494366,65.2522730598007,2.34092407396639,6.00000000000001,-9.66838176282532e-15,6.30156336998557,8.52962622865066,-0,0,0,275.483805147112,1,0
39.1,100,75.130093494366,65.2990916241301,2.34093234768874,6.00000000000001,-9.31852074786433e-15,6.30156929560271,8.61786117165218,-0,0,0,275.67663712637,1,0
39.12,100,75.130093494366,65.3459103532585,2.34094055394655,6.00000000000001,-9.03227082653262e-15,6.30157517290194,8.68301165597744,-0,0,0,275.868389343957,1,0
39.14,100,75.130093494366,65.3927292458419,2.34094869328993,6.00000000000001,-8.79903014989196e-15,6.30158100227723,8.72598283290876,-0,0,0,276.059104149989,1,0
39.16,100,75.130093494366,65.4395483005476,2.34095676626451,6.00000000000001,-8.60819686900415e-15,6.30158678411937,8.74764436226626,-0,0,0,276.248822233912,1,0
39.18,100,75.130093494366,65.4863675160536,2.34096477341145,6.00000000000001,-8.3855580413017e-15,6.30159251881595,8.74883180404595,-0,0,0,276.437582689616,1,0
39.2,100,75.2043457660507,65.5331868910488,2.34097271526753,6.00000000000001,-8.2053266093521e-15,6.30159820675138,8.73034795550009,-0,0,0,276.625423078004,1,0
39.22,100,75.2043457660507,65.5800064242326,2.34098059236513,6.00000000000001,-8.04629887527893e-15,6.30160384830697,8.72407531679223,-0,0,0,276.813835223675,1,0
39.24,100,75.2043457660507,65.6268261143152,2.34098840523229,6.00000000000001,-7.89787299014396e-15,6.3016094438609,8.69842389538819,-0,0,0,277.0013409827,1,0
39.26,100,75.2043457660507,65.6736459600172,2.34099615439276,6.00000000000001,-7.77065080288542e-15,6.30161499378827,8.65415354109574,-0,0,0,277.187975906486,1,0
39.28,100,75.2043457660507,65.7204659600696,2.341003840366,6.00000000000001,-7.59041937093583e-15,6.30162049846112,8.59199430961028,-0,0,0,277.373774152352,1,0
39.3,100,75.2043457660507,65.767286113214,2.34101146366725,6.00000000000001,-7.43139163686265e-15,6.30162595824847,8.51264763076388,-0,0,0,277.558768538201,1,0
39.32,100,75.2043457660507,65.8141064182019,2.34101902480754,6.00000000000001,-7.2935676006659e-15,6.3016313735163,8.41678743095226,-0,0,0,277.742990595033,1,0
39.34,100,75.2043457660507,65.8609268737953,2.34102652429374,6.00000000000001,-7.16634541340736e-15,6.30163674462765,8.30506121157104,-0,0,0,277.92647061741,1,0
39.36,100,75.2043457660507,65.907747478766,2.34103396262857,6.00000000000001,-7.06032692402524e-15,6.30164207194255,8.17809108514168,-0,0,0,278.109237711934,1,0
39.38,100,75.2043457660507,65.9545682318961,2.34104134031067,6.00000000000001,-6.95430843464312e-15,6.30164735581814,8.03647477083309,-0,0,0,278.291319843833,1,0
39.4,100,76.0892651679828,66.0013891319774,2.34104865783461,6.00000000000001,-6.89069734101385e-15,6.30165259660862,7.88078655093143,-0,0,0,278.472743881715,1,0
39.42,100,76.0892651679828,66.0482101778117,2.34105591569091,6.00000000000001,-6.77407700269352e-15,6.3016577946653,8.08235321232103,-0,0,0,278.670884733217,1,0
39.44,100,76.0892651679828,66.0950313682105,2.34106311436613,6.00000000000001,-6.64685481543498e-15,6.30166295033665,8.25639156565183,-0,0,0,278.867737840724,1,0
39.46,100,76.0892651679828,66.141852701995,2.34107025434281,6.00000000000001,-6.59384557074392e-15,6.30166806396827,8.40398100843008,-0,0,0,279.063353707975,1,0
39.48,100,76.0892651679828,66.188674177996,2.3410773360996,6.00000000000001,-6.56204002392929e-15,6.30167313590296,8.52615861440505,-0,0,0,279.257780858343,1,0
39.5,100,76.0892651679828,66.235495795054,2.34108436011122,6.00000000000001,-6.58324372180571e-15,6.30167816648073,8.62392079310739,-0,0,0,279.451065912486,1,0
39.52,100,76.0892651679828,66.2823175520187,2.34109132684854,6.00000000000001,-6.62565111755856e-15,6.30168315603879,8.69822488431396,-0,0,0,279.643253662956,1,0
39.54,100,76.0892651679828,66.3291394477492,2.34109823677856,6.00000000000001,-6.63625296649677e-15,6.30168810491163,8.74999068999516,-0,0,0,279.834387145878,1,0
39.56,100,76.0892651679828,66.3759614811142,2.3411050903645,6.00000000000001,-6.60444741968214e-15,6.30169301343099,8.78010194619459,-0,0,0,280.024507709824,1,0
39.58,100,76.0892651679828,66.4227836509912,2.3411118880658,6.00000000000001,-6.62565111755856e-15,6.30169788192593,8.78940773719429,-0,0,0,280.213655081984,1,0
39.6,100,76.0892651679828,66.4696059562673,2.34111863033815,6.00000000000001,-6.63625296649677e-15,6.3017027107228,8.77872385422486,-0,0,1,280.401867431738,1,0
39.62,100,76.0892651679828,66.5164283958382,2.3411253176335,6.00000000000001,-6.60444741968214e-15,6.3017075001453,8.74883410091247,-0,0,0,280.589181431744,1,0
39.64,100,76.0892651679828,66.5632509686091,2.34113195040016,6.00000000000001,-6.60444741968214e-15,6.3017122505145,8.70049154752114,-0,0,0,280.775632316622,1,0
39.66,100,76.0892651679828,66.6100736734937,2.34113852908275,6.00000000000001,-6.61504926862035e-15,6.30171696214884,8.63441973603543,-0,0,0,280.961253939344,1,0
39.68,100,76.0892651679828,66.6568965094148,2.34114505412227,6.00000000000001,-6.62565111755856e-15,6.30172163536417,8.55131383797031,-0,0,0,281.146078825407,1,0
39.7,100,76.0892651679828,66.7037194753039,2.34115152595615,6.00000000000001,-6.63625296649677e-15,6.30172627047375,8.45184176680116,-0,0,0,281.330138224889,1,0
39.72,100,76.0892651679828,66.7505425701012,2.34115794501821,6.00000000000001,-6.61504926862035e-15,6.30173086778831,8.3366452467612,-0,0,0,281.513462162454,1,0
39.74,100,76.0892651679828,66.7973657927557,2.34116431173877,6.00000000000001,-6.62565111755856e-15,6.30173542761602,8.20634083973588,-0,0,0,281.696079485406,1,0
39.76,100,76.0892651679828,66.8441891422247,2.34117062654462,6.00000000000001,-6.62565111755856e-15,6.30173995026257,8.06152093190203,-0,0,0,281.878017909852,1,0
39.78,100,76.0892651679828,66.8910126174742,2.34117688985907,6.00000000000001,-6.6574566643732e-15,6.30174443603112,7.9027546816541,-0,0,0,282.059304065061,1,0
39.8,100,77.0791840087624,66.9378362174786,2.341183102102,6.00000000000001,-6.66805851331141e-15,6.30174888522238,7.73058893039536,-0,0,0,282.239963536075,1,0
39.82,100,77.0791840087624,66.9846599412206,2.34118926368984,6.00000000000001,-6.63625296649677e-15,6.30175329813461,7.96031812848769,-0,0,0,282.43942854071,1,0
39.84,100,77.0791840087624,67.0314837876912,2.34119537503564,6.00000000000001,-6.62565111755856e-15,6.30175767506363,8.16141469655027,-0,0,0,282.637554076462,1,0
39.86,100,77.0791840087624,67.0783077558898,2.34120143654908,6.00000000000001,-6.62565111755856e-15,6.30176201630285,8.33500133360563,-0,0,0,282.834392673635,1,0
39.88,100,77.0791840087624,67.1251318448237,2.34120744863649,6.00000000000001,-6.62565111755856e-15,6.30176632214328,8.48215671704008,-0,0,0,283.029994802715,1,0
39.9,100,77.0791840087624,67.1719560535084,2.34121341170089,6.00000000000001,-6.64685481543499e-15,6.30177059287357,8.6039172287137,-0,0,0,283.224408955141,1,0
39.92,100,77.0791840087624,67.2187803809675,2.34121932614203,6.00000000000001,-6.60444741968214e-15,6.30177482878002,8.7012786133929,-0,0,0,283.417681720903,1,0
39.94,100,77.0791840087624,67.2656048262326,2.34122519235638,6.00000000000001,-6.61504926862035e-15,6.30177903014657,8.77519757215357,-0,0,0,283.6098578631,1,0
39.96,100,77.0791840087624,67.3124293883429,2.34123101073719,6.00000000000001,-6.58324372180572e-15,6.30178319725486,8.82659329330653,-0,0,0,283.800980389575,1,0
39.98,100,77.0791840087624,67.3592540663458,2.34123678167449,6.00000000000001,-6.61504926862035e-15,6.30178733038425,8.85634892329281,-0,0,0,283.991090621736,1,0
40,100,77.0791840087624,67.4060788592962,2.34124250555514,6.00000000000001,-6.61504926862035e-15,6.3017914298118,8.86531297990599,-0,0,1,284.180228260689,1,0
40.02,100,77.0791840087624,67.4529037662568,2.34124818276284,6.00000000000001,-6.62565111755856e-15,6.30179549581231,8.85430071010266,-0,0,0,284.368431450767,1,0
40.04,100,77.0791840087624,67.4997287862981,2.34125381367818,6.00000000000001,-6.64685481543499e-15,6.30179952865836,8.82409539456108,-0,0,0,284.555736840575,1,0
40.06,100,77.0791840087624,67.5465539184979,2.34125939867862,6.00000000000001,-6.62565111755856e-15,6.30180352862028,8.77544960111248,-0,0,0,284.742179641634,1,0
40.08,100,77.0791840087624,67.5933791619416,2.34126493813855,6.00000000000001,-6.6574566643732e-15,6.30180749596621,8.70908638899651,-0,0,0,284.927793684739,1,0
40.1,100,77.0791840087624,67.6402045157223,2.34127043242932,6.00000000000001,-6.6574566643732e-15,6.30181143096212,8.62570046591393,-0,0,0,285.11261147409,1,0
40.12,100,77.0791840087624,67.6870299789401,2.34127588191923,6.00000000000001,-6.6574566643732e-15,6.30181533387178,8.525959299705,-0,0,0,285.296664239315,1,0
40.14,100,77.0791840087624,67.7338555507028,2.34128128697361,6.00000000000001,-6.6574566643732e-15,6.30181920495682,8.41050418643861,-0,0,0,285.479981985444,1,0
40.16,100,77.0791840087624,67.7806812301252,2.34128664795477,6.00000000000001,-6.64685481543499e-15,6.30182304447675,8.27995127662595,-0,0,0,285.662593540927,1,0
40.18,100,77.0791840087624,67.8275070163296,2.3412919652221,6.00000000000001,-6.61504926862035e-15,6.30182685268896,8.13489256118873,-0,0,0,285.84452660377,1,0
40.2,100,77.9162271094175,67.8743329084451,2.34129723913203,6.00000000000001,-6.62565111755856e-15,6.30183062984872,7.97589681876909,-0,0,0,286.025807785863,1,0
40.22,100,77.9162271094175,67.9211589056082,2.34130247003812,6.00000000000001,-6.62565111755856e-15,6.30183437620924,8.15422571397136,-0,0,0,286.222873119921,1,0
40.24,100,77.9162271094175,67.9679850069622,2.34130765829101,6.00000000000001,-6.6574566643732e-15,6.30183809202166,8.30593736869461,-0,0,0,286.418693243831,1,0
40.26,100,77.9162271094175,68.0148112116578,2.34131280423851,6.00000000000001,-6.6574566643732e-15,6.30184177753508,8.43207545777802,-0,0,0,286.613316990603,1,0
40.28,100,77.9162271094175,68.0616375188521,2.34131790822557,6.00000000000001,-6.64685481543499e-15,6.30184543299654,8.53364273299931,-0,0,0,286.806791278414,1,0
40.3,100,77.9162271094175,68.1084639277093,2.34132297059434,6.00000000000001,-6.61504926862035e-15,6.30184905865111,8.61160262769626,-0,0,0,286.999161185692,1,0
40.32,100,77.9162271094175,68.1552904374006,2.34132799168419,6.00000000000001,-6.61504926862035e-15,6.30185265474182,8.66688079846344,-0,0,0,287.190470023252,1,0
40.34,100,77.9162271094175,68.2021170471038,2.34133297183169,6.00000000000001,-6.62565111755856e-15,6.30185622150974,8.70036660639717,-0,0,0,287.380759403609,1,0
40.36,100,77.9162271094175,68.2489437560032,2.34133791137071,6.00000000000001,-6.62565111755856e-15,6.30185975919397,8.71291454026102,-0,0,0,287.570069307567,1,0
40.38,100,77.9162271094175,68.2957705632901,2.34134281063237,6.00000000000001,-6.62565111755856e-15,6.30186326803166,8.70534558385611,-0,0,0,287.7584381482,1,0
40.4,100,78.040179375752,68.3425974681622,2.34134766994508,6.00000000000001,-6.60444741968214e-15,6.30186674825803,8.67844852976178,-0,0,0,287.945902832326,1,0
40.42,100,78.040179375752,68.3894244698237,2.3413524896346,6.00000000000001,-6.56204002392929e-15,6.30187020010638,8.68491637175897,-0,0,0,288.134928938454,1,0
40.44,100,78.040179375752,68.4362515674856,2.34135727002402,6.00000000000001,-6.56204002392929e-15,6.30187362380811,8.671505721485,-0,0,0,288.323025130546,1,0
40.46,100,78.040179375752,68.4830787603648,2.34136201143378,6.00000000000001,-6.56204002392929e-15,6.30187701959272,8.63899602384843,-0,0,0,288.510227878075,1,0
40.48,100,78.040179375752,68.5299060476852,2.34136671418175,6.00000000000001,-6.56204002392929e-15,6.30188038768785,8.58813616130408,-0,0,0,288.696572220468,1,0
40.5,100,78.040179375752,68.5767334286765,2.34137137858316,6.00000000000001,-6.56204002392929e-15,6.30188372831928,8.51964565221765,-0,0,0,288.882091823179,1,0
40.52,100,78.040179375752,68.6235609025749,2.34137600495069,6.00000000000001,-6.54083632605287e-15,6.30188704171096,8.43421580225623,-0,0,0,289.066819031565,1,0
40.54,100,78.040179375752,68.670388468623,2.34138059359449,6.00000000000001,-6.51963262817645e-15,6.301890328085,8.33251081061799,-0,0,0,289.250784922649,1,0
40.56,100,78.040179375752,68.7172161260693,2.34138514482214,6.00000000000001,-6.48782708136181e-15,6.3018935876617,8.21516883289315,-0,0,0,289.434019354849,1,0
40.58,100,78.040179375752,68.7640438741685,2.34138965893875,6.00000000000001,-6.46662338348539e-15,6.30189682065958,8.08280300224982,-0,0,0,289.616551015763,1,0
40.6,100,78.8725779042469,68.8108717121814,2.34139413624692,6.00000000000001,-6.46662338348539e-15,6.30190002729535,7.93600241057555,-0,0,0,289.798407468079,1,0
40.62,100,78.8725779042469,68.857699639375,2.34139857704679,6.00000000000001,-6.46662338348539e-15,6.30190320778397,8.12410219606414,-0,0,0,289.995934599905,1,0
40.64,100,78.8725779042469,68.9045276550219,2.34140298163605,6.00000000000001,-6.46662338348539e-15,6.30190636233866,8.28520158069954,-0,0,0,290.192198555421,1,0
40.66,100,78.8725779042469,68.951355758401,2.34140735030996,6.00000000000001,-6.49842893030002e-15,6.30190949117088,8.42035926356265,-0,0,0,290.38724887095,1,0
40.68,100,78.8725779042469,68.9981839487968,2.34141168336139,6.00000000000001,-6.53023447711466e-15,6.30191259449037,8.53059243156781,-0,0,0,290.581133140412,1,0
40.7,100,78.8725779042469,69.0450122254999,2.34141598108079,6.00000000000001,-6.54083632605287e-15,6.30191567250516,8.61687838717243,-0,0,0,290.773897091493,1,0
40.72,100,78.8725779042469,69.0918405878064,2.34142024375628,6.00000000000001,-6.5726418728675e-15,6.30191872542159,8.68015611227508,-0,0,0,290.965584658817,1,0
40.74,100,78.8725779042469,69.1386690350184,2.34142447167359,6.00000000000001,-6.60444741968214e-15,6.30192175344432,8.7213277707776,-0,0,0,291.156238054257,1,0
40.76,100,78.8725779042469,69.1854975664435,2.34142866511615,6.00000000000001,-6.60444741968214e-15,6.30192475677633,8.74126015224624,-0,0,0,291.345897834482,1,0
40.78,100,78.8725779042469,69.2323261813951,2.34143282436508,6.00000000000001,-6.61504926862035e-15,6.30192773561894,8.74078605895839,-0,0,0,291.534602965861,1,0
40.8,100,78.9562520394612,69.279154879192,2.34143694969918,6.00000000000001,-6.61504926862035e-15,6.30193069017186,8.72070563855603,-0,0,0,291.722390886821,1,0
40.82,100,78.9562520394612,69.3259836591588,2.341441041395,6.00000000000001,-6.59384557074393e-15,6.30193362063313,8.71684654022048,-0,0,0,291.910938022606,1,0
40.84,100,78.9562520394612,69.3728125206254,2.34144509972684,6.00000000000001,-6.60444741968214e-15,6.3019365271992,8.69351383944226,-0,0,0,292.098574155139,1,0
40.86,100,78.9562520394612,69.4196414629273,2.34144912496673,6.00000000000001,-6.60444741968214e-15,6.30193941006492,8.65147110546115,-0,0,0,292.285335011329,1,0
40.88,100,78.9562520394612,69.4664704854053,2.34145311738453,6.00000000000001,-6.61504926862035e-15,6.30194226942354,8.5914519675522,-0,0,0,292.471254917165,1,0
40.9,100,78.9562520394612,69.5132995874056,2.34145707724785,6.00000000000001,-6.64685481543498e-15,6.30194510546674,8.51416128898893,-0,0,0,292.656366852647,1,0
40.92,100,78.9562520394612,69.5601287682799,2.34146100482216,6.00000000000001,-6.63625296649677e-15,6.30194791838464,8.42027629497528,-0,0,0,292.840702504563,1,0
40.94,100,78.9562520394612,69.606958027385,2.34146490037074,6.00000000000001,-6.63625296649677e-15,6.30195070836579,8.31044765634904,-0,0,0,293.024292317194,1,0
40.96,100,78.9562520394612,69.653787364083,2.34146876415473,6.00000000000001,-6.61504926862035e-15,6.30195347559724,8.18530053078856,-0,0,0,293.207165541041,1,0
40.98,100,78.9562520394612,69.7006167777412,2.34147259643314,6.00000000000001,-6.64685481543498e-15,6.30195622026447,8.04543556320748,-0,0,0,293.389350279627,1,0
41,100,79.8312198597216,69.747446267732,2.34147639746286,6.00000000000001,-6.61504926862035e-15,6.30195894255148,7.89142984690547,-0,0,0,293.570873534474,1,0
41.02,100,79.8312198597216,69.794275833433,2.34148016749871,6.00000000000001,-6.61504926862035e-15,6.30196164264077,8.09044322662445,-0,0,0,293.768915237422,1,0
41.04,100,79.8312198597216,69.841105474227,2.34148390679341,6.00000000000001,-6.60444741968214e-15,6.30196432071333,8.26202824483612,-0,0,0,293.965673707301,1,0
41.06,100,79.8312198597216,69.8879351895015,2.34148761559763,6.00000000000001,-6.61504926862035e-15,6.30196697694869,8.40726038146483,-0,0,0,294.161199265892,1,0
41.08,100,79.8312198597216,69.9347649786493,2.34149129415998,6.00000000000001,-6.61504926862035e-15,6.30196961152491,8.52717294627765,-0,0,0,294.355540261785,1,0
41.1,100,79.8312198597216,69.981594841068,2.34149494272707,6.00000000000001,-6.62565111755856e-15,6.30197222461859,8.62275873239995,-0,0,0,294.548743147751,1,0
41.12,100,79.8312198597216,70.0284247761601,2.34149856154347,6.00000000000001,-6.63625296649677e-15,6.30197481640493,8.69497160499194,-0,0,0,294.740852555078,1,0
41.14,100,79.8312198597216,70.075254783333,2.34150215085177,6.00000000000001,-6.61504926862035e-15,6.30197738705764,8.74472802764135,-0,0,0,294.931911364992,1,0
41.16,100,79.8312198597216,70.122084861999,2.34150571089259,6.00000000000001,-6.61504926862035e-15,6.30197993674906,8.7729085288945,-0,0,0,295.121960777279,1,0
41.18,100,79.8312198597216,70.1689150115752,2.34150924190457,6.00000000000001,-6.64685481543498e-15,6.30198246565012,8.78035911129355,-0,0,0,295.311040376214,1,0
41.2,100,79.869905481621,70.2157452314832,2.34151274412443,6.00000000000001,-6.64685481543498e-15,6.30198497393032,8.76789260515729,-0,0,0,295.49918819391,1,0
41.22,100,79.869905481621,70.2625755211497,2.34151621778692,6.00000000000001,-6.64685481543498e-15,6.30198746175783,8.7524989735185,-0,0,0,295.687199213625,1,0
41.24,100,79.869905481621,70.3094058800059,2.34151966312491,6.00000000000001,-6.62565111755856e-15,6.3019899292994,8.71808398499096,-0,0,0,295.874320361939,1,0
41.26,100,79.869905481621,70.3562363074874,2.34152308036937,6.00000000000001,-6.62565111755856e-15,6.30199237672046,8.66539347625788,-0,0,0,296.060586536268,1,0
41.28,100,79.869905481621,70.4030668030349,2.34152646974936,6.00000000000001,-6.64685481543498e-15,6.30199480418507,8.59514403933772,-0,0,0,296.246031265642,1,0
41.3,100,79.869905481621,70.4498973660932,2.34152983149209,6.00000000000001,-6.62565111755856e-15,6.30199721185595,8.50802416828804,-0,0,0,296.430686764357,1,0
41.32,100,79.869905481621,70.4967279961118,2.34153316582293,6.00000000000001,-6.62565111755856e-15,6.30199959989451,8.40469536093988,-0,0,0,296.614583983527,1,0
41.34,100,79.869905481621,70.5435586925448,2.34153647296539,6.00000000000001,-6.61504926862035e-15,6.30200196846082,8.28579317743279,-0,0,0,296.797752660617,1,0
41.36,100,79.869905481621,70.5903894548507,2.34153975314116,6.00000000000001,-6.61504926862035e-15,6.30200431771367,8.15192825724972,-0,0,0,296.980221367027,1,0
41.38,100,79.869905481621,70.6372202824922,2.34154300657014,6.00000000000001,-6.61504926862035e-15,6.30200664781054,8.00368729636649,-0,0,0,297.162017553819,1,0
41.4,100,80.7924206115355,70.6840511749366,2.34154623347042,6.00000000000001,-6.59384557074392e-15,6.30200895890763,7.84163398609535,-0,0,0,297.343167595643,1,0
41.42,100,80.7924206115355,70.7308821316556,2.34154943405832,6.00000000000001,-6.58324372180571e-15,6.30201125115986,8.05283728392619,-0,0,0,297.541783000373,1,0
41.44,100,80.7924206115355,70.777713152125,2.34155260854839,6.00000000000001,-6.60444741968213e-15,6.30201352472089,8.23613421913434,-0,0,0,297.739092778623,1,0
41.46,100,80.7924206115355,70.8245442358249,2.34155575715343,6.00000000000001,-6.61504926862035e-15,6.30201577974315,8.39261901456067,-0,0,0,297.935148129402,1,0
41.48,100,80.7924206115355,70.8713753822399,2.34155888008451,6.00000000000001,-6.61504926862035e-15,6.30201801637778,8.52334298796548,-0,0,0,298.12999824414,1,0
41.5,100,80.7924206115355,70.9182065908586,2.34156197755099,6.00000000000001,-6.61504926862035e-15,6.30202023477473,8.62931623436267,-0,0,0,298.323690385404,1,0
41.52,100,80.7924206115355,70.9650378611736,2.34156504976049,6.00000000000001,-6.61504926862035e-15,6.30202243508271,8.71150924238306,-0,0,0,298.516269962534,1,0
41.54,100,80.7924206115355,71.011869192682,2.34156809691897,6.00000000000001,-6.61504926862035e-15,6.30202461744922,8.77085444726851,-0,0,0,298.707780604305,1,0
41.56,100,80.7924206115355,71.0587005848847,2.3415711192307,6.00000000000001,-6.61504926862035e-15,6.30202678202055,8.80824772295741,-0,0,0,298.898264228748,1,0
41.58,100,80.7924206115355,71.1055320372869,2.34157411689827,6.00000000000001,-6.61504926862035e-15,6.3020289289418,8.82454981568608,-0,0,0,299.087761110227,1,0
41.6,100,80.7924206115355,71.1523635493977,2.34157709012265,6.00000000000001,-6.62565111755856e-15,6.3020310583569,8.82058772135038,-0,0,1,299.27630994389,1,0
41.62,100,80.7924206115355,71.1991951207302,2.34158003910313,6.00000000000001,-6.62565111755856e-15,6.3020331704086,8.79715600889162,-0,0,0,299.463947907592,1,0
41.64,100,80.7924206115355,71.2460267508015,2.3415829640374,6.00000000000001,-6.60444741968213e-15,6.30203526523846,8.75501809176288,-0,0,0,299.650710721385,1,0
41.66,100,80.7924206115355,71.2928584391327,2.34158586512155,6.00000000000001,-6.60444741968213e-15,6.30203734298694,8.69490744956078,-0,0,0,299.836632704684,1,0
41.68,100,80.7924206115355,71.3396901852487,2.34158874255004,6.00000000000001,-6.60444741968213e-15,6.30203940379329,8.61752880174198,-0,0,0,300.021746831187,1,0
41.7,100,80.7924206115355,71.3865219886783,2.34159159651577,6.00000000000001,-6.5726418728675e-15,6.30204144779568,8.52355923533289,-0,0,0,300.206084781636,1,0
41.72,100,80.7924206115355,71.4333538489542,2.34159442721005,6.00000000000001,-6.55143817499108e-15,6.30204347513112,8.41364928840342,-0,0,0,300.389676994524,1,0
41.74,100,80.7924206115355,71.4801857656128,2.34159723482265,6.00000000000001,-6.54083632605286e-15,6.30204548593553,8.2884239910735,-0,0,0,300.572552714795,1,0
41.76,100,80.7924206115355,71.5270177381944,2.34160001954176,6.00000000000001,-6.49842893030002e-15,6.30204748034368,8.14848386568783,-0,0,0,300.754740040651,1,0
41.78,100,80.7924206115355,71.5738497662431,2.34160278155407,6.00000000000001,-6.46662338348538e-15,6.30204945848928,7.99440588778843,-0,0,0,300.936265968514,1,0
41.8,100,81.7365059232029,71.6206818493065,2.34160552104472,6.00000000000001,-6.44541968560896e-15,6.30205142050494,7.82674440938698,-0,0,0,301.117156436226,1,0
41.82,100,81.7365059232029,71.667513986936,2.34160823819737,6.00000000000001,-6.41361413879432e-15,6.30205336652217,8.04159716973617,-0,0,0,301.31594542144,1,0
41.84,100,81.7365059232029,71.7143461786867,2.34161093319415,6.00000000000001,-6.41361413879432e-15,6.30205529667144,8.22840044655927,-0,0,0,301.513422060374,1,0
41.86,100,81.7365059232029,71.7611784241172,2.34161360621573,6.00000000000001,-6.3924104409179e-15,6.30205721108213,8.38825407474182,-0,0,0,301.709637814819,1,0
41.88,100,81.7365059232029,71.80801072279,2.3416162574413,6.00000000000001,-6.3924104409179e-15,6.30205910988257,8.52221476403227,-0,0,0,301.90464212869,1,0
41.9,100,81.7365059232029,71.8548430742708,2.34161888704858,6.00000000000001,-6.41361413879432e-15,6.30206099320006,8.63129779000931,-0,0,0,302.098482507144,1,0
41.92,100,81.7365059232029,71.901675478129,2.34162149521384,6.00000000000001,-6.41361413879432e-15,6.30206286116083,8.71647861873649,-0,0,0,302.291204592604,1,0
41.94,100,81.7365059232029,71.9485079339375,2.34162408211194,6.00000000000001,-6.42421598773254e-15,6.30206471389012,8.77869446771124,-0,0,0,302.482852237797,1,0
41.96,100,81.7365059232029,71.9953404412728,2.34162664791627,6.00000000000001,-6.43481783667075e-15,6.30206655151211,8.81884580562112,-0,0,0,302.673467575926,1,0
41.98,100,81.7365059232029,72.0421729997147,2.34162919279885,6.00000000000001,-6.43481783667075e-15,6.30206837415,8.83779779327815,-0,0,0,302.8630910881,1,0
42,100,81.7365059232029,72.0890056088465,2.34163171693027,6.00000000000001,-6.43481783667075e-15,6.30207018192597,8.83638166806169,-0,0,1,303.051761668108,1,0
42.02,100,81.7365059232029,72.1358382682547,2.34163422047974,6.00000000000001,-6.43481783667075e-15,6.3020719749612,8.81539607408033,-0,0,0,303.239516684662,1,0
42.04,100,81.7365059232029,72.1826709775296,2.34163670361507,6.00000000000001,-6.45602153454717e-15,6.30207375337588,8.77560834016251,-0,0,0,303.426392041196,1,0
42.06,100,81.7365059232029,72.2295037362643,2.34163916650274,6.00000000000001,-6.4772252324236e-15,6.30207551728924,8.71775570775868,-0,0,0,303.61242223332,1,0
42.08,100,81.7365059232029,72.2763365440558,2.34164160930784,6.00000000000001,-6.48782708136181e-15,6.30207726681952,8.64254651066998,-0,0,0,303.797640404021,1,0
42.1,100,81.7365059232029,72.3231694005039,2.34164403219413,6.00000000000001,-6.48782708136181e-15,6.30207900208401,8.55066130854868,-0,0,0,303.982078396704,1,0
42.12,100,81.7365059232029,72.3700023052118,2.34164643532403,6.00000000000001,-6.51963262817644e-15,6.30208072319901,8.44275397592095,-0,0,0,304.165766806143,1,0
42.14,100,81.7365059232029,72.4168352577862,2.34164881885863,6.00000000000001,-6.53023447711465e-15,6.30208243027992,8.3194527485402,-0,0,0,304.34873502745,1,0
42.16,100,81.7365059232029,72.4636682578366,2.34165118295771,6.00000000000001,-6.54083632605287e-15,6.30208412344117,8.18136122868917,-0,0,0,304.531011303104,1,0
42.18,100,81.7365059232029,72.510501304976,2.34165352777975,6.00000000000001,-6.54083632605287e-15,6.30208580279625,8.02905935107759,-0,0,0,304.712622768156,1,0
42.2,100,82.6554633922583,72.5573343988203,2.34165585348194,6.00000000000001,-6.55143817499108e-15,6.30208746845775,7.86310431085742,-0,0,0,304.893595493646,1,0
42.22,100,82.6554633922583,72.6041675389888,2.34165816022018,6.00000000000001,-6.55143817499108e-15,6.30208912053732,8.06906818912783,-0,0,0,305.091970946817,1,0
42.24,100,82.6554633922583,72.6510007251038,2.34166044814911,6.00000000000001,-6.5726418728675e-15,6.30209075914572,8.24733110202741,-0,0,0,305.289050341868,1,0
42.26,100,82.6554633922583,72.6978339567904,2.3416627174221,6.00000000000001,-6.58324372180571e-15,6.30209238439278,8.39897921900622,-0,0,0,305.484884501328,1,0
42.28,100,82.6554633922583,72.7446672336773,2.34166496819127,6.00000000000001,-6.62565111755856e-15,6.30209399638745,8.52505612021512,-0,0,0,305.679522254913,1,0
42.3,100,82.6554633922583,72.7915005553957,2.3416672006075,6.00000000000001,-6.62565111755856e-15,6.30209559523781,8.62656446644496,-0,0,0,305.873010517676,1,0
42.32,100,82.6554633922583,72.8383339215802,2.34166941482045,6.00000000000001,-6.62565111755856e-15,6.30209718105102,8.70446760360561,-0,0,0,306.065394365074,1,0
42.34,100,82.6554633922583,72.8851673318682,2.34167161097854,6.00000000000001,-6.61504926862035e-15,6.30209875393339,8.75969110428269,-0,0,0,306.256717105105,1,0
42.36,100,82.6554633922583,72.9320007859,2.34167378922899,6.00000000000001,-6.60444741968214e-15,6.30210031399036,8.79312424884726,-0,0,0,306.447020347609,1,0
42.38,100,82.6554633922583,72.9788342833189,2.34167594971783,6.00000000000001,-6.60444741968214e-15,6.30210186132651,8.80562144849849,-0,0,0,306.636344070857,1,0
42.4,100,82.6554633922583,73.0256678237712,2.34167809258989,6.00000000000001,-6.60444741968214e-15,6.30210339604557,8.79800361249873,-0,0,1,306.824726685519,1,0
42.42,100,82.6554633922583,73.072501406906,2.34168021798881,6.00000000000001,-6.62565111755856e-15,6.30210491825042,8.77105946180672,-0,0,0,307.012205096139,1,0
42.44,100,82.6554633922583,73.1193350323752,2.34168232605706,6.00000000000001,-6.63625296649677e-15,6.3021064280431,8.72554679119658,-0,0,0,307.198814760185,1,0
42.46,100,82.6554633922583,73.1661686998337,2.34168441693598,6.00000000000001,-6.62565111755856e-15,6.30210792552481,8.66219368189247,-0,0,0,307.384589744795,1,0
42.48,100,82.6554633922583,73.213002408939,2.34168649076571,6.00000000000001,-6.64685481543499e-15,6.30210941079595,8.58169966665352,-0,0,0,307.569562781289,1,0
42.5,100,82.6554633922583,73.2598361593516,2.34168854768529,6.00000000000001,-6.64685481543499e-15,6.30211088395608,8.48473684917521,-0,0,0,307.753765317547,1,0
42.52,100,82.6554633922583,73.3066699507346,2.34169058783259,6.00000000000001,-6.63625296649677e-15,6.30211234510395,8.3719509795935,-0,0,0,307.937227568337,1,0
42.54,100,82.6554633922583,73.353503782754,2.34169261134437,6.00000000000001,-6.63625296649677e-15,6.30211379433752,8.24396248783118,-0,0,0,308.119978563663,1,0
42.56,100,82.6554633922583,73.4003376550784,2.3416946183563,6.00000000000001,-6.63625296649677e-15,6.30211523175393,8.10136747641121,-0,0,0,308.302046195225,1,0
42.58,100,82.6554633922583,73.4471715673792,2.3416966090029,6.00000000000001,-6.60444741968214e-15,6.30211665744954,7.94473867434881,-0,0,0,308.483457261045,1,0
42.6,100,83.6292600763772,73.4940055193303,2.34169858341762,6.00000000000001,-6.61504926862035e-15,6.30211807151992,7.77462635364216,-0,0,0,308.664237508359,1,0
42.62,100,83.6292600763772,73.5408395106085,2.34170054173282,6.00000000000001,-6.61504926862035e-15,6.30211947405987,7.99957319015862,-0,0,0,308.863503231469,1,0
42.64,100,83.6292600763772,73.5876735408932,2.34170248407977,6.00000000000001,-6.58324372180572e-15,6.3021208651634,8.19607471199296,-0,0,0,309.06143805074,1,0
42.66,100,83.6292600763772,73.6345076098661,2.34170441058868,6.00000000000001,-6.54083632605287e-15,6.30212224492377,8.36524627508869,-0,0,0,309.258094154509,1,0
42.68,100,83.6292600763772,73.681341717212,2.3417063213887,6.00000000000001,-6.50903077923824e-15,6.30212361343348,8.50815950166365,-0,0,0,309.453521684758,1,0
42.7,100,83.6292600763772,73.7281758626178,2.34170821660791,6.00000000000001,-6.49842893030002e-15,6.30212497078425,8.62584399503648,-0,0,0,309.647768817349,1,0
42.72,100,83.6292600763772,73.7750100457733,2.34171009637336,6.00000000000001,-6.4772252324236e-15,6.30212631706709,8.71928898720804,-0,0,0,309.84088183912,1,0
42.74,100,83.6292600763772,73.8218442663706,2.34171196081107,6.00000000000001,-6.4772252324236e-15,6.30212765237224,8.78944492184663,-0,0,0,310.032905221953,1,0
42.76,100,83.6292600763772,73.8686785241044,2.34171381004602,6.00000000000001,-6.44541968560896e-15,6.30212897678921,8.83722497519682,-0,0,0,310.223881693939,1,0
42.78,100,83.6292600763772,73.9155128186719,2.34171564420217,6.00000000000001,-6.42421598773254e-15,6.30213029040679,8.86350651735801,-0,0,0,310.413852307756,1,0
42.8,100,83.6292600763772,73.9623471497728,2.34171746340247,6.00000000000001,-6.38180859197969e-15,6.30213159331303,8.86913251626289,-0,0,1,310.602856506361,1,0
42.82,100,83.6292600763772,74.0091815171091,2.34171926776888,6.00000000000001,-6.37120674304148e-15,6.30213288559528,8.85491288660388,-0,0,0,310.790932186107,1,0
42.84,100,83.6292600763772,74.0560159203854,2.34172105742236,6.00000000000001,-6.38180859197969e-15,6.30213416734017,8.82162578587186,-0,0,0,310.97811575739,1,0
42.86,100,83.6292600763772,74.1028503593087,2.34172283248286,6.00000000000001,-6.40301228985612e-15,6.30213543863361,8.77001885957023,-0,0,0,311.164442202911,1,0
42.88,100,83.6292600763772,74.1496848335882,2.3417245930694,6.00000000000001,-6.41361413879433e-15,6.30213669956083,8.70081043761325,-0,0,0,311.34994513366,1,0
42.9,100,83.6292600763772,74.1965193429358,2.34172633929998,6.00000000000001,-6.36060489410327e-15,6.30213795020636,8.61469068380144,-0,0,0,311.534656842697,1,0
42.92,100,83.6292600763772,74.2433538870653,2.34172807129166,6.00000000000001,-6.3818085919797e-15,6.30213919065404,8.51232270023072,-0,0,0,311.718608356835,1,0
42.94,100,83.6292600763772,74.2901884656933,2.34172978916056,6.00000000000001,-6.3818085919797e-15,6.30214042098701,8.39434358839705,-0,0,0,311.901829486286,1,0
42.96,100,83.6292600763772,74.3370230785384,2.34173149302183,6.00000000000001,-6.40301228985612e-15,6.30214164128775,8.26136546869933,-0,0,0,312.084348872366,1,0
42.98,100,83.6292600763772,74.3838577253215,2.34173318298969,6.00000000000001,-6.43481783667075e-15,6.30214285163808,8.11397645995655,-0,0,0,312.266194033329,1,0
43,100,84.4850805054525,74.4306924057661,2.34173485917743,6.00000000000001,-6.46662338348539e-15,6.30214405211912,7.95274162052386,-0,0,0,312.447391408402,1,0
43.02,100,84.4850805054525,74.4775271195975,2.34173652169741,6.00000000000001,-6.53023447711466e-15,6.30214524281134,8.13678660948309,-0,0,0,312.644744999236,1,0
43.04,100,84.4850805054525,74.5243618665436,2.34173817066108,6.00000000000001,-6.57264187286751e-15,6.30214642379458,8.29399005376908,-0,0,0,312.840842714864,1,0
43.06,100,84.4850805054525,74.5711966463343,2.34173980617898,6.00000000000001,-6.58324372180572e-15,6.30214759514799,8.42540442472453,-0,0,0,313.03573380128,1,0
43.08,100,84.4850805054525,74.6180314587019,2.34174142836074,6.00000000000001,-6.59384557074393e-15,6.3021487569501,8.53204092570105,-0,0,0,313.229465573493,1,0
43.1,100,84.4850805054525,74.6648663033806,2.34174303731511,6.00000000000001,-6.62565111755856e-15,6.30214990927878,8.61487111021459,-0,0,0,313.422083491245,1,0
43.12,100,84.4850805054525,74.711701180107,2.34174463314996,6.00000000000001,-6.64685481543499e-15,6.3021510522113,8.67482843662093,-0,0,0,313.613631231757,1,0
43.14,100,84.4850805054525,74.7585360886198,2.34174621597224,6.00000000000001,-6.62565111755856e-15,6.30215218582426,8.71280976186051,-0,0,0,313.804150759622,1,0
43.16,100,84.4850805054525,74.8053710286598,2.34174778588808,6.00000000000001,-6.62565111755856e-15,6.30215331019366,8.72967677661345,-0,0,0,313.99368239396,1,0
43.18,100,84.4850805054525,74.85220599997,2.34174934300271,6.00000000000001,-6.61504926862035e-15,6.30215442539486,8.72625738419345,-0,0,0,314.182264872934,1,0
43.2,100,84.5854675290772,74.8990410022953,2.34175088742051,6.00000000000001,-6.62565111755856e-15,6.30215553150263,8.70334702536515,-0,0,0,314.369935415747,1,0
43.22,100,84.5854675290772,74.9458760353829,2.34175241924501,6.00000000000001,-6.62565111755856e-15,6.30215662859112,8.70377140999451,-0,0,0,314.5586978979,1,0
43.24,100,84.5854675290772,74.9927110989818,2.3417539385789,6.00000000000001,-6.63625296649678e-15,6.30215771673387,8.68455411034083,-0,0,0,314.746541390385,1,0
43.26,100,84.5854675290772,75.0395461928434,2.34175544552404,6.00000000000001,-6.63625296649678e-15,6.30215879600382,8.64646528723916,-0,0,0,314.933501929533,1,0
43.28,100,84.5854675290772,75.0863813167209,2.34175694018143,6.00000000000001,-6.63625296649678e-15,6.30215986647332,8.5902449030883,-0,0,0,315.119614138652,1,0
43.3,100,84.5854675290772,75.1332164703694,2.34175842265127,6.00000000000001,-6.62565111755856e-15,6.30216092821414,8.51660390595592,-0,0,0,315.304911283435,1,0
43.32,100,84.5854675290772,75.1800516535464,2.34175989303295,6.00000000000001,-6.63625296649678e-15,6.30216198129744,8.42622536724378,-0,0,0,315.489425325188,1,0
43.34,100,84.5854675290772,75.2268868660108,2.34176135142503,6.00000000000001,-6.61504926862035e-15,6.30216302579383,8.31976557474328,-0,0,0,315.673186971979,1,0
43.36,100,84.5854675290772,75.2737221075241,2.34176279792527,6.00000000000001,-6.60444741968214e-15,6.30216406177331,8.19785508284016,-0,0,0,315.856225727778,1,0
43.38,100,84.5854675290772,75.3205573778492,2.34176423263063,6.00000000000001,-6.63625296649677e-15,6.30216508930534,8.0610997215326,-0,0,0,316.038569939672,1,0
43.4,100,85.4427762811615,75.3673926767513,2.34176565563731,6.00000000000001,-6.62565111755856e-15,6.3021661084588,7.91008156589279,-0,0,0,316.220246843223,1,0
43.42,100,85.4427762811615,75.4142280039974,2.34176706704069,6.00000000000001,-6.63625296649677e-15,6.30216711930201,8.10456622138207,-0,0,0,316.418090384187,1,0
43.44,100,85.4427762811615,75.4610633593562,2.34176846693537,6.00000000000001,-6.59384557074393e-15,6.30216812190273,8.27179997485646,-0,0,0,316.6146588836,1,0
43.46,100,85.4427762811615,75.5078987425987,2.34176985541522,6.00000000000001,-6.58324372180572e-15,6.30216911632817,8.41285134888673,-0,0,0,316.810002338611,1,0
43.48,100,85.4427762811615,75.5547341534973,2.34177123257329,6.00000000000001,-6.58324372180572e-15,6.30217010264499,8.52874696867849,-0,0,0,317.004168785938,1,0
43.5,100,85.4427762811615,75.6015695918267,2.34177259850192,6.00000000000001,-6.60444741968214e-15,6.3021710809193,8.62047320489366,-0,0,0,317.197204378734,1,0
43.52,100,85.4427762811615,75.6484050573632,2.34177395329267,6.00000000000001,-6.61504926862035e-15,6.3021720512167,8.68897775205566,-0,0,0,317.389153460445,1,0
43.54,100,85.4427762811615,75.6952405498848,2.34177529703635,6.00000000000001,-6.61504926862035e-15,6.30217301360222,8.73517114505419,-0,0,0,317.58005863577,1,0
43.56,100,85.4427762811615,75.7420760691716,2.34177662982305,6.00000000000001,-6.62565111755856e-15,6.30217396814038,8.75992821620279,-0,0,0,317.769960838836,1,0
43.58,100,85.4427762811615,75.7889116150053,2.3417779517421,6.00000000000001,-6.62565111755856e-15,6.30217491489517,8.76408949515601,-0,0,0,317.958899398705,1,0
43.6,100,85.5001286928607,75.8357471871694,2.34177926288213,6.00000000000001,-6.62565111755856e-15,6.30217585393004,8.74846255393323,-0,0,0,318.146912102309,1,0
43.62,100,85.5001286928607,75.8825827854493,2.34178056333103,6.00000000000001,-6.64685481543499e-15,6.30217678530796,8.73785355743053,-0,0,0,318.335159665007,1,0
43.64,100,85.5001286928607,75.929418409632,2.34178185317597,6.00000000000001,-6.64685481543499e-15,6.30217770909135,8.70803549048073,-0,0,0,318.522508469662,1,0
43.66,100,85.5001286928607,75.9762540595062,2.34178313250342,6.00000000000001,-6.62565111755856e-15,6.30217862534214,8.65976155098038,-0,0,0,318.708993758975,1,0
43.68,100,85.5001286928607,76.0230897348626,2.34178440139914,6.00000000000001,-6.64685481543499e-15,6.30217953412176,8.59375540351961,-0,0,0,318.894649393747,1,0
43.7,100,85.5001286928607,76.0699254354932,2.34178565994819,6.00000000000001,-6.6574566643732e-15,6.30218043549112,8.51071233739222,-0,0,0,319.079507907059,1,0
43.72,100,85.5001286928607,76.1167611611921,2.34178690823494,6.00000000000001,-6.6574566643732e-15,6.30218132951065,8.41130037922276,-0,0,0,319.263600556341,1,0
43.74,100,85.5001286928607,76.1635969117548,2.34178814634307,6.00000000000001,-6.6574566643732e-15,6.30218221624028,8.29616136193333,-0,0,0,319.446957373383,1,0
43.76,100,85.5001286928607,76.2104326869785,2.34178937435557,6.00000000000001,-6.6574566643732e-15,6.30218309573945,8.1659119518309,-0,0,0,319.629607212399,1,0
43.78,100,85.5001286928607,76.2572684866622,2.34179059235477,6.00000000000001,-6.6574566643732e-15,6.30218396806712,8.02114463538735,-0,0,0,319.811577796196,1,0
43.8,100,86.4029191551067,76.3041043106065,2.34179180042232,6.00000000000001,-6.64685481543499e-15,6.30218483328177,7.86242866735462,-0,0,0,319.992895760541,1,0
43.82,100,86.4029191551067,76.3509401586134,2.34179299863919,6.00000000000001,-6.63625296649678e-15,6.30218569144139,8.06857385311188,-0,0,0,320.191286156578,1,0
43.84,100,86.4029191551067,76.3977760304869,2.34179418708571,6.00000000000001,-6.62565111755856e-15,6.30218654260351,8.24701091060011,-0,0,0,320.388380106665,1,0
43.86,100,86.4029191551067,76.4446119260323,2.34179536584155,6.00000000000001,-6.63625296649678e-15,6.3021873868252,8.39882629056924,-0,0,0,320.584228446921,1,0
43.88,100,86.4029191551067,76.4914478450565,2.34179653498573,6.00000000000001,-6.64685481543499e-15,6.30218822416304,8.52506384343646,-0,0,0,320.778880020135,1,0
43.9,100,86.4029191551067,76.5382837873681,2.34179769459662,6.00000000000001,-6.64685481543499e-15,6.30218905467316,8.62672648965779,-0,0,0,320.972381753932,1,0
43.92,100,86.4029191551067,76.5851197527773,2.34179884475196,6.00000000000001,-6.64685481543499e-15,6.30218987841125,8.70477782462318,-0,0,0,321.164778735861,1,0
43.94,100,86.4029191551067,76.6319557410957,2.34179998552885,6.00000000000001,-6.62565111755856e-15,6.30219069543251,8.76014366061214,-0,0,0,321.356114285554,1,0
43.96,100,86.4029191551067,76.6787917521365,2.34180111700376,6.00000000000001,-6.62565111755856e-15,6.30219150579172,8.79371350828705,-0,0,0,321.546430024036,1,0
43.98,100,86.4029191551067,76.7256277857143,2.34180223925254,6.00000000000001,-6.62565111755856e-15,6.3021923095432,8.80634200010702,-0,0,0,321.735765940341,1,0
44,100,86.4029191551067,76.7724638416456,2.34180335235042,6.00000000000001,-6.62565111755856e-15,6.30219310674084,8.79885025791229,-0,0,1,321.924160455491,1,0
44.02,100,86.4029191551067,76.8192999197478,2.34180445637202,6.00000000000001,-6.62565111755856e-15,6.30219389743806,8.77202720690431,-0,0,0,322.11165048399,1,0
44.04,100,86.4029191551067,76.8661360198404,2.34180555139134,6.00000000000001,-6.62565111755856e-15,6.30219468168788,8.72663083808631,-0,0,0,322.298271492887,1,0
44.06,100,86.4029191551067,76.912972141744,2.3418066374818,6.00000000000001,-6.63625296649678e-15,6.30219545954288,8.66338942121557,-0,0,0,322.484057558536,1,0
44.08,100,86.4029191551067,76.9598082852807,2.34180771471619,6.00000000000001,-6.63625296649678e-15,6.30219623105518,8.58300267018469,-0,0,0,322.669041421125,1,0
44.1,100,86.4029191551067,77.0066444502741,2.34180878316674,6.00000000000001,-6.60444741968214e-15,6.30219699627652,8.48614286271929,-0,0,0,322.853254537067,1,0
44.12,100,86.4029191551067,77.0534806365492,2.34180984290506,6.00000000000001,-6.60444741968214e-15,6.30219775525818,8.37345591616237,-0,0,0,323.03672712934,1,0
44.14,100,86.4029191551067,77.1003168439327,2.3418108940022,6.00000000000001,-6.58324372180572e-15,6.30219850805105,8.24556242107618,-0,0,0,323.219488235849,1,0
44.16,100,86.4029191551067,77.1471530722522,2.34181193652861,6.00000000000001,-6.58324372180572e-15,6.3021992547056,8.10305863432762,-0,0,0,323.401565755893,1,0
44.18,100,86.4029191551067,77.1939893213371,2.34181297055419,6.00000000000001,-6.58324372180572e-15,6.30219999527187,7.94651743321965,-0,0,0,323.582986494811,1,0
44.2,100,87.3760510788569,77.2408255910182,2.34181399614824,6.00000000000001,-6.56204002392929e-15,6.3022007297995,7.77648923221567,-0,0,0,323.763776206878,1,0
44.22,100,87.3760510788569,77.2876618811273,2.34181501337953,6.00000000000001,-6.56204002392929e-15,6.30220145833775,8.00123831413598,-0,0,0,323.96303816036,1,0
44.24,100,87.3760510788569,77.334498191498,2.34181602231623,6.00000000000001,-6.56204002392929e-15,6.30220218093543,8.19754978982796,-0,0,0,324.160969525977,1,0
44.26,100,87.3760510788569,77.3813345219651,2.341817023026,6.00000000000001,-6.58324372180572e-15,6.30220289764101,8.36653871335499,-0,0,0,324.357622478309,1,0
44.28,100,87.3760510788569,77.4281708723647,2.3418180155759,6.00000000000001,-6.59384557074393e-15,6.30220360850251,8.50927641688626,-0,0,0,324.553047146125,1,0
44.3,100,87.3760510788569,77.4750072425342,2.34181900003247,6.00000000000001,-6.60444741968214e-15,6.3022043135676,8.6267922250672,-0,0,0,324.747291692607,1,0
44.32,100,87.3760510788569,77.5218436323124,2.34181997646172,6.00000000000001,-6.63625296649678e-15,6.30220501288353,8.72007510214423,-0,0,0,324.940402392421,1,0
44.34,100,87.3760510788569,77.5686800415396,2.34182094492909,6.00000000000001,-6.61504926862035e-15,6.30220570649719,8.7900752345265,-0,0,0,325.132423705763,1,0
44.36,100,87.3760510788569,77.615516470057,2.3418219054995,6.00000000000001,-6.64685481543499e-15,6.30220639445508,8.83770555128846,-0,0,0,325.32339834951,1,0
44.38,100,87.3760510788569,77.6623529177073,2.34182285823736,6.00000000000001,-6.64685481543499e-15,6.3022070768033,8.86384318504377,-0,0,0,325.513367365573,1,0
44.4,100,87.3760510788569,77.7091893843347,2.34182380320651,6.00000000000001,-6.63625296649677e-15,6.30220775358761,8.86933087554915,-0,0,1,325.702370186578,1,0
44.42,100,87.3760510788569,77.7560258697842,2.34182474047032,6.00000000000001,-6.61504926862035e-15,6.30220842485337,8.85497831826533,-0,0,0,325.890444698961,1,0
44.44,100,87.3760510788569,77.8028623739025,2.34182567009162,6.00000000000001,-6.63625296649677e-15,6.30220909064557,8.82156346004801,-0,0,0,326.077627303601,1,0
44.46,100,87.3760510788569,77.8496988965373,2.34182659213271,6.00000000000001,-6.59384557074393e-15,6.30220975100886,8.76983374402002,-0,0,0,326.263952974064,1,0
44.48,100,87.3760510788569,77.8965354375377,2.34182750665541,6.00000000000001,-6.60444741968214e-15,6.3022104059875,8.70050730564394,-0,0,0,326.449455312576,1,0
44.5,100,87.3760510788569,77.9433719967539,2.34182841372102,6.00000000000001,-6.60444741968214e-15,6.30221105562539,8.61427412189461,-0,0,0,326.634166603785,1,0
44.52,100,87.3760510788569,77.9902085740372,2.34182931339036,6.00000000000001,-6.60444741968214e-15,6.30221169996609,8.51179711536374,-0,0,0,326.818117866433,1,0
44.54,100,87.3760510788569,78.0370451692406,2.34183020572372,6.00000000000001,-6.59384557074393e-15,6.30221233905279,8.39371321508044,-0,0,0,327.001338902986,1,0
44.56,100,87.3760510788569,78.0838817822177,2.34183109078093,6.00000000000001,-6.5726418728675e-15,6.30221297292832,8.26063437573313,-0,0,0,327.18385834733,1,0
44.58,100,87.3760510788569,78.1307184128237,2.34183196862132,6.00000000000001,-6.51963262817645e-15,6.30221360163519,8.11314855692783,-0,0,0,327.365703710588,1,0
44.6,100,88.2326502511591,78.1775550609148,2.34183283930374,6.00000000000001,-6.50903077923823e-15,6.30221422521554,7.95182066404611,-0,0,0,327.546901425146,1,0
44.62,100,88.2326502511591,78.2243917263485,2.34183370288655,6.00000000000001,-6.51963262817645e-15,6.30221484371116,8.13610249714167,-0,0,0,327.744270753574,1,0
44.64,100,88.2326502511591,78.2712284089833,2.34183455942764,6.00000000000001,-6.51963262817645e-15,6.30221545716353,8.2935334600482,-0,0,0,327.940383732481,1,0
44.66,100,88.2326502511591,78.318065108679,2.34183540898443,6.00000000000001,-6.49842893030002e-15,6.30221606561376,8.42516639008328,-0,0,0,328.135289625296,1,0
44.68,100,88.2326502511591,78.3649018252965,2.34183625161387,6.00000000000001,-6.49842893030002e-15,6.30221666910264,8.53201284222355,-0,0,0,328.329035763788,1,0
44.7,100,88.2326502511591,78.4117385586978,2.34183708737245,6.00000000000001,-6.49842893030002e-15,6.30221726767064,8.61504470780972,-0,0,0,328.521667623811,1,0
44.72,100,88.2326502511591,78.458575308746,2.34183791631619,6.00000000000001,-6.51963262817645e-15,6.30221786135786,8.67519576978555,-0,0,0,328.713228898076,1,0
44.74,100,88.2326502511591,78.5054120753054,2.34183873850066,6.00000000000001,-6.54083632605287e-15,6.30221845020411,8.7133631969426,-0,0,0,328.903761566068,1,0
44.76,100,88.2326502511591,78.5522488582413,2.34183955398098,6.00000000000001,-6.51963262817645e-15,6.30221903424887,8.73040897958652,-0,0,0,329.093305961222,1,0
44.78,100,88.2326502511591,78.5990856574203,2.34184036281181,6.00000000000001,-6.56204002392929e-15,6.30221961353128,8.72716130890164,-0,0,0,329.281900835468,1,0
44.8,100,88.3320604327143,78.6459224727098,2.34184116504738,6.00000000000001,-6.58324372180572e-15,6.30222018809019,8.70441590223568,-0,0,0,329.469583421241,1,0
44.82,100,88.3320604327143,78.6927593039786,2.34184196074146,6.00000000000001,-6.61504926862035e-15,6.30222075796409,8.70458944521279,-0,0,0,329.658338455505,1,0
44.84,100,88.3320604327143,78.7395961510962,2.34184274994739,6.00000000000001,-6.62565111755856e-15,6.30222132319121,8.68513110386656,-0,0,0,329.846174923679,1,0
44.86,100,88.3320604327143,78.7864330139336,2.34184353271808,6.00000000000001,-6.63625296649677e-15,6.30222188380942,8.64681065506122,-0,0,0,330.033128844413,1,0
44.88,100,88.3320604327143,78.8332698923624,2.341844309106,6.00000000000001,-6.63625296649677e-15,6.3022224398563,8.59036769228297,-0,0,0,330.219234824037,1,0
44.9,100,88.3320604327143,78.8801067862556,2.34184507916319,6.00000000000001,-6.60444741968214e-15,6.30222299136914,8.51651280914098,-0,0,0,330.404526111937,1,0
44.92,100,88.3320604327143,78.9269436954871,2.34184584294128,6.00000000000001,-6.62565111755856e-15,6.30222353838491,8.42592873647806,-0,0,0,330.589034653763,1,0
44.94,100,88.3320604327143,78.9737806199317,2.34184660049147,6.00000000000001,-6.6574566643732e-15,6.30222408094026,8.31927143487992,-0,0,0,330.772791142549,1,0
44.96,100,88.3320604327143,79.0206175594655,2.34184735186454,6.00000000000001,-6.63625296649677e-15,6.30222461907158,8.1971711443506,-0,0,0,330.955825067829,1,0
44.98,100,88.3320604327143,79.0674545139655,2.34184809711086,6.00000000000001,-6.61504926862035e-15,6.30222515281494,8.06023339283717,-0,0,0,331.138164762826,1,0
45,100,89.1904027246742,79.1142914833095,2.34184883628038,6.00000000000001,-6.62565111755856e-15,6.30222568220612,7.90903996519459,0,0,0,331.319837449792,1,0
45.02,100,89.1904027246742,79.1611284673765,2.34184956942266,6.00000000000001,-6.63625296649677e-15,6.3022262072806,8.10378923401046,0,0,0,331.517697324543,1,0
45.04,100,89.1904027246742,79.2079654660465,2.34185029658684,6.00000000000001,-6.60444741968214e-15,6.30222672807358,8.27127719229733,0,0,0,331.714281638488,1,0
45.06,100,89.1904027246742,79.2548024792004,2.34185101782168,6.00000000000001,-6.60444741968214e-15,6.30222724461998,8.41257277102104,0,0,0,331.909640408148,1,0
45.08,100,89.1904027246742,79.3016395067202,2.34185173317551,6.00000000000001,-6.56204002392929e-15,6.30222775695443,8.52870298776236,0,0,0,332.103821688861,1,0
45.1,100,89.1904027246742,79.3484765484886,2.34185244269629,6.00000000000001,-6.53023447711466e-15,6.30222826511126,8.62065459017453,0,0,0,332.296871651678,1,0
45.12,100,89.1904027246742,79.3953136043895,2.34185314643159,6.00000000000001,-6.49842893030002e-15,6.30222876912454,8.6893756349803,0,0,0,332.48883465725,1,0
45.14,100,89.1904027246742,79.4421506743076,2.34185384442858,6.00000000000001,-6.50903077923824e-15,6.30222926902806,8.73577700507355,0,0,0,332.679753326814,1,0
45.16,100,89.1904027246742,79.4889877581287,2.34185453673405,6.00000000000001,-6.54083632605287e-15,6.30222976485533,8.76073386711995,0,0,0,332.869668610394,1,0
45.18,100,89.1904027246742,79.5358248557393,2.34185522339441,6.00000000000001,-6.5620400239293e-15,6.30223025663958,8.76508707201555,0,0,0,333.058619852334,1,0
45.2,100,89.2466639028439,79.5826619670271,2.3418559044557,6.00000000000001,-6.58324372180572e-15,6.3022307444138,8.74964450041711,0,0,0,333.246644854254,1,0
45.22,100,89.2466639028439,79.6294990918805,2.34185657996355,6.00000000000001,-6.58324372180572e-15,6.30223122821066,8.73875539456959,0,0,0,333.434882951698,1,0
45.24,100,89.2466639028439,79.6763362301889,2.34185724996327,6.00000000000001,-6.60444741968214e-15,6.30223170806261,8.70866817123083,0,0,0,333.62222277391,1,0
45.26,100,89.2466639028439,79.7231733818426,2.34185791449976,6.00000000000001,-6.60444741968214e-15,6.30223218400182,8.66013559906884,0,0,0,333.808699543751,1,0
45.28,100,89.2466639028439,79.7700105467328,2.34185857361757,6.00000000000001,-6.62565111755857e-15,6.30223265606018,8.59388093027845,0,0,0,333.994347102962,1,0
45.3,100,89.2466639028439,79.8168477247515,2.34185922736089,6.00000000000001,-6.62565111755857e-15,6.30223312426934,8.51059905792943,0,0,0,334.179197966327,1,0
45.32,100,89.2466639028439,79.8636849157917,2.34185987577353,6.00000000000001,-6.62565111755857e-15,6.30223358866068,8.41095762794625,0,0,0,334.363283373694,1,0
45.34,100,89.2466639028439,79.9105221197472,2.34186051889897,6.00000000000001,-6.64685481543499e-15,6.30223404926535,8.29559810748946,0,0,0,334.546633339976,1,0
45.36,100,89.2466639028439,79.9573593365127,2.34186115678032,6.00000000000001,-6.61504926862036e-15,6.30223450611422,8.16513681143151,0,0,0,334.729276703173,1,0
45.38,100,89.2466639028439,80.0041965659837,2.34186178946033,6.00000000000001,-6.63625296649678e-15,6.3022349592379,8.0201658885954,0,0,0,334.911241170526,1,0
45.4,100,90.1506086250257,80.0510338080567,2.34186241698143,6.00000000000001,-6.61504926862036e-15,6.30223540866678,7.86125426932097,0,0,0,335.09255336285,1,0
45.42,100,90.1506086250257,80.0978710626289,2.34186303938567,6.00000000000001,-6.61504926862036e-15,6.30223585443098,8.0676950741096,0,0,0,335.29096094652,1,0
45.44,100,90.1506086250257,80.1447083295983,2.34186365671478,6.00000000000001,-6.62565111755857e-15,6.30223629656039,8.246416131332,0,0,0,335.488071513198,1,0
45.46,100,90.1506086250257,80.1915456088639,2.34186426901015,6.00000000000001,-6.62565111755857e-15,6.30223673508464,8.39850434756722,0,0,0,335.683935920553,1,0
45.48,100,90.1506086250257,80.2383829003254,2.34186487631281,6.00000000000001,-6.63625296649678e-15,6.30223717003314,8.52500401118132,0,0,0,335.878603032092,1,0
45.5,100,90.1506086250257,80.2852202038834,2.34186547866349,6.00000000000001,-6.62565111755857e-15,6.30223760143503,8.62691846340722,0,0,0,336.072119795344,1,0
45.52,100,90.1506086250257,80.3320575194392,2.34186607610255,6.00000000000001,-6.62565111755857e-15,6.30223802931924,8.70521170391236,0,0,0,336.264531316995,1,0
45.54,100,90.1506086250257,80.3788948468951,2.34186666867005,6.00000000000001,-6.63625296649678e-15,6.30223845371445,8.76080993340006,0,0,0,336.455880935066,1,0
45.56,100,90.1506086250257,80.4257321861538,2.34186725640571,6.00000000000001,-6.60444741968215e-15,6.30223887464911,8.7946030357232,0,0,0,336.646210288261,1,0
45.58,100,90.1506086250257,80.4725695371193,2.34186783934893,6.00000000000001,-6.62565111755857e-15,6.30223929215144,8.80744600189575,0,0,0,336.8355593826,1,0
45.6,100,90.1506086250257,80.5194068996961,2.34186841753879,6.00000000000001,-6.63625296649678e-15,6.30223970624942,8.80016029825612,0,0,1,337.023966655438,1,0
45.62,100,90.1506086250257,80.5662442737895,2.34186899101405,6.00000000000001,-6.63625296649678e-15,6.30224011697082,8.7735351809886,0,0,0,337.211469036973,1,0
45.64,100,90.1506086250257,80.6130816593055,2.34186955981314,6.00000000000001,-6.62565111755857e-15,6.30224052434317,8.72832895910305,0,0,0,337.398102009343,1,0
45.66,100,90.1506086250257,80.6599190561511,2.34187012397421,6.00000000000001,-6.64685481543499e-15,6.30224092839377,8.6652702078895,0,0,0,337.583899663404,1,0
45.68,100,90.1506086250257,80.7067564642338,2.34187068353507,6.00000000000001,-6.62565111755857e-15,6.30224132914971,8.58505893479848,0,0,0,337.768894753282,1,0
45.7,100,90.1506086250257,80.753593883462,2.34187123853322,6.00000000000001,-6.64685481543499e-15,6.30224172663786,8.48836769959319,0,0,0,337.953118748791,1,0
45.72,100,90.1506086250257,80.8004313137449,2.34187178900588,6.00000000000001,-6.64685481543499e-15,6.30224212088486,8.37584269059377,0,0,0,338.136601885788,1,0
45.74,100,90.1506086250257,80.8472687549923,2.34187233498994,6.00000000000001,-6.63625296649678e-15,6.30224251191714,8.24810475872298,0,0,0,338.319373214559,1,0
45.76,100,90.1506086250257,80.8941062071148,2.34187287652201,6.00000000000001,-6.63625296649678e-15,6.30224289976092,8.10575041098486,0,0,0,338.501460646305,1,0
45.78,100,90.1506086250257,80.9409436700238,2.34187341363839,6.00000000000001,-6.61504926862036e-15,6.30224328444219,7.94935276501464,0,0,0,338.682890997808,1,0
45.8,100,91.1226566759666,80.9877811436312,2.34187394637508,6.00000000000001,-6.64685481543499e-15,6.30224366598674,7.7794624661891,0,0,0,338.86369003434,1,0
45.82,100,91.1226566759666,81.0346186278498,2.3418744747678,6.00000000000001,-6.66805851331142e-15,6.30224404442015,8.00388988407125,0,0,0,339.06293978511,1,0
45.84,100,91.1226566759666,81.0814561225932,2.34187499885197,6.00000000000001,-6.6574566643732e-15,6.30224441976778,8.19989228465973,0,0,0,339.260859513844,1,0
45.86,100,91.1226566759666,81.1282936277754,2.34187551866271,6.00000000000001,-6.6574566643732e-15,6.3022447920548,8.36858422858961,0,0,0,339.457501372221,1,0
45.88,100,91.1226566759666,81.1751311433114,2.34187603423488,6.00000000000001,-6.6574566643732e-15,6.30224516130617,8.51103657395339,0,0,0,339.652915467017,1,0
45.9,100,91.1226566759666,81.2219686691168,2.34187654560303,6.00000000000001,-6.66805851331142e-15,6.30224552754663,8.62827818989955,0,0,0,339.847149940287,1,0
45.92,100,91.1226566759666,81.2688062051078,2.34187705280145,6.00000000000001,-6.66805851331142e-15,6.30224589080074,8.72129760304322,0,0,0,340.040251046403,1,0
45.94,100,91.1226566759666,81.3156437512013,2.34187755586414,6.00000000000001,-6.64685481543499e-15,6.30224625109285,8.79104457931709,0,0,0,340.23226322607,1,0
45.96,100,91.1226566759666,81.362481307315,2.34187805482482,6.00000000000001,-6.6574566643732e-15,6.30224660844711,8.83843164380634,0,0,0,340.423229177444,1,0
45.98,100,91.1226566759666,81.4093188733672,2.34187854971693,6.00000000000001,-6.64685481543499e-15,6.30224696288748,8.86433554097034,0,0,0,340.613189924455,1,0
46,100,91.1226566759666,81.4561564492768,2.34187904057366,6.00000000000001,-6.6574566643732e-15,6.30224731443772,8.86959863763587,0,0,1,340.802184882456,1,0
46.02,100,91.1226566759666,81.5029940349634,2.34187952742791,6.00000000000001,-6.64685481543499e-15,6.30224766312139,8.85503027095385,0,0,0,340.990251921295,1,0
46.04,100,91.1226566759666,81.5498316303474,2.34188001031231,6.00000000000001,-6.6574566643732e-15,6.30224800896187,8.82140804351307,0,0,0,341.177427425919,1,0
46.06,100,91.1226566759666,81.5966692353497,2.34188048925924,6.00000000000001,-6.6574566643732e-15,6.30224835198234,8.76947906767255,0,0,0,341.363746354592,1,0
46.08,100,91.1226566759666,81.6435068498918,2.34188096430079,6.00000000000001,-6.6574566643732e-15,6.30224869220579,8.69996116109748,0,0,0,341.549242294841,1,0
46.1,100,91.1226566759666,81.6903444738959,2.34188143546883,6.00000000000001,-6.64685481543499e-15,6.30224902965504,8.61354399542132,0,0,0,341.7339475172,1,0
46.12,100,91.1226566759666,81.7371821072849,2.34188190279492,6.00000000000001,-6.64685481543499e-15,6.3022493643527,8.51089019987159,0,0,0,341.917893026853,1,0
46.14,100,91.1226566759666,81.7840197499823,2.34188236631041,6.00000000000001,-6.64685481543499e-15,6.30224969632121,8.39263642161003,0,0,0,342.101108613247,1,0
46.16,100,91.1226566759666,81.8308574019121,2.34188282604635,6.00000000000001,-6.64685481543499e-15,6.30225002558282,8.25939434451157,0,0,0,342.283622897763,1,0
46.18,100,91.1226566759666,81.8776950629991,2.34188328203357,6.00000000000001,-6.64685481543499e-15,6.30225035215962,8.11175166798211,0,0,0,342.465463379515,1,0
46.2,100,91.9805194347009,81.9245327331687,2.34188373430264,6.00000000000001,-6.64685481543499e-15,6.30225067607348,7.95027304740858,0,0,0,342.646656479358,1,0
46.22,100,91.9805194347009,81.9713704123467,2.34188418288388,6.00000000000001,-6.63625296649678e-15,6.30225099734612,8.13493947650232,0,0,0,342.844046221749,1,0
46.24,100,91.9805194347009,82.0182081004596,2.34188462780735,6.00000000000001,-6.62565111755857e-15,6.30225131599909,8.29273993506813,0,0,0,343.040178888336,1,0
46.26,100,91.9805194347009,82.0650457974348,2.34188506910288,6.00000000000001,-6.63625296649678e-15,6.30225163205373,8.4247278526789,0,0,0,343.235103770419,1,0
46.28,100,91.9805194347009,82.1118835031998,2.34188550680005,6.00000000000001,-6.61504926862036e-15,6.30225194553124,8.53191535334415,0,0,0,343.428868226554,1,0
46.3,100,91.9805194347009,82.158721217683,2.34188594092821,6.00000000000001,-6.64685481543499e-15,6.30225225645263,8.61527487512699,0,0,0,343.621517758334,1,0
46.32,100,91.9805194347009,82.2055589408133,2.34188637151646,6.00000000000001,-6.63625296649678e-15,6.30225256483875,8.67574072625103,0,0,0,343.813096083205,1,0
46.34,100,91.9805194347009,82.2523966725202,2.34188679859366,6.00000000000001,-6.61504926862036e-15,6.30225287071026,8.71421058018541,0,0,0,344.003645204424,1,0
46.36,100,91.9805194347009,82.2992344127338,2.34188722218844,6.00000000000001,-6.61504926862036e-15,6.30225317408767,8.73154691213593,0,0,0,344.193205478268,1,0
46.38,100,91.9805194347009,82.3460721613847,2.34188764232919,6.00000000000001,-6.62565111755857e-15,6.30225347499133,8.72857837915951,0,0,0,344.38181567862,1,0
46.4,100,92.0783439615104,82.3929099184042,2.34188805904409,6.00000000000001,-6.62565111755857e-15,6.30225377344139,8.70610114621752,0,0,0,344.56951305901,1,0
46.42,100,92.0783439615104,82.4397476837239,2.34188847236107,6.00000000000001,-6.63625296649678e-15,6.30225406945786,8.70586795077363,0,0,0,344.758251289471,1,0
46.44,100,92.0783439615104,82.4865854572761,2.34188888230782,6.00000000000001,-6.61504926862036e-15,6.3022543630606,8.68601880091619,0,0,0,344.946071681058,1,0
46.46,100,92.0783439615104,82.5334232389939,2.34188928891184,6.00000000000001,-6.62565111755857e-15,6.30225465426928,8.64732284903779,0,0,0,345.133010223349,1,0
46.48,100,92.0783439615104,82.5802610288105,2.34188969220039,6.00000000000001,-6.64685481543499e-15,6.30225494310342,8.59051908864075,0,0,0,345.319101494746,1,0
46.5,100,92.0783439615104,82.62709882666,2.34189009220048,6.00000000000001,-6.64685481543499e-15,6.30225522958239,8.51631753687238,0,0,0,345.504378717807,1,0
46.52,100,92.0783439615104,82.6739366324768,2.34189048893895,6.00000000000001,-6.61504926862036e-15,6.30225551372539,8.42540037071483,0,0,0,345.688873812412,1,0
46.54,100,92.0783439615104,82.7207744461959,2.34189088244238,6.00000000000001,-6.63625296649678e-15,6.30225579555146,8.31842301861738,0,0,0,345.872617446838,1,0
46.56,100,92.0783439615104,82.7676122677531,2.34189127273716,6.00000000000001,-6.62565111755857e-15,6.3022560750795,8.19601520930069,0,0,0,346.055639086838,1,0
46.58,100,92.0783439615104,82.8144500970842,2.34189165984944,6.00000000000001,-6.63625296649678e-15,6.30225635232825,8.05878197948357,0,0,0,346.23796704279,1,0
46.6,100,92.938362662904,82.861287934126,2.34189204380518,6.00000000000001,-6.63625296649678e-15,6.3022566273163,7.90730464204824,0,0,0,346.419628515003,1,0
46.62,100,92.938362662904,82.9081257788156,2.34189242463012,6.00000000000001,-6.63625296649678e-15,6.30225690006207,8.1024835199082,0,0,0,346.617510544689,1,0
46.64,100,92.938362662904,82.9549636310905,2.34189280234979,6.00000000000001,-6.63625296649678e-15,6.30225717058385,8.270384224954,0,0,0,346.814116207818,1,0
46.66,100,92.938362662904,83.001801490889,2.3418931769895,6.00000000000001,-6.63625296649678e-15,6.30225743889978,8.41207634946744,0,0,0,347.009495551992,1,0
46.68,100,92.938362662904,83.0486393581497,2.34189354857437,6.00000000000001,-6.63625296649678e-15,6.30225770502784,8.52858754641559,0,0,0,347.203696662416,1,0
46.7,100,92.938362662904,83.0954772328118,2.34189391712931,6.00000000000001,-6.62565111755857e-15,6.30225796898587,8.62090517392521,0,0,0,347.396765738841,1,0
46.72,100,92.938362662904,83.1423151148148,2.34189428267902,6.00000000000001,-6.62565111755857e-15,6.30225823079157,8.68997787525283,0,0,0,347.588747169493,1,0
46.74,100,92.938362662904,83.1891530040991,2.34189464524802,6.00000000000001,-6.6574566643732e-15,6.30225849046248,8.73671709683001,0,0,0,347.779683602112,1,0
46.76,100,92.938362662904,83.2359909006051,2.3418950048606,6.00000000000001,-6.64685481543499e-15,6.30225874801602,8.76199854675483,0,0,0,347.969616012186,1,0
46.78,100,92.938362662904,83.2828288042739,2.34189536154087,6.00000000000001,-6.64685481543499e-15,6.30225900346945,8.76666359612813,0,0,0,348.158583768532,1,0
46.8,100,92.9928526742586,83.3296667150473,2.34189571531275,6.00000000000001,-6.63625296649678e-15,6.3022592568399,8.75152062541849,0,0,0,348.346624696285,1,0
46.82,100,92.9928526742586,83.3765046328672,2.34189606619994,6.00000000000001,-6.63625296649678e-15,6.30225950814434,8.74017725060697,0,0,0,348.534843429363,1,0
46.84,100,92.9928526742586,83.4233425576762,2.34189641422598,6.00000000000001,-6.62565111755857e-15,6.30225975739963,8.70965355470802,0,0,0,348.722164704506,1,0
46.86,100,92.9928526742586,83.4701804894173,2.34189675941418,6.00000000000001,-6.6574566643732e-15,6.30226000462247,8.66070160871539,0,0,0,348.908623712053,1,0
46.88,100,92.9928526742586,83.517018428034,2.3418971017877,6.00000000000001,-6.67866036224962e-15,6.30226024982943,8.59404399449854,0,0,0,349.094254262506,1,0
46.9,100,92.9928526742586,83.5638563734702,2.34189744136948,6.00000000000001,-6.67866036224962e-15,6.30226049303697,8.5103749610858,0,0,0,349.279088840636,1,0
46.92,100,92.9928526742586,83.6106943256704,2.34189777818228,6.00000000000001,-6.63625296649678e-15,6.30226073426137,8.41036153561489,0,0,0,349.463158657461,1,0
46.94,100,92.9928526742586,83.6575322845792,2.34189811224868,6.00000000000001,-6.63625296649678e-15,6.3022609735188,8.29464459071774,0,0,0,349.646493700196,1,0
46.96,100,92.9928526742586,83.7043702501421,2.34189844359108,6.00000000000001,-6.64685481543499e-15,6.30226121082532,8.16383987004937,0,0,0,349.829122780234,1,0
46.98,100,92.9928526742586,83.7512082223048,2.3418987722317,6.00000000000001,-6.64685481543499e-15,6.30226144619682,8.01853897362028,0,0,0,350.011073579255,1,0
47,100,93.8986697742694,83.7980462010135,2.34189909819255,6.00000000000001,-6.66805851331141e-15,6.30226167964909,7.85931030446467,0,0,0,350.19237269352,1,0
47.02,100,93.8986697742694,83.8448841862148,2.34189942149549,6.00000000000001,-6.68926221118784e-15,6.30226191119776,8.06623098963622,0,0,0,350.390804474308,1,0
47.04,100,93.8986697742694,83.8917221778558,2.3418997421622,6.00000000000001,-6.68926221118784e-15,6.30226214085838,8.24541309636541,0,0,0,350.587938342769,1,0
47.06,100,93.8986697742694,83.9385601758839,2.34190006021417,6.00000000000001,-6.6574566643732e-15,6.30226236864632,8.39794426971928,0,0,0,350.783825191244,1,0
47.08,100,93.8986697742694,83.9853981802471,2.34190037567272,6.00000000000001,-6.63625296649678e-15,6.30226259457686,8.52486950759319,0,0,0,350.978513916553,1,0
47.1,100,93.8986697742694,84.0322361908936,2.34190068855899,6.00000000000001,-6.63625296649678e-15,6.30226281866515,8.62719283292744,0,0,0,351.172051498238,1,0
47.12,100,93.8986697742694,84.0790742077724,2.34190099889397,6.00000000000001,-6.63625296649678e-15,6.30226304092621,8.70587890037081,0,0,0,351.364483073747,1,0
47.14,100,93.8986697742694,84.1259122308325,2.34190130669846,6.00000000000001,-6.63625296649678e-15,6.30226326137493,8.76185453991358,0,0,0,351.555852010655,1,0
47.16,100,93.8986697742694,84.1727502600236,2.34190161199308,6.00000000000001,-6.62565111755857e-15,6.3022634800261,8.79601024003194,0,0,0,351.746199976071,1,0
47.18,100,93.8986697742694,84.2195882952957,2.34190191479831,6.00000000000001,-6.63625296649678e-15,6.30226369689437,8.80920157264659,0,0,0,351.935567003305,1,0
47.2,100,93.8986697742694,84.2664263365991,2.34190221513444,6.00000000000001,-6.63625296649678e-15,6.30226391199428,8.80225056222553,0,0,1,352.12399155594,1,0
47.22,100,93.8986697742694,84.3132643838847,2.34190251302161,6.00000000000001,-6.63625296649678e-15,6.30226412534025,8.77594700120214,0,0,0,352.311510589372,1,0
47.24,100,93.8986697742694,84.3601024371038,2.34190280847979,6.00000000000001,-6.63625296649678e-15,6.30226433694658,8.73104971380397,0,0,0,352.498159609955,1,0
47.26,100,93.8986697742694,84.4069404962079,2.34190310152878,6.00000000000001,-6.64685481543499e-15,6.30226454682746,8.66828777033461,0,0,0,352.683972731813,1,0
47.28,100,93.8986697742694,84.453778561149,2.34190339218822,6.00000000000001,-6.64685481543499e-15,6.30226475499695,8.58836165384635,0,0,0,352.868982731435,1,0
47.3,100,93.8986697742694,84.5006166318796,2.34190368047761,6.00000000000001,-6.63625296649678e-15,6.30226496146902,8.49194438106331,0,0,0,353.053221100119,1,0
47.32,100,93.8986697742694,84.5474547083524,2.34190396641626,6.00000000000001,-6.60444741968215e-15,6.30226516625749,8.37968257933982,0,0,0,353.23671809437,1,0
47.34,100,93.8986697742694,84.5942927905207,2.34190425002335,6.00000000000001,-6.61504926862036e-15,6.30226536937611,8.25219752141612,0,0,0,353.419502784316,1,0
47.36,100,93.8986697742694,84.6411308783379,2.34190453131789,6.00000000000001,-6.62565111755857e-15,6.30226557083848,8.11008611957851,0,0,0,353.601603100223,1,0
47.38,100,93.8986697742694,84.6879689717581,2.34190481031872,6.00000000000001,-6.63625296649678e-15,6.30226577065811,7.9539218808525,0,0,0,353.783045877194,1,0
47.4,100,94.8689583715605,84.7348070707355,2.34190508704457,6.00000000000001,-6.63625296649678e-15,6.3022659688484,7.78425582473033,0,0,0,353.963856898109,1,0
47.42,100,94.8689583715605,84.7816451752248,2.34190536151397,6.00000000000001,-6.62565111755857e-15,6.30226616542263,8.00816148148834,0,0,0,354.163083714513,1,0
47.44,100,94.8689583715605,84.8284832851812,2.34190563374533,6.00000000000001,-6.6574566643732e-15,6.30226636039398,8.20366256718905,0,0,0,354.360981453527,1,0
47.46,100,94.8689583715605,84.8753214005599,2.3419059037569,6.00000000000001,-6.6574566643732e-15,6.30226655377552,8.37187284086193,0,0,0,354.557602229417,1,0
47.48,100,94.8689583715605,84.9221595213167,2.34190617156677,6.00000000000001,-6.6574566643732e-15,6.30226674558021,8.51386239042198,0,0,0,354.75299611302,1,0
47.5,100,94.8689583715605,84.968997647408,2.3419064371929,6.00000000000001,-6.6574566643732e-15,6.30226693582091,8.63065934503727,0,0,0,354.947211211863,1,0
47.52,100,94.8689583715605,85.01583577879,2.34190670065309,6.00000000000001,-6.64685481543499e-15,6.30226712451037,8.72325152035892,0,0,0,355.140293747146,1,0
47.54,100,94.8689583715605,85.0626739154198,2.34190696196501,6.00000000000001,-6.62565111755857e-15,6.30226731166125,8.79258799923216,0,0,0,355.332288127709,1,0
47.56,100,94.8689583715605,85.1095120572544,2.34190722114617,6.00000000000001,-6.6574566643732e-15,6.30226749728608,8.83958065043527,0,0,0,355.523237021091,1,0
47.58,100,94.8689583715605,85.1563502042515,2.34190747821396,6.00000000000001,-6.6574566643732e-15,6.30226768139732,8.86510558786153,0,0,0,355.71318142181,1,0
47.6,100,94.8689583715605,85.203188356369,2.34190773318559,6.00000000000001,-6.6574566643732e-15,6.3022678640073,8.87000457248083,0,0,1,355.902160716965,1,0
47.62,100,94.8689583715605,85.2500265135651,2.34190798607816,6.00000000000001,-6.64685481543499e-15,6.30226804512827,8.85508635935761,0,0,0,356.090212749258,1,0
47.64,100,94.8689583715605,85.2968646757984,2.34190823690863,6.00000000000001,-6.63625296649678e-15,6.30226822477236,8.82112799181436,0,0,0,356.277373877559,1,0
47.66,100,94.8689583715605,85.3437028430278,2.34190848569381,6.00000000000001,-6.60444741968214e-15,6.30226840295162,8.76887604486103,0,0,0,356.46367903508,1,0
47.68,100,94.8689583715605,85.3905410152126,2.34190873245038,6.00000000000001,-6.62565111755857e-15,6.30226857967799,8.6990478198964,0,0,0,356.649161785279,1,0
47.7,100,94.8689583715605,85.4373791923124,2.34190897719487,6.00000000000001,-6.6574566643732e-15,6.30226875496332,8.61233249252501,0,0,0,356.833854375571,1,0
47.72,100,94.8689583715605,85.4842173742871,2.3419092199437,6.00000000000001,-6.62565111755857e-15,6.30226892881937,8.50939221539151,0,0,0,357.017787788929,1,0
47.74,100,94.8689583715605,85.5310555610969,2.34190946071314,6.00000000000001,-6.63625296649678e-15,6.30226910125777,8.39086317776524,0,0,0,357.200991793461,1,0
47.76,100,94.8689583715605,85.5778937527025,2.34190969951933,6.00000000000001,-6.61504926862036e-15,6.30226927229011,8.25735662357662,0,0,0,357.383494990049,1,0
47.78,100,94.8689583715605,85.6247319490647,2.34190993637827,6.00000000000001,-6.58324372180572e-15,6.30226944192783,8.10945982954533,0,0,0,357.565324858117,1,0
47.8,100,95.7288691487887,85.6715701501448,2.34191017130585,6.00000000000001,-6.58324372180572e-15,6.30226961018231,7.94773704494062,0,0,0,357.7465077996,1,0
47.82,100,95.7288691487887,85.7184083559042,2.34191040431781,6.00000000000001,-6.58324372180572e-15,6.30226977706484,8.13302697865725,0,0,0,357.943927972761,1,0
47.84,100,95.7288691487887,85.7652465663048,2.34191063542978,6.00000000000001,-6.55143817499109e-15,6.30226994258659,8.29142648343376,0,0,0,358.140089915431,1,0
47.86,100,95.7288691487887,85.8120847813088,2.34191086465724,6.00000000000001,-6.55143817499109e-15,6.30227010675867,8.42398994795425,0,0,0,358.335042963873,1,0
47.88,100,95.7288691487887,85.8589230008787,2.34191109201556,6.00000000000001,-6.48782708136182e-15,6.30227026959207,8.53173041773537,0,0,0,358.528834519843,1,0
47.9,100,95.7288691487887,85.9057612249771,2.34191131751999,6.00000000000001,-6.45602153454718e-15,6.30227043109772,8.61562121620814,0,0,0,358.721510126445,1,0
47.92,100,95.7288691487887,85.9525994535672,2.34191154118563,6.00000000000001,-6.42421598773255e-15,6.30227059128644,8.67659750225134,0,0,0,358.913113541011,1,0
47.94,100,95.7288691487887,85.9994376866124,2.3419117630275,6.00000000000001,-6.42421598773255e-15,6.30227075016897,8.715557766642,0,0,0,359.103686805118,1,0
47.96,100,95.7288691487887,86.0462759240763,2.34191198306044,6.00000000000001,-6.42421598773255e-15,6.30227090775596,8.7333652698314,0,0,0,359.293270311869,1,0
47.98,100,95.7288691487887,86.0931141659228,2.34191220129922,6.00000000000001,-6.39241044091791e-15,6.30227106405797,8.73084942333782,0,0,0,359.481902870528,1,0
48,100,95.8241233207512,86.1399524121164,2.34191241775847,6.00000000000001,-6.39241044091791e-15,6.30227121908549,8.7088071170033,0,0,0,359.669621768622,1,0
48.02,100,95.8241233207512,86.1867906626214,2.34191263245269,6.00000000000001,-6.36060489410328e-15,6.3022713728489,8.70791482409064,0,0,0,359.858330316325,1,0
48.04,100,95.8241233207512,86.2336289174028,2.34191284539628,6.00000000000001,-6.36060489410328e-15,6.30227152535851,8.68743241071916,0,0,0,360.046122224523,1,0
48.06,100,95.8241233207512,86.2804671764257,2.34191305660351,6.00000000000001,-6.35000304516507e-15,6.30227167662455,8.64812801639421,0,0,0,360.233033435479,1,0
48.08,100,95.8241233207512,86.3273054396554,2.34191326608854,6.00000000000001,-6.36060489410328e-15,6.30227182665715,8.59073966144853,0,0,0,360.419098482133,1,0
48.1,100,95.8241233207512,86.3741437070578,2.34191347386542,6.00000000000001,-6.39241044091791e-15,6.30227197546637,8.51597642801762,0,0,0,360.604350543371,1,0
48.12,100,95.8241233207512,86.4209819785988,2.34191367994807,6.00000000000001,-6.41361413879434e-15,6.3022721230622,8.42451959473621,0,0,0,360.788821497111,1,0
48.14,100,95.8241233207512,86.4678202542445,2.3419138843503,6.00000000000001,-6.41361413879434e-15,6.30227226945452,8.31702372691964,0,0,0,360.972541971318,1,0
48.16,100,95.8241233207512,86.5146585339617,2.34191408708582,6.00000000000001,-6.41361413879434e-15,6.30227241465314,8.1941177240165,0,0,0,361.155541393015,1,0
48.18,100,95.8241233207512,86.5614968177169,2.34191428816823,6.00000000000001,-6.39241044091791e-15,6.3022725586678,8.05640582596747,0,0,0,361.337848035373,1,0
48.2,100,96.68685882741,86.6083351054775,2.34191448761099,6.00000000000001,-6.41361413879434e-15,6.30227270150816,7.90446858013468,0,0,0,361.519489062952,1,0
48.22,100,96.68685882741,86.6551733972105,2.34191468542748,6.00000000000001,-6.41361413879434e-15,6.30227284318378,8.10034389626724,0,0,0,361.717404746348,1,0
48.24,100,96.68685882741,86.7020116928838,2.34191488163096,6.00000000000001,-6.42421598773255e-15,6.30227298370418,8.2689137229815,0,0,0,361.91404277631,1,0
48.26,100,96.68685882741,86.7488499924651,2.34191507623459,6.00000000000001,-6.44541968560897e-15,6.30227312307876,8.41124872373016,0,0,0,362.109453250632,1,0
48.28,100,96.68685882741,86.7956882959226,2.3419152692514,6.00000000000001,-6.45602153454719e-15,6.30227326131686,8.52837758065204,0,0,0,362.303684302744,1,0
48.3,100,96.68685882741,86.8425266032247,2.34191546069433,6.00000000000001,-6.49842893030003e-15,6.30227339842777,8.6212886406846,0,0,0,362.496782178735,1,0
48.32,100,96.68685882741,86.88936491434,2.34191565057623,6.00000000000001,-6.49842893030003e-15,6.30227353442066,8.69093149713165,0,0,0,362.688791311357,1,0
48.34,100,96.68685882741,86.9362032292374,2.34191583890982,6.00000000000001,-6.51963262817646e-15,6.30227366930466,8.73821850920832,0,0,0,362.879754391125,1,0
48.36,100,96.68685882741,86.9830415478861,2.34191602570772,6.00000000000001,-6.57264187286751e-15,6.3022738030888,8.76402626201771,0,0,0,363.069712434635,1,0
48.38,100,96.68685882741,87.0298798702555,2.34191621098246,6.00000000000001,-6.57264187286751e-15,6.30227393578205,8.76919696926807,0,0,0,363.258704850195,1,0
48.4,100,96.7384778577179,87.0767181963153,2.34191639474645,6.00000000000001,-6.57264187286751e-15,6.30227406739332,8.75453982099915,0,0,0,363.446769500891,1,0
48.42,100,96.7384778577179,87.1235565260354,2.34191657701202,6.00000000000001,-6.58324372180573e-15,6.30227419793142,8.74246029009592,0,0,0,363.634954770714,1,0
48.44,100,96.7384778577179,87.1703948593859,2.34191675779138,6.00000000000001,-6.60444741968215e-15,6.3022743274051,8.71122929502527,0,0,0,363.822243924847,1,0
48.46,100,96.7384778577179,87.2172331963372,2.34191693709665,6.00000000000001,-6.60444741968215e-15,6.30227445582304,8.66159777535435,0,0,0,364.008672100752,1,0
48.48,100,96.7384778577179,87.26407153686,2.34191711493986,6.00000000000001,-6.63625296649678e-15,6.30227458319385,8.59428722587669,0,0,0,364.194273058133,1,0
48.5,100,96.7384778577179,87.3109098809252,2.34191729133292,6.00000000000001,-6.62565111755857e-15,6.30227470952608,8.50999085119036,0,0,0,364.379079232951,1,0
48.52,100,96.7384778577179,87.3577482285038,2.34191746628765,6.00000000000001,-6.66805851331142e-15,6.30227483482818,8.40937467493869,0,0,0,364.563121789335,1,0
48.54,100,96.7384778577179,87.4045865795672,2.3419176398158,6.00000000000001,-6.63625296649678e-15,6.30227495910855,8.29307860561054,0,0,0,364.746430669449,1,0
48.56,100,96.7384778577179,87.451424934087,2.34191781192898,6.00000000000001,-6.63625296649678e-15,6.30227508237554,8.16171746052381,0,0,0,364.929034641405,1,0
48.58,100,96.7384778577179,87.498263292035,2.34191798263873,6.00000000000001,-6.62565111755857e-15,6.3022752046374,8.01588194967107,0,0,0,365.1109613453,1,0
48.6,100,97.6473294340525,87.5451016533832,2.34191815195651,6.00000000000001,-6.63625296649678e-15,6.30227532590232,7.85613962096778,0,0,0,365.292237337444,1,0
48.62,100,97.6473294340525,87.591940018104,2.34191831989366,6.00000000000001,-6.60444741968215e-15,6.30227544617845,8.06383820417509,0,0,0,365.49070642249,1,0
48.64,100,97.6473294340525,87.6387783861699,2.34191848646144,6.00000000000001,-6.63625296649678e-15,6.30227556547383,8.24376769959069,0,0,0,365.687876160252,1,0
48.66,100,97.6473294340525,87.6856167575534,2.34191865167101,6.00000000000001,-6.63625296649678e-15,6.30227568379647,8.39701694863264,0,0,0,365.88379749911,1,0
48.68,100,97.6473294340525,87.7324551322277,2.34191881553344,6.00000000000001,-6.62565111755857e-15,6.30227580115429,8.52463209863513,0,0,0,366.078519389725,1,0
48.7,100,97.6473294340525,87.7792935101659,2.34191897805974,6.00000000000001,-6.60444741968215e-15,6.30227591755518,8.62761827691336,0,0,0,366.272088863377,1,0
48.72,100,97.6473294340525,87.8261318913413,2.34191913926078,6.00000000000001,-6.61504926862036e-15,6.30227603300692,8.70694119917438,0,0,0,366.464551107219,1,0
48.74,100,97.6473294340525,87.8729702757275,2.34191929914738,6.00000000000001,-6.62565111755857e-15,6.30227614751726,8.76352871487304,0,0,0,366.655949536587,1,0
48.76,100,97.6473294340525,87.9198086632985,2.34191945773024,6.00000000000001,-6.62565111755857e-15,6.30227626109387,8.79827229197019,0,0,0,366.846325864479,1,0
48.78,100,97.6473294340525,87.9666470540281,2.34191961502002,6.00000000000001,-6.62565111755857e-15,6.30227637374437,8.81202844346753,0,0,0,367.035720168298,1,0
48.8,100,97.6473294340525,88.0134854478907,2.34191977102724,6.00000000000001,-6.63625296649678e-15,6.30227648547631,8.80562009801197,0,0,1,367.224170953989,1,0
48.82,100,97.6473294340525,88.0603238448607,2.34191992576236,6.00000000000001,-6.62565111755857e-15,6.30227659629718,8.77983791676288,0,0,0,367.411715217657,1,0
48.84,100,97.6473294340525,88.1071622449128,2.34192007923577,6.00000000000001,-6.63625296649678e-15,6.30227670621441,8.73544155860517,0,0,0,367.598388504763,1,0
48.86,100,97.6473294340525,88.1540006480218,2.34192023145774,6.00000000000001,-6.60444741968215e-15,6.30227681523537,8.67316089578109,0,0,0,367.784224967013,1,0
48.88,100,97.6473294340525,88.2008390541628,2.34192038243848,6.00000000000001,-6.63625296649678e-15,6.30227692336736,8.59369718182815,0,0,0,367.969257417001,1,0
48.9,100,97.6473294340525,88.2476774633111,2.34192053218811,6.00000000000001,-6.65745666437321e-15,6.30227703061763,8.49772417374646,0,0,0,368.153517380721,1,0
48.92,100,97.6473294340525,88.2945158754422,2.34192068071668,6.00000000000001,-6.65745666437321e-15,6.30227713699338,8.38588921014097,0,0,0,368.33703514801,1,0
48.94,100,97.6473294340525,88.3413542905317,2.34192082803413,6.00000000000001,-6.65745666437321e-15,6.30227724250174,8.25881424711377,0,0,0,368.519839821026,1,0
48.96,100,97.6473294340525,88.3881927085556,2.34192097415034,6.00000000000001,-6.646854815435e-15,6.30227734714977,8.11709685351699,0,0,0,368.70195936081,1,0
48.98,100,97.6473294340525,88.4350311294898,2.34192111907511,6.00000000000001,-6.646854815435e-15,6.30227745094449,7.96131116719462,0,0,0,368.883420632035,1,0
49,100,98.614765915528,88.4818695533107,2.34192126281816,6.00000000000001,-6.66805851331142e-15,6.30227755389286,7.79200881372784,0,0,0,369.064249445993,1,0
49.02,100,98.614765915528,88.5287079799947,2.34192140538911,6.00000000000001,-6.67866036224963e-15,6.30227765600178,8.01506888918798,0,0,0,369.263437464999,1,0
49.04,100,98.614765915528,88.5755464095185,2.34192154679753,6.00000000000001,-6.67866036224963e-15,6.3022777572781,8.20975754291334,0,0,0,369.461297951451,1,0
49.06,100,98.614765915528,88.622384841859,2.34192168705289,6.00000000000001,-6.69986406012606e-15,6.30227785772861,8.37718723418265,0,0,0,369.657882958851,1,0
49.08,100,98.614765915528,88.669223276993,2.34192182616461,6.00000000000001,-6.73166960694069e-15,6.30227795736003,8.51842680212563,0,0,0,369.853242499653,1,0
49.1,100,98.614765915528,88.716061714898,2.34192196414199,6.00000000000001,-6.73166960694069e-15,6.30227805617905,8.6345031760842,0,0,0,370.047424625293,1,0
49.12,100,98.614765915528,88.7629001555512,2.3419221009943,6.00000000000001,-6.71046590906427e-15,6.3022781541923,8.72640301893236,0,0,0,370.240475503082,1,0
49.14,100,98.614765915528,88.8097385989303,2.3419222367307,6.00000000000001,-6.71046590906427e-15,6.30227825140634,8.79507430594053,0,0,0,370.432439490082,1,0
49.16,100,98.614765915528,88.8565770450131,2.3419223713603,6.00000000000001,-6.66805851331142e-15,6.30227834782769,8.84142784173795,0,0,0,370.62335920409,1,0
49.18,100,98.614765915528,88.9034154937774,2.34192250489212,6.00000000000001,-6.63625296649679e-15,6.30227844346281,8.86633871778955,0,0,0,370.813275591831,1,0
49.2,100,98.614765915528,88.9502539452015,2.34192263733511,6.00000000000001,-6.60444741968215e-15,6.30227853831811,8.87064771274383,0,0,1,371.002227994488,1,0
49.22,100,98.614765915528,88.9970923992636,2.34192276869815,6.00000000000001,-6.59384557074394e-15,6.30227863239996,8.85516263784026,0,0,0,371.190254210648,1,0
49.24,100,98.614765915528,89.0439308559423,2.34192289899004,6.00000000000001,-6.59384557074394e-15,6.30227872571465,8.82065962958927,0,0,0,371.377390556798,1,0
49.26,100,98.614765915528,89.0907693152161,2.34192302821953,6.00000000000001,-6.62565111755857e-15,6.30227881826846,8.76788439175721,0,0,0,371.563671925428,1,0
49.28,100,98.614765915528,89.137607777064,2.34192315639527,6.00000000000001,-6.62565111755857e-15,6.30227891006757,8.69755338864611,0,0,0,371.749131840878,1,0
49.3,100,98.614765915528,89.184446241465,2.34192328352585,6.00000000000001,-6.62565111755857e-15,6.30227900111814,8.61035499159481,0,0,0,371.933802512973,1,0
49.32,100,98.614765915528,89.2312847083982,2.34192340961981,6.00000000000001,-6.63625296649679e-15,6.30227909142628,8.5069505805106,0,0,0,372.117714888576,1,0
49.34,100,98.614765915528,89.2781231778429,2.34192353468558,6.00000000000001,-6.62565111755857e-15,6.30227918099805,8.38797560223075,0,0,0,372.3008987011,1,0
49.36,100,98.614765915528,89.3249616497788,2.34192365873156,6.00000000000001,-6.65745666437321e-15,6.30227926983943,8.25404058736697,0,0,0,372.483382518097,1,0
49.38,100,98.614765915528,89.3718001241855,2.34192378176606,6.00000000000001,-6.646854815435e-15,6.3022793579564,8.10573212727895,0,0,0,372.665193786964,1,0
49.4,100,99.4779949384711,89.4186386010428,2.34192390379732,6.00000000000001,-6.63625296649678e-15,6.30227944535486,7.9436138127551,0,0,0,372.846358878873,1,0
49.42,100,99.4779949384711,89.4654770803307,2.34192402483354,6.00000000000001,-6.62565111755857e-15,6.30227953204066,8.12991404171908,0,0,0,373.04382697766,1,0
49.44,100,99.4779949384711,89.5123155620295,2.34192414488281,6.00000000000001,-6.62565111755857e-15,6.30227961801962,8.28928422206527,0,0,0,373.240034986776,1,0
49.46,100,99.4779949384711,89.5591540461195,2.3419242639532,6.00000000000001,-6.62565111755857e-15,6.3022797032975,8.42278029604103,0,0,0,373.435032315219,1,0
49.48,100,99.4779949384711,89.6059925325812,2.34192438205268,6.00000000000001,-6.646854815435e-15,6.30227978788002,8.53141680180128,0,0,0,373.628866434631,1,0
49.5,100,99.4779949384711,89.6528310213952,2.34192449918916,6.00000000000001,-6.63625296649678e-15,6.30227987177285,8.61616849688252,0,0,0,373.821582955262,1,0
49.52,100,99.4779949384711,89.6996695125424,2.3419246153705,6.00000000000001,-6.61504926862036e-15,6.30227995498161,8.67797191804702,0,0,0,374.01322569896,1,0
49.54,100,99.4779949384711,89.7465080060037,2.3419247306045,6.00000000000001,-6.62565111755857e-15,6.30228003751188,8.71772687991372,0,0,0,374.203836769289,1,0
49.56,100,99.4779949384711,89.7933465017603,2.34192484489887,6.00000000000001,-6.646854815435e-15,6.30228011936919,8.73629791487893,0,0,0,374.393456618909,1,0
49.58,100,99.4779949384711,89.8401849997934,2.34192495826127,6.00000000000001,-6.63625296649678e-15,6.30228020055903,8.73451565653161,0,0,0,374.582124114307,1,0
49.6,100,99.569084392963,89.8870235000846,2.34192507069931,6.00000000000001,-6.62565111755857e-15,6.30228028108684,8.71317816885286,0,0,0,374.769876597993,1,0
49.62,100,99.569084392963,89.9338620026153,2.34192518222051,6.00000000000001,-6.62565111755857e-15,6.30228036095803,8.71121806581611,0,0,0,374.958535782513,1,0
49.64,100,99.569084392963,89.9807005073673,2.34192529283237,6.00000000000001,-6.646854815435e-15,6.30228044017793,8.68970970675127,0,0,0,375.146280281523,1,0
49.66,100,99.569084392963,90.0275390143226,2.34192540254229,6.00000000000001,-6.62565111755857e-15,6.30228051875188,8.6494195896791,0,0,0,375.333145960517,1,0
49.68,100,99.569084392963,90.0743775234631,2.34192551135763,6.00000000000001,-6.62565111755857e-15,6.30228059668512,8.59108415780389,0,0,0,375.519167278682,1,0
49.7,100,99.569084392963,90.121216034771,2.34192561928568,6.00000000000001,-6.62565111755857e-15,6.30228067398289,8.5154109779826,0,0,0,375.704377344037,1,0
49.72,100,99.569084392963,90.1680545482286,2.34192572633367,6.00000000000001,-6.60444741968215e-15,6.30228075065037,8.4230798729803,0,0,0,375.888807966419,1,0
49.74,100,99.569084392963,90.2148930638185,2.34192583250879,6.00000000000001,-6.60444741968215e-15,6.3022808266927,8.3147440093278,0,0,0,376.072489708379,1,0
49.76,100,99.569084392963,90.2617315815232,2.34192593781815,6.00000000000001,-6.58324372180572e-15,6.30228090211497,8.19103094253026,0,0,0,376.255451934096,1,0
49.78,100,99.569084392963,90.3085701013255,2.34192604226881,6.00000000000001,-6.58324372180572e-15,6.30228097692224,8.05254362129603,0,0,0,376.437722856358,1,0
49.8,100,100,90.3554086232083,2.34192614586777,6.00000000000001,-6.58324372180572e-15,6.30228105111953,7.89986135236857,0,0,0,376.619329581714,1,0
49.82,100,100,90.4022471471546,2.34192624862197,6.00000000000001,-6.60444741968215e-15,6.30228112471181,7.91409134442088,0,0,0,376.808746374982,1,0
49.84,100,100,90.4490856731476,2.34192635053832,6.00000000000001,-6.61504926862036e-15,6.30228119770401,7.9081382573263,0,0,0,376.997218778044,1,0
49.86,100,100,90.4959242011706,2.34192645162362,6.00000000000001,-6.63625296649678e-15,6.30228127010103,7.88279348087844,0,0,0,377.184783821118,1,0
49.88,100,100,90.542762731207,2.34192655188467,6.00000000000001,-6.63625296649678e-15,6.30228134190772,7.83881737403191,0,0,0,377.371477082446,1,0
49.9,100,100,90.5896012632405,2.34192665132819,6.00000000000001,-6.61504926862036e-15,6.30228141312889,7.77694048165286,0,0,0,377.557332745226,1,0
49.92,100,100,90.6364397972548,2.34192674996083,6.00000000000001,-6.61504926862036e-15,6.30228148376932,7.69786470352193,0,0,0,377.742383652311,1,0
49.94,100,100,90.6832783332336,2.34192684778922,6.00000000000001,-6.61504926862036e-15,6.30228155383374,7.60226441754376,0,0,0,377.926661358769,1,0
49.96,100,100,90.730116871161,2.34192694481991,6.00000000000001,-6.63625296649678e-15,6.30228162332685,7.49078755888582,0,0,0,378.110196182373,1,0
49.98,100,100,90.7769554110211,2.3419270410594,6.00000000000001,-6.63625296649678e-15,6.30228169225331,7.36405665681366,0,0,0,378.293017252118,1,0
50,100,100,90.8237939527981,2.34192713651415,6.00000000000001,-6.62565111755857e-15,6.30228176061774,7.2226698308703,0,0,0,378.475152554833,1,0
50.02,100,100,90.8706324964765,2.34192723119055,6.00000000000001,-6.61504926862036e-15,6.30228182842472,7.06720174800887,0,0,0,378.656628979969,1,0
50.04,100,100,90.9174710420406,2.34192732509495,6.00000000000001,-6.63625296649678e-15,6.30228189567879,6.89820454215216,0,0,0,378.837472362623,1,0
50.06,100,100,90.9643095894752,2.34192741823365,6.00000000000001,-6.63625296649678e-15,6.30228196238447,6.71620869775696,0,0,0,379.017707524883,1,0
50.08,100,100,91.0111481387649,2.3419275106129,6.00000000000001,-6.61504926862036e-15,6.30228202854623,6.52172389867801,0,0,0,379.197358315549,1,0
50.1,100,100,91.0579866898947,2.34192760223887,6.00000000000001,-6.64685481543499e-15,6.3022820941685,6.31523984379041,0,0,0,379.376447648294,1,0
50.12,100,100,91.1048252397767,2.34192707141819,5.99999950290187,-9.96919929284893e-05,6.29585838041459,6.09367550657135,0,0,0,379.554815487198,0,0
50.14,100,100,91.151663745908,2.34192250085505,5.99999175190371,-0.000838367785894946,6.27510651257054,5.8543976450257,0,0,0,379.732250597177,0,0
50.16,100,100,91.19850208341,2.34190945824065,5.99995720690641,-0.00289035478195951,6.23974810641363,5.59979969366025,0,0,0,379.908748938437,0,0
50.18,100,100,91.2453400373744,2.3418833754336,5.99986297519116,-0.00691513820463644,6.18982099473149,5.33246885132835,0,0,0,380.084310516347,0,0
50.2,100,100,91.292177300294,2.34183956315385,5.9996631914451,-0.0135491673672459,6.12553017257999,5.05507193925033,0,0,0,380.258935341496,0,0
50.22,100,100,91.3390134697904,2.34177322615787,5.99929955634763,-0.0233981554570521,6.0472412398184,4.77032742112137,0,0,0,380.432623431571,0,0
50.24,100,100,91.3858480466507,2.34167947886044,5.99870202375996,-0.0370299291826263,5.95547246190853,4.48097746413554,0,0,0,380.605374813268,0,0
50.26,100,100,91.4326804331802,2.34155336135761,5.99778962495609,-0.0549678836660183,5.8508855496111,4.18976031228524,0,0,0,380.777189524252,0,0
50.28,100,100,91.4795099318789,2.34138985579498,5.99647141729255,-0.0776850911700249,5.73427526897258,3.89938323510547,0,0,0,380.948067615137,0,0
50.3,100,100,91.5263357444488,2.34118390301622,5.99464754381372,-0.105599105105044,5.60655800245674,3.61249630464312,0,0,0,381.118009151495,0,0
50.32,100,100,91.5731569711363,2.34093041941858,5.99221038953446,-0.139067493336488,5.46875939017924,3.33166724066758,0,0,0,381.287014215876,0,0
50.34,100,100,91.6199726104124,2.34062431393524,5.98904581953705,-0.178384127190237,5.32200118689213,3.05935754924046,0,0,0,381.455082909842,0,0
50.36,100,100,91.6667815589943,2.34026050505833,5.98503448356911,-0.223776244808773,5.16748747559702,2.79790016302655,0,0,0,381.622215356007,0,0
50.38,100,100,91.7135826122062,2.33983393781213,5.98005317153394,-0.275402299722505,5.00649038242565,2.54947877313474,0,0,0,381.788411700062,0,0
50.4,100,100,91.7603744646782,2.33933960058248,5.97397620412493,-0.333350597746486,4.84033543969235,2.31610902235346,0,0,0,381.953672112802,0,0
50.42,100,100,91.8071557113807,2.33877254170621,5.96667684287025,-0.39763871766767,4.67038674481371,2.09962170820844,0,0,0,382.117996792125,0,0
50.44,100,100,91.8539248489857,2.33812788572379,5.95802870401992,-0.468213703724891,4.49803206211505,1.90164812197716,0,0,0,382.281385965019,0,0
50.46,100,100,91.9006802775506,2.33740084919846,5.94790716101953,-0.544953010672632,4.32466801244249,1.72360762656473,0,0,0,382.443839889506,0,0
50.48,100,100,91.9474203025121,2.33658675600659,5.93619072076896,-0.627666175326333,4.15168549201817,1.56669755236057,0,0,0,382.605358856556,0,0
50.5,100,100,91.9941431369805,2.33568105200683,5.92276235945195,-0.716097181973185,3.98045545717146,1.43188546613707,0,0,0,382.765943191958,0,0
50.52,100,100,92.0408469043198,2.33467931899891,5.90751080443658,-0.809927482954756,3.81231520552904,1.31990384377578,0,0,0,382.925593258142,0,0
50.54,100,100,92.0875296410001,2.33357728788794,5.89033174957711,-0.908779630137923,3.64855527702641,1.23124715364771,0,0,0,383.084309455943,0,0
50.56,100,100,92.1341892997038,2.33237085097543,5.8711289921848,-1.01222146793414,3.49040708980994,1.16617133370851,0,0,0,383.24209222631,0,0
50.58,100,100,92.1808237526685,2.33105607330469,5.84981548096814,-1.11977083404376,3.3390314168334,1.12469562240045,0,0,0,383.398942051949,0,0
50.6,100,100,92.2274307952474,2.32962920299564,5.82631426535893,-1.23090071022512,3.19550779882083,1.10660668108443,0,0,0,383.554859458897,0,0
50.62,100,100,92.2740081496647,2.32808668051173,5.80055933782839,-1.34504476214436,3.06082497838625,1.1114649246437,0,0,0,383.709845018021,0,0
50.64,100,100,92.3205534689463,2.32642514681018,5.77249636204316,-1.46160320477134,2.93587242859334,1.13861295671465,0,0,0,383.863899346441,0,0
50.66,100,100,92.3670643410016,2.32464145033575,5.74208328100237,-1.57994892786322,2.82143303722241,1.18718598750749,0,0,0,384.017023108876,0,0
50.68,100,100,92.413538292833,2.32273265282743,5.70929080061939,-1.69943381482582,2.71817699562107,1.25612409502873,0,0,0,384.169217018903,0,0
50.7,100,100,92.45997279485,2.32069603391711,5.67410274555337,-1.81939518766561,2.62665692837306,1.3441861750197,0,0,0,384.320481840131,0,0
50.72,100,100,92.5063652652628,2.31852909450887,5.63651628544132,-1.93916231083236,2.54730428725789,1.44996541145945,0,0,0,384.470818387292,0,0
50.74,100,100,92.5527130745315,2.31622955893758,5.59654203101933,-2.05806288749443,2.48042702021619,1.57190608761101,0,0,0,384.620227527236,0,0
50.76,100,100,92.599013549846,2.31379537591501,5.55420400093786,-2.17542948316299,2.42620851341126,1.70832154794097,0,0,0,384.768710179847,0,0
50.78,100,100,92.6452639796132,2.31122471828136,5.50953946135906,-2.29060581356489,2.38470779210102,1.85741311345085,0,0,0,384.916267318859,0,0
50.8,100,100,92.6914616179271,2.30851598158956,5.46259864166096,-2.40295283622567,2.3558609540309,2.01728974739699,0,0,0,385.062899972588,0,0
50.82,100,100,92.7376036889998,2.30566778155864,5.41344433075469,-2.51185458832729,2.33948379752775,2.18598826473973,0,0,0,385.208609224575,0,0
50.84,100,100,92.7836873915298,2.30267895044121,5.36215135963354,-2.61672371701111,2.33527559553192,2.36149387730133,0,0,0,385.353396214139,0,0
50.86,100,100,92.8297099029882,2.29954853235809,5.30880597681001,-2.7170066523596,2.34282395653793,2.54176086709532,0,0,0,385.497262136844,0,0
50.88,100,100,92.8756683838006,2.29627577766092,5.25350512424781,-2.81218837776221,2.36161070391488,2.72473318300504,0,0,0,385.640208244882,0,0
50.9,100,100,92.9215599814085,2.29286013639022,5.19635562225424,-2.90179675720144,2.39101869642277,2.90836476049161,0,0,0,385.782235847374,0,0
50.92,100,100,92.9673818341901,2.28930125090294,5.13747327255638,-2.98540638412921,2.43033950500253,3.09063937046324,0,0,0,385.923346310587,0,0
50.94,100,100,93.0131310752269,2.28559894774868,5.07698188943822,-3.06264192198671,2.47878185414892,3.26958981171076,0,0,0,386.063541058082,0,0
50.96,100,100,93.0588048359004,2.28175322887874,5.01501226935864,-3.13318091199466,2.53548073043211,3.4433162711072,0,0,0,386.20282157078,0,0
50.98,100,100,93.1044002493077,2.2777642622758,4.95170110990139,-3.19675602954819,2.59950705604469,3.61000368723875,0,0,0,386.341189386963,0,0
51,100,100,93.1499144534837,2.27363237209523,4.88718988922325,-3.25315677633271,2.66987782164943,3.76793796593718,0,0,0,386.478646102207,0,0
51.02,100,100,93.1953445944233,2.26935802841099,4.82162371736653,-3.30223060107629,2.74556657030057,3.91552091021588,0,0,0,386.615193369251,0,0
51.04,100,100,93.2406878288941,2.26494183666045,4.75515017088595,-3.34388344761362,2.82551412281182,4.05128374228743,0,0,0,386.750832897813,0,0
51.06,100,100,93.2859413270367,2.26038452688274,4.68791812220965,-3.37807973460016,2.90863943464358,4.17389911131236,0,0,0,386.885566454345,0,0
51.08,100,100,93.3311022747476,2.25568694284496,4.62007657501163,-3.40484177673058,2.99385047515877,4.28219149744473,0,0,0,387.019395861744,0,0
51.1,100,100,93.3761678758453,2.25085003114888,4.5517735166228,-3.42424866263001,3.08005502192771,4.37514593992072,0,0,0,387.15232299901,0,0
51.12,100,100,93.4211353540184,2.24587483040899,4.48315479815277,-3.43643460965351,3.16617126560664,4.45191503488793,0,0,0,387.284349800874,0,0
51.14,100,100,93.4660019545588,2.24076246058949,4.41436305254192,-3.44158682060229,3.25113812472685,4.51182416639742,0,0,0,387.415478257379,0,0
51.16,100,100,93.5107649458842,2.23551411258435,4.34553666021813,-3.43994287180445,3.33392517445764,4.55437495210491,0,0,0,387.545710413433,0,0
51.18,100,100,93.5554216208547,2.23013103811991,4.27680877140192,-3.43178766607533,3.41354209898128,4.5792469029646,0,0,0,387.675048368333,0,0
51.2,100,100,93.5999692978925,2.22461454005466,4.20830639339665,-3.41744998773562,3.48904758347236,4.5862973136512,0,0,0,387.803494275266,0,0
51.22,100,100,93.6444053219105,2.21896596314513,4.14014955042337,-3.39729870009599,3.55955756873081,4.57555941756866,0,0,0,387.931050340786,0,0
51.24,100,100,93.6887270650628,2.21318668534058,4.07245052272345,-3.37173862859107,3.62425279919772,4.5472388565025,0,0,0,388.057718824278,0,0
51.26,100,100,93.7329319273264,2.20727810966256,4.00531317076456,-3.34120617504532,3.68238560329326,4.50170853062823,0,0,0,388.183502037405,0,0
51.28,100,100,93.7770173369264,2.20124165671857,3.93883234945715,-3.30616471036414,3.73328585367341,4.4395019091744,0,0,0,388.308402343552,0,0
51.3,100,100,93.8209807506184,2.19507875789149,3.87309341632844,-3.26709979425793,3.77636606400972,4.36130489563972,0,0,0,388.43242215725,0,0
51.32,100,100,93.8648196538421,2.18879084923908,3.80817183662016,-3.22451427141996,3.81112558815903,4.26794635381534,0,0,0,388.555563943613,0,0
51.34,100,100,93.9085315607599,2.18237936612994,3.74413288728365,-3.17892329389323,3.83715389701678,4.16038741198877,0,0,0,388.677830217754,0,0
51.36,100,100,93.9521140141955,2.17584573863481,3.6810314608522,-3.13084931918269,3.85413291783676,4.03970967258431,0,0,0,388.799223544221,0,0
51.38,100,100,93.9955645854883,2.16919138768389,3.61891196918545,-3.08081713300818,3.86183843026518,3.90710246265814,0,0,0,388.919746536417,0,0
51.4,100,100,94.0388808742787,2.16241772199348,3.55780834611296,-3.02934894446605,3.860140522679,3.76384926772545,0,0,0,389.039401856034,0,0
51.42,100,100,94.0820605082396,2.15552613575746,3.49774414706389,-2.97695959979277,3.84900312155199,3.61131349659838,0,0,0,389.158192212493,0,0
51.44,100,100,94.1251011427687,2.14851800709172,3.43873274286516,-2.92415195892632,3.82848261541461,3.45092372879724,0,0,0,389.276120362383,0,0
51.46,100,100,94.1680004606579,2.14139469721255,3.3807776040298,-2.87141247666755,3.79872560343274,3.28415859833511,0,0,0,389.393189108908,0,0
51.48,100,100,94.2107561717531,2.13415755032348,3.32387267104818,-2.81920702748552,3.75996580664929,3.11253146832229,0,0,0,389.50940130135,0,0
51.5,100,100,94.253366012618,2.12680789417815,3.26800280544427,-2.76797700992069,3.71252018741936,2.93757505013361,0,0,0,389.624759834521,0,0
51.52,100,100,94.2958277462165,2.11934704128143,3.21314431567344,-2.71813576315574,3.65678432948034,2.76082611844873,0,0,0,389.739267648241,0,0
51.54,100,100,94.3381391616248,2.11177629068532,3.15926555132292,-2.67006532468276,3.59322713736081,2.58381046979214,0,0,0,389.852927726808,0,0
51.56,100,100,94.3802980737843,2.10409693033119,3.10632755853562,-2.62411355413897,3.52238491940994,2.40802826714618,0,0,0,389.965743098479,0,0
51.58,100,100,94.4223023233078,2.09631023988593,3.05428478911684,-2.58059164435233,3.44485492356883,2.23493990659602,0,0,0,390.077716834955,0,0
51.6,100,100,94.4641497763454,2.08841749401559,3.00308585540371,-2.53977203647613,3.36128839908293,2.06595253460809,0,0,0,390.188852050871,0,0
51.62,100,100,94.5058383245207,2.08041996603725,2.9526743226822,-2.50188675184123,3.2723832606395,1.90240733552985,0,0,0,390.299151903281,0,0
51.64,100,100,94.5473658849431,2.07231893188733,2.90298953072694,-2.46712614885871,3.17887643388719,1.74556769935649,0,0,0,390.408619591156,0,0
51.66,100,100,94.5887304003018,2.06411567434296,2.85396743591525,-2.43563810900821,3.08153596295417,1.59660836904727,0,0,0,390.517258354865,0,0
51.68,100,100,94.6299298390468,2.05581148743171,2.80554146532896,-2.40752765168885,2.98115296141693,1.45660565529024,0,0,0,390.625071475669,0,0
51.7,100,100,94.6709621956587,2.04740768096488,2.75764337430376,-2.3828569735328,2.87853348819814,1.32652879453073,0,0,0,390.732062275199,0,0
51.72,100,100,94.7118254910104,2.03890558512959,2.71020409901493,-2.36164590372418,2.77449042909908,1.20723251354327,0,0,0,390.838234114932,0,0
51.74,100,100,94.7525177728206,2.03030655507578,2.66315459589646,-2.34387276296672,2.66983546312532,1.09945085078448,0,0,0,390.943590395664,0,0
51.76,100,100,94.7930371161986,2.02161197543584,2.61642665997521,-2.32947561003671,2.56537119047067,1.00379227158219,0,0,0,391.048134556958,0,0
51.78,100,100,94.8333816242775,2.01282326471669,2.56995371455838,-2.31835385637686,2.46188349602248,0.920736100919767,0,0,0,391.1518700766,0,0
51.8,100,100,94.873549428935,2.0039418795066,2.52367156513589,-2.31037022596076,2.36013421858366,0.850630284141591,0,0,0,391.254800470026,0,0
51.82,100,100,94.9135386915944,1.99496931844235,2.47751911084484,-2.30535303471379,2.26085419171655,0.793690472852084,0,0,0,391.356929289739,0,0
51.84,100,100,94.9533476041031,1.98590712588604,2.43143900738421,-2.3030987611389,2.16473671726427,0.750000420298652,0,0,0,391.458260124713,0,0
51.86,100,100,94.9929743896813,1.97675689526473,2.38537827585892,-2.30337487748308,2.07243152724369,0.719513658040417,0,0,0,391.558796599772,0,0
51.88,100,100,95.0324173039333,1.96752027203073,2.33928885266567,-2.30592290881116,1.98453928399989,0.702056413701358,0,0,0,391.658542374953,0,0
51.9,100,100,95.0716746359143,1.95819895620516,2.29312807620251,-2.31046168573903,1.90160666232649,0.697331718235009,0,0,0,391.757501144849,0,0
51.92,100,100,95.1107447092435,1.94879470447225,2.24685910688221,-2.31669075532882,1.82412205075865,0.704924640404621,0,0,0,391.855676637927,0,0
51.94,100,100,95.1496258832542,1.93930933179762,2.20045127764878,-2.32429391376867,1.7525119025054,0.724308576397312,0,0,0,391.953072615828,0,0
51.96,100,100,95.1883165541717,1.92974471254867,2.1538803729297,-2.33294282395179,1.6871377595714,0.754852513423613,0,0,0,392.049692872639,0,0
51.98,100,100,95.2268151563081,1.92010278110131,2.10712883469638,-2.34230068093155,1.62829396660383,0.7958291782379,0,0,0,392.145541234141,0,0
52,100,100,95.2651201632643,1.91038553192268,2.06018589504366,-2.35202588845493,1.57620608395391,0.846423974402189,0,0,0,392.240621557043,0,0
52.02,100,100,95.303230089128,1.90059501912496,2.01304763543052,-2.36177571035884,1.53103000242842,0.905744606305485,0,0,0,392.334937728174,0,0
52.04,100,100,95.3411434896582,1.89073335549144,1.96571697343929,-2.3712098615377,1.49285175530697,0.972831283055743,0,0,0,392.42849366367,0,0
52.06,100,100,95.3788589634439,1.88080271098102,1.91820357860466,-2.3799940044434,1.46168801646671,1.04666739168939,0,0,0,392.521293308124,0,0
52.08,100,100,95.4163751530291,1.87080531072284,1.87052371952966,-2.38780311863985,1.43748726695616,1.1261905266323,0,0,0,392.613340633719,0,0
52.1,100,100,95.4536907459914,1.8607434325178,1.82270004513678,-2.39432471278472,1.42013160615665,1.21030376095863,0,0,0,392.704639639339,0,0
52.12,100,100,95.4908044759669,1.85061940386862,1.77476130349488,-2.39926185052523,1.40943917781153,1.29788704470734,0,0,0,392.795194349658,0,0
52.14,100,100,95.5277151236104,1.84043559856444,1.72674200220909,-2.40233596414934,1.40516717574556,1.38780861650808,0,0,0,392.885008814209,0,0
52.16,100,100,95.5644215174843,1.83019443285046,1.67868201485897,-2.40328943239954,1.40701538908605,1.47893631661285,0,0,0,392.974087106432,0,0
52.18,100,100,95.600922534865,1.81989836121651,1.63062613841494,-2.40188790160508,1.41463024226846,1.57014869261695,0,0,0,393.062433322713,0,0
52.2,100,100,95.6372171024639,1.80954987184244,1.58262360695087,-2.39792233219006,1.42760928110569,1.66034579309204,0,0,0,393.150051581397,0,0
52.22,100,100,95.6733041970526,1.79915148174047,1.53472756729971,-2.39121075563741,1.44550605274415,1.74845954939689,0,0,0,393.236946021796,0,0
52.24,100,100,95.7091828459885,1.78870573163788,1.48699452256624,-2.3815997301011,1.46783532445164,1.83346365180926,0,0,0,393.323120803181,0,0
52.26,100,100,95.7448521276368,1.77821518064497,1.43948374961586,-2.36896548602875,1.49407858389016,1.91438283282097,0,0,0,393.408580103767,0,0
52.28,100,100,95.7803111716828,1.76768240075505,1.3922566967987,-2.35321475635194,1.52368976184454,1.99030147781078,0,0,0,393.493328119688,0,0
52.3,100,100,95.8155591593336,1.75710997122417,1.34537636824584,-2.3342852889905,1.55610111729829,2.0603714914336,0,0,0,393.577369063971,0,0
52.32,100,100,95.850595323407,1.74650047287908,1.2989067010872,-2.31214604256858,1.59072922428073,2.12381935660932,0,0,0,393.660707165501,0,0
52.34,100,100,95.8854189483051,1.73585648240167,1.25291194189253,-2.28679706932434,1.62698100003905,2.1799523321136,0,0,0,393.743346667991,0,0
52.36,100,100,95.9200293698749,1.72518056663828,1.20745602852642,-2.25826909218301,1.66425971481101,2.22816374417733,0,0,0,393.825291828952,0,0
52.38,100,100,95.9544259751548,1.71447527698092,1.16260198344071,-2.22662278582678,1.70197092476338,2.26793733715322,0,0,0,393.906546918666,0,0
52.4,100,100,95.9886082020109,1.70374314386646,1.11841132420295,-2.19194777430954,1.73952827149943,2.29885065828224,0,0,0,393.987116219164,0,0
52.42,100,100,96.0225755386634,1.69298667143807,1.07494349678353,-2.15436136030578,1.77635909389742,2.32057746129327,0,0,0,394.067004023215,0,0
52.44,100,100,96.0563275231099,1.68220833241106,1.03225533679788,-2.11400700342908,1.81190980088318,2.33288912369488,0,0,0,394.146214633326,0,0
52.46,100,100,96.0898637424467,1.67141056318269,0.990400563530203,-2.07105256718793,1.84565095703698,2.33565508212192,0,0,0,394.224752360752,0,0
52.48,100,100,96.1231838320963,1.66059575922283,0.949429311154237,-2.02568835604762,1.87708203663342,2.32884229981482,0,0,0,394.302621524519,0,0
52.5,100,100,96.1562874749453,1.64976627077908,0.909387701120211,-1.9781249657226,1.90573580578455,2.31251378938146,0,0,0,394.379826450473,0,0
52.52,100,100,96.1891744003997,1.63892439892657,0.870317459200265,-1.92859097122249,1.93118229674135,2.28682622287162,0,0,0,394.45637147033,0,0
52.54,100,100,96.2218443833653,1.62807239198898,0.832255580182375,-1.87733047830785,1.95303234306534,2.2520266694842,0,0,0,394.532260920765,0,0
52.56,100,100,96.2542972431598,1.61721244235356,0.795234042680619,-1.82460056487232,1.97094064925909,2.20844850901463,0,0,0,394.607499142507,0,0
52.58,100,100,96.286532842366,1.60634668369866,0.759279575992974,-1.77066863935358,1.98460837348703,2.15650657638535,0,0,0,394.682090479466,0,0
52.6,100,100,96.3185510856329,1.59547718864853,0.724413480392255,-1.71580974358471,1.99378520717869,2.09669159895111,0,0,0,394.756039277875,0,0
52.62,100,100,96.3503519184357,1.58460596686551,0.690651501686718,-1.6603038275332,1.99827094052544,2.02956399418404,0,0,0,394.829349885466,0,0
52.64,100,100,96.3819353258004,1.573734963586,0.658003760339867,-1.60443302314123,1.99791650811612,1.95574710027926,0,0,0,394.902026650662,0,0
52.66,100,100,96.4133013310044,1.56286605860187,0.62647473489919,-1.54847894398549,1.9926245141479,1.87591991637557,0,0,0,394.974073921803,0,0
52.68,100,100,96.4444499942616,1.5520010656853,0.596063298956286,-1.49272003672702,1.98234924174651,1.79080943257779,0,0,0,395.045496046389,0,0
52.7,100,100,96.4753814113997,1.54114173245055,0.566762810350934,-1.43742900933395,1.96709615589507,1.70118263235884,0,0,0,395.116297370359,0,0
52.72,100,100,96.5060957125389,1.5302897406426,0.538561250843733,-1.38287035984615,1.94692091424253,1.60783825165933,0,0,0,395.186482237391,0,0
52.74,100,100,96.5365930607813,1.51944670683856,0.511441414020491,-1.32929802802713,1.92192790461328,1.5115983798359,0,0,0,395.256054988228,0,0
52.76,100,100,96.5668736509177,1.50861418354432,0.485381138760505,-1.27695319063256,1.89226833231764,1.41329998751358,0,0,0,395.325019960031,0,0
52.78,100,100,96.5969377081602,1.49779366066564,0.46035358520384,-1.22606221923617,1.85813788433733,1.31378646553278,0,0,0,395.393381485761,0,0
52.8,100,100,96.6267854869078,1.48698656732964,0.43632754979316,-1.17683481761315,1.81977400109375,1.21389925762294,0,0,0,395.461143893577,0,0
52.82,100,100,96.6564172695522,1.47619427403003,0.413267815646087,-1.12946235361002,1.77745278977611,1.11446966681659,0,0,0,395.528311506273,0,0
52.84,100,100,96.6858333653284,1.46541809506689,0.391135534237166,-1.08411639825162,1.73148561608054,1.01631091256389,0,0,0,395.594888640722,0,0
52.86,100,100,96.7150341092181,1.45465929124969,0.369888634135997,-1.0409474825728,1.68221541367016,0.92021051153956,0,0,0,395.660879607354,0,0
52.88,100,100,96.7440198609083,1.4439190728303,0.349482252361476,-1.00008408033912,1.6300127526996,0.826923050709411,0,0,0,395.726288709648,0,0
52.9,100,100,96.7727910038115,1.43319860263167,0.329869183772386,-0.961631822460681,1.5752717103335,0.737163415981702,0,0,0,395.791120243655,0,0
52.92,100,100,96.8013479441498,1.42249899933617,0.311000343822214,-0.925672946529926,1.51840558732922,0.651600534295555,0,0,0,395.855378497526,0,0
52.94,100,100,96.8296911101057,1.41182134089752,0.292825239961124,-0.89226598255176,1.45984251544035,0.570851680748465,0,0,0,395.919067751064,0,0
52.96,100,100,96.8578209510426,1.40116666803935,0.275292446969996,-0.861445673604907,1.40002100063513,0.495477395988088,0,0,0,395.9821922753,0,0
52.98,100,100,96.8857379367958,1.39053598780372,0.258350081559545,-0.833223127899744,1.3393854469145,0.425977052262131,0,0,0,396.044756332068,0,0
53,100,100,96.9134425570341,1.37993027711321,0.241946271660314,-0.807586196500799,1.2783817048748,0.362785099434798,0,0,0,396.106764173609,0,0
53.02,100,100,96.9409353206933,1.36935048631088,0.226029615965163,-0.784500068881924,1.21745268809716,0.30626801506426,0,0,0,396.168220042174,0,0
53.04,100,100,96.9682167554793,1.3587975426435,0.210549629462563,-0.76390807649748,1.15703409898329,0.25672197531574,0,0,0,396.22912816965,0,0
53.06,100,100,96.9952874074403,1.3482723536546,0.195457170914111,-0.745732692701032,1.09755030381326,0.214371256122632,0,0,0,396.289492777184,0,0
53.08,100,100,97.0221478406057,1.33777581045586,0.180704848480311,-0.729876715639667,1.03941039460364,0.179367366655621,0,0,0,396.349318074821,0,0
53.1,100,100,97.048798636689,1.32730879084701,0.166247399981821,-0.716224619211016,0.983004472821572,0.151788910012557,0,0,0,396.40860826115,0,0
53.12,100,100,97.0752403948513,1.31687216225668,0.152042044595591,-0.704644055803392,0.928700187187084,0.131642159015084,0,0,0,396.46736752295,0,0
53.14,100,100,97.1014737315216,1.30646678447899,0.138048803123018,-0.694987493357409,0.876839554715104,0.118862328160189,0,0,0,396.525600034842,0,0
53.16,100,100,97.1274992802693,1.29609351218339,0.124230784326735,-0.68709396829801,0.827736090836326,0.113315516451596,0,0,0,396.583309958951,0,0
53.18,100,100,97.1533176917252,1.28575319717791,0.110554435209874,-0.680790935095179,0.781672270935614,0.114801289594104,0,0,0,396.640501444556,0,0
53.2,100,100,97.1789296335446,1.27544669040883,0.0969897535027352,-0.675896192623754,0.738897341988405,0.123055864497241,0,0,0,396.697178627756,0,0
53.22,100,100,97.2043357904076,1.26517484368294,0.0835104610225286,-0.672219867109751,0.699625499207867,0.137755853768247,0,0,0,396.753345631124,0,0
53.24,100,100,97.2295368640513,1.25493851110159,0.0700941369782376,-0.669566431272238,0.664034438767757,0.158522523158395,0,0,0,396.80900656337,0,0
53.26,100,100,97.2545335733274,1.24473855019871,0.0567223107005739,-0.667736739294222,0.632264293783855,0.184926510852323,0,0,0,396.864165519,0,0
53.28,100,100,97.2793266542799,1.2345758227784,0.0433805136824078,-0.666530057479015,0.604416956854531,0.216492953891155,0,0,0,396.918826577969,0,0
53.3,100,100,97.3039168602364,1.22445119545061,0.0300582912140895,-0.665746070864437,0.580555788621489,0.252706964038538,0,0,0,396.972993805339,0,0
53.32,100,100,97.3283049619068,1.21436553986649,0.0167491742869227,-0.6651868466682,0.560705708045209,0.293019393060261,0,0,0,397.026671250931,0,0
53.34,100,100,97.3524917474842,1.20431973265814,0.00345061281309706,-0.664658736214724,0.54485365643805,0.336852825712451,0,0,0,397.07986294898,0,0
53.36,100,100,97.3764780227416,1.19431465509037,-0.00983612843176974,-0.663974197935457,0.532949423790476,0.383607737588559,0,0,0,397.132572917777,0,0
53.38,100,100,97.4002646111186,1.18435119243455,-0.0231061093998754,-0.662953525129369,0.524906822595998,0.432668754576358,0,0,0,397.184805159326,0,0
53.4,100,100,97.4238523537929,1.17443023307776,-0.0363508878385069,-0.661426463404031,0.520605191257304,0.483410950839054,0,0,0,397.23656365898,0,0
53.42,100,100,97.447242109732,1.16455266738237,-0.0495587234873872,-0.659233704075966,0.519891206265141,0.535206123024356,0,0,0,397.287852385095,0,0
53.44,100,100,97.4704347557191,1.15471938631372,-0.0627148108002127,-0.656228241276187,0.522580979710076,0.587428979833554,0,0,0,397.338675288667,0,0
53.46,100,100,97.4934311863497,1.14493127985553,-0.0758015373548792,-0.65227658206659,0.528462416330153,0.639463187961825,0,0,0,397.389036302979,0,0
53.48,100,100,97.5162323139943,1.13518923523431,-0.0887987649192458,-0.647259800508284,0.537297802240366,0.690707218007003,0,0,0,397.438939343243,0,0
53.5,100,100,97.5388390687246,1.12549413497578,-0.101684129974963,-0.641074428316498,0.548826595740831,0.740579936886608,0,0,0,397.488388306248,0,0
53.52,100,100,97.5612523981984,1.11584685481753,-0.114433360371876,-0.63363317647084,0.562768389173592,0.788525896820389,0,0,0,397.537387070006,0,0
53.54,100,100,97.5834732675019,1.10624826150293,-0.127020604690424,-0.624865483906698,0.578826009702519,0.834020274777143,0,0,0,397.585939493398,0,0
53.56,100,100,97.6055026589474,1.09669921048259,-0.139418770829624,-0.614717891175773,0.596688726128773,0.876573420593404,0,0,0,397.634049415834,0,0
53.58,100,100,97.6273415718234,1.08720054354948,-0.15159987031349,-0.603154238713928,0.616035528425863,0.915734976599666,0,0,0,397.681720656906,0,0
53.6,100,100,97.6489910220978,1.07775308643454,-0.163535364818812,-0.590155691075711,0.636538446589121,0.951097536377422,0,0,0,397.728957016054,0,0
53.62,100,100,97.6704520420722,1.06835764638944,-0.175196511471227,-0.575720590170835,0.657865875627573,0.98229981551386,0,0,0,397.775762272234,0,0
53.64,100,100,97.6917256799885,1.05901500978251,-0.18655470353349,-0.55986414215299,0.679685874083582,1.00902931235071,0,0,0,397.822140183594,0,0
53.66,100,100,97.7128129995874,1.04972593973386,-0.197581803218412,-0.54261794415105,0.701669404328172,1.03102444222785,0,0,0,397.868094487165,0,0
53.68,100,100,97.7337150796202,1.04049117381428,-0.208250463497374,-0.524029358483212,0.723493484041635,1.04807613414166,0,0,0,397.913628898549,0,0
53.7,100,100,97.7544330133156,1.03131142183197,-0.218534435941815,-0.504160743343494,0.744844219721745,1.06002888417898,0,0,0,397.95874711163,0,0
53.72,100,100,97.7749679078032,1.02218736372954,-0.228408861827442,-0.483088550185924,0.76541969476039,1.06678126551642,0,0,0,398.003452798285,0,0
53.74,100,100,97.7953208834962,1.01311964761244,-0.237850543946745,-0.460902299144702,0.784932686558656,1.06828590014247,0,0,0,398.047749608117,0,0
53.76,100,100,97.8154930734364,1.0041088879283,-0.246838196812219,-0.43770344481007,0.803113189297279,1.0645489025256,0,0,0,398.091641168191,0,0
53.78,100,100,97.8354856226039,0.995155663814725,-0.255352673187744,-0.413604145522322,0.819710721313869,1.05562881052457,0,0,0,398.135131082791,0,0
53.8,100,100,97.855299687196,0.986260517631392,-0.263377165156054,-0.388725950044784,0.834496398534353,1.0416350235119,0,0,0,398.17822293319,0,0
53.82,100,100,97.8749364338788,0.977423953690002,-0.270897378213189,-0.363198416026449,0.847264758039218,1.02272577212764,0,0,0,398.220920277428,0,0
53.84,100,100,97.8943970390152,0.968646437193545,-0.277901677173284,-0.337157675063678,0.857835318582911,0.999105648245731,0,0,0,398.263226650117,0,0
53.86,100,100,97.9136826878736,0.959928393394142,-0.284381202965946,-0.310744959416913,0.866053867702427,0.971022727477648,0,0,0,398.305145562248,0,0
53.88,100,100,97.9327945738228,0.951270206976392,-0.290329959710804,-0.284105105533051,0.871793467915628,0.938765319890846,0,0,0,398.346680501025,0,0
53.9,100,100,97.9517338975162,0.942672221670829,-0.295744871756493,-0.257385049468973,0.87495517739708,0.902658387676254,0,0,0,398.387834929714,0,0
53.92,100,100,97.9705018660707,0.934134740099812,-0.30062581067152,-0.230732329109911,0.875468483396545,0.863059670954606,0,0,0,398.428612287496,0,0
53.94,100,100,97.9890996922451,0.925658023855814,-0.304975592469063,-0.204293607732673,0.873291449504944,0.820355565026866,0,0,0,398.469015989356,0,0
53.96,100,100,98.0075285936221,0.917242293809867,-0.308799945634237,-0.178213232984251,0.868410580651497,0.774956794036577,0,0,0,398.509049425974,0,0
53.98,100,100,98.0257897917988,0.908887730645679,-0.31210745079786,-0.152631844738022,0.860840412402617,0.727293927099796,0,0,0,398.548715963635,0,0
54,100,100,98.0438845115904,0.900594475612843,-0.31490945316292,-0.127685044561249,0.850622833707599,0.67781278370573,0,0,0,398.588018944159,0,0
54.02,100,100,98.0618139802505,0.892362631490542,-0.317219949036393,-0.103502138687984,0.837826154671729,0.626969775354003,0,0,0,398.626961684846,0,0
54.04,100,100,98.079579426713,0.884192263751249,-0.319055448047707,-0.0802049654512446,0.822543933215978,0.57522723019913,0,0,0,398.665547478431,0,0
54.06,100,100,98.0971820808594,0.876083401912161,-0.320434812844053,-0.0579068170983885,0.804893576583279,0.523048746715473,0,0,0,398.70377959306,0,0
54.08,100,100,98.1146231728147,0.868036041060526,-0.321379078240277,-0.0367114648058056,0.785014735553742,0.470894621301708,0,0,0,398.741661272278,0,0
54.1,100,100,98.1319039322751,0.860050143537527,-0.321911251965762,-0.0167122945356002,0.76306751093075,0.419217393138143,0,0,0,398.779195735031,0,0
54.12,100,100,98.1490255878712,0.852125640764172,-0.322056099291391,0.0020084398494787,0.739230493327299,0.3684575477245,0,0,0,398.816386175679,0,0
54.14,100,100,98.1659893665692,0.84426243519151,-0.321839913935374,0.0193802410629245,0.713698658524261,0.319039418154773,0,0,0,398.853235764027,0,0
54.16,100,100,98.1827964931115,0.83646040235663,-0.321290277736862,0.0353448666064577,0.686681141671116,0.271367320528127,0,0,0,398.889747645362,0,0
54.18,100,100,98.1994481894999,0.828719393025185,-0.320435811650296,0.0498566981672599,0.658398914348916,0.225821956950612,0,0,0,398.925924940502,0,0
54.2,100,100,98.2159456745224,0.821039235400696,-0.319305920651407,0.0628829809581317,0.629082389022531,0.182757116345072,0,0,0,398.961770745856,0,0
54.22,100,100,98.232290163324,0.813419737380587,-0.317930535157602,0.0744039330536671,0.598968975661278,0.142496699796926,0,0,0,398.997288133494,0,0
54.24,100,100,98.2484828670235,0.805860688838816,-0.316339851551667,0.0844127260463474,0.568300615315057,0.105332093476663,0,0,0,399.032480151222,0,0
54.26,100,100,98.2645249923764,0.798361863915062,-0.314564074358836,0.0929153395807129,0.537321315198152,0.071519908427964,0,0,0,399.067349822666,0,0
54.28,100,100,98.2804177414823,0.790923023290722,-0.312633162564132,0.0999302935101066,0.50627470936175,0.0412801024604447,0,0,0,399.101900147366,0,0
54.3,100,100,98.2961623115388,0.783543916432466,-0.31057658247065,0.105488262548154,0.475401668339057,0.0147944954451538,0,0,0,399.136134100864,0,0
54.32,100,100,98.3117598946388,0.776224283784736,-0.308423069391255,0.1096315793462,0.444937980231762,-0.00779431475850945,0,0,0,399.170054634814,0,0
54.34,100,100,98.3272116776118,0.768963858893423,-0.306200400337642,0.112413632909352,0.415112124594172,-0.0263836326259861,0,0,0,399.203664677077,0,0
54.36,100,100,98.3425188419063,0.76176237044394,-0.303935179723286,0.113898170159359,0.386143159163355,-0.0409109423225102,0,0,0,399.236967131831,0,0
54.38,100,100,98.357682563512,0.754619544198025,-0.301652639932524,0.114158509255128,0.358238738010077,-0.0513537869279318,0,0,0,399.269964879682,0,0
54.4,100,100,98.3727040129201,0.747535104814881,-0.299376458428539,0.113276673985158,0.331593278053669,-0.0577292580286293,0,0,0,399.302660777769,0,0
54.42,100,100,98.3875843551179,0.74050877754365,-0.29712859288059,0.11134245914552,0.306386289120277,-0.0600931079761498,0,0,0,399.335057659877,0,0
54.44,100,100,98.4023247496169,0.733540289775671,-0.294929135587453,0.108452437308224,0.282780880840077,-0.0585385004277271,0,0,0,399.367158336546,0,0
54.46,100,100,98.4169263505095,0.726629372446554,-0.292796188261952,0.104708917765217,0.260922457704814,-0.0531944181628471,0,0,0,399.39896559518,0,0
54.48,100,100,98.4313903065529,0.719775761279742,-0.290745758022889,0.100218868701078,0.240937611556166,-0.0442237500702906,0,0,0,399.430482200155,0,0
54.5,100,100,98.4457177612756,0.712979197864879,-0.288791675217886,0.0950928138022629,0.22293321867217,-0.0318210819700671,0,0,0,399.461710892924,0,0
54.52,100,100,98.4599098531043,0.706239430566068,-0.286945533475883,0.0894437145530731,0.206995746485537,-0.0162102183936013,0,0,0,399.49265439212,0,0
54.54,100,100,98.4739677155071,0.699556215256797,-0.285216652163537,0.0833858493999667,0.193190772822958,0.00235853547005483,0,0,0,399.52331539366,0,0
54.56,100,100,98.4878924771495,0.692929315880043,-0.283612061197718,0.0770337007893079,0.18156271842519,0.0236113006270995,0,0,0,399.553696570836,0,0
54.58,100,100,98.5016852620598,0.686358504833808,-0.282136507948849,0.0705008608027044,0.172134791404417,0.0472537274272057,0,0,0,399.583800574416,0,0
54.6,100,100,98.5153471898007,0.67984356318397,-0.280792485758978,0.0638989657335132,0.164909140251133,0.0729742414106645,0,0,0,399.613630032732,0,0
54.62,100,100,98.5288793756435,0.673384280708009,-0.279580283396214,0.0573366694734563,0.15986721002355,0.100447397422628,0,0,0,399.643187551768,0,0
54.64,100,100,98.5422829307413,0.666980455774683,-0.278498054575242,0.0509186650159013,0.15697029446727,0.129337307251599,0,0,0,399.672475715243,0,0
54.66,100,100,98.5555589622981,0.660631895066252,-0.277541906493829,0.0447447627394685,0.156160275029724,0.159301105835985,0,0,0,399.701497084693,0,0
54.68,100,100,98.5687085737316,0.654338413151209,-0.276706006168972,0.0389090334199018,0.157360536076414,0.189992421514085,0,0,0,399.730254199549,0,0
54.7,100,100,98.5817328648248,0.648099831916773,-0.275982703205107,0.0334990231380271,0.160477044088861,0.221064816209738,0,0,0,399.758749577211,0,0
54.72,100,100,98.5946329318661,0.641915979871583,-0.275362667491699,0.028595046415823,0.16539957724904,0.252175162576021,0,0,0,399.786985713115,0,0
54.74,100,100,98.6074098677734,0.635786691330047,-0.274835040209652,0.0242695630305338,0.172003090597404,0.282986926163206,0,0,0,399.814965080808,0,0
54.76,100,100,98.6200647622016,0.62971180549076,-0.274387596426108,0.0205866430376366,0.180149200897874,0.313173322320295,0,0,0,399.842690132012,0,0
54.78,100,100,98.6325987016297,0.623691165422135,-0.274006917476035,0.0176015235871657,0.189687774472013,0.342420319296526,0,0,0,399.870163296685,0,0
54.8,100,100,98.645012769428,0.617724616969062,-0.273678571266891,0.0153602601541283,0.200458600563171,0.37042946098132,0,0,0,399.897386983089,0,0
54.82,100,100,98.6573080459017,0.611812007594869,-0.273387298599997,0.0138994738321621,0.212293132283047,0.396920485110016,0,0,0,399.924363577849,0,0
54.84,100,100,98.6694856083116,0.605953185173219,-0.273117203578935,0.01324619537001,0.225016276862981,0.421633715055655,0,0,0,399.951095446012,0,0
54.86,100,100,98.6815465308694,0.600147996744755,-0.272851946171322,0.013417805672082,0.238448216790241,0.444332206066054,0,0,0,399.977584931113,0,0
54.88,100,100,98.6934918847091,0.594396287253325,-0.272574935005313,0.0144220715466124,0.252406243449135,0.464803629507042,0,0,0,400.003834355233,0,0
54.9,100,100,98.7053227378319,0.588697898276563,-0.272269518515631,0.0162572745764885,0.266706585107331,0.482861881564835,0,0,0,400.029846019061,0,0
54.92,100,100,98.7170401550262,0.583052666765297,-0.271919172605235,0.0189124301170175,0.281166211477428,0.498348405764023,0,0,0,400.055622201958,0,0
54.94,100,100,98.7286451977631,0.577460423805899,-0.271507683056939,0.0223675925995059,0.295604597645102,0.511133221725673,0,0,0,400.081165162021,0,0
54.96,100,100,98.7401389240665,0.571920993419176,-0.271019321013592,0.0265942425469031,0.309845430871241,0.5211156555212,0,0,0,400.106477136155,0,0
54.98,100,100,98.7515223883606,0.566434191408758,-0.270439009944489,0.0315557499943275,0.323718244639863,0.528224770037548,0,0,0,400.131560340137,0,0
55,100,100,98.7627966412941,0.560999824271155,-0.269752482628466,0.0372079083590293,0.337059965325401,0.532419496732965,0,0,0,400.156416968694,0,0
55.02,100,100,98.7739627295444,0.555617688178859,-0.268946426809117,0.0434995322263544,0.349716357979737,0.533688473018957,0,0,0,400.181049195581,0,0
55.04,100,100,98.7850216956008,0.550287568046835,-0.2680086183134,0.0503731120148758,0.361543358974788,0.532049592311444,0,0,0,400.205459173658,0,0
55.06,100,100,98.7959745775317,0.545009236691769,-0.266928040570038,0.0577655180586184,0.372408284571963,0.527549276531541,0,0,0,400.229649034982,0,0
55.08,100,100,98.8068224087342,0.539782454092287,-0.265694989616927,0.0656087462999396,0.382190905905298,0.520261483277454,0,0,0,400.253620890892,0,0
55.1,100,100,98.8175662176714,0.534606966757222,-0.264301163845659,0.0738306975249666,0.390784382347951,0.510286462346273,0,0,0,400.277376832111,0,0
55.12,100,100,98.8282070275976,0.529482507207753,-0.262739737894529,0.0823559818955844,0.398096046765654,0.497749278349321,0,0,0,400.300918928843,0,0
55.14,100,100,98.838745856274,0.524408793578021,-0.261005420267421,0.0911067404379853,0.404048037729587,0.482798118320798,0,0,0,400.324249230879,0,0
55.16,100,100,98.8491837156782,0.519385529337525,-0.259094494422995,0.10000347513712,0.40857777534886,0.465602404735492,0,0,0,400.347369767717,0,0
55.18,100,100,98.8595216117093,0.514412403137338,-0.257004843245038,0.108965879357538,0.411638278974943,0.446350736097085,0,0,0,400.370282548671,0,0
55.2,100,100,98.8697605438909,0.509489088780893,-0.254735956969049,0.117913660461907,0.413198326606498,0.425248678396805,0,0,0,400.392989563004,0,0
55.22,100,100,98.8799015050746,0.504615245318834,-0.252288924800566,0.126767346725991,0.413242457378305,0.402516431789305,0,0,0,400.415492780052,0,0
55.24,100,100,98.8899454811477,0.499790517266182,-0.249666410615861,0.13544907094935,0.411770820021175,0.378386397674529,0,0,0,400.437794149364,0,0
55.26,100,100,98.8998934507446,0.49501453493889,-0.246872613284091,0.143883323530283,0.408798871637436,0.353100671753781,0,0,0,400.459895600845,0,0
55.28,100,100,98.909746384968,0.490286914905695,-0.243913212290349,0.151997668206621,0.404356932516459,0.326908489007603,0,0,0,400.481799044899,0,0
55.3,100,100,98.9195052471191,0.485607260550124,-0.240795299470257,0.159723414155525,0.398489604016446,0.3000636464454,0,0,0,400.503506372589,0,0
55.32,100,100,98.9291709924403,0.480975162736467,-0.237527297787476,0.166996238689485,0.39125505774805,0.272821929224309,0,0,0,400.525019455789,0,0
55.34,100,100,98.9387445678725,0.476390200572622,-0.234118868194963,0.173756755375995,0.382724205399788,0.245438565291903,0,0,0,400.546340147353,0,0
55.36,100,100,98.9482269118281,0.471851942261869,-0.230580805718001,0.179951023038345,0.372979759539986,0.218165732844207,0,0,0,400.567470281279,0,0
55.38,100,100,98.9576189539822,0.467359946034868,-0.226924925981304,0.18553099175757,0.362115196603356,0.191250144051896,0,0,0,400.588411672887,0,0
55.4,100,100,98.9669216150831,0.462913761152539,-0.223163943473258,0.190454882683869,0.350233634018275,0.164930727234075,0,0,0,400.609166118989,0,0
55.42,100,100,98.9761358067837,0.458512928969918,-0.21931134289715,0.19468749917246,0.337446634049147,0.139436428305809,0,0,0,400.629735398074,0,0
55.44,100,100,98.9852624314938,0.454156984050665,-0.215381245001756,0.19820046747673,0.323872947410824,0.11498415081112,0,0,0,400.650121270492,0,0
55.46,100,100,98.9943023822564,0.449845455321542,-0.211388268311811,0.200972405953301,0.309637210058703,0.0917768520944601,0,0,0,400.670325478636,0,0
55.48,100,100,99.0032565426466,0.445577867255978,-0.207347388192574,0.202989022452289,0.29486860676703,0.070001811308839,0,0,0,400.690349747132,0,0
55.5,100,100,99.012125786694,0.441353741075725,-0.203273794682134,0.204243140274418,0.279699515178533,0.0498290830437816,0,0,0,400.710195783033,0,0
55.52,100,100,99.0209109788308,0.437172595959599,-0.199182750510523,0.204734653768277,0.264264143948494,0.0314101481969286,0,0,0,400.729865276005,0,0
55.54,100,100,99.0296129738619,0.433033950248421,-0.195089450696506,0.204470415309185,0.248697178406893,0.0148767716873388,0,0,0,400.749359898522,0,0
55.56,100,100,99.0382326169609,0.428937322635477,-0.191008885071656,0.203464056039931,0.2331324468439,0.000340074235897737,0,0,0,400.768681306058,0,0
55.58,100,100,99.0467707436882,0.424882233332134,-0.186955705027599,0.201735743357263,0.217701620074156,-0.0121101765631209,0,0,0,400.787831137281,0,0
55.6,100,100,99.0552281800335,0.420868205198657,-0.18294409571696,0.199311878691263,0.202532956379436,-0.0224060531614661,0,0,0,400.806811014241,0,0
55.62,100,100,99.0636057424789,0.416894764830774,-0.178987654862303,0.196224739642804,0.187750103257196,-0.0305017321693562,0,0,0,400.825622542567,0,0
55.64,100,100,99.0719042380847,0.412961443593104,-0.175099279241324,0.192512071013055,0.173470966637017,-0.0363735373903681,0,0,0,400.844267311649,0,0
55.66,100,100,99.0801244645941,0.409067778591253,-0.171291059821586,0.188216629674586,0.15980665736806,-0.0400197653010944,0,0,0,400.862746894832,0,0
55.68,100,100,99.0882672105576,0.405213313575074,-0.167574186415439,0.18338568859326,0.146860523843638,-0.0414602988558789,0,0,0,400.881062849597,0,0
55.7,100,100,99.0963332554741,0.401397599766405,-0.163958862616446,0.178070505610976,0.134727278620867,-0.0407360172475189,0,0,0,400.899216717745,0,0
55.72,100,100,99.1043233699479,0.39762019660541,-0.160454231663956,0.172325762839856,0.123492225830557,-0.0379080112040715,0,0,0,400.917210025576,0,0
55.74,100,100,99.1122383158597,0.393880672410564,-0.157068313763531,0.166208982697316,0.113230595058181,-0.0330566151166501,0,0,0,400.935044284066,0,0
55.76,100,100,99.1200788465505,0.390178604948194,-0.15380795526911,0.159779926727934,0.104006986231375,-0.0262802688840889,0,0,0,400.952720989039,0,0
55.78,100,100,99.1278457070148,0.386513581908453,-0.150678790009193,0.153099983412341,0.0958749288799474,-0.0176942236973062,0,0,0,400.970241621335,0,0
55.8,100,100,99.1355396341038,0.382885201285561,-0.147685212915324,0.146231551155988,0.0888765579527247,-0.00742910741108334,0,0,0,400.987607646976,0,0
55.82,100,100,99.1431613567336,0.379293071661061,-0.144830365987865,0.139237422582824,0.0830424071954618,0.00437063392569389,0,0,0,401.004820517329,0,0
55.84,100,100,99.1507115960999,0.375736812389834,-0.142116136512706,0.132180176132512,0.0783913199267546,0.0175484008153054,0,0,0,401.021881669258,0,0
55.86,100,100,99.1581910658937,0.372216053689517,-0.139543167324345,0.125121580777058,0.0749304759014012,0.0319371930787508,0,0,0,401.038792525278,0,0
55.88,100,100,99.1656004725191,0.368730436634898,-0.137110878796709,0.118122019436481,0.0726555318429706,0.0473614318875401,0,0,0,401.055554493706,0,0
55.9,100,100,99.1729405153097,0.365279613059725,-0.134817502134294,0.111239936386788,0.071550872159106,0.0636388319206196,0,0,0,401.072168968799,0,0
55.92,100,100,99.1802118867416,0.361863245369223,-0.132660123433568,0.104531313620647,0.0715899653399753,0.0805823044307924,0,0,0,401.088637330899,0,0
55.94,100,100,99.1874152726427,0.358481006267384,-0.130634737889097,0.0980491807459793,0.0727358205903872,0.0980018720636197,0,0,0,401.104960946563,0,0
55.96,100,100,99.1945513523951,0.355132578403856,-0.128736313431171,0.0918431625946352,0.0749415383701236,0.115706576408577,0,0,0,401.121141168697,0,0
55.98,100,100,99.2016207991298,0.351817653945902,-0.126958863002721,0.0859590682671918,0.0781509477107893,0.133506359838708,0,0,0,401.137179336684,0,0
56,100,100,99.2086242799121,0.348535934081545,-0.125295524613467,0.0804385248655061,0.0822993224668402,0.151213903678664,0,0,0,401.153076776502,0,0
56.02,100,100,99.2155624559168,0.345287128460531,-0.123738648249155,0.0753186586673996,0.0873141680279755,0.168646405547112,0,0,0,401.168834800849,0,0
56.04,100,100,99.2224359825913,0.342070954580221,-0.122279888663783,0.0706318259828095,0.0931160694920824,0.185627279593936,0,0,0,401.184454709258,0,0
56.06,100,100,99.2292455098057,0.338887137123896,-0.120910303043172,0.0664053954033953,0.0996195918605863,0.201987764474696,0,0,0,401.199937788206,0,0
56.08,100,100,99.2359916819901,0.335735407259283,-0.119620452499353,0.062661582623252,0.106734222486576,0.217568425056084,0,0,0,401.215285311229,0,0
56.1,100,100,99.2426751382565,0.332615501905336,-0.118400506337034,0.0594173384725367,0.114365345775235,0.23222053507073,0,0,0,401.230498539029,0,0
56.12,100,100,99.2492965125066,0.329527162975417,-0.117240348025916,0.0566842902735366,0.122415240003725,0.245807329502992,0,0,0,401.245578719576,0,0
56.14,100,100,99.2558564335238,0.326470136605142,-0.116129681815678,0.054468736105324,0.130784086101618,0.258205116811327,0,0,0,401.260527088214,0,0
56.16,100,100,99.26235552505,0.323444172373071,-0.115058138943875,0.0527716910534678,0.13937097830444,0.269304242747291,0,0,0,401.275344867762,0,0
56.18,100,100,99.2687944058466,0.320449022522384,-0.114015382410379,0.0515889840301311,0.148074926761042,0.279009899075033,0,0,0,401.290033268614,0,0
56.2,100,100,99.2751736897402,0.317484441191451,-0.112991209325039,0.0509114032816729,0.156795842439317,0.287242772180529,0,0,0,401.304593488839,0,0
56.22,100,100,99.2814939856525,0.314550183660997,-0.111975649877325,0.0507248882597585,0.165435495026441,0.293939528212741,0,0,0,401.319026714275,0,0
56.24,100,100,99.2877558976165,0.311646005625222,-0.110959062027391,0.0510107651218058,0.173898434956926,0.299053133002835,0,0,0,401.333334118636,0,0
56.26,100,100,99.2939600247772,0.308771662493851,-0.109932221076455,0.0517460227507608,0.18209287121852,0.302553006745193,0,0,0,401.3475168636,0,0
56.28,100,100,99.3001069613795,0.305926908731638,-0.108886403340081,0.0529036258457429,0.189931497169908,0.30442501497583,0,0,0,401.361576098913,0,0
56.3,100,100,99.3061972967427,0.303111497241366,-0.107813463219937,0.0544528613366509,0.197332257261707,0.304671298958556,0,0,0,401.375512962484,0,0
56.32,100,100,99.3122316152241,0.300325178795801,-0.106705903047203,0.0563597141195622,0.204219048257421,0.303309950176932,0,0,0,401.389328580486,0,0
56.34,100,100,99.3182104961706,0.297567701523486,-0.105556935153043,0.0585872678974156,0.21052234931435,0.300374534910047,0,0,0,401.403024067455,0,0
56.36,100,100,99.3241345138615,0.294838810452629,-0.104360535707627,0.0610961267432169,0.216179776080935,0.295913476444831,0,0,0,401.416600526391,0,0
56.38,100,100,99.3300042374423,0.292138247116667,-0.103111489958129,0.06384485288182,0.221136554804373,0.289989303488899,0,0,0,401.430059048859,0,0
56.4,100,100,99.3358202308513,0.289465749224406,-0.101805428587027,0.0667904161113624,0.225345913294748,0.282677774720688,0,0,0,401.443400715092,0,0
56.42,100,100,99.3415830527407,0.286821050396962,-0.100438855003989,0.0698886502566589,0.228769386466535,0.274066890250669,0,0,0,401.456626594099,0,0
56.44,100,100,99.3472932563923,0.284203879972972,-0.09900916347667,0.0730947120636464,0.231377035053686,0.264255801825916,0,0,0,401.469737743767,0,0
56.46,100,100,99.352951389631,0.281613962882893,-0.0975146480970379,0.0763635380053863,0.233147576972423,0.25335363427307,0,0,0,401.482735210976,0,0
56.48,100,100,99.3585579947354,0.279051019592466,-0.0959545026694546,0.0796502945746521,0.234068431666199,0.2414782313636,0,0,0,401.4956200317,0,0
56.5,100,100,99.3641136083492,0.276514766114738,-0.0943288116938491,0.0829108177839725,0.234135678615029,0.228754839760728,0,0,0,401.508393231127,0,0
56.52,100,100,99.3696187613921,0.274004914089379,-0.0926385327011117,0.0861020377790199,0.233353932007633,0.21531474509499,0,0,0,401.521055823767,0,0
56.54,100,100,99.3750739789742,0.271521170927372,-0.0908854702775676,0.0891823846928284,0.23173613435705,0.201293874344035,0,0,0,401.533608813571,0,0
56.56,100,100,99.3804797803131,0.269063240018532,-0.0890722421903357,0.092112172123641,0.229303272582327,0.186831378851849,0,0,0,401.546053194046,0,0
56.58,100,100,99.3858366786562,0.266630820998763,-0.0872022380949114,0.0948539549051751,0.226084020770474,0.172068212172791,0,0,0,401.558389948375,0,0
56.6,100,100,99.3911451812088,0.264223610073388,-0.0852795713698494,0.0973728581513214,0.222114314473413,0.157145716766214,0,0,0,401.570620049535,0,0
56.62,100,100,99.396405789069,0.261841300392407,-0.0833090246804447,0.0996368748942318,0.217436861971776,0.14220423317176,0,0,0,401.582744460421,0,0
56.64,100,100,99.4016189971709,0.25948358247313,-0.0812959899233957,0.101617129991604,0.212100598454341,0.127381744860607,0,0,0,401.594764133967,0,0
56.66,100,100,99.4067852942364,0.257150144665178,-0.07924640324721,0.103288108351984,0.206160089509593,0.112812571352164,0,0,0,401.606680013271,0,0
56.68,100,100,99.4119051627369,0.254840673652585,-0.0771666758783014,0.104627845912016,0.199674890701622,0.0986261214708345,0,0,0,401.618493031718,0,0
56.7,100,100,99.4169790788653,0.252554854987403,-0.0750636215101277,0.105618082192885,0.192708870308262,0.0849457178260333,0,0,0,401.630204113107,0,0
56.72,100,100,99.4220075125187,0.250292373649038,-0.0729443810321996,0.106244373660644,0.185329502525571,0.0718875026671786,0,0,0,401.641814171776,0,0
56.74,100,100,99.4269909272931,0.248052914623366,-0.0708163453873225,0.106496167512767,0.177607138598576,0.0595594343192533,0,0,0,401.653324112729,0,0
56.76,100,100,99.4319297804891,0.245836163495598,-0.0686870773490308,0.106366835907259,0.16961426341325,0.0480603823297559,0,0,0,401.664734831758,0,0
56.78,100,100,99.43682452313,0.24364180705084,-0.0665642330069754,0.105853671037095,0.161424745088536,0.0374793283260936,0,0,0,401.676047215576,0,0
56.8,100,100,99.4416755999918,0.241469533876296,-0.0644554837361856,0.104957841828183,0.153113085034649,0.0278946784441868,0,0,0,401.687262141935,0,0
56.82,100,100,99.4464834496453,0.239319034959189,-0.062368439406935,0.1036843133998,0.144753675801867,0.0193736919709804,0,0,0,401.698380479754,0,0
56.84,100,100,99.4512485045099,0.237190004274579,-0.060310573565697,0.102041730769409,0.136420073830007,0.0119720296482763,0,0,0,401.709403089244,0,0
56.86,100,100,99.4559711909193,0.235082139357489,-0.0582891512847785,0.100042268605864,0.128184293933192,0.00573342379883262,0,0,0,401.720330822027,0,0
56.88,100,100,99.4606519291979,0.232995141853982,-0.0563111603391163,0.0977014491334679,0.120116132013054,0.000689471274595125,0,0,0,401.731164521258,0,0
56.9,100,100,99.4652911337487,0.230928718046138,-0.0543832463239022,0.0950379305617126,0.112282522098878,-0.00314045107257383,0,0,0,401.741905021747,0,0
56.92,100,100,99.4698892131508,0.228882579346213,-0.0525116522767137,0.0920732686596296,0.104746933362363,-0.00574914979650185,0,0,0,401.752553150073,0,0
56.94,100,100,99.4744465702667,0.226856442755662,-0.0507021633132617,0.0888316543076142,0.0975688122604302,-0.00714145978812685,0,0,0,401.7631097247,0,0
56.96,100,100,99.4789636023584,0.2248500312851,-0.0489600567273298,0.0853396300418434,0.090803074421455,-0.00733397445535436,0,0,0,401.773575556093,0,0
56.98,100,100,99.4834407012113,0.222863074331755,-0.0472900579436303,0.0816257887558031,0.0844996503188765,-0.00635466585266942,0,0,0,401.783951446824,0,0
57,100,100,99.4878782532654,0.220895308011411,-0.0456963026477945,0.0777204578391679,0.0787030881754708,-0.00424240062453012,0,0,0,401.794238191687,0,0
57.02,100,100,99.4922766397528,0.218946475442352,-0.0441823053512443,0.0736553721156648,0.0734522169161301,-0.00104635833982785,0,0,0,401.804436577795,0,0
57.04,100,100,99.4966362368397,0.217016326979324,-0.0427509345809236,0.0694633389886716,0.0687798713501478,0.00317464022823384,0,0,0,401.81454738469,0,0
57.06,100,100,99.5009574157737,0.215104620396047,-0.0414043948155162,0.0651778992161349,0.0647126811121496,0.00835288666622728,0,0,0,401.824571384439,0,0
57.08,100,100,99.5052405430327,0.213211121015353,-0.0401442152214906,0.0608329867155859,0.061270924242798,0.0144126113981686,0,0,0,401.834509341734,0,0
57.1,100,100,99.5094859804777,0.21133560178651,-0.0389712451747855,0.0564625907463159,0.0584684456362958,0.0212708737018138,0,0,0,401.844362013981,0,0
57.12,100,100,99.5136940855049,0.209477843309867,-0.0378856564878059,0.0521004237303267,0.0563126399501784,0.0288385053105323,0,0,0,401.854130151395,0,0
57.14,100,100,99.5178652111991,0.207637633809413,-0.0368869521972815,0.0477795978579664,0.0548044979432264,0.0370210974360121,0,0,0,401.863814497087,0,0
57.16,100,100,99.5219997064848,0.20581476905437,-0.0359739817070127,0.0435323134797668,0.0539387146118453,0.0457200207278727,0,0,0,401.873415787148,0,0
57.18,100,100,99.5260979162767,0.204009052231396,-0.0351449620211698,0.0393895621150168,0.0537038569180806,0.0548334675625022,0,0,0,401.882934750729,0,0
57.2,100,100,99.5301601816258,0.202220293769432,-0.0343975047491174,0.0353808467120454,0.0540825883609923,0.0642575061039159,0,0,0,401.892372110124,0,0
57.22,100,100,99.5341868398624,0.200448311119643,-0.0337286485121752,0.0315339215775393,0.0550519471396993,0.0738871355680355,0,0,0,401.901728580843,0,0
57.24,100,100,99.5381782247337,0.198692928493298,-0.0331348963367253,0.0278745541549705,0.0565836741919891,0.0836173323709381,0,0,0,401.911004871683,0,0
57.26,100,100,99.5421346665366,0.196953976560786,-0.0326122575769883,0.0244263105780386,0.0586445869729464,0.0933440770956641,0,0,0,401.920201684805,0,0
57.28,100,100,99.5460564922428,0.195231292115284,-0.0321562938749348,0.0212103666567438,0.0611969944691312,0.102965352559029,0,0,0,401.929319715794,0,0
57.3,100,100,99.5499440256183,0.193524717704867,-0.0317621686344258,0.0182453456742025,0.0641991486229896,0.112382103828212,0,0,0,401.938359653729,0,0
57.32,100,100,99.5537975873344,0.191834101237084,-0.0314246994619792,0.0155471840845339,0.0676057270762045,0.12149915143424,0,0,0,401.947322181245,0,0
57.34,100,100,99.5576174950705,0.190159295560232,-0.0311384130076777,0.0131290259090171,0.0713683419296594,0.130226049742725,0,0,0,401.956207974594,0,0
57.36,100,100,99.5614040636087,0.188500158025677,-0.0308976016267436,0.011001146332278,0.0754360690603226,0.13847788313271,0,0,0,401.965017703702,0,0
57.38,100,100,99.5651576049197,0.186856550035702,-0.030696381275221,0.00917090470535927,0.0797559924371888,0.146175993318377,0,0,0,401.97375203223,0,0
57.4,100,100,99.5688784282385,0.185228336581397,-0.0305287500519945,0.00764272687113316,0.0842737578346505,0.153248631987064,0,0,0,401.982411617624,0,0
57.42,100,100,99.5725668401323,0.18361538577513,-0.0303886468039242,0.00641811644228384,0.0889341303519347,0.159631533780311,0,0,0,401.990997111175,0,0
57.44,100,100,99.5762231445576,0.1820175683821,-0.0302700092210572,0.00549569438583635,0.0936815502181347,0.165268405465412,0,0,0,401.999509158067,0,0
57.46,100,100,99.5798476429089,0.180434757355396,-0.0301668308644614,0.00487126600339206,0.0984606814765552,0.170111328078028,0,0,0,402.007948397432,0,0
57.48,100,100,99.583440634058,0.178866827378865,-0.0300732165899813,0.0045379141451802,0.103216948315497,0.174121069739767,0,0,0,402.016315462397,0,0
57.5,100,100,99.5870024143836,0.177313654421942,-0.0299834358568314,0.00448611726110245,0.107897054030747,0.17726730771281,0,0,0,402.02461098014,0,0
57.52,100,100,99.5905332777935,0.175775115310391,-0.0298919734400795,0.0047038906749586,0.112449477864632,0.17952875924375,0,0,0,402.032835571933,0,0
57.54,100,100,99.5940335157367,0.17425108731668,-0.029793577100356,0.00517694927089735,0.11682494527604,0.180893221589126,0,0,0,402.040989853197,0,0
57.56,100,100,99.5975034172092,0.172741447773447,-0.0296833018021357,0.0058888896053835,0.120976867533854,0.181357522492807,0,0,0,402.049074433546,0,0
57.58,100,100,99.6009432687511,0.171246073713234,-0.0295565501132469,0.00682138930482337,0.124861746904495,0.180927383347844,0,0,0,402.05708991684,0,0
57.6,100,100,99.6043533544374,0.169764841537321,-0.0294091084623894,0.007954421479741,0.128439544110843,0.179617197881162,0,0,0,402.065036901233,0,0
57.62,100,100,99.6077339558622,0.168297626716194,-0.0292371789779163,0.00926648178161749,0.131674005167955,0.177449730204215,0,0,0,402.072915979223,0,0
57.64,100,100,99.6110853521177,0.166844303523792,-0.0290374066794485,0.0107348256489513,0.134532945154391,0.174455736600355,0,0,0,402.080727737699,0,0
57.66,100,100,99.6144078197672,0.165404744807314,-0.0288069018435452,0.0123357132350004,0.136988486942984,0.170673516220848,0,0,0,402.088472757994,0,0
57.68,100,100,99.6177016328156,0.163978821793992,-0.0285432574151307,0.0140446594810836,0.139017253392971,0.166148396350012,0,0,0,402.096151615937,0,0
57.7,100,100,99.6209670626744,0.162566403935854,-0.0282445613871758,0.0158366867960614,0.140600511986839,0.160932158526897,0,0,0,402.103764881901,0,0
57.72,100,100,99.6242043781255,0.16116735879308,-0.0279094041217437,0.0176865778242683,0.141724271381091,0.15508241222618,0,0,0,402.111313120858,0,0
57.74,100,100,99.6274138452826,0.159781551956207,-0.0275368806354466,0.0195691258300208,0.142379329818524,0.148661923175501,0,0,0,402.11879689243,0,0
57.76,100,100,99.6305957275508,0.158408847007013,-0.0271265879211419,0.0214593802960285,0.142561275823132,0.141737903747961,0,0,0,402.126216750945,0,0
57.78,100,100,99.633750285587,0.15704910551757,-0.0266786174248727,0.0233328854244141,0.142270442055002,0.134381273046026,0,0,0,402.133573245488,0,0
57.8,100,100,99.6368777772596,0.155702187086568,-0.0261935428421951,0.0251659093413225,0.141511813646669,0.126665894499871,0,0,0,402.140866919962,0,0
57.82,100,100,99.6399784576099,0.154367949411666,-0.0256724034407258,0.0269356619378446,0.140294892762015,0.118667798816246,0,0,0,402.148098313138,0,0
57.84,100,100,99.6430525788148,0.153046248396318,-0.0251166831556273,0.0286204994294487,0.138633521514351,0.110464400210006,0,0,0,402.155267958717,0,0
57.86,100,100,99.6461003901527,0.151736938289185,-0.0245282857414697,0.0302001138815686,0.136545665748146,0.102133713632255,0,0,0,402.162376385383,0,0
57.88,100,100,99.6491221379716,0.150439871853981,-0.0239095062971842,0.031655706128529,0.134053162525082,0.0937535806797201,0,0,0,402.169424116866,0,0
57.9,100,100,99.6521180656618,0.149154900567332,-0.0232629995103826,0.0329701407045433,0.131181434457054,0.0854009115801246,0,0,0,402.176411671997,0,0
57.92,100,100,99.6550884136319,0.147881874842007,-0.0225917449929414,0.034128081607042,0.127959174294704,0.0771509503747487,0,0,0,402.183339564769,0,0
57.94,100,100,99.6580334192902,0.146620644272673,-0.0218990101012605,0.0351161079219217,0.124418003408395,0.069076570023647,0,0,0,402.190208304399,0,0
57.96,100,100,99.660953317031,0.145371057901166,-0.021188310651877,0.0359228085551937,0.120592107984093,0.0612476038186535,0,0,0,402.197018395382,0,0
57.98,100,100,99.6638483382261,0.144132964498134,-0.0204633699560407,0.0365388555338173,0.116517856906224,0.0537302189128336,0,0,0,402.203770337559,0,0
58,100,100,99.6667187112226,0.142906212857796,-0.0197280766054124,0.0369570555580365,0.112233405403499,0.0465863373516479,0,0,0,402.210464626173,0,0
58.02,100,100,99.6695646613461,0.141690652102515,-0.0189864414452059,0.0371723797060664,0.107778288596776,0.0398731093820532,0,0,0,402.217101751928,0,0
58.04,100,100,99.6723864109106,0.140486131993831,-0.0182425541709212,0.037181971407435,0.103193009111794,0.0336424431676471,0,0,0,402.223682201054,0,0
58.06,100,100,99.6751841792343,0.139292503246603,-0.0175005399803718,0.0369851330115832,0.0985186228973679,0.0279405945494275,0,0,0,402.230206455365,0,0
58.08,100,100,99.677958182662,0.138109617842951,-0.0167645167041375,0.0365832914815553,0.0937963273340474,0.0228078196563489,0,0,0,402.236674992316,0,0
58.1,100,100,99.6807086345931,0.136937329342739,-0.0160385528250117,0.0359799439368723,0.0890670556162364,0.0182780926666656,0,0,0,402.243088285067,0,0
58.12,100,100,99.6834357455168,0.135775493187453,-0.0153266267806808,0.0351805839532449,0.0843710812585692,0.0143788902296298,0,0,0,402.249446802537,0,0
58.14,100,100,99.6861397230524,0.134623966994426,-0.0146325879239836,0.0341926096980752,0.0797476364043322,0.0111310434236482,0,0,0,402.255751009467,0,0
58.16,100,100,99.6888207719954,0.133482610838547,-0.0139601194919192,0.0330252151382527,0.0752345474129232,0.00854865745445148,0,0,0,402.262001366471,0,0
58.18,100,100,99.6914790943699,0.132351287518736,-0.0133127039083919,0.0316892656992892,0.0708678909669769,0.00663909862428542,0,0,0,402.268198330096,0,0
58.2,100,100,99.6941148894852,0.131229862806689,-0.0126935907168083,0.0301971598812567,0.0666816736824157,0.00540304741592834,0,0,0,402.274342352876,0,0
58.22,100,100,99.6967283539976,0.130118205675607,-0.0121057674074096,0.0285626784463123,0.062707537915527,0.00483461601098059,0,0,0,402.280433883386,0,0
58.24,100,100,99.6993196819767,0.129016188506868,-0.0115519333709825,0.0268008228841365,0.0589744961586196,0.00492152779324627,0,0,0,402.286473366292,0,0
58.26,100,100,99.7018890649753,0.127923687272847,-0.0110344771757003,0.0249276449347136,0.055508696088973,0.00564535605419661,0,0,0,402.292461242405,0,0
58.28,100,100,99.7044366921032,0.126840581694376,-0.0105554573276866,0.0229600690022941,0.0523332180001952,0.00698181837167655,0,0,0,402.298397948731,0,0
58.3,100,100,99.7069627501026,0.125766755371577,-0.010116586638826,0.0209157093298202,0.0494679059948236,0.00890112278615807,0,0,0,402.304283918514,0,0
58.32,100,100,99.7094674234281,0.124702095887141,-0.00971922028776802,0.0188126838195543,0.0469292339606372,0.0113683614282231,0,0,0,402.31011958129,0,0
58.34,100,100,99.7119508943257,0.12364649488135,-0.00936434762234585,0.0166694263834297,0.0447302069958301,0.0143439468568757,0,0,0,402.315905362925,0,0
58.36,100,100,99.7144133429158,0.122599848098483,-0.00905258771413705,0.0145044996860147,0.0428802985887824,0.0177840860621353,0,0,0,402.321641685664,0,0
58.38,100,100,99.7168549472746,0.121562055404506,-0.00878418863899076,0.0123364101045496,0.0413854235019551,0.0216412867792155,0,0,0,402.327328968169,0,0
58.4,100,100,99.7192758835168,0.120533020776239,-0.00855903042138535,0.010183426674895,0.0402479459607882,0.0258648905808367,0,0,0,402.33296762556,0,0
58.42,100,100,99.7216763258775,0.11951265226246,-0.00837663154579571,0.00806340572039654,0.0394667224136803,0.0304016270318328,0,0,0,402.338558069453,0,0
58.44,100,100,99.7240564467929,0.118500861917704,-0.00823615890515518,0.00599362277360259,0.0390371778015701,0.0351961830729659,0,0,0,402.344100708,0,0
58.46,100,100,99.7264164169797,0.117497565709714,-0.00813644102528886,0.00399061329949168,0.0389514139680983,0.0401917818399464,0,0,0,402.349595945919,0,0
58.48,100,100,99.7287564055119,0.116502683401806,-0.00807598437514251,0.00207002361478879,0.0391983485545388,0.045330765006405,0,0,0,402.355044184531,0,0
58.5,100,100,99.7310765798959,0.115516138411583,-0.0080529925459775,0.00024647327233471,0.0397638824544203,0.050555172969177,0,0,0,402.360445821792,0,0
58.52,100,100,99.7333771061413,0.114537857647667,-0.00806538805866459,-0.0014665699562313,0.0406310936591733,0.0558073171730874,0,0,0,402.365801252322,0,0
58.54,100,100,99.7356581488296,0.113567771326291,-0.00811083653697392,-0.00305690151046917,0.041780455110541,0.0610303391704306,0,0,0,402.371110867436,0,0
58.56,100,100,99.7379198711778,0.11260581276976,-0.00818677296648018,-0.0045136770460518,0.0431900739813007,0.0661687511878408,0,0,0,402.37637505517,0,0
58.58,100,100,99.7401624350987,0.111651918188948,-0.00829042974350578,-0.00582749433346727,0.0448359496489243,0.0711689532337979,0,0,0,402.381594200311,0,0
58.6,100,100,99.7423860012563,0.110706026452069,-0.00841886620650072,-0.00699045952976016,0.0466922474898203,0.0759797221382727,0,0,0,402.386768684417,0,0
58.62,100,100,99.7445907291164,0.10976807884212,-0.00856899933346649,-0.00799623746506715,0.0487315855244907,0.080552668310098,0,0,0,402.391898885849,0,0
58.64,100,100,99.7467767769926,0.108838018805401,-0.00873763528349556,-0.00884008574865251,0.0509253308717368,0.0848426562386629,0,0,0,402.396985179785,0,0
58.66,100,100,99.7489443020871,0.107915791693605,-0.00892150145821512,-0.0095188726610569,0.0532439029294291,0.0888081854162758,0,0,0,402.402027938254,0,0
58.68,100,100,99.7510934605257,0.107001344501955,-0.00911727875985292,-0.0100310789581189,0.0556570801939775,0.0924117286164645,0,0,0,402.407027530146,0,0
58.7,100,100,99.7532244073885,0.106094625605894,-0.00932163372671636,-0.0103767838676391,0.05813430764928,0.095620025043207,0,0,0,402.411984321242,0,0
58.72,100,100,99.7553372967346,0.105195584498765,-0.00953125023399594,-0.0105576357088268,0.0606450017087428,0.0984043263171686,0,0,0,402.416898674233,0,0
58.74,100,100,99.7574322816223,0.104304171532908,-0.00974286045784351,-0.0105768077070759,0.0631588497744893,0.100740593758435,0,0,0,402.421770948736,0,0
58.76,100,100,99.759509514123,0.103420337666472,-0.00995327481348276,-0.0104389397107371,0.0656461015837167,0.102609645959363,0,0,0,402.426601501317,0,0
58.78,100,100,99.7615691453316,0.102544034218201,-0.0101594105935068,-0.0101500666413251,0.0680778496461182,0.103997256116682,0,0,0,402.431390685512,0,0
58.8,100,100,99.7636113253708,0.101675212632284,-0.0103583190503077,-0.00971753462288973,0.0704262962318516,0.104894199104918,0,0,0,402.436138851844,0,0
58.82,100,100,99.7656362033917,0.100813824255252,-0.010547210686547,-0.00914990583921292,0.0726650045502855,0.105296248769928,0,0,0,402.440846347843,0,0
58.84,100,100,99.7676439275696,0.0999598201267546,-0.0107234785394756,-0.00845685325824452,0.0747691319553579,0.105204126365841,0,0,0,402.445513518067,0,0
58.86,100,100,99.7696346450957,0.0991131507858464,-0.0108847192685051,-0.00764904644115136,0.0767156432321438,0.104623401614063,0,0,0,402.450140704118,0,0
58.88,100,100,99.7716085021657,0.0982737660942881,-0.0110287518804434,-0.00673802971790058,0.07848350224782,0.103564348141419,0,0,0,402.454728244666,0,0
58.9,100,100,99.7735656439645,0.0974416150781191,-0.0111536339529824,-0.00573609406219592,0.0800538404949439,0.10204175562936,0,0,0,402.459276475466,0,0
58.92,100,100,99.7755062146476,0.0966166457885963,-0.0112576752440696,-0.0046561440354091,0.081410101309004,0.100074701289541,0,0,0,402.463785729381,0,0
58.94,100,100,99.7774303573212,0.0957988051833676,-0.0113394486024444,-0.00351156119196148,0.0825381587998022,0.0976862836441607,0,0,0,402.468256336399,0,0
58.96,100,100,99.7793382140186,0.0949880390285426,-0.0113977981225741,-0.00231606534738553,0.0834264108046646,0.0949033219298594,0,0,0,402.47268862366,0,0
58.98,100,100,99.781229925676,0.0941842918221056,-0.0114318445152269,-0.00108357510515298,0.0840658454366331,0.0917560247158782,0,0,0,402.477082915471,0,0
59,100,100,99.7831056321064,0.0933875067389011,-0.0114409876926723,0.000171930980303959,0.0844500810665685,0.0882776314981913,0,0,0,402.481439533334,0,0
59.02,100,100,99.7849654719726,0.0925976255972097,-0.0114249065947524,0.00143655125871762,0.084575379842212,0.0845040313439775,0,0,0,402.485758795964,0,0
59.04,100,100,99.7868095827603,0.0918145888467211,-0.0113835563085595,0.0026965945559937,0.0844406351030833,0.0804733626884797,0,0,0,402.490041019315,0,0
59.06,100,100,99.7886381007505,0.0910383355775066,-0.0113171625599338,0.00393870921806573,0.0840473332987725,0.0762255985670627,0,0,0,402.494286516605,0,0
59.08,100,100,99.7904511609924,0.0902688035493982,-0.0112262136792433,0.00515000644896625,0.0833994912569074,0.0718021216190131,0,0,0,402.498495598336,0,0
59.1,100,100,99.7922488972779,0.0895059292409951,-0.0111114501666972,0.00631817684314593,0.0825035698719485,0.0672452931817166,0,0,0,402.502668572324,0,0
59.12,100,100,99.794031442116,0.0887496479173389,-0.0109738520035921,0.00743159909901337,0.0813683654955321,0.0625980208361846,0,0,0,402.50680574372,0,0
59.14,100,100,99.7957989267094,0.0879998937151415,-0.0108146238752057,0.00847943999594658,0.080004880506191,0.0579033286183443,0,0,0,402.51090741504,0,0
59.16,100,100,99.7975514809333,0.0872565997442934,-0.0106351784884018,0.00945174481948836,0.0784261747093132,0.0532039340844487,0,0,0,402.514973886187,0,0
59.18,100,100,99.7992892333158,0.0865196982042538,-0.0104371181822309,0.0103395175279797,0.0766471993771733,0.0485418362333236,0,0,0,402.519005454481,0,0
59.2,100,100,99.8010123110209,0.0857891205137978,-0.0102222150428275,0.0111347900673082,0.0746846158739133,0.0439579180699538,0,0,0,402.523002414685,0,0
59.22,100,100,99.8027208398342,0.0850647974525025,-0.00999238974459774,0.0118306803575521,0.0725566009248663,0.0394915675118628,0,0,0,402.526965059032,0,0
59.24,100,100,99.804414944152,0.0843466593122658,-0.00974968934802845,0.0124214385949492,0.0702826406832018,0.0351803199098304,0,0,0,402.530893677254,0,0
59.26,100,100,99.8060947469727,0.0836346360570888,-0.00949626429036864,0.0129024816334569,0.0678833158152123,0.0310595253470125,0,0,0,402.534788556608,0,0
59.28,100,100,99.8077603698923,0.0829286574893057,-0.00923434480894061,0.0132704153311296,0.0653800798722792,0.0271620434652798,0,0,0,402.538649981907,0,0
59.3,100,100,99.8094119331023,0.082228653420418,-0.00896621703793199,0.0135230448663327,0.0627950332421017,0.023517968326577,0,0,0,402.542478235543,0,0
59.32,100,100,99.8110495553922,0.0815345538446799,-0.00869419901823971,0.0136593731463531,0.0601506949705766,0.0201543854148806,0,0,0,402.546273597522,0,0
59.34,100,100,99.8126733541548,0.0808462891135897,-0.00842061685633736,0.0136795875451236,0.057469774726227,0.0170951625651603,0,0,0,402.550036345484,0,0
59.36,100,100,99.8142834453946,0.0801637901094721,-0.0081477812622978,0.0135850353164928,0.054774947133467,0.0143607762442293,0,0,0,402.553766754738,0,0
59.38,100,100,99.8158799437408,0.0794869884163769,-0.0078779646891216,0.0133781881337747,0.05208863063774,0.0119681742208061,0,0,0,402.557465098287,0,0
59.4,100,100,99.8174629624625,0.0788158164865816,-0.00761337928551597,0.0130625963042707,0.0494327729811533,0.00993067526964813,0,0,0,402.561131646852,0,0
59.42,100,100,99.8190326134879,0.0781502078010627,-0.00735615586237524,0.0126428332982008,0.0468286452623862,0.00825790626150349,0,0,0,402.564766668905,0,0
59.44,100,100,99.8205890074266,0.0774900970223898,-0.00710832405958254,0.012124431314338,0.0442966464365708,0.00695577646952149,0,0,0,402.568370430692,0,0
59.46,100,100,99.822132253594,0.0768354201386005,-0.00687179388455005,0.0115138086788446,0.0418561199719864,0.00602648875340607,0,0,0,402.571943196259,0,0
59.48,100,100,99.8236624600402,0.076186114596733,-0.00664833877731807,0.0108181899389013,0.0395251842313975,0.00546858673218147,0,0,0,402.575485227479,0,0
59.5,100,100,99.8251797335795,0.075542119424817,-0.00643958033923151,0.0100455195680946,0.0373205779802184,0.0052770369017377,0,0,0,402.578996784076,0,0
59.52,100,100,99.8266841798235,0.0749033753412623,-0.00624697484340146,0.00920437024601815,0.0352575222537641,0.00544334416967517,0,0,0,402.582478123651,0,0
59.54,100,100,99.828175903216,0.0742698248507288,-0.00607180162554118,0.00830384670969602,0.033349599628223,0.00595569912363763,0,0,0,402.585929501702,0,0
59.56,100,100,99.8296550070696,0.0736414123257103,-0.00591515343354912,0.00735348619920269,0.0316086517538932,0.00679915494058258,0,0,0,402.589351171652,0,0
59.58,100,100,99.8311215936031,0.0730180840732221,-0.00577792879360302,0.00636315653417271,0.0300446958132686,0.00795583171416342,0,0,0,402.592743384867,0,0
59.6,100,100,99.8325757639818,0.0723997883861387,-0.00566082642973943,0.00534295286180013,0.0286658603692302,0.00940514565333661,0,0,0,402.596106390681,0,0
59.62,100,100,99.8340176183567,0.0717864755788897,-0.00556434175312709,0.00430309411059794,0.0274783408708223,0.01112406046689,0,0,0,402.599440436414,0,0
59.64,100,100,99.8354472559054,0.0711780980073795,-0.0054887654167045,0.00325382016783795,0.0264863748866665,0.0130873580531744,0,0,0,402.602745767392,0,0
59.66,100,100,99.8368647748734,0.0705746100731562,-0.00543418391073742,0.00220529077262356,0.0256922369412062,0.0152679255101018,0,0,0,402.606022626968,0,0
59.68,100,100,99.8382702726144,0.0699759682120093,-0.00540048215535034,0.00116748708133073,0.0250962526415838,0.017637055330653,0,0,0,402.609271256538,0,0
59.7,100,100,99.8396638456309,0.0693821308673259,-0.00538734802737588,0.000150116818276682,0.0246968315974957,0.0201647556165747,0,0,0,402.612491895561,0,0
59.72,100,100,99.8410455896142,0.0687930584486787,-0.00539427874111647,-0.000837476127571157,0.0244905184632611,0.0228200670891999,0,0,0,402.615684781573,0,0
59.74,100,100,99.8424155994828,0.0682087132762574,-0.00542058898597916,-0.00178639685849319,0.0244720612673428,0.0255713836763332,0,0,0,402.618850150204,0,0
59.76,100,100,99.8437739694203,0.067629059511882,-0.00546542070856827,-0.00268827864132487,0.0246344960397545,0.028386773465534,0,0,0,402.621988235193,0,0
59.78,100,100,99.8451207929112,0.067054063077456,-0.00552775441282949,-0.00353535543518441,0.0249692466060819,0.0312342968743909,0,0,0,402.625099268403,0,0
59.8,100,100,99.8464561627753,0.0664836915618249,-0.00560642183934438,-0.00432052718791031,0.0254662382928058,0.0340823189991072,0,0,0,402.628183479833,0,0
59.82,100,100,99.8477801711999,0.0659179141171027,-0.00570011987396884,-0.0050374173970741,0.0261140241714234,0.0368998131727466,0,0,0,402.631241097634,0,0
59.84,100,100,99.8490929097703,0.0653567013456125,-0.00580742552677251,-0.00568042251647365,0.0268999223756458,0.0396566529452419,0,0,0,402.634272348117,0,0
59.86,100,100,99.8503944694971,0.0648000251786613,-0.00592681181472519,-0.00624475287650127,0.0278101629428976,0.0423238898226609,0,0,0,402.637277455769,0,0
59.88,100,100,99.8516849408417,0.0642478587484229,-0.00605666437583388,-0.0067264648759369,0.028830042567107,0.0448740143507469,0,0,0,402.64025664326,0,0
59.9,100,100,99.8529644137394,0.0637001762542537,-0.00619529863848356,-0.00712248429257418,0.0299440856029265,0.0472811982498854,0,0,0,402.643210131458,0,0
59.92,100,100,99.8542329776185,0.0631569528247908,-0.00634097736758031,-0.00743062064977744,0.0311362096305602,0.0495215156441058,0,0,0,402.646138139437,0,0
59.94,100,100,99.8554907214185,0.0626181643772043,-0.00649192840872645,-0.00764957266467422,0.0323898938781988,0.0515731415439786,0,0,0,402.649040884487,0,0
59.96,100,100,99.8567377336036,0.0620837874749761,-0.00664636245304245,-0.00777892489044125,0.0336883488015088,0.0534165261373478,0,0,0,402.651918582124,0,0
59.98,100,100,99.8579741021747,0.061553799185568,-0.00680249064834488,-0.00781913574914094,0.0350146851407802,0.0550345435574604,0,0,0,402.6547714461,0,0
60,100,100,99.8591999146778,0.0610281769393195,-0.00695854188713083,-0.00777151723213456,0.0363520808123634,0.0564126142100512,0,0,0,402.65759968841,0,0
60.02,100,100,99.8604152582102,0.0605068983908789,-0.00711277960813041,-0.00763820662140626,0.0376839440425435,0.0575387999200686,0,0,0,402.660403519305,0,0
60.04,100,100,99.8616202194231,0.0599899412844242,-0.00726351795597911,-0.00742213065661257,0.0389940712182459,0.0584038714746463,0,0,0,402.663183147297,0,0
60.06,100,100,99.8628148845226,0.0594772833238696,-0.00740913715272755,-0.00712696263865666,0.0402667980099059,0.0590013484418161,0,0,0,402.665938779169,0,0
60.08,100,100,99.8639993392674,0.0589689020491851,-0.00754809794533167,-0.00675707302051042,0.0414871424132449,0.0593275113447548,0,0,0,402.668670619985,0,0
60.1,100,100,99.8651736689643,0.0584647747198752,-0.00767895500482735,-0.00631747408951323,0.0426409384605817,0.0593813866361317,0,0,0,402.671378873098,0,0
60.12,100,100,99.8663379584618,0.0579648782065755,-0.00780036916545485,-0.00581375939190414,0.043714959469241,0.0591647050718232,0,0,0,402.674063740161,0,0
60.14,100,100,99.8674922921409,0.0574691888916294,-0.00791111840541934,-0.0052520385896639,0.0446970298150232,0.0586818344480333,0,0,0,402.676725421132,0,0
60.16,100,100,99.8686367539045,0.0569776825794034,-0.00801010748510614,-0.00463886847161704,0.0455761243502995,0.0579396877635662,0,0,0,402.679364114288,0,0
60.18,100,100,99.8697714271655,0.0564903344169927,-0.00809637617326401,-0.00398118086494098,0.0463424547261369,0.0569476082223679,0,0,0,402.681980016232,0,0
60.2,100,100,99.8708963948321,0.056007118825854,-0.0081691060067689,-0.00328620820965837,0.0469875420149775,0.0557172326103319,0,0,0,402.684573321905,0,0
60.22,100,100,99.8720117392937,0.0555280094447883,-0.00822762554493318,-0.00256140756741602,0.0475042751804903,0.0542623347562346,0,0,0,402.687144224593,0,0
60.24,100,100,99.8731175424038,0.0550529790845775,-0.00827141409477326,-0.00181438383680345,0.0478869550842228,0.0525986510309336,0,0,0,402.689692915942,0,0
60.26,100,100,99.874213885464,0.0545819996944587,-0.00830010389904033,-0.00105281294091296,0.0481313238680136,0.0507436898731583,0,0,0,402.692219585964,0,0
60.28,100,100,99.8753008492057,0.0541150423405062,-0.00831348079400594,-0.000284365738876875,0.0482345796960713,0.0487165275484361,0,0,0,402.694724423052,0,0
60.3,100,100,99.8763785137728,0.0536520771958672,-0.0083114833588295,0.000483366607917914,0.0481953769853242,0.0465375923314086,0,0,0,402.697207613989,0,0
60.32,100,100,99.877446958704,0.0531930735426901,-0.00829420059268213,0.00124294511201912,0.0480138123894597,0.0442284395248951,0,0,0,402.699669343965,0,0
60.34,100,100,99.8785062629143,0.0527379997854692,-0.0082618681695283,0.0019871526097639,0.047691396941307,0.0418115195971506,0,0,0,402.702109796579,0,0
60.36,100,100,99.8795565046788,0.052286823475426,-0.00821486333345002,0.00270905995609515,0.0472310148796221,0.039309941876729,0,0,0,402.704529153864,0,0
60.38,100,100,99.880597761615,0.0518395113454455,-0.00815369850952697,0.00340208818108172,0.0466368698128829,0.0367472362117912,0,0,0,402.70692759629,0,0
60.4,100,100,99.8816301106673,0.0513960293549949,-0.00807901371645511,0.00406006607524799,0.0459144189800253,0.0341471149274188,0,0,0,402.709305302785,0,0
60.42,100,100,99.8826536280921,0.050956342744363,-0.00799156787720483,0.00467728272537076,0.0450702964734386,0.0315332374275203,0,0,0,402.711662450741,0,0
60.44,100,100,99.8836683894439,0.0505204160974828,-0.00789222913300974,0.00524853458069824,0.0441122263785743,0.0289289796657851,0,0,0,402.713999216035,0,0
60.46,100,100,99.8846744695627,0.0500882134125281,-0.00778196427376964,0.00576916669079701,0.0430489268680487,0.0263572107101399,0,0,0,402.716315773038,0,0
60.48,100,100,99.8856719425636,0.0496596981794174,-0.00766182740449382,0.00623510781991476,0.0418900063549537,0.0238400783564677,0,0,0,402.718612294633,0,0
60.5,100,100,99.8866608818269,0.0492348334633044,-0.00753294797266227,0.006642899208083,0.0406458528694192,0.0213988058369163,0,0,0,402.720888952226,0,0
60.52,100,100,99.8876413599907,0.0488135819930963,-0.0073965182853142,0.00698971681560919,0.0393275178650399,0.0190535012903222,0,0,0,402.723145915766,0,0
60.54,100,100,99.888613448945,0.0483959062540089,-0.00725378064727388,0.00727338695431479,0.0379465956957123,0.0168229817143869,0,0,0,402.725383353754,0,0
60.56,100,100,99.889577219828,0.0479817685831474,-0.00710601425319006,0.0074923952754006,0.0365151000212864,0.0147246127951824,0,0,0,402.727601433262,0,0
60.58,100,100,99.890532743024,0.0475711312670922,-0.00695452196601085,0.00764588914929115,0.0350453384075749,0.0127741658939422,0,0,0,402.729800319945,0,0
60.6,100,100,99.8914800881632,0.0471639566404677,-0.00680061711316618,0.00773367353678632,0.0335497863812181,0.010985693298481,0,0,0,402.731980178061,0,0
60.62,100,100,99.892419324124,0.0467602071844836,-0.00664561042912089,0.00775620051266064,0.0320409621800592,0.00937142260394495,0,0,0,402.73414117048,0,0
60.64,100,100,99.8933505190364,0.0463598456244568,-0.00649079726914355,0.00771455266191968,0.0305313034120197,0.00794167085961605,0,0,0,402.736283458703,0,0
60.66,100,100,99.8942737402885,0.0459628350253511,-0.00633744521416719,0.00761042062474401,0.029033046792142,0.00670477904195399,0,0,0,402.738407202875,0,0
60.68,100,100,99.8951890545335,0.0455691388844102,-0.00618678218057057,0.00744607511824701,0.027558112077128,0.00566706704603258,0,0,0,402.740512561804,0,0
60.7,100,100,99.8960965277,0.0451787212200045,-0.00603998514165915,0.00722433381110538,0.02611799125493,0.0048328092556229,0,0,0,402.742599692968,0,0
60.72,100,100,99.8969962250027,0.0447915466558686,-0.00589816955966268,0.00694852347044082,0.0247236439741745,0.00420423060398726,0,0,0,402.744668752535,0,0
60.74,100,100,99.8978882109553,0.044407580499964,-0.00576237961828583,0.00662243783878328,0.0233854001205964,0.00378152273618588,0,0,0,402.746719895376,0,0
60.76,100,100,99.8987725493854,0.0440267888172707,-0.00563357933635034,0.00625029173221234,0.0221128703614245,0.0035628797420235,0,0,0,402.74875327508,0,0
60.78,100,100,99.8996493034499,0.0436491384958851,-0.00551264463295755,0.00583667187859084,0.0209148653829915,0.00354455275940508,0,0,0,402.750769043963,0,0
60.8,100,100,99.9005185356522,0.0432745973058761,-0.00540035640399032,0.00538648503704446,0.0197993244506239,0.0037209225915389,0,0,0,402.752767353087,0,0
60.82,100,100,99.9013803078605,0.0429031339504369,-0.00529739465877517,0.00490490395639442,0.0187732538166947,0.00408458923553066,0,0,0,402.75474835227,0,0
60.84,100,100,99.9022346813264,0.0425347181089495,-0.0052043337544539,0.00439731174101175,0.0178426753953256,0.00462647716128787,0,0,0,402.756712190097,0,0
60.86,100,100,99.9030817167056,0.0421693204716711,-0.0051216387541852,0.00386924519756864,0.0170125860156964,0.00533595503635092,0,0,0,402.758659013937,0,0
60.88,100,100,99.9039214740776,0.0418069127658335,-0.00504966292382422,0.00332633773550814,0.0162869274554159,0.0062009684440789,0,0,0,402.760588969949,0,0
60.9,100,100,99.9047540129671,0.0414474677730406,-0.00498864637032563,0.00277426238775138,0.0156685673477062,0.00720818402374145,0,0,0,402.762502203097,0,0
60.92,100,100,99.905579392365,0.0410909593379326,-0.0049387158138929,0.00221867550649159,0.0151592909460904,0.00834314346921072,0,0,0,402.76439885716,0,0
60.94,100,100,99.9063976707498,0.0407373623681734,-0.00489988547496064,0.001665161671991,0.0147598036261314,0.00959042566010259,0,0,0,402.766279074742,0,0
60.96,100,100,99.9072089061087,0.0403866528259022,-0.00487205904654876,0.00111918033047649,0.0144697439005138,0.0109338151959597,0,0,0,402.768142997283,0,0
60.98,100,100,99.9080131559585,0.0400388077108719,-0.00485503271246256,0.000586014650720326,0.0142877066244085,0.0123564755584721,0,0,0,402.769990765067,0,0
61,100,100,99.9088104773662,0.0396938050355723,-0.00484849916232269,7.07230581084326e-05,0.0142112759757519,0.0138411251495306,0,0,0,402.771822517234,0,0
61.02,100,100,99.9096009269689,0.0393516237927124,-0.00485205254557306,-0.000421906129695893,0.0142370677053173,0.0153702143975388,0,0,0,402.773638391785,0,0
61.04,100,100,99.9103845609931,0.0390122439155016,-0.00486519429850983,-0.000887396579599727,0.0143607800729929,0.0169261022123474,0,0,0,402.775438525592,0,0
61.06,100,100,99.911161435273,0.0386756462312347,-0.00488733977106398,-0.00132162198779104,0.0145772528088711,0.0184912300398628,0,0,0,402.77722305441,0,0
61.08,100,100,99.9119316052677,0.0383418124087383,-0.00491782557361251,-0.00172083999157521,0.0148805333753445,0.0200482918862563,0,0,0,402.778992112876,0,0
61.1,100,100,99.9126951260777,0.038010724900292,-0.00495591755853477,-0.00208172169355073,0.0152639497459008,0.0215803987158992,0,0,0,402.780745834526,0,0
61.12,100,100,99.9134520524599,0.0376823668786741,-0.00500081934660927,-0.00240137659100804,0.0157201888675983,0.0230712357232271,0,0,0,402.782484351796,0,0
61.14,100,100,99.9142024388412,0.0373567221700234,-0.00505168130468967,-0.00267737275219165,0.0162413799357027,0.0245052110634157,0,0,0,402.784207796028,0,0
61.16,100,100,99.9149463393312,0.0370337751832328,-0.00510760987842558,-0.00290775213049073,0.0168191815750232,0.0258675947488829,0,0,0,402.785916297481,0,0
61.18,100,100,99.9156838077326,0.0367135108366139,-0.00516767718211058,-0.00309104095719562,0.0174448720048122,0.0271446465554227,0,0,0,402.787609985335,0,0
61.2,100,100,99.916414897551,0.0363959144825842,-0.00523093074704572,-0.00322625520265585,0.0181094412489923,0.0283237318485411,0,0,0,402.789288987696,0,0
61.22,100,100,99.917139662003,0.0360809718311336,-0.00529640333008981,-0.0033129011441303,0.0188036844518325,0.0293934244783188,0,0,0,402.790953431602,0,0
61.24,100,100,99.9178581540221,0.0357686688728264,-0.00536312268530696,-0.00335097112571674,0.0195182953675372,0.0303435959253207,0,0,0,402.792603443032,0,0
61.26,100,100,99.9185704262638,0.0354589918020849,-0.00543012120378731,-0.00334093464118819,0.0202439591047529,0.0311654901096846,0,0,0,402.794239146906,0,0
61.28,100,100,99.9192765311089,0.0351519269414841,-0.00549644532977029,-0.00328372491388125,0.0209714432338007,0.0318517833976545,0,0,0,402.795860667097,0,0
61.3,100,100,99.9199765206653,0.0348474606677658,-0.00556116466509511,-0.0031807211885533,0.0216916863963182,0.0323966294717258,0,0,0,402.79746812643,0,0
61.32,100,100,99.9206704467686,0.0345455793402468,-0.0056233806786859,-0.00303372698808714,0.0223958835960456,0.0327956889357579,0,0,0,402.799061646693,0,0
61.34,100,100,99.9213583609805,0.0342462692322651,-0.00568223494318978,-0.00284494462267662,0.0230755674003582,0.0330461436371386,0,0,0,402.800641348639,0,0
61.36,100,100,99.9220403145869,0.0339495164662631,-0.00573691682695742,-0.00261694627040193,0.0237226843323874,0.0331466958379062,0,0,0,402.802207351991,0,0
61.38,100,100,99.9227163585943,0.0336553069530609,-0.00578667057621668,-0.00235264197575066,0.0243296657981065,0.0330975525279488,0,0,0,402.803759775452,0,0
61.4,100,100,99.9233865437245,0.0333636263358236,-0.00583080172946433,-0.00205524493630885,0.0248894929539007,0.0329003953525288,0,0,0,402.805298736706,0,0
61.42,100,100,99.9240509204094,0.0330744599391695,-0.00586868281370887,-0.00172823446750534,0.0253957549953874,0.0325583366280102,0,0,0,402.806824352426,0,0
61.44,100,100,99.9247095387835,0.0327877927238081,-0.00589975828015654,-0.00137531705073292,0.0258427004184278,0.032075862227443,0,0,0,402.808336738279,0,0
61.46,100,100,99.9253624486768,0.0325036092470372,-0.00592354864515844,-0.00100038588141266,0.026225280880891,0.0314587620769443,0,0,0,402.809836008931,0,0
61.48,100,100,99.926009699606,0.0322218936293636,-0.0059396538106447,-0.000607479340479368,0.0265391873755727,0.0307140491927202,0,0,0,402.811322278058,0,0
61.5,100,100,99.9266513407657,0.0319426295274473,-0.00594775554677428,-0.00020073881543124,0.0267808785014799,0.0298498682634763,0,0,0,402.812795658345,0,0
61.52,100,100,99.9272874210186,0.0316658001135056,-0.00594761912804413,0.000215633704460364,0.0269476007051734,0.0288753948741612,0,0,0,402.8142562615,0,0
61.54,100,100,99.9279179888862,0.0313913880612459,-0.00593909412254233,0.000637417839881892,0.0270374004427001,0.0278007265011821,0,0,0,402.815704198253,0,0
61.56,100,100,99.9285430925382,0.031119375538332,-0.0059221143423185,0.00106041643088919,0.0270491282928445,0.0266367665492793,0,0,0,402.817139578372,0,0
61.58,100,100,99.9291627797827,0.0308497442053249,-0.00589669697090089,0.00148049614825876,0.0269824351324683,0.0253951026171954,0,0,0,402.818562510661,0,0
61.6,100,100,99.9297770980557,0.0305824752209776,-0.00586294089173896,0.00189362672812791,0.0268377605565898,0.0240878803844583,0,0,0,402.819973102974,0,0
61.62,100,100,99.9303860944119,0.0303175492537024,-0.00582102424872432,0.00229591847178488,0.0266163138027413,0.0227276743536388,0,0,0,402.821371462218,0,0
61.64,100,100,99.9309898155142,0.0300549464989733,-0.00577120127687362,0.0026836576760725,0.0263200475034587,0.021327356793178,0,0,0,402.822757694365,0,0
61.66,100,100,99.9315883076251,0.0297946467023731,-0.00571379844768864,0.00305333968631985,0.0259516246580521,0.0198999662356491,0,0,0,402.824131904457,0,0
61.68,100,100,99.9321816165977,0.0295366291879431,-0.00564920997958396,0.00340169929270183,0.025514379271729,0.0184585767576723,0,0,0,402.825494196614,0,0
61.7,100,100,99.9327697878676,0.0292808728914515,-0.00557789276904692,0.00372573822206081,0.0250122711651768,0.0170161693751788,0,0,0,402.826844674044,0,0
61.72,100,100,99.9333528664456,0.0290273563981517,-0.00550036080282608,0.00402274951027078,0.0244498355043925,0.0155855067004478,0,0,0,402.828183439051,0,0
61.74,100,100,99.9339308969109,0.0287760579845694,-0.00541717911540053,0.00429033857467087,0.0238321276422959,0.0141790120936491,0,0,0,402.82951059304,0,0
61.76,100,100,99.9345039234057,0.0285269556638239,-0.00532895735923694,0.00452644084176025,0.023164663898888,0.0128086543657511,0,0,0,402.830826236534,0,0
61.78,100,100,99.9350719896302,0.0282800272339671,-0.00523634305787435,0.0047293358217069,0.0224533589345101,0.0114858390652281,0,0,0,402.832130469172,0,0
61.8,100,100,99.9356351388387,0.0280352503287991,-0.00514001461367893,0.00489765755796631,0.0217044603909236,0.0102213072930644,0,0,0,402.833423389728,0,0
61.82,100,100,99.936193413837,0.0277926024706114,-0.0050406741431768,0.0050304014171041,0.0209244814918661,0.00902504290261565,0,0,0,402.834705096113,0,0
61.84,100,100,99.9367468569809,0.027552061124294,-0.0049390402132053,0.00512692722035117,0.020120132297686,0.00790618881712913,0,0,0,402.835975685387,0,0
61.86,100,100,99.9372955101751,0.027313603752245,-0.00483584055073475,0.00518695875414943,0.0192982503140643,0.00687297313909737,0,0,0,402.837235253767,0,0
61.88,100,100,99.9378394148742,0.0270772078695204,-0.00473180479811716,0.00521057973169466,0.0184657311425611,0.00593264555789152,0,0,0,402.838483896636,0,0
61.9,100,100,99.9383786120839,0.0268428510986729,-0.0046276573837434,0.00519822631079859,0.0176294598523305,0.00509142452955194,0,0,0,402.839721708555,0,0
61.92,100,100,99.938913142364,0.0266105112237387,-0.00452411057566233,0.0051506763051713,0.0167962437300347,0.00435445550068589,0,0,0,402.840948783266,0,0
61.94,100,100,99.939443045832,0.0263801662428536,-0.00442185778267317,0.00506903525597615,0.0159727470398408,0.00372578042888119,0,0,0,402.842165213706,0,0
61.96,100,100,99.939968362168,0.0261517944189993,-0.00432156716378484,0.00495471955811387,0.0151654283939458,0.00320831862406266,0,0,0,402.843371092013,0,0
61.98,100,100,99.9404891306202,0.0259253743284109,-0.0042238756027911,0.00480943686090184,0.0143804812987825,0.00280385895150224,0,0,0,402.844566509538,0,0
62,100,100,99.941005390012,0.0257008849062071,-0.00412938310008637,0.0046351639853757,0.013623778397407,0.00251306323363848,0,0,0,402.845751556848,0,0
62.02,100,100,99.9415171787495,0.0254783054888399,-0.00403864762880045,0.00443412262022688,0.0129008198862744,0.00233548059503974,0,0,0,402.846926323741,0,0
62.04,100,100,99.9420245348298,0.0252576158530011,-0.00395218049691607,0.00420875307524461,0.0122166865324182,0.0022695724280791,0,0,0,402.848090899249,0,0
62.06,100,100,99.9425274958503,0.0250387962506604,-0.00387044225131293,0.00396168638495175,0.0115759976652695,0.00231274753801266,0,0,0,402.849245371648,0,0
62.08,100,100,99.9430260990182,0.0248218274399601,-0.00379383915371554,0.00369571506582316,0.0109828744615657,0.00246140693658864,0,0,0,402.850389828467,0,0
62.1,100,100,99.9435203811614,0.0246066907117293,-0.00372272025237384,0.00341376283801298,0.0104409087844761,0.00271099762466718,0,0,0,402.851524356494,0,0
62.12,100,100,99.9440103787392,0.024393367911436,-0.00365737506703846,0.00311885362685315,0.00995313777706665,0.00305607475155623,0,0,0,402.852649041784,0,0
62.14,100,100,99.9444961278532,0.024181841456436,-0.00359803189846997,0.00281408016058011,0.00952202435361476,0.00349037130752921,0,0,0,402.853763969668,0,0
62.16,100,100,99.9449776642595,0.023972094348433,-0.00354485676740638,0.00250257247883503,0.00914944366856192,0.00400687457601383,0,0,0,402.854869224755,0,0
62.18,100,100,99.9454550233798,0.0237641101811064,-0.00349795298166704,0.00218746666148792,0.00883667558503622,0.004597908454693,0,0,0,402.855964890946,0,0
62.2,100,100,99.9459282403139,0.0235578731429176,-0.0034573613239544,0.00187187407946226,0.00858440310519326,0.0052552207449884,0,0,0,402.857051051434,0,0
62.22,100,100,99.9463973498512,0.0233533680151472,-0.0034230608469838,0.00155885145850641,0.00839271666682685,0.0059700744410025,0,0,0,402.858127788716,0,0
62.24,100,100,99.9468623864827,0.0231505801652652,-0.00339497025688207,0.00125137203352742,0.00826112415505933,0.00673334207342152,0,0,0,402.859195184593,0,0
62.26,100,100,99.9473233844123,0.0229494955357775,-0.00337294986039776,0.00095229805525264,0.00818856642581648,0.0075356021150285,0,0,0,402.860253320181,0,0
62.28,100,100,99.9477803775686,0.022750100628736,-0.00335680404640706,0.000664354892946518,0.00817343808610586,0.00836723648215917,0,0,0,402.861302275914,0,0
62.3,100,100,99.9482333996156,0.0225523824861361,-0.00334628426752392,0.0003901069567358,0.00821361323106049,0.00921852813223598,0,0,0,402.862342131552,0,0
62.32,100,100,99.9486824839633,0.0223563286664628,-0.00334109248336789,0.000131935641176398,0.00830647579310331,0.0100797578340527,0,0,0,402.863372966181,0,0
62.34,100,100,99.9491276637778,0.0221619272176808,-0.00334088502324334,-0.000107980531825843,0.00844895412193128,0.010941299145142,0,0,0,402.864394858224,0,0
62.36,100,100,99.9495689719909,0.0219691666469898,-0.00334527682266772,-0.000327683417431605,0.00863755937744678,0.0117937107445501,0,0,0,402.86540788544,0,0
62.38,100,100,99.9500064413089,0.0217780358876964,-0.00335384598537728,-0.000525450272169693,0.00886842729045371,0.0126278252090899,0,0,0,402.866412124936,0,0
62.4,100,100,99.9504401042205,0.0215885242635714,-0.00336613862015485,-0.000699806197295217,0.00913736281940224,0.0134348334986435,0,0,0,402.867407653164,0,0
62.42,100,100,99.9508699930047,0.0214006214510822,-0.00338167390007807,-0.000849533927464052,0.00943988721337168,0.0142063643265231,0,0,0,402.868394545928,0,0
62.44,100,100,99.951296139737,0.0212143174399027,-0.00339994929058497,-0.000973680918347339,0.00977128697570518,0.014934557825392,0,0,0,402.869372878391,0,0
62.46,100,100,99.9517185762959,0.0210296024921114,-0.00342044589209921,-0.00107156371404186,0.0101266642149958,0.0156121328052583,0,0,0,402.870342725073,0,0
62.48,100,100,99.952137334367,0.0208464671004953,-0.00344263384284465,-0.00114276960211757,0.0105009878646337,0.0162324471182656,0,0,0,402.871304159862,0,0
62.5,100,100,99.952552445448,0.0206649019463774,-0.00346597772790084,-0.00118715559050769,0.0108891452540867,0.0167895506661737,0,0,0,402.872257256012,0,0
62.52,100,100,99.9529639408519,0.0204848978573826,-0.00348994194149214,-0.00120484476599198,0.0112859935218998,0.0172782306369039,0,0,0,402.873202086149,0,0
62.54,100,100,99.953371851709,0.02030644576555,-0.0035139959509448,-0.00119622011852247,0.0116864103692385,0.0176940486965721,0,0,0,402.874138722275,0,0
62.56,100,100,99.9537762089691,0.0201295366661876,-0.0035376194126665,-0.00116191593887813,0.0120853436706171,0.018033369944851,0,0,0,402.875067235771,0,0
62.58,100,100,99.9541770434023,0.0199541615778537,-0.00356030709287159,-0.00110280691882447,0.0124778594785451,0.0182933834284793,0,0,0,402.875987697401,0,0
62.6,100,100,99.954574385599,0.0197803115038271,-0.00358157354856326,-0.00101999510305851,0.0128591879812521,0.0184721142682843,0,0,0,402.876900177316,0,0
62.62,100,100,99.954968265969,0.0196079773954102,-0.00360095752745422,-0.000914794860429092,0.0132247670031399,0.0185684273443503,0,0,0,402.877804745056,0,0
62.64,100,100,99.9553587147404,0.0194371501173836,-0.0036180260490239,-0.000788716058200376,0.0135702826671956,0.0185820227331188,0,0,0,402.878701469555,0,0
62.66,100,100,99.9557457619576,0.019267820415904,-0.0036323781327303,-0.000643445637266095,0.0138917068761145,0.0185134230446081,0,0,0,402.879590419143,0,0
62.68,100,100,99.9561294374783,0.0190999788891076,-0.00364364814347609,-0.000480827798181486,0.0141853313027644,0.0183639529561287,0,0,0,402.880471661554,0,0
62.7,100,100,99.9565097709705,0.0189336159606508,-0.00365150872872688,-0.000302843017594025,0.0144477976235937,0.0181357112893545,0,0,0,402.881345263924,0,0
62.72,100,100,99.956886791909,0.0187687218563856,-0.00365567332614856,-0.000111586121978178,0.014676123768989,0.0178315360362309,0,0,0,402.882211292799,0,0
62.74,100,100,99.9572605295705,0.0186052865843351,-0.00365589822522246,9.07563494039637e-05,0.0148677260078696,0.0174549627929417,0,0,0,402.883069814136,0,0
62.76,100,100,99.9576310130298,0.0184432999180955,-0.00365198417096618,0.000301929257739978,0.0150204367272497,0.0170101771686336,0,0,0,402.883920893311,0,0
62.78,100,100,99.9579982711549,0.0182827513837607,-0.00364377750258635,0.000519632219242185,0.0151325178140225,0.0165019617046553,0,0,0,402.884764595117,0,0
62.8,100,100,99.9583623326013,0.018123630250422,-0.00363117082457014,0.000741542968193918,0.0152026695884936,0.0159356379426625,0,0,0,402.885600983776,0,0
62.82,100,100,99.9587232258078,0.0179659255242682,-0.00361410321234157,0.00096534049984299,0.0152300352862889,0.0153170043190209,0,0,0,402.886430122935,0,0
62.84,100,100,99.9590809789901,0.0178096259462668,-0.00359255995911981,0.00118872777093449,0.0152142011264405,0.0146522705222282,0,0,0,402.887252075677,0,0
62.86,100,100,99.9594356201366,0.0176547199933806,-0.00356657187498051,0.00140945374409739,0.0151551920469929,0.0139479890705832,0,0,0,402.888066904522,0,0
62.88,100,100,99.9597871770023,0.0175011958832335,-0.00353621415329568,0.00162533457270088,0.0150534632309931,0.0132109847924184,0,0,0,402.888874671433,0,0
62.9,100,100,99.9601356771041,0.0173490415821122,-0.00350160482367619,0.00183427373498477,0.0149098875830386,0.0124482829677515,0,0,0,402.88967543782,0,0
62.92,100,100,99.9604811477159,0.0171982448161568,-0.00346290281422989,0.0020342809400872,0.0147257393551141,0.0116670368446147,0,0,0,402.890469264545,0,0
62.94,100,100,99.9608236158638,0.0170487930855668,-0.00342030564934424,0.00222348964390602,0.0145026741519239,0.0108744552254074,0,0,0,402.891256211928,0,0
62.96,100,100,99.9611631083217,0.0169006736816211,-0.00337404681228053,0.00240017302930853,0.0142427055800029,0.0100777308984106,0,0,0,402.892036339749,0,0
62.98,100,100,99.9614996516074,0.0167538737062894,-0.00332439280460019,0.00256275832295576,0.0139481788297657,0.00928397052187397,0,0,0,402.892809707256,0,0
63,100,100,99.9618332719791,0.0166083800941879,-0.00327163993681404,0.00270983933961888,0.0136217415072781,0.00850012666090534,0,0,0,402.89357637317,0,0
63.02,100,100,99.9621639954322,0.0164641796366163,-0.00321611088663455,0.00284018716423934,0.0132663120502558,0.00773293260411473,0,0,0,402.894336395689,0,0
63.04,100,100,99.9624918476968,0.0163212590073971,-0.00315815106280884,0.00295275890185169,0.012885046084372,0.00698884051856803,0,0,0,402.895089832494,0,0
63.06,100,100,99.9628168542353,0.0161796047902257,-0.00309812481370526,0.00304670444570322,0.0124813010847267,0.006273963529291,0,0,0,402.895836740753,0,0
63.08,100,100,99.9631390402413,0.0160392035072298,-0.00303641152061758,0.00312137123416599,0.0120585997205377,0.00559402215160395,0,0,0,402.896577177128,0,0
63.1,100,100,99.9634584306384,0.0159000416484317,-0.00297340161613618,0.00317630698726956,0.0116205922664568,0.00495429560553157,0,0,0,402.89731119778,0,0
63.12,100,100,99.96377505008,0.0157621057018026,-0.00290949256791878,0.00321126043364588,0.0111710184649011,0.00435957829889402,0,0,0,402.898038858375,0,0
63.14,100,100,99.9640889229493,0.0156253821835992,-0.00284508486778236,0.0032261800580511,0.0107136692214923,0.00381414190898846,0,0,0,402.898760214088,0,0
63.16,100,100,99.9644000733607,0.0154898576686754,-0.00278057806524574,0.00322121091849757,0.0102523485136822,0.00332170324036143,0,0,0,402.899475319607,0,0
63.18,100,100,99.9647085251605,0.0153555188204675,-0.0027163668834894,0.00319668959995456,0.00979083587844916,0.00288539813387911,0,0,0,402.900184229144,0,0
63.2,100,100,99.9650143019297,0.0152223524203608,-0.0026528374541897,0.00315313738856828,0.00933284983720315,0.00250776152643063,0,0,0,402.900886996434,0,0
63.22,100,100,99.9653174269864,0.0150903453961563,-0.00259036370584396,0.00309125176618981,0.00888201259629495,0.00219071376222778,0,0,0,402.901583674745,0,0
63.24,100,100,99.9656179233886,0.0149594848493714,-0.00252930393806043,0.00301189633957051,0.0084418163466855,0.00193555317035731,0,0,0,402.902274316879,0,0
63.26,100,100,99.9659158139388,0.0148297580811232,-0.00246999761186449,0.00291608933177677,0.00801559146045734,0.00174295485647546,0,0,0,402.902958975181,0,0
63.28,100,100,99.9662111211871,0.0147011526163628,-0.00241276238340289,0.00280499077505261,0.00760647686187252,0.00161297562722262,0,0,0,402.903637701543,0,0
63.3,100,100,99.9665038674371,0.0145736562262493,-0.00235789140553886,0.0026798885544855,0.00721739282039111,0.00154506484868789,0,0,0,402.904310547407,0,0
63.32,100,100,99.9667940747501,0.014447256948474,-0.00230565091875684,0.0025421834602736,0.00685101638886371,0.00153808105979476,0,0,0,402.904977563772,0,0
63.34,100,100,99.9670817649511,0.0143219431053684,-0.00225627814956856,0.00239337341319761,0.00650975967597119,0.00159031404585945,0,0,0,402.905638801198,0,0
63.36,100,100,99.9673669596345,0.0141977033196564,-0.00220997953126747,0.00223503703286892,0.00619575111373828,0.00169951206943146,0,0,0,402.90629430981,0,0
63.38,100,100,99.9676496801703,0.0140745265277336,-0.00216692925845116,0.00206881672166341,0.00591081984790347,0.00186291389853008,0,0,0,402.906944139306,0,0
63.4,100,100,99.9679299477105,0.0139524019903859,-0.00212726818325489,0.00189640143873258,0.00565648334474447,0.00207728519259709,0,0,0,402.907588338957,0,0
63.42,100,100,99.9682077831954,0.013831319300885,-0.00209110305775125,0.00171950933829386,0.00543393827705523,0.00233895888790783,0,0,0,402.908226957612,0,0
63.44,100,100,99.9684832073608,0.0137112683904245,-0.00205850612350246,0.00153987044450058,0.00524405471634983,0.0026438790157423,0,0,0,402.908860043704,0,0
63.46,100,100,99.9687562407445,0.013592239530889,-0.00202951504583959,0.00135920953161075,0.00508737362769142,0.00298764754946209,0,0,0,402.909487645256,0,0
63.48,100,100,99.969026903693,0.0134742233349726,-0.00200413318711642,0.00117922937306952,0.00496410762963281,0.00336557369751011,0,0,0,402.910109809877,0,0
63.5,100,100,99.9692952163685,0.0133572107536907,-0.00198233020997836,0.00100159451643881,0.00487414495149098,0.00377272516031388,0,0,0,402.910726584776,0,0
63.52,100,100,99.9695611987556,0.0132411930713523,-0.00196404299862579,0.000827915733063286,0.00481705648915795,0.00420398080230658,0,0,0,402.911338016758,0,0
63.54,100,100,99.9698248706679,0.0131261618980845,-0.00194917688316536,0.000659735282009595,0.00479210583460462,0.00465408417236747,0,0,0,402.911944152229,0,0
63.56,100,100,99.9700862517543,0.0130121091600228,-0.00193760714945536,0.000498513117251406,0.00479826212374506,0.00511769737437776,0,0,0,402.912545037203,0,0
63.58,100,100,99.9703453615052,0.0128990270873018,-0.00192918081438663,0.000345614155462862,0.0048342155263633,0.0055894547244503,0,0,0,402.913140717301,0,0
63.6,100,100,99.9706022192588,0.0127869081999988,-0.00192371864431701,0.000202296709225271,0.00489839517628447,0.00606401568350166,0,0,0,402.913731237756,0,0
63.62,100,100,99.9708568442063,0.0126757452922023,-0.00192101739241383,6.9702177107956e-05,0.00498898932220168,0.00653611656849134,0,0,0,402.914316643416,0,0
63.64,100,100,99.9711092553972,0.01256553141439,-0.0019208522289683,-5.1153931900861e-05,0.00510396745952116,0.0070006205391386,0,0,0,402.914896978746,0,0
63.66,100,100,99.9713594717448,0.0124562598543161,-0.00192297933734063,-0.000159389576622777,0.00524110419204936,0.0074525654350934,0,0,0,402.915472287832,0,0
63.68,100,100,99.9716075120301,0.0123479241166161,-0.00192713864708229,-0.000254262316407898,0.00539800455603095,0.00788720899619768,0,0,0,402.916042614383,0,0
63.7,100,100,99.9718533949062,0.0122405179013505,-0.00193305667496911,-0.000335173965244818,0.00557213053241326,0.00830007111897869,0,0,0,402.916608001734,0,0
63.72,100,100,99.972097138902,0.0121340350817081,-0.00194044944416744,-0.000401673749185077,0.00576082846712377,0.00868697273249249,0,0,0,402.917168492846,0,0
63.74,100,100,99.9723387624255,0.0120284696811022,-0.00194902545154386,-0.000453459964003843,0.00596135711252899,0.00904407104110894,0,0,0,402.917724130314,0,0
63.76,100,100,99.9725782837664,0.0119238158498861,-0.00195848865321556,-0.000490380144745587,0.00617091600564466,0.00936789080040712,0,0,0,402.918274956364,0,0
63.78,100,100,99.9728157210983,0.0118200678419215,-0.00196854143881522,-0.000512429773117977,0.00638667389890969,0.00965535143565322,0,0,0,402.918821012857,0,0
63.8,100,100,99.973051092481,0.011717219991224,-0.00197888756560284,-0.000519749562536279,0.00660579696430038,0.00990378979279156,0,0,0,402.919362341293,0,0
63.82,100,100,99.9732844158616,0.0116152666889099,-0.00198923502448574,-0.00051262137376382,0.00682547649992342,0.0101109783770174,0,0,0,402.919898982811,0,0
63.84,100,100,99.9735157090751,0.0115142023606594,-0.00199929881119231,-0.000491462826524475,0.00704295587640295,0.0102751390056515,0,0,0,402.920430978193,0,0
63.86,100,100,99.9737449898454,0.0114140214449006,-0.0020088035772697,-0.00045682068399006,0.00725555647457144,0.010394951805293,0,0,0,402.920958367864,0,0
63.88,100,100,99.9739722757852,0.0113147183719115,-0.0020174861372208,-0.000409363097616859,0.00746070237878095,0.0104695595695357,0,0,0,402.921481191898,0,0
63.9,100,100,99.9741975843953,0.0112162875440226,-0.00202509780994259,-0.000349870809324753,0.00765594360863663,0.0104985675033023,0,0,0,402.921999490015,0,0
63.92,100,100,99.9744209330643,0.0111187233170872,-0.00203140657465347,-0.0002792274164007,0.00783897768725761,0.0104820384515035,0,0,0,402.922513301588,0,0
63.94,100,100,99.9746423390673,0.0110220199833734,-0.0020361990236793,-0.000198408811743561,0.00800766936832239,0.0104204837553251,0,0,0,402.923022665643,0,0
63.96,100,100,99.9748618195644,0.0109261717560154,-0.00203928209678137,-0.000108471917991411,0.00816006836110193,0.0103148498615327,0,0,0,402.923527620862,0,0
63.98,100,100,99.9750793915991,0.0108311727551398,-0.00204048458413035,-1.0542838836861e-05,0.00829442491865449,0.0101665009714012,0,0,0,402.924028205584,0,0
64,100,100,99.9752950720963,0.0107370169957695,-0.00203965838753187,9.4195445821568e-05,0.00840920317611568,0.00997719788722705,0,0,0,402.924524457808,0,0
64.02,100,100,99.9755088778599,0.010643698377585,-0.00203667953206608,0.000204515712072514,0.00850309214973912,0.00974907339188375,0,0,0,402.925016415198,0,0
64.04,100,100,99.9757208255709,0.0105512106766041,-0.0020314489228901,0.00031915932194708,0.00857501433426756,0.00948460445942477,0,0,0,402.925504115081,0,0
64.06,100,100,99.9759309317842,0.0104595475388213,-0.00202389284454086,0.000436849122020166,0.00862413185706299,0.00918658157194188,0,0,0,402.925987594452,0,0
64.08,100,100,99.9761392129264,0.0103687024758295,-0.00201396320264369,0.000556302283230265,0.00864985017555971,0.00885807561329868,0,0,0,402.926466889976,0,0
64.1,100,100,99.9763456852929,0.0102786688624229,-0.00200163751045258,0.000676242957477655,0.0086518193270786,0.00850240256120787,0,0,0,402.926942037993,0,0
64.12,100,100,99.9765503650455,0.0101894399361666,-0.0019869186250979,0.000795414630644017,0.00862993276451627,0.00812308649386894,0,0,0,402.927413074515,0,0
64.14,100,100,99.9767532682091,0.0101010087988939,-0.00196983424077418,0.00091259205688281,0.00858432383354638,0.00772382121894231,0,0,0,402.927880035235,0,0
64.16,100,100,99.9769544106693,0.0100133684200773,-0.00195043614834287,0.00102659266525105,0.00851535997007426,0.00730843096779654,0,0,0,402.928342955525,0,0
64.18,100,100,99.9771538081699,0.00992651164200108,-0.00192879927293356,0.00113628733695748,0.00842363471681165,0.00688083053445619,0,0,0,402.928801870441,0,0
64.2,100,100,99.9773514763105,0.00984043118664732,-0.00190502050308201,0.00124061045952658,0.00830995767790572,0.00644498529730171,0,0,0,402.929256814727,0,0
64.22,100,100,99.9775474305437,0.00975511966419158,-0.00187921732673079,0.00133856917301379,0.00817534254728687,0.00600487144269635,0,0,0,402.929707822815,0,0
64.24,100,100,99.9777416861734,0.00967056958299105,-0.00185152629102216,0.00142925173283159,0.00802099336424894,0.00556443686441735,0,0,0,402.930154928829,0,0
64.26,100,100,99.9779342583528,0.00958677336093568,-0.00182210130422139,0.00151183492385576,0.00784828916396452,0.00512756304666733,0,0,0,402.930598166591,0,0
64.28,100,100,99.9781251620825,0.00950372333802176,-0.00179111179931162,0.00158559047091807,0.00765876720125617,0.00469802831172169,0,0,0,402.931037569618,0,0
64.3,100,100,99.9783144122095,0.00942141178999785,-0.00175874077979119,0.0016498904016423,0.00745410494032222,0.00427947274161649,0,0,0,402.931473171132,0,0
64.32,100,100,99.9785020234255,0.00933983094292589,-0.00172518276897499,0.00170421132865548,0.00723610100768836,0.00387536513376286,0,0,0,402.931905004056,0,0
64.34,100,100,99.9786880102665,0.00925897298849362,-0.00169064168464882,0.00174813762935892,0.00700665531437964,0.00348897221684171,0,0,0,402.932333101024,0,0
64.36,100,100,99.9788723871122,0.00917883009991058,-0.00165532866125059,0.00178136351264538,0.00676774855766891,0.00312333043475454,0,0,0,402.932757494378,0,0
64.38,100,100,99.9790551681854,0.00909939444821737,-0.00161945984185277,0.00180369397303411,0.0065214213136984,0.00278122049241538,0,0,0,402.933178216178,0,0
64.4,100,100,99.9792363675529,0.00902065821883683,-0.00158325416210252,0.00181504464355735,0.00626975293351868,0.00246514488973736,0,0,0,402.933595298196,0,0
64.42,100,100,99.9794159991251,0.00894261362819672,-0.00154693114794249,0.00181544056929018,0.00601484045164808,0.00217730857083273,0,0,0,402.934008771927,0,0
64.44,100,100,99.9795940766573,0.00886525294025596,-0.00151070874839592,0.00180501393356049,0.00575877771472228,0.00191960287569727,0,0,0,402.934418668591,0,0
64.46,100,100,99.9797706137509,0.00878856848277068,-0.00147480122396077,0.00178400077854483,0.00550363492860612,0.0016935928236911,0,0,0,402.93482501913,0,0
64.48,100,100,99.9799456238542,0.00871255266314157,-0.00143941711023247,0.001752736770965,0.0052514388166712,0.00150050784606388,0,0,0,402.935227854221,0,0
64.5,100,100,99.9801191202649,0.0086371979836917,-0.00140475727527531,0.00171165207205856,0.00500415357338599,0.00134123596752447,0,0,0,402.935627204268,0,0
64.52,100,100,99.9802911161318,0.00856249705623173,-0.00137101308800066,0.0016612653786211,0.00476366278210672,0.0012163214205704,0,0,0,402.936023099413,0,0
64.54,100,100,99.980461624457,0.00848844261577948,-0.00133836471340525,0.00160217720876394,0.00453175245766181,0.00112596569420586,0,0,0,402.936415569539,0,0
64.56,100,100,99.9806306580988,0.00841502753331145,-0.00130697954898712,0.00153506251210349,0.00431009535899063,0.00107003188025869,0,0,0,402.936804644266,0,0
64.58,100,100,99.9807982297741,0.00834224482743564,-0.00127701081501068,0.00146066268916398,0.00410023669949512,0.00104805228798454,0,0,0,402.937190352962,0,0
64.6,100,100,99.9809643520621,0.00827008767488766,-0.00124859630955241,0.0013797771090258,0.00390358137200244,0.00105923911851724,0,0,0,402.937572724738,0,0
64.62,100,100,99.981129037407,0.00819854941976553,-0.00122185733744433,0.00129325421748986,0.00372138278227617,0.00110249808354598,0,0,0,402.937951788459,0,0
64.64,100,100,99.9812922981216,0.00812762358143242,-0.00119689782036235,0.00120198233029857,0.00355473337216572,0.00117644477117745,0,0,0,402.938327572739,0,0
64.66,100,100,99.9814541463909,0.00805730386103089,-0.00117380359340108,0.00110688020730426,0.00340455689249312,0.00127942354239999,0,0,0,402.93870010595,0,0
64.68,100,100,99.981614594276,0.00798758414656696,-0.00115264189155341,0.00100888750381684,0.00327160246998446,0.00140952873342444,0,0,0,402.939069416219,0,0
64.7,100,100,99.9817736537173,0.00791845851653709,-0.00113346102759293,0.000908955194806054,0.00315644049194268,0.00156462790009372,0,0,0,402.939435531435,0,0
64.72,100,100,99.9819313365389,0.00784992124208586,-0.00111629026095754,0.000808036066083794,0.00305946031537908,0.00174238686009467,0,0,0,402.939798479248,0,0
64.74,100,100,99.9820876544523,0.00778196678769679,-0.0011011398553724,0.000707075364214066,0.00298086978943308,0.00194029622356758,0,0,0,402.940158287073,0,0
64.76,100,100,99.9822426190601,0.00771458981043302,-0.00108800132114677,0.000607001693635841,0.00292069656183882,0.00215569917761773,0,0,0,402.940514982092,0,0
64.78,100,100,99.9823962418601,0.0076477851577587,-0.00107684783634867,0.000508718245433428,0.00287879112348656,0.00238582016158568,0,0,0,402.940868591256,0,0
64.8,100,100,99.9825485342487,0.00758154786398479,-0.00106763483941998,0.00041309443735398,0.00285483152911361,0.00262779418880991,0,0,0,402.941219141287,0,0
64.82,100,100,99.9826995075251,0.00751587314539608,-0.00106030078425582,0.0003209580391854,0.00284832971654467,0.00287869651036265,0,0,0,402.94156665868,0,0
64.84,100,100,99.9828491728942,0.00745075639412797,-0.00105476804735077,0.000233087851507133,0.002858639334192,0.00313557227227197,0,0,0,402.941911169705,0,0
64.86,100,100,99.9829975414709,0.00738619317087236,-0.00105094397531947,0.000150206999108596,0.00288496496980457,0.00339546597081679,0,0,0,402.942252700409,0,0
64.88,100,100,99.9831446242827,0.00732217919650222,-0.00104872205994451,7.2976893251296e-05,0.00292637266724772,0.00365545031506824,0,0,0,402.942591276618,0,0
64.9,100,100,99.9832904322729,0.00725871034271315,-0.0010479832268956,1.99190939750647e-06,0.00298180160187655,0.00391265432731935,0,0,0,402.942926923937,0,0
64.92,100,100,99.9834349763038,0.00719578262178837,-0.00104859722340971,-6.22251808272357e-05,0.0030500767809131,0.00416429031988824,0,0,0,402.943259667753,0,0
64.94,100,100,99.9835782671595,0.00713339217559962,-0.00105042408952731,-0.00011922699278837,0.00312992262371178,0.00440767960824886,0,0,0,402.943589533239,0,0
64.96,100,100,99.9837203155477,0.00707153526396262,-0.00105331569694903,-0.000168644504676282,0.00321997727465675,0.004640276629915,0,0,0,402.94391654535,0,0
64.98,100,100,99.9838611321027,0.00701020825246909,-0.00105711733921127,-0.000210189211922479,0.00331880749337046,0.00485969136322884,0,0,0,402.944240728829,0,0
65,100,100,99.9840007273868,0.0069494075999208,-0.0010616693566807,-0.00024365445437721,0.00342492396722147,0.00506370977410373,-0,0,0,402.944562108208,0,0
65.02,100,100,99.9841391118926,0.00688912984549248,-0.00106680877983294,-0.000268915918623549,0.00353679688805599,0.00525031216695962,-0,0,0,402.944880707806,0,0
65.04,100,100,99.984276296044,0.00682937159575052,-0.00107237097440918,-0.000285931325848129,0.00365287163542479,0.0054176893274884,-0,0,0,402.945196551734,0,0
65.06,100,100,99.9844122901975,0.00677012951165399,-0.00107819127233087,-0.000294739323427031,0.00377158441213847,0.00556425624555144,-0,0,0,402.945509663897,0,0
65.08,100,100,99.9845471046435,0.00671140029566178,-0.0010841065726909,-0.000295457605856412,0.00389137767882289,0.00568866346543426,-0,0,0,402.945820067991,0,0
65.1,100,100,99.9846807496067,0.00665318067906676,-0.00108995689772361,-0.00028828029770816,0.00401071524179809,0.00578980585013215,-0,0,0,402.946127787508,0,0
65.12,100,100,99.9848132352463,0.00659546740967328,-0.00109558688937636,-0.000273474637902705,0.00412809685106008,0.00586682885085951,-0,0,0,402.946432845736,0,0
65.14,100,100,99.984944571657,0.00653825723992868,-0.00110084723295352,-0.000251377010710107,0.00424207217693875,0.00591913218081954,-0,0,0,402.94673526576,0,0
65.16,100,100,99.9850747688682,0.00648154691561325,-0.00110559599526782,-0.000222388374391751,0.00435125403912103,0.00594637093883057,-0,0,0,402.947035070464,0,0
65.18,100,100,99.9852038368442,0.00642533316518569,-0.00110969986580305,-0.000186969143383463,0.00445433077249281,0.00594845421863492,-0,0,0,402.947332282533,0,0
65.2,100,100,99.9853317854834,0.00636961268987266,-0.00111303529055431,-0.000145633584208788,0.00455007762543391,0.00592554125437195,-0,0,0,402.947626924453,0,0
65.22,100,100,99.9854586246181,0.0063143821545824,-0.00111548948945313,-9.89437889482783e-05,0.00463736709656246,0.00587803521294952,-0,0,0,402.947919018511,0,0
65.24,100,100,99.9855843640133,0.00625963817971278,-0.00111696134959204,-4.7503293030717e-05,0.00471517812914993,0.00580657468053879,-0,0,0,402.948208586799,0,0
65.26,100,100,99.9857090133661,0.00620537733391407,-0.00111736218782187,8.04959362910057e-06,0.00478260409381245,0.00571202303697716,-0,0,0,402.948495651217,0,0
65.28,100,100,99.9858325823043,0.00615159612785625,-0.00111661637769231,6.70486716234524e-05,0.00483885950432816,0.0055954558141575,-0,0,0,402.948780233467,0,0
65.3,100,100,99.9859550803852,0.00609829100904018,-0.00111466183712556,0.000128806881839981,0.004883285424816,0.00545814622078944,-0,0,0,402.949062355064,0,0
65.32,100,100,99.9860765170945,0.00604545835768076,-0.00111145037464189,0.000192623408617819,0.00491535353865812,0.00530154898986341,-0,0,0,402.949342037328,0,0
65.34,100,100,99.9861969018447,0.00599309448367932,-0.00110694789337962,0.000257790785445322,0.00493466886514128,0.0051272827816848,-0,0,0,402.949619301393,0,0
65.36,100,100,99.986316243974,0.00594119562469168,-0.00110113445355654,0.000323601933681958,0.0049409711221633,0.00493711128252445,-0,0,0,402.949894168205,0,0
65.38,100,100,99.9864345527443,0.00588975794528727,-0.00109400419539191,0.000389357066727003,0.00493413474663674,0.00473292323338151,-0,0,0,402.950166658523,0,0
65.4,100,100,99.9865518373403,0.00583877753718428,-0.00108556512583509,0.000454370394605289,0.00491416759712837,0.00451671163801049,-0,0,0,402.950436792923,0,0
65.42,100,100,99.9866681068678,0.00578825042053558,-0.00107583877371656,0.000517976567131971,0.00488120837656012,0.0042905523098,-0,0,0,402.950704591796,0,0
65.44,100,100,99.9867833703521,0.00573817254623031,-0.00106485971913789,0.000579536797509035,0.0048355228232051,0.00405658200502683,-0,0,0,402.950970075355,0,0
65.46,100,100,99.9868976367372,0.00568853979916683,-0.00105267500403901,0.000638444612400807,0.00477749873076156,0.00381697640792147,-0,0,0,402.95123326363,0,0
65.48,100,100,99.9870109148838,0.00563934800244413,-0.00103934343191367,0.000694131179218712,0.00470763986724457,0.00357392808479338,-0,0,0,402.951494176474,0,0
65.5,100,100,99.9871232135687,0.00559059292241056,-0.00102493476558065,0.000746070166358228,0.00462655887348258,0.00332962471661997,-0,0,0,402.951752833564,0,0
65.52,100,100,99.9872345414836,0.00554227027450193,-0.0010095288327489,0.000793782097546056,0.00453496922827733,0.00308622779899923,-0,0,0,402.952009254403,0,0
65.54,100,100,99.9873449072337,0.00549437572979417,-0.000993214549836133,0.000836838167115274,0.00443367637788572,0.0028458519462549,-0,0,0,402.952263458319,0,0
65.56,100,100,99.9874543193377,0.00544690492219048,-0.000976088875105147,0.00087486348891004,0.00432356813037537,0.00261054508792904,-0,0,0,402.952515464471,0,0
65.58,100,100,99.9875627862263,0.00539985345615795,-0.000958255702667851,0.00090753975757518,0.00420560442375388,0.00238226965048322,-0,0,0,402.952765291847,0,0
65.6,100,100,99.9876703162421,0.00535321691492525,-0.000939824709270766,0.000934607307126151,0.00408080657864952,0.00216288494567669,-0,0,0,402.953012959268,0,0
65.62,100,100,99.9877769176395,0.00530699086904954,-0.000920910166015934,0.000955866557850649,0.00395024615075479,0.00195413087798416,-0,0,0,402.953258485388,0,0
65.64,100,100,99.987882598584,0.00526117088525947,-0.000901629727288749,0.000971178848767429,0.003815033499038,0.00175761313878301,-0,0,0,402.953501888698,0,0
65.66,100,100,99.9879873671525,0.00521575253547981,-0.0008821032091588,0.000980466658905045,0.00367630618716057,0.00157478997687428,-0,0,0,402.953743187527,0,0
65.68,100,100,99.9880912313335,0.00517073140594337,-0.000862451369395088,0.000983713226597444,0.00353521733461464,0.00140696065769999,-0,0,0,402.953982400041,0,0
65.7,100,100,99.9881941990276,0.00512610310629691,-0.000842794700995578,0.000980961581694607,0.00339292403195151,0.00125525570082145,-0,0,0,402.95421954425,0,0
65.72,100,100,99.9882962780476,0.00508186327860924,-0.000823252250778032,0.000972313011059806,0.00325057593266095,0.00112062893636942,-0,0,0,402.954454638005,0,0
65.74,100,100,99.9883974761197,0.00503800760619273,-0.000803940474119371,0.000957924982880402,0.00310930412997912,0.00100385143420487,-0,0,0,402.954687699001,0,0
65.76,100,100,99.9884978008844,0.00499453182215276,-0.000784972136371511,0.000938008560137915,0.00297021042139384,0.000905507367671271,-0,0,0,402.954918744782,0,0
65.78,100,100,99.9885972598971,0.00495143171758387,-0.000766455270829734,0.000912825338030545,0.00283435705995691,0.000825991724002282,-0,0,0,402.955147792737,0,0
65.8,100,100,99.98869586063,0.00490870314933657,-0.000748492202392901,0.000882683944127639,0.00270275708225648,0.000765509957463221,-0,0,0,402.955374860108,0,0
65.82,100,100,99.9887936104728,0.00486634204728416,-0.000731178645243033,0.000847936143603598,0.00257636529747996,0.000724079481005745,-0,0,0,402.955599963985,0,0
65.84,100,100,99.988890516735,0.00482434442102525,-0.000714602881993099,0.000808972594971572,0.00245607001350883,0.000701532972009173,-0,0,0,402.955823121313,0,0
65.86,100,100,99.9889865866468,0.00478270636596443,-0.000698845030816969,0.000766218304314222,0.00234268556719421,0.000697523420456871,-0,0,0,402.956044348891,0,0
65.88,100,100,99.9890818273613,0.00474142406872054,-0.000683976406094096,0.0007201278280541,0.00223694571636975,0.000711530844639297,-0,0,0,402.956263663375,0,0
65.9,100,100,99.9891762459564,0.00470049381181984,-0.000670058977084434,0.00067118027585143,0.00213949794354322,0.000742870573420173,-0,0,0,402.956481081277,0,0
65.92,100,100,99.9892698494365,0.00465991197763884,-0.000657144928106316,0.000619874166212442,0.00205089870830665,0.000790702984331578,-0,0,0,402.956696618971,0,0
65.94,100,100,99.9893626447348,0.00461967505156979,-0.000645276322633263,0.00056672218783768,0.00197160967873546,0.000854044565594028,-0,0,0,402.956910292688,0,0
65.96,100,100,99.9894546387152,0.00457977962438978,-0.000634484872664519,0.000512245919679749,0.00190199495920506,0.000931780215753979,-0,0,0,402.957122118523,0,0
65.98,100,100,99.9895458381744,0.00454022239382283,-0.000624791813669686,0.000456970562137969,0.001842319325085,0.00102267654807128,-0,0,0,402.957332112436,0,0
66,100,100,99.9896362498442,0.00450100016529219,-0.000616207884369286,0.000401419730685204,0.0017927474601804,0.00112539614754638,-0,0,0,402.957540290248,0,0
66.02,100,100,99.9897258803937,0.00446210985186809,-0.000608733409602401,0.000346110361672051,0.00175334418832767,0.00123851256563264,-0,0,0,402.957746667649,0,0
66.04,100,100,99.9898147364311,0.00442354847342418,-0.000602358483556532,0.0002915477780579,0.00172407567670765,0.00136052590281692,-0,0,0,402.957951260196,0,0
66.06,100,100,99.9899028245063,0.00438531315502311,-0.000597063249703959,0.000238220960331771,0.00170481158207085,0.00148987882925166,-0,0,0,402.958154083312,0,0
66.08,100,100,99.9899901511125,0.00434740112455928,-0.000592818272911503,0.000186598065081311,0.001695328100914,0.00162497285942416,-0,0,0,402.958355152292,0,0
66.1,100,100,99.9900767226887,0.00430980970969298,-0.000589584998372727,0.000137122230403271,0.00169531187667091,0.00176418473756009,-0,0,0,402.958554482301,0,0
66.12,100,100,99.9901625456211,0.00427253633411707,-0.000587316291262936,9.02077038626818e-05,0.00170436471063414,0.00190588275788922,-0,0,0,402.958752088375,0,0
66.14,100,100,99.9902476262457,0.00423557851320268,-0.000585957050340466,4.62363248775422e-05,0.00172200901513217,0.00204844285692898,-0,0,0,402.958947985425,0,0
66.16,100,100,99.9903319708493,0.00419893384907587,-0.000585444888120702,5.55438934072133e-06,0.0017476939417474,0.00219026434262507,-0,0,0,402.959142188232,0,0
66.18,100,100,99.9904155856719,0.00416260002518171,-0.000585710869735358,-3.15300799660526e-05,0.00178080211203331,0.00232978509750456,-0,0,0,402.959334711456,0,0
66.2,100,100,99.9904984769076,0.00412657480039626,-0.000586680302162187,-6.47496380069195e-05,0.00182065687424197,0.00246549612393772,-0,0,0,402.959525569629,0,0
66.22,100,100,99.9905806507067,0.00409085600275019,-0.000588273565171892,-9.38792825216162e-05,0.00186653000541878,0.00259595530448977,-0,0,0,402.959714777163,0,0
66.24,100,100,99.9906621131765,0.0040554415228307,-0.000590406975091759,-0.000118737869372783,0.00191764977399422,0.00271980023568801,-0,0,0,402.959902348343,0,0
66.26,100,100,99.9907428703827,0.00402032930692965,-0.000592993672330179,-0.000139189072755521,0.00197320927857751,0.00283576007332349,-0,0,0,402.960088297337,0,0
66.28,100,100,99.9908229283505,0.00398551735000786,-0.000595944523542112,-0.000155141889287325,0.00203237497651225,0.00294266623132803,-0,0,0,402.96027263819,0,0
66.3,100,100,99.9909022930653,0.00395100368854565,-0.000599169029341022,-0.000166550689539094,0.00209429531408886,0.00303946190165783,-0,0,0,402.960455384825,0,0
66.32,100,100,99.9909809704738,0.00391678639334928,-0.000602576228578284,-0.000173414824912641,0.0021581093724307,0.00312521030073391,-0,0,0,402.960636551049,0,0
66.34,100,100,99.9910589664841,0.00388286356238265,-0.000606075590411104,-0.000175777801962511,0.00222295544556378,0.0031991015919575,-0,0,0,402.960816150549,0,0
66.36,100,100,99.9911362869668,0.00384923331369178,-0.000609577885662067,-0.0001737260402512,0.00228797946623307,0.00326045842079118,-0,0,0,402.960994196893,0,0
66.38,100,100,99.9912129377548,0.00381589377848737,-0.00061299602933412,-0.000167387233643262,0.00235234320066115,0.00330874007869023,-0,0,0,402.961170703535,0,0
66.4,100,100,99.9912889246436,0.00378284309444831,-0.000616245886577924,-0.000156928338412153,0.00241523213694618,0.0033435452388885,-0,0,0,402.961345683809,0,0
66.42,100,100,99.9913642533918,0.0037500793993053,-0.000619247034908564,-0.000142553214760543,0.00247586299464347,0.00336461326892429,-0,0,0,402.961519150936,0,0
66.44,100,100,99.9914389297204,0.00371760082476042,-0.000621923476030605,-0.000124499951260556,0.00253349078986067,0.00337182416875945,-0,0,0,402.961691118023,0,0
66.46,100,100,99.9915129593131,0.00368540549079357,-0.000624204291246313,-0.000103037904259388,0.00258741539472811,0.00336519710680828,-0,0,0,402.961861598059,0,0
66.48,100,100,99.9915863478157,0.00365349150040264,-0.00062602423508538,-7.84644864964728e-05,0.00263698753654285,0.0033448876483258,-0,0,0,402.962030603924,0,0
66.5,100,100,99.9916591008359,0.00362185693481858,-0.000627324262498393,-5.11017409835968e-05,0.00268161418849023,0.00331118367452712,-0,0,0,402.962198148383,0,0
66.52,100,100,99.9917312239429,0.00359049984923168,-0.000628051985692039,-2.12927376522678e-05,0.00272076330987161,0.00326450011619954,-0,0,0,402.96236424409,0,0
66.54,100,100,99.9918027226666,0.00355941826905916,-0.000628162057445416,1.06021687158788e-05,0.00275396790282593,0.00320537251320654,-0,0,0,402.962528903588,0,0
66.56,100,100,99.9918736024971,0.003528610186779,-0.000627616478523798,4.42091801153838e-05,0.00278082935738267,0.00313444952038853,-0,0,0,402.962692139309,0,0
66.58,100,100,99.9919438688838,0.00349807355934822,-0.000626384827592977,7.91449570660507e-05,0.00280102006563671,0.00305248447059448,-0,0,0,402.962853963578,0,0
66.6,100,100,99.9920135272353,0.00346780630621845,-0.000624444412824912,0.000115020541235636,0.00281428529354152,0.00296032604044092,-0,0,0,402.963014388607,0,0
66.62,100,100,99.9920825829178,0.00343780630795507,-0.000621780345165835,0.000151445260175432,0.00282044430524385,0.00285890816861518,-0,0,0,402.963173426506,0,0
66.64,100,100,99.9921510412549,0.00340807140546051,-0.000618385534004871,0.00018803057633177,0.00281939074323758,0.00274923933420012,-0,0,0,402.963331089273,0,0
66.66,100,100,99.9922189075267,0.00337859939979622,-0.000614260606725979,0.000224393843723484,0.00281109227403019,0.00263239129924073,-0,0,0,402.963487388803,0,0
66.68,100,100,99.9922861869687,0.00334938805259225,-0.000609413754343065,0.000260161937269735,0.00279558951695702,0.00250948743605764,-0,0,0,402.963642336884,0,0
66.7,100,100,99.9923528847713,0.00332043508702759,-0.000603860506099837,0.000294974721641091,0.0027729942793171,0.00238169077935342,-0,0,0,402.963795945202,0,0
66.72,100,100,99.9924190060793,0.00329173818935949,-0.000597623436557295,0.000328488328694456,0.00274348712840992,0.0022501919024471,-0,0,0,402.963948225336,0,0
66.74,100,100,99.9924845559904,0.00326329501097481,-0.000590731809286262,0.000360378215001115,0.00270731433658446,0.00211619675768282,-0,0,0,402.964099188768,0,0
66.76,100,100,99.9925495395553,0.0032351031709319,-0.000583221161825975,0.000390341973650461,0.00266478424025051,0.00198091458360469,-0,0,0,402.964248846872,0,0
66.78,100,100,99.9926139617768,0.00320716025895741,-0.000575132837057382,0.000418101877409563,0.00261626306043417,0.00184554600591653,-0,0,0,402.964397210928,0,0
66.8,100,100,99.992677827609,0.00317946383885858,-0.000566513466568098,0.000443407133339947,0.00256217023385056,0.00171127144784592,-0,0,0,402.964544292111,0,0
66.82,100,100,99.9927411419572,0.0031520114523081,-0.00055741441195228,0.000466035832194407,0.00250297331166256,0.00157923996390376,-0,0,0,402.9646901015,0,0
66.84,100,100,99.9928039096775,0.00312480062295625,-0.000547891170288992,0.000485796579204344,0.0024391824816779,0.00145055856054847,-0,0,0,402.964834650076,0,0
66.86,100,100,99.9928661355759,0.00309782886082202,-0.000538002750277596,0.000502529796216552,0.00237134477606693,0.00132628214542969,-0,0,0,402.964977948725,0,0
66.88,100,100,99.992927824409,0.00307109366691385,-0.000527811025674766,0.000516108688561559,0.00230003802616409,0.00120740417686285,-0,0,0,402.965120008234,0,0
66.9,100,100,99.9929889808831,0.00304459253802866,-0.000517380072776636,0.000526439873425099,0.00222586462852344,0.00109484806890172,-0,0,0,402.965260839298,0,0
66.92,100,100,99.9930496096543,0.00301832297167735,-0.000506775498720136,0.000533463669848597,0.00214944518650142,0.000989459464371683,-0,0,0,402.965400452516,0,0
66.94,100,100,99.993109715329,0.00299228247108487,-0.000496063767341909,0.00053715405382495,0.00207141209230303,0.000891999390519584,-0,0,0,402.965538858399,0,0
66.96,100,100,99.9931693024637,0.00296646855021276,-0.00048531152923146,0.000537518285138672,0.00199240311271717,0.000803138385216256,-0,0,0,402.96567606736,0,0
66.98,100,100,99.9932283755651,0.00294087873875326,-0.00047458496245136,0.000534596215702004,0.00191305504174011,0.000723451600225413,-0,0,0,402.965812089727,0,0
67,100,100,99.9932869390909,0.00291551058704503,-0.000463949130172502,0.000528459292050146,0.00183399748022841,0.000653414961332701,-0,0,0,402.965946935735,0,0
67.02,100,100,99.9933449974501,0.00289036167086244,-0.000453467361191254,0.00051920926745355,0.0017558468025066,0.000593402318568714,-0,0,0,402.966080615531,0,0
67.04,100,100,99.9934025550034,0.0028654295960324,-0.000443200658960328,0.000506976641621428,0.00167920036349678,0.000543683692374796,-0,0,0,402.966213139175,0,0
67.06,100,100,99.9934596160638,0.00284071200283516,-0.000433207144382288,0.000491918848297326,0.0016046309992265,0.000504424563601471,-0,0,0,402.966344516641,0,0
67.08,100,100,99.9935161848979,0.0028162065701488,-0.000423541537186949,0.00047421821317497,0.00153268187083417,0.000475686155229247,-0,0,0,402.966474757814,0,0
67.1,100,100,99.9935722657258,0.00279191101930002,-0.000414254680246635,0.000454079706361234,0.00146386169310883,0.000457426787234022,-0,0,0,402.966603872498,0,0
67.12,100,100,99.9936278627229,0.00276782311758759,-0.000405393110682958,0.000431728515171965,0.00139864038918013,0.000449504188977563,-0,0,0,402.966731870411,0,0
67.14,100,100,99.9936829800203,0.00274394068144872,-0.000396998681089516,0.000407407464340358,0.0013374452052343,0.000451678715384396,-0,0,0,402.966858761187,0,0
67.16,100,100,99.9937376217057,0.00272026157924246,-0.000389108233643273,0.000381374311686803,0.00128065731490712,0.000463617533671324,-0,0,0,402.966984554381,0,0
67.18,100,100,99.9937917918251,0.00269678373362878,-0.000381753329308384,0.000353898948028825,0.00122860893722777,0.000484899559161185,-0,0,0,402.967109259463,0,0
67.2,100,100,99.9938454943833,0.00267350512352594,-0.000374960033756861,0.000325260530455519,0.00118158098644333,0.00051502123951592,-0,0,0,402.967232885825,0,0
67.22,100,100,99.9938987333452,0.00265042378563368,-0.000368748761045894,0.000295744578268709,0.00113980126836818,0.00055340297080593,-0,0,0,402.967355442778,0,0
67.24,100,100,99.9939515126371,0.0026275378155139,-0.000363134175506887,0.000265640060670503,0.00110344322841018,0.000599396184498346,-0,0,0,402.967476939555,0,0
67.26,100,100,99.9940038361479,0.00260484536822514,-0.000358125151724321,0.000235236504817151,0.00107262525531509,0.000652290960432715,-0,0,0,402.967597385311,0,0
67.28,100,100,99.9940557077301,0.00258234465851157,-0.000353724791916334,0.000204821152155352,0.00104741053579957,0.000711324092504118,-0,0,0,402.967716789122,0,0
67.3,100,100,99.994107131201,0.00256003396055162,-0.000349930499480681,0.000174676189943266,0.00102780745223204,0.000775687540287512,-0,0,0,402.967835159989,0,0
67.32,100,100,99.9941581103441,0.00253791160727551,-0.000346734106943162,0.000145076083633377,0.00101377050832371,0.000844537152612224,-0,0,0,402.967952506836,0,0
67.34,100,100,99.9942086489101,0.0025159759892651,-0.000344122056046741,0.000116285034324582,0.00100520176517091,0.000917001581664387,-0,0,0,402.968068838513,0,0
67.36,100,100,99.9942587506182,0.00249422555325322,-0.000342075627251456,8.85545838350665e-05,0.00100195276320148,0.000992191299681354,-0,0,0,402.968184163792,0,0
67.38,100,100,99.9943084191568,0.00247265880024334,-0.000340571215482753,6.21213880617573e-05,0.00100382690243885,0.00106920762867366,-0,0,0,402.968298491376,0,0
67.4,100,100,99.9943576581851,0.00245127428327374,-0.000339580648572592,3.72051772735795e-05,0.00101058224951848,0.00114715168872478,-0,0,0,402.968411829889,0,0
67.42,100,100,99.9944064713337,0.00243007060485326,-0.00033907154448616,1.40069198152373e-05,0.00102193473583065,0.00122513318996027,-0,0,0,402.968524187887,0,0
67.44,100,100,99.9944548622058,0.00240904641409878,-0.000339007703120168,-7.29279659303458e-06,0.00103756170879275,0.00130227895419523,-0,0,0,402.968635573851,0,0
67.46,100,100,99.9945028343781,0.00238820040360654,-0.000339349528199023,-2.65351541789117e-05,0.00105710579393432,0.00137774114183331,-0,0,0,402.96874599619,0,0
67.48,100,100,99.9945503914014,0.00236753130609164,-0.000340054474583908,-4.35842557471226e-05,0.00108017902503486,0.00145070506188421,-0,0,0,402.968855463244,0,0
67.5,100,100,99.9945975368015,0.00234703789083168,-0.000341077516148519,-5.83280297833087e-05,0.0011063671972092,0.00152039650973223,-0,0,0,402.968963983279,0,0
67.52,100,100,99.9946442740802,0.00232671895995177,-0.0003423716292637,-7.0678885739946e-05,0.00113523439520318,0.00158608858217448,-0,0,0,402.969071564492,0,0
67.54,100,100,99.9946906067154,0.00230657334458895,-0.000343888286872992,-8.0574117750754e-05,0.0011663276504302,0.00164710789970537,-0,0,0,402.969178215013,0,0
67.56,100,100,99.9947365381618,0.00228659990097466,-0.000345577958130484,-8.79760574804101e-05,0.00119918167806311,0.00170284018068037,-0,0,0,402.969283942898,0,0
67.58,100,100,99.9947820718517,0.0022667975064737,-0.000347390608611694,-9.28719792947249e-05,0.00123332364666279,0.00175273515758849,-0,0,0,402.969388756138,0,0
67.6,100,100,99.994827211195,0.00224716505561837,-0.000349276196194907,-9.5273763254271e-05,0.00126827793338184,0.00179631074424044,-0,0,0,402.969492662653,0,0
67.62,100,100,99.9948719595796,0.00222770145617523,-0.000351185157844074,-9.52173237502011e-05,0.00130357081774877,0.00183315649621213,-0,0,0,402.969595670297,0,0
67.64,100,100,99.9949163203717,0.00220840562528138,-0.00035306888270163,-9.27618136946914e-05,0.00133873507041593,0.00186293626520838,-0,0,0,402.969697786854,0,0
67.66,100,100,99.9949602969159,0.0021892764856855,-0.000354880167118961,-8.79886162376483e-05,0.0013733143926647,0.00188539011736997,-0,0,0,402.969799020044,0,0
67.68,100,100,99.9950038925352,0.00217031296212745,-0.000356573647509921,-8.10001378031947e-05,0.00140686766683009,0.00190033543898709,-0,0,0,402.969899377517,0,0
67.7,100,100,99.9950471105313,0.00215151397788799,-0.000358106207206235,-7.19184179504371e-05,0.00143897297965256,0.00190766728661479,-0,0,0,402.96999886686,0,0
67.72,100,100,99.9950899541841,0.00213287845153838,-0.000359437353818684,-6.08835730296614e-05,0.00146923138317092,0.00190735795879224,-0,0,0,402.970097495591,0,0
67.74,100,100,99.9951324267518,0.00211440529391647,-0.000360529563961087,-4.80520919668463e-05,0.00149727036072955,0.00189945583170527,-0,0,0,402.970195271166,0,0
67.76,100,100,99.995174531471,0.00209609340535389,-0.000361348592572275,-3.35950035742297e-05,0.00152274697083197,0.00188408345390685,-0,0,0,402.970292200974,0,0
67.78,100,100,99.9952162715558,0.00207794167317549,-0.000361863744468097,-1.76959357007938e-05,0.00154535064311989,0.00186143498151786,-0,0,0,402.970388292338,0,0
67.8,100,100,99.9952576501981,0.00205994896948956,-0.00036204810616927,-5.49087192247788e-07,0.00156480560653385,0.00183177292622436,-0,0,0,402.970483552521,0,0
67.82,100,100,99.9952986705671,0.00204211414928389,-0.000361878736475077,1.76428658680255e-05,0.00158087293100677,0.00179542432192049,-0,0,0,402.970577988719,0,0
67.84,100,100,99.9953393358089,0.00202443604883948,-0.000361336814685557,3.66709079509418e-05,0.00159335217264665,0.00175277631488207,-0,0,0,402.970671608066,0,0
67.86,100,100,99.995379649046,0.00200691348447074,-0.000360407745808417,5.63218441901976e-05,0.0016020826104418,0.00170427126052174,-0,0,0,402.970764417633,0,0
67.88,100,100,99.9954196133772,0.00198954525159715,-0.000359081222520639,7.6380461258226e-05,0.0016069440730495,0.00165040136580825,-0,0,0,402.97085642443,0,0
67.9,100,100,99.9954592318768,0.00197233012414844,-0.000357351244081352,9.6631667878048e-05,0.00160785735271237,0.00159170293760219,-0,0,0,402.970947635404,0,0
67.92,100,100,99.9954985075945,0.00195526685430189,-0.000355216092810235,0.000116862594400577,0.00160478421169827,0.00152875032321596,-0,0,0,402.97103805744,0,0
67.94,100,100,99.9955374435549,0.00193835417254713,-0.000352678269148974,0.000136864631706156,0.00159772698783238,0.00146214956111054,-0,0,0,402.971127697365,0,0
67.96,100,100,99.9955760427567,0.00192159078807076,-0.000349744386709439,0.000156435390575437,0.0015867278101952,0.00139253188828935,-0,0,0,402.971216561943,0,0
67.98,100,100,99.995614308173,0.00190497538945011,-0.000346425029077899,0.000175380563889571,0.00157186744127086,0.0013205470701916,-0,0,0,402.97130465788,0,0
68,100,100,99.99565224275,0.00188850664564272,-0.000342734570484921,0.000193515675235513,0.00155326376225613,0.00124685670453058,-0,0,0,402.971391991822,0,0
68.02,100,100,99.9956898494075,0.00187218320725531,-0.000338690962765258,0.000210667698925637,0.00153106992347803,0.00117212752676038,-0,0,0,402.971478570356,0,0
68.04,100,100,99.9957271310379,0.0018560037080737,-0.000334315491316779,0.000226676537973588,0.00150547218470694,0.00109702478882262,-0,0,0,402.971564400012,0,0
68.06,100,100,99.9957640905062,0.00183996676683311,-0.000329632503019988,0.000241396348235134,0.00147668747213207,0.001022205773054,-0,0,0,402.971649487262,0,0
68.08,100,100,99.9958007306497,0.00182407098920598,-0.000324669109298808,0.000254696698600505,0.0014449606799456,0.000948313506392459,-0,0,0,402.971733838521,0,0
68.1,100,100,99.9958370542775,0.00180831496998286,-0.000319454867687753,0.000266463558934365,0.00141056174944778,0.000875970733505973,-0,0,0,402.971817460146,0,0
68.12,100,100,99.9958730641708,0.00179269729542069,-0.000314021445418127,0.000276600109321927,0.00137378255734515,0.000805774196068762,-0,0,0,402.971900358441,0,0
68.14,100,100,99.9959087630822,0.00177721654573155,-0.000308402268646043,0.000285027366014419,0.00133493364727582,0.000738289273552112,-0,0,0,402.971982539653,0,0
68.16,100,100,99.995944153736,0.00176187129768373,-0.000302632161018929,0.000291684621350847,0.00129434083935018,0.000674045037639955,-0,0,0,402.972064009973,0,0
68.18,100,100,99.9959792388279,0.00174666012728713,-0.000296746975312285,0.000296529696823428,0.00125234175410086,0.000613529734925221,-0,0,0,402.97214477554,0,0
68.2,100,100,99.9960140210254,0.00173158161253394,-0.000290783221866961,0.000299539010270425,0.00120928228461485,0.000557186774423828,-0,0,0,402.972224842439,0,0
68.22,100,100,99.9960485029674,0.00171663433616609,-0.00028477769751952,0.000300707459991393,0.00116551305406026,0.000505411211764095,-0,0,0,402.972304216701,0,0
68.24,100,100,99.9960826872644,0.00170181688844106,-0.000278767118644649,0.000300048130324707,0.00112138589273981,0.000458546798446216,-0,0,0,402.972382904305,0,0
68.26,100,100,99.9961165764991,0.00168712786986809,-0.000272787761820977,0.000297591824888658,0.00107725036874477,0.000416883527777163,-0,0,0,402.972460911177,0,0
68.28,100,100,99.9961501732261,0.00167256589388781,-0.000266875115492236,0.000293386435222752,0.00103345040472973,0.00038065582729784,-0,0,0,402.972538243195,0,0
68.3,100,100,99.9961834799726,0.0016581295894692,-0.000261063545825708,0.000287496154079925,0.000990321013555248,0.000350041283711445,-0,0,0,402.972614906181,0,0
68.32,100,100,99.9962164992385,0.00164381760359941,-0.000255385979771044,0.000280000543954218,0.000948185181369333,0.000325159947537872,-0,0,0,402.972690905912,0,0
68.34,100,100,99.9962492334967,0.00162962860364298,-0.000249873608099017,0.000270993472620935,0.000907350926067979,0.000306074227264859,-0,0,0,402.972766248112,0,0
68.36,100,100,99.9962816851938,0.00161556127954924,-0.000244555610952747,0.000260581928579372,0.000868108557146574,0.000292789350197637,-0,0,0,402.972840938456,0,0
68.38,100,100,99.9963138567504,0.00160161434588821,-0.000239458908176524,0.000248884730212894,0.00083072815939421,0.000285254352552878,-0,0,0,402.972914982572,0,0
68.4,100,100,99.9963457505618,0.00158778654369748,-0.000234607936403345,0.000236031143251611,0.000795457321214259,0.000283363631365826,-0,0,0,402.972988386038,0,0
68.42,100,100,99.9963773689982,0.00157407664212474,-0.000230024454583572,0.000222159421768141,0.000762519125065289,0.000286958980045295,-0,0,0,402.973061154385,0,0
68.44,100,100,99.9964087144055,0.00156048343985291,-0.000225727379328016,0.000207415288393067,0.000732110415252685,0.000295832107576526,-0,0,0,402.973133293098,0,0
68.46,100,100,99.996439789106,0.00154700576629725,-0.000221732651121267,0.000191950369734897,0.000704400353929031,0.000309727595775493,-0,0,0,402.973204807614,0,0
68.48,100,100,99.9964705953987,0.0015336424825661,-0.000218053132140361,0.000175920603138579,0.000679529275321087,0.000328346268539528,-0,0,0,402.973275703323,0,0
68.5,100,100,99.9965011355605,0.00152039248217958,-0.000214698536090307,0.000159484630894198,0.000657607842548131,0.000351348940525403,-0,0,0,402.973345985572,0,0
68.52,100,100,99.9965314118461,0.00150725469154301,-0.000211675390147942,0.000142802197837893,0.000638716511003047,0.000378360441034445,-0,0,0,402.97341565966,0,0
68.54,100,100,99.9965614264893,0.00149422807017399,-0.000208987028789506,0.000126032567934456,0.000622905296165685,0.000408973973357118,-0,0,0,402.973484730842,0,0
68.56,100,100,99.9965911817033,0.00148131161068506,-0.000206633618970094,0.000109332974983214,0.00061019384440555,0.000442755661388663,-0,0,0,402.97355320433,0,0
68.58,100,100,99.9966206796816,0.00146850433852572,-0.0002046122158262,9.28571219634094e-05,0.000600571798793856,0.00047924928677268,-0,0,0,402.973621085289,0,0
68.6,100,100,99.9966499225984,0.00145580531149002,-0.000202916847789553,7.67537427785136e-05,0.000593999451786498,0.00051798117586157,-0,0,0,402.973688378843,0,0
68.62,100,100,99.9966789126096,0.00144321361899848,-0.000201538629733592,6.1165239327126e-05,0.000590408673214615,0.000558465129016506,-0,0,0,402.973755090071,0,0
68.64,100,100,99.9967076518529,0.00143072838116443,-0.000200465902525121,4.622640580164e-05,0.000589704098175732,0.00060020742807273,-0,0,0,402.97382122401,0,0
68.66,100,100,99.9967361424488,0.00141834874765756,-0.00019968439712621,3.20632510927873e-05,0.000591764560134997,0.000642711772153303,-0,0,0,402.973886785655,0,0
68.68,100,100,99.9967643865013,0.0014060738963786,-0.000199177421185214,1.87919289738903e-05,0.000596444749115109,0.000685484192313092,-0,0,0,402.973951779956,0,0
68.7,100,100,99.9967923860979,0.00139390303196102,-0.000198926065874697,6.51778453428857e-06,0.000603577075316867,0.00072803783265034,-0,0,0,402.974016211824,0,0
68.72,100,100,99.9968201433107,0.00138183538411696,-0.000198909430577364,-4.66547596558484e-06,0.000612973716928879,0.000769897560431625,-0,0,0,402.974080086128,0,0
68.74,100,100,99.9968476601964,0.00136987020584571,-0.000199104862890961,-1.46764860070439e-05,0.000624428825864039,0.000810604400344862,-0,0,0,402.974143407694,0,0
68.76,100,100,99.9968749387972,0.00135800677152405,-0.000199488211321093,-2.34467860445727e-05,0.000637720870890769,0.000849719724485708,-0,0,0,402.974206181309,0,0
68.78,100,100,99.9969019811408,0.0013462443748989,-0.000200034087954695,-3.09212539615645e-05,0.000652615089617789,0.000886829142710269,-0,0,0,402.974268411717,0,0
68.8,100,100,99.9969287892412,0.00133458232700288,-0.000200716138360182,-3.70583971109243e-05,0.000668866024347672,0.00092154610801011,-0,0,0,402.974330103625,0,0
68.82,100,100,99.9969553650984,0.00132301995401385,-0.000201507315940612,-4.18305056495783e-05,0.000686220115652492,0.000953515179914027,-0,0,0,402.974391261696,0,0
68.84,100,100,99.9969817106994,0.00131155659508003,-0.000202380157974364,-4.52236682357812e-05,0.000704418327275321,0.000982414908462361,-0,0,0,402.974451890556,0,0
68.86,100,100,99.997007828018,0.00130019160013172,-0.000203307060612215,-4.72376524903867e-05,0.000723198775537323,0.00100796034526765,-0,0,0,402.97451199479,0,0
68.88,100,100,99.9970337190149,0.00128892432770071,-0.000204260550161144,-4.78856539209892e-05,0.000742299337670341,0.00102990515072114,-0,0,0,402.974571578944,0,0
68.9,100,100,99.9970593856383,0.00127775414276796,-0.000205213548070942,-4.71939181862001e-05,0.000761460214776513,0.0010480432778039,-0,0,0,402.974630647525,0,0
68.92,100,100,99.9970848298236,0.00126668041465939,-0.000206139627148984,-4.52012427501684e-05,0.000780426423883341,0.00106221023575937,-0,0,0,402.974689205001,0,0
68.94,100,100,99.9971100534938,0.00125570251500892,-0.000207013256660514,-4.19583650496587e-05,0.000798950196721156,0.00107228392385666,-0,0,0,402.974747255802,0,0
68.96,100,100,99.9971350585589,0.00124481981580671,-0.000207810034124074,-3.75272452609243e-05,0.000816793263801776,0.00107818502547401,-0,0,0,402.974804804319,0,0
68.98,100,100,99.9971598469169,0.0012340316875495,-0.00020850690178231,-3.19802526326186e-05,0.000833729002832318,0.00107987699669968,-0,0,0,402.974861854904,0,0
69,100,100,99.9971844204527,0.00122333749750879,-0.00020908234591578,-2.53992651376881e-05,0.000849544433666954,0.00107736561850987,-0,0,0,402.974918411874,0,0
69.02,100,100,99.9972087810388,0.00121273660813086,-0.000209516577369251,-1.78746928471413e-05,0.0008640420428231,0.00107069815160625,-0,0,0,402.974974479506,0,0
69.04,100,100,99.9972329305347,0.0012022283755812,-0.000209791691873782,-9.50443600920916e-06,0.000877041422685585,0.00105996210042699,-0,0,0,402.97503006204,0,0
69.06,100,100,99.9972568707872,0.00119181214844452,-0.000209891808972135,-3.92789224305453e-07,0.000888380713329591,0.00104528360261566,-0,0,0,402.97508516368,0,0
69.08,100,100,99.9972806036296,0.00118148726658932,-0.000209803188586043,9.35069657064373e-06,0.000897917836105374,0.00102682547651684,-0,0,0,402.975139788591,0,0
69.1,100,100,99.9973041308824,0.00117125306020473,-0.000209514324500529,1.96123823861968e-05,0.000905531510831114,0.00100478494298299,-0,0,0,402.975193940905,0,0
69.12,100,100,99.997327454352,0.00116110884901506,-0.000209016014279786,3.02757277532689e-05,0.000911122050931582,0.00097939105894672,-0,0,0,402.975247624715,0,0
69.14,100,100,99.9973505758317,0.00115105394167602,-0.000208301405368231,4.12224836405043e-05,0.00091461193262057,0.000950901872529115,-0,0,0,402.975300844078,0,0
69.16,100,100,99.9973734971004,0.00114108763535452,-0.000207366017368304,5.23338799321278e-05,0.00091594613669008,0.000919601366450349,-0,0,0,402.975353603016,0,0
69.18,100,100,99.997396219923,0.00113120921549215,-0.000206207740719221,6.34917959584202e-05,0.00091509226430167,0.000885796191371037,-0,0,0,402.975405905516,0,0
69.2,100,100,99.9974187460501,0.00112141795575084,-0.000204826812227812,7.45799029455062e-05,0.000912040428991554,0.00084981223964606,-0,0,0,402.97545775553,0,0
69.22,100,100,99.9974410772174,0.00111171311813712,-0.000203225768120354,8.548476773725e-05,0.000906802931269009,0.000811991108344206,-0,0,0,402.975509156974,0,0
69.24,100,100,99.997463215146,0.00110209395330005,-0.000201409375491693,9.60969077144581e-05,0.000899413721343865,0.000772686443391396,-0,0,0,402.97556011373,0,0
69.26,100,100,99.9974851615416,0.00109255970099602,-0.00019938454322325,0.000106311787488593,0.000889927661068801,0.000732260278828578,-0,0,0,402.975610629645,0,0
69.28,100,100,99.9975069180949,0.00108310959071234,-0.000197160213621961,0.000116030748731305,0.000878419594712121,0.000691079320702529,-0,0,0,402.975660708534,0,0
69.3,100,100,99.997528486481,0.00107374284244006,-0.000194747236197614,0.000125161865270411,0.000864983241904016,0.000649511270039306,-0,0,0,402.975710354176,0,0
69.32,100,100,99.9975498683591,0.00106445866758502,-0.000192158225144483,0.000133620716477766,0.000849729925904989,0.000607921217469242,-0,0,0,402.975759570318,0,0
69.34,100,100,99.9975710653729,0.00105525627000535,-0.000189407402223425,0.000141331072914612,0.000832787154624142,0.000566668099732801,-0,0,0,402.975808360674,0,0
69.36,100,100,99.9975920791498,0.00104613484716224,-0.000186510426851588,0.0001482254891541,0.000814297068413547,0.000526101322287738,-0,0,0,402.975856728925,0,0
69.38,100,100,99.9976129113012,0.0010370935913702,-0.000183484215298772,0.000154245799701267,0.000794414774562646,0.00048655749916421,-0,0,0,402.975904678719,0,0
69.4,100,100,99.9976335634225,0.00102813169113219,-0.000180346750960669,0.000159343514970387,0.00077330658556318,0.000448357401260727,-0,0,0,402.975952213673,0,0
69.42,100,100,99.9976540370925,0.00101924833254456,-0.000177116887729604,0.000163480115298438,0.000751148180859511,0.000411803108195605,-0,0,0,402.975999337372,0,0
69.44,100,100,99.997674333874,0.00101044270075617,-0.000173814148513677,0.000166627242020998,0.000728122710807657,0.00037717540442501,-0,0,0,402.976046053368,0,0
69.46,100,100,99.9976944553133,0.00100171398146608,-0.000170458520964328,0.00016876678563721,0.000704418862994808,0.00034473141962761,-0,0,0,402.976092365186,0,0
69.48,100,100,99.9977144029405,0.000993061362443705,-0.000167070252461735,0.00016989087212987,0.000680228910530256,0.000314702547553147,-0,0,0,402.976138276315,0,0
69.5,100,100,99.9977341782697,0.000984484035055996,-0.000163669646376167,0.000170001749454913,0.000655746761107399,0.000287292662876257,-0,0,0,402.976183790217,0,0
69.52,100,100,99.9977537827985,0.000975981195785774,-0.000160276861573985,0.000169111577162642,0.000631166026692719,0.000262676640940881,-0,0,0,402.976228910323,0,0
69.54,100,100,99.9977732180088,0.00096755204772633,-0.00015691171706836,0.000167242123016808,0.000606678132048272,0.000240999168996143,-0,0,0,402.976273640033,0,0
69.56,100,100,99.9977924853665,0.000959195802037513,-0.000153593503629223,0.000164424371300136,0.000582470479648388,0.000222373899405477,-0,0,0,402.976317982721,0,0
69.58,100,100,99.9978115863217,0.000950911679349384,-0.000150340804065241,0.000160698048279351,0.000558724688016843,0.000206882904117882,-0,0,0,402.976361941728,0,0
69.6,100,100,99.9978305223093,0.000942698911100132,-0.000147171323774025,0.000156111070996507,0.000535614919348199,0.000194576462970207,-0,0,0,402.976405520368,0,0
69.62,100,100,99.9978492947488,0.000934556740796013,-0.000144101733026853,0.000150718926214341,0.000513306311276132,0.000185473153251568,-0,0,0,402.976448721926,0,0
69.64,100,100,99.9978679050446,0.000926484425181968,-0.000141147522311989,0.000144583986878327,0.000491953525911608,0.00017956025681435,-0,0,0,402.976491549659,0,0
69.66,100,100,99.9978863545866,0.000918481235312685,-0.000138322871908522,0.000137774773944096,0.000471699428500312,0.000176794457048236,-0,0,0,402.976534006796,0,0
69.68,100,100,99.9979046447501,0.000910546457515006,-0.000135640536701674,0.000130365171795829,0.000452673905431759,0.000177102837116374,-0,0,0,402.976576096538,0,0
69.7,100,100,99.9979227768964,0.000902679394233871,-0.000133111747082984,0.000122433605794081,0.000434992832078124,0.000180384132228819,-0,0,0,402.976617822059,0,0
69.72,100,100,99.9979407523728,0.000894879364755282,-0.000130746126605307,0.000114062190703329,0.000418757195945719,0.000186510240838552,-0,0,0,402.976659186507,0,0
69.74,100,100,99.9979585725134,0.000887145705801011,-0.000128551626886764,0.000105335858857863,0.00040405238234382,0.00019532798173256,-0,0,0,402.976700193,0,0
69.76,100,100,99.9979762386392,0.00087947777199125,-0.000126534480079672,9.63414769763182e-05,0.000390947625537779,0.000206661044907743,-0,0,0,402.976740844633,0,0
69.78,100,100,99.9979937520583,0.000871874936172622,-0.00012469916904299,8.71669604590969e-05,0.000379495628138862,0.00022031215088765,-0,0,0,402.976781144473,0,0
69.8,100,100,99.9980111140665,0.000864336589610526,-0.000123048415181093,7.79003938919027e-05,0.000369732349429232,0.000236065361484516,-0,0,0,402.97682109556,0,0
69.82,100,100,99.9980283259478,0.000856862142045958,-0.000121583183739602,6.86291662282649e-05,0.000361676961095318,0.000253688528979028,-0,0,0,402.976860700911,0,0
69.84,100,100,99.9980453889744,0.000849451021618337,-0.000120302706182256,5.94391288311632e-05,0.000355331968069754,0.00027293587883251,-0,0,0,402.976899963514,0,0
69.86,100,100,99.9980623044072,0.000842102674657328,-0.000119204519112797,5.04137842082531e-05,0.00035068349049013,0.000293550649394636,-0,0,0,402.976938886336,0,0
69.88,100,100,99.9980790734963,0.000834816565347501,-0.000118284519053588,4.16335127679144e-05,0.000347701699945004,0.000315267816290242,-0,0,0,402.976977472314,0,0
69.9,100,100,99.9980956974812,0.000827592175271265,-0.000117537032251217,3.31748444832464e-05,0.000346341404400437,0.000337816815177686,-0,0,0,402.977015724363,0,0
69.92,100,100,99.9981121775914,0.000820429002836238,-0.000116954898546937,2.510978172487e-05,0.000346542771736812,0.000360924311732085,-0,0,0,402.977053645374,0,0
69.94,100,100,99.9981285150462,0.000813326562594527,-0.000116529568230863,1.7505178953097e-05,0.000348232183778014,0.000384316903233912,-0,0,0,402.977091238211,0,0
69.96,100,100,99.9981447110556,0.000806284384462115,-0.000116251210691415,1.04221842696137e-05,0.000351323208657463,0.000407723802244695,-0,0,0,402.977128505715,0,0
69.98,100,100,99.9981607668203,0.000799302012847491,-0.000116108833578642,3.91574714292184e-06,0.000355717680913688,0.000430879427461423,-0,0,0,402.977165450703,0,0
70,100,100,99.9981766835319,0.000792379005699341,-0.000116090411120771,-1.96580410376394e-06,0.000361306876149802,0.000453525903378078,-0,0,0,402.977202075969,0,0
70.02,100,100,99.9981924623734,0.000785514933483697,-0.000116183020169111,-7.18111221692605e-06,0.000367972766850664,0.000475415431300093,-0,0,0,402.977238384281,0,0
70.04,100,100,99.9982081045193,0.00077870937810152,-0.000116372982497707,-1.1696066264334e-05,0.000375589346515558,0.00049631253985396,-0,0,0,402.977274378385,0,0
70.06,100,100,99.9982236111359,0.000771961931758035,-0.00011664601184958,-1.54840009102529e-05,0.000384024006668542,0.000515996128684441,-0,0,0,402.977310061004,0,0
70.08,100,100,99.9982389833813,0.000765272195795366,-0.000116987364203893,-1.85258191843031e-05,0.000393138953198093,0.000534261376990939,-0,0,0,402.977345434836,0,0
70.1,100,100,99.9982542224059,0.00075863977950017,-0.000117381989734432,-2.08100389632902e-05,0.000402792646845257,0.000550921448508355,-0,0,0,402.977380502557,0,0
70.12,100,100,99.9982693293521,0.000752064298898134,-0.000117814684942287,-2.23327641173959e-05,0.000412841254016218,0.000565808965248912,-0,0,0,402.97741526682,0,0
70.14,100,100,99.9982843053549,0.000745545375546896,-0.000118270243471642,-2.30975820143852e-05,0.000423140092612776,0.000578777290716019,-0,0,0,402.977449730256,0,0
70.16,100,100,99.9982991515417,0.000739082635338904,-0.000118733604158336,-2.31153897476974e-05,0.000433545059892755,0.000589701568851545,-0,0,0,402.977483895471,0,0
70.18,100,100,99.9983138690324,0.000732675707325381,-0.000119189994914897,-2.24041521099395e-05,0.000443914027422454,0.000598479548028481,-0,0,0,402.977517765052,0,0
70.2,100,100,99.9983284589396,0.000726324222572168,-0.000119625071122383,-2.09885949442377e-05,0.000454108191804329,0.000605032151006337,-0,0,0,402.977551341561,0,0
70.22,100,100,99.9983429223684,0.000720027813057652,-0.000120025047277472,-1.88998380766749e-05,0.00046399336693757,0.000609303815275938,-0,0,0,402.977584627538,0,0
70.24,100,100,99.9983572604168,0.000713786110622449,-0.000120376820732976,-1.61749725386195e-05,0.000473441207796253,0.000611262602165172,-0,0,0,402.977617625502,0,0
70.26,100,100,99.9983714741751,0.000707598745979825,-0.000120668086468361,-1.28565872455397e-05,0.000482330353973075,0.000610900060049696,-0,0,0,402.97765033795,0,0
70.28,100,100,99.9983855647264,0.000701465347794989,-0.000120887441934617,-8.9922507094264e-06,0.000490547483761608,0.000608230877494362,-0,0,0,402.977682767356,0,0
70.3,100,100,99.9983995331463,0.000695385541840731,-0.000121024481132593,-4.6339536750624e-06,0.000497988270545806,0.000603292298641823,-0,0,0,402.977714916175,0,0
70.32,100,100,99.9984133805028,0.000689358950235867,-0.000121069877204537,1.62481137968643e-07,0.000504558232654962,0.000596143346444747,-0,0,0,402.977746786837,0,0
70.34,100,100,99.9984271078565,0.00068338519077204,-0.000121015452944714,5.33801579889505e-06,0.00051017347212352,0.000586863834200311,-0,0,0,402.977778381755,0,0
70.36,100,100,99.9984407162601,0.000677463876333584,-0.000120854238763837,1.08310339303033e-05,0.000514761295556095,0.000575553193070522,-0,0,0,402.977809703316,0,0
70.38,100,100,99.9984542067586,0.00067159461441395,-0.000120580517773339,1.65779908521168e-05,0.000518260714204837,0.000562329135129696,-0,0,0,402.97784075389,0,0
70.4,100,100,99.998467580389,0.000665777006731365,-0.000120189857787942,2.2514070512355e-05,0.000520622820406315,0.000547326173108867,-0,0,0,402.977871535825,0,0
70.42,100,100,99.9984808381805,0.000660010648945375,-0.000119679130176359,2.8573842662445e-05,0.000521811038806887,0.00053069396915357,-0,0,0,402.977902051447,0,0
70.44,100,100,99.9984939811539,0.000654295130474712,-0.000119046515619965,3.46919138227112e-05,0.000521801252130231,0.000512595602159431,-0,0,0,402.977932303063,0,0
70.46,100,100,99.9985070103219,0.000648630034416155,-0.000118291496966437,4.08035658043785e-05,0.000520581803215155,0.000493205717859788,-0,0,0,402.977962292959,0,0
70.48,100,100,99.9985199266886,0.00064301493756302,-0.000117414839487643,4.68453757792187e-05,0.000518153375137178,0.000472708604004882,-0,0,0,402.977992023402,0,0
70.5,100,100,99.9985327312499,0.000637449410520895,-0.000116418558968726,5.27558121675094e-05,0.000514528752700738,0.000451296208545518,-0,0,0,402.978021496637,0,0
70.52,100,100,99.9985454249926,0.000631933017917364,-0.000115305878166324,5.84758009674653e-05,0.00050973246991968,0.000429166112220283,-0,0,0,402.978050714891,0,0
70.54,100,100,99.9985580088952,0.000626465318701594,-0.000114081172277834,6.39492575314604e-05,0.000503800349785077,0.000406519494629001,-0,0,0,402.97807968037,0,0
70.56,100,100,99.998570483927,0.000621045866528989,-0.000112749904158822,6.91235792491611e-05,0.000496778941422169,0.000383559111705282,-0,0,0,402.978108395261,0,0
70.58,100,100,99.9985828510485,0.000615674210225182,-0.000111318550112435,7.39500950293587e-05,0.000488724863774771,0.000360487243877091,-0,0,0,402.978136861732,0,0
70.6,100,100,99.998595111211,0.000610349894323058,-0.000109794517151433,7.83844679899581e-05,0.000479704061857804,0.000337503767989052,-0,0,0,402.978165081932,0,0
70.62,100,100,99.9986072653568,0.000605072459665951,-0.000108186052700432,8.23870482933076e-05,0.000469790986817621,0.000314804212940318,-0,0,0,402.97819305799,0,0
70.64,100,100,99.9986193144189,0.000599841444069543,-0.000106502147761485,8.59231735951832e-05,0.000459067707189304,0.000292577948854846,-0,0,0,402.978220792018,0,0
70.66,100,100,99.998631259321,0.000594656383034667,-0.00010475243461135,8.8963415148722e-05,0.000447622962760103,0.000271006434875656,-0,0,0,402.978248286108,0,0
70.68,100,100,99.9986431009775,0.000589516810502777,-0.000102947080132232,9.14837681643529e-05,0.000435551170371411,0.000250261590720832,-0,0,0,402.978275542334,0,0
70.7,100,100,99.9986548402935,0.000584422259645641,-0.000101096675900293,9.34657855985467e-05,0.000422951393296212,0.000230504293629718,-0,0,0,402.978302562751,0,0
70.72,100,100,99.9986664781649,0.000579372263680585,-9.92121261664364e-05,9.48966551110071e-05,0.000409926283271701,0.000211883005584624,-0,0,0,402.978329349398,0,0
70.74,100,100,99.998678015478,0.000574366356702565,-9.73045348645451e-05,9.57692194943327e-05,0.000396581008410012,0.000194532556863162,-0,0,0,402.978355904295,0,0
70.76,100,100,99.99868945311,0.00056940407452443,-9.53850927693526e-05,9.60819414375562e-05,0.000383022175437709,0.000178573069636764,-0,0,0,402.978382229444,0,0
70.78,100,100,99.9987007919287,0.000564484955516562,-9.34649659050775e-05,9.58388139772545e-05,0.000369356758323635,0.00016410906069804,-0,0,0,402.978408326829,0,0
70.8,100,100,99.9987120327929,0.000559608541437586,-9.1555186272508e-05,9.50492185461911e-05,0.000355691043189333,0.000151228703775646,-0,0,0,402.97843419842,0,0
70.82,100,100,99.998723176552,0.000554774378247812,-8.96665459200863e-05,9.37277329620327e-05,0.00034212959950317,0.000140003269349551,-0,0,0,402.978459846165,0,0
70.84,100,100,99.9987342240467,0.00054998201689757,-8.78094953325745e-05,9.18938921749442e-05,0.000328774287261104,0.000130486746852029,-0,0,0,402.978485271999,0,0
70.86,100,100,99.9987451761084,0.000545231014082938,-8.59940470508e-05,8.95719049907978e-05,0.000315723309234958,0.00012271562157083,-0,0,0,402.978510477839,0,0
70.88,100,100,99.9987560335601,0.000540520932961741,-8.42296853675594e-05,8.67903303468464e-05,0.000303070315986265,0.00011670885347941,-0,0,0,402.978535465586,0,0
70.9,100,100,99.9987667972157,0.000535851343823309,-8.25252828701432e-05,8.35817170571849e-05,0.000290903572814842,0.000112468012397783,-0,0,0,402.978560237122,0,0
70.92,100,100,99.998777467881,0.000531221824706163,-8.08890245182438e-05,7.99822112507763e-05,0.000279305194701272,0.000109977579254658,-0,0,0,402.978584794317,0,0
70.94,100,100,99.9987880463531,0.000526631961958192,-7.93283398595282e-05,7.6031135919661e-05,0.000268350455138277,0.000109205418336199,-0,0,0,402.978609139022,0,0
70.96,100,100,99.9987985334211,0.000522081350734647,-7.78498438947101e-05,7.17705472089958e-05,0.000258107175213488,0.000110103396094747,-0,0,0,402.978633273072,0,0
70.98,100,100,99.9988089298661,0.000517569595430005,-7.64592870096345e-05,6.72447722188097e-05,0.000248635196321168,0.000112608149774381,-0,0,0,402.978657198289,0,0
71,100,100,99.9988192364614,0.000513096310040495,-7.51615142958145e-05,6.24999331919059e-05,0.000239985941982717,0.000116641979798233,-0,0,0,402.978680916476,0,0
71.02,100,100,99.9988294539725,0.000508661118454765,-7.39604344823112e-05,5.75834629842267e-05,0.000232202068357595,0.000122113883830424,-0,0,0,402.978704429424,0,0
71.04,100,100,99.9988395831576,0.000504263654670869,-7.28589986047695e-05,5.25436167125562e-05,0.00022531720848466,0.000128920691801529,-0,0,0,402.978727738906,0,0
71.06,100,100,99.9988496247678,0.000499903562938693,-7.18591884390143e-05,4.74289844418686e-05,0.000219355808792015,0.000136948285613133,-0,0,0,402.978750846682,0,0
71.08,100,100,99.998859579547,0.000495580497827438,-7.09620146310347e-05,4.22880096367933e-05,0.00021433305857965,0.000146072940975683,-0,0,0,402.978773754495,0,0
71.1,100,100,99.9988694482323,0.000491294124218831,-7.01675243615617e-05,3.71685180083124e-05,0.000210254911862189,0.000156162683902338,-0,0,0,402.978796464074,0,0
71.12,100,100,99.9988792315544,0.000487044117227082,-6.94748182930413e-05,3.21172611404861e-05,0.000207118198100049,0.000167078753051676,-0,0,0,402.978818977134,0,0
71.14,100,100,99.9988889302374,0.000482830162047526,-6.88820764611252e-05,2.71794790870207e-05,0.000204910820812254,0.000178677081611735,-0,0,0,402.978841295376,0,0
71.16,100,100,99.9988985449992,0.000478651953736677,-6.83865926913829e-05,2.23984858924838e-05,0.000203612040267897,0.0001908097922116,-0,0,0,402.978863420484,0,0
71.18,100,100,99.9989080765519,0.00047450919692677,-6.79848170459637e-05,1.78152816421285e-05,0.000203192834293266,0.000203326714631207,-0,0,0,402.978885354131,0,0
71.2,100,100,99.9989175256015,0.000470401605478455,-6.76724057363535e-05,1.34681943250453e-05,0.000203616333976014,0.000216076903511152,-0,0,0,402.978907097972,0,0
71.22,100,100,99.9989268928487,0.000466328902076201,-6.74442778755225e-05,9.3925544990948e-06,0.000204838328573416,0.00022891011860828,-0,0,0,402.978928653652,0,0
71.24,100,100,99.9989361789884,0.000462290817771067,-6.72946783872264e-05,5.62040530421249e-06,0.000206807831686805,0.000241678278996175,-0,0,0,402.978950022799,0,0
71.26,100,100,99.9989453847104,0.000458287091476055,-6.72172463430318e-05,2.18025000499528e-06,0.0002094677044863,0.000254236878182995,-0,0,0,402.978971207029,0,0
71.28,100,100,99.9989545106994,0.000454317469419711,-6.72050879579262e-05,-9.03161156056195e-07,0.000212755326194563,0.000266446321063994,-0,0,0,402.978992207942,0,0
71.3,100,100,99.9989635576349,0.000450381704563761,-6.72508534443872e-05,-3.60900345742398e-06,0.000216603306796936,0.000278173189222506,-0,0,0,402.979013027128,0,0
71.32,100,100,99.9989725261917,0.000446479555990993,-6.73468169016934e-05,-5.92050860681072e-06,0.000220940232581528,0.000289291455749164,-0,0,0,402.979033666159,0,0
71.34,100,100,99.9989814170397,0.0004426107882698,-6.74849584027478e-05,-7.82505353654963e-06,0.000225691437909651,0.000299683548615836,-0,0,0,402.979054126598,0,0
71.36,100,100,99.9989902308442,0.000438775170801655,-6.7657047434844e-05,-9.31420702500025e-06,0.000230779793241411,0.000309241357054012,-0,0,0,402.979074409992,0,0
71.38,100,100,99.998998968266,0.000434972477158048,-6.78547268535416e-05,-1.0383734466277e-05,0.000236126503879355,0.000317867109286117,-0,0,0,402.979094517874,0,0
71.4,100,100,99.9990076299613,0.000431202484413409,-6.80695965189659e-05,-1.10335615062663e-05,0.000241651909295614,0.000325474136265748,-0,0,0,402.979114451766,0,0
71.42,100,100,99.9990162165819,0.000427464972480349,-6.82932958026875e-05,-1.12676976767332e-05,0.000247276276746565,0.000331987513284606,-0,0,0,402.979134213176,0,0
71.44,100,100,99.9990247287753,0.000423759723453531,-6.8517584179227e-05,-1.10941215058779e-05,0.000252920580412886,0.000337344558276362,-0,0,0,402.979153803599,0,0
71.46,100,100,99.9990331671845,0.000420086520968119,-6.87344191497933e-05,-1.05246289599558e-05,0.000258507259379476,0.000341495243812989,-0,0,0,402.979173224517,0,0
71.48,100,100,99.9990415324483,0.000416445149578749,-6.89360307856862e-05,-9.57464735605672e-06,0.000263960947308045,0.000344402416944695,-0,0,0,402.979192477399,0,0
71.5,100,100,99.9990498252013,0.000412835394164338,-6.91149922251802e-05,-8.26301723675054e-06,0.000269209166550465,0.000346041947388335,-0,0,0,402.979211563702,0,0
71.52,100,100,99.9990580460734,0.000409257039363999,-6.92642855099655e-05,-6.61174490945143e-06,0.000274182982260282,0.000346402716128298,-0,0,0,402.97923048487,0,0
71.54,100,100,99.9990661956907,0.000405709869048796,-6.93773622033985e-05,-4.64572862019364e-06,0.000278817608458755,0.000345486467228105,-0,0,0,402.979249242334,0,0
71.56,100,100,99.9990742746746,0.000402193665833564,-6.94481982950968e-05,-2.39246153993124e-06,0.000283052963245012,0.000343307563563809,-0,0,0,402.979267837513,0,0
71.58,100,100,99.9990822836423,0.000398708210632682,-6.9471342960877e-05,1.18285111362332e-07,0.000286834167117518,0.00033989260251121,-0,0,0,402.979286271814,0,0
71.6,100,100,99.9990902232066,0.000395253282263126,-6.94419608154208e-05,2.8547953323033e-06,0.000290111981636553,0.000335279937183325,-0,0,0,402.97930454663,0,0
71.62,100,100,99.9990980939757,0.000391828657097612,-6.9355867365266e-05,5.78375443738378e-06,0.000292843184237994,0.00032951907716299,-0,0,0,402.979322663344,0,0
71.64,100,100,99.9991058965534,0.000388434108770099,-6.92095574417966e-05,8.87060436127088e-06,0.00029499087800432,0.000322669986643506,-0,0,0,402.979340623326,0,0
71.66,100,100,99.999113631539,0.000385069407935342,-6.90002264664389e-05,1.20799045184616e-05,0.000296524733016226,0.000314802314174618,-0,0,0,402.979358427933,0,0
71.68,100,100,99.9991212995271,0.000381734322083696,-6.87257844733622e-05,1.53756945961932e-05,0.000297421159746746,0.000305994532844095,-0,0,0,402.979376078511,0,0
71.7,100,100,99.9991289011078,0.000378428615411807,-6.83848628868924e-05,1.87218556996585e-05,0.000297663413174879,0.000296332992523315,-0,0,0,402.979393576395,0,0
71.72,100,100,99.999136436866,0.000375152048749122,-6.7976814121867e-05,2.20824663332046e-05,0.000297241627447802,0.000285910942800876,-0,0,0,402.979410922906,0,0
71.74,100,100,99.9991439073823,0.000371904379539807,-6.75017041442806e-05,2.54221498463892e-05,0.000296152783553675,0.00027482748752154,-0,0,0,402.979428119355,0,0
71.76,100,100,99.9991513132322,0.000368685361879012,-6.69602981954752e-05,2.87064101004346e-05,0.000294400610003289,0.000263186493728761,-0,0,0,402.979445167041,0,0
71.78,100,100,99.9991586549862,0.000365494746601863,-6.63540399466074e-05,3.19019522804883e-05,0.000291995419277731,0.000251095508749429,-0,0,0,402.979462067253,0,0
71.8,100,100,99.9991659332098,0.000362332281423321,-6.56850244092447e-05,3.49769860195011e-05,0.000288953884099111,0.000238664623539954,-0,0,0,402.979478821265,0,0
71.82,100,100,99.9991731484634,0.000359197711126326,-6.49559649826094e-05,3.79015081812391e-05,0.000285298754054848,0.000226005349059913,-0,0,0,402.979495430344,0,0
71.84,100,100,99.9991803013024,0.000356090777795239,-6.41701550688351e-05,4.06475629057124e-05,0.000281058519243668,0.000213229499159464,-0,0,0,402.979511895743,0,0
71.86,100,100,99.999187392277,0.000353011221091438,-6.33314247323819e-05,4.31894768177835e-05,0.000276267023605291,0.000200448094636543,-0,0,0,402.979528218705,0,0
71.88,100,100,99.999194421932,0.000349958778567272,-6.24440929193703e-05,4.55040675407988e-05,0.000270963032994334,0.00018777029009226,-0,0,0,402.979544400461,0,0
71.9,100,100,99.9992013908072,0.000346933186014543,-6.15129157865995e-05,4.75708239869716e-05,0.000265189763535463,0.000175302330098308,-0,0,0,402.979560442232,0,0
71.92,100,100,99.9992082994367,0.000343934177843208,-6.05430317176641e-05,4.93720571752883e-05,0.000258994374977895,0.000163146575387443,-0,0,0,402.97957634523,0,0
71.94,100,100,99.9992151483497,0.000340961487485936,-5.95399036253184e-05,5.08930206590253e-05,0.000252427434694748,0.000151400571383524,-0,0,0,402.979592110653,0,0
71.96,100,100,99.9992219380699,0.000338014847823848,-5.85092591547059e-05,5.21219999367629e-05,0.00024554235896359,0.000140156173727085,-0,0,0,402.979607739691,0,0
71.98,100,100,99.9992286691155,0.000335093991628786,-5.74570294111327e-05,5.30503705620439e-05,0.000238394836018836,0.000129498766622216,-0,0,0,402.979623233521,0,0
72,100,100,99.9992353419997,0.000332198652017292,-5.63892868389418e-05,5.36726249588751e-05,0.000231042238345539,0.000119506533293652,-0,0,0,402.979638593314,0,0
72.02,100,100,99.99924195723,0.000329328562911438,-5.53121828745228e-05,5.3986368257375e-05,0.000223543028750963,0.000110249842063389,-0,0,0,402.979653820226,0,0
72.04,100,100,99.9992485153088,0.000326483459501781,-5.4231885987527e-05,5.39922837740324e-05,0.000215956167159248,0.000101790679652168,-0,0,0,402.979668915406,0,0
72.06,100,100,99.9992550167331,0.000323663078707647,-5.3154520708837e-05,5.36940690294264e-05,0.000208340523911171,9.41822196418204e-05,-0,0,0,402.979683879991,0,0
72.08,100,100,99.999261461995,0.000320867159630216,-5.20861082230602e-05,5.30983434879078e-05,0.000200754303874211,8.74684560753666e-05,-0,0,0,402.979698715111,0,0
72.1,100,100,99.9992678515809,0.000318095443993861,-5.10325090775637e-05,5.22145294298895e-05,0.000193254488959167,8.16839429059773e-05,-0,0,0,402.979713421882,0,0
72.12,100,100,99.9992741859724,0.000315347676571617,-4.99993685287639e-05,5.10547076454153e-05,0.000185896302212206,7.68536262672409e-05,-0,0,0,402.979728001415,0,0
72.14,100,100,99.9992804656459,0.000312623605590578,-4.89920650111315e-05,4.96334497935574e-05,0.000178732698790428,7.29927907345125e-05,-0,0,0,402.979742454808,0,0
72.16,100,100,99.9992866910729,0.000309922983113626,-4.80156621750586e-05,4.79676295281267e-05,0.000171813889618788,7.01070772377974e-05,-0,0,0,402.979756783151,0,0
72.18,100,100,99.9992928627199,0.000307245565394023,-4.70748648959903e-05,4.60762146240742e-05,0.000165186899797209,6.81926035666069e-05,-0,0,0,402.979770987524,0,0
72.2,100,100,99.9992989810487,0.000304591113199685,-4.61739796113253e-05,4.39800424814483e-05,0.00015889516677462,6.72361890952301e-05,-0,0,0,402.979785068998,0,0
72.22,100,100,99.999305046516,0.000301959392104461,-4.5316879292608e-05,4.17015815214707e-05,0.000152978181060647,6.72156495310971e-05,-0,0,0,402.979799028634,0,0
72.24,100,100,99.9993110595744,0.000299350172743998,-4.45069733093047e-05,3.92646810674174e-05,0.000147471172193076,6.81001812275623e-05,-0,0,0,402.979812867487,0,0
72.26,100,100,99.9993170206714,0.000296763231034213,-4.37471823880545e-05,3.66943123668458e-05,0.000142404842153241,6.98508155197797e-05,-0,0,0,402.979826586598,0,0
72.28,100,100,99.9993229302506,0.000294198348350759,-4.30399188175084e-05,3.40163034532346e-05,0.000137805148156715,7.24209577396658e-05,-0,0,0,402.979840187003,0,0
72.3,100,100,99.999328788751,0.000291655311668339,-4.23870719950521e-05,3.12570705543873e-05,0.000133693135456296,7.57569767126262e-05,-0,0,0,402.979853669728,0,0
72.32,100,100,99.9993345966074,0.00028913391365903,-4.17899993575147e-05,2.84433487278418e-05,0.000130084821867027,7.9798875676483e-05,-0,0,0,402.979867035791,0,0
72.34,100,100,99.9993403542504,0.000286633952749452,-4.12495226844698e-05,2.5601924400244e-05,0.000126991133413665,8.44809664572887e-05,-0,0,0,402.979880286199,0,0
72.36,100,100,99.9993460621071,0.000284155233136646,-4.07659297105074e-05,2.27593723562014e-05,0.000124417890630774,8.97326462371134e-05,-0,0,0,402.979893421953,0,0
72.38,100,100,99.9993517206001,0.000281697564763281,-4.03389809321566e-05,1.99417996913647e-05,0.000122365845723039,9.54791564089469e-05,-0,0,0,402.979906444044,0,0
72.4,100,100,99.9993573301488,0.000279260763252958,-3.9967921446285e-05,1.71745990899386e-05,0.000120830767825371,0.000101642409826249,-0,0,0,402.979919353455,0,0
72.42,100,100,99.9993628911686,0.00027684464980693,-3.96514976108826e-05,1.4482213676167e-05,0.000119803576203079,0.000108141791997398,-0,0,0,402.979932151161,0,0
72.44,100,100,99.9993684040715,0.000274449051063736,-3.9387978275661e-05,1.18879155127317e-05,0.000119270517593536,0.000114895019275673,-0,0,0,402.979944838129,0,0
72.46,100,100,99.9993738692663,0.000272073798923717,-3.91751802900338e-05,9.4135996636747e-06,0.000119213386631469,0.000121818953081256,-0,0,0,402.979957415316,0,0
72.48,100,100,99.999379287158,0.000269718730340681,-3.90104979596433e-05,7.07959555037529e-06,0.000119609785319476,0.000128830438549888,-0,0,0,402.979969883674,0,0
72.5,100,100,99.999384658149,0.000267383687083202,-3.88909360900709e-05,4.90449712312911e-06,0.000120433419311595,0.000135847118754871,-0,0,0,402.979982244143,0,0
72.52,100,100,99.999389982638,0.00026506851546835,-3.88131462276041e-05,2.90501315930534e-06,0.000121654425512141,0.000142788221245513,-0,0,0,402.979994497658,0,0
72.54,100,100,99.9993952610211,0.000262773066070756,-3.87734656839084e-05,1.09583876861787e-06,0.000123239730131575,0.000149575312016704,-0,0,0,402.980006645145,0,0
72.56,100,100,99.9994004936912,0.000260497193410274,-3.87679589106987e-05,-5.10451018560955e-07,0.000125153430073188,0.000156133023423378,-0,0,0,402.980018687522,0,0
72.58,100,100,99.9994056810384,0.000258240755621538,-3.87924607767249e-05,-1.90348495383435e-06,0.000127357195946209,0.000162389734870107,-0,0,0,402.980030625699,0,0
72.6,100,100,99.99941082345,0.000256003614108819,-3.88426212879834e-05,-3.07515617487636e-06,0.000129810690546413,0.000168278203018927,-0,0,0,402.98004246058,0,0
72.62,100,100,99.9994159213107,0.000253785633189772,-3.89139512875722e-05,-4.01965953226397e-06,0.000132471999928299,0.000173736135001624,-0,0,0,402.980054193058,0,0
72.64,100,100,99.9994209750022,0.000251586679731593,-3.90018686696257e-05,-4.73350571938731e-06,0.000135298071286559,0.00017870669975115,-0,0,0,402.980065824022,0,0
72.66,100,100,99.9994259849039,0.000249406622783151,-3.91017446462194e-05,-5.21551249499733e-06,0.000138245154147002,0.00018313898722283,-0,0,0,402.98007735435,0,0
72.68,100,100,99.9994309513922,0.000247245333206614,-3.92089496137286e-05,-5.46677351636599e-06,0.000141269239900073,0.00018698839922092,-0,0,0,402.980088784915,0,0
72.7,100,100,99.9994358748415,0.00024510268331221,-3.93188981776604e-05,-5.4906054800419e-06,0.000144326496621127,0.000190216960431413,-0,0,0,402.980100116581,0,0
72.72,100,100,99.999440755623,0.000242978546499369,-3.9427092910962e-05,-5.29247451168455e-06,0.000147373692792325,0.000192793567573966,-0,0,0,402.980111350206,0,0
72.74,100,100,99.9994455941059,0.000240872796907552,-3.9529166441774e-05,-4.87990290727259e-06,0.000150368608174654,0.000194694162016971,-0,0,0,402.980122486638,0,0
72.76,100,100,99.9994503906566,0.00023878530907991,-3.96209214899005e-05,-4.26235749573211e-06,0.000153270427091278,0.000195901845397071,-0,0,0,402.980133526721,0,0
72.78,100,100,99.9994551456392,0.000236715957642711,-3.9698368498556e-05,-3.45112105635772e-06,0.000156040110089053,0.000196406897532049,-0,0,0,402.980144471289,0,0
72.8,100,100,99.999459859415,0.000234664617003152,-3.97577605382314e-05,-2.4591483802753e-06,0.000158640742021967,0.000196206743851945,-0,0,0,402.98015532117,0,0
72.82,100,100,99.9994645323431,0.000232631161068243,-3.97956251919353e-05,-1.30090863910872e-06,0.000161037852768809,0.000195305843036422,-0,0,0,402.980166077185,0,0
72.84,100,100,99.9994691647798,0.000230615462986859,-3.98087931659738e-05,7.78412196319297e-09,0.000163199707652386,0.000193715520913481,-0,0,0,402.980176740146,0,0
72.86,100,100,99.9994737570791,0.000228617394916984,-3.97944234073647e-05,1.44995049255787e-06,0.000165097566330229,0.000191453718050633,-0,0,0,402.980187310861,0,0
72.88,100,100,99.9994783095923,0.000226636827819886,-3.97500245472069e-05,3.00763327665919e-06,0.000166705907266525,0.000188544704777211,-0,0,0,402.980197790128,0,0
72.9,100,100,99.9994828226681,0.000224673631282519,-3.96734725282843e-05,4.66209113858562e-06,0.000168002616285639,0.000185018711527571,-0,0,0,402.98020817874,0,0
72.92,100,100,99.9994872966525,0.000222727673369331,-3.9563024315857e-05,6.3939963244336e-06,0.000168969139124888,0.000180911536386098,-0,0,0,402.980218477482,0,0
72.94,100,100,99.999491731889,0.000220798820504322,-3.94173276297877e-05,8.18363445624297e-06,0.000169590595665767,0.000176264079352218,-0,0,0,402.980228687133,0,0
72.96,100,100,99.9994961287184,0.000218886937383721,-3.92354266769741e-05,1.0011104389271e-05,0.000169855856330363,0.00017112184892187,-0,0,0,402.980238808463,0,0
72.98,100,100,99.9995004874788,0.000216991886919506,-3.90167639022098e-05,1.18565161833381e-05,0.000169757580314652,0.000165534436100091,-0,0,0,402.980248842238,0,0
73,100,100,99.9995048085052,0.000215113530213666,-3.87611778143501e-05,1.37001852930147e-05,0.000169292216407743,0.000159554952587839,-0,0,0,402.980258789215,0,0
73.02,100,100,99.9995090921303,0.000213251726562763,-3.84688969818251e-05,1.55228211439149e-05,0.000168459966202404,0.000153239434771494,-0,0,0,402.980268650147,0,0
73.04,100,100,99.9995133386837,0.000211406333492043,-3.81405303274261e-05,1.73057083496648e-05,0.000167264711726395,0.000146646252597679,-0,0,0,402.980278425777,0,0
73.06,100,100,99.9995175484921,0.000209577206818167,-3.77770538859511e-05,1.90308789438661e-05,0.000165713908245352,0.000139835489136105,-0,0,0,402.980288116844,0,0
73.08,100,100,99.9995217218794,0.000207764200739291,-3.73797942198707e-05,2.06812741047178e-05,0.000163818444227247,0.000132868325027737,-0,0,0,402.98029772408,0,0
73.1,100,100,99.9995258591666,0.000205967167951007,-3.69504087172275e-05,2.22408939883788e-05,0.00016159247027113,0.000125806409905408,-0,0,0,402.98030724821,0,0
73.12,100,100,99.9995299606717,0.000204185959786434,-3.64908630222935e-05,2.36949344248285e-05,0.000159053199391602,0.000118711259869546,-0,0,0,402.980316689952,0,0
73.14,100,100,99.9995340267095,0.000202420426378512,-3.6003405872931e-05,2.50299093823736e-05,0.000156220680855174,0.00011164365822078,-0,0,0,402.98032605002,0,0
73.16,100,100,99.9995380575922,0.000200670416842451,-3.54905416388441e-05,2.62337582716453e-05,0.000153117550905263,0.000104663059449436,-0,0,0,402.980335329118,0,0
73.18,100,100,99.9995420536287,0.000198935779476017,-3.49550008719582e-05,2.72959373156717e-05,0.000149768762328048,9.78270518490227e-05,-0,0,0,402.980344527948,0,0
73.2,100,100,99.9995460151248,0.000197216361975309,-3.43997091938063e-05,2.82074943919378e-05,0.000146201296736631,9.11908136159299e-05,-0,0,0,402.980353647203,0,0
73.22,100,100,99.9995499423836,0.000195512011663544,-3.38277548550815e-05,2.89611269256222e-05,0.000142443862448374,8.48066226877906e-05,-0,0,0,402.980362687571,0,0
73.24,100,100,99.9995538357047,0.000193822575730241,-3.32423553090003e-05,2.95512225754035e-05,0.000138526580723825,7.87233991507162e-05,-0,0,0,402.980371649734,0,0
73.26,100,100,99.999557695385,0.000192147901478179,-3.26468231438637e-05,2.99738826348576e-05,0.000134480664083471,7.29862916145208e-05,-0,0,0,402.980380534367,0,0
73.28,100,100,99.9995615217182,0.000190487836575499,-3.20445317198501e-05,3.02269282461357e-05,0.000130338090592761,6.76362945283828e-05,-0,0,0,402.980389342141,0,0
73.3,100,100,99.9995653149949,0.000188842229310284,-3.14388808512298e-05,3.03098896802054e-05,0.000126131275536547,6.27099371480407e-05,-0,0,0,402.980398073719,0,0
73.32,100,100,99.9995690755027,0.000187210928844978,-3.08332628691538e-05,3.02239791040748e-05,0.000121892746150021,5.82389969296502e-05,-0,0,0,402.98040672976,0,0
73.34,100,100,99.9995728035264,0.000185593785468072,-3.02310293894091e-05,2.99720474060953e-05,0.000117654820303429,5.42502829467325e-05,-0,0,0,402.980415310916,0,0
73.36,100,100,99.9995764993476,0.000183990650840571,-2.96354590973306e-05,2.95585258018332e-05,0.000113449293894846,5.07654665319985e-05,-0,0,0,402.980423817833,0,0
73.38,100,100,99.9995801632449,0.000182401378234831,-2.90497268456831e-05,2.89893530728452e-05,0.000109307138907921,4.78009624009369e-05,-0,0,0,402.980432251154,0,0
73.4,100,100,99.9995837954941,0.000180825822763509,-2.84768743434204e-05,2.82718894201392e-05,0.000105258215090887,4.53678618856108e-05,-0,0,0,402.980440611515,0,0
73.42,100,100,99.9995873963683,0.000179263841596394,-2.79197826922834e-05,2.74148180081959e-05,0.000101330997753834,4.34719215355492e-05,-0,0,0,402.980448899544,0,0
73.44,100,100,99.9995909661373,0.000177715294163184,-2.7381147005732e-05,2.64280354024248e-05,9.7552324414396e-05,4.21136152279551e-05,-0,0,0,402.980457115867,0,0
73.46,100,100,99.9995945050687,0.000176180042340464,-2.68634533195486e-05,2.53225321833627e-05,9.39471622827388e-05,4.12882188467937e-05,-0,0,0,402.980465261104,0,0
73.48,100,100,99.9995980134268,0.000174657950621209,-2.63689579771495e-05,2.41102650823947e-05,9.05383978968149e-05,4.09859519574194e-05,-0,0,0,402.980473335868,0,0
73.5,100,100,99.9996014914735,0.000173148886265313,-2.58996696455281e-05,2.28040220310527e-05,8.73466511843064e-05,4.1192173219856e-05,-0,0,0,402.980481340769,0,0
73.52,100,100,99.9996049394682,0.000171652719430081,-2.5457334088736e-05,2.14172816012331e-05,8.43901157244251e-05,4.18876067425121e-05,-0,0,0,402.98048927641,0,0
73.54,100,100,99.9996083576674,0.000170169323279686,-2.50434217963293e-05,1.99640683085847e-05,8.16844248114148e-05,4.30486189176606e-05,-0,0,0,402.980497143389,0,0
73.56,100,100,99.9996117463254,0.000168698574072671,-2.46591185350034e-05,1.84588052512375e-05,7.92425456095061e-05,4.46475278257979e-05,-0,0,0,402.9805049423,0,0
73.58,100,100,99.9996151056939,0.000167240351227122,-2.43053188612951e-05,1.69161655944124e-05,7.70747010367502e-05,4.66529500942158e-05,-0,0,0,402.980512673731,0,0
73.6,100,100,99.9996184360222,0.000165794537363121,-2.39826226041486e-05,1.53509243652192e-05,7.51883203529509e-05,4.90301803244519e-05,-0,0,0,402.980520338266,0,0
73.62,100,100,99.9996217375574,0.000164361018322517,-2.36913342960638e-05,1.37778120147343e-05,7.3588017613307e-05,5.17415835472939e-05,-0,0,0,402.980527936482,0,0
73.64,100,100,99.9996250105442,0.000162939683165996,-2.34314655039806e-05,1.2211371124348e-05,7.22755981718441e-05,5.47470202466618e-05,-0,0,0,402.980535468954,0,0
73.66,100,100,99.9996282552252,0.000161530424147932,-2.32027399831462e-05,1.06658176135568e-05,7.12500925098969e-05,5.80042860394877e-05,-0,0,0,402.980542936249,0,0
73.68,100,100,99.999631471841,0.000160133136669614,-2.30046015511772e-05,9.15490772734693e-06,7.05078168170837e-05,6.14695643831468e-05,-0,0,0,402.980550338932,0,0
73.7,100,100,99.9996346606298,0.000158747719211531,-2.28362245545367e-05,7.69181197951711e-06,7.00424583984922e-05,6.50978760260005e-05,-0,0,0,402.980557677561,0,0
73.72,100,100,99.9996378218282,0.000157374073245765,-2.26965267774197e-05,6.28899716887623e-06,6.98451860646766e-05,6.88435512561555e-05,-0,0,0,402.980564952691,0,0
73.74,100,100,99.9996409556706,0.000156012103129637,-2.25841846209246e-05,4.95811747132522e-06,6.99047822096209e-05,7.26606744666748e-05,-0,0,0,402.98057216487,0,0
73.76,100,100,99.9996440623895,0.000154661715981868,-2.2497650362311e-05,3.70991549499095e-06,7.02077964972498e-05,7.65035531474493e-05,-0,0,0,402.980579314645,0,0
73.78,100,100,99.9996471422158,0.000153322821542776,-2.24351712866667e-05,2.55413409253719e-06,7.07387180185418e-05,8.03271477944124e-05,-0,0,0,402.980586402554,0,0
73.8,100,100,99.9996501953784,0.000151995332020019,-2.239481046936e-05,1.49943958020172e-06,7.14801647390296e-05,8.40875099609754e-05,-0,0,0,402.980593429134,0,0
73.82,100,100,99.9996532221046,0.000150679161921725,-2.23744689751803e-05,5.53356923524275e-07,7.2413087827461e-05,8.77421828552511e-05,-0,0,0,402.980600394915,0,0
73.84,100,100,99.9996562226198,0.000149374227878663,-2.23719092307698e-05,-2.77782718570204e-07,7.35169878661437e-05,9.12505840243924e-05,-0,0,0,402.980607300424,0,0
73.86,100,100,99.9996591971481,0.000148080448457328,-2.23847793201445e-05,-9.88881809512389e-07,7.47701419537077e-05,9.4574386410488e-05,-0,0,0,402.980614146184,0,0
73.88,100,100,99.9996621459116,0.000146797743965991,-2.2410637948491e-05,-1.57610343354811e-06,7.6149838175888e-05,9.76778261264779e-05,-0,0,0,402.98062093271,0,0
73.9,100,100,99.9996650691311,0.000145526036255496,-2.24469798177576e-05,-2.03688548074371e-06,7.7632615295123e-05,0.00010052802325962,-0,0,0,402.980627660517,0,0
73.92,100,100,99.9996679670259,0.000144265248516953,-2.24912611582551e-05,-2.36994208731416e-06,7.91945059497417e-05,0.000103095240794088,-0,0,0,402.980634330114,0,0
73.94,100,100,99.9996708398134,0.000143015305078153,-2.25409251635045e-05,-2.57525257909671e-06,8.08112793428171e-05,0.000105353117478459,-0,0,0,402.980640942004,0,0
73.96,100,100,99.9996736877099,0.000141776131200732,-2.2593427081754e-05,-2.65403824129238e-06,8.24586830310276e-05,0.000107278861610552,-0,0,0,402.980647496687,0,0
73.98,100,100,99.9996765109299,0.000140547652879927,-2.26462587247543e-05,-2.60872738126708e-06,8.41126792259534e-05,0.000108853410624939,-0,0,0,402.98065399466,0,0
74,100,100,99.9996793096868,0.000139329796648799,-2.26969721653964e-05,-2.44290923436708e-06,8.57496761358884e-05,0.000110061543455582,-0,0,0,402.980660436413,0,0
74.02,100,100,99.9996820841921,0.0001381224893887,-2.2743202407153e-05,-2.16127736888568e-06,8.73467490962869e-05,0.000110891958701142,-0,0,0,402.980666822434,0,0
74.04,100,100,99.9996848346562,0.000136925658147587,-2.27826888230021e-05,-1.76956335254995e-06,8.88818521520589e-05,0.000111337315336081,-0,0,0,402.980673153206,0,0
74.06,100,100,99.9996875612878,0.000135739229967819,-2.28132951769076e-05,-1.27446149281499e-06,9.0334016786804e-05,0.000111394227825329,-0,0,0,402.980679429207,0,0
74.08,100,100,99.9996902642943,0.000134563131724891,-2.28330280584102e-05,-6.83545556068697e-07,9.16835364341781e-05,0.000111063225413185,-0,0,0,402.980685650912,0,0
74.1,100,100,99.9996929438814,0.000133397289978292,-2.28400535794377e-05,-5.17844410778983e-09,9.29121349157584e-05,0.000110348670701117,-0,0,0,402.980691818791,0,0
74.12,100,100,99.9996956002537,0.000132241630835798,-2.28327122025421e-05,7.51584177207073e-07,9.40031185731291e-05,0.000109258652170458,-0,0,0,402.980697933311,0,0
74.14,100,100,99.9996982336141,0.000131096079832131,-2.28095315899844e-05,1.57709523343635e-06,9.49415091441078e-05,0.00010780482296645,-0,0,0,402.980703994934,0,0
74.16,100,100,99.9997008441638,0.000129960561822805,-2.27692373850502e-05,2.4612214884707e-06,9.57141578702708e-05,0.000106002247824507,-0,0,0,402.980710004119,0,0
74.18,100,100,99.9997034321029,0.000128835000894005,-2.27107618583863e-05,3.39345160948857e-06,9.63098400792219e-05,0.000103869152289843,-0,0,0,402.980715961318,0,0
74.2,100,100,99.9997059976297,0.00012771932028884,-2.26332503743924e-05,4.36300590748409e-06,9.67193280410264e-05,0.000101426715905083,-0,0,0,402.980721866984,0,0
74.22,100,100,99.9997085409411,0.000126613442350402,-2.25360656551139e-05,5.35894666837256e-06,9.69354441060409e-05,9.86988018885562e-05,-0,0,0,402.980727721561,0,0
74.24,100,100,99.9997110622323,0.000125517288481874,-2.24187898406757e-05,6.37028798693101e-06,9.69530920451698e-05,9.57116672712696e-05,-0,0,0,402.980733525493,0,0
74.26,100,100,99.9997135616969,0.000124430779123559,-2.22812243670629e-05,7.38610402333175e-06,9.67692678692042e-05,9.24936681485411e-05,-0,0,0,402.980739279218,0,0
74.28,100,100,99.9997160395272,0.000123353833746829,-2.21233877029586e-05,8.39563467161824e-06,9.63830498962039e-05,8.90749405049776e-05,-0,0,0,402.980744983169,0,0
74.3,100,100,99.9997184959135,0.000122286370864555,-2.1945511007527e-05,9.38838763915945e-06,9.57955683472513e-05,8.54870680118992e-05,-0,0,0,402.980750637779,0,0
74.32,100,100,99.9997209310447,0.000121228308057616,-2.1748031790225e-05,1.03542360125174e-05,9.50099560375441e-05,8.17627563385397e-05,-0,0,0,402.980756243475,0,0
74.34,100,100,99.9997233451079,0.000120179562016863,-2.15315856717147e-05,1.12835104427373e-05,9.40312797845967e-05,7.79354814081436e-05,-0,0,0,402.980761800678,0,0
74.36,100,100,99.9997257382887,0.000119140048599746,-2.12969963617032e-05,1.21670851383049e-05,9.28664545909631e-05,7.40391539385026e-05,-0,0,0,402.980767309809,0,0
74.38,100,100,99.9997281107709,0.000118109682900781,-2.10452639848676e-05,1.29964569535163e-05,9.15241414308102e-05,7.01077725833841e-05,-0,0,0,402.980772771285,0,0
74.4,100,100,99.9997304627365,0.000117088379334817,-2.07775518995476e-05,1.37638169195263e-05,9.00146293443157e-05,6.6175103129064e-05,-0,0,0,402.980778185515,0,0
74.42,100,100,99.9997327943659,0.000116076051732003,-2.04951721661117e-05,1.44621136598847e-05,8.8349704431052e-05,6.22743348926434e-05,-0,0,0,402.980783552911,0,0
74.44,100,100,99.9997351058378,0.000115072613443214,-2.01995698322122e-05,1.50851082173415e-05,8.65425061421923e-05,5.84377762030209e-05,-0,0,0,402.980788873875,0,0
74.46,100,100,99.9997373973291,0.00011407797745469,-1.98923062105551e-05,1.56274199183226e-05,8.46073731281356e-05,5.46965498818656e-05,-0,0,0,402.98079414881,0,0
74.48,100,100,99.999739669015,0.000113092056510501,-1.95750413315066e-05,1.60845629893872e-05,8.25596803441303e-05,5.10803229219129e-05,-0,0,0,402.980799378114,0,0
74.5,100,100,99.9997419210689,0.000112114763241541,-1.92495157573254e-05,1.64529737536825e-05,8.04156693736234e-05,4.7617028023042e-05,-0,0,0,402.980804562181,0,0
74.52,100,100,99.9997441536624,0.000111146010299518,-1.89175319475928e-05,1.67300283023733e-05,7.81922725838712e-05,4.43326209541196e-05,-0,0,0,402.980809701401,0,0
74.54,100,100,99.9997463669656,0.000110185710494481,-1.85809353666443e-05,1.69140506444695e-05,7.59069346113094e-05,4.12508851397205e-05,-0,0,0,402.980814796163,0,0
74.56,100,100,99.9997485611466,0.000109233776934497,-1.82415955221941e-05,1.70043114439876e-05,7.35774317121402e-05,3.83932101917442e-05,-0,0,0,402.98081984685,0,0
74.58,100,100,99.9997507363719,0.000108290123165912,-1.79013871221604e-05,1.70010175157879e-05,7.1221691278612e-05,3.57784502347869e-05,-0,0,0,402.980824853843,0,0
74.6,100,100,99.9997528928062,0.000107354663312861,-1.75621715315465e-05,1.69052923698252e-05,6.88576135132241e-05,3.34227675755178e-05,-0,0,0,402.98082981752,0,0
74.62,100,100,99.9997550306125,0.000106427312214586,-1.72257787051513e-05,1.67191481537415e-05,6.6502896336317e-05,3.13395398813716e-05,-0,0,0,402.980834738255,0,0
74.64,100,100,99.9997571499522,0.000105507985559139,-1.68939897638973e-05,1.64454494182998e-05,6.41748655077777e-05,2.95392738730164e-05,-0,0,0,402.980839616419,0,0
74.66,100,100,99.9997592509849,0.000104596600012307,-1.65685203734176e-05,1.60878692310532e-05,6.18903121404549e-05,2.80295499572578e-05,-0,0,0,402.980844452379,0,0
74.68,100,100,99.9997613338685,0.000103693073340418,-1.62510050721743e-05,1.56508381919582e-05,5.96653373260497e-05,2.68150189701509e-05,-0,0,0,402.980849246501,0,0
74.7,100,100,99.9997633987596,0.00010279732452597,-1.5942982685096e-05,1.51394869923143e-05,5.75152079663764e-05,2.58973875210045e-05,-0,0,0,402.980853999144,0,0
74.72,100,100,99.9997654458128,0.000101909273875012,-1.56458829448295e-05,1.45595831983905e-05,5.5454221841835e-05,2.52754717310328e-05,-0,0,0,402.980858710669,0,0
74.74,100,100,99.9997674751814,0.000101028843115273,-1.536101442929e-05,1.39174629706485e-05,5.34955856815542e-05,2.49452639995595e-05,-0,0,0,402.98086338143,0,0
74.76,100,100,99.9997694870168,0.000100155955484312,-1.50895539088398e-05,1.32199585044174e-05,5.16513060574232e-05,2.49000111693294e-05,-0,0,0,402.980868011779,0,0
74.78,100,100,99.9997714814694,9.92905358069017e-05,-1.48325371811296e-05,1.24743219654885e-05,4.99320936260366e-05,2.51303431735843e-05,-0,0,0,402.980872602065,0,0
74.8,100,100,99.9997734586876,9.8432510560983e-05,-1.4590851455465e-05,1.16881467230284e-05,4.83472820294873e-05,2.56244065684706e-05,-0,0,0,402.980877152635,0,0
74.82,100,100,99.9997754188186,9.75818079317976e-05,-1.43652293327288e-05,1.08692867152761e-05,4.69047619002998e-05,2.63680257489952e-05,-0,0,0,402.980881663831,0,0
74.84,100,100,99.9997773620083,9.67383578538143e-05,-1.41562444097543e-05,1.00257747645482e-05,4.5610930343114e-05,2.73448902200852e-05,-0,0,0,402.980886135995,0,0
74.86,100,100,99.9997792884008,9.59020920402611e-05,-1.39643085210049e-05,9.16574066825817e-06,4.44706554298081e-05,2.85367451245351e-05,-0,0,0,402.980890569463,0,0
74.88,100,100,99.9997811981394,9.50729440000331e-05,-1.37896706141987e-05,8.29732985069292e-06,4.34872566513904e-05,2.99236175967229e-05,-0,0,0,402.98089496457,0,0
74.9,100,100,99.9997830913656,9.42508490421243e-05,-1.36324172404829e-05,7.42862338066361e-06,4.26625010563828e-05,3.14840317172174e-05,-0,0,0,402.980899321648,0,0
74.92,100,100,99.99978496822,9.34357442676659e-05,-1.34924746243516e-05,6.5675601023814e-06,4.19966141529e-05,3.31952478940456e-05,-0,0,0,402.980903641024,0,0
74.94,100,100,99.9997868288416,9.26275685498174e-05,-1.33696122638108e-05,5.72186159925293e-06,4.14883061108857e-05,3.50335152715127e-05,-0,0,0,402.980907923027,0,0
74.96,100,100,99.9997886733685,9.18262625019633e-05,-1.32634479971064e-05,4.89896068395473e-06,4.11348121282484e-05,3.69743159968012e-05,-0,0,0,402.980912167978,0,0
74.98,100,100,99.9997905019375,9.10317684345954e-05,-1.31734544592158e-05,4.10593403191819e-06,4.09319464297332e-05,3.89926208856786e-05,-0,0,0,402.980916376199,0,0
75,100,100,99.9997923146843,9.02440303015755e-05,-1.30989668391442e-05,3.34943955740634e-06,4.08741694582197e-05,4.10631450882049e-05,-0,0,0,402.980920548006,0,0
75.02,100,100,99.9997941117434,8.94629936363583e-05,-1.30391918380642e-05,2.63565904059024e-06,4.09546664010872e-05,4.3160597240664e-05,-0,0,0,402.980924683716,0,0
75.04,100,100,99.9997958932483,8.86886054789874e-05,-1.29932177183468e-05,1.97024647683275e-06,4.1165437539904e-05,4.52599286174956e-05,-0,0,0,402.98092878364,0,0
75.06,100,100,99.9997976593316,8.79208142947587e-05,-1.29600253250368e-05,1.35828255536568e-06,4.14973980855076e-05,4.73365708841183e-05,-0,0,0,402.980932848089,0,0
75.08,100,100,99.9997994101245,8.71595698853604e-05,-1.29384999536263e-05,8.04235582587617e-07,4.1940486752812e-05,4.93666673359773e-05,-0,0,0,402.980936877369,0,0
75.1,100,100,99.9998011457577,8.64048232934823e-05,-1.2927443932756e-05,3.11929117197002e-07,4.24837816210361e-05,5.13272976238162e-05,-0,0,0,402.980940871785,0,0
75.12,100,100,99.9998028663605,8.56565267019237e-05,-1.29255897854144e-05,-1.15483488076346e-07,4.31156231587912e-05,5.31966780522882e-05,-0,0,0,402.980944831639,0,0
75.14,100,100,99.9998045720614,8.49146333283057e-05,-1.29316138289808e-05,-4.75537508383322e-07,4.3823741259082e-05,5.49543553647923e-05,-0,0,0,402.98094875723,0,0
75.16,100,100,99.9998062629882,8.41790973163207e-05,-1.29441500731776e-05,-7.66468204510685e-07,4.45953861745865e-05,5.65813809869803e-05,-0,0,0,402.980952648855,0,0
75.18,100,100,99.9998079392674,8.34498736247301e-05,-1.2961804274422e-05,-9.87215116631536e-07,4.54174620437646e-05,5.80604706142691e-05,-0,0,0,402.980956506808,0,0
75.2,100,100,99.9998096010249,8.27269179151195e-05,-1.29831680061659e-05,-1.13741939575545e-06,4.62766605854242e-05,5.9376141001136e-05,-0,0,0,402.980960331381,0,0
75.22,100,100,99.9998112483856,8.20101864395185e-05,-1.30068326075677e-05,-1.21741432347598e-06,4.71595954092328e-05,6.05148272090868e-05,-0,0,0,402.980964122863,0,0
75.24,100,100,99.9998128814736,8.12996359289813e-05,-1.30314028760204e-05,-1.22820923416277e-06,4.80529336583686e-05,6.14649754279635e-05,-0,0,0,402.980967881541,0,0
75.26,100,100,99.999814500412,8.0595223484104e-05,-1.30555103746241e-05,-1.17146712797363e-06,4.89435252800674e-05,6.2217126026588e-05,-0,0,0,402.980971607698,0,0
75.28,100,100,99.9998161053232,7.98969064684857e-05,-1.30778262315191e-05,-1.04947630883835e-06,4.98185276629824e-05,6.27639591491941e-05,-0,0,0,402.980975301618,0,0
75.3,100,100,99.9998176963286,7.92046424060689e-05,-1.30970733154234e-05,-8.65116437847329e-07,5.06655252740195e-05,6.31003354265277e-05,-0,0,0,402.980978963578,0,0
75.32,100,100,99.9998192735489,7.85183888833254e-05,-1.31120376799215e-05,-6.21819425521795e-07,5.14726431487787e-05,6.32232976042903e-05,-0,0,0,402.980982593856,0,0
75.34,100,100,99.9998208371039,7.78381034570586e-05,-1.31215791780129e-05,-3.2352565091318e-07,5.22286521213332e-05,6.31320542586995e-05,-0,0,0,402.980986192727,0,0
75.36,100,100,99.9998223871126,7.71637435684954e-05,-1.31246411586763e-05,2.53639641631455e-08,5.29230665157392e-05,6.28279651404927e-05,-0,0,0,402.980989760463,0,0
75.38,100,100,99.9998239236929,7.64952664645581e-05,-1.31202591677321e-05,4.20039513147844e-07,5.35462329685004e-05,6.23144727802792e-05,-0,0,0,402.980993297332,0,0
75.4,100,100,99.9998254469622,7.58326291267921e-05,-1.31075685860881e-05,8.55336703193469e-07,5.40894085783833e-05,6.15970292085609e-05,-0,0,0,402.980996803604,0,0
75.42,100,100,99.9998269570367,7.5175788208377e-05,-1.30858111507334e-05,1.32579388992489e-06,5.45448292199054e-05,6.06830129050876e-05,-0,0,0,402.981000279542,0,0
75.44,100,100,99.999828454032,7.45246999798392e-05,-1.30543403153568e-05,1.82571097591693e-06,5.49057674002554e-05,5.958161969311e-05,-0,0,0,402.981003725409,0,0
75.46,100,100,99.9998299380628,7.38793202836952e-05,-1.30126254196036e-05,2.34920954557869e-06,5.51665780661601e-05,5.83037292069714e-05,-0,0,0,402.981007141467,0,0
75.48,100,100,99.9998314092426,7.32396044982205e-05,-1.29602546484391e-05,2.89029361807362e-06,5.5322733560736e-05,5.68617811303641e-05,-0,0,0,402.981010527972,0,0
75.5,100,100,99.9998328676844,7.26055075106021e-05,-1.28969367751789e-05,3.44291043025233e-06,5.53708468631031e-05,5.52696123519299e-05,-0,0,0,402.981013885182,0,0
75.52,100,100,99.9998343135,7.19769836994521e-05,-1.28225016936104e-05,4.00101064282215e-06,5.53086832302121e-05,5.35423071484122e-05,-0,0,0,402.981017213349,0,0
75.54,100,100,99.9998357468006,7.1353986926707e-05,-1.27368997565697e-05,4.55860740150745e-06,5.51351605987092e-05,5.16960066567084e-05,-0,0,0,402.981020512725,0,0
75.56,100,100,99.9998371676961,7.07364705386687e-05,-1.26401999494362e-05,5.10983367857311e-06,5.485033773999e-05,4.974775417169e-05,-0,0,0,402.98102378356,0,0
75.58,100,100,99.9998385762956,7.01243873760665e-05,-1.25325869384768e-05,5.64899738186166e-06,5.44553931315957e-05,4.77153029898115e-05,-0,0,0,402.9810270261,0,0
75.6,100,100,99.9998399727075,6.95176897929073e-05,-1.24143570432226e-05,6.17063374376408e-06,5.3952591917828e-05,4.56169226242741e-05,-0,0,0,402.981030240589,0,0
75.62,100,100,99.9998413570388,6.89163296835629e-05,-1.22859131925338e-05,6.66955450162567e-06,5.33452433298112e-05,4.34712131624105e-05,-0,0,0,402.981033427272,0,0
75.64,100,100,99.9998427293959,6.83202585177338e-05,-1.214775893247e-05,7.14089346263801e-06,5.26376487043068e-05,4.12969245084012e-05,-0,0,0,402.981036586388,0,0
75.66,100,100,99.9998440898841,6.77294273827546e-05,-1.20004915622758e-05,7.58014807301269e-06,5.18350405646101e-05,3.91127609699946e-05,-0,0,0,402.981039718175,0,0
75.68,100,100,99.9998454386076,6.71437870326749e-05,-1.18447944816987e-05,7.98321666192433e-06,5.09435142034502e-05,3.69372070149996e-05,-0,0,0,402.981042822871,0,0
75.7,100,100,99.9998467756698,6.6563287943476e-05,-1.16814288391016e-05,8.34643107584342e-06,4.99699516039279e-05,3.4788348142446e-05,-0,0,0,402.981045900709,0,0
75.72,100,100,99.9998481011731,6.59878803737289e-05,-1.15112245749924e-05,8.6665844687381e-06,4.89219393061316e-05,3.26836852399685e-05,-0,0,0,402.981048951921,0,0
75.74,100,100,99.9998494152186,6.54175144298902e-05,-1.13350709598081e-05,8.94095405385672e-06,4.78076807518751e-05,3.06400010513993e-05,-0,0,0,402.981051976738,0,0
75.76,100,100,99.9998507179069,6.4852140135643e-05,-1.11539067280464e-05,9.16731871496742e-06,4.66359046082501e-05,2.86731924470362e-05,-0,0,0,402.981054975388,0,0
75.78,100,100,99.9998520093372,6.42917075043368e-05,-1.09687099123601e-05,9.34397137379716e-06,4.54157690602474e-05,2.67981385196789e-05,-0,0,0,402.981057948097,0,0
75.8,100,100,99.9998532896078,6.37361666138502e-05,-1.07804874828777e-05,9.46972611016988e-06,4.41567644835355e-05,2.50285654237774e-05,-0,0,0,402.981060895089,0,0
75.82,100,100,99.9998545588161,6.31854676830104e-05,-1.05902648964871e-05,9.54392005292822e-06,4.28686138794844e-05,2.33769356412401e-05,-0,0,0,402.981063816586,0,0
75.84,100,100,99.9998558170585,6.26395611487277e-05,-1.03990756600019e-05,9.56641011497191e-06,4.15611732406672e-05,2.18543567885699e-05,-0,0,0,402.981066712809,0,0
75.86,100,100,99.9998570644302,6.20983977431047e-05,-1.02079510090881e-05,9.53756470935664e-06,4.02443326077909e-05,2.04704953093323e-05,-0,0,0,402.981069583976,0,0
75.88,100,100,99.9998583010257,6.15619285697536e-05,-1.00179098016532e-05,9.45825062363871e-06,3.89279183963689e-05,1.92334966804001e-05,-0,0,0,402.981072430304,0,0
75.9,100,100,99.9998595269383,6.10301051784636e-05,-9.82994872043001e-06,9.32981525479893e-06,3.76215982043868e-05,1.81499560999606e-05,-0,0,0,402.981075252007,0,0
75.92,100,100,99.9998607422605,6.05028796376046e-05,-9.64503287508505e-06,9.1540644838341e-06,3.63347891487754e-05,1.72248566066444e-05,-0,0,0,402.981078049297,0,0
75.94,100,100,99.9998619470838,5.99802046034923e-05,-9.46408688800049e-06,8.93323647406884e-06,3.50765700420895e-05,1.6461573964857e-05,-0,0,0,402.981080822386,0,0
75.96,100,100,99.9998631414987,5.94620333861106e-05,-9.2879865420814e-06,8.66997173287159e-06,3.38555988503483e-05,1.58618554950072e-05,-0,0,0,402.981083571483,0,0
75.98,100,100,99.9998643255949,5.89483200105352e-05,-9.11755106174784e-06,8.36727979052182e-06,3.26800352530967e-05,1.54258445001668e-05,-0,0,0,402.981086296795,0,0
76,100,100,99.999865499461,5.84390192735122e-05,-8.95353609101714e-06,8.02850288563527e-06,3.15574700770466e-05,1.51521014358423e-05,-0,0,0,402.981088998528,0,0
76.02,100,100,99.9998666631848,5.79340867947909e-05,-8.79662742423544e-06,7.65727708260518e-06,3.0494861685325e-05,1.50376478779635e-05,-0,0,0,402.981091676884,0,0
76.04,100,100,99.9998678168533,5.74334790626825e-05,-8.6474355366537e-06,7.25749123298216e-06,2.94984788690592e-05,1.50780316606429e-05,-0,0,0,402.981094332067,0,0
76.06,100,100,99.9998689605525,5.69371534734803e-05,-8.50649095381939e-06,6.83324422328352e-06,2.85738525929348e-05,1.52673903854915e-05,-0,0,0,402.981096964277,0,0
76.08,100,100,99.9998700943677,5.64450683645279e-05,-8.37424048913966e-06,6.38880097241771e-06,2.77257352303129e-05,1.5598529586931e-05,-0,0,0,402.981099573711,0,0
76.1,100,100,99.9998712183832,5.59571830405859e-05,-8.25104437043941e-06,5.9285476135256e-06,2.6958068392667e-05,1.60630350948294e-05,-0,0,0,402.981102160567,0,0
76.12,100,100,99.9998723326827,5.54734577934755e-05,-8.13717426708961e-06,5.45694633626608e-06,2.62739591016027e-05,1.66513560851448e-05,-0,0,0,402.98110472504,0,0
76.14,100,100,99.999873437349,5.49938539146987e-05,-8.03281222016401e-06,4.97849030385658e-06,2.56756647197175e-05,1.73529386123333e-05,-0,0,0,402.981107267324,0,0
76.16,100,100,99.9998745324641,5.45183337012581e-05,-7.93805046955511e-06,4.49765912415922e-06,2.51645865358416e-05,1.81563347150965e-05,-0,0,0,402.98110978761,0,0
76.18,100,100,99.9998756181093,5.40468604545487e-05,-7.85289216280325e-06,4.01887527179141e-06,2.47412717091743e-05,1.90493359487896e-05,-0,0,0,402.981112286089,0,0
76.2,100,100,99.9998766943653,5.35793984724823e-05,-7.77725292244296e-06,3.54646187772174e-06,2.4405423470755e-05,2.00191052893851e-05,-0,0,0,402.981114762948,0,0
76.22,100,100,99.9998777613118,5.3115913035033e-05,-7.71096324065619e-06,3.08460227584133e-06,2.41559195034029e-05,2.10523122943241e-05,-0,0,0,402.981117218376,0,0
76.24,100,100,99.9998788190281,5.26563703834189e-05,-7.65377166241894e-06,2.63730166555461e-06,2.3990838159556e-05,2.21352845478087e-05,-0,0,0,402.981119652557,0,0
76.26,100,100,99.9998798675927,5.22007376932829e-05,-7.60534871126165e-06,2.20835123697485e-06,2.39074917817167e-05,2.32541216518812e-05,-0,0,0,402.981122065676,0,0
76.28,100,100,99.9998809070834,5.17489830420828e-05,-7.56529150559175e-06,1.80129504129216e-06,2.39024670633981e-05,2.43948645846002e-05,-0,0,0,402.981124457914,0,0
76.3,100,100,99.9998819375776,5.13010753712739e-05,-7.53312900756242e-06,1.41939990920883e-06,2.39716717141588e-05,2.55436129480079e-05,-0,0,0,402.981126829453,0,0
76.32,100,100,99.9998829591519,5.08569844435582e-05,-7.5083278413201e-06,1.06562862717824e-06,2.41103866652296e-05,2.66866715280905e-05,-0,0,0,402.98112918047,0,0
76.34,100,100,99.9998839718823,5.04166807957624e-05,-7.49029861332663e-06,7.42616586586566e-07,2.43133239391497e-05,2.78106707996332e-05,-0,0,0,402.981131511145,0,0
76.36,100,100,99.9998849758442,4.99801356878693e-05,-7.47840266358052e-06,4.52652070530319e-07,2.4574688611811e-05,2.89026923164086e-05,-0,0,0,402.981133821654,0,0
76.38,100,100,99.9998859711126,4.95473210487607e-05,-7.47195917359652e-06,1.97660305451802e-07,2.48882446955744e-05,2.99504006151401e-05,-0,0,0,402.98113611217,0,0
76.4,100,100,99.9998869577617,4.91182094191713e-05,-7.47025255507314e-06,-2.08086474091496e-08,2.52473840958067e-05,3.09421376652539e-05,-0,0,0,402.981138382867,0,0
76.42,100,100,99.9998879358654,4.86927738925196e-05,-7.47254004180508e-06,-2.01588100291313e-07,2.56451980965818e-05,3.18670222039625e-05,-0,0,0,402.981140633916,0,0
76.44,100,100,99.999888905497,4.82709880541078e-05,-7.47805940676435e-06,-3.43899056167512e-07,2.60745498916575e-05,3.2715053956681e-05,-0,0,0,402.981142865488,0,0
76.46,100,100,99.9998898667291,4.785282591939e-05,-7.48603672675986e-06,-4.47350648224017e-07,2.65281489047209e-05,3.34771885454505e-05,-0,0,0,402.981145077752,0,0
76.48,100,100,99.999890819634,4.74382618718804e-05,-7.49569411762019e-06,-5.1193677433245e-07,2.69986244112692e-05,3.41454075120303e-05,-0,0,0,402.981147270875,0,0
76.5,100,100,99.9998917642834,4.70272706012836e-05,-7.50625736490163e-06,-5.38029031069984e-07,2.74785992569371e-05,3.47127818272134e-05,-0,0,0,402.981149445022,0,0
76.52,100,100,99.9998927007485,4.6619827042418e-05,-7.5169633773334e-06,-5.26366086382162e-07,2.79607614932293e-05,3.5173506088151e-05,-0,0,0,402.981151600358,0,0
76.54,100,100,99.9998936291,4.62159063154561e-05,-7.52706739367503e-06,-4.7803966646827e-07,2.84379347536871e-05,3.55229555138918e-05,-0,0,0,402.981153737046,0,0
76.56,100,100,99.9998945494081,4.58154836681257e-05,-7.53584987683733e-06,-3.94477339669365e-07,2.89031457988111e-05,3.57576892022703e-05,-0,0,0,402.981155855248,0,0
76.58,100,100,99.9998954617425,4.54185344202463e-05,-7.54262303369387e-06,-2.77422346694899e-07,2.93496882614536e-05,3.58754745565667e-05,-0,0,0,402.981157955123,0,0
76.6,100,100,99.9998963661724,4.50250339111786e-05,-7.54673690404625e-06,-1.28910712421841e-07,2.97711839080547e-05,3.58752807717311e-05,-0,0,0,402.981160036831,0,0
76.62,100,100,99.9998972627667,4.46349574506279e-05,-7.54758496671915e-06,4.87540864066404e-08,3.01616379771382e-05,3.57572658068311e-05,-0,0,0,402.981162100528,0,0
76.64,100,100,99.9998981515934,4.42482802730734e-05,-7.54460921733089e-06,2.53028584458865e-07,3.05154908821671e-05,3.55227568437241e-05,-0,0,0,402.981164146372,0,0
76.66,100,100,99.9998990327204,4.38649774963418e-05,-7.53730467774497e-06,4.81158640399836e-07,3.08276643131883e-05,3.51742112044017e-05,-0,0,0,402.981166174516,0,0
76.68,100,100,99.9998999062148,4.34850240845215e-05,-7.52522330356231e-06,7.30210259415229e-07,3.10936015975244e-05,3.47151756398889e-05,-0,0,0,402.981168185114,0,0
76.7,100,100,99.9999007721435,4.3108394815525e-05,-7.50797726283577e-06,9.97101604372371e-07,3.13093026892018e-05,3.41502228209291e-05,-0,0,0,402.981170178318,0,0
76.72,100,100,99.9999016305726,4.27350642534923e-05,-7.48524156538757e-06,1.27863585726004e-06,3.14713524164003e-05,3.34849024846639e-05,-0,0,0,402.981172154278,0,0
76.74,100,100,99.9999024815679,4.23650067261849e-05,-7.45675602931211e-06,1.571534592918e-06,3.15769430694789e-05,3.27256534986569e-05,-0,0,0,402.981174113144,0,0
76.76,100,100,99.9999033251945,4.19981963075106e-05,-7.42232657756914e-06,1.87247133378815e-06,3.16238904043955e-05,3.18797273240264e-05,-0,0,0,402.981176055065,0,0
76.78,100,100,99.9999041615172,4.1634606805224e-05,-7.38182586446829e-06,2.17810495317533e-06,3.16106433435516e-05,3.09551098501332e-05,-0,0,0,402.981177980185,0,0
76.8,100,100,99.9999049906001,4.12742117538023e-05,-7.33519323835989e-06,2.48511260188852e-06,3.15362869150064e-05,2.99604253163851e-05,-0,0,0,402.981179888652,0,0
76.82,100,100,99.9999058125068,4.09169844123908e-05,-7.28243405317493e-06,2.79022183611503e-06,3.14005393892275e-05,2.89048320918205e-05,-0,0,0,402.981181780609,0,0
76.84,100,100,99.9999066273004,4.05628977677855e-05,-7.22361834790332e-06,3.09024165729903e-06,3.12037430546832e-05,2.77979412529093e-05,-0,0,0,402.981183656199,0,0
76.86,100,100,99.9999074350435,4.02119245424087e-05,-7.15887891837167e-06,3.3820921962202e-06,3.09468495374356e-05,2.66496928218086e-05,-0,0,0,402.981185515564,0,0
76.88,100,100,99.999908235798,3.9864037206875e-05,-7.08840881135243e-06,3.66283274177921e-06,3.06313982906539e-05,2.54702743441631e-05,-0,0,0,402.981187358844,0,0
76.9,100,100,99.9999090296254,3.95192079970845e-05,-7.01245827658698e-06,3.92968789818232e-06,3.0259491280754e-05,2.42699857282532e-05,-0,0,0,402.981189186178,0,0
76.92,100,100,99.9999098165865,3.91774089354553e-05,-6.93133121627137e-06,4.18007163007746e-06,2.98337608594175e-05,2.30591741072352e-05,-0,0,0,402.981190997705,0,0
76.94,100,100,99.9999105967417,3.88386118560859e-05,-6.84538117644521e-06,4.41160901580219e-06,2.93573349925244e-05,2.18481035636217e-05,-0,0,0,402.98119279356,0,0
76.96,100,100,99.9999113701508,3.85027884335123e-05,-6.7550069274846e-06,4.62215553783808e-06,2.883379671978e-05,2.06468671933056e-05,-0,0,0,402.98119457388,0,0
76.98,100,100,99.9999121368729,3.81699102145901e-05,-6.66064768491649e-06,4.80981375209593e-06,2.82671406635252e-05,1.94652910273642e-05,-0,0,0,402.981196338799,0,0
77,100,100,99.9999128969666,3.78399486532361e-05,-6.56277802380938e-06,4.97294724078248e-06,2.76617264467321e-05,1.83128363254194e-05,-0,0,0,402.98119808845,0,0
77.02,100,100,99.9999136504901,3.7512875147519e-05,-6.46190254213271e-06,5.1101917471714e-06,2.70222284612303e-05,1.71985230387703e-05,-0,0,0,402.981199822964,0,0
77.04,100,100,99.9999143975007,3.71886610786862e-05,-6.35855033012403e-06,5.2204634379306e-06,2.6353584750685e-05,1.61308483881927e-05,-0,0,0,402.981201542473,0,0
77.06,100,100,99.9999151380554,3.68672778517944e-05,-6.25326930320008e-06,5.30296428187429e-06,2.56609435369376e-05,1.51177054417396e-05,-0,0,0,402.981203247107,0,0
77.08,100,100,99.9999158722105,3.65486969374254e-05,-6.14662045631199e-06,5.35718453428675e-06,2.4949608997485e-05,1.41663244907572e-05,-0,0,0,402.981204936994,0,0
77.1,100,100,99.9999166000218,3.62328899139999e-05,-6.03917209726833e-06,5.38290234948654e-06,2.4224985903538e-05,1.32832062836813e-05,-0,0,0,402.981206612261,0,0
77.12,100,100,99.9999173215444,3.59198285102515e-05,-5.93149411621152e-06,5.38018057985156e-06,2.34925250333393e-05,1.2474084571825e-05,-0,0,0,402.981208273035,0,0
77.14,100,100,99.999918036833,3.56094846475408e-05,-5.82415234634405e-06,5.34936086362675e-06,2.27576689699493e-05,1.17438788845029e-05,-0,0,0,402.981209919441,0,0
77.16,100,100,99.9999187459417,3.53018304814643e-05,-5.71770306923574e-06,5.2910550902617e-06,2.20257987799366e-05,1.10966538179313e-05,-0,0,0,402.981211551603,0,0
77.18,100,100,99.999919448924,3.49968384423979e-05,-5.61268771601647e-06,5.20613438405133e-06,2.13021823221735e-05,1.05355962370121e-05,-0,0,0,402.981213169644,0,0
77.2,100,100,99.9999201458328,3.46944812745006e-05,-5.50962781247314e-06,5.09571574695884e-06,2.05919247338557e-05,1.0063023417553e-05,-0,0,0,402.981214773686,0,0
77.22,100,100,99.9999208367206,3.43947320730132e-05,-5.40902021298191e-06,4.96114656738377e-06,1.9899921818026e-05,9.68033744983536e-06,-0,0,0,402.981216363851,0,0
77.24,100,100,99.9999215216393,3.40975643192478e-05,-5.31133266440659e-06,4.80398714500596e-06,1.92308149963635e-05,9.38805943593808e-06,-0,0,0,402.981217940257,0,0
77.26,100,100,99.9999222006402,3.38029519130534e-05,-5.21699973752533e-06,4.62599145622424e-06,1.85889513233951e-05,9.18583600351389e-06,-0,0,0,402.981219503025,0,0
77.28,100,100,99.9999228737742,3.35108692026144e-05,-5.12641915858079e-06,4.42908640368772e-06,1.79783462173398e-05,9.07243604890111e-06,-0,0,0,402.981221052271,0,0
77.3,100,100,99.9999235410917,3.32212910110794e-05,-5.03994856953528e-06,4.2153497415827e-06,1.74026497961055e-05,9.04580610421966e-06,-0,0,0,402.981222588112,0,0
77.32,100,100,99.9999242026424,3.29341926599339e-05,-4.95790274086159e-06,3.98698693867535e-06,1.68651181274379e-05,9.10310290625091e-06,-0,0,0,402.981224110666,0,0
77.34,100,100,99.9999248584758,3.26495499889758e-05,-4.88055125554516e-06,3.74630723177403e-06,1.63685886992746e-05,9.24071456620973e-06,-0,0,0,402.981225620045,0,0
77.36,100,100,99.9999255086406,3.23673393726209e-05,-4.80811667823024e-06,3.49569909864101e-06,1.59154599306613e-05,9.4543305928363e-06,-0,0,0,402.981227116364,0,0
77.38,100,100,99.9999261531854,3.20875377325286e-05,-4.7407732185412e-06,3.23760541704252e-06,1.55076762026244e-05,9.73898911727204e-06,-0,0,0,402.981228599737,0,0
77.4,100,100,99.999926792158,3.18101225464471e-05,-4.6786458922478e-06,2.97449855341476e-06,1.51467167275059e-05,1.00891404023755e-05,-0,0,0,402.981230070274,0,0
77.42,100,100,99.9999274256061,3.15350718532288e-05,-4.62181017936704e-06,2.70885562352575e-06,1.48335899708865e-05,1.04987038382622e-05,-0,0,0,402.981231528087,0,0
77.44,100,100,99.9999280535766,3.12623642540611e-05,-4.57029217330138e-06,2.44313417001416e-06,1.45688321256352e-05,1.09611493645045e-05,-0,0,0,402.981232973286,0,0
77.46,100,100,99.9999286761161,3.09919789099016e-05,-4.524069210409e-06,2.17974847801977e-06,1.4352510659181e-05,1.14695642363355e-05,-0,0,0,402.98123440598,0,0
77.48,100,100,99.9999292932711,3.07238955352645e-05,-4.48307096488868e-06,1.92104675974344e-06,1.41842321965442e-05,1.20167197908531e-05,-0,0,0,402.981235826277,0,0
77.5,100,100,99.9999299050872,3.04580943884039e-05,-4.44718098972269e-06,1.66928940350312e-06,1.4063154784708e-05,1.25951610114392e-05,-0,0,0,402.981237234285,0,0
77.52,100,100,99.9999305116099,3.01945562580871e-05,-4.41623868027869e-06,1.42662848787527e-06,1.39880044060846e-05,1.31972732939644e-05,-0,0,0,402.981238630109,0,0
77.54,100,100,99.9999311128844,2.99332624471505e-05,-4.39004163341542e-06,1.19508873996519e-06,1.39570953597816e-05,1.38153687543193e-05,-0,0,0,402.981240013856,0,0
77.56,100,100,99.9999317089552,2.9674194752963e-05,-4.36834837183083e-06,9.76550083857694e-07,1.39683539694942e-05,1.44417529946185e-05,-0,0,0,402.981241385629,0,0
77.58,100,100,99.9999322998669,2.94173354450968e-05,-4.35088140025621e-06,7.72731931744079e-07,1.40193463457011e-05,1.50688065254004e-05,-0,0,0,402.981242745532,0,0
77.6,100,100,99.9999328856633,2.91626672404521e-05,-4.33733055726274e-06,5.85179336698537e-07,1.41073084548118e-05,1.56890580456072e-05,-0,0,0,402.981244093668,0,0
77.62,100,100,99.9999334663881,2.89101732761476e-05,-4.32735662466621e-06,4.15251114395317e-07,1.42291794914289e-05,1.62952560941207e-05,-0,0,0,402.981245430139,0,0
77.64,100,100,99.9999340420846,2.86598370804235e-05,-4.32059515406884e-06,2.64110005153582e-07,1.43816370424039e-05,1.68804195315261e-05,-0,0,0,402.981246755046,0,0
77.66,100,100,99.9999346127958,2.84116425417994e-05,-4.31666046937185e-06,1.32714924621278e-07,1.45611340438341e-05,1.7437931989864e-05,-0,0,0,402.981248068489,0,0
77.68,100,100,99.9999351785645,2.81655738769489e-05,-4.31514980287316e-06,2.18153631257815e-08,1.47639380182962e-05,1.79615662992901e-05,-0,0,0,402.981249370567,0,0
77.7,100,100,99.9999357394328,2.79216155975269e-05,-4.31564752190367e-06,-6.8052066068101e-08,1.49861705719219e-05,1.84455593964995e-05,-0,0,0,402.981250661379,0,0
77.72,100,100,99.999936295443,2.7679752476277e-05,-4.31772940292963e-06,-1.36564936029543e-07,1.52238479605595e-05,1.88846595496022e-05,-0,0,0,402.981251941022,0,0
77.74,100,100,99.9999368466368,2.74399695128059e-05,-4.32096691073377e-06,-1.8361419075689e-07,1.54729219748022e-05,1.92741524132269e-05,-0,0,0,402.981253209593,0,0
77.76,100,100,99.9999373930556,2.72022518992729e-05,-4.32493144035466e-06,-2.09301265733373e-07,1.57293205596539e-05,1.96099098818417e-05,-0,0,0,402.981254467189,0,0
77.78,100,100,99.9999379347406,2.69665849864e-05,-4.32919848132522e-06,-2.13933197278195e-07,1.59889880632506e-05,1.98884210301891e-05,-0,0,0,402.981255713903,0,0
77.8,100,100,99.9999384717326,2.67329542500835e-05,-4.33335166467582e-06,-1.98015811548682e-07,1.62479243194891e-05,2.01068116546146e-05,-0,0,0,402.98125694983,0,0
77.82,100,100,99.9999390040722,2.65013452588771e-05,-4.33698665542729e-06,-1.62245100320406e-07,1.65022227889507e-05,2.02628491583984e-05,-0,0,0,402.981258175065,0,0
77.84,100,100,99.9999395317998,2.62717436426637e-05,-4.33971485539393e-06,-1.07496897099884e-07,1.67481067445735e-05,2.03549702353036e-05,-0,0,0,402.981259389698,0,0
77.86,100,100,99.9999400549552,2.60441350627902e-05,-4.34116688359408e-06,-3.48149855374032e-08,1.69819638735095e-05,2.03822743557998e-05,-0,0,0,402.981260593823,0,0
77.88,100,100,99.9999405735784,2.58185051839281e-05,-4.34099580431108e-06,5.46022161411755e-08,1.72003783288353e-05,2.03445286523954e-05,-0,0,0,402.98126178753,0,0
77.9,100,100,99.9999410877085,2.55948396478993e-05,-4.33888007596005e-06,1.59416239393525e-07,1.74001604425818e-05,2.02421320938698e-05,-0,0,0,402.98126297091,0,0
77.92,100,100,99.9999415973849,2.53731240495334e-05,-4.33452619710006e-06,2.78164229514723e-07,1.75783734031043e-05,2.00761415403768e-05,-0,0,0,402.981264144052,0,0
77.94,100,100,99.9999421026464,2.51533439150072e-05,-4.32767102942938e-06,4.09275559453711e-07,1.77323575887778e-05,1.98482114910174e-05,-0,0,0,402.981265307044,0,0
77.96,100,100,99.9999426035315,2.4935484682586e-05,-4.31808378086658e-06,5.5108917499864e-07,1.78597509522057e-05,1.95605826847313e-05,-0,0,0,402.981266459975,0,0
77.98,100,100,99.9999431000785,2.47195316860163e-05,-4.30556763577371e-06,7.01871507462768e-07,1.79585068010369e-05,1.92160560451932e-05,-0,0,0,402.981267602932,0,0
78,100,100,99.9999435923254,2.45054701406252e-05,-4.28996102276881e-06,8.59834760605913e-07,1.80269073999837e-05,1.88179356852728e-05,-0,0,0,402.981268736,0,0
78.02,100,100,99.9999440803098,2.42932851321842e-05,-4.27113851482312e-06,1.02315538386946e-06,1.8063575056713e-05,1.83700028519309e-05,-0,0,0,402.981269859267,0,0
78.04,100,100,99.9999445640692,2.40829616086614e-05,-4.24901135924189e-06,1.18999256013389e-06,1.80674789891491e-05,1.78764670728996e-05,-0,0,0,402.981270972816,0,0
78.06,100,100,99.9999450436406,2.387448437482e-05,-4.22352763946829e-06,1.35850651759168e-06,1.80379386570061e-05,1.73419173033622e-05,-0,0,0,402.981272076732,0,0
78.08,100,100,99.9999455190608,2.3667838089646e-05,-4.19467207388169e-06,1.52687648949114e-06,1.79746243348301e-05,1.67712584166373e-05,-0,0,0,402.981273171098,0,0
78.1,100,100,99.9999459903662,2.34630072665685e-05,-4.16246546023277e-06,1.69331815245718e-06,1.78775530405244e-05,1.6169673749967e-05,-0,0,0,402.981274255997,0,0
78.12,100,100,99.9999464575931,2.32599762764067e-05,-4.12696377803241e-06,1.85610038329072e-06,1.77470823421238e-05,1.55425615952012e-05,-0,0,0,402.981275331511,0,0
78.14,100,100,99.9999469207772,2.30587293530225e-05,-4.08825696364269e-06,2.01356119373178e-06,1.75839004177408e-05,1.48954782032574e-05,-0,0,0,402.98127639772,0,0
78.16,100,100,99.999947379954,2.2859250601489e-05,-4.04646737631116e-06,2.16412269094716e-06,1.73890129197272e-05,1.42340807885807e-05,-0,0,0,402.981277454706,0,0
78.18,100,100,99.9999478351589,2.26615240086174e-05,-4.00174797569792e-06,2.3063049321913e-06,1.71637272787846e-05,1.35640672767163e-05,-0,0,0,402.981278502549,0,0
78.2,100,100,99.9999482864266,2.24655334557215e-05,-3.95428023439187e-06,2.43873856510241e-06,1.69096339541143e-05,1.28911290794335e-05,-0,0,0,402.981279541326,0,0
78.22,100,100,99.9999487337917,2.22712627334418e-05,-3.90427181061343e-06,2.56017615242315e-06,1.6628585957098e-05,1.22208827000776e-05,-0,0,0,402.981280571118,0,0
78.24,100,100,99.9999491772884,2.20786955584779e-05,-3.85195400821213e-06,2.66950210148434e-06,1.63226755260329e-05,1.15588306509141e-05,-0,0,0,402.981281592,0,0
78.26,100,100,99.9999496169508,2.18878155919339e-05,-3.79757905274125e-06,2.76574111349084e-06,1.59942091208641e-05,1.0910296315369e-05,-0,0,0,402.981282604052,0,0
78.28,100,100,99.9999500528122,2.16986064590808e-05,-3.74141721384912e-06,2.84806510158947e-06,1.56456807599553e-05,1.02803783515965e-05,-0,0,0,402.981283607348,0,0
78.3,100,100,99.9999504849061,2.15110517703351e-05,-3.68375380487722e-06,2.91579854327346e-06,1.52797443519621e-05,9.67391649515554e-06,-0,0,0,402.981284601964,0,0
78.32,100,100,99.9999509132652,2.13251351432726e-05,-3.62488609118737e-06,2.96842225278768e-06,1.48991843840373e-05,9.09542642124948e-06,-0,0,0,402.981285587976,0,0
78.34,100,100,99.9999513379223,2.11408402252259e-05,-3.56512013925597e-06,3.00557553291286e-06,1.4506886284566e-05,8.54909160250639e-06,-0,0,0,402.981286565458,0,0
78.36,100,100,99.9999517589095,2.09581507164932e-05,-3.50476763840633e-06,3.0270567586792e-06,1.41058062935591e-05,8.03869654277508e-06,-0,0,0,402.981287534484,0,0
78.38,100,100,99.9999521762589,2.07770503937026e-05,-3.44414272677097e-06,3.0328223828014e-06,1.36989412326139e-05,7.56761700646116e-06,-0,0,0,402.981288495126,0,0
78.4,100,100,99.999952590002,2.05975231331806e-05,-3.38355885239875e-06,3.02298441664209e-06,1.32892980798677e-05,7.13879559186704e-06,-0,0,0,402.981289447458,0,0
78.42,100,100,99.9999530001702,2.04195529340657e-05,-3.3233256996344e-06,2.99780643627349e-06,1.28798645642855e-05,6.75470753386801e-06,-0,0,0,402.98129039155,0,0
78.44,100,100,99.9999534067944,2.02431239409124e-05,-3.26374620954303e-06,2.95769817630717e-06,1.24735799481807e-05,6.41735744702428e-06,-0,0,0,402.981291327474,0,0
78.46,100,100,99.9999538099053,2.00682204656376e-05,-3.20511372196967e-06,2.90320880274015e-06,1.20733074969588e-05,6.12825978425297e-06,-0,0,0,402.981292255302,0,0
78.48,100,100,99.9999542095333,1.98948270085519e-05,-3.14770926452743e-06,2.83501894732698e-06,1.16818075935232e-05,5.88844046527213e-06,-0,0,0,402.981293175101,0,0
78.5,100,100,99.9999546057084,1.97229282782712e-05,-3.09179901254085e-06,2.75393160346925e-06,1.13017126190193e-05,5.69843524815675e-06,-0,0,0,402.981294086943,0,0
78.52,100,100,99.9999549984603,1.95525092103135e-05,-3.03763194149286e-06,2.66086199198941e-06,1.09355034766372e-05,5.55827670178676e-06,-0,0,0,402.981294990896,0,0
78.54,100,100,99.9999553878185,1.93835549842221e-05,-2.98543769157774e-06,2.55682651659003e-06,1.05854879609123e-05,5.46753654539098e-06,-0,0,0,402.981295887028,0,0
78.56,100,100,99.9999557738121,1.92160510390845e-05,-2.93542466105807e-06,2.44293093652873e-06,1.02537815041143e-05,5.42530285033113e-06,-0,0,0,402.981296775406,0,0
78.58,100,100,99.9999561564701,1.90499830872903e-05,-2.88777834305056e-06,2.32035788313024e-06,9.9422897985852e-06,5.4302223796458e-06,-0,0,0,402.981297656097,0,0
78.6,100,100,99.9999565358209,1.888533712646e-05,-2.84265991730651e-06,2.1903538610817e-06,9.65269430754718e-06,5.48051035871435e-06,-0,0,0,402.981298529169,0,0
78.62,100,100,99.999956911893,1.87220994494532e-05,-2.80020510600687e-06,2.05421587096417e-06,9.38643977957832e-06,5.57398141569295e-06,-0,0,0,402.981299394686,0,0
78.64,100,100,99.9999572847142,1.85602566523068e-05,-2.76052329982169e-06,1.91327777847227e-06,9.1447241776767e-06,5.70807400817445e-06,-0,0,0,402.981300252715,0,0
78.66,100,100,99.9999576543124,1.83997956400906e-05,-2.7236969579787e-06,1.76889657433791e-06,8.92849172982763e-06,5.87988299206837e-06,-0,0,0,402.981301103319,0,0
78.68,100,100,99.9999580207151,1.82407036307016e-05,-2.68978128298226e-06,1.62243866886472e-06,8.73842833747652e-06,6.0861970758128e-06,-0,0,0,402.981301946564,0,0
78.7,100,100,99.9999583839496,1.80829681565346e-05,-2.65880416802216e-06,1.47526634597452e-06,8.57495943265393e-06,6.32353790303034e-06,-0,0,0,402.981302782512,0,0
78.72,100,100,99.9999587440428,1.7926577064094e-05,-2.6307664126187e-06,1.32872451411869e-06,8.43825080523363e-06,6.58818610763206e-06,-0,0,0,402.981303611227,0,0
78.74,100,100,99.9999591010216,1.77715185114981e-05,-2.60564219932639e-06,1.18412786513881e-06,8.32821146974927e-06,6.87624319468934e-06,-0,0,0,402.981304432771,0,0
78.76,100,100,99.9999594549124,1.7617780964028e-05,-2.58337982205022e-06,1.0427485745631e-06,8.244499523822e-06,7.18364945331791e-06,-0,0,0,402.981305247206,0,0
78.78,100,100,99.9999598057415,1.74653531877347e-05,-2.56390265410904e-06,9.0580464438164e-07,8.18653001849732e-06,7.50624909443763e-06,-0,0,0,402.981306054595,0,0
78.8,100,100,99.9999601535352,1.73142242412169e-05,-2.54711034208511e-06,7.74448993684284e-07,8.15348495432158e-06,7.83981467743255e-06,-0,0,0,402.981306854997,0,0
78.82,100,100,99.9999604983191,1.71643834656031e-05,-2.53288020978124e-06,6.49759378825532e-07,8.14432556440304e-06,8.18009922035871e-06,-0,0,0,402.981307648473,0,0
78.84,100,100,99.999960840119,1.70158204729762e-05,-2.52106885457617e-06,5.32729244532318e-07,8.15780672451578e-06,8.52287691104414e-06,-0,0,0,402.981308435084,0,0
78.86,100,100,99.9999611789604,1.68685251333328e-05,-2.51151391686635e-06,4.24259571481794e-07,8.19249270704666e-06,8.86398056130075e-06,-0,0,0,402.981309214888,0,0
78.88,100,100,99.9999615148684,1.67224875601653e-05,-2.50403600219622e-06,3.25151772109607e-07,8.24677477843975e-06,9.19934068958026e-06,-0,0,0,402.981309987945,0,0
78.9,100,100,99.9999618478682,1.65776980948961e-05,-2.49844073445012e-06,2.3610169612213e-07,8.31888992897304e-06,9.52503437429411e-06,-0,0,0,402.981310754313,0,0
78.92,100,100,99.9999621779846,1.64341472903096e-05,-2.49452091753541e-06,1.57694780664316e-07,8.40694117963692e-06,9.83730642358544e-06,-0,0,0,402.98131151405,0,0
78.94,100,100,99.9999625052423,1.62918258931414e-05,-2.49205878240104e-06,9.0402368946596e-08,8.50891827767001e-06,1.0132608457985e-05,-0,0,0,402.981312267213,0,0
78.96,100,100,99.9999628296658,1.61507248259717e-05,-2.49082829593011e-06,3.45792068058923e-08,8.62271941987601e-06,1.0407636364623e-05,-0,0,0,402.981313013859,0,0
78.98,100,100,99.9999631512793,1.60108351687131e-05,-2.49059750792908e-06,-9.5378626066402e-09,8.74617379389391e-06,1.06593449532253e-05,-0,0,0,402.981313754045,0,0
79,100,100,99.9999634701072,1.58721481397841e-05,-2.49113091241661e-06,-4.1830030302747e-08,8.87706363010259e-06,1.0884983781881e-05,-0,0,0,402.981314487826,0,0
79.02,100,100,99.9999637861732,1.5734655077153e-05,-2.4921918000196e-06,-6.22954990201181e-08,9.01314691132802e-06,1.10821134414829e-05,-0,0,0,402.981315215259,0,0
79.04,100,100,99.9999640995013,1.55983474194353e-05,-2.49354457855019e-06,-7.1047337867555e-08,9.15217945948351e-06,1.12486267254988e-05,-0,0,0,402.981315936398,0,0
79.06,100,100,99.999964410115,1.54632166872535e-05,-2.49495703980918e-06,-6.83102503045404e-08,9.29193700779027e-06,1.13827584006363e-05,-0,0,0,402.981316651297,0,0
79.08,100,100,99.9999647180377,1.53292544649994e-05,-2.49620255132379e-06,-5.44163122208542e-08,9.43023664722264e-06,1.14830998628378e-05,-0,0,0,402.981317360011,0,0
79.1,100,100,99.9999650232929,1.51964523832074e-05,-2.49706215296414e-06,-2.9799733888916e-08,9.56495706884394e-06,1.15486072795015e-05,-0,0,0,402.981318062593,0,0
79.12,100,100,99.9999653259035,1.50648021016152e-05,-2.49732653973604e-06,5.0092727996813e-09,9.69405834800043e-06,1.15785983325926e-05,-0,0,0,402.981318759097,0,0
79.14,100,100,99.9999656258926,1.49342952931407e-05,-2.49679791350614e-06,4.9391458515012e-08,9.815600237581e-06,1.15727587324197e-05,-0,0,0,402.981319449575,0,0
79.16,100,100,99.9999659232829,1.48049236288407e-05,-2.49529168788073e-06,1.02646237559955e-07,9.92775912241942e-06,1.15311389607467e-05,-0,0,0,402.981320134078,0,0
79.18,100,100,99.999966218097,1.46766787639787e-05,-2.4926380324398e-06,1.64000038183959e-07,1.0028843635148e-05,1.14541412432408e-05,-0,0,0,402.98132081266,0,0
79.2,100,100,99.9999665103575,1.45495523253825e-05,-2.48868324414346e-06,2.3261521989714e-07,1.01173090549798e-05,1.13425097788087e-05,-0,0,0,402.981321485372,0,0
79.22,100,100,99.9999668000865,1.44235359001141e-05,-2.48329093563373e-06,3.07599448543679e-07,1.0191769058724e-05,1.11973258542642e-05,-0,0,0,402.981322152263,0,0
79.24,100,100,99.9999670873063,1.42986210255084e-05,-2.47634303232398e-06,3.88015425615578e-07,1.02510065730562e-05,1.10199801607808e-05,-0,0,0,402.981322813385,0,0
79.26,100,100,99.9999673720387,1.41747991807558e-05,-2.46774057209e-06,4.72890887830541e-07,1.02939827024872e-05,1.08121548810072e-05,-0,0,0,402.981323468787,0,0
79.28,100,100,99.9999676543055,1.40520617799587e-05,-2.45740430316815e-06,5.61228754842713e-07,1.03198429622051e-05,1.05758139184038e-05,-0,0,0,402.98132411852,0,0
79.3,100,100,99.9999679341283,1.39304001667379e-05,-2.44527507855208e-06,6.52017330782717e-07,1.03279225980623e-05,1.03131605576983e-05,-0,0,0,402.981324762631,0,0
79.32,100,100,99.9999682115286,1.38098056104623e-05,-2.43131404651693e-06,7.4424046728602e-07,1.03177495547182e-05,1.00266228088901e-05,-0,0,0,402.981325401171,0,0
79.34,100,100,99.9999684865276,1.36902693040242e-05,-2.41550263919187e-06,8.36887576968069e-07,1.02890450398182e-05,9.71882083837032e-06,-0,0,0,402.981326034186,0,0
79.36,100,100,99.9999687591464,1.35717823631425e-05,-2.39784236316958e-06,9.28963401626713e-07,1.02417230257317e-05,9.39254579914957e-06,-0,0,0,402.981326661726,0,0
79.38,100,100,99.9999690294058,1.34543358272441e-05,-2.37835439787404e-06,1.01949745691204e-06,1.01758871323366e-05,9.05071260598234e-06,-0,0,0,402.981327283836,0,0
79.4,100,100,99.9999692973267,1.33379206617964e-05,-2.35707900912062e-06,1.10755305376345e-06,1.00918264070794e-05,8.6963485362589e-06,-0,0,0,402.981327900565,0,0
79.42,100,100,99.9999695629295,1.32225277621102e-05,-2.33407478695223e-06,1.19223582832247e-06,9.99000851069875e-06,8.33254763357337e-06,-0,0,0,402.981328511959,0,0
79.44,100,100,99.9999698262345,1.31081479584264e-05,-2.30941771875485e-06,1.27270168762085e-06,9.87107223817243e-06,7.9624462810638e-06,-0,0,0,402.981329118063,0,0
79.46,100,100,99.9999700872621,1.29947720223708e-05,-2.28320010943302e-06,1.34816413056448e-06,9.73581781407029e-06,7.58918737564422e-06,-0,0,0,402.981329718924,0,0
79.48,100,100,99.9999703460321,1.28823906745439e-05,-2.2555293622705e-06,1.41790086194686e-06,9.58519601448804e-06,7.21589427290071e-06,-0,0,0,402.981330314588,0,0
79.5,100,100,99.9999706025643,1.27709945931944e-05,-2.22652663490699e-06,1.48125965606704e-06,9.42029613879968e-06,6.84563658976743e-06,-0,0,0,402.981330905098,0,0
79.52,100,100,99.9999708568783,1.26605744238797e-05,-2.19632538581205e-06,1.53766342879886e-06,9.24233258225836e-06,6.48139926409073e-06,-0,0,0,402.9813314905,0,0
79.54,100,100,99.9999711089937,1.25511207899554e-05,-2.16506982766801e-06,1.58661447713236e-06,9.05263072174395e-06,6.12606138485714e-06,-0,0,0,402.981332070837,0,0
79.56,100,100,99.9999713589296,1.24426243038285e-05,-2.13291330447737e-06,1.62769786960728e-06,8.8526118175362e-06,5.78236525175745e-06,-0,0,0,402.981332646155,0,0
79.58,100,100,99.999971606705,1.23350755787663e-05,-2.10001660945725e-06,1.66058395748495e-06,8.64377710648127e-06,5.45289683385876e-06,-0,0,0,402.981333216495,0,0
79.6,100,100,99.9999718523389,1.22284652412035e-05,-2.06654626160858e-06,1.6850300107934e-06,8.42769197651614e-06,5.14005157228052e-06,-0,0,0,402.981333781901,0,0
79.62,100,100,99.9999720958498,1.21227839433761e-05,-2.03267275833031e-06,1.70088097345412e-06,8.20596904555991e-06,4.84602949486256e-06,-0,0,0,402.981334342415,0,0
79.64,100,100,99.9999723372564,1.20180223761379e-05,-1.99856882168124e-06,1.70806934517032e-06,7.98025170062998e-06,4.5728124179491e-06,-0,0,0,402.981334898081,0,0
79.66,100,100,99.9999725765768,1.19141712818434e-05,-1.96440765553646e-06,1.7066142103266e-06,7.75219708466009e-06,4.32213789128487e-06,-0,0,0,402.981335448939,0,0
79.68,100,100,99.9999728138292,1.18112214671209e-05,-1.93036123064112e-06,1.69661943247929e-06,7.52346010871848e-06,4.09550082645901e-06,-0,0,0,402.981335995031,0,0
79.7,100,100,99.9999730490316,1.17091638155279e-05,-1.89659861358526e-06,1.67827106705363e-06,7.29567678047271e-06,3.89413884090918e-06,-0,0,0,402.981336536399,0,0
79.72,100,100,99.9999732822017,1.16079892997801e-05,-1.86328435532432e-06,1.65183400247238e-06,7.07044867280063e-06,3.71902411570154e-06,-0,0,0,402.981337073084,0,0
79.74,100,100,99.999973513357,1.15076889936161e-05,-1.83057695395699e-06,1.61764790634126e-06,6.84932812841651e-06,3.57085688175475e-06,-0,0,0,402.981337605125,0,0
79.76,100,100,99.999973742515,1.14082540830742e-05,-1.79862740520047e-06,1.57612251116346e-06,6.63380352784125e-06,3.45006379139601e-06,-0,0,0,402.981338132563,0,0
79.78,100,100,99.9999739696929,1.13096758770745e-05,-1.76757785333595e-06,1.52773229798613e-06,6.42528608564464e-06,3.35680443213701e-06,-0,0,0,402.981338655437,0,0
79.8,100,100,99.9999741949077,1.12119458172662e-05,-1.73756035384328e-06,1.47301065009378e-06,6.22509750189137e-06,3.29097295511795e-06,-0,0,0,402.981339173788,0,0
79.82,100,100,99.9999744181763,1.11150554870538e-05,-1.70869575775583e-06,1.41254354413426e-06,6.03445857889682e-06,3.25218993288756e-06,-0,0,0,402.981339687654,0,0
79.84,100,100,99.9999746395154,1.10189966196226e-05,-1.68109272633524e-06,1.3469628322896e-06,5.85447896681574e-06,3.23983329983901e-06,-0,0,0,402.981340197074,0,0
79.86,100,100,99.9999748589416,1.09237611049946e-05,-1.65484688347809e-06,1.27693920492494e-06,5.68614847595823e-06,3.25303672376595e-06,-0,0,0,402.981340702086,0,0
79.88,100,100,99.9999750764713,1.08293409960633e-05,-1.63004011139702e-06,1.20317490884257e-06,5.53032966897296e-06,3.29069937652647e-06,-0,0,0,402.981341202729,0,0
79.9,100,100,99.9999752921207,1.0735728513501e-05,-1.60673999390694e-06,1.12639628734451e-06,5.38775154713079e-06,3.35151524603504e-06,-0,0,0,402.98134169904,0,0
79.92,100,100,99.9999755059058,1.06429160495753e-05,-1.58499940989548e-06,1.04734622895664e-06,5.25900505440939e-06,3.43397150781855e-06,-0,0,0,402.981342191057,0,0
79.94,100,100,99.9999757178426,1.05508961707773e-05,-1.56485627818586e-06,9.66776588658081e-07,5.14453972343163e-06,3.53637946545218e-06,-0,0,0,402.981342678816,0,0
79.96,100,100,99.9999759279469,1.04596616193066e-05,-1.54633345364248e-06,8.85440664930731e-07,5.04466180747621e-06,3.65689246344346e-06,-0,0,0,402.981343162355,0,0
79.98,100,100,99.9999761362342,1.03692053134059e-05,-1.52943877251751e-06,8.04085803469191e-07,4.95953405793342e-06,3.79352217167215e-06,-0,0,0,402.98134364171,0,0
80,100,100,99.9999763427202,1.0279520346526e-05,-1.51416524391359e-06,7.23446192482167e-07,4.88917649855429e-06,3.94416464049424e-06,-0,0,0,402.981344116918,0,0
80.02,100,100,99.9999765474201,1.01905999853901e-05,-1.50049138285256e-06,6.44235923799329e-07,4.83346928754991e-06,4.10662635584589e-06,-0,0,0,402.981344588013,0,0
80.04,100,100,99.9999767503493,1.01024376670238e-05,-1.48838167882964e-06,5.67142387281761e-07,4.79215606897821e-06,4.27863400990743e-06,-0,0,0,402.981345055033,0,0
80.06,100,100,99.9999769515227,1.00150269946226e-05,-1.47778719290717e-06,4.92820029736677e-07,4.76484890526123e-06,4.45787684064724e-06,-0,0,0,402.981345518011,0,0
80.08,100,100,99.9999771509553,9.92836173251911e-06,-1.46864627532589e-06,4.21884565757834e-07,4.75103477106047e-06,4.64200988870977e-06,-0,0,0,402.981345976983,0,0
80.1,100,100,99.9999773486621,9.84243580020977e-06,-1.46088539399236e-06,3.5490767207655e-07,4.75008281272143e-06,4.82869959384745e-06,-0,0,0,402.981346431984,0,0
80.12,100,100,99.9999775446576,9.75724326555595e-06,-1.45442006387521e-06,2.92412215479526e-07,4.76125247357486e-06,5.01562053803268e-06,-0,0,0,402.981346883048,0,0
80.14,100,100,99.9999777389566,9.67277833711894e-06,-1.449155866393e-06,2.34868032168527e-07,4.78370268224485e-06,5.20051081255377e-06,-0,0,0,402.981347330209,0,0
80.16,100,100,99.9999779315736,9.58903535588523e-06,-1.44498954714012e-06,1.82688317146574e-07,4.81650229703587e-06,5.38115573357492e-06,-0,0,0,402.981347773501,0,0
80.18,100,100,99.9999781225228,9.50600878639108e-06,-1.44181017967383e-06,1.36226634760762e-07,4.85864052574862e-06,5.55543669545615e-06,-0,0,0,402.981348212958,0,0
80.2,100,100,99.9999783118187,9.42369320730349e-06,-1.43950038274404e-06,9.5774562151562e-08,4.90903831801809e-06,5.72133931297327e-06,-0,0,0,402.981348648611,0,0
80.22,100,100,99.9999784994752,9.34208330162365e-06,-1.43793757815989e-06,6.1559988190634e-08,4.96656033612813e-06,5.8769697057579e-06,-0,0,0,402.981349080496,0,0
80.24,100,100,99.9999786855067,9.26117384655001e-06,-1.43699527612779e-06,3.37460622383461e-08,5.03002664158836e-06,6.02057566806934e-06,-0,0,0,402.981349508643,0,0
80.26,100,100,99.9999788699268,9.180959703101e-06,-1.43654437516207e-06,1.24307911519663e-08,5.09822540010011e-06,6.15055806790265e-06,-0,0,0,402.981349933086,0,0
80.28,100,100,99.9999790527497,9.10143580570626e-06,-1.43645446348532e-06,-2.3527063256737e-09,5.16992514143239e-06,6.26548713142852e-06,-0,0,0,402.981350353857,0,0
80.3,100,100,99.9999792339888,9.02259715171985e-06,-1.43659510905009e-06,-1.06353261137004e-08,5.24388722091373e-06,6.36410244299335e-06,-0,0,0,402.981350770987,0,0
80.32,100,100,99.9999794136581,8.94443879107399e-06,-1.43683712595148e-06,-1.25104867188343e-08,5.31887800952492e-06,6.44534225711116e-06,-0,0,0,402.981351184508,0,0
80.34,100,100,99.9999795917709,8.8669558160638e-06,-1.43705380507088e-06,-8.13206184952481e-09,5.39368063381438e-06,6.50832395713563e-06,-0,0,0,402.981351594451,0,0
80.36,100,100,99.9999797683408,8.79014335140097e-06,-1.43712209796787e-06,2.28823937608434e-09,5.46710669317573e-06,6.55237336725203e-06,-0,0,0,402.981352000847,0,0
80.38,100,100,99.9999799433811,8.71399654466977e-06,-1.43692374292754e-06,1.84840154599728e-08,5.53800735861017e-06,6.57701335336926e-06,-0,0,0,402.981352403727,0,0
80.4,100,100,99.999980116905,8.63851055720357e-06,-1.43634632343639e-06,4.01377883960962e-08,5.60528375876156e-06,6.58197196533985e-06,-0,0,0,402.981352803122,0,0
80.42,100,100,99.9999802889259,8.5636805555079e-06,-1.43528424984503e-06,6.68850559426661e-08,5.66789682944962e-06,6.56717592318393e-06,-0,0,0,402.981353199061,0,0
80.44,100,100,99.9999804594566,8.48950170324383e-06,-1.43363965616441e-06,9.83187237035616e-08,5.72487623534501e-06,6.53274573175728e-06,-0,0,0,402.981353591575,0,0
80.46,100,100,99.9999806285102,8.41596915386151e-06,-1.43132320473762e-06,1.33993870758938e-07,5.77532857420624e-06,6.47900545141527e-06,-0,0,0,402.981353980693,0,0
80.48,100,100,99.9999807960996,8.34307804396811e-06,-1.42825479268984e-06,1.73432800734619e-07,5.81844469827853e-06,6.40645664290897e-06,-0,0,0,402.981354366444,0,0
80.5,100,100,99.9999809622376,8.2708234874536e-06,-1.42436415500707e-06,2.1613031971682e-07,5.85350612996686e-06,6.31577999582907e-06,-0,0,0,402.981354748859,0,0
80.52,100,100,99.9999811269368,8.19920057038156e-06,-1.41959136024561e-06,2.61559179877238e-07,5.87988990272154e-06,6.20782718638595e-06,-0,0,0,402.981355127964,0,0
80.54,100,100,99.9999812902098,8.12820434672076e-06,-1.41388719621212e-06,3.09175640050331e-07,5.89707362180605e-06,6.08359970763773e-06,-0,0,0,402.981355503791,0,0
80.56,100,100,99.9999814520691,8.05782983497286e-06,-1.40721344356007e-06,3.58425091472582e-07,5.90463794887224e-06,5.94425701171019e-06,-0,0,0,402.981355876365,0,0
80.58,100,100,99.9999816125271,7.98807201560182e-06,-1.39954303696776e-06,4.08747675614919e-07,5.90226915668573e-06,5.79106765647694e-06,-0,0,0,402.981356245717,0,0
80.6,100,100,99.9999817715961,7.91892582931824e-06,-1.39086011432738e-06,4.59583846824304e-07,5.88975993282416e-06,5.62543536066329e-06,-0,0,0,402.981356611874,0,0
80.62,100,100,99.9999819292882,7.85038617632385e-06,-1.38115995561535e-06,5.10379844017045e-07,5.86700987225662e-06,5.44884526519445e-06,-0,0,0,402.981356974862,0,0
80.64,100,100,99.9999820856155,7.78244791631804e-06,-1.37044881383285e-06,5.60592989401399e-07,5.8340238350138e-06,5.26287696074741e-06,-0,0,0,402.981357334711,0,0
80.66,100,100,99.9999822405901,7.71510586936894e-06,-1.35874364205058e-06,6.09696785796367e-07,5.79091034474898e-06,5.06917354731504e-06,-0,0,0,402.981357691447,0,0
80.68,100,100,99.9999823942237,7.64835481760172e-06,-1.34607172082401e-06,6.57185762820814e-07,5.73787848874002e-06,4.86942372132215e-06,-0,0,0,402.981358045096,0,0
80.7,100,100,99.9999825465282,7.5821895076548e-06,-1.33247019167049e-06,7.02580027277146e-07,5.67523380200973e-06,4.66534386274149e-06,-0,0,0,402.981358395687,0,0
80.72,100,100,99.9999826975151,7.51660465382912e-06,-1.31798550282205e-06,7.45429473294478e-07,5.60337372765248e-06,4.45866826442974e-06,-0,0,0,402.981358743244,0,0
80.74,100,100,99.9999828471962,7.45159494194824e-06,-1.3026727743478e-06,7.85317627968281e-07,5.52278159080065e-06,4.25113121924363e-06,-0,0,0,402.981359087795,0,0
80.76,100,100,99.9999829955827,7.3871550338249e-06,-1.28659509042047e-06,8.21865093766884e-07,5.43402068698056e-06,4.04443607960393e-06,-0,0,0,402.981359429365,0,0
80.78,100,100,99.9999831426861,7.32327957233214e-06,-1.26982272686534e-06,8.54732570473898e-07,5.33772717984283e-06,3.84025851438344e-06,-0,0,0,402.98135976798,0,0
80.8,100,100,99.9999832885176,7.25996318698358e-06,-1.25243232268641e-06,8.83623429757073e-07,5.2346022731584e-06,3.64021719691511e-06,-0,0,0,402.981360103666,0,0
80.82,100,100,99.9999834330884,7.19720049986608e-06,-1.2345060048737e-06,9.08285811322092e-07,5.12540412919721e-06,3.44586077743998e-06,-0,0,0,402.981360436448,0,0
80.84,100,100,99.9999835764093,7.13498613197749e-06,-1.21613047597976e-06,9.28514248778858e-07,5.01093955393388e-06,3.25866136933128e-06,-0,0,0,402.981360766351,0,0
80.86,100,100,99.9999837184914,7.07331470991847e-06,-1.19739607396898e-06,9.44150821399823e-07,4.89205521522239e-06,3.07999500776637e-06,-0,0,0,402.9813610934,0,0
80.88,100,100,99.9999838593455,7.01218087275623e-06,-1.17839581386297e-06,9.55085811728792e-07,4.76962840026748e-06,2.91113025061887e-06,-0,0,0,402.981361417619,0,0
80.9,100,100,99.9999839989822,6.95157927901811e-06,-1.15922442115199e-06,9.61257877303264e-07,4.64455784156796e-06,2.75321677935058e-06,-0,0,0,402.981361739034,0,0
80.92,100,100,99.9999841374122,6.89150461376434e-06,-1.13997736658795e-06,9.62653747748858e-07,4.51775473819679e-06,2.60728702745554e-06,-0,0,0,402.981362057668,0,0
80.94,100,100,99.9999842746459,6.8319515957089e-06,-1.12074991156211e-06,9.59307465560893e-07,4.39013338362154e-06,2.47423175380007e-06,-0,0,0,402.981362373545,0,0
80.96,100,100,99.9999844106937,6.77291498420118e-06,-1.10163617324855e-06,9.51299168183765e-07,4.26260223369311e-06,2.35480329951074e-06,-0,0,0,402.98136268669,0,0
80.98,100,100,99.9999845455659,6.71438958606696e-06,-1.08272821850151e-06,9.38753443095942e-07,4.13605497083733e-06,2.24961233108638e-06,-0,0,0,402.981362997126,0,0
81,100,100,99.9999846792727,6.6563702622626e-06,-1.06411519464708e-06,9.21837283128746e-07,4.01136201234083e-06,2.15911481284614e-06,-0,0,0,402.981363304875,0,0
81.02,100,100,99.999984811824,6.59885193420543e-06,-1.04588250507109e-06,9.00757657887789e-07,3.88936272737896e-06,2.08362991981341e-06,-0,0,0,402.981363609962,0,0
81.04,100,100,99.99998494323,6.54182958983911e-06,-1.02811103671102e-06,8.7575875101999e-07,3.77085733097842e-06,2.02331235416789e-06,-0,0,0,402.98136391241,0,0
81.06,100,100,99.9999850735005,6.48529828923104e-06,-1.01087644620933e-06,8.47118873350867e-07,3.65660008356431e-06,1.97818002879354e-06,-0,0,0,402.981364212241,0,0
81.08,100,100,99.9999852026452,6.42925316977018e-06,-9.94248510473396e-07,8.15147106823283e-07,3.54729261073537e-06,1.94809778283864e-06,-0,0,0,402.981364509477,0,0
81.1,100,100,99.9999853306739,6.37368945087945e-06,-9.7829054685324e-07,7.80179710862172e-07,3.44357810763322e-06,1.9327871523797e-06,-0,0,0,402.981364804142,0,0
81.12,100,100,99.999985457596,6.31860243814423e-06,-9.63058907226151e-07,7.42576321055043e-07,3.34603581824879e-06,1.9318393979735e-06,-0,0,0,402.981365096258,0,0
81.14,100,100,99.9999855834211,6.26398752695387e-06,-9.48602549859191e-07,7.0271600268872e-07,3.25517714259896e-06,1.94471061932507e-06,-0,0,0,402.981365385846,0,0
81.16,100,100,99.9999857081586,6.20984020548885e-06,-9.34962691213165e-07,6.60993177143699e-07,3.17144098416574e-06,1.97073315439568e-06,-0,0,0,402.981365672928,0,0
81.18,100,100,99.9999858318178,6.15615605707075e-06,-9.22172540380871e-07,6.17813470686326e-07,3.09519144391567e-06,2.0091334922868e-06,-0,0,0,402.981365957527,0,0
81.2,100,100,99.9999859544079,6.10293076198686e-06,-9.10257116588583e-07,5.73589547042977e-07,3.02671569985504e-06,2.05902087413211e-06,-0,0,0,402.981366239663,0,0
81.22,100,100,99.999986075938,6.05016009858747e-06,-8.99233150200203e-07,5.28736934191215e-07,2.96622186364019e-06,2.11942637575347e-06,-0,0,0,402.981366519357,0,0
81.24,100,100,99.9999861964173,5.99783994376517e-06,-8.89109066835301e-07,4.83669904384515e-07,2.91383932336436e-06,2.18928499477688e-06,-0,0,0,402.981366796632,0,0
81.26,100,100,99.9999863158546,5.94596627280636e-06,-8.79885052867925e-07,4.3879744390502e-07,2.86961806728218e-06,2.2674665910685e-06,-0,0,0,402.981367071508,0,0
81.28,100,100,99.9999864342589,5.89453515861166e-06,-8.7155320050314e-07,3.94519348717408e-07,2.83353044960076e-06,2.35279054273056e-06,-0,0,0,402.981367344005,0,0
81.3,100,100,99.9999865516389,5.8435427703576e-06,-8.64097729163728e-07,3.51222490215426e-07,2.80547220531404e-06,2.44401923232541e-06,-0,0,0,402.981367614144,0,0
81.32,100,100,99.9999866680035,5.79298537147872e-06,-8.57495279934046e-07,3.09277262138386e-07,2.78526521219175e-06,2.53988573042346e-06,-0,0,0,402.981367881946,0,0
81.34,100,100,99.9999867833612,5.74285931712608e-06,-8.51715278640086e-07,2.6903426018984e-07,2.77266040476856e-06,2.63910519471115e-06,-0,0,0,402.981368147431,0,0
81.36,100,100,99.9999868977207,5.69316105112355e-06,-8.46720362945742e-07,2.30821221179945e-07,2.76734170351046e-06,2.74038789754292e-06,-0,0,0,402.981368410618,0,0
81.38,100,100,99.9999870110905,5.64388710242351e-06,-8.4246686778904e-07,1.94940240678645e-07,2.76893020274248e-06,2.84244899660522e-06,-0,0,0,402.981368671529,0,0
81.4,100,100,99.999987123479,5.59503408113363e-06,-8.38905363503546e-07,1.61665296427137e-07,2.77698922432605e-06,2.94401830558045e-06,-0,0,0,402.981368930181,0,0
81.42,100,100,99.9999872348947,5.54659867409066e-06,-8.35981240360412e-07,1.31240084911249e-07,2.79102915139112e-06,3.04385983547495e-06,-0,0,0,402.981369186596,0,0
81.44,100,100,99.9999873453457,5.4985776400977e-06,-8.33635333013843e-07,1.03876197589311e-07,2.81051375181159e-06,3.14077993683901e-06,-0,0,0,402.981369440792,0,0
81.46,100,100,99.9999874548405,5.45096780488779e-06,-8.31804577870252e-07,7.97516500255341e-08,2.8348658643843e-06,3.23363544198677e-06,-0,0,0,402.981369692788,0,0
81.48,100,100,99.9999875633872,5.40376605577149e-06,-8.30422696475342e-07,5.90097568262901e-08,2.86347396747993e-06,3.3213483209923e-06,-0,0,0,402.981369942605,0,0
81.5,100,100,99.9999876709938,5.35696933614272e-06,-8.29420897693235e-07,4.17583760600059e-08,2.89569871789216e-06,3.40291545235349e-06,-0,0,0,402.981370190259,0,0
81.52,100,100,99.9999877776686,5.3105746398032e-06,-8.28728591408675e-07,2.80695084925691e-08,2.93087966795976e-06,3.47740536610411e-06,-0,0,0,402.981370435771,0,0
81.54,100,100,99.9999878834195,5.2645790052059e-06,-8.28274106729009e-07,1.79792563859445e-08,2.96834223355116e-06,3.54398755580575e-06,-0,0,0,402.981370679159,0,0
81.56,100,100,99.9999879882544,5.2189795096965e-06,-8.2798540732293e-07,1.14881390184743e-08,3.00740432562449e-06,3.6019161941078e-06,-0,0,0,402.98137092044,0,0
81.58,100,100,99.9999880921813,5.17377326372634e-06,-8.27790797211151e-07,8.56174262101241e-09,3.04738335245144e-06,3.65055130251949e-06,-0,0,0,402.981371159634,0,0
81.6,100,100,99.999988195208,5.12895740516573e-06,-8.27619610058703e-07,9.131703843633e-09,3.08760269487852e-06,3.68935386607785e-06,-0,0,0,402.981371396759,0,0
81.62,100,100,99.9999882973422,5.08452909371902e-06,-8.27402875762629e-07,1.30970032405653e-08,3.12739818255371e-06,3.71789886089967e-06,-0,0,0,402.981371631832,0,0
81.64,100,100,99.9999883985917,5.04048550556331e-06,-8.27073958117314e-07,2.03255617951151e-08,3.16612464148676e-06,3.73586548351757e-06,-0,0,0,402.981371864871,0,0
81.66,100,100,99.9999884989642,4.99682382818102e-06,-8.26569157749964e-07,3.06561067926933e-08,3.20316155324888e-06,3.74305017843194e-06,-0,0,0,402.981372095894,0,0
81.68,100,100,99.9999885984672,4.95354125545502e-06,-8.25828275210285e-07,4.39002879224916e-08,3.23791861994691e-06,3.73935361055895e-06,-0,0,0,402.981372324918,0,0
81.7,100,100,99.9999886971083,4.91063498306379e-06,-8.2479512953073e-07,5.98450179550638e-08,3.26984107967335e-06,3.72479206433859e-06,-0,0,0,402.981372551961,0,0
81.72,100,100,99.9999887948951,4.86810220421684e-06,-8.23418027819429e-07,7.82550110744175e-08,3.29841432956509e-06,3.69948767307062e-06,-0,0,0,402.98137277704,0,0
81.74,100,100,99.9999888918349,4.82594010582047e-06,-8.21650182402531e-07,9.88755000292778e-08,3.32316856176813e-06,3.6636667904706e-06,-0,0,0,402.981373000171,0,0
81.76,100,100,99.9999889879351,4.78414586500509e-06,-8.1945007207613e-07,1.21435085996736e-07,3.34368194792029e-06,3.61765999066992e-06,-0,0,0,402.981373221372,0,0
81.78,100,100,99.9999890832032,4.74271664608415e-06,-8.16781745360056e-07,1.45648698877373e-07,3.35958435077536e-06,3.56188904066377e-06,-0,0,0,402.981373440659,0,0
81.8,100,100,99.9999891776462,4.70164959796846e-06,-8.136150635701e-07,1.71220637176572e-07,3.37055964497342e-06,3.49686201497919e-06,-0,0,0,402.981373658049,0,0
81.82,100,100,99.9999892712715,4.66094185200056e-06,-8.09925882721181e-07,1.97847648686054e-07,3.37634765501283e-06,3.42317980945103e-06,-0,0,0,402.981373873559,0,0
81.84,100,100,99.9999893640863,4.6205905203166e-06,-8.05696173502586e-07,2.2522203655076e-07,3.37674617972785e-06,3.34151171456203e-06,-0,0,0,402.981374087204,0,0
81.86,100,100,99.9999894560975,4.58059269469653e-06,-8.00914079154906e-07,2.53034752566707e-07,3.37161150622617e-06,3.25259378699879e-06,-0,0,0,402.981374299001,0,0
81.88,100,100,99.9999895473123,4.54094544584899e-06,-7.9557391202451e-07,2.80978439388633e-07,3.36085867689363e-06,3.15722559276379e-06,-0,0,0,402.981374508965,0,0
81.9,100,100,99.9999896377377,4.50164582317923e-06,-7.89676089820733e-07,3.08750400922338e-07,3.34446137396812e-06,3.05625555117943e-06,-0,0,0,402.981374717114,0,0
81.92,100,100,99.9999897273805,4.46269085506528e-06,-7.83227013505146e-07,3.3605547906794e-07,3.32245110836328e-06,2.95056953578001e-06,-0,0,0,402.981374923461,0,0
81.94,100,100,99.9999898162476,4.4240775495338e-06,-7.76238888844739e-07,3.62608794703824e-07,3.29491546404821e-06,2.84108598897981e-06,-0,0,0,402.981375128024,0,0
81.96,100,100,99.9999899043458,4.38580289536489e-06,-7.68729494704309e-07,3.88138336532015e-07,3.2619966172142e-06,2.72874615140902e-06,-0,0,0,402.981375330816,0,0
81.98,100,100,99.9999899916819,4.34786386365664e-06,-7.60721901139814e-07,4.12387383304503e-07,3.22388863287821e-06,2.61450917658183e-06,-0,0,0,402.981375531855,0,0
82,100,100,99.9999900782626,4.31025740978392e-06,-7.5224414099171e-07,4.35116732483689e-07,3.18083484657775e-06,2.49932444734845e-06,-0,0,0,402.981375731154,0,0
82.02,100,100,99.9999901640944,4.2729804756493e-06,-7.43328839044357e-07,4.56106705176722e-07,3.13312418332445e-06,2.38414297500305e-06,-0,0,0,402.981375928729,0,0
82.04,100,100,99.999990249184,4.23602999231432e-06,-7.34012803362222e-07,4.75158931329349e-07,3.08108771664397e-06,2.26989948639988e-06,-0,0,0,402.981376124595,0,0
82.06,100,100,99.9999903335378,4.1994028829396e-06,-7.2433658326576e-07,4.92097895479436e-07,3.02509479499455e-06,2.15750102484521e-06,-0,0,0,402.981376318767,0,0
82.08,100,100,99.9999904171622,4.16309606593571e-06,-7.1434399884149e-07,5.06772222319435e-07,2.96554817384223e-06,2.04782532165336e-06,-0,0,0,402.981376511259,0,0
82.1,100,100,99.9999905000637,4.12710645837985e-06,-7.04081647507913e-07,5.19055709888175e-07,2.90288012263192e-06,1.94170125481878e-06,-0,0,0,402.981376702085,0,0
82.12,100,100,99.9999905822486,4.09143097959237e-06,-6.9359839237392e-07,5.28848093484619e-07,2.83754700382273e-06,1.83992024812395e-06,-0,0,0,402.981376891261,0,0
82.14,100,100,99.999990663723,4.05606655485185e-06,-6.82944838114907e-07,5.36075541475771e-07,2.77002466521268e-06,1.7432085875915e-06,-0,0,0,402.9813770788,0,0
82.16,100,100,99.9999907444933,4.021010119226e-06,-6.72172799558584e-07,5.40690885839054e-07,2.70080352792982e-06,1.65223556370417e-06,-0,0,0,402.981377264717,0,0
82.18,100,100,99.9999908245654,3.98625862146475e-06,-6.61334768340347e-07,5.42673588153204e-07,2.63038321494181e-06,1.56760207229679e-06,-0,0,0,402.981377449025,0,0
82.2,100,100,99.9999909039456,3.95180902788103e-06,-6.50483382839775e-07,5.42029440852832e-07,2.55926754328801e-06,1.48983735766839e-06,-0,0,0,402.981377631739,0,0
82.22,100,100,99.9999909826398,3.91765832622448e-06,-6.39670906643068e-07,5.38790019074643e-07,2.48795966875604e-06,1.41939738413808e-06,-0,0,0,402.981377812872,0,0
82.24,100,100,99.9999910606539,3.883803529519e-06,-6.28948720368493e-07,5.33011894590844e-07,2.41695701378634e-06,1.35665669382515e-06,-0,0,0,402.981377992438,0,0
82.26,100,100,99.9999911379939,3.8502416797518e-06,-6.18366831563461e-07,5.24775612049693e-07,2.34674642121293e-06,1.30191003509306e-06,-0,0,0,402.98137817045,0,0
82.28,100,100,99.9999912146655,3.81696985146235e-06,-6.0797340729517e-07,5.14184455727689e-07,2.27779991958313e-06,1.25536910566139e-06,-0,0,0,402.981378346922,0,0
82.3,100,100,99.9999912906746,3.78398515516015e-06,-5.97814333297196e-07,5.01363016479427e-07,2.21056988202655e-06,1.21717232326989e-06,-0,0,0,402.981378521868,0,0
82.32,100,100,99.9999913660268,3.75128474056075e-06,-5.87932803739443e-07,4.86455580452876e-07,2.14548560158087e-06,1.18735714213047e-06,-0,0,0,402.9813786953,0,0
82.34,100,100,99.9999914407279,3.71886579953155e-06,-5.78368944828025e-07,4.69624345577299e-07,2.0829486399424e-06,1.1658975071392e-06,-0,0,0,402.981378867231,0,0
82.36,100,100,99.9999915147833,3.68672556881348e-06,-5.69159475630771e-07,4.51047501825046e-07,2.02333027259396e-06,1.1526745418843e-06,-0,0,0,402.981379037675,0,0
82.38,100,100,99.9999915881987,3.65486133246257e-06,-5.60337408361044e-07,4.30917190763838e-07,1.96696777566779e-06,1.14750097530612e-06,-0,0,0,402.981379206644,0,0
82.4,100,100,99.9999916609796,3.62327042398458e-06,-5.51931790695483e-07,4.09437366185451e-07,1.91416206382347e-06,1.15011462792116e-06,-0,0,0,402.981379374151,0,0
82.42,100,100,99.9999917331313,3.59195022815481e-06,-5.4396749149759e-07,3.86821579441473e-07,1.86517536615888e-06,1.16017515493406e-06,-0,0,0,402.981379540209,0,0
82.44,100,100,99.9999918046594,3.56089818249562e-06,-5.36465031497498e-07,3.63290710712918e-07,1.82022927742007e-06,1.17729335822957e-06,-0,0,0,402.98137970483,0,0
82.46,100,100,99.999991875569,3.53011177843374e-06,-5.29440459665051e-07,3.39070674425832e-07,1.77950343840135e-06,1.20100350282457e-06,-0,0,0,402.981379868027,0,0
82.48,100,100,99.9999919458656,3.49958856205582e-06,-5.22905275584947e-07,3.14390109640542e-07,1.74313430867045e-06,1.23079262886004e-06,-0,0,0,402.981380029811,0,0
82.5,100,100,99.9999920155543,3.46932613454004e-06,-5.16866397928302e-07,2.89478091440516e-07,1.71121494309489e-06,1.26609892315703e-06,-0,0,0,402.981380190196,0,0
82.52,100,100,99.9999920846404,3.43932215225929e-06,-5.1132617824396e-07,2.64561884197181e-07,1.68379469480598e-06,1.30631986143669e-06,-0,0,0,402.981380349193,0,0
82.54,100,100,99.9999921531289,3.40957432654344e-06,-5.06282459218536e-07,2.39864755521338e-07,1.6608796697911e-06,1.35081220832025e-06,-0,0,0,402.981380506814,0,0
82.56,100,100,99.999992221025,3.38008042304301e-06,-5.01728675846305e-07,2.15603860399258e-07,1.64243319583423e-06,1.39891155865696e-06,-0,0,0,402.981380663072,0,0
82.58,100,100,99.9999922883338,3.35083826080393e-06,-4.97653997991354e-07,1.91988231176641e-07,1.62837721490241e-06,1.44992419530414e-06,-0,0,0,402.981380817977,0,0
82.6,100,100,99.9999923550602,3.32184571100515e-06,-4.94043512015583e-07,1.69216880945329e-07,1.61859353724818e-06,1.50314663045513e-06,-0,0,0,402.981380971542,0,0
82.62,100,100,99.9999924212093,3.29310069540703e-06,-4.90878439010498e-07,1.47477041857468e-07,1.61292608319608e-06,1.55786723408327e-06,-0,0,0,402.981381123779,0,0
82.64,100,100,99.9999924867859,3.26460118453858e-06,-4.88136386810187e-07,1.26942554553587e-07,1.6111828749618e-06,1.61337763304992e-06,-0,0,0,402.981381274698,0,0
82.66,100,100,99.999992551795,3.23634519561043e-06,-4.85791632558448e-07,1.07772415856391e-07,1.61313857908476e-06,1.6689710826604e-06,-0,0,0,402.981381424311,0,0
82.68,100,100,99.9999926162413,3.2083307901839e-06,-4.83815432770633e-07,9.01094975392532e-08,1.618537415243e-06,1.72395712266004e-06,-0,0,0,402.98138157263,0,0
82.7,100,100,99.9999926801298,3.18055607162296e-06,-4.82176357055093e-07,7.40794451446477e-08,1.62709596157394e-06,1.77766483412211e-06,-0,0,0,402.981381719665,0,0
82.72,100,100,99.9999927434652,3.15301918238429e-06,-4.8084064216426e-07,5.97897694782407e-08,1.63850679352918e-06,1.82944446789183e-06,-0,0,0,402.981381865428,0,0
82.74,100,100,99.9999928062521,3.12571830112469e-06,-4.79772562093965e-07,4.73291274167128e-08,1.65244156151415e-06,1.87868698591438e-06,-0,0,0,402.98138200993,0,0
82.76,100,100,99.9999928684955,3.09865163974588e-06,-4.78934810706551e-07,3.67668107767552e-08,1.66855505030549e-06,1.92481591901483e-06,-0,0,0,402.981382153182,0,0
82.78,100,100,99.9999929301998,3.07181744027182e-06,-4.78288892489142e-07,2.81524220392795e-08,1.6864881078461e-06,1.9672987660062e-06,-0,0,0,402.981382295194,0,0
82.8,100,100,99.9999929913697,3.04521397167327e-06,-4.77795518039951e-07,2.15157510039467e-08,1.7058721868865e-06,2.00564862213341e-06,-0,0,0,402.981382435977,0,0
82.82,100,100,99.9999930520098,3.01883952671152e-06,-4.7741499972214e-07,1.68668555514254e-08,1.72633270113248e-06,2.03943069284929e-06,-0,0,0,402.981382575543,0,0
82.84,100,100,99.9999931121248,2.99269241873599e-06,-4.77107644014072e-07,1.4196327225178e-08,1.74749286336085e-06,2.06826066537058e-06,-0,0,0,402.981382713901,0,0
82.86,100,100,99.999993171719,2.96677097850922e-06,-4.76834136618011e-07,1.34757423842227e-08,1.76897736434298e-06,2.09181773622987e-06,-0,0,0,402.981382851061,0,0
82.88,100,100,99.9999932307971,2.94107355109522e-06,-4.76555916758195e-07,1.46582921922294e-08,1.7904160402635e-06,2.10983158372368e-06,-0,0,0,402.981382987035,0,0
82.9,100,100,99.9999932893635,2.91559849281775e-06,-4.76235537181051e-07,1.76795785711927e-08,1.81144741339602e-06,2.1220970239084e-06,-0,0,0,402.981383121833,0,0
82.92,100,100,99.9999933474225,2.89034416834554e-06,-4.75837006631818e-07,2.24585700696234e-08,1.83172187301663e-06,2.1284723821563e-06,-0,0,0,402.981383255464,0,0
82.94,100,100,99.9999934049787,2.86530894791174e-06,-4.75326111800451e-07,2.88987026358183e-08,1.85090528944177e-06,2.12886972249155e-06,-0,0,0,402.981383387939,0,0
82.96,100,100,99.9999934620363,2.84049120470917e-06,-4.74670715755645e-07,3.68891143412576e-08,1.8686816046959e-06,2.12326950358617e-06,-0,0,0,402.981383519268,0,0
82.98,100,100,99.9999935185998,2.81588931242974e-06,-4.73841030659279e-07,4.63059914677272e-08,1.88475560232265e-06,2.11170755120812e-06,-0,0,0,402.981383649461,0,0
83,100,100,99.9999935746734,2.79150164297335e-06,-4.72809862506212e-07,5.70140115361021e-08,1.89885529222315e-06,2.0942783151092e-06,-0,0,0,402.981383778528,0,0
83.02,100,100,99.9999936302613,2.76732656442788e-06,-4.71552826106681e-07,6.88678810993305e-08,1.91073457855166e-06,2.0711446396891e-06,-0,0,0,402.981383906477,0,0
83.04,100,100,99.9999936853678,2.74336243932634e-06,-4.70048528415132e-07,8.17139496802997e-08,1.92017492901669e-06,2.04250356667146e-06,-0,0,0,402.98138403332,0,0
83.06,100,100,99.9999937399972,2.71960762304438e-06,-4.68278719253866e-07,9.53918592286256e-08,1.9269868406146e-06,2.00862053242777e-06,-0,0,0,402.981384159066,0,0
83.08,100,100,99.9999937941535,2.69606046251552e-06,-4.66228408592505e-07,1.09736239157009e-07,1.93101131993133e-06,1.96979679909746e-06,-0,0,0,402.981384283724,0,0
83.1,100,100,99.999993847841,2.6727192951757e-06,-4.63885949697901e-07,1.24578414131703e-07,1.93212084171136e-06,1.92638085369586e-06,-0,0,0,402.981384407303,0,0
83.12,100,100,99.9999939010636,2.64958244815162e-06,-4.61243088151344e-07,1.39748109501123e-07,1.93021973253595e-06,1.87876677967022e-06,-0,0,0,402.981384529813,0,0
83.14,100,100,99.9999939538256,2.62664823775102e-06,-4.58294976891904e-07,1.55075146878234e-07,1.92524498367184e-06,1.82737797245976e-06,-0,0,0,402.981384651263,0,0
83.16,100,100,99.9999940061309,2.60391496922156e-06,-4.550401575415e-07,1.70391107988821e-07,1.91716591180792e-06,1.77266713949559e-06,-0,0,0,402.981384771663,0,0
83.18,100,100,99.9999940579835,2.58138093674994e-06,-4.51480509018012e-07,1.8553094742811e-07,1.90598405156048e-06,1.71511141486883e-06,-0,0,0,402.981384891021,0,0
83.2,100,100,99.9999941093875,2.55904442370045e-06,-4.47621164427108e-07,2.00334540145392e-07,1.89173219569975e-06,1.65520910244252e-06,-0,0,0,402.981385009347,0,0
83.22,100,100,99.9999941603466,2.5369037031049e-06,-4.43470397870786e-07,2.14648153354782e-07,1.87447386510507e-06,1.59347641896369e-06,-0,0,0,402.981385126649,0,0
83.24,100,100,99.9999942108649,2.51495703840575e-06,-4.3903948253771e-07,2.28325831433542e-07,1.85430179567235e-06,1.53043772339933e-06,-0,0,0,402.981385242936,0,0
83.26,100,100,99.9999942609462,2.49320268440327e-06,-4.34342522200751e-07,2.41230676397915e-07,1.83133678931521e-06,1.46662063160445e-06,-0,0,0,402.981385358217,0,0
83.28,100,100,99.9999943105943,2.47163888845659e-06,-4.29396258113358e-07,2.53236023481408e-07,1.80572591845605e-06,1.40254624565806e-06,-0,0,0,402.981385472501,0,0
83.3,100,100,99.999994359813,2.450263891812e-06,-4.24219853695194e-07,2.64226484684112e-07,1.77764037777323e-06,1.33873729608316e-06,-0,0,0,402.981385585796,0,0
83.32,100,100,99.9999944086061,2.42907593111651e-06,-4.18834659610275e-07,2.74098864768818e-07,1.74727345068545e-06,1.2757018574068e-06,-0,0,0,402.981385698111,0,0
83.34,100,100,99.9999944569773,2.40807324009778e-06,-4.13263961844886e-07,2.82762943161592e-07,1.71483833164933e-06,1.21393334816003e-06,-0,0,0,402.981385809455,0,0
83.36,100,100,99.9999945049302,2.38725405137316e-06,-4.07532715633891e-07,2.90142113967647e-07,1.68056543905381e-06,1.15390238865797e-06,-0,0,0,402.981385919835,0,0
83.38,100,100,99.9999945524686,2.36661659839265e-06,-4.01667267897377e-07,2.96173884471115e-07,1.64470032570084e-06,1.09605354411176e-06,-0,0,0,402.98138602926,0,0
83.4,100,100,99.9999945995961,2.34615911745171e-06,-3.95695071223479e-07,3.00810223153994e-07,1.607500177348e-06,1.04081020996061e-06,-0,0,0,402.981386137739,0,0
83.42,100,100,99.9999946463162,2.32587984974474e-06,-3.89644392503651e-07,3.04017755918465e-07,1.56923185526183e-06,9.88555070543788e-07,-0,0,0,402.981386245279,0,0
83.44,100,100,99.9999946926325,2.30577704350291e-06,-3.83544018913713e-07,3.05777821524731e-07,1.53016848628262e-06,9.39638241320629e-07,-0,0,0,402.981386351889,0,0
83.46,100,100,99.9999947385484,2.28584895611637e-06,-3.7742296444606e-07,3.06086376469248e-07,1.49058718858803e-06,8.9437238353854e-07,-0,0,0,402.981386457576,0,0
83.48,100,100,99.9999947840676,2.266093856305e-06,-3.71310179522631e-07,3.04953766340593e-07,1.45076586919931e-06,8.53031075789003e-07,-0,0,0,402.98138656235,0,0
83.5,100,100,99.9999948291933,2.24651002622296e-06,-3.65234266793642e-07,3.02404354094136e-07,1.41098070417616e-06,8.15840671787588e-07,-0,0,0,402.981386666216,0,0
83.52,100,100,99.9999948739291,2.22709576353006e-06,-3.59223205523279e-07,2.98476019777156e-07,1.37150339910624e-06,7.82986814149943e-07,-0,0,0,402.981386769184,0,0
83.54,100,100,99.9999949182783,2.20784938340934e-06,-3.53304087274612e-07,2.93219539261871e-07,1.33259862248898e-06,7.54609549059801e-07,-0,0,0,402.981386871262,0,0
83.56,100,100,99.9999949622442,2.18876922049245e-06,-3.47502865214374e-07,2.86697847235685e-07,1.29452151876681e-06,7.3080495471298e-07,-0,0,0,402.981386972456,0,0
83.58,100,100,99.9999950058302,2.16985363068908e-06,-3.41844119153808e-07,2.78985196014756e-07,1.25751547016564e-06,7.11623512873385e-07,-0,0,0,402.981387072775,0,0
83.6,100,100,99.9999950490394,2.15110099289553e-06,-3.36350838365798e-07,2.70166219072003e-07,1.22180973738566e-06,6.97063595097019e-07,-0,0,0,402.981387172225,0,0
83.62,100,100,99.9999950918753,2.13250971053114e-06,-3.31044224196591e-07,2.60334904879685e-07,1.18761762707888e-06,6.87091004059947e-07,-0,0,0,402.981387270816,0,0
83.64,100,100,99.9999951343409,2.11407821300055e-06,-3.25943513650507e-07,2.49593510033815e-07,1.1551346965559e-06,6.81616175342337e-07,-0,0,0,402.981387368553,0,0
83.66,100,100,99.9999951764394,2.09580495691074e-06,-3.21065825537632e-07,2.38051398393707e-07,1.12453703601667e-06,6.80515347200427e-07,-0,0,0,402.981387465444,0,0
83.68,100,100,99.9999952181741,2.07768842717792e-06,-3.16426030291227e-07,2.25823842248688e-07,1.09598003367769e-06,6.83625675234523e-07,-0,0,0,402.981387561498,0,0
83.7,100,100,99.999995259548,2.05972713793557e-06,-3.12036644095523e-07,2.1303078482961e-07,1.06959717470603e-06,6.90741975501017e-07,-0,0,0,402.98138765672,0,0
83.72,100,100,99.9999953005642,2.04191963322649e-06,-3.07907748106785e-07,1.99795575558348e-07,1.04549898737827e-06,7.01628123620356e-07,-0,0,0,402.981387751118,0,0
83.74,100,100,99.9999953412258,2.02426448753815e-06,-3.04046933006216e-07,1.86243700988653e-07,1.02377273957372e-06,7.1601542633305e-07,-0,0,0,402.981387844699,0,0
83.76,100,100,99.9999953815358,2.0067603061573e-06,-3.0045926891187e-07,1.72501520467921e-07,1.00448175259725e-06,7.33609135275658e-07,-0,0,0,402.981387937471,0,0
83.78,100,100,99.9999954214972,1.98940572531208e-06,-2.9714730047522e-07,1.58695013837835e-07,9.87665264068048e-07,7.54083561648799e-07,-0,0,0,402.98138802944,0,0
83.8,100,100,99.999995461113,1.97219941211702e-06,-2.94111066813059e-07,1.44948555538474e-07,9.73338567323089e-07,7.77096732213122e-07,-0,0,0,402.981388120614,0,0
83.82,100,100,99.9999955003862,1.95514006431051e-06,-2.91348145541622e-07,1.31383724264473e-07,9.61492962327223e-07,8.02288760845309e-07,-0,0,0,402.981388210998,0,0
83.84,100,100,99.9999955393196,1.93822640982051e-06,-2.88853720215849e-07,1.18118164419166e-07,9.52096816449175e-07,8.29280220094081e-07,-0,0,0,402.981388300601,0,0
83.86,100,100,99.9999955779162,1.92145720619217e-06,-2.86620669833247e-07,1.05264513487811e-07,9.45095850765091e-07,8.57693310952155e-07,-0,0,0,402.981388389428,0,0
83.88,100,100,99.9999956161788,1.90483123977821e-06,-2.84639679232025e-07,9.29293875543896e-08,9.40414272201872e-07,8.87129064640287e-07,-0,0,0,402.981388477486,0,0
83.9,100,100,99.9999956541104,1.8883473247914e-06,-2.82899368987334e-07,8.12124482116346e-08,9.3795581326324e-07,9.17198283043218e-07,-0,0,0,402.981388564783,0,0
83.92,100,100,99.9999956917137,1.8720043022321e-06,-2.81386443098524e-07,7.02055586513208e-08,9.37605209452717e-07,9.47511768045685e-07,-0,0,0,402.981388651324,0,0
83.94,100,100,99.9999957289915,1.85580103867386e-06,-2.80085852632642e-07,5.99920307867053e-08,9.3922954873169e-07,9.77681949976424e-07,-0,0,0,402.981388737116,0,0
83.96,100,100,99.9999957659466,1.83973642492244e-06,-2.78980973486316e-07,5.06459694056211e-08,9.42680025212908e-07,1.00733265827215e-06,-0,0,0,402.981388822166,0,0
83.98,100,100,99.9999958025819,1.8238093745702e-06,-2.78053796226751e-07,4.22317191107125e-08,9.4779341690058e-07,1.03610237836555e-06,-0,0,0,402.981388906481,0,0
84,100,100,99.9999958388999,1.80801882240965e-06,-2.77285126007718e-07,3.48034093434283e-08,9.54394087374898e-07,1.06363936635328e-06,-0,0,0,402.981388990065,0,0
84.02,100,100,99.9999958749035,1.79236372281325e-06,-2.76654790494341e-07,2.84046148693677e-08,9.62296031966012e-07,1.08962281876797e-06,-0,0,0,402.981389072927,0,0
84.04,100,100,99.9999959105953,1.77684304809426e-06,-2.76141853306791e-07,2.30681321686813e-08,9.71304801154407e-07,1.1137384459182e-06,-0,0,0,402.981389155071,0,0
84.06,100,100,99.9999959459781,1.76145578671864e-06,-2.75724831144955e-07,1.88158488294648e-08,9.81219420651425e-07,1.1357110407685e-06,-0,0,0,402.981389236505,0,0
84.08,100,100,99.9999959810545,1.74620094159244e-06,-2.75381912162398e-07,1.56587383200286e-08,9.91834729712125e-07,1.15528330916735e-06,-0,0,0,402.981389317234,0,0
84.1,100,100,99.999996015827,1.73107752826898e-06,-2.75091173494555e-07,1.35969503514942e-08,1.00294316231371e-06,1.17222889739919e-06,-0,0,0,402.981389397265,0,0
84.12,100,100,99.9999960502984,1.71608457320059e-06,-2.74830795990333e-07,1.26200117683426e-08,1.01433710511621e-06,1.18635402062838e-06,-0,0,0,402.981389476603,0,0
84.14,100,100,99.9999960844713,1.7012211119905e-06,-2.74579273727564e-07,1.27071235904859e-08,1.0258107080199e-06,1.19749746289923e-06,-0,0,0,402.981389555255,0,0
84.16,100,100,99.9999961183481,1.68648618770186e-06,-2.74315616851251e-07,1.38275569502737e-08,1.03716199117719e-06,1.20552406335999e-06,-0,0,0,402.981389633226,0,0
84.18,100,100,99.9999961519316,1.67187884922113e-06,-2.74019545382763e-07,1.59411385974579e-08,1.04819467808652e-06,1.21033937225886e-06,-0,0,0,402.981389710523,0,0
84.2,100,100,99.9999961852241,1.65739814965649e-06,-2.73671672600701e-07,1.89988146072591e-08,1.05871991246294e-06,1.21188150872393e-06,-0,0,0,402.981389787151,0,0
84.22,100,100,99.9999962182283,1.64304314485807e-06,-2.73253676379037e-07,2.29432971519208e-08,1.06855821074517e-06,1.21012116076327e-06,-0,0,0,402.981389863116,0,0
84.24,100,100,99.9999962509467,1.62881289200422e-06,-2.72748456781359e-07,2.77097751097292e-08,1.07754075064982e-06,1.20506158526487e-06,-0,0,0,402.981389938424,0,0
84.26,100,100,99.9999962833817,1.61470644831493e-06,-2.72140278946736e-07,3.32266889406914e-08,1.08551104227738e-06,1.19674186488466e-06,-0,0,0,402.98139001308,0,0
84.28,100,100,99.9999963155358,1.60072286985166e-06,-2.71414899851463e-07,3.94165524022574e-08,1.0923260981214e-06,1.18522876582651e-06,-0,0,0,402.98139008709,0,0
84.3,100,100,99.9999963474114,1.58686121047323e-06,-2.70559678249016e-07,4.61968224076966e-08,1.0978576409748e-06,1.17062162317424e-06,-0,0,0,402.98139016046,0,0
84.32,100,100,99.999996379011,1.57312052088638e-06,-2.6956366687212e-07,5.34807963484082e-08,1.10199288749412e-06,1.15305071244759e-06,-0,0,0,402.981390233196,0,0
84.34,100,100,99.999996410337,1.55949984785575e-06,-2.68417686417864e-07,6.11785371797588e-08,1.10463582806638e-06,1.13266910738227e-06,-0,0,0,402.981390305302,0,0
84.36,100,100,99.9999964413918,1.54599823356819e-06,-2.67114380793197e-07,6.91978149604385e-08,1.1057071893774e-06,1.10966245059393e-06,-0,0,0,402.981390376784,0,0
84.38,100,100,99.9999964721777,1.53261471510153e-06,-2.65648253633811e-07,7.7445047213536e-08,1.10514545542211e-06,1.0842294122502e-06,-0,0,0,402.981390447648,0,0
84.4,100,100,99.9999965026972,1.51934832407741e-06,-2.64015685869782e-07,8.58262410457439e-08,1.10290693311026e-06,1.05659797451065e-06,-0,0,0,402.981390517898,0,0
84.42,100,100,99.9999965329524,1.50619808643603e-06,-2.62214934650954e-07,9.42479180326242e-08,1.09896564833034e-06,1.02701566086279e-06,-0,0,0,402.981390587542,0,0
84.44,100,100,99.9999965629458,1.49316302237182e-06,-2.6024611400871e-07,1.02618019684114e-07,1.0933136179997e-06,9.9572999479417e-07,-0,0,0,402.981390656582,0,0
84.46,100,100,99.9999965926797,1.48024214638227e-06,-2.58111157658217e-07,1.10846777517544e-07,1.0859603801086e-06,9.63016183340259e-07,-0,0,0,402.981390725026,0,0
84.48,100,100,99.9999966221563,1.46743446748882e-06,-2.55813764752216e-07,1.1884755013884e-07,1.07693246643615e-06,9.29151061980533e-07,-0,0,0,402.981390792877,0,0
84.5,100,100,99.9999966513778,1.45473898955792e-06,-2.53359329449321e-07,1.26537609191503e-07,1.06627311512111e-06,8.94421236858447e-07,-0,0,0,402.981390860141,0,0
84.52,100,100,99.9999966803466,1.44215471177072e-06,-2.50754855122892e-07,1.33838875888542e-07,1.05404124419483e-06,8.5911819944945e-07,-0,0,0,402.981390926823,0,0
84.54,100,100,99.9999967090648,1.42968062919856e-06,-2.48008854533635e-07,1.40678596556224e-07,1.04031075303535e-06,8.23536698116982e-07,-0,0,0,402.981390992929,0,0
84.56,100,100,99.9999967375346,1.4173157335045e-06,-2.45131237111141e-07,1.46989956208248e-07,1.02516950293663e-06,7.87958453672507e-07,-0,0,0,402.981391058462,0,0
84.58,100,100,99.9999967657581,1.405059013742e-06,-2.42133184632675e-07,1.52712622122339e-07,1.00871822467778e-06,7.52671700703479e-07,-0,0,0,402.981391123429,0,0
84.6,100,100,99.9999967937376,1.39290945724132e-06,-2.3902701668585e-07,1.57793213422528e-07,9.91069161352391e-07,7.17950017801378e-07,-0,0,0,402.981391187834,0,0
84.62,100,100,99.9999968214752,1.38086605056045e-06,-2.35826047676898e-07,1.62185691937399e-07,9.72344763078368e-07,6.84058841337701e-07,-0,0,0,402.981391251681,0,0
84.64,100,100,99.999996848973,1.36892778048665e-06,-2.32544436673861e-07,1.65851671095674e-07,9.52676385547895e-07,6.51257093907957e-07,-0,0,0,402.981391314976,0,0
84.66,100,100,99.999996876233,1.35709363517098e-06,-2.29197031886325e-07,1.68760656860457e-07,9.32202848991476e-07,6.19776014559706e-07,-0,0,0,402.981391377724,0,0
84.68,100,100,99.9999969032574,1.3453626051945e-06,-2.25799211255537e-07,1.708901891099e-07,9.11068722711127e-07,5.89845213896513e-07,-0,0,0,402.981391439929,0,0
84.7,100,100,99.9999969300482,1.33373368477293e-06,-2.22366720854496e-07,1.72225919084679e-07,8.89423156891981e-07,5.61661733642003e-07,-0,0,0,402.981391501595,0,0
84.72,100,100,99.9999969566074,1.32220587291912e-06,-2.18915512666676e-07,1.72761596433714e-07,8.67418142985496e-07,5.35411216411825e-07,-0,0,0,402.981391562728,0,0
84.74,100,100,99.9999969829371,1.31077817462694e-06,-2.15461583365706e-07,1.72498979784456e-07,8.45206710758285e-07,5.11253249717675e-07,-0,0,0,402.981391623332,0,0
84.76,100,100,99.9999970090392,1.29944960201835e-06,-2.12020815749139e-07,1.71447665992215e-07,8.22941867717198e-07,4.89327879743288e-07,-0,0,0,402.981391683412,0,0
84.78,100,100,99.9999970349158,1.28821917552189e-06,-2.08608824187151e-07,1.69624853781194e-07,8.00774832111034e-07,4.69749097568447e-07,-0,0,0,402.981391742972,0,0
84.8,100,100,99.9999970605686,1.27708592499891e-06,-2.05240805593983e-07,1.67055034029017e-07,7.78853712943593e-07,4.52604839168986e-07,-0,0,0,402.981391802017,0,0
84.82,100,100,99.9999970859998,1.26604889082488e-06,-2.01931397223778e-07,1.63769613815789e-07,7.57321905841847e-07,4.37961870748777e-07,-0,0,0,402.981391860551,0,0
84.84,100,100,99.9999971112112,1.25510712491348e-06,-1.98694542608986e-07,1.59806479004532e-07,7.36317033060458e-07,4.2585764651975e-07,-0,0,0,402.981391918579,0,0
84.86,100,100,99.9999971362048,1.24425969169959e-06,-1.95543366830846e-07,1.55209504906924e-07,7.1596956637647e-07,4.16308450921874e-07,-0,0,0,402.981391976104,0,0
84.88,100,100,99.9999971609822,1.23350566904648e-06,-1.92490062035381e-07,1.50028016545061e-07,6.96401657526627e-07,4.09306141735164e-07,-0,0,0,402.981392033132,0,0
84.9,100,100,99.9999971855456,1.22284414905387e-06,-1.89545784200567e-07,1.44316202307192e-07,6.77726082676149e-07,4.04810007859697e-07,-0,0,0,402.981392089666,0,0
84.92,100,100,99.9999972098966,1.21227423877249e-06,-1.86720562103976e-07,1.38132489892813e-07,6.60045381223254e-07,4.02767939087573e-07,-0,0,0,402.981392145711,0,0
84.94,100,100,99.9999972340372,1.20179506088522e-06,-1.84023218922314e-07,1.31538901631795e-07,6.4345107610202e-07,4.03096884774949e-07,-0,0,0,402.981392201272,0,0
84.96,100,100,99.999997257969,1.19140575422379e-06,-1.81461307052442e-07,1.24600375802147e-07,6.2802274249951e-07,4.05694252950019e-07,-0,0,0,402.981392256351,0,0
84.98,100,100,99.999997281694,1.18110547421986e-06,-1.79041056733878e-07,1.17384077974332e-07,6.13827725598744e-07,4.10444424089004e-07,-0,0,0,402.981392310954,0,0
85,100,100,99.9999973052139,1.17089339328669e-06,-1.76767338396077e-07,1.0995870873344e-07,6.00920829636826e-07,4.1720083823218e-07,-0,0,0,402.981392365085,0,0
85.02,100,100,99.9999973285303,1.16076870103071e-06,-1.74643638926022e-07,1.02393798903813e-07,5.89343412645589e-07,4.25812050087837e-07,-0,0,0,402.981392418747,0,0
85.04,100,100,99.9999973516452,1.15073060437674e-06,-1.72672052150824e-07,9.47590134390357e-08,5.79123812836079e-07,4.36103816148304e-07,-0,0,0,402.981392471945,0,0
85.06,100,100,99.9999973745601,1.14077832757466e-06,-1.70853282979929e-07,8.71234648143399e-08,5.70276915906884e-07,4.4789212224193e-07,-0,0,0,402.981392524683,0,0
85.08,100,100,99.9999973972769,1.13091111211374e-06,-1.69186665161132e-07,7.95550468768971e-08,5.62804495230305e-07,4.60988068865075e-07,-0,0,0,402.981392576964,0,0
85.1,100,100,99.9999974197971,1.12112821656363e-06,-1.67670192096346e-07,7.2119797799223e-08,5.56695444169332e-07,4.75181586742137e-07,-0,0,0,402.981392628793,0,0
85.12,100,100,99.9999974421226,1.11142891624962e-06,-1.66300560147612e-07,6.48812824509258e-08,5.51925877504102e-07,4.90265863485508e-07,-0,0,0,402.981392680173,0,0
85.14,100,100,99.9999974642548,1.10181250289278e-06,-1.65073223924757e-07,5.79000203475965e-08,5.48459988207717e-07,5.06024316043599e-07,-0,0,0,402.981392731109,0,0
85.16,100,100,99.9999974861956,1.09227828413088e-06,-1.63982462592844e-07,5.12329493530584e-08,5.46250079949079e-07,5.22241989808819e-07,-0,0,0,402.981392781604,0,0
85.18,100,100,99.9999975079465,1.08282558292422e-06,-1.6302145656598e-07,4.49329297680369e-08,5.45237794899088e-07,5.38707187061569e-07,-0,0,0,402.981392831663,0,0
85.2,100,100,99.9999975295092,1.0734537369839e-06,-1.62182373435027e-07,3.90483135816261e-08,5.45354655443573e-07,5.5519843941827e-07,-0,0,0,402.981392881288,0,0
85.22,100,100,99.9999975508852,1.06416209800728e-06,-1.61456462215027e-07,3.36225464504685e-08,5.46522741816156e-07,5.71508934491314e-07,-0,0,0,402.981392930484,0,0
85.24,100,100,99.9999975720762,1.05495003092445e-06,-1.60834154869572e-07,2.86938370505728e-08,5.48655962830545e-07,5.8743348833709e-07,-0,0,0,402.981392979254,0,0
85.26,100,100,99.9999975930837,1.04581691306492e-06,-1.60305173918513e-07,2.42948798642319e-08,5.51660707042442e-07,6.0277668767597e-07,-0,0,0,402.981393027602,0,0
85.28,100,100,99.9999976139094,1.03676213325971e-06,-1.5985864502583e-07,2.04526342730317e-08,5.55437044904225e-07,6.17348004560314e-07,-0,0,0,402.981393075532,0,0
85.3,100,100,99.9999976345547,1.02778509091797e-06,-1.59483213401921e-07,1.71881658868283e-08,5.59879892958247e-07,6.30979709258442e-07,-0,0,0,402.981393123047,0,0
85.32,100,100,99.9999976550213,1.01888519512186e-06,-1.59167162656038e-07,1.45165558704908e-08,5.64880111859346e-07,6.43505700482669e-07,-0,0,0,402.981393170151,0,0
85.34,100,100,99.9999976753107,1.01006186364706e-06,-1.5889853504494e-07,1.24468618502068e-08,5.70325559373658e-07,6.54777789829275e-07,-0,0,0,402.981393216847,0,0
85.36,100,100,99.9999976954243,1.00131452195856e-06,-1.58665251754638e-07,1.09821359003934e-08,5.76102197043459e-07,6.64664073334511e-07,-0,0,0,402.981393263139,0,0
85.38,100,100,99.9999977153637,9.92642602285433e-07,-1.58455232327232e-07,1.01195140684849e-08,5.82095554626451e-07,6.73048931474597e-07,-0,0,0,402.981393309031,0,0
85.4,100,100,99.9999977351305,9.84045542627565e-07,-1.5825651165341e-07,9.85034953499935e-09,5.88191357960802e-07,6.79831400721725e-07,-0,0,0,402.981393354526,0,0
85.42,100,100,99.9999977547261,9.75522785785596e-07,-1.58057353867399e-07,1.01604011422542e-08,5.94276949257558e-07,6.84931687320045e-07,-0,0,0,402.981393399627,0,0
85.44,100,100,99.9999977741519,9.67073778454346e-07,-1.57846361875461e-07,1.10300791921696e-08,6.00242445425396e-07,6.88286281953678e-07,-0,0,0,402.981393444338,0,0
85.46,100,100,99.9999977934095,9.58697970318867e-07,-1.57612581472465e-07,1.2434733921531e-08,6.05981417479556e-07,6.89852845078705e-07,-0,0,0,402.981393488662,0,0
85.48,100,100,99.9999978125003,9.50394813238413e-07,-1.57345599274297e-07,1.43449957636321e-08,6.11392325273447e-07,6.89605321591175e-07,-0,0,0,402.981393532603,0,0
85.5,100,100,99.9999978314258,9.42163760418404e-07,-1.5703563341237e-07,1.67271455627933e-08,6.16378926384567e-07,6.87538826159097e-07,-0,0,0,402.981393576163,0,0
85.52,100,100,99.9999978501873,9.34004265658672e-07,-1.56673616516354e-07,1.95435241135863e-08,6.20851436258385e-07,6.83659872558459e-07,-0,0,0,402.981393619347,0,0
85.54,100,100,99.9999978687864,9.25915782654449e-07,-1.56251270161544e-07,2.27529713256716e-08,6.24727021871119e-07,6.78001029669199e-07,-0,0,0,402.981393662157,0,0
85.56,100,100,99.9999978872244,9.17897764391905e-07,-1.55761170263032e-07,2.63112961646118e-08,6.27930983033443e-07,6.7060789392323e-07,-0,0,0,402.981393704596,0,0
85.58,100,100,99.9999979055028,9.09949662614064e-07,-1.55196802745557e-07,3.01717673058355e-08,6.303967157587e-07,6.61548859968424e-07,-0,0,0,402.981393746669,0,0
85.6,100,100,99.9999979236229,9.0207092733798e-07,-1.54552609395501e-07,3.42856161222946e-08,6.32066676121222e-07,6.50892322452649e-07,-0,0,0,402.981393788377,0,0
85.62,100,100,99.9999979415861,8.94261006415569e-07,-1.53824023528542e-07,3.86025449412529e-08,6.32892308684486e-07,6.38740873347712e-07,-0,0,0,402.981393829725,0,0
85.64,100,100,99.9999979593938,8.86519345252381e-07,-1.53007495321433e-07,4.30712535380044e-08,6.32834965308657e-07,6.25193847737423e-07,-0,0,0,402.981393870715,0,0
85.66,100,100,99.9999979770473,8.78845386535588e-07,-1.52100506650297e-07,4.7639954192827e-08,6.31865393984538e-07,6.10371750477555e-07,-0,0,0,402.98139391135,0,0
85.68,100,100,99.999997994548,8.7123857007678e-07,-1.51101575755583e-07,5.22568877518316e-08,6.29964422116802e-07,5.94404857087859e-07,-0,0,0,402.981393951634,0,0
85.7,100,100,99.9999980118973,8.63698332731531e-07,-1.50010251534869e-07,5.68708290400585e-08,6.27122714500069e-07,5.77429956864076e-07,-0,0,0,402.981393991569,0,0
85.72,100,100,99.9999980290964,8.56224108410815e-07,-1.48827097902166e-07,6.14315798088544e-08,6.23340603881939e-07,5.59593609765928e-07,-0,0,0,402.981394031159,0,0
85.74,100,100,99.9999980461467,8.48815328132688e-07,-1.47553668587831e-07,6.58904366941304e-08,6.18628138278138e-07,5.41048889529125e-07,-0,0,0,402.981394070407,0,0
85.76,100,100,99.9999980630495,8.41471420198448e-07,-1.4619247262622e-07,7.02006437013597e-08,6.13004607996764e-07,5.21948869889375e-07,-0,0,0,402.981394109314,0,0
85.78,100,100,99.999998079806,8.34191810390512e-07,-1.44746931203387e-07,7.43178094054761e-08,6.06498231919142e-07,5.02454766802374e-07,-0,0,0,402.981394147886,0,0
85.8,100,100,99.9999980964176,8.26975922272428e-07,-1.43221326381709e-07,7.82002988067157e-08,5.99145663969389e-07,4.82724539335821e-07,-0,0,0,402.981394186123,0,0
85.82,100,100,99.9999981128854,8.19823177522801e-07,-1.41620742414512e-07,8.1809586401876e-08,5.90991628727194e-07,4.62922660333403e-07,-0,0,0,402.98139422403,0,0
85.84,100,100,99.9999981292109,8.12732996369787e-07,-1.39951000199765e-07,8.51105789280929e-08,5.82088204543348e-07,4.43202203530831e-07,-0,0,0,402.981394261609,0,0
85.86,100,100,99.9999981453952,8.05704798037897e-07,-1.38218585892666e-07,8.80718923811523e-08,5.72494102603225e-07,4.23717871107811e-07,-0,0,0,402.981394298862,0,0
85.88,100,100,99.9999981614395,7.98738001215861e-07,-1.36430574236056e-07,9.06660832841541e-08,5.62274087366952e-07,4.0462436524405e-07,-0,0,0,402.981394335794,0,0
85.9,100,100,99.9999981773451,7.91832024653271e-07,-1.34594547723147e-07,9.28698515348072e-08,5.51498244523963e-07,3.86058475235286e-07,-0,0,0,402.981394372406,0,0
85.92,100,100,99.9999981931132,7.84986287718554e-07,-1.3271851214462e-07,9.46641871529789e-08,5.40241189903061e-07,3.6816350415325e-07,-0,0,0,402.981394408701,0,0
85.94,100,100,99.9999982087449,7.78200211037863e-07,-1.30810809632925e-07,9.60344810283066e-08,5.28581175021726e-07,3.51059956853711e-07,-0,0,0,402.981394444682,0,0
85.96,100,100,99.9999982242416,7.71473217084963e-07,-1.2888003002067e-07,9.69705794716465e-08,5.16599245238893e-07,3.34869966636439e-07,-0,0,0,402.981394480352,0,0
85.98,100,100,99.9999982396043,7.64804730855218e-07,-1.26934921430237e-07,9.74668054653072e-08,5.04378601113136e-07,3.19697753917235e-07,-0,0,0,402.981394515713,0,0
86,100,100,99.9999982548342,7.5819418050122e-07,-1.24984300951642e-07,9.75219285206523e-08,4.92003393374315e-07,3.0563776844792e-07,-0,0,0,402.981394550769,0,0
86.02,100,100,99.9999982699324,7.51640997974192e-07,-1.23036966407958e-07,9.71390927357508e-08,4.79558097888931e-07,2.92774689316333e-07,-0,0,0,402.981394585521,0,0
86.04,100,100,99.9999982849002,7.45144619670565e-07,-1.21101609900725e-07,9.63257052707969e-08,4.67126745011755e-07,2.81175282726348e-07,-0,0,0,402.981394619972,0,0
86.06,100,100,99.9999982997386,7.38704487051804e-07,-1.19186733982655e-07,9.50932830484405e-08,4.54791826958289e-07,2.70898172661853e-07,-0,0,0,402.981394654126,0,0
86.08,100,100,99.9999983144487,7.32320047268462e-07,-1.17300571323507e-07,9.34572660965431e-08,4.42633958738099e-07,2.61985698666768e-07,-0,0,0,402.981394687984,0,0
86.1,100,100,99.9999983290317,7.25990753752328e-07,-1.1545100835407e-07,9.14367947586903e-08,4.30730669057482e-07,2.54462287401047e-07,-0,0,0,402.981394721548,0,0
86.12,100,100,99.9999983434887,7.19716066721126e-07,-1.13645513894595e-07,8.90544461172344e-08,4.19155795169094e-07,2.4835399396864e-07,-0,0,0,402.981394754823,0,0
86.14,100,100,99.9999983578207,7.13495453736981e-07,-1.11891073130608e-07,8.63359560265172e-08,4.07979228751372e-07,2.43647790817573e-07,-0,0,0,402.98139478781,0,0
86.16,100,100,99.9999983720289,7.07328390168114e-07,-1.10194127544139e-07,8.33099065557204e-08,3.97265721328732e-07,2.40338792615853e-07,-0,0,0,402.981394820511,0,0
86.18,100,100,99.9999983861142,7.01214359598543e-07,-1.08560521280871e-07,8.00073902836789e-08,3.87074616219986e-07,2.38402572703528e-07,-0,0,0,402.981394852929,0,0
86.2,100,100,99.9999984000778,6.9515285422441e-07,-1.06995454444926e-07,7.64616621469203e-08,3.7745958862947e-07,2.37800048424671e-07,-0,0,0,402.981394885067,0,0
86.22,100,100,99.9999984139207,6.89143375209094e-07,-1.05503443395095e-07,7.27077781359867e-08,3.68467816337025e-07,2.38477481127385e-07,-0,0,0,402.981394916927,0,0
86.24,100,100,99.9999984276439,6.83185432917524e-07,-1.04088288563768e-07,6.87822126648831e-08,3.60140023000112e-07,2.40377875271779e-07,-0,0,0,402.981394948511,0,0
86.26,100,100,99.9999984412485,6.77278547150476e-07,-1.0275304982226e-07,6.47224781076791e-08,3.52509570577785e-07,2.43426322433993e-07,-0,0,0,402.981394979822,0,0
86.28,100,100,99.9999984547354,6.71422247279767e-07,-1.01500029748681e-07,6.05667350702615e-08,3.45603205168934e-07,2.4754302885818e-07,-0,0,0,402.981395010862,0,0
86.3,100,100,99.9999984681057,6.65616072391606e-07,-1.00330764319447e-07,5.63534137899785e-08,3.39440098269145e-07,2.52636801680512e-07,-0,0,0,402.981395041634,0,0
86.32,100,100,99.9999984813604,6.59859571282359e-07,-9.92460214692958e-08,5.21208261073509e-08,3.34032071963577e-07,2.58606677373182e-07,-0,0,0,402.981395072139,0,0
86.34,100,100,99.9999984945004,6.54152302433494e-07,-9.824580721459e-08,4.79067918480516e-08,3.29383726363553e-07,2.65353320852377e-07,-0,0,0,402.98139510238,0,0
86.36,100,100,99.9999985075268,6.48493833959883e-07,-9.73293790655196e-08,4.37482818599321e-08,3.25492484188038e-07,2.72762741038314e-07,-0,0,0,402.981395132359,0,0
86.38,100,100,99.9999985204405,6.42883743494841e-07,-9.64952664881044e-08,3.9681074894553e-08,3.22348755400684e-07,2.80724203739204e-07,-0,0,0,402.98139516208,0,0
86.4,100,100,99.9999985332425,6.37321617974606e-07,-9.57412980661447e-08,3.57394249898832e-08,3.19935846344481e-07,2.89115575655278e-07,-0,0,0,402.981395191543,0,0
86.42,100,100,99.9999985459337,6.31807053369397e-07,-9.50646352121101e-08,3.19557499499382e-08,3.18230738668333e-07,2.97826122594746e-07,-0,0,0,402.981395220751,0,0
86.44,100,100,99.9999985585151,6.26339654473089e-07,-9.44618115769576e-08,2.83603604441694e-08,3.17204298505824e-07,3.06727197481852e-07,-0,0,0,402.981395249706,0,0
86.46,100,100,99.9999985709876,6.20919034505498e-07,-9.39287779369125e-08,2.49811921230297e-08,3.16821257554598e-07,3.1570643768081e-07,-0,0,0,402.981395278411,0,0
86.48,100,100,99.9999985833521,6.15544814759554e-07,-9.34609520092024e-08,2.18435798196902e-08,3.17041286284699e-07,3.24641709891851e-07,-0,0,0,402.981395306867,0,0
86.5,100,100,99.9999985956097,6.10216624192831e-07,-9.30532725262649e-08,1.89700584212477e-08,3.17819008543511e-07,3.3342553681118e-07,-0,0,0,402.981395335077,0,0
86.52,100,100,99.9999986077611,6.04934098977627e-07,-9.270025693714e-08,1.63801933646722e-08,3.19104780084865e-07,3.41937413583025e-07,-0,0,0,402.981395363044,0,0
86.54,100,100,99.9999986198073,5.9969688200709e-07,-9.23960622846792e-08,1.40904409867354e-08,3.20845162592516e-07,3.50081262011569e-07,-0,0,0,402.981395390768,0,0
86.56,100,100,99.9999986317493,5.94504622446291e-07,-9.21345484082017e-08,1.21140527150469e-08,3.22983669590099e-07,3.57754490125006e-07,-0,0,0,402.981395418252,0,0
86.58,100,100,99.9999986435878,5.89356975206611e-07,-9.19093427652677e-08,1.04610029225811e-08,3.25461123624222e-07,3.64861019727518e-07,-0,0,0,402.981395445498,0,0
86.6,100,100,99.9999986553239,5.84253600390075e-07,-9.17139064831488e-08,9.13794768527197e-09,3.28216374030255e-07,3.71317800175263e-07,-0,0,0,402.981395472509,0,0
86.62,100,100,99.9999986669582,5.79194162754456e-07,-9.15416008072932e-08,8.14822135583968e-09,3.31186857707911e-07,3.77045037712393e-07,-0,0,0,402.981395499286,0,0
86.64,100,100,99.9999986784919,5.74178331169981e-07,-9.13857533467502e-08,7.49186493600535e-09,3.34309625460348e-07,3.81975966135035e-07,-0,0,0,402.981395525831,0,0
86.66,100,100,99.9999986899257,5.69205778120945e-07,-9.12397232154347e-08,7.16569267050121e-09,3.37521394024705e-07,3.86051961459299e-07,-0,0,0,402.981395552147,0,0
86.68,100,100,99.9999987012604,5.64276179131367e-07,-9.10969648861802e-08,7.16337607261673e-09,3.40759588343147e-07,3.89222541921281e-07,-0,0,0,402.981395578235,0,0
86.7,100,100,99.999998712497,5.59389212281954e-07,-9.09510897972938e-08,7.47556965257621e-09,3.43962854980998e-07,3.91446996421059e-07,-0,0,0,402.981395604097,0,0
86.72,100,100,99.9999987236363,5.54544557695901e-07,-9.07959252653987e-08,8.09005620189577e-09,3.47071402264848e-07,3.92697641410686e-07,-0,0,0,402.981395629736,0,0
86.74,100,100,99.9999987346791,5.49741897033206e-07,-9.06255702873122e-08,8.9919156334935e-09,3.50027721652018e-07,3.929533071182e-07,-0,0,0,402.981395655152,0,0
86.76,100,100,99.9999987456262,5.44980913031828e-07,-9.04344476736005e-08,1.0163720672355e-08,3.52777214211287e-07,3.92207479767616e-07,-0,0,0,402.981395680349,0,0
86.78,100,100,99.9999987564786,5.40261289114923e-07,-9.02173520236794e-08,1.1585759445283e-08,3.55268612562215e-07,3.90460159358932e-07,-0,0,0,402.981395705328,0,0
86.8,100,100,99.9999987672369,5.35582708982725e-07,-8.99694930864355e-08,1.32362686149063e-08,3.57454274283637e-07,3.87721116556131e-07,-0,0,0,402.981395730091,0,0
86.82,100,100,99.9999987779021,5.30944856236702e-07,-8.96865343362728e-08,1.50916819216437e-08,3.59290683293207e-07,3.84016406463162e-07,-0,0,0,402.981395754639,0,0
86.84,100,100,99.999998788475,5.2634741406936e-07,-8.93646263658396e-08,1.71268961795479e-08,3.60738847837698e-07,3.7937045573998e-07,-0,0,0,402.981395778975,0,0
86.86,100,100,99.9999987989563,5.21790064945896e-07,-8.90004349944668e-08,1.93155398382213e-08,3.61764307737335e-07,3.73825603930504e-07,-0,0,0,402.981395803101,0,0
86.88,100,100,99.9999988093469,5.17272490383132e-07,-8.85911638003449e-08,2.16302578620206e-08,3.62337979493931e-07,3.67424190578653e-07,-0,0,0,402.981395827018,0,0
86.9,100,100,99.9999988196475,5.12794370751131e-07,-8.81345708866226e-08,2.4042997548767e-08,3.62435634464755e-07,3.60229725000308e-07,-0,0,0,402.981395850728,0,0
86.92,100,100,99.9999988298589,5.08355385108625e-07,-8.76289800246724e-08,2.65252944485853e-08,3.62038508163951e-07,3.52299202735359e-07,-0,0,0,402.981395874232,0,0
86.94,100,100,99.999998839982,5.03955211094018e-07,-8.70732860094795e-08,2.90485587328767e-08,3.61133429284303e-07,3.43699389987681e-07,-0,0,0,402.981395897534,0,0
86.96,100,100,99.9999988500174,4.99593524865384e-07,-8.64669542810215e-08,3.15843581130131e-08,3.5971236508147e-07,3.34510080513122e-07,-0,0,0,402.981395920634,0,0
86.98,100,100,99.999998859966,4.95270001070059e-07,-8.58100151071548e-08,3.41046919165762e-08,3.57772946885321e-07,3.24799668959552e-07,-0,0,0,402.981395943534,0,0
87,100,100,99.9999988698284,4.90984312854314e-07,-8.51030522066026e-08,3.65822551167216e-08,3.55317968509367e-07,3.14660976634794e-07,-0,0,0,402.981395966236,0,0
87.02,100,100,99.9999988796056,4.86736131929035e-07,-8.4347186331839e-08,3.89906931376358e-08,3.52355503541285e-07,3.04172168850701e-07,-0,0,0,402.981395988741,0,0
87.04,100,100,99.9999988892981,4.82525128669764e-07,-8.35440538025424e-08,4.13048415710037e-08,3.48898762792907e-07,2.934244384711e-07,-0,0,0,402.981396011052,0,0
87.06,100,100,99.9999988989068,4.78350972285384e-07,-8.26957804094506e-08,4.35009546698005e-08,3.44965632698948e-07,2.82504093027826e-07,-0,0,0,402.98139603317,0,0
87.08,100,100,99.9999989084324,4.74213330956843e-07,-8.18049509801459e-08,4.55569051273988e-08,3.40578606784295e-07,2.71499068496713e-07,-0,0,0,402.981396055096,0,0
87.1,100,100,99.9999989178756,4.70111872060072e-07,-8.08745751288871e-08,4.74523725780665e-08,3.35764417167492e-07,2.60495672409596e-07,-0,0,0,402.981396076833,0,0
87.12,100,100,99.9999989272371,4.66046262408866e-07,-7.99080494131393e-08,4.91690091563784e-08,3.30553726261272e-07,2.49583469186307e-07,-0,0,0,402.981396098382,0,0
87.14,100,100,99.9999989365177,4.62016168511518e-07,-7.89091164122229e-08,5.06905804867535e-08,3.24980465458639e-07,2.3884388102669e-07,-0,0,0,402.981396119744,0,0
87.16,100,100,99.999998945718,4.58021256823286e-07,-7.78818212883047e-08,5.2003079010629e-08,3.19081875334839e-07,2.28361587018585e-07,-0,0,0,402.981396140922,0,0
87.18,100,100,99.9999989548388,4.54061194118033e-07,-7.68304662210959e-08,5.30948292723346e-08,3.1289800835361e-07,2.18208238697855e-07,-0,0,0,402.981396161916,0,0
87.2,100,100,99.9999989638807,4.50135647787308e-07,-7.57595629719255e-08,5.3956553850839e-08,3.06470973112226e-07,2.08458744488359e-07,-0,0,0,402.981396182729,0,0
87.22,100,100,99.9999989728445,4.46244286180633e-07,-7.46737844837235e-08,5.45814193878463e-08,2.99844744958197e-07,1.9918475592596e-07,-0,0,0,402.981396203361,0,0
87.24,100,100,99.9999989817307,4.42386778979423e-07,-7.35779157107674e-08,5.49650616373564e-08,2.93064730525856e-07,1.90440011662557e-07,-0,0,0,402.981396223815,0,0
87.26,100,100,99.9999989905401,4.3856279752172e-07,-7.24768042230064e-08,5.51055770615098e-08,2.86177104402094e-07,1.82288021014029e-07,-0,0,0,402.981396244093,0,0
87.28,100,100,99.9999989992734,4.34772015204645e-07,-7.13753112234726e-08,5.50035028568391e-08,2.79228485690487e-07,1.7477438041229e-07,-0,0,0,402.981396264194,0,0
87.3,100,100,99.9999990079313,4.31014107787969e-07,-7.0278263217945e-08,5.46617577831159e-08,2.7226523333242e-07,1.67938172513264e-07,-0,0,0,402.981396284122,0,0
87.32,100,100,99.9999990165142,4.27288753742279e-07,-6.91904051331083e-08,5.40855691176604e-08,2.65333466308806e-07,1.61820108416876e-07,-0,0,0,402.981396303878,0,0
87.34,100,100,99.999999025023,4.23595634637403e-07,-6.81163549487578e-08,5.32823860853956e-08,2.58478125690722e-07,1.56442986339082e-07,-0,0,0,402.981396323462,0,0
87.36,100,100,99.9999990334583,4.19934435430125e-07,-6.70605604460155e-08,5.22617591527187e-08,2.51742863370133e-07,1.51824719163847e-07,-0,0,0,402.981396342877,0,0
87.38,100,100,99.9999990418206,4.16304844779664e-07,-6.60272584637055e-08,5.1035207962186e-08,2.45169405756371e-07,1.47981591331141e-07,-0,0,0,402.981396362124,0,0
87.4,100,100,99.9999990501107,4.12706555345269e-07,-6.50204369809221e-08,4.96160726200541e-08,2.38797431801238e-07,1.44918488172954e-07,-0,0,0,402.981396381205,0,0
87.42,100,100,99.9999990583291,4.09139264062717e-07,-6.40438003368155e-08,4.8019349997701e-08,2.32664095212846e-07,1.42630524357297e-07,-0,0,0,402.98139640012,0,0
87.44,100,100,99.9999990664764,4.05602672420761e-07,-6.31007377904667e-08,4.62615206100786e-08,2.26803835017392e-07,1.41107929220186e-07,-0,0,0,402.981396418872,0,0
87.46,100,100,99.9999990745534,4.02096486653218e-07,-6.21942957415587e-08,4.43603548164021e-08,2.21247676588929e-07,1.40331161433661e-07,-0,0,0,402.981396437462,0,0
87.48,100,100,99.9999990825605,3.98620417922911e-07,-6.13271539760495e-08,4.2334713420131e-08,2.16023486715068e-07,1.40275794337766e-07,-0,0,0,402.98139645589,0,0
87.5,100,100,99.9999990904984,3.95174182506617e-07,-6.05016058125528e-08,4.02043459745587e-08,2.11155495371668e-07,1.40914144384554e-07,-0,0,0,402.98139647416,0,0
87.52,100,100,99.9999990983677,3.91757501916838e-07,-5.97195424558625e-08,3.79896790567435e-08,2.06664072741984e-07,1.42205500474103e-07,-0,0,0,402.981396492271,0,0
87.54,100,100,99.9999991061689,3.88370102998462e-07,-5.89824415892221e-08,3.57116029340646e-08,2.02565930992446e-07,1.4410915150649e-07,-0,0,0,402.981396510225,0,0
87.56,100,100,99.9999991139027,3.85011718011482e-07,-5.82913601995832e-08,3.33912605264447e-08,1.98873515207658e-07,1.46577872605805e-07,-0,0,0,402.981396528025,0,0
87.58,100,100,99.9999991215695,3.81682084668465e-07,-5.76469316838773e-08,3.10498359053122e-08,1.95595541757274e-07,1.49561182008143e-07,-0,0,0,402.98139654567,0,0
87.6,100,100,99.9999991291701,3.78380946135482e-07,-5.70493670592851e-08,2.87083454705985e-08,1.92736454105954e-07,1.53002084173612e-07,-0,0,0,402.981396563162,0,0
87.62,100,100,99.999999136705,3.75108051009983e-07,-5.64984603955971e-08,2.63874363203624e-08,1.90296889100088e-07,1.5683869823033e-07,-0,0,0,402.981396580503,0,0
87.64,100,100,99.9999991441746,3.71863153276832e-07,-5.59935981345145e-08,2.41071933770436e-08,1.88273540853253e-07,1.61012400194409e-07,-0,0,0,402.981396597694,0,0
87.66,100,100,99.9999991515797,3.68646012220843e-07,-5.55337721690483e-08,2.18869534363527e-08,1.86659039957384e-07,1.65456423861975e-07,-0,0,0,402.981396614737,0,0
87.68,100,100,99.9999991589206,3.65456392240078e-07,-5.5117596732714e-08,1.97451190214096e-08,1.85442346718304e-07,1.70107259917148e-07,-0,0,0,402.981396631632,0,0
87.7,100,100,99.9999991661981,3.62294062732166e-07,-5.47433286499596e-08,1.76990008763724e-08,1.84609020711153e-07,1.74899770600052e-07,-0,0,0,402.98139664838,0,0
87.72,100,100,99.9999991734126,3.59158797956582e-07,-5.44088906775449e-08,1.57646743964978e-08,1.84141314413322e-07,1.79767189706814e-07,-0,0,0,402.981396664984,0,0
87.74,100,100,99.9999991805646,3.56050376817778e-07,-5.411189757845e-08,1.39568418267667e-08,1.8401833703401e-07,1.84644379477557e-07,-0,0,0,402.981396681444,0,0
87.76,100,100,99.9999991876548,3.52968582647375e-07,-5.38496847813942e-08,1.22887138370628e-08,1.84216504755183e-07,1.89467830596403e-07,-0,0,0,402.981396697762,0,0
87.78,100,100,99.9999991946836,3.49913202980383e-07,-5.36193392729936e-08,1.07719100895386e-08,1.84709463229187e-07,1.94175662191467e-07,-0,0,0,402.981396713939,0,0
87.8,100,100,99.9999992016515,3.46884029261505e-07,-5.34177323403602e-08,9.41636870622423e-09,1.85468762389791e-07,1.98707621834866e-07,-0,0,0,402.981396729975,0,0
87.82,100,100,99.9999992085591,3.43880856628508e-07,-5.32415538022417e-08,8.23028845703604e-09,1.86464182439547e-07,2.03006713986707e-07,-0,0,0,402.981396745873,0,0
87.84,100,100,99.9999992154069,3.4090348360874e-07,-5.30873473313353e-08,7.22007690710595e-09,1.87663566643557e-07,2.07020828439088e-07,-0,0,0,402.981396761633,0,0
87.86,100,100,99.9999992221954,3.37951711815785e-07,-5.29515466839781e-08,6.39031867467874e-09,1.89033805660716e-07,2.10697854984109e-07,-0,0,0,402.981396777257,0,0
87.88,100,100,99.9999992289251,3.35025345662499e-07,-5.28305122056398e-08,5.74376543008397e-09,1.90540708391888e-07,2.13993825633854e-07,-0,0,0,402.981396792746,0,0
87.9,100,100,99.9999992355966,3.32124192057754e-07,-5.27205675218445e-08,5.2813421321886e-09,1.92149558141176e-07,2.1687291462039e-07,-0,0,0,402.9813968081,0,0
87.92,100,100,99.9999992422103,3.29248060121393e-07,-5.26180358245951e-08,5.00217385754771e-09,1.93825514735922e-07,2.19296039287791e-07,-0,0,0,402.981396823322,0,0
87.94,100,100,99.9999992487667,3.26396760898949e-07,-5.25192754512679e-08,4.90362926869574e-09,1.95533976126478e-07,2.21230630756119e-07,-0,0,0,402.981396838412,0,0
87.96,100,100,99.9999992552663,3.23570107053251e-07,-5.24207144601416e-08,4.98137588712961e-09,1.97240489482238e-07,2.22657147697411e-07,-0,0,0,402.981396853372,0,0
87.98,100,100,99.9999992617097,3.2076791258697e-07,-5.23188839962915e-08,5.22945488607082e-09,1.98911865304322e-07,2.23554420339708e-07,-0,0,0,402.981396868202,0,0
88,100,100,99.9999992680972,3.17989992596015e-07,-5.22104498359489e-08,5.64037339712138e-09,2.00515583131719e-07,2.23906164243041e-07,-0,0,0,402.981396882904,0,0
88.02,100,100,99.9999992744294,3.15236162938572e-07,-5.20922422693766e-08,6.20519495480912e-09,2.02020664258084e-07,2.23712379407409e-07,-0,0,0,402.981396897478,0,0
88.04,100,100,99.9999992807068,3.12506240066777e-07,-5.19612836776412e-08,6.9136658255502e-09,2.03398058004543e-07,2.22960038280837e-07,-0,0,0,402.981396911927,0,0
88.06,100,100,99.9999992869298,3.09800040757854e-07,-5.18148137026223e-08,7.75433311887117e-09,2.04620258724897e-07,2.216621684153e-07,-0,0,0,402.981396926251,0,0
88.08,100,100,99.999999293099,3.07117381911271e-07,-5.16503119403546e-08,8.71468020338674e-09,2.05662234834477e-07,2.19822026698792e-07,-0,0,0,402.98139694045,0,0
88.1,100,100,99.9999992992147,3.04458080342682e-07,-5.14655177694423e-08,9.78126611974422e-09,2.06501009672493e-07,2.17455897571283e-07,-0,0,0,402.981396954527,0,0
88.12,100,100,99.9999993052774,3.01821952626773e-07,-5.12584474096696e-08,1.09398760877178e-08,2.07116507959504e-07,2.14583322360735e-07,-0,0,0,402.981396968482,0,0
88.14,100,100,99.9999993112877,2.99208814984156e-07,-5.10274077861794e-08,1.21756800022341e-08,2.07491210535932e-07,2.11227099283105e-07,-0,0,0,402.981396982316,0,0
88.16,100,100,99.9999993172459,2.96618483120467e-07,-5.07710073306616e-08,1.34733826843844e-08,2.07610340809139e-07,2.07416540330337e-07,-0,0,0,402.981396996031,0,0
88.18,100,100,99.9999993231526,2.94050772106114e-07,-5.04881637322867e-08,1.48173786400773e-08,2.07461931776412e-07,2.03180957494376e-07,-0,0,0,402.981397009627,0,0
88.2,100,100,99.9999993290081,2.91505496324175e-07,-5.01781085515883e-08,1.61919140678907e-08,2.07037221858161e-07,1.98564318763138e-07,-0,0,0,402.981397023105,0,0
88.22,100,100,99.999999334813,2.88982469443869e-07,-4.98403885635657e-08,1.75812473143178e-08,2.06330432396761e-07,1.93594307684571e-07,-0,0,0,402.981397036467,0,0
88.24,100,100,99.9999993405676,2.86481504391828e-07,-4.94748639824698e-08,1.89698020364735e-08,2.05338767207494e-07,1.88323034466575e-07,-0,0,0,402.981397049713,0,0
88.26,100,100,99.9999993462724,2.84002413351306e-07,-4.90817036274699e-08,2.03423164266022e-08,2.04062285669238e-07,1.82787953321081e-07,-0,0,0,402.981397062844,0,0
88.28,100,100,99.9999993519278,2.81545007714651e-07,-4.86613773127212e-08,2.1683975550707e-08,2.02503830513102e-07,1.77039546011991e-07,-0,0,0,402.981397075862,0,0
88.3,100,100,99.9999993575343,2.79109098178192e-07,-4.82146454832241e-08,2.29805560799978e-08,2.00669421879118e-07,1.71121780527222e-07,-0,0,0,402.981397088768,0,0
88.32,100,100,99.9999993630923,2.76694494828855e-07,-4.7742546023588e-08,2.42185575386699e-08,1.98567579146982e-07,1.65085138630679e-07,-0,0,0,402.981397101561,0,0
88.34,100,100,99.9999993686022,2.74301007186639e-07,-4.72463786409341e-08,2.5385313733819e-08,1.96209353069665e-07,1.58976845198272e-07,-0,0,0,402.981397114244,0,0
88.36,100,100,99.9999993740645,2.71928444331071e-07,-4.67276871299565e-08,2.64691045661794e-08,1.93608443456961e-07,1.528506388819e-07,-0,0,0,402.981397126817,0,0
88.38,100,100,99.9999993794795,2.69576615043012e-07,-4.61882393306771e-08,2.74592557673342e-08,1.90780659331157e-07,1.4674885922548e-07,-0,0,0,402.981397139282,0,0
88.4,100,100,99.9999993848477,2.67245327928703e-07,-4.56300054393993e-08,2.83462214602554e-08,1.87743851462439e-07,1.40720359548922e-07,-0,0,0,402.981397151638,0,0
88.42,100,100,99.9999993901694,2.64934391567026e-07,-4.50551346973404e-08,2.91216554845085e-08,1.84517766169814e-07,1.34810736284138e-07,-0,0,0,402.981397163888,0,0
88.44,100,100,99.9999993954452,2.62643614681456e-07,-4.44659307181919e-08,2.97784715770333e-08,1.81123657778506e-07,1.29062328975048e-07,-0,0,0,402.981397176032,0,0
88.46,100,100,99.9999994006753,2.60372806292741e-07,-4.38648259116739e-08,3.03108855911087e-08,1.77584158436035e-07,1.23519105609569e-07,-0,0,0,402.981397188071,0,0
88.48,100,100,99.9999994058603,2.58121775938994e-07,-4.32543550051647e-08,3.07144535012486e-08,1.73923132838456e-07,1.18218520399629e-07,-0,0,0,402.981397200005,0,0
88.5,100,100,99.9999994110003,2.55890333847861e-07,-4.26371280896111e-08,3.09860869899049e-08,1.70165254319006e-07,1.13194770669164e-07,-0,0,0,402.981397211837,0,0
88.52,100,100,99.999999416096,2.53678291132994e-07,-4.20158033658624e-08,3.11240586089309e-08,1.66335702079804e-07,1.08482053742108e-07,-0,0,0,402.981397223566,0,0
88.54,100,100,99.9999994211476,2.51485459974396e-07,-4.13930600885281e-08,3.11279908623549e-08,1.62460042520669e-07,1.04109681610407e-07,-0,0,0,402.981397235193,0,0
88.56,100,100,99.9999994261555,2.49311653839497e-07,-4.07715716941003e-08,3.09988386747051e-08,1.58564136761537e-07,1.00100452490016e-07,-0,0,0,402.98139724672,0,0
88.58,100,100,99.9999994311202,2.47156687684475e-07,-4.01539794410172e-08,3.07388562700739e-08,1.54673399817557e-07,9.64804214848865e-08,-0,0,0,402.981397258147,0,0
88.6,100,100,99.9999994360419,2.45020378113037e-07,-3.95428669657611e-08,3.03515459739947e-08,1.50813044040194e-07,9.3257730815003e-08,-0,0,0,402.981397269475,0,0
88.62,100,100,99.9999994409211,2.42902543591703e-07,-3.89407357849306e-08,2.98416056300863e-08,1.47007510546296e-07,9.0455178696322e-08,-0,0,0,402.981397280706,0,0
88.64,100,100,99.9999994457581,2.4080300459532e-07,-3.83499820833382e-08,2.92148553799844e-08,1.43280273995122e-07,8.80743935728406e-08,-0,0,0,402.981397291839,0,0
88.66,100,100,99.9999994505534,2.38721583774482e-07,-3.77728750918152e-08,2.84781600805322e-08,1.39653926326436e-07,8.61251461085402e-08,-0,0,0,402.981397302876,0,0
88.68,100,100,99.9999994553071,2.36658106154889e-07,-3.72115369480639e-08,2.76393495893771e-08,1.36149685842314e-07,8.4600922527433e-08,-0,0,0,402.981397313817,0,0
88.7,100,100,99.9999994600198,2.3461239921951e-07,-3.66679243975274e-08,2.67071143747196e-08,1.3278715975989e-07,8.35049797175131e-08,-0,0,0,402.981397324664,0,0
88.72,100,100,99.9999994646917,2.32584293081488e-07,-3.61438125590069e-08,2.56909115192036e-08,1.29584474845671e-07,8.28275470147988e-08,-0,0,0,402.981397335417,0,0
88.74,100,100,99.9999994693233,2.30573620579189e-07,-3.56407806348985e-08,2.46008547136522e-08,1.26557853732894e-07,8.25555968673149e-08,-0,0,0,402.981397346076,0,0
88.76,100,100,99.9999994739148,2.28580217390585e-07,-3.51601999218851e-08,2.34476057007776e-08,1.23721771381994e-07,8.26728448350924e-08,-0,0,0,402.981397356644,0,0
88.78,100,100,99.9999994784666,2.26603922088622e-07,-3.47032239590179e-08,2.22422553670532e-08,1.21088387066155e-07,8.31630064781621e-08,-0,0,0,402.98139736712,0,0
88.8,100,100,99.9999994829791,2.24644576212669e-07,-3.42707811553457e-08,2.09962084465515e-08,1.18667988284358e-07,8.40032835805673e-08,-0,0,0,402.981397377506,0,0
88.82,100,100,99.9999994874525,2.2270202434583e-07,-3.38635696378059e-08,1.97210709108296e-08,1.16468656282729e-07,8.51676210383575e-08,-0,0,0,402.981397387801,0,0
88.84,100,100,99.9999994918873,2.2077611410794e-07,-3.34820543958523e-08,1.84285267517985e-08,1.14496148960103e-07,8.66283353035851e-08,-0,0,0,402.981397398008,0,0
88.86,100,100,99.9999994962836,2.18866696169352e-07,-3.31264669254436e-08,1.71302227196848e-08,1.12754084403724e-07,8.83609997162966e-08,-0,0,0,402.981397408126,0,0
88.88,100,100,99.999999500642,2.1697362427514e-07,-3.27968070924497e-08,1.58376600207398e-08,1.11243937556588e-07,9.032978850856e-08,-0,0,0,402.981397418157,0,0
88.9,100,100,99.9999995049627,2.15096755224219e-07,-3.24928470986362e-08,1.4562084894096e-08,1.09964933534701e-07,9.25005043564401e-08,-0,0,0,402.9813974281,0,0
88.92,100,100,99.999999509246,2.13235948784935e-07,-3.22141376872199e-08,1.3314376336598e-08,1.08914003181002e-07,9.48389499360019e-08,-0,0,0,402.981397437958,0,0
88.94,100,100,99.9999995134922,2.11391067643319e-07,-3.19600165501766e-08,1.21049475912e-08,1.08086139712006e-07,9.73076710353165e-08,-0,0,0,402.981397447731,0,0
88.96,100,100,99.9999995177018,2.09561977356402e-07,-3.17296185207845e-08,1.09436571581865e-08,1.07474401811887e-07,9.98757272184425e-08,-0,0,0,402.981397457419,0,0
88.98,100,100,99.9999995218748,2.07748546257995e-07,-3.15218875130199e-08,9.83972156562165e-09,1.07069736827221e-07,1.02502407385457e-07,-0,0,0,402.981397467023,0,0
89,100,100,99.9999995260118,2.05950645330107e-07,-3.13355902585336e-08,8.80163298059381e-09,1.06861578937121e-07,1.05153514212426e-07,-0,0,0,402.981397476544,0,0
89.02,100,100,99.999999530113,2.04168148126035e-07,-3.11693314005603e-08,7.83709550863983e-09,1.06837573963648e-07,1.07793221931416e-07,-0,0,0,402.981397485983,0,0
89.04,100,100,99.9999995341786,2.02400930613604e-07,-3.10215699410719e-08,6.95295952082766e-09,1.06983925184755e-07,1.10384076330498e-07,-0,0,0,402.98139749534,0,0
89.06,100,100,99.9999995382091,2.00648871056256e-07,-3.08906368358234e-08,6.15517324090296e-09,1.07285573219976e-07,1.12893508529736e-07,-0,0,0,402.981397504616,0,0
89.08,100,100,99.9999995422047,1.98911849861181e-07,-3.07747534573117e-08,5.44874005947343e-09,1.07726207496265e-07,1.1529383498118e-07,-0,0,0,402.981397513812,0,0
89.1,100,100,99.9999995461657,1.97189749434094e-07,-3.06720508021597e-08,4.83768811036408e-09,1.08288679059297e-07,1.17550858360896e-07,-0,0,0,402.981397522928,0,0
89.12,100,100,99.9999995500924,1.95482454026376e-07,-3.05805892712427e-08,4.32504971111277e-09,1.08954931208481e-07,1.19636895120937e-07,-0,0,0,402.981397531965,0,0
89.14,100,100,99.9999995539851,1.93789849562977e-07,-3.04983786757597e-08,3.91284833147554e-09,1.09706500087066e-07,1.21522633269358e-07,-0,0,0,402.981397540924,0,0
89.16,100,100,99.999999557844,1.92111823472759e-07,-3.04233984493682e-08,3.60209653938353e-09,1.10524187187875e-07,1.23193416810187e-07,-0,0,0,402.981397549806,0,0
89.18,100,100,99.9999995616696,1.90448264523416e-07,-3.03536178501242e-08,3.39280488156836e-09,1.11388929989964e-07,1.24618305307483e-07,-0,0,0,402.981397558611,0,0
89.2,100,100,99.9999995654621,1.88799062698284e-07,-3.02870157489054e-08,3.28400684528247e-09,1.12281601166101e-07,1.2578427120927e-07,-0,0,0,402.98139756734,0,0
89.22,100,100,99.9999995692217,1.8716410899239e-07,-3.02215999235529e-08,3.27377954183755e-09,1.13183012948614e-07,1.26673401631582e-07,-0,0,0,402.981397575993,0,0
89.24,100,100,99.9999995729487,1.85543295227e-07,-3.01554259209161e-08,3.35927603863095e-09,1.14074357936894e-07,1.27277554354436e-07,-0,0,0,402.981397584571,0,0
89.26,100,100,99.9999995766435,1.83936513931445e-07,-3.00866150539426e-08,3.53677602268727e-09,1.14937605862933e-07,1.27586958713848e-07,-0,0,0,402.981397593075,0,0
89.28,100,100,99.9999995803063,1.82343658221889e-07,-3.00133713250874e-08,3.80174248924337e-09,1.15755294006164e-07,1.27591844045839e-07,-0,0,0,402.981397601505,0,0
89.3,100,100,99.9999995839374,1.80764621603822e-07,-2.99339971997363e-08,4.14887186741893e-09,1.16510669438002e-07,1.27295467238402e-07,-0,0,0,402.981397609863,0,0
89.32,100,100,99.999999587537,1.7919929789606e-07,-2.98469082941695e-08,4.57216904591359e-09,1.17188320385747e-07,1.26696199847539e-07,-0,0,0,402.981397618148,0,0
89.34,100,100,99.9999995911054,1.77647581109476e-07,-2.9750646424919e-08,5.06501861215255e-09,1.17773743305049e-07,1.25795670317248e-07,-0,0,0,402.981397626362,0,0
89.36,100,100,99.999999594643,1.76109365290427e-07,-2.96438913623785e-08,5.62025372018482e-09,1.18253635483841e-07,1.24600392423517e-07,-0,0,0,402.981397634504,0,0
89.38,100,100,99.9999995981499,1.74584544435697e-07,-2.95254710399553e-08,6.23023869707091e-09,1.18616057999619e-07,1.23116879942332e-07,-0,0,0,402.981397642576,0,0
89.4,100,100,99.9999996016264,1.73073012390297e-07,-2.93943701195934e-08,6.88695000606284e-09,1.18850652987229e-07,1.21366302645655e-07,-0,0,0,402.981397650578,0,0
89.42,100,100,99.9999996050729,1.71574662838122e-07,-2.92497368132727e-08,7.58207230441642e-09,1.18948529838376e-07,1.19351917421478e-07,-0,0,0,402.981397658511,0,0
89.44,100,100,99.9999996084895,1.70089389158672e-07,-2.9090887944588e-08,8.30707199401465e-09,1.18902270506665e-07,1.17098150929755e-07,-0,0,0,402.981397666376,0,0
89.46,100,100,99.9999996118765,1.68617084430616e-07,-2.89173124057694e-08,9.05329307274666e-09,1.18706245169586e-07,1.14619659166459e-07,-0,0,0,402.981397674172,0,0
89.48,100,100,99.9999996152343,1.67157641377378e-07,-2.8728672721293e-08,9.81204078150658e-09,1.18356399000945e-07,1.11939240347547e-07,-0,0,0,402.981397681901,0,0
89.5,100,100,99.9999996185629,1.65710952365202e-07,-2.85248049574996e-08,1.05746704268108e-08,1.17850336632615e-07,1.09081321132971e-07,-0,0,0,402.981397689563,0,0
89.52,100,100,99.9999996218628,1.64276909370385e-07,-2.83057168970421e-08,1.13326669157034e-08,1.17187217542271e-07,1.06065442850695e-07,-0,0,0,402.981397697158,0,0
89.54,100,100,99.9999996251341,1.6285540397655e-07,-2.80715846808798e-08,1.20777244150462e-08,1.16367992366039e-07,1.02919289048666e-07,-0,0,0,402.981397704688,0,0
89.56,100,100,99.9999996283771,1.61446327440607e-07,-2.78227477619043e-08,1.28018313050434e-08,1.15395140291929e-07,9.96672863868381e-08,-0,0,0,402.981397712153,0,0
89.58,100,100,99.999999631592,1.60049570683167e-07,-2.75597023187076e-08,1.34973365829737e-08,1.14272592194204e-07,9.63371184131585e-08,-0,0,0,402.981397719554,0,0
89.6,100,100,99.9999996347792,1.5866502432877e-07,-2.72830933709846e-08,1.41570177363883e-08,1.1300579394084e-07,9.29532117875809e-08,-0,0,0,402.98139772689,0,0
89.62,100,100,99.9999996379387,1.57292578766254e-07,-2.69937055864438e-08,1.47741446556144e-08,1.1160157354749e-07,8.95465069460466e-08,-0,0,0,402.981397734163,0,0
89.64,100,100,99.9999996410709,1.55932124232075e-07,-2.66924527882515e-08,1.53425394522352e-08,1.1006810181138e-07,8.61398021045123e-08,-0,0,0,402.981397741372,0,0
89.66,100,100,99.9999996441761,1.54583550843311e-07,-2.63803664468058e-08,1.58566202764709e-08,1.08414547217588e-07,8.27607808109255e-08,-0,0,0,402.98139774852,0,0
89.68,100,100,99.9999996472544,1.53246748692974e-07,-2.6058583369587e-08,1.6311447341434e-08,1.06651377206968e-07,7.94371266132336e-08,-0,0,0,402.981397755606,0,0
89.7,100,100,99.999999650306,1.51921607962056e-07,-2.5728332344665e-08,1.6702762960581e-08,1.04789869221602e-07,7.61900092833964e-08,-0,0,0,402.98139776263,0,0
89.72,100,100,99.9999996533313,1.50608018990096e-07,-2.53909203283802e-08,1.70270168557443e-08,1.02842255934658e-07,7.30438554813676e-08,-0,0,0,402.981397769594,0,0
89.74,100,100,99.9999996563304,1.49305872381691e-07,-2.50477179685627e-08,1.72813887263277e-08,1.00821275348563e-07,7.00230918671008e-08,-0,0,0,402.981397776497,0,0
89.76,100,100,99.9999996593036,1.48015059098525e-07,-2.47001449306207e-08,1.74638005524313e-08,9.87403311653668e-08,6.71440028805651e-08,-0,0,0,402.981397783341,0,0
89.78,100,100,99.9999996622511,1.4673547057837e-07,-2.43496549527152e-08,1.75729251857685e-08,9.66131866556688e-08,6.44293867377173e-08,-0,0,0,402.981397790125,0,0
89.8,100,100,99.9999996651731,1.45466998830134e-07,-2.39977207959789e-08,1.76081832327103e-08,9.44538547740926e-08,6.18938994345295e-08,-0,0,0,402.981397796851,0,0
89.82,100,100,99.9999996680699,1.44209536547156e-07,-2.3645819405042e-08,1.75697357094678e-08,9.22764937250521e-08,5.95505685229769e-08,-0,0,0,402.981397803518,0,0
89.84,100,100,99.9999996709416,1.42962977210215e-07,-2.32954172433362e-08,1.74584679499108e-08,9.00952780164367e-08,5.74205637750196e-08,-0,0,0,402.981397810128,0,0
89.86,100,100,99.9999996737885,1.41727215234549e-07,-2.29479559099905e-08,1.72759739285778e-08,8.79242686538522e-08,5.55022567466604e-08,-0,0,0,402.981397816681,0,0
89.88,100,100,99.9999996766107,1.40502146009916e-07,-2.26048384027024e-08,1.7024517476106e-08,8.57770081815938e-08,5.38135603218654e-08,-0,0,0,402.981397823177,0,0
89.9,100,100,99.9999996794086,1.39287666034142e-07,-2.22674159513686e-08,1.67070030978807e-08,8.3666808301787e-08,5.23577313886285e-08,-0,0,0,402.981397829616,0,0
89.92,100,100,99.9999996821823,1.38083672996841e-07,-2.19369756296909e-08,1.6326933920777e-08,8.1606404626677e-08,5.11347699469496e-08,-0,0,0,402.981397836,0,0
89.94,100,100,99.999999684932,1.36890065871772e-07,-2.16147288616346e-08,1.58883669243051e-08,7.9607778920677e-08,5.01528182168133e-08,-0,0,0,402.981397842329,0,0
89.96,100,100,99.999999687658,1.35706744998561e-07,-2.13018007893857e-08,1.53958627744833e-08,7.76822792022802e-08,4.94004770902412e-08,-0,0,0,402.981397848603,0,0
89.98,100,100,99.9999996903604,1.34533612139713e-07,-2.09992207822991e-08,1.48544290116346e-08,7.5840261924897e-08,4.88842603432209e-08,-0,0,0,402.981397854823,0,0
90,100,100,99.9999996930394,1.33370570573241e-07,-2.07079140218313e-08,1.4269466824374e-08,7.40911466631698e-08,4.85960257557679e-08,-0,0,0,402.981397860989,0,0
90.02,100,100,99.9999996956953,1.32217525138851e-07,-2.04286942555994e-08,1.36467089200905e-08,7.24435389909523e-08,4.85276311078978e-08,-0,0,0,402.981397867102,0,0
90.04,100,100,99.9999996983282,1.31074382310063e-07,-2.01622577280898e-08,1.29921607981045e-08,7.09047169636992e-08,4.86709341796258e-08,-0,0,0,402.981397873161,0,0
90.06,100,100,99.9999997009383,1.29941050211086e-07,-1.9909178443696e-08,1.23120332400902e-08,6.94809278689163e-08,4.90112789749798e-08,-0,0,0,402.981397879169,0,0
90.08,100,100,99.9999997035259,1.288174386431e-07,-1.96699046517345e-08,1.16126769484904e-08,6.8177195283642e-08,4.95421517179723e-08,-0,0,0,402.981397885124,0,0
90.1,100,100,99.9999997060911,1.27703459135513e-07,-1.9444756700305e-08,1.09005227401085e-08,6.69973557695911e-08,5.02440110806402e-08,-0,0,0,402.981397891028,0,0
90.12,100,100,99.9999997086341,1.26599024930305e-07,-1.92339261025903e-08,1.01820128437194e-08,6.5944146053104e-08,5.11022010670114e-08,-0,0,0,402.981397896881,0,0
90.14,100,100,99.9999997111551,1.25504051005102e-07,-1.90374758813311e-08,9.46354110775392e-09,6.50187733168572e-08,5.21004372371168e-08,-0,0,0,402.981397902683,0,0
90.16,100,100,99.9999997136543,1.2441845402056e-07,-1.8855342275811e-08,8.75138442043339e-09,6.42214770881259e-08,5.32191782629935e-08,-0,0,0,402.981397908434,0,0
90.18,100,100,99.9999997161319,1.23342152351346e-07,-1.86873375672892e-08,8.0516513118887e-09,6.35512188353147e-08,5.44388828166786e-08,-0,0,0,402.981397914137,0,0
90.2,100,100,99.999999718588,1.2227506602201e-07,-1.8533154073027e-08,7.37021943863442e-09,6.30057148167403e-08,5.5743266458203e-08,-0,0,0,402.981397919789,0,0
90.22,100,100,99.9999997210229,1.21217116668626e-07,-1.83923693161651e-08,6.71268211322163e-09,6.25816395036982e-08,5.71111594156068e-08,-0,0,0,402.981397925393,0,0
90.24,100,100,99.9999997234368,1.20168227531296e-07,-1.82644521795821e-08,6.08430488559636e-09,6.22746722259182e-08,5.85213919169303e-08,-0,0,0,402.981397930949,0,0
90.26,100,100,99.9999997258297,1.19128323371474e-07,-1.81487699122501e-08,5.48997519566971e-09,6.20792837920008e-08,5.99544226342105e-08,-0,0,0,402.981397936456,0,0
90.28,100,100,99.999999728202,1.1809733041149e-07,-1.80445961494246e-08,4.93416159550995e-09,6.1989145184305e-08,6.13907102394845e-08,-0,0,0,402.981397941915,0,0
90.3,100,100,99.9999997305537,1.17075176273476e-07,-1.7951119649114e-08,4.42087870178506e-09,6.19970775754898e-08,6.28139702927832e-08,-0,0,0,402.981397947328,0,0
90.32,100,100,99.9999997328851,1.16061789930474e-07,-1.78674536290001e-08,3.95366006459996e-09,6.20951194766219e-08,6.41997761341531e-08,-0,0,0,402.981397952693,0,0
90.34,100,100,99.9999997351962,1.15057101599382e-07,-1.77926457235661e-08,3.53552783988734e-09,6.22746903265674e-08,6.55351002116187e-08,-0,0,0,402.981397958013,0,0
90.36,100,100,99.9999997374874,1.14061042699689e-07,-1.77256883263796e-08,3.16897913226801e-09,6.25264968760278e-08,6.67971443092234e-08,-0,0,0,402.981397963286,0,0
90.38,100,100,99.9999997397587,1.13073545696157e-07,-1.76655293845322e-08,2.85595985374981e-09,6.2840783900633e-08,6.79745093189889e-08,-0,0,0,402.981397968513,0,0
90.4,100,100,99.9999997420104,1.12094544068495e-07,-1.76110834463256e-08,2.59786522173428e-09,6.32074584354709e-08,6.90509108009459e-08,-0,0,0,402.981397973695,0,0
90.42,100,100,99.9999997442426,1.11123972199936e-07,-1.75612427114132e-08,2.39553279484001e-09,6.36161706674964e-08,7.00116927591224e-08,-0,0,0,402.981397978833,0,0
90.44,100,100,99.9999997464554,1.10161765288898e-07,-1.75148881870439e-08,2.24924505045685e-09,6.40563461402032e-08,7.08438276415431e-08,-0,0,0,402.981397983926,0,0
90.46,100,100,99.9999997486491,1.09207859269615e-07,-1.74709007308243e-08,2.15873880237413e-09,6.45174440645206e-08,7.15375447842264e-08,-0,0,0,402.981397988975,0,0
90.48,100,100,99.9999997508238,1.08262190707452e-07,-1.742817180078e-08,2.12321543571365e-09,6.49889069750442e-08,7.2084701967188e-08,-0,0,0,402.98139799398,0,0
90.5,100,100,99.9999997529796,1.07324696715179e-07,-1.73856140483013e-08,2.14135952256958e-09,6.54601895078538e-08,7.24755285264462e-08,-0,0,0,402.981397998942,0,0
90.52,100,100,99.9999997551168,1.06395314832758e-07,-1.73421714730317e-08,2.2113558550061e-09,6.59211329676826e-08,7.27083960180043e-08,-0,0,0,402.981398003861,0,0
90.54,100,100,99.9999997572355,1.05473982999981e-07,-1.72968290740419e-08,2.33092540747867e-09,6.63619514009192e-08,7.27751622218775e-08,-0,0,0,402.981398008737,0,0
90.56,100,100,99.9999997593359,1.04560639444028e-07,-1.72486218505799e-08,2.49735085988482e-09,6.67731772847447e-08,7.26741986940692e-08,-0,0,0,402.981398013572,0,0
90.58,100,100,99.999999761418,1.03655222603771e-07,-1.71966432628084e-08,2.70751124133423e-09,6.71459197909081e-08,7.24038769905822e-08,-0,0,0,402.981398018364,0,0
90.6,100,100,99.9999997634821,1.02757671061348e-07,-1.71400528917012e-08,2.95792011510357e-09,6.74717734321203e-08,7.19690824434074e-08,-0,0,0,402.981398023115,0,0
90.62,100,100,99.9999997655284,1.01867923500257e-07,-1.70780833509691e-08,3.24477007462117e-09,6.77432779827647e-08,7.13698150525448e-08,-0,0,0,402.981398027825,0,0
90.64,100,100,99.9999997675569,1.00985918640479e-07,-1.70100462479167e-08,3.5639747291389e-09,6.79533854724362e-08,7.0612588593982e-08,-0,0,0,402.981398032494,0,0
90.66,100,100,99.9999997695679,1.00111595171852e-07,-1.69353373636975e-08,3.91121147712006e-09,6.80959926116918e-08,6.97006599557127e-08,-0,0,0,402.981398037123,0,0
90.68,100,100,99.9999997715614,9.92448917175021e-08,-1.68534408924803e-08,4.28196945697359e-09,6.81657409490719e-08,6.86421713577217e-08,-0,0,0,402.981398041711,0,0
90.7,100,100,99.9999997735377,9.83857467919683e-08,-1.67639327310682e-08,4.67159645947671e-09,6.81581427721844e-08,6.74436365759964e-08,-0,0,0,402.98139804626,0,0
90.72,100,100,99.9999997754969,9.75340987728763e-08,-1.66664828409163e-08,5.07534740395378e-09,6.80696491565041e-08,6.6121340050506e-08,-0,0,0,402.98139805077,0,0
90.74,100,100,99.9999997774391,9.66898858869576e-08,-1.65608565877419e-08,5.4884338382136e-09,6.78974797635183e-08,6.46785386692444e-08,-0,0,0,402.981398055241,0,0
90.76,100,100,99.9999997793645,9.58530461665897e-08,-1.64469151936523e-08,5.90606715614699e-09,6.7639948468484e-08,6.31298884281836e-08,-0,0,0,402.981398059673,0,0
90.78,100,100,99.9999997812733,9.50235174796823e-08,-1.6324615206783e-08,6.32351148327397e-09,6.7296140634448e-08,6.14916737672929e-08,-0,0,0,402.981398064066,0,0
90.8,100,100,99.9999997831655,9.42012375064039e-08,-1.61940070045941e-08,6.73612535402828e-09,6.68660566375708e-08,5.97720369065566e-08,-0,0,0,402.981398068422,0,0
90.82,100,100,99.9999997850414,9.33861437220573e-08,-1.60552325352578e-08,7.13940168200862e-09,6.63506478343464e-08,5.79856338419471e-08,-0,0,0,402.98139807274,0,0
90.84,100,100,99.999999786901,9.25781734441653e-08,-1.59085221352898e-08,7.52901474231418e-09,6.57515877964937e-08,5.61503774574303e-08,-0,0,0,402.98139807702,0,0
90.86,100,100,99.9999997887445,9.17772638352235e-08,-1.57541905518222e-08,7.90085639637194e-09,6.5071527414776e-08,5.42792953049815e-08,-0,0,0,402.981398081264,0,0
90.88,100,100,99.9999997905721,9.09833519278034e-08,-1.55926322079463e-08,8.25107205739553e-09,6.43138784371678e-08,5.23870433805728e-08,-0,0,0,402.981398085471,0,0
90.9,100,100,99.9999997923839,9.01963746957708e-08,-1.54243157573094e-08,8.57609998361773e-09,6.34827899701497e-08,5.04882776801766e-08,-0,0,0,402.981398089641,0,0
90.92,100,100,99.99999979418,8.94162690502676e-08,-1.5249777961722e-08,8.87269397459964e-09,6.25830742258033e-08,4.85976541997649e-08,-0,0,0,402.981398093775,0,0
90.94,100,100,99.9999997959606,8.86429718994074e-08,-1.50696171137007e-08,9.13795211610282e-09,6.16202132527948e-08,4.67314573793068e-08,-0,0,0,402.981398097874,0,0
90.96,100,100,99.9999997977258,8.78764201904991e-08,-1.48844859080939e-08,9.36933803087285e-09,6.06001214880274e-08,4.49027147707776e-08,-0,0,0,402.981398101937,0,0
90.98,100,100,99.9999997994757,8.71165509394995e-08,-1.46950839971475e-08,9.56469563238939e-09,5.95292421175519e-08,4.31195685941619e-08,-0,0,0,402.981398105965,0,0
91,100,100,99.9999998012105,8.63633012910688e-08,-1.45021502288892e-08,9.72226427307266e-09,5.84144972182366e-08,4.13999317334257e-08,-0,0,0,402.981398109958,0,0
91.02,100,100,99.9999998029303,8.56166085887435e-08,-1.43064545984652e-08,9.84069088738686e-09,5.72630783389058e-08,3.97568317405442e-08,-0,0,0,402.981398113917,0,0
91.04,100,100,99.9999998046352,8.48764104462351e-08,-1.41087900130652e-08,9.91903781114231e-09,5.60826042332953e-08,3.81951539475081e-08,-0,0,0,402.981398117841,0,0
91.06,100,100,99.9999998063254,8.41426447795598e-08,-1.39099640135325e-08,9.9567799307362e-09,5.48806777200341e-08,3.67295543502897e-08,-0,0,0,402.981398121731,0,0
91.08,100,100,99.999999808001,8.34152498647389e-08,-1.37107905055134e-08,9.95380181489584e-09,5.36650211595086e-08,3.53649182808797e-08,-0,0,0,402.981398125588,0,0
91.1,100,100,99.9999998096621,8.26941643921788e-08,-1.35120817170097e-08,9.91039058417594e-09,5.24434730546065e-08,3.41159017352503e-08,-0,0,0,402.981398129411,0,0
91.12,100,100,99.9999998113088,8.19793275602563e-08,-1.33146400889908e-08,9.8272310027879e-09,5.12238000965757e-08,3.29825047134014e-08,-0,0,0,402.981398133202,0,0
91.14,100,100,99.9999998129413,8.12706790977889e-08,-1.31192505821061e-08,9.70538586633506e-09,5.00136384800582e-08,3.19696125473238e-08,-0,0,0,402.981398136959,0,0
91.16,100,100,99.9999998145596,8.05681593296092e-08,-1.29266732494926e-08,9.54628014087863e-09,4.88203938728793e-08,3.10869959009989e-08,-0,0,0,402.981398140684,0,0
91.18,100,100,99.999999816164,7.98717092481813e-08,-1.27376361636359e-08,9.35168318798122e-09,4.76512890091078e-08,3.03297694424361e-08,-0,0,0,402.981398144377,0,0
91.2,100,100,99.9999998177546,7.91812705380933e-08,-1.25528288004535e-08,9.12368088836853e-09,4.65131181244977e-08,2.97060753916198e-08,-0,0,0,402.981398148038,0,0
91.22,100,100,99.9999998193313,7.84967856389611e-08,-1.23728959413741e-08,8.86465187543889e-09,4.54123400001284e-08,2.92126568605563e-08,-0,0,0,402.981398151667,0,0
91.24,100,100,99.9999998208945,7.78181977914778e-08,-1.2198432093578e-08,8.57723924458547e-09,4.4355015007596e-08,2.88495138492455e-08,-0,0,0,402.981398155264,0,0
91.26,100,100,99.9999998224441,7.71454510724945e-08,-1.20299765389207e-08,8.2643191514088e-09,4.33465844033072e-08,2.86117610256968e-08,-0,0,0,402.981398158831,0,0
91.28,100,100,99.9999998239803,7.64784904219237e-08,-1.18680089757019e-08,7.92896707910838e-09,4.23920154867269e-08,2.84977699459131e-08,-0,0,0,402.981398162367,0,0
91.3,100,100,99.9999998255033,7.58172616675357e-08,-1.17129458758632e-08,7.57442324987399e-09,4.14955689598044e-08,2.85042837219007e-08,-0,0,0,402.981398165872,0,0
91.32,100,100,99.999999827013,7.51617115512e-08,-1.15651375733436e-08,7.20405820682531e-09,4.06610375398889e-08,2.86264170216689e-08,-0,0,0,402.981398169347,0,0
91.34,100,100,99.9999998285098,7.45117877685863e-08,-1.14248659398456e-08,6.82134058674749e-09,3.98916385895451e-08,2.88527707372393e-08,-0,0,0,402.981398172792,0,0
91.36,100,100,99.9999998299936,7.38674389854426e-08,-1.12923427818202e-08,6.42980168041342e-09,3.91897313697052e-08,2.91768310926243e-08,-0,0,0,402.981398176206,0,0
91.38,100,100,99.9999998314645,7.32286148080832e-08,-1.11677090119552e-08,6.03299363105031e-09,3.85571233586182e-08,2.95937127558331e-08,-0,0,0,402.981398179592,0,0
91.4,100,100,99.9999998329227,7.25952658178174e-08,-1.1051034529549e-08,5.63445930132946e-09,3.79948910830672e-08,3.00903881748904e-08,-0,0,0,402.981398182948,0,0
91.42,100,100,99.9999998343684,7.19673435652871e-08,-1.09423187861065e-08,5.2376972800959e-09,3.75034621672994e-08,3.06636004618025e-08,-0,0,0,402.981398186275,0,0
91.44,100,100,99.9999998358015,7.13448005492029e-08,-1.08414919822497e-08,4.84612620053158e-09,3.70825184955635e-08,3.12954367326033e-08,-0,0,0,402.981398189573,0,0
91.46,100,100,99.9999998372222,7.072759020138e-08,-1.0748417025782e-08,4.46305252836563e-09,3.67312758799001e-08,3.19793832113052e-08,-0,0,0,402.981398192843,0,0
91.48,100,100,99.9999998386306,7.01156669051483e-08,-1.06628920189602e-08,4.09164604490001e-09,3.64481931247514e-08,3.2702412345933e-08,-0,0,0,402.981398196084,0,0
91.5,100,100,99.9999998400268,6.95089859178533e-08,-1.05846533343921e-08,3.73490253452193e-09,3.62309713975691e-08,3.34547534725051e-08,-0,0,0,402.981398199298,0,0
91.52,100,100,99.999999841411,6.89075033750079e-08,-1.05133793776024e-08,3.39562286103759e-09,3.60770749753019e-08,3.42298928150339e-08,-0,0,0,402.981398202483,0,0
91.54,100,100,99.9999998427832,6.83111762980007e-08,-1.04486946060003e-08,3.07639525172264e-09,3.59832710942649e-08,3.50099174895535e-08,-0,0,0,402.981398205642,0,0
91.56,100,100,99.9999998441435,6.77199624972812e-08,-1.03901741245375e-08,2.77956406533623e-09,3.59458049480353e-08,3.57850568320823e-08,-0,0,0,402.981398208772,0,0
91.58,100,100,99.999999845492,6.71338205442704e-08,-1.03373486897377e-08,2.50721301298648e-09,3.59603384166011e-08,3.65487970666328e-08,-0,0,0,402.981398211876,0,0
91.6,100,100,99.9999998468289,6.65527097370834e-08,-1.02897101749937e-08,2.26115096921671e-09,3.60224109581404e-08,3.72848537532358e-08,-0,0,0,402.981398214953,0,0
91.62,100,100,99.9999998481541,6.59765900576253e-08,-1.02467170790492e-08,2.04289940019329e-09,3.61270301080394e-08,3.79915984478945e-08,-0,0,0,402.981398218003,0,0
91.64,100,100,99.999999849468,6.54054221475631e-08,-1.02078004253652e-08,1.85368648484637e-09,3.62689773805044e-08,3.86511182666427e-08,-0,0,0,402.981398221027,0,0
91.66,100,100,99.9999998507704,6.48391672215938e-08,-1.01723697123704e-08,1.69443428234788e-09,3.64428166264325e-08,3.92585278774899e-08,-0,0,0,402.981398224024,0,0
91.68,100,100,99.9999998520615,6.42777870384997e-08,-1.01398190401055e-08,1.56575863960513e-09,3.6642794833332e-08,3.98105703924422e-08,-0,0,0,402.981398226996,0,0
91.7,100,100,99.9999998533415,6.37212438523892e-08,-1.01095332798687e-08,1.46796910993901e-09,3.68631956466158e-08,4.02925898155273e-08,-0,0,0,402.981398229942,0,0
91.72,100,100,99.9999998546104,6.31695003479723e-08,-1.00808941796159e-08,1.40106927734744e-09,3.70981316298194e-08,4.07013292587516e-08,-0,0,0,402.981398232862,0,0
91.74,100,100,99.9999998558684,6.26225195819527e-08,-1.00532864153109e-08,1.36476101367253e-09,3.7341693163728e-08,4.10302749461272e-08,-0,0,0,402.981398235757,0,0
91.76,100,100,99.9999998571154,6.20802649626533e-08,-1.00261035611857e-08,1.35845776671699e-09,3.7588193543161e-08,4.12794268776544e-08,-0,0,0,402.981398238628,0,0
91.78,100,100,99.9999998583516,6.15427002046091e-08,-9.99875368346134e-09,1.38129596918134e-09,3.78319459131334e-08,4.14406428333484e-08,-0,0,0,402.981398241473,0,0
91.8,100,100,99.9999998595771,6.10097892634408e-08,-9.9706648242626e-09,1.432145769207e-09,3.80673669427146e-08,4.15106659252155e-08,-0,0,0,402.981398244294,0,0
91.82,100,100,99.999999860792,6.04814962753188e-08,-9.94129018291766e-09,1.50962453641371e-09,3.82891306969463e-08,4.14894961532557e-08,-0,0,0,402.98139824709,0,0
91.84,100,100,99.9999998619964,5.99577855543782e-08,-9.91011292166931e-09,1.61212147517765e-09,3.84922886221759e-08,4.13738766294751e-08,-0,0,0,402.981398249862,0,0
91.86,100,100,99.9999998631903,5.94386215361173e-08,-9.87665056478044e-09,1.73781492312906e-09,3.86720011849337e-08,4.11686926858645e-08,-0,0,0,402.98139825261,0,0
91.88,100,100,99.999999864374,5.89239687112585e-08,-9.84045902560155e-09,1.88468941371728e-09,3.88237760657964e-08,4.08706874344301e-08,-0,0,0,402.981398255334,0,0
91.9,100,100,99.9999998655473,5.8413791609972e-08,-9.80113624959742e-09,2.05056196828965e-09,3.8943747377123e-08,4.04831177631657e-08,-0,0,0,402.981398258035,0,0
91.92,100,100,99.9999998667106,5.7908054797202e-08,-9.75832528819968e-09,2.23311064000096e-09,3.90281367523204e-08,4.0010869004062e-08,-0,0,0,402.981398260713,0,0
91.94,100,100,99.9999998678637,5.74067228114733e-08,-9.71171686622986e-09,2.42989426373128e-09,3.90738658653914e-08,3.9453941157119e-08,-0,0,0,402.981398263367,0,0
91.96,100,100,99.9999998690069,5.69097601563939e-08,-9.66105146235555e-09,2.63838080738978e-09,3.90781792454921e-08,3.88204764423213e-08,-0,0,0,402.981398265998,0,0
91.98,100,100,99.9999998701401,5.64171312762661e-08,-9.60612090316323e-09,2.85597298693726e-09,3.90388310849946e-08,3.81137317476626e-08,-0,0,0,402.981398268607,0,0
92,100,100,99.9999998712636,5.59288005637218e-08,-9.54676937771561e-09,3.08003848644026e-09,3.89542285674147e-08,3.73369639611369e-08,-0,0,0,402.981398271192,0,0
92.02,100,100,99.9999998723773,5.54447323464787e-08,-9.48289382378391e-09,3.3079358007228e-09,3.88230917286962e-08,3.65015721907224e-08,-0,0,0,402.981398273756,0,0
92.04,100,100,99.9999998734814,5.49648908535411e-08,-9.41444394630115e-09,3.53703595623946e-09,3.86446250682316e-08,3.56124417684099e-08,-0,0,0,402.981398276297,0,0
92.06,100,100,99.9999998745759,5.44892402225623e-08,-9.34142166233906e-09,3.76474955692552e-09,3.84186446105598e-08,3.46712011381963e-08,-0,0,0,402.981398278817,0,0
92.08,100,100,99.999999875661,5.4017744493068e-08,-9.26388010114301e-09,3.98855010584065e-09,3.81454198538966e-08,3.36957631840477e-08,-0,0,0,402.981398281315,0,0
92.1,100,100,99.9999998767367,5.35503676486851e-08,-9.18192203097768e-09,4.20600339145769e-09,3.78256872122724e-08,3.26861279059639e-08,-0,0,0,402.98139828379,0,0
92.12,100,100,99.999999877803,5.30870735885074e-08,-9.09569785637625e-09,4.41478355069921e-09,3.74607173426519e-08,3.16520659679265e-08,-0,0,0,402.981398286245,0,0
92.14,100,100,99.9999998788602,5.26278261369139e-08,-9.00540323933355e-09,4.61269336171794e-09,3.70519416037331e-08,3.060171958992e-08,-0,0,0,402.981398288678,0,0
92.16,100,100,99.9999998799082,5.21725890550219e-08,-8.91127636132057e-09,4.79768272864643e-09,3.66016297408953e-08,2.95464878799227e-08,-0,0,0,402.981398291091,0,0
92.18,100,100,99.9999998809471,5.1721326127478e-08,-8.81359467166496e-09,4.96787674393078e-09,3.6112286686043e-08,2.84928846139224e-08,-0,0,0,402.981398293482,0,0
92.2,100,100,99.999999881977,5.12740011196052e-08,-8.7126713355384e-09,5.12158037318854e-09,3.55866963393937e-08,2.74474235679066e-08,-0,0,0,402.981398295853,0,0
92.22,100,100,99.9999998829981,5.08305778218897e-08,-8.60885149329356e-09,5.2572949774471e-09,3.50280207857326e-08,2.64182469618599e-08,-0,0,0,402.981398298203,0,0
92.24,100,100,99.9999998840103,5.03910200568225e-08,-8.50250820970545e-09,5.37372609964614e-09,3.44396576094242e-08,2.5410240127773e-08,-0,0,0,402.981398300533,0,0
92.26,100,100,99.9999998850138,4.99552917108904e-08,-8.39403831873983e-09,5.46979297309385e-09,3.38252572778981e-08,2.44331737296274e-08,-0,0,0,402.981398302843,0,0
92.28,100,100,99.9999998860085,4.95233567798793e-08,-8.28385808453993e-09,5.54463762242835e-09,3.31887405633657e-08,2.34951899874077e-08,-0,0,0,402.981398305133,0,0
92.3,100,100,99.9999998869947,4.90951793893945e-08,-8.17239863976067e-09,5.59762727310265e-09,3.25341799066143e-08,2.26011742331045e-08,-0,0,0,402.981398307403,0,0
92.32,100,100,99.9999998879724,4.86707238390038e-08,-8.06010151099458e-09,5.62835839580964e-09,3.18657688905424e-08,2.17560117987085e-08,-0,0,0,402.981398309653,0,0
92.34,100,100,99.9999998889415,4.82499546228544e-08,-7.94741400278083e-09,5.63665439298463e-09,3.11877819790874e-08,2.09678449042044e-08,-0,0,0,402.981398311884,0,0
92.36,100,100,99.9999998899024,4.78328364740086e-08,-7.83478469199449e-09,5.62256499866056e-09,3.05044775425002e-08,2.02350451055952e-08,-0,0,0,402.981398314095,0,0
92.38,100,100,99.9999998908549,4.74193343666034e-08,-7.72265897776806e-09,5.5863567258069e-09,2.98201579293866e-08,1.95690115108593e-08,-0,0,0,402.981398316288,0,0
92.4,100,100,99.9999998917992,4.70094135896612e-08,-7.61147476461361e-09,5.52851294405456e-09,2.91390714059752e-08,1.89681156759998e-08,-0,0,0,402.981398318461,0,0
92.42,100,100,99.9999998927353,4.66030397566913e-08,-7.50165821971235e-09,5.4497216182828e-09,2.84654216056322e-08,1.84356144890104e-08,-0,0,0,402.981398320616,0,0
92.44,100,100,99.9999998936633,4.62001788395584e-08,-7.39361977398547e-09,5.35086537133676e-09,2.78032110972949e-08,1.7976393281882e-08,-0,0,0,402.981398322752,0,0
92.46,100,100,99.9999998945833,4.5800797219921e-08,-7.28775034095081e-09,5.23301290941603e-09,2.71564270066534e-08,1.75871951666207e-08,-0,0,0,402.981398324869,0,0
92.48,100,100,99.9999998954954,4.54048616614036e-08,-7.18441777393566e-09,5.09739628045725e-09,2.65285046725226e-08,1.72680201432264e-08,-0,0,0,402.981398326969,0,0
92.5,100,100,99.9999998963995,4.50123393554356e-08,-7.08396378329777e-09,4.94539933293486e-09,2.59229886334665e-08,1.702375354369e-08,-0,0,0,402.98139832905,0,0
92.52,100,100,99.9999998972959,4.46231979638679e-08,-6.98670093174929e-09,4.77854436306581e-09,2.5342983811913e-08,1.68478815920238e-08,-0,0,0,402.981398331113,0,0
92.54,100,100,99.9999998981845,4.42374056120077e-08,-6.8929101897026e-09,4.59847048659208e-09,2.47913789271042e-08,1.67452896202185e-08,-0,0,0,402.981398333158,0,0
92.56,100,100,99.9999998990654,4.38549309635136e-08,-6.80283863797071e-09,4.40692448372867e-09,2.42709079557468e-08,1.67062069642927e-08,-0,0,0,402.981398335185,0,0
92.58,100,100,99.9999998999387,4.34757431715588e-08,-6.71669756916567e-09,4.20573140274316e-09,2.37836250694597e-08,1.67322620682433e-08,-0,0,0,402.981398337195,0,0
92.6,100,100,99.9999999008045,4.30998119009573e-08,-6.63466115223249e-09,3.99677699564425e-09,2.33314134390857e-08,1.68201980440764e-08,-0,0,0,402.981398339188,0,0
92.62,100,100,99.9999999016627,4.27271073511516e-08,-6.55686538603396e-09,3.78199036152934e-09,2.29158246974234e-08,1.69635011158044e-08,-0,0,0,402.981398341163,0,0
92.64,100,100,99.9999999025136,4.2357600253688e-08,-6.48340741933168e-09,3.56332284422489e-09,2.2538014639492e-08,1.71572859514366e-08,-0,0,0,402.981398343121,0,0
92.66,100,100,99.9999999033571,4.19912618767206e-08,-6.41434531043006e-09,3.34272877104688e-09,2.21987675437038e-08,1.7401552550973e-08,-0,0,0,402.981398345062,0,0
92.68,100,100,99.9999999041932,4.16280640501808e-08,-6.34969813959482e-09,3.1221502910777e-09,2.18985153834633e-08,1.76897871384259e-08,-0,0,0,402.981398346987,0,0
92.7,100,100,99.9999999050222,4.12679791510686e-08,-6.28944643537194e-09,2.90349662436202e-09,2.16374196200136e-08,1.80138474938109e-08,-0,0,0,402.981398348895,0,0
92.72,100,100,99.999999905844,4.09109800876216e-08,-6.23353302597324e-09,2.68862434497188e-09,2.1415036142054e-08,1.83672198411402e-08,-0,0,0,402.981398350786,0,0
92.74,100,100,99.9999999066587,4.05570402863116e-08,-6.18186429780442e-09,2.47931954411548e-09,2.12308106457883e-08,1.87499041804139e-08,-0,0,0,402.981398352661,0,0
92.76,100,100,99.9999999074663,4.02061337211382e-08,-6.13431168936683e-09,2.27728807386841e-09,2.10836947488148e-08,1.91472445156598e-08,-0,0,0,402.98139835452,0,0
92.78,100,100,99.9999999082669,3.98582348153064e-08,-6.09071357709773e-09,2.08412683721435e-09,2.09722415168486e-08,1.95624977348717e-08,-0,0,0,402.981398356362,0,0
92.8,100,100,99.9999999090606,3.95133185139509e-08,-6.05087748274304e-09,1.90132448822982e-09,2.08949683814234e-08,1.99810078420774e-08,-0,0,0,402.981398358189,0,0
92.82,100,100,99.9999999098475,3.91713602181503e-08,-6.01458240107874e-09,1.73024114898471e-09,2.08498991057453e-08,2.04044032812738e-08,-0,0,0,402.98139836,0,0
92.84,100,100,99.9999999106275,3.88323357927331e-08,-5.98158146252343e-09,1.57210202763215e-09,2.08349013548299e-08,2.08245418324764e-08,-0,0,0,402.981398361795,0,0
92.86,100,100,99.9999999114008,3.84962215262119e-08,-5.95160474843002e-09,1.42798503678855e-09,2.08474358980776e-08,2.12283959437099e-08,-0,0,0,402.981398363575,0,0
92.88,100,100,99.9999999121674,3.81629940661498e-08,-5.92436238979745e-09,1.29880651377539e-09,2.08848880778916e-08,2.16192225029681e-08,-0,0,0,402.981398365339,0,0
92.9,100,100,99.9999999129274,3.78326304552024e-08,-5.89954775432413e-09,1.18532502809697e-09,2.09444221201873e-08,2.19872508462696e-08,-0,0,0,402.981398367088,0,0
92.92,100,100,99.9999999136807,3.75051080742762e-08,-5.87684071334783e-09,1.08813199361164e-09,2.10231254800593e-08,2.23324809736144e-08,-0,0,0,402.981398368822,0,0
92.94,100,100,99.9999999144276,3.71804046320037e-08,-5.85591096188803e-09,1.00765155646284e-09,2.11178872487899e-08,2.2645142221021e-08,-0,0,0,402.981398370541,0,0
92.96,100,100,99.999999915168,3.68584981365668e-08,-5.83642142630919e-09,9.44139515703151e-10,2.12255858217089e-08,2.29219777004956e-08,-0,0,0,402.981398372245,0,0
92.98,100,100,99.9999999159019,3.65393668633485e-08,-5.81803159123074e-09,8.97683120395714e-10,2.13431125416964e-08,2.31629874120382e-08,-0,0,0,402.981398373934,0,0
93,100,100,99.9999999166296,3.62229893465011e-08,-5.80040080872803e-09,8.68206379387745e-10,2.14670983283047e-08,2.33584006916673e-08,-0,0,0,402.981398375609,0,0
93.02,100,100,99.9999999173509,3.59093442834756e-08,-5.78319168634206e-09,8.55463092401836e-10,2.15943271380742e-08,2.35114744273768e-08,-0,0,0,402.981398377269,0,0
93.04,100,100,99.999999918066,3.55984105792172e-08,-5.76607330290203e-09,8.59053816132254e-10,2.17217360959109e-08,2.36173232871759e-08,-0,0,0,402.981398378915,0,0
93.06,100,100,99.9999999187748,3.52901672939598e-08,-5.7487242217096e-09,8.78428394257825e-10,2.18460917157885e-08,2.36743188270677e-08,-0,0,0,402.981398380547,0,0
93.08,100,100,99.9999999194776,3.49845936054817e-08,-5.73083548456133e-09,9.12892251887088e-10,2.1964493334703e-08,2.36840894910492e-08,-0,0,0,402.981398382164,0,0
93.1,100,100,99.9999999201742,3.46816688408739e-08,-5.712113324002e-09,9.61624804102509e-10,2.20741537390292e-08,2.36384930591357e-08,-0,0,0,402.981398383768,0,0
93.12,100,100,99.9999999208649,3.43813723804726e-08,-5.69228162722375e-09,1.02367797292323e-09,2.21722614195172e-08,2.35473001953088e-08,-0,0,0,402.981398385357,0,0
93.14,100,100,99.9999999215495,3.40836836904998e-08,-5.67108436891197e-09,1.09799660611706e-09,2.22563914861222e-08,2.34007402355869e-08,-0,0,0,402.981398386933,0,0
93.16,100,100,99.9999999222282,3.37885822744913e-08,-5.64828763906187e-09,1.183426082611e-09,2.23241376909849e-08,2.32053269559578e-08,-0,0,0,402.981398388495,0,0
93.18,100,100,99.9999999229011,3.34960476452168e-08,-5.62368150873128e-09,1.27872380578031e-09,2.23733721658632e-08,2.29626888004183e-08,-0,0,0,402.981398390044,0,0
93.2,100,100,99.9999999235681,3.32060593158662e-08,-5.59708163744391e-09,1.38257413458806e-09,2.24021562633721e-08,2.26728257689685e-08,-0,0,0,402.981398391579,0,0
93.22,100,100,99.9999999242293,3.29185968061507e-08,-5.56833063596304e-09,1.49360591506578e-09,2.24089912380351e-08,2.23389947496021e-08,-0,0,0,402.981398393101,0,0
93.24,100,100,99.9999999248848,3.26336396326923e-08,-5.53729891448682e-09,1.61040700786951e-09,2.23924752013359e-08,2.1962824186316e-08,-0,0,0,402.98139839461,0,0
93.26,100,100,99.9999999255347,3.23511672713543e-08,-5.50388549757804e-09,1.73153448431652e-09,2.23514365205607e-08,2.15475709671041e-08,-0,0,0,402.981398396106,0,0
93.28,100,100,99.9999999261789,3.20711591549365e-08,-5.4680184196489e-09,1.85553001858137e-09,2.22850955230662e-08,2.10964919799602e-08,-0,0,0,402.981398397589,0,0
93.3,100,100,99.9999999268176,3.1793594683702e-08,-5.42965488810444e-09,1.98093693050115e-09,2.21928978445326e-08,2.06144725568751e-08,-0,0,0,402.981398399059,0,0
93.32,100,100,99.9999999274507,3.151845320523e-08,-5.38878115293642e-09,2.10631162898774e-09,2.20744455349297e-08,2.01015126978487e-08,-0,0,0,402.981398400516,0,0
93.34,100,100,99.9999999280783,3.12457140127911e-08,-5.34541210258243e-09,2.23023733515612e-09,2.19299130643177e-08,1.95673830668624e-08,-0,0,0,402.981398401961,0,0
93.36,100,100,99.9999999287005,3.09753564040249e-08,-5.29959045938645e-09,2.35134640622779e-09,2.17595459896126e-08,1.90120836639163e-08,-0,0,0,402.981398403393,0,0
93.38,100,100,99.9999999293174,3.07073596171342e-08,-5.25138584116486e-09,2.46832204193133e-09,2.15638755545214e-08,1.84421282649981e-08,-0,0,0,402.981398404813,0,0
93.4,100,100,99.9999999299288,3.04417028673157e-08,-5.20089351100047e-09,2.57991502389069e-09,2.13437128044323e-08,1.78624022020983e-08,-0,0,0,402.981398406221,0,0
93.42,100,100,99.999999930535,3.01783653474614e-08,-5.14823297990026e-09,2.6849536093197e-09,2.11000252364586e-08,1.72745339192141e-08,-0,0,0,402.981398407616,0,0
93.44,100,100,99.999999931136,2.99173262289135e-08,-5.09354634993096e-09,2.78235213504616e-09,2.08341404202217e-08,1.66866656363298e-08,-0,0,0,402.981398408999,0,0
93.46,100,100,99.9999999317318,2.965856469619e-08,-5.03699645629068e-09,2.87112376571615e-09,2.05474910889917e-08,1.60987973534455e-08,-0,0,0,402.981398410371,0,0
93.48,100,100,99.9999999323224,2.94020599415051e-08,-4.97876485596527e-09,2.95038542641152e-09,2.02417507021364e-08,1.55206997345427e-08,-0,0,0,402.98139841173,0,0
93.5,100,100,99.9999999329079,2.91477911731807e-08,-4.91904966086617e-09,3.01936356372625e-09,1.99186056110839e-08,1.49523727796214e-08,-0,0,0,402.981398413078,0,0
93.52,100,100,99.9999999334883,2.88957376343676e-08,-4.85806332455685e-09,3.07740035614615e-09,1.95801958860118e-08,1.44003302646691e-08,-0,0,0,402.981398414414,0,0
93.54,100,100,99.9999999340637,2.86458786511033e-08,-4.79603020996084e-09,3.12396302819747e-09,1.92286104627367e-08,1.38662006336829e-08,-0,0,0,402.981398415738,0,0
93.56,100,100,99.9999999346341,2.83981936000303e-08,-4.73318411943215e-09,3.15863884431803e-09,1.88658543373164e-08,1.33516123306595e-08,-0,0,0,402.981398417051,0,0
93.58,100,100,99.9999999351996,2.81526619161448e-08,-4.66976592373149e-09,3.18113550226869e-09,1.84943149297493e-08,1.28679644635775e-08,-0,0,0,402.981398418353,0,0
93.6,100,100,99.9999999357603,2.79092631895313e-08,-4.60602101271235e-09,3.19129433991269e-09,1.81163598142993e-08,1.24103717004459e-08,-0,0,0,402.981398419643,0,0
93.62,100,100,99.999999936316,2.76679771173753e-08,-4.5421967104637e-09,3.18907877445337e-09,1.77343305340296e-08,1.19837193732557e-08,-0,0,0,402.981398420922,0,0
93.64,100,100,99.999999936867,2.74287835293677e-08,-4.47853985953488e-09,3.17457363868576e-09,1.73505033393449e-08,1.15928928139975e-08,-0,0,0,402.981398422191,0,0
93.66,100,100,99.9999999374132,2.71916624238376e-08,-4.41529439166274e-09,3.14798504370772e-09,1.69673928315639e-08,1.12378920226712e-08,-0,0,0,402.981398423448,0,0
93.68,100,100,99.9999999379547,2.69565940043622e-08,-4.35269890717264e-09,3.10963911549528e-09,1.65873694914259e-08,1.0918716999277e-08,-0,0,0,402.981398424694,0,0
93.7,100,100,99.9999999384915,2.67235586593303e-08,-4.29098437269437e-09,3.05997055560332e-09,1.62125266357917e-08,1.06386246318086e-08,-0,0,0,402.98139842593,0,0
93.72,100,100,99.9999999390236,2.64925369718647e-08,-4.23037205638811e-09,2.99951547948943e-09,1.58451388143524e-08,1.04025002522567e-08,-0,0,0,402.981398427155,0,0
93.74,100,100,99.9999999395512,2.62635097772689e-08,-4.17107146974043e-09,2.92891096523688e-09,1.54873508482195e-08,1.02022016406369e-08,-0,0,0,402.981398428369,0,0
93.76,100,100,99.9999999400742,2.60364581365378e-08,-4.11327849505473e-09,2.84888041984568e-09,1.51409591498698e-08,1.0039357240946e-08,-0,0,0,402.981398429572,0,0
93.78,100,100,99.9999999405927,2.58113633291915e-08,-4.05717380591744e-09,2.76022177233872e-09,1.48077142371813e-08,9.91722394117776e-09,-0,0,0,402.981398430766,0,0
93.8,100,100,99.9999999411067,2.55882069097477e-08,-4.00292138737237e-09,2.66380545906158e-09,1.4489446890799e-08,9.8358017413323e-09,-0,0,0,402.981398431949,0,0
93.82,100,100,99.9999999416162,2.5366970740829e-08,-3.95066709732769e-09,2.56056803803587e-09,1.41876575581854e-08,9.79183375341574e-09,-0,0,0,402.981398433122,0,0
93.84,100,100,99.9999999421213,2.51476369596333e-08,-3.9005375893174e-09,2.45149508503788e-09,1.39036639955683e-08,9.78206308943429e-09,-0,0,0,402.981398434284,0,0
93.86,100,100,99.9999999426221,2.49301879913182e-08,-3.85263938405385e-09,2.33761155346365e-09,1.36386120852432e-08,9.80974663738175e-09,-0,0,0,402.981398435437,0,0
93.88,100,100,99.9999999431186,2.47146065727297e-08,-3.807058163091e-09,2.21997385951946e-09,1.33934664889635e-08,9.86999906526739e-09,-0,0,0,402.981398436579,0,0
93.9,100,100,99.9999999436107,2.45008757483233e-08,-3.76385828942859e-09,2.09965766433772e-09,1.31689895319684e-08,9.9579350411005e-09,-0,0,0,402.981398437712,0,0
93.92,100,100,99.9999999440986,2.42889788479111e-08,-3.72308252072151e-09,1.97774295755179e-09,1.29656517608219e-08,1.0075183008878e-08,-0,0,0,402.981398438835,0,0
93.94,100,100,99.9999999445823,2.40788995016948e-08,-3.68475205187358e-09,1.85530577572938e-09,1.27837690491234e-08,1.02168576366091e-08,-0,0,0,402.981398439948,0,0
93.96,100,100,99.9999999450618,2.38706216454393e-08,-3.64886668030866e-09,1.73340870130083e-09,1.26234787628501e-08,1.03813304802969e-08,-0,0,0,402.981398441052,0,0
93.98,100,100,99.9999999455371,2.36641295273464e-08,-3.61540515501619e-09,1.6130921687318e-09,1.24848055918439e-08,1.05669730959446e-08,-0,0,0,402.981398442146,0,0
94,100,100,99.9999999460083,2.3459407710659e-08,-3.58432570054967e-09,1.49536569326079e-09,1.23674383013393e-08,1.07640148195706e-08,-0,0,0,402.98139844323,0,0
94.02,100,100,99.9999999464755,2.32564410250082e-08,-3.55556682482634e-09,1.38119172915605e-09,1.22708429179841e-08,1.09740840951719e-08,-0,0,0,402.981398444305,0,0
94.04,100,100,99.9999999469386,2.30552145867234e-08,-3.5290482499457e-09,1.27148143170604e-09,1.21944139150416e-08,1.11939240347547e-08,-0,0,0,402.981398445371,0,0
94.06,100,100,99.9999999473977,2.2855713788126e-08,-3.50467209524193e-09,1.16708642196129e-09,1.21372876397167e-08,1.1421906194322e-08,-0,0,0,402.981398446428,0,0
94.08,100,100,99.9999999478529,2.26579243046889e-08,-3.48232406790594e-09,1.06879416390802e-09,1.20985307700343e-08,1.16482599098924e-08,-0,0,0,402.981398447475,0,0
94.1,100,100,99.9999999483041,2.24618320485039e-08,-3.46187486282648e-09,9.77315709335978e-10,1.2076959815436e-08,1.18762420694597e-08,-0,0,0,402.981398448514,0,0
94.12,100,100,99.9999999487513,2.22674231957525e-08,-3.44318173691336e-09,8.9328653084281e-10,1.20713589661939e-08,1.20993388970363e-08,-0,0,0,402.981398449543,0,0
94.14,100,100,99.9999999491948,2.20746841498797e-08,-3.42609002889573e-09,8.17257705423853e-10,1.20803132699306e-08,1.23159219486252e-08,-0,0,0,402.981398450564,0,0
94.16,100,100,99.9999999496343,2.18836015372379e-08,-3.41043494268278e-09,7.49693662876193e-10,1.21022503406049e-08,1.25194774482389e-08,-0,0,0,402.981398451575,0,0
94.18,100,100,99.9999999500701,2.16941621554373e-08,-3.39604335276651e-09,6.90963274130045e-10,1.21355819172597e-08,1.27132622838711e-08,-0,0,0,402.981398452578,0,0
94.2,100,100,99.9999999505021,2.15063530188912e-08,-3.38273560107149e-09,6.4134759571718e-10,1.21786776184428e-08,1.28907626795342e-08,-0,0,0,402.981398453573,0,0
94.22,100,100,99.9999999509304,2.13201613101516e-08,-3.37032738211618e-09,6.01033442337128e-10,1.22298405259925e-08,1.30503501912313e-08,-0,0,0,402.981398454558,0,0
94.24,100,100,99.9999999513549,2.11355743896698e-08,-3.35863155226421e-09,5.7011724895808e-10,1.22873227305474e-08,1.31887679309686e-08,-0,0,0,402.981398455535,0,0
94.26,100,100,99.9999999517758,2.0952579764119e-08,-3.34745996608861e-09,5.4860317870176e-10,1.23494394762792e-08,1.33043874547491e-08,-0,0,0,402.981398456504,0,0
94.28,100,100,99.999999952193,2.07711650606901e-08,-3.33662528838552e-09,5.36403068952903e-10,1.24142465549046e-08,1.33988372065699e-08,-0,0,0,402.981398457464,0,0
94.3,100,100,99.9999999526067,2.05913180143964e-08,-3.32594287904362e-09,5.3333953420793e-10,1.24800277567086e-08,1.34656034104432e-08,-0,0,0,402.981398458416,0,0
94.32,100,100,99.9999999530167,2.04130264641303e-08,-3.31523249036058e-09,5.39151041260265e-10,1.25451279837849e-08,1.35063145103659e-08,-0,0,0,402.98139845936,0,0
94.34,100,100,99.9999999534232,2.023627832804e-08,-3.30431991037627e-09,5.53494336086504e-10,1.26077357547396e-08,1.35209705063381e-08,-0,0,0,402.981398460296,0,0
94.36,100,100,99.9999999538262,2.00610616015697e-08,-3.29303857839344e-09,5.75951299481297e-10,1.26663652589727e-08,1.35063145103659e-08,-0,0,0,402.981398461223,0,0
94.38,100,100,99.9999999542256,1.98873643275207e-08,-3.28123100457107e-09,6.0603163132217e-10,1.27193487928874e-08,1.34656034104432e-08,-0,0,0,402.981398462143,0,0
94.4,100,100,99.9999999546217,1.97151746105585e-08,-3.26875014018856e-09,6.4318332036205e-10,1.27654040059046e-08,1.33955803185761e-08,-0,0,0,402.981398463054,0,0
94.42,100,100,99.9999999550143,1.95444805832893e-08,-3.25546056850415e-09,6.86795519904545e-10,1.28030534522837e-08,1.32995021227584e-08,-0,0,0,402.981398463958,0,0
94.44,100,100,99.9999999554035,1.93752704011078e-08,-3.24123963389063e-09,7.36206527034964e-10,1.28311226453877e-08,1.31741119349964e-08,-0,0,0,402.981398464854,0,0
94.46,100,100,99.9999999557893,1.92075322205719e-08,-3.22597834280624e-09,7.9070913911267e-10,1.28484633909848e-08,1.30242950872807e-08,-0,0,0,402.981398465742,0,0
94.48,100,100,99.9999999561718,1.90412542240701e-08,-3.20958223018465e-09,8.49563804932925e-10,1.28541910037399e-08,1.28467946916176e-08,-0,0,0,402.981398466622,0,0
94.5,100,100,99.9999999565509,1.88764245681931e-08,-3.19197191203361e-09,9.11999183944659e-10,1.28473233357719e-08,1.26464960799978e-08,-0,0,0,402.981398467495,0,0
94.52,100,100,99.9999999569268,1.87130314069519e-08,-3.17308365985162e-09,9.7722506839248e-10,1.28273073937227e-08,1.24233992524212e-08,-0,0,0,402.98139846836,0,0
94.54,100,100,99.9999999572995,1.85510628877438e-08,-3.15286965349262e-09,1.04444045738298e-09,1.27935751053177e-08,1.21823895408786e-08,-0,0,0,402.981398469218,0,0
94.56,100,100,99.9999999576689,1.83905071511687e-08,-3.1312981359968e-09,1.11284212037368e-09,1.27457677264296e-08,1.19218385013731e-08,-0,0,0,402.981398470068,0,0
94.58,100,100,99.9999999580351,1.82313523123172e-08,-3.10835339610728e-09,1.18162982117917e-09,1.26836208197921e-08,1.16433745779016e-08,-0,0,0,402.981398470911,0,0
94.6,100,100,99.9999999583981,1.80735864573208e-08,-3.08403565138582e-09,1.25001372810975e-09,1.26070631545632e-08,1.13518831024549e-08,-0,0,0,402.981398471747,0,0
94.62,100,100,99.999999958758,1.79171976741594e-08,-3.05836066941269e-09,1.31722673035545e-09,1.2516254061506e-08,1.10457356310359e-08,-0,0,0,402.981398472575,0,0
94.64,100,100,99.9999999591148,1.77621740203484e-08,-3.03135936050297e-09,1.38252618648632e-09,1.24112916126341e-08,1.07314459396324e-08,-0,0,0,402.981398473396,0,0
94.66,100,100,99.9999999594685,1.76085035311991e-08,-3.00307713674704e-09,1.44520154908845e-09,1.22925636047811e-08,1.04106424722413e-08,-0,0,0,402.981398474211,0,0
94.68,100,100,99.9999999598192,1.74561742306509e-08,-2.97357328405327e-09,1.50458199936416e-09,1.21605918880582e-08,1.00865821168563e-08,-0,0,0,402.981398475018,0,0
94.7,100,100,99.9999999601668,1.73051741651107e-08,-2.94291997972271e-09,1.56004676740995e-09,1.2016107553726e-08,9.75763642948065e-09,-0,0,0,402.981398475818,0,0
94.72,100,100,99.9999999605114,1.71554913606498e-08,-2.91120135648589e-09,1.61102254251917e-09,1.18596736371726e-08,9.42869074210497e-09,-0,0,0,402.981398476611,0,0
94.74,100,100,99.999999960853,1.70071138353491e-08,-2.87851250121678e-09,1.65698919895979e-09,1.16922912779395e-08,9.10463038672001e-09,-0,0,0,402.981398477397,0,0
94.76,100,100,99.9999999611917,1.68600296595884e-08,-2.84495824808686e-09,1.69749229904058e-09,1.15149104344794e-08,8.78382691932888e-09,-0,0,0,402.981398478177,0,0
94.78,100,100,99.9999999615274,1.67142269058345e-08,-2.8106519079833e-09,1.73213694772074e-09,1.13285453318281e-08,8.47116567192229e-09,-0,0,0,402.98139847895,0,0
94.8,100,100,99.9999999618603,1.65696936672595e-08,-2.77571406051516e-09,1.76059222723913e-09,1.11342485989121e-08,8.16827508849715e-09,-0,0,0,402.981398479716,0,0
94.82,100,100,99.9999999621902,1.64264180886609e-08,-2.74027125114996e-09,1.78259681280318e-09,1.09333549508457e-08,7.87515516905348e-09,-0,0,0,402.981398480475,0,0
94.84,100,100,99.9999999625173,1.62843883656498e-08,-2.70445450821464e-09,1.79795840941251e-09,1.07269550437837e-08,7.59506280158507e-09,-0,0,0,402.981398481228,0,0
94.86,100,100,99.9999999628416,1.61435927350625e-08,-2.66839808303617e-09,1.806551443238e-09,1.05164214983307e-08,7.33288331808267e-09,-0,0,0,402.981398481975,0,0
94.88,100,100,99.9999999631631,1.60040195345483e-08,-2.63223796474252e-09,1.80832487330976e-09,1.03030881043426e-08,7.08698827454936e-09,-0,0,0,402.981398482715,0,0
94.9,100,100,99.9999999634818,1.5865657149615e-08,-2.5961105102848e-09,1.80329124891605e-09,1.00880637527632e-08,6.85900611498206e-09,-0,0,0,402.981398483448,0,0
94.92,100,100,99.9999999637977,1.57284940622539e-08,-2.56015118911276e-09,1.7915317741387e-09,9.8728927661774e-09,6.64893683938076e-09,-0,0,0,402.981398484175,0,0
94.94,100,100,99.9999999641109,1.55925188566092e-08,-2.5244931366846e-09,1.77319338922769e-09,9.65872413569545e-09,6.46166577973618e-09,-0,0,0,402.981398484896,0,0
94.96,100,100,99.9999999644214,1.54577202208191e-08,-2.48926593751581e-09,1.74848499855486e-09,9.44683929755086e-09,6.29230760405761e-09,-0,0,0,402.981398485611,0,0
94.98,100,100,99.9999999647293,1.53240869469604e-08,-2.45459445100018e-09,1.7176728714238e-09,9.23845731340655e-09,6.14411920033887e-09,-0,0,0,402.98139848632,0,0
95,100,100,99.9999999650344,1.51916079438618e-08,-2.42059761516656e-09,1.68107753266618e-09,9.03470072851631e-09,6.02035745657376e-09,-0,0,0,402.981398487022,0,0
95.02,100,100,99.9999999653369,1.50602722715453e-08,-2.38738743046652e-09,1.63907392765404e-09,8.83686471969861e-09,5.91939392876538e-09,-0,0,0,402.981398487718,0,0
95.04,100,100,99.9999999656368,1.49300691501317e-08,-2.35506789232681e-09,1.5920868708052e-09,8.64586033656902e-09,5.836343284923e-09,-0,0,0,402.981398488408,0,0
95.06,100,100,99.9999999659341,1.48009879098189e-08,-2.32373413474619e-09,1.54057689980636e-09,8.46268462701488e-09,5.77771930103427e-09,-0,0,0,402.981398489093,0,0
95.08,100,100,99.9999999662289,1.46730180564406e-08,-2.29347164700423e-09,1.48504458025608e-09,8.28825002565954e-09,5.74026508910536e-09,-0,0,0,402.981398489771,0,0
95.1,100,100,99.9999999665211,1.45461492548271e-08,-2.26435562759111e-09,1.42602142532907e-09,8.12328680470666e-09,5.72398064913626e-09,-0,0,0,402.981398490444,0,0
95.12,100,100,99.9999999668107,1.44203713349114e-08,-2.23645035793593e-09,1.36406428502281e-09,7.96856639655547e-09,5.72560909313317e-09,-0,0,0,402.98139849111,0,0
95.14,100,100,99.9999999670979,1.42956742863258e-08,-2.20980879009471e-09,1.2997480046225e-09,7.82458463318344e-09,5.7484073090899e-09,-0,0,0,402.981398491771,0,0
95.16,100,100,99.9999999673825,1.41720482607191e-08,-2.1844722558338e-09,1.23365943667497e-09,7.69173182485865e-09,5.78586152101882e-09,-0,0,0,402.981398492426,0,0
95.18,100,100,99.9999999676648,1.40494835705206e-08,-2.16047028047004e-09,1.16639100502445e-09,7.57046362424803e-09,5.83960017291682e-09,-0,0,0,402.981398493076,0,0
95.2,100,100,99.9999999679445,1.39279707268946e-08,-2.13782049214582e-09,1.09854072819803e-09,7.46106500362185e-09,5.90962326478392e-09,-0,0,0,402.98139849372,0,0
95.22,100,100,99.9999999682219,1.38075004136377e-08,-2.1165285774397e-09,1.03070199692916e-09,7.36364566298998e-09,5.9926739086263e-09,-0,0,0,402.981398494358,0,0
95.24,100,100,99.9999999684968,1.36880634801746e-08,-2.09658844940401e-09,9.6345689869499e-10,7.27816705813809e-09,6.08549521645013e-09,-0,0,0,402.981398494991,0,0
95.26,100,100,99.9999999687694,1.35696509412633e-08,-2.07798255301425e-09,8.97371030531669e-10,7.20453997773587e-09,6.18645874425851e-09,-0,0,0,402.981398495618,0,0
95.28,100,100,99.9999999690396,1.34522539555307e-08,-2.06068226269575e-09,8.32985265965846e-10,7.14250939565714e-09,6.29882138004525e-09,-0,0,0,402.98139849624,0,0
95.3,100,100,99.9999999693075,1.33358638730762e-08,-2.04464833177536e-09,7.70819077001928e-10,7.09188526214811e-09,6.41606934782272e-09,-0,0,0,402.981398496857,0,0
95.32,100,100,99.9999999695731,1.32204721971852e-08,-2.02983142566435e-09,7.11360362077607e-10,7.05217700782281e-09,6.53820264759092e-09,-0,0,0,402.981398497468,0,0
95.34,100,100,99.9999999698363,1.31060705949631e-08,-2.01617280417181e-09,6.55063818020292e-10,7.02294021685492e-09,6.6570790593653e-09,-0,0,0,402.981398498074,0,0
95.36,100,100,99.9999999700973,1.29926508368747e-08,-2.00360504444514e-09,6.02338261759533e-10,7.00341499733324e-09,6.78246924712732e-09,-0,0,0,402.981398498674,0,0
95.38,100,100,99.999999970356,1.28802048662035e-08,-1.99205296305298e-09,5.53555776655382e-10,6.99314767075157e-09,6.90460254689552e-09,-0,0,0,402.98139849927,0,0
95.4,100,100,99.9999999706125,1.27687247604759e-08,-1.981434318983e-09,5.09043439270149e-10,6.99124310489882e-09,7.0234789586699e-09,-0,0,0,402.98139849986,0,0
95.42,100,100,99.9999999708668,1.2658202723244e-08,-1.97166085274566e-09,4.69080994362141e-10,6.9970207104549e-09,7.13747003845355e-09,-0,0,0,402.981398500445,0,0
95.44,100,100,99.9999999711189,1.25486310760933e-08,-1.96263917568273e-09,4.33898818136899e-10,7.0095480190098e-09,7.24494734224957e-09,-0,0,0,402.981398501026,0,0
95.46,100,100,99.9999999713688,1.24400022664147e-08,-1.95427178652105e-09,4.03679166684316e-10,7.02803846589997e-09,7.34428242606104e-09,-0,0,0,402.981398501601,0,0
95.48,100,100,99.9999999716165,1.23323088396556e-08,-1.94645803397215e-09,3.78552068005514e-10,7.05142425439581e-09,7.43384684589105e-09,-0,0,0,402.981398502171,0,0
95.5,100,100,99.9999999718621,1.22255434220629e-08,-1.93909522009459e-09,3.58593708071243e-10,7.07881264515888e-09,7.51526904573651e-09,-0,0,0,402.981398502736,0,0
95.52,100,100,99.9999999721055,1.21196987423936e-08,-1.93207961896859e-09,3.43831496696136e-10,7.10917293904718e-09,7.5820352496098e-09,-0,0,0,402.981398503296,0,0
95.54,100,100,99.9999999723468,1.20147675863807e-08,-1.92530747711778e-09,3.3423874864304e-10,7.14154453392828e-09,7.63740234550471e-09,-0,0,0,402.981398503852,0,0
95.56,100,100,99.9999999725861,1.19107428197987e-08,-1.91867607820653e-09,3.29741061444801e-10,7.17493939362485e-09,7.67974188942436e-09,-0,0,0,402.981398504402,0,0
95.58,100,100,99.9999999728233,1.18076173846801e-08,-1.91208463634949e-09,3.30218566877477e-10,7.20850332833421e-09,7.70742543737181e-09,-0,0,0,402.981398504948,0,0
95.6,100,100,99.9999999730584,1.17053842677525e-08,-1.90543524438071e-09,3.35504192305756e-10,7.24114013830008e-09,7.72045298934709e-09,-0,0,0,402.98139850549,0,0
95.62,100,100,99.9999999732915,1.1604036498225e-08,-1.89863378836677e-09,3.4538710677048e-10,7.2720694319595e-09,7.71882454535018e-09,-0,0,0,402.981398506026,0,0
95.64,100,100,99.9999999735226,1.15035671473216e-08,-1.89159075064839e-09,3.59616632383538e-10,7.30027992934048e-09,7.70091166138418e-09,-0,0,0,402.981398506558,0,0
95.66,100,100,99.9999999737516,1.14039693105318e-08,-1.88422205053853e-09,3.77903833405797e-10,7.32514410398221e-09,7.6699712254429e-09,-0,0,0,402.981398507085,0,0
95.68,100,100,99.9999999739787,1.13052361484684e-08,-1.87644962944444e-09,3.99932463485455e-10,7.34580714945004e-09,7.6178610175418e-09,-0,0,0,402.981398507608,0,0
95.7,100,100,99.9999999742039,1.12073607943015e-08,-1.86820215219613e-09,4.25348816071216e-10,7.3615282602805e-09,7.55760858965616e-09,-0,0,0,402.981398508126,0,0
95.72,100,100,99.999999974427,1.11103364081073e-08,-1.85941558389552e-09,4.5377542235755e-10,7.37155436577649e-09,7.47618638981069e-09,-0,0,0,402.98139850864,0,0
95.74,100,100,99.9999999746483,1.10141561277292e-08,-1.85003374302072e-09,4.848082274126e-10,7.37546914802945e-09,7.38499352598377e-09,-0,0,0,402.981398509149,0,0
95.76,100,100,99.9999999748676,1.09188131280912e-08,-1.84000863821614e-09,5.18031088242066e-10,7.37263106229411e-09,7.27588777819084e-09,-0,0,0,402.981398509654,0,0
95.78,100,100,99.999999975085,1.08243005456856e-08,-1.82930080430112e-09,5.53008623471278e-10,7.36272707452838e-09,7.16026825441028e-09,-0,0,0,402.981398510154,0,0
95.8,100,100,99.9999999753006,1.07306115615428e-08,-1.81787949627424e-09,5.89304520295444e-10,7.34540421811581e-09,7.02836429066063e-09,-0,0,0,402.98139851065,0,0
95.82,100,100,99.9999999755143,1.06377393271149e-08,-1.80572280484585e-09,6.26474341562336e-10,7.32046116658154e-09,6.88831810692643e-09,-0,0,0,402.981398511142,0,0
95.84,100,100,99.9999999757261,1.05456769958748e-08,-1.79281766058734e-09,6.64075225825027e-10,7.28761809657522e-09,6.73850125921077e-09,-0,0,0,402.98139851163,0,0
95.86,100,100,99.9999999759361,1.04544177019311e-08,-1.77915985979211e-09,7.01667025858984e-10,7.24687748295616e-09,6.57891374751366e-09,-0,0,0,402.981398512113,0,0
95.88,100,100,99.9999999761443,1.03639546002486e-08,-1.76475389388019e-09,7.38822990890037e-10,7.19836467896346e-09,6.41118401583199e-09,-0,0,0,402.981398512593,0,0
95.9,100,100,99.9999999763507,1.02742808354047e-08,-1.74961262467515e-09,7.75128450691144e-10,7.14200395131896e-09,6.23856895215961e-09,-0,0,0,402.981398513068,0,0
95.92,100,100,99.9999999765553,1.01853895194089e-08,-1.73375711929013e-09,8.1018108441672e-10,7.07791632326275e-09,6.06106855649649e-09,-0,0,0,402.981398513539,0,0
95.94,100,100,99.9999999767581,1.00972737607869e-08,-1.71721629329738e-09,8.43598998989173e-10,7.00639008066436e-09,5.87868282884265e-09,-0,0,0,402.981398514005,0,0
95.96,100,100,99.9999999769592,1.00099266719726e-08,-1.70002646104888e-09,8.75024879996022e-10,6.92778417982769e-09,5.6962971011888e-09,-0,0,0,402.981398514468,0,0
95.98,100,100,99.9999999771585,9.92334137666531e-09,-1.68223079820152e-09,9.04129705258364e-10,6.84245018459498e-09,5.51391137353496e-09,-0,0,0,402.981398514927,0,0
96,100,100,99.9999999773561,9.83751100196287e-09,-1.66387876504978e-09,9.30613629490448e-10,6.7508932594367e-09,5.33315408987802e-09,-0,0,0,402.981398515382,0,0
96.02,100,100,99.999999977552,9.75242869335478e-09,-1.64502550867231e-09,9.54210189134297e-10,6.65353041977045e-09,5.15239680622109e-09,-0,0,0,402.981398515833,0,0
96.04,100,100,99.9999999777462,9.66808758202819e-09,-1.62573120676539e-09,9.74682371145597e-10,6.55094848772846e-09,4.97652485455488e-09,-0,0,0,402.98139851628,0,0
96.06,100,100,99.9999999779387,9.58448083936363e-09,-1.60606038030919e-09,9.91832368913802e-10,6.4437810743793e-09,4.8039097908825e-09,-0,0,0,402.981398516723,0,0
96.08,100,100,99.9999999781296,9.50160164670732e-09,-1.58608116340027e-09,1.00549717282791e-09,6.33260512671251e-09,4.63618005920084e-09,-0,0,0,402.981398517162,0,0
96.1,100,100,99.9999999783188,9.41944319435753e-09,-1.56586460679524e-09,1.01554858405995e-09,6.21799419667601e-09,4.47822099150063e-09,-0,0,0,402.981398517598,0,0
96.12,100,100,99.9999999785064,9.33799870831014e-09,-1.54548393057522e-09,1.02189726437236e-09,6.10078310871539e-09,4.32677569978806e-09,-0,0,0,402.98139851803,0,0
96.14,100,100,99.9999999786923,9.2572614729162e-09,-1.52501373607081e-09,1.02449564401188e-09,5.98170081982949e-09,4.18672951605386e-09,-0,0,0,402.981398518458,0,0
96.16,100,100,99.9999999788767,9.17722483843206e-09,-1.50452916184683e-09,1.02333787904431e-09,5.86151386904043e-09,4.0531971083073e-09,-0,0,0,402.981398518882,0,0
96.18,100,100,99.9999999790594,9.09788217265014e-09,-1.48410510865856e-09,1.01845047370333e-09,5.74078480153687e-09,3.92943536454219e-09,-0,0,0,402.981398519303,0,0
96.2,100,100,99.9999999792406,9.01922687600273e-09,-1.46381562785475e-09,1.00989311710964e-09,5.62023183494693e-09,3.81707272875545e-09,-0,0,0,402.98139851972,0,0
96.22,100,100,99.9999999794202,8.941252412869e-09,-1.44373322783505e-09,9.97761674487155e-10,5.50057873450293e-09,3.71773764494398e-09,-0,0,0,402.981398520133,0,0
96.24,100,100,99.9999999795982,8.86395232216333e-09,-1.42392813117988e-09,9.82187393419939e-10,5.38259076352958e-09,3.62980166911088e-09,-0,0,0,402.981398520543,0,0
96.26,100,100,99.9999999797748,8.7873202465283e-09,-1.40446758231969e-09,9.63338853282107e-10,5.26705258908547e-09,3.55326480125614e-09,-0,0,0,402.981398520949,0,0
96.28,100,100,99.9999999799497,8.71134986631371e-09,-1.38541514579204e-09,9.41408146239781e-10,5.15426140740871e-09,3.48812704137976e-09,-0,0,0,402.981398521352,0,0
96.3,100,100,99.9999999801232,8.6360349213912e-09,-1.36683037448381e-09,9.16611701042217e-10,5.04503830357584e-09,3.43601683347867e-09,-0,0,0,402.981398521751,0,0
96.32,100,100,99.9999999802952,8.56136926606806e-09,-1.34876815614995e-09,8.89195654874728e-10,4.93988715685893e-09,3.39367728955902e-09,-0,0,0,402.981398522147,0,0
96.34,100,100,99.9999999804657,8.4873468001006e-09,-1.33127828336601e-09,8.59421318693375e-10,4.83921288788251e-09,3.36762218560848e-09,-0,0,0,402.981398522539,0,0
96.36,100,100,99.9999999806347,8.41396155211699e-09,-1.31440510850708e-09,8.2757529164515e-10,4.74366843887284e-09,3.34808085764556e-09,-0,0,0,402.981398522928,0,0
96.38,100,100,99.9999999808022,8.34120761197771e-09,-1.29818710904604e-09,7.93954785046347e-10,4.6534684756033e-09,3.34319552565484e-09,-0,0,0,402.981398523314,0,0
96.4,100,100,99.9999999809683,8.26907918538187e-09,-1.28265667136048e-09,7.58872999095334e-10,4.5691773779057e-09,3.34970930164247e-09,-0,0,0,402.981398523696,0,0
96.42,100,100,99.999999981133,8.19757057749686e-09,-1.26783977647116e-09,7.22652710484817e-10,4.49090307160742e-09,3.36436529761466e-09,-0,0,0,402.981398524075,0,0
96.44,100,100,99.9999999812962,8.12667617624209e-09,-1.25375597366089e-09,6.85620264818559e-10,4.41899256052882e-09,3.38553506957448e-09,-0,0,0,402.981398524451,0,0
96.46,100,100,99.9999999814581,8.05639045450697e-09,-1.24041821008798e-09,6.48102362514703e-10,4.3534567638435e-09,3.41973239350957e-09,-0,0,0,402.981398524823,0,0
96.48,100,100,99.9999999816185,7.98670798764372e-09,-1.22783293260568e-09,6.1042579375827e-10,4.29449543399315e-09,3.46207193742922e-09,-0,0,0,402.981398525192,0,0
96.5,100,100,99.9999999817775,7.91762346812453e-09,-1.21600004982021e-09,5.72916530113355e-10,4.24222660786397e-09,3.50766836934268e-09,-0,0,0,402.981398525558,0,0
96.52,100,100,99.9999999819352,7.84913167401452e-09,-1.20491303218785e-09,5.35891607833386e-10,4.19651676887802e-09,3.55977857724377e-09,-0,0,0,402.981398525921,0,0
96.54,100,100,99.9999999820915,7.78122746533462e-09,-1.19455911455112e-09,4.9965582420938e-10,4.15729303845294e-09,3.6167741171356e-09,-0,0,0,402.981398526281,0,0
96.56,100,100,99.9999999822465,7.71390579699846e-09,-1.18491957166524e-09,4.64501380842268e-10,4.12438096845636e-09,3.67865498901816e-09,-0,0,0,402.981398526638,0,0
96.58,100,100,99.9999999824001,7.64716171989262e-09,-1.17596998225888e-09,4.30705755988119e-10,4.09767047686031e-09,3.74216430489762e-09,-0,0,0,402.981398526991,0,0
96.6,100,100,99.9999999825524,7.58099037642421e-09,-1.16768053474552e-09,3.98528914766265e-10,4.07686662848885e-09,3.80730206477399e-09,-0,0,0,402.981398527342,0,0
96.62,100,100,99.9999999827033,7.51538699662457e-09,-1.1600164274193e-09,3.68210976355836e-10,4.06172849081116e-09,3.87406826864727e-09,-0,0,0,402.981398527689,0,0
96.64,100,100,99.999999982853,7.45034689794951e-09,-1.15293823731423e-09,3.39970640604632e-10,4.05187265037866e-09,3.94083447252056e-09,-0,0,0,402.981398528033,0,0
96.66,100,100,99.9999999830013,7.38586546510702e-09,-1.14640244586413e-09,3.14000890353253e-10,4.04687029895509e-09,4.00597223239693e-09,-0,0,0,402.981398528375,0,0
96.68,100,100,99.9999999831484,7.32193814416932e-09,-1.14036194366925e-09,2.90467258085012e-10,4.04628646943255e-09,4.0711099922733e-09,-0,0,0,402.981398528713,0,0
96.7,100,100,99.9999999832942,7.25856048364561e-09,-1.13476653447271e-09,2.69513955717225e-10,4.04978075054701e-09,4.12810553216513e-09,-0,0,0,402.981398529049,0,0
96.72,100,100,99.9999999834388,7.19572806149168e-09,-1.12956343280051e-09,2.51251783142334e-10,4.05669050717441e-09,4.18510107205695e-09,-0,0,0,402.981398529382,0,0
96.74,100,100,99.9999999835821,7.13343652635928e-09,-1.12469794017022e-09,2.35765152096674e-10,4.06658304356594e-09,4.23558283596114e-09,-0,0,0,402.981398529711,0,0
96.76,100,100,99.9999999837241,7.07168160164782e-09,-1.1201139173952e-09,2.23113038121858e-10,4.07909213512817e-09,4.28280771187151e-09,-0,0,0,402.981398530038,0,0
96.78,100,100,99.9999999838649,7.01045908361948e-09,-1.11575428521229e-09,2.13329238606711e-10,4.09357465522899e-09,4.32351881179425e-09,-0,0,0,402.981398530363,0,0
96.8,100,100,99.9999999840045,6.94976479636338e-09,-1.11156159742177e-09,2.06416079632965e-10,4.10951830035851e-09,4.35445924773552e-09,-0,0,0,402.981398530684,0,0
96.82,100,100,99.9999999841429,6.88959460010751e-09,-1.10747867144404e-09,2.02347132900446e-10,4.12635792433713e-09,4.38214279568298e-09,-0,0,0,402.981398531002,0,0
96.84,100,100,99.9999999842801,6.8299443906524e-09,-1.10344909653218e-09,2.0106857998883e-10,4.14342023385549e-09,4.39842723565207e-09,-0,0,0,402.981398531318,0,0
96.86,100,100,99.9999999844161,6.77081007290605e-09,-1.0994178736363e-09,2.02496901049169e-10,4.16030809177562e-09,4.40982634363044e-09,-0,0,0,402.981398531631,0,0
96.88,100,100,99.999999984551,6.71218761549395e-09,-1.09533184197921e-09,2.06529555556121e-10,4.17648841043762e-09,4.41145478762735e-09,-0,0,0,402.981398531941,0,0
96.9,100,100,99.9999999846846,6.65407298209483e-09,-1.09114017558516e-09,2.13036063334973e-10,4.19134166010335e-09,4.40494101163971e-09,-0,0,0,402.981398532249,0,0
96.92,100,100,99.9999999848171,6.59646216916302e-09,-1.08679488947662e-09,2.21866567835771e-10,4.20460329857689e-09,4.38702812767371e-09,-0,0,0,402.981398532554,0,0
96.94,100,100,99.9999999849485,6.53935118584468e-09,-1.08225115054377e-09,2.32850878935435e-10,4.21564201718244e-09,4.36260146772007e-09,-0,0,0,402.981398532856,0,0
96.96,100,100,99.9999999850787,6.48273605712034e-09,-1.07746773804043e-09,2.45801724610666e-10,4.22423420113889e-09,4.3332894757757e-09,-0,0,0,402.981398533156,0,0
96.98,100,100,99.9999999852078,6.42661285983575e-09,-1.07240726730637e-09,2.60523055070067e-10,4.23004633125112e-09,4.29583526384679e-09,-0,0,0,402.981398533453,0,0
97,100,100,99.9999999853358,6.37097766155054e-09,-1.06703640313253e-09,2.76802703178658e-10,4.23255526585874e-09,4.2453534999426e-09,-0,0,0,402.981398533748,0,0
97.02,100,100,99.9999999854626,6.31582651061403e-09,-1.06132627333686e-09,2.94413815747176e-10,4.23168044626393e-09,4.19161484804459e-09,-0,0,0,402.98139853404,0,0
97.04,100,100,99.9999999855884,6.26115549448999e-09,-1.05525250263947e-09,3.13126760122025e-10,4.22702579825341e-09,4.12810553216513e-09,-0,0,0,402.981398534329,0,0
97.06,100,100,99.9999999857131,6.20696066744942e-09,-1.04879546104237e-09,3.32700318184229e-10,4.21838114846402e-09,4.05971088429494e-09,-0,0,0,402.981398534616,0,0
97.08,100,100,99.9999999858367,6.15323808823164e-09,-1.04194036376165e-09,3.52890478207616e-10,4.20552948851697e-09,3.98154557244329e-09,-0,0,0,402.981398534901,0,0
97.1,100,100,99.9999999859592,6.09998380394962e-09,-1.03467736888946e-09,3.73450555490376e-10,4.18846434869404e-09,3.90012337259782e-09,-0,0,0,402.981398535183,0,0
97.12,100,100,99.9999999860807,6.04719387933768e-09,-1.02700148968126e-09,3.94138300607965e-10,4.16707243511462e-09,3.81381584076163e-09,-0,0,0,402.981398535463,0,0
97.14,100,100,99.9999999862011,5.99486437373596e-09,-1.01891257028379e-09,4.1471461675233e-10,4.14131655863389e-09,3.72262297693471e-09,-0,0,0,402.98139853574,0,0
97.16,100,100,99.9999999863205,5.94299132311724e-09,-1.01041522135774e-09,4.34942968023574e-10,4.11114612660866e-09,3.62817322511397e-09,-0,0,0,402.981398536014,0,0
97.18,100,100,99.9999999864388,5.89157077478901e-09,-1.00151867881774e-09,4.54597130482332e-10,4.07679398071144e-09,3.5288381413025e-09,-0,0,0,402.981398536287,0,0
97.2,100,100,99.9999999865561,5.84059877357653e-09,-9.92236604555552e-10,4.73460845379217e-10,4.03819777451166e-09,3.42787461349412e-09,-0,0,0,402.981398536557,0,0
97.22,100,100,99.9999999866724,5.79007134342575e-09,-9.82586904967683e-10,4.9132668127486e-10,3.99554429078466e-09,3.32691108568574e-09,-0,0,0,402.981398536825,0,0
97.24,100,100,99.9999999867878,5.73998452734955e-09,-9.7259146460828e-10,5.08004047042084e-10,3.9490952357552e-09,3.22594755787736e-09,-0,0,0,402.98139853709,0,0
97.26,100,100,99.9999999869021,5.6903343789555e-09,-9.62275820117789e-10,5.23319089731852e-10,3.89904228179866e-09,3.12335558607208e-09,-0,0,0,402.981398537353,0,0
97.28,100,100,99.9999999870154,5.64111695469473e-09,-9.51668825627236e-10,5.37114527582448e-10,3.84570595333347e-09,3.02076361426679e-09,-0,0,0,402.981398537614,0,0
97.3,100,100,99.9999999871277,5.5923283071211e-09,-9.40802316996513e-10,5.492494419791e-10,3.7892641092851e-09,2.92142853045532e-09,-0,0,0,402.981398537873,0,0
97.32,100,100,99.9999999872391,5.54396449983167e-09,-9.29710741318597e-10,5.59602359579887e-10,3.73010906676841e-09,2.82372189064076e-09,-0,0,0,402.981398538129,0,0
97.34,100,100,99.9999999873495,5.49602161277026e-09,-9.18430783585363e-10,5.68072539627597e-10,3.66857390656054e-09,2.72927213882002e-09,-0,0,0,402.981398538383,0,0
97.36,100,100,99.9999999874589,5.44849573148762e-09,-9.07000941156606e-10,5.74578381410358e-10,3.60493407928251e-09,2.6380792749931e-09,-0,0,0,402.981398538635,0,0
97.38,100,100,99.9999999875674,5.40138295999068e-09,-8.95461162657661e-10,5.79059556556671e-10,3.53971152113826e-09,2.55014329916e-09,-0,0,0,402.981398538885,0,0
97.4,100,100,99.999999987675,5.35467943735945e-09,-8.8385232970556e-10,5.81479248317786e-10,3.47321839389534e-09,2.46709265531762e-09,-0,0,0,402.981398539132,0,0
97.42,100,100,99.9999999877816,5.30838129905758e-09,-8.72215890086933e-10,5.81817472275645e-10,3.40576481955304e-09,2.39055578746288e-09,-0,0,0,402.981398539378,0,0
97.44,100,100,99.9999999878873,5.26248472479335e-09,-8.60593482475823e-10,5.8007821750851e-10,3.33790167015297e-09,2.31727580760196e-09,-0,0,0,402.981398539621,0,0
97.46,100,100,99.9999999879921,5.21698590543203e-09,-8.49026470965765e-10,5.76283095453197e-10,3.26984960497377e-09,2.25213804772559e-09,-0,0,0,402.981398539862,0,0
97.48,100,100,99.999999988096,5.17188108220865e-09,-8.37555579017279e-10,5.7047668949841e-10,3.20221476092982e-09,2.19351406383685e-09,-0,0,0,402.981398540101,0,0
97.5,100,100,99.999999988199,5.12716654191121e-09,-8.26220393663957e-10,5.62724307436746e-10,3.13530343260331e-09,2.13977541193885e-09,-0,0,0,402.981398540338,0,0
97.52,100,100,99.9999999883011,5.08283860501627e-09,-8.15059035282399e-10,5.53108701190411e-10,3.06954216803421e-09,2.09255053602848e-09,-0,0,0,402.981398540573,0,0
97.54,100,100,99.9999999884023,5.03889362508907e-09,-8.04107810354009e-10,5.41728398700222e-10,3.00511754287672e-09,2.05183943610574e-09,-0,0,0,402.981398540806,0,0
97.56,100,100,99.9999999885026,4.99532797917307e-09,-7.93400933611111e-10,5.28694578670149e-10,2.94254084609576e-09,2.01927055616756e-09,-0,0,0,402.981398541037,0,0
97.58,100,100,99.9999999886021,4.95213812227944e-09,-7.82970188813639e-10,5.14138042647462e-10,2.88205870941369e-09,1.9915870082201e-09,-0,0,0,402.981398541266,0,0
97.6,100,100,99.9999999887007,4.90932053071782e-09,-7.72844646627621e-10,4.98198166509695e-10,2.82397544275627e-09,1.9736741242541e-09,-0,0,0,402.981398541493,0,0
97.62,100,100,99.9999999887985,4.8668717545164e-09,-7.63050453947731e-10,4.81029509374277e-10,2.76858907538708e-09,1.95901812828191e-09,-0,0,0,402.981398541718,0,0
97.64,100,100,99.9999999888954,4.82478838356532e-09,-7.53610578571445e-10,4.62794290721432e-10,2.71616503169987e-09,1.95250435229428e-09,-0,0,0,402.981398541941,0,0
97.66,100,100,99.9999999889915,4.78306706938677e-09,-7.44544642222212e-10,4.43663917892246e-10,2.66686118514858e-09,1.95087590829737e-09,-0,0,0,402.981398542162,0,0
97.68,100,100,99.9999999890867,4.74170449991627e-09,-7.35868823105409e-10,4.23812990361119e-10,2.62084440958592e-09,1.95576124028809e-09,-0,0,0,402.981398542381,0,0
97.7,100,100,99.9999999891811,4.70069741697189e-09,-7.27595738993245e-10,4.03420143948106e-10,2.57821665448717e-09,1.96553190426955e-09,-0,0,0,402.981398542599,0,0
97.72,100,100,99.9999999892747,4.6600426246638e-09,-7.19734424295879e-10,3.82667565031568e-10,2.5392506150974e-09,1.98018790024173e-09,-0,0,0,402.981398542814,0,0
97.74,100,100,99.9999999893675,4.61973698553577e-09,-7.12290216861225e-10,3.61738340178559e-10,2.50383212491952e-09,2.00135767220155e-09,-0,0,0,402.981398543028,0,0
97.76,100,100,99.9999999894595,4.57977739892995e-09,-7.052648700097e-10,3.40811345680619e-10,2.47206434781088e-09,2.02415588815829e-09,-0,0,0,402.98139854324,0,0
97.78,100,100,99.9999999895507,4.54016082552479e-09,-6.98656560323165e-10,3.20063481151904e-10,2.44395690774761e-09,2.05021099210883e-09,-0,0,0,402.981398543449,0,0
97.8,100,100,99.9999999896411,4.50088428099478e-09,-6.92459981862534e-10,2.99667075482079e-10,2.41948374487987e-09,2.0795229840532e-09,-0,0,0,402.981398543658,0,0
97.82,100,100,99.9999999897308,4.46194483436812e-09,-6.86666427948928e-10,2.79788111239474e-10,2.39858553885476e-09,2.11209186399139e-09,-0,0,0,402.981398543864,0,0
97.84,100,100,99.9999999898196,4.42333961257114e-09,-6.81263942005299e-10,2.60585633669374e-10,2.38120679506715e-09,2.14791763192339e-09,-0,0,0,402.981398544068,0,0
97.86,100,100,99.9999999899077,4.38506581512328e-09,-6.76237462751179e-10,2.42212880265233e-10,2.36727625764019e-09,2.18211495585849e-09,-0,0,0,402.981398544271,0,0
97.88,100,100,99.999999989995,4.34712066412667e-09,-6.7156898102211e-10,2.24808050605501e-10,2.35650270578587e-09,2.21794072379049e-09,-0,0,0,402.981398544472,0,0
97.9,100,100,99.9999999900816,4.30950142069562e-09,-6.67237855560805e-10,2.08496241849018e-10,2.34871643044059e-09,2.25213804772559e-09,-0,0,0,402.981398544671,0,0
97.92,100,100,99.9999999901674,4.27220537881955e-09,-6.63221110263423e-10,1.933878522147e-10,2.34370897257042e-09,2.2895922596545e-09,-0,0,0,402.981398544869,0,0
97.94,100,100,99.9999999902525,4.23522991042002e-09,-6.59493632605009e-10,1.79585249482761e-10,2.3413688263114e-09,2.3237895835896e-09,-0,0,0,402.981398545065,0,0
97.96,100,100,99.9999999903368,4.19857241404575e-09,-6.56028415490341e-10,1.671740172709e-10,2.34133201605622e-09,2.35635846352779e-09,-0,0,0,402.981398545259,0,0
97.98,100,100,99.9999999904204,4.16223031850008e-09,-6.52796922301743e-10,1.56223480156035e-10,2.34341613853504e-09,2.39055578746288e-09,-0,0,0,402.981398545451,0,0
98,100,100,99.9999999905033,4.12620111585833e-09,-6.49769333263387e-10,1.46791932799397e-10,2.3473058411633e-09,2.41661089141343e-09,-0,0,0,402.981398545642,0,0
98.02,100,100,99.9999999905855,4.09048229840206e-09,-6.46914866061216e-10,1.38916603241954e-10,2.35274817551812e-09,2.44429443936089e-09,-0,0,0,402.981398545831,0,0
98.04,100,100,99.9999999906669,4.05507141324429e-09,-6.44202116025784e-10,1.32622845254986e-10,2.35939560351284e-09,2.46709265531762e-09,-0,0,0,402.981398546019,0,0
98.06,100,100,99.9999999907477,4.01996601353375e-09,-6.41599365852297e-10,1.27916732298907e-10,2.36696152593419e-09,2.48826242727744e-09,-0,0,0,402.981398546204,0,0
98.08,100,100,99.9999999908277,3.98516370548534e-09,-6.39074888564685e-10,1.24793287058775e-10,2.37522744181387e-09,2.50291842324963e-09,-0,0,0,402.981398546389,0,0
98.1,100,100,99.9999999909071,3.95066211893421e-09,-6.36597210373573e-10,1.23232401002043e-10,2.38390430710894e-09,2.51431753122799e-09,-0,0,0,402.981398546571,0,0
98.12,100,100,99.9999999909858,3.91645889396132e-09,-6.34135409660584e-10,1.23197557289414e-10,2.39256245057078e-09,2.52083130721563e-09,-0,0,0,402.981398546752,0,0
98.14,100,100,99.9999999910637,3.88255165734083e-09,-6.31659496618637e-10,1.24633226560488e-10,2.40085298829242e-09,2.52083130721563e-09,-0,0,0,402.981398546932,0,0
98.16,100,100,99.9999999911411,3.84893805607473e-09,-6.29140724904782e-10,1.27471551785147e-10,2.40862577210653e-09,2.52083130721563e-09,-0,0,0,402.98139854711,0,0
98.18,100,100,99.9999999912177,3.81561578285485e-09,-6.26551770256362e-10,1.31637587315988e-10,2.41559678766833e-09,2.51268908723108e-09,-0,0,0,402.981398547286,0,0
98.2,100,100,99.9999999912937,3.78258252664284e-09,-6.23866954895475e-10,1.3704261864756e-10,2.42155691762347e-09,2.50128997925272e-09,-0,0,0,402.981398547461,0,0
98.22,100,100,99.999999991369,3.74983598175837e-09,-6.21062461210863e-10,1.43587012900092e-10,2.42615130156788e-09,2.48663398328053e-09,-0,0,0,402.981398547635,0,0
98.24,100,100,99.9999999914437,3.71737386235114e-09,-6.1811657876526e-10,1.51164125442784e-10,2.42932677080669e-09,2.46546421132071e-09,-0,0,0,402.981398547806,0,0
98.26,100,100,99.9999999915177,3.68519389207802e-09,-6.15009770271011e-10,1.59659930991738e-10,2.43080785785051e-09,2.43940910737016e-09,-0,0,0,402.981398547977,0,0
98.28,100,100,99.9999999915911,3.65329379044887e-09,-6.1172486922985e-10,1.68952405354416e-10,2.43044188418127e-09,2.41009711542579e-09,-0,0,0,402.981398548146,0,0
98.3,100,100,99.9999999916638,3.62167127376932e-09,-6.08247205987475e-10,1.78913212606683e-10,2.42797982600493e-09,2.3758997914907e-09,-0,0,0,402.981398548313,0,0
98.32,100,100,99.999999991736,3.59032406161527e-09,-6.04564758239749e-10,1.89410396220664e-10,2.42345293117272e-09,2.33844557956178e-09,-0,0,0,402.981398548479,0,0
98.34,100,100,99.9999999918075,3.5592498906086e-09,-6.00668100555567e-10,2.00311906287831e-10,2.41664314869126e-09,2.29773447963905e-09,-0,0,0,402.981398548644,0,0
98.36,100,100,99.9999999918783,3.52844646656404e-09,-5.96550512291383e-10,2.11479432352521e-10,2.40739960575099e-09,2.25213804772559e-09,-0,0,0,402.981398548807,0,0
98.38,100,100,99.9999999919486,3.49791151266264e-09,-5.92208059927841e-10,2.22777774151839e-10,2.39596965558999e-09,2.20654161581213e-09,-0,0,0,402.981398548969,0,0
98.4,100,100,99.9999999920182,3.46764278085412e-09,-5.87639394147834e-10,2.34077702307741e-10,2.38205382212912e-09,2.15443140791103e-09,-0,0,0,402.981398549129,0,0
98.42,100,100,99.9999999920873,3.43763797181839e-09,-5.82845839383604e-10,2.4524451742825e-10,2.36574476191642e-09,2.10232120000993e-09,-0,0,0,402.981398549288,0,0
98.44,100,100,99.9999999921558,3.40789480305732e-09,-5.77831347499513e-10,2.56150315843281e-10,2.34702175355284e-09,2.05021099210883e-09,-0,0,0,402.981398549445,0,0
98.46,100,100,99.9999999922236,3.37841100063547e-09,-5.72602370348566e-10,2.66673730027259e-10,2.32600429216203e-09,1.99484389621392e-09,-0,0,0,402.981398549602,0,0
98.48,100,100,99.9999999922909,3.34918429115283e-09,-5.67167715728999e-10,2.7669957970246e-10,2.30275342582961e-09,1.93784835632209e-09,-0,0,0,402.981398549756,0,0
98.5,100,100,99.9999999923576,3.32021238930429e-09,-5.61538435294664e-10,2.86117790294097e-10,2.27729128273689e-09,1.88085281643027e-09,-0,0,0,402.98139854991,0,0
98.52,100,100,99.9999999924237,3.29149302351786e-09,-5.55727723595488e-10,2.94828436545429e-10,2.24984732511158e-09,1.82222883254153e-09,-0,0,0,402.981398550062,0,0
98.54,100,100,99.9999999924892,3.26302391622693e-09,-5.49750645461238e-10,3.0273904232e-10,2.22046368316658e-09,1.76686173664661e-09,-0,0,0,402.981398550213,0,0
98.56,100,100,99.9999999925542,3.2348028053552e-09,-5.43624042199894e-10,3.09768752657103e-10,2.18933308097663e-09,1.70823775275788e-09,-0,0,0,402.981398550363,0,0
98.58,100,100,99.9999999926186,3.20682741505154e-09,-5.37366271853998e-10,3.15843923280862e-10,2.15662367565793e-09,1.65449910085987e-09,-0,0,0,402.981398550511,0,0
98.6,100,100,99.9999999926825,3.17909548273999e-09,-5.30997063782004e-10,3.209028882956e-10,2.12241798486933e-09,1.60076044896186e-09,-0,0,0,402.981398550658,0,0
98.62,100,100,99.9999999927458,3.15160475258748e-09,-5.24537274772287e-10,3.24895060051461e-10,2.08707567314737e-09,1.54865024106076e-09,-0,0,0,402.981398550804,0,0
98.64,100,100,99.9999999928086,3.12435298044509e-09,-5.18008637779122e-10,3.2778169502905e-10,2.05061692783007e-09,1.49654003315967e-09,-0,0,0,402.981398550948,0,0
98.66,100,100,99.9999999928708,3.09733791379631e-09,-5.11433598024483e-10,3.29532700412969e-10,2.01337804150332e-09,1.4493151572493e-09,-0,0,0,402.981398551091,0,0
98.68,100,100,99.9999999929324,3.07055733982604e-09,-5.04835013540266e-10,3.30134086426898e-10,1.97558443177387e-09,1.40697561332965e-09,-0,0,0,402.981398551233,0,0
98.7,100,100,99.9999999929936,3.04400907594201e-09,-4.98235904662927e-10,3.29586056111594e-10,1.93749764109199e-09,1.36463606941001e-09,-0,0,0,402.981398551374,0,0
98.72,100,100,99.9999999930542,3.01769093905538e-09,-4.916591815898e-10,3.27897491871757e-10,1.8992777898081e-09,1.32555341348419e-09,-0,0,0,402.981398551513,0,0
98.74,100,100,99.9999999931143,2.99160074451632e-09,-4.85127504754813e-10,3.25085360687613e-10,1.86103844109676e-09,1.28972764555218e-09,-0,0,0,402.981398551652,0,0
98.76,100,100,99.9999999931739,2.96573632038251e-09,-4.78663085269832e-10,3.2117643868703e-10,1.82307907612324e-09,1.2587872096109e-09,-0,0,0,402.981398551789,0,0
98.78,100,100,99.9999999932329,2.94009553836834e-09,-4.72287483249457e-10,3.16211599189404e-10,1.78560736435824e-09,1.22784677366963e-09,-0,0,0,402.981398551925,0,0
98.8,100,100,99.9999999932915,2.91467626927448e-09,-4.66021362004855e-10,3.10237718353534e-10,1.74882233066757e-09,1.2050485577129e-09,-0,0,0,402.981398552059,0,0
98.82,100,100,99.9999999933495,2.88947645248444e-09,-4.59884290092624e-10,3.03318007484153e-10,1.71308056110062e-09,1.18550722974999e-09,-0,0,0,402.981398552193,0,0
98.84,100,100,99.9999999934071,2.86449405207521e-09,-4.53894472709578e-10,2.95523752531553e-10,1.67843672210095e-09,1.16759434578398e-09,-0,0,0,402.981398552326,0,0
98.86,100,100,99.9999999934641,2.83972702738191e-09,-4.48068681933002e-10,2.86928672072187e-10,1.64504927231905e-09,1.15619523780562e-09,-0,0,0,402.981398552457,0,0
98.88,100,100,99.9999999935207,2.81517339336331e-09,-4.42422092940921e-10,2.77617598817168e-10,1.61316805377388e-09,1.14642457382416e-09,-0,0,0,402.981398552587,0,0
98.9,100,100,99.9999999935767,2.79083119063475e-09,-4.36968150359275e-10,2.67680505209325e-10,1.5828889647263e-09,1.13991079783652e-09,-0,0,0,402.981398552716,0,0
98.92,100,100,99.9999999936323,2.76669847190118e-09,-4.31718445082168e-10,2.57209168287821e-10,1.55424876274369e-09,1.13665390984271e-09,-0,0,0,402.981398552844,0,0
98.94,100,100,99.9999999936874,2.74277331225367e-09,-4.26682723816108e-10,2.46297897121223e-10,1.52742300680905e-09,1.13991079783652e-09,-0,0,0,402.981398552971,0,0
98.96,100,100,99.999999993742,2.71905384438001e-09,-4.2186878456877e-10,2.35048074761187e-10,1.50250234935502e-09,1.14316768583034e-09,-0,0,0,402.981398553096,0,0
98.98,100,100,99.9999999937962,2.6955382084772e-09,-4.1728240083423e-10,2.23558920037014e-10,1.47948704326533e-09,1.14805301782107e-09,-0,0,0,402.981398553221,0,0
99,100,100,99.9999999938498,2.67222456355659e-09,-4.12927383119888e-10,2.11928418134121e-10,1.45844849280811e-09,1.15945212579944e-09,-0,0,0,402.981398553345,0,0
99.02,100,100,99.999999993903,2.64911114467416e-09,-4.08805510909326e-10,2.00261478521348e-10,1.43957198758597e-09,1.1708512337778e-09,-0,0,0,402.981398553467,0,0
99.04,100,100,99.9999999939558,2.62619619221297e-09,-4.04916505831528e-10,1.88657416967232e-10,1.42261302601252e-09,1.18225034175617e-09,-0,0,0,402.981398553588,0,0
99.06,100,100,99.9999999940081,2.60347794832161e-09,-4.01258188346824e-10,1.77208704054638e-10,1.40767724897717e-09,1.19853478172526e-09,-0,0,0,402.981398553709,0,0
99.08,100,100,99.9999999940599,2.58095472056497e-09,-3.97826495252499e-10,1.66010372902107e-10,1.39477305134775e-09,1.21644766569126e-09,-0,0,0,402.981398553828,0,0
99.1,100,100,99.9999999941113,2.55862483287108e-09,-3.94615507816655e-10,1.5515123500827e-10,1.38373326168912e-09,1.23273210566036e-09,-0,0,0,402.981398553946,0,0
99.12,100,100,99.9999999941623,2.53648663227397e-09,-3.91617622421523e-10,1.44714436367691e-10,1.37466690890199e-09,1.25227343362327e-09,-0,0,0,402.981398554064,0,0
99.14,100,100,99.9999999942128,2.51453851954608e-09,-3.88823562540726e-10,1.34781639224237e-10,1.36742862361132e-09,1.27344320558309e-09,-0,0,0,402.98139855418,0,0
99.16,100,100,99.9999999942629,2.49277892220092e-09,-3.86222490843583e-10,1.25428111732743e-10,1.3619331562092e-09,1.28972764555218e-09,-0,0,0,402.981398554295,0,0
99.18,100,100,99.9999999943125,2.47120625723616e-09,-3.83802167735145e-10,1.1671630018006e-10,1.35798355269285e-09,1.30926897351509e-09,-0,0,0,402.981398554409,0,0
99.2,100,100,99.9999999943617,2.44981897512532e-09,-3.81549182627592e-10,1.08702778804553e-10,1.35547894692944e-09,1.32881030147801e-09,-0,0,0,402.981398554523,0,0
99.22,100,100,99.9999999944105,2.42861556352854e-09,-3.7944905764026e-10,1.01438560682072e-10,1.35437805583838e-09,1.34672318544401e-09,-0,0,0,402.981398554635,0,0
99.24,100,100,99.9999999944589,2.40759452940942e-09,-3.77486356592132e-10,9.49659642627119e-11,1.35446843883076e-09,1.36463606941001e-09,-0,0,0,402.981398554746,0,0
99.26,100,100,99.9999999945068,2.38675441463228e-09,-3.75644894232874e-10,8.93211640968626e-11,1.35572513601915e-09,1.3809205093791e-09,-0,0,0,402.981398554857,0,0
99.28,100,100,99.9999999945543,2.36609376090597e-09,-3.73907830627098e-10,8.45284181806182e-11,1.35773980226687e-09,1.39557650535129e-09,-0,0,0,402.981398554966,0,0
99.3,100,100,99.9999999946015,2.34561111543668e-09,-3.72257981574358e-10,8.06013816479118e-11,1.36056978605302e-09,1.40860405732656e-09,-0,0,0,402.981398555074,0,0
99.32,100,100,99.9999999946482,2.32530508620523e-09,-3.706779155934e-10,7.75521545214396e-11,1.36405623539154e-09,1.41837472130802e-09,-0,0,0,402.981398555182,0,0
99.34,100,100,99.9999999946945,2.30517427346957e-09,-3.69150050310572e-10,7.53803643059506e-11,1.36796606643308e-09,1.42977382928638e-09,-0,0,0,402.981398555288,0,0
99.36,100,100,99.9999999947404,2.28521730532803e-09,-3.67656891685623e-10,7.40794177428446e-11,1.37216461600113e-09,1.43628760527402e-09,-0,0,0,402.981398555394,0,0
99.38,100,100,99.9999999947859,2.26543280676443e-09,-3.66181177791352e-10,7.36319202139958e-11,1.37647750008661e-09,1.44280138126166e-09,-0,0,0,402.981398555499,0,0
99.4,100,100,99.999999994831,2.24581943865547e-09,-3.6470605262133e-10,7.40165403866555e-11,1.38078994802623e-09,1.44442982525857e-09,-0,0,0,402.981398555603,0,0
99.42,100,100,99.9999999948757,2.2263758495812e-09,-3.63215183091088e-10,7.52007388347008e-11,1.38489427489047e-09,1.44442982525857e-09,-0,0,0,402.981398555706,0,0
99.44,100,100,99.99999999492,2.20710070901697e-09,-3.61692947385286e-10,7.71468692164151e-11,1.38866269214293e-09,1.44117293726475e-09,-0,0,0,402.981398555808,0,0
99.46,100,100,99.999999994964,2.18799268498872e-09,-3.6012453196224e-10,7.98091970459381e-11,1.39190689752978e-09,1.43465916127711e-09,-0,0,0,402.981398555909,0,0
99.48,100,100,99.9999999950076,2.1690504344904e-09,-3.58496163074575e-10,8.31332842262895e-11,1.39443364436539e-09,1.42651694129256e-09,-0,0,0,402.981398556009,0,0
99.5,100,100,99.9999999950507,2.15027262300257e-09,-3.56795185523972e-10,8.70599199854868e-11,1.39618422067016e-09,1.41674627731111e-09,-0,0,0,402.981398556109,0,0
99.52,100,100,99.9999999950936,2.13165795465841e-09,-3.55010136936948e-10,9.15307744815066e-11,1.3972086853536e-09,1.40534716933274e-09,-0,0,0,402.981398556207,0,0
99.54,100,100,99.999999995136,2.11320512585767e-09,-3.53130740074249e-10,9.64815259608534e-11,1.39713264469526e-09,1.38906272936365e-09,-0,0,0,402.981398556305,0,0
99.56,100,100,99.9999999951781,2.09491280959003e-09,-3.51148139500712e-10,1.01840461863701e-10,1.39602816324083e-09,1.37114984539765e-09,-0,0,0,402.981398556402,0,0
99.58,100,100,99.9999999952198,2.07677970461224e-09,-3.49054858128448e-10,1.0753711159662e-10,1.39376848838012e-09,1.34998007343783e-09,-0,0,0,402.981398556498,0,0
99.6,100,100,99.9999999952612,2.0588044851478e-09,-3.46844898323061e-10,1.13495038417059e-10,1.39023733538395e-09,1.33043874547491e-09,-0,0,0,402.981398556593,0,0
99.62,100,100,99.9999999953022,2.04098586186535e-09,-3.44513769093047e-10,1.19642550720641e-10,1.38553125983139e-09,1.30438364152437e-09,-0,0,0,402.981398556687,0,0
99.64,100,100,99.9999999953428,2.02332251828184e-09,-3.4205843715706e-10,1.25903088756602e-10,1.379448281094e-09,1.27832853757382e-09,-0,0,0,402.981398556781,0,0
99.66,100,100,99.9999999953831,2.0058131350879e-09,-3.39477400154105e-10,1.32200072448893e-10,1.37200607096912e-09,1.24901654562945e-09,-0,0,0,402.981398556874,0,0
99.68,100,100,99.999999995423,1.9884563972962e-09,-3.36770694728277e-10,1.38458852772915e-10,1.36329458493691e-09,1.2229614416789e-09,-0,0,0,402.981398556966,0,0
99.7,100,100,99.9999999954626,1.97125100469237e-09,-3.33939774403809e-10,1.44608939151791e-10,1.35314715103325e-09,1.19039256174071e-09,-0,0,0,402.981398557057,0,0
99.72,100,100,99.9999999955019,1.9541956210729e-09,-3.30987568519746e-10,1.50576628486722e-10,1.34174797816002e-09,1.16270901379325e-09,-0,0,0,402.981398557147,0,0
99.74,100,100,99.9999999955408,1.93728896511714e-09,-3.27918334769839e-10,1.56300142380304e-10,1.32910432978481e-09,1.13014013385507e-09,-0,0,0,402.981398557237,0,0
99.76,100,100,99.9999999955794,1.9205297207604e-09,-3.24737613285321e-10,1.61715687955462e-10,1.31521062475797e-09,1.09757125391688e-09,-0,0,0,402.981398557325,0,0
99.78,100,100,99.9999999956176,1.90391656548759e-09,-3.21452162585003e-10,1.66762543373065e-10,1.30007752020916e-09,1.0650023739787e-09,-0,0,0,402.981398557413,0,0
99.8,100,100,99.9999999956555,1.8874481835211e-09,-3.18069941807627e-10,1.71385743422906e-10,1.28385487130747e-09,1.03243349404051e-09,-0,0,0,402.981398557501,0,0
99.82,100,100,99.9999999956931,1.87112327052034e-09,-3.1459989696123e-10,1.75537000106582e-10,1.26661302645834e-09,9.99864614102323e-10,-0,0,0,402.981398557587,0,0
99.84,100,100,99.9999999957304,1.85494050947535e-09,-3.11051917762534e-10,1.79171167765405e-10,1.24836580750476e-09,9.68924178161046e-10,-0,0,0,402.981398557673,0,0
99.86,100,100,99.9999999957673,1.83889860481751e-09,-3.07436741118582e-10,1.82252019838244e-10,1.22936996784338e-09,9.37983742219769e-10,-0,0,0,402.981398557758,0,0
99.88,100,100,99.9999999958039,1.82299627715381e-09,-3.03765721460163e-10,1.84751321147097e-10,1.20972806973915e-09,9.1192863826922e-10,-0,0,0,402.981398557842,0,0
99.9,100,100,99.9999999958402,1.80723226019891e-09,-3.00050702574553e-10,1.8664834131582e-10,1.18942516186183e-09,8.79359758331033e-10,-0,0,0,402.981398557926,0,0
99.92,100,100,99.9999999958762,1.79160522965673e-09,-2.9630398071371e-10,1.87918485640521e-10,1.16852547203972e-09,8.51676210383575e-10,-0,0,0,402.981398558009,0,0
99.94,100,100,99.9999999959119,1.77611390352156e-09,-2.92538236511555e-10,1.88549570689379e-10,1.14727636763742e-09,8.25621106433026e-10,-0,0,0,402.981398558091,0,0
99.96,100,100,99.9999999959473,1.76075702156534e-09,-2.88766287628494e-10,1.88538161896832e-10,1.12584163454915e-09,8.04451334473204e-10,-0,0,0,402.981398558172,0,0
99.98,100,100,99.9999999959823,1.74553333821694e-09,-2.85000965022758e-10,1.87888183768065e-10,1.10421273417386e-09,7.80024674519565e-10,-0,0,0,402.981398558253,0,0
100,100,100,99.9999999960171,1.73044158340592e-09,-2.81254992917238e-10,1.86604330194749e-10,1.0825615378845e-09,7.57226458562834e-10,-0,0,0,402.981398558333,0,0
100.02,100,100,99.9999999960516,1.71548051086733e-09,-2.77540936193973e-10,1.84699656474786e-10,1.06103065429281e-09,7.39313574596832e-10,-0,0,0,402.981398558412,0,0
100.04,100,100,99.9999999960857,1.70064889581222e-09,-2.73871005051659e-10,1.8219469907969e-10,1.03969812497631e-09,7.21400690630829e-10,-0,0,0,402.981398558491,0,0
100.06,100,100,99.9999999961196,1.68594550846311e-09,-2.70256996209909e-10,1.79112853245677e-10,1.01869228928497e-09,7.06744694658645e-10,-0,0,0,402.981398558569,0,0
100.08,100,100,99.9999999961532,1.6713691399206e-09,-2.66710145641335e-10,1.75484023783214e-10,9.98095973832773e-10,6.93717142683371e-10,-0,0,0,402.981398558646,0,0
100.1,100,100,99.9999999961864,1.65691859215005e-09,-2.6324106359531e-10,1.71342553112845e-10,9.78093981306634e-10,6.82318034705005e-10,-0,0,0,402.981398558723,0,0
100.12,100,100,99.9999999962194,1.64259269901596e-09,-2.59859591366618e-10,1.66729993107182e-10,9.5878802687909e-10,6.74175814720459e-10,-0,0,0,402.981398558799,0,0
100.14,100,100,99.9999999962521,1.62839030550669e-09,-2.56574706907075e-10,1.61691132163241e-10,9.4020205522292e-10,6.66033594735912e-10,-0,0,0,402.981398558874,0,0
100.16,100,100,99.9999999962846,1.61431024813818e-09,-2.5339449622794e-10,1.56270314473945e-10,9.2241391694047e-10,6.62776706742094e-10,-0,0,0,402.981398558949,0,0
100.18,100,100,99.9999999963167,1.6003514100994e-09,-2.50326095946254e-10,1.50519779379273e-10,9.05597924032248e-10,6.59519818748275e-10,-0,0,0,402.981398559023,0,0
100.2,100,100,99.9999999963486,1.58651268387934e-09,-2.47375551151446e-10,1.4449283717061e-10,8.8974453555137e-10,6.57891374751366e-10,-0,0,0,402.981398559096,0,0
100.22,100,100,99.9999999963802,1.57279296965347e-09,-2.44547873161055e-10,1.38243152743122e-10,8.74932800719327e-10,6.61148262745184e-10,-0,0,0,402.981398559169,0,0
100.24,100,100,99.9999999964115,1.55919119754641e-09,-2.41846931239733e-10,1.3182761869839e-10,8.61163287454177e-10,6.62776706742094e-10,-0,0,0,402.981398559241,0,0
100.26,100,100,99.9999999964426,1.54570629382164e-09,-2.39275510282111e-10,1.25300416680595e-10,8.48456837697715e-10,6.64405150739003e-10,-0,0,0,402.981398559312,0,0
100.28,100,100,99.9999999964733,1.53233718891415e-09,-2.3683531388343e-10,1.18713782050208e-10,8.36817266579452e-10,6.72547370723549e-10,-0,0,0,402.981398559383,0,0
100.3,100,100,99.9999999965038,1.5190828629996e-09,-2.34526968883768e-10,1.121248531395e-10,8.26312270366136e-10,6.77432702714277e-10,-0,0,0,402.981398559453,0,0
100.32,100,100,99.9999999965341,1.5059423047019e-09,-2.32349973370204e-10,1.05588362351028e-10,8.16992964048504e-10,6.83946478701915e-10,-0,0,0,402.981398559523,0,0
100.34,100,100,99.9999999965641,1.49291453038332e-09,-2.30302729852735e-10,9.91592591290321e-11,8.08872140439077e-10,6.96974030677189e-10,-0,0,0,402.981398559592,0,0
100.36,100,100,99.9999999965938,1.47999859146292e-09,-2.28382515808854e-10,9.28933142194683e-11,8.01832854851653e-10,7.03487806664826e-10,-0,0,0,402.98139855966,0,0
100.38,100,100,99.9999999966233,1.46719351436352e-09,-2.26585602122656e-10,8.68371056485931e-11,7.95950071380269e-10,7.16515358640101e-10,-0,0,0,402.981398559728,0,0
100.4,100,100,99.9999999966525,1.4544983785096e-09,-2.24907291237341e-10,8.10402242995607e-11,7.91057563210805e-10,7.24657578624648e-10,-0,0,0,402.981398559795,0,0
100.42,100,100,99.9999999966815,1.44191224443043e-09,-2.23341999138527e-10,7.55433719640562e-11,7.87216878826998e-10,7.36056686603013e-10,-0,0,0,402.981398559862,0,0
100.44,100,100,99.9999999967102,1.42943422052162e-09,-2.21883286553784e-10,7.03888086214867e-11,7.8435905443472e-10,7.47455794581378e-10,-0,0,0,402.981398559928,0,0
100.46,100,100,99.9999999967387,1.41706341218644e-09,-2.20523929935781e-10,6.56118788502478e-11,7.82332645839178e-10,7.57226458562834e-10,-0,0,0,402.981398559994,0,0
100.48,100,100,99.9999999967669,1.40479892600674e-09,-2.19256088514284e-10,6.12416710909647e-11,7.81120181314137e-10,7.68625566541199e-10,-0,0,0,402.981398560058,0,0
100.5,100,100,99.9999999967949,1.39263990373896e-09,-2.18071349564713e-10,5.73063467664467e-11,7.80667959566213e-10,7.78396230522655e-10,-0,0,0,402.981398560123,0,0
100.52,100,100,99.9999999968226,1.38058548662942e-09,-2.16960788296054e-10,5.38272495517675e-11,7.80858114653834e-10,7.8979533850102e-10,-0,0,0,402.981398560187,0,0
100.54,100,100,99.9999999968501,1.36863485559114e-09,-2.15915082103328e-10,5.08254297643404e-11,7.81716847111308e-10,7.96309114488658e-10,-0,0,0,402.98139856025,0,0
100.56,100,100,99.9999999968773,1.35678717288574e-09,-2.14924525230192e-10,4.83120891125419e-11,7.82975352120995e-10,8.02822890476295e-10,-0,0,0,402.981398560313,0,0
100.58,100,100,99.9999999969044,1.34504158206924e-09,-2.13979328911466e-10,4.62890211059856e-11,7.8448585458e-10,8.10965110460842e-10,-0,0,0,402.981398560375,0,0
100.6,100,100,99.9999999969311,1.33339727281949e-09,-2.13069671980597e-10,4.47592395544947e-11,7.86387868780296e-10,8.1585044245157e-10,-0,0,0,402.981398560437,0,0
100.62,100,100,99.9999999969577,1.32185345867588e-09,-2.12185671692417e-10,4.37233398351713e-11,7.88570382916934e-10,8.22364218439207e-10,-0,0,0,402.981398560498,0,0
100.64,100,100,99.999999996984,1.31040936741762e-09,-2.1131747241216e-10,4.31781381508765e-11,7.90891020911901e-10,8.25621106433026e-10,-0,0,0,402.981398560558,0,0
100.66,100,100,99.9999999970101,1.29906420995176e-09,-2.10455349893165e-10,4.31119217460245e-11,7.93237099300827e-10,8.28877994426844e-10,-0,0,0,402.981398560618,0,0
100.68,100,100,99.999999997036,1.28781721996918e-09,-2.09589885266031e-10,4.35113178843663e-11,7.95570669086422e-10,8.28877994426844e-10,-0,0,0,402.981398560678,0,0
100.7,100,100,99.9999999970616,1.27666762001207e-09,-2.08711935297329e-10,4.43559634018919e-11,7.97682570912294e-10,8.25621106433026e-10,-0,0,0,402.981398560737,0,0
100.72,100,100,99.999999997087,1.26561460826778e-09,-2.07812876987836e-10,4.56170313672812e-11,7.99466317176418e-10,8.23992662436116e-10,-0,0,0,402.981398560795,0,0
100.74,100,100,99.9999999971122,1.25465740614141e-09,-2.06884667187515e-10,4.72653654415339e-11,8.00888829018436e-10,8.19107330445388e-10,-0,0,0,402.981398560853,0,0
100.76,100,100,99.9999999971372,1.24379525176665e-09,-2.05919881825619e-10,4.92708406824739e-11,8.02027607261562e-10,8.1585044245157e-10,-0,0,0,402.981398560911,0,0
100.78,100,100,99.999999997162,1.23302740252968e-09,-2.04911650959314e-10,5.16029880469193e-11,8.026717207748e-10,8.09336666463932e-10,-0,0,0,402.981398560968,0,0
100.8,100,100,99.9999999971865,1.22235309849036e-09,-2.03853823384528e-10,5.42257205243415e-11,8.02799878815944e-10,7.97937558485567e-10,-0,0,0,402.981398561024,0,0
100.82,100,100,99.9999999972109,1.21177156581369e-09,-2.02740972478585e-10,5.70983003379506e-11,8.02343914894496e-10,7.9142378249793e-10,-0,0,0,402.98139856108,0,0
100.84,100,100,99.999999997235,1.20128207503595e-09,-2.01568468993052e-10,6.01852986501865e-11,8.01356052244481e-10,7.81653118516474e-10,-0,0,0,402.981398561136,0,0
100.86,100,100,99.9999999972589,1.19088386801436e-09,-2.00332411003515e-10,6.34450670759242e-11,7.99590585342874e-10,7.68625566541199e-10,-0,0,0,402.981398561191,0,0
100.88,100,100,99.9999999972826,1.18057616985399e-09,-1.99029817764452e-10,6.68324426994426e-11,7.97133774131829e-10,7.55598014565925e-10,-0,0,0,402.981398561246,0,0
100.9,100,100,99.9999999973061,1.1703582333483e-09,-1.97658536319851e-10,7.03062392653572e-11,7.93959076657293e-10,7.39313574596832e-10,-0,0,0,402.9813985613,0,0
100.92,100,100,99.9999999973295,1.16022928944782e-09,-1.96217291749915e-10,7.38217516339256e-11,7.90010061540045e-10,7.26286022621557e-10,-0,0,0,402.981398561353,0,0
100.94,100,100,99.9999999973526,1.15018860334989e-09,-1.94705642384017e-10,7.73402087710862e-11,7.85422469096101e-10,7.11630026649373e-10,-0,0,0,402.981398561407,0,0
100.96,100,100,99.9999999973755,1.14023544455872e-09,-1.93123908956139e-10,8.08242006245591e-11,7.80096231997356e-10,6.92088698686461e-10,-0,0,0,402.981398561459,0,0
100.98,100,100,99.9999999973982,1.13036904244707e-09,-1.91473196847884e-10,8.42309252637091e-11,7.73994433215063e-10,6.75804258717368e-10,-0,0,0,402.981398561511,0,0
101,100,100,99.9999999974207,1.12058863898114e-09,-1.89755449625769e-10,8.75212153035075e-11,7.6711280690494e-10,6.57891374751366e-10,-0,0,0,402.981398561563,0,0
101.02,100,100,99.999999997443,1.11089346959041e-09,-1.87973384613385e-10,9.06567438277318e-11,7.59537835471609e-10,6.41606934782272e-10,-0,0,0,402.981398561615,0,0
101.04,100,100,99.9999999974651,1.10128279260611e-09,-1.86130427024876e-10,9.36050303344603e-11,7.51294973616163e-10,6.2206560681936e-10,-0,0,0,402.981398561666,0,0
101.06,100,100,99.9999999974871,1.09175584387584e-09,-1.84230655377922e-10,9.6332334970111e-11,7.42376555159798e-10,6.04152722853358e-10,-0,0,0,402.981398561716,0,0
101.08,100,100,99.9999999975088,1.08231186756748e-09,-1.82278800497129e-10,9.88089528186501e-11,7.3282494118206e-10,5.84611394890446e-10,-0,0,0,402.981398561766,0,0
101.1,100,100,99.9999999975304,1.07295009202129e-09,-1.80280166333465e-10,1.01005467317241e-10,7.22647154361355e-10,5.66698510924444e-10,-0,0,0,402.981398561816,0,0
101.12,100,100,99.9999999975517,1.06366977624824e-09,-1.7824058997593e-10,1.02900465893155e-10,7.12093626296491e-10,5.5041407095535e-10,-0,0,0,402.981398561865,0,0
101.14,100,100,99.9999999975729,1.05447019537199e-09,-1.76166264703346e-10,1.04478065223084e-10,7.01082357488302e-10,5.34129630986257e-10,-0,0,0,402.981398561914,0,0
101.16,100,100,99.9999999975939,1.04535060171075e-09,-1.74063698170614e-10,1.05721701128644e-10,6.8969602464117e-10,5.16216747020255e-10,-0,0,0,402.981398561962,0,0
101.18,100,100,99.9999999976147,1.03631024589366e-09,-1.71939718530146e-10,1.0661768337796e-10,6.77959943939808e-10,5.01560751048071e-10,-0,0,0,402.98139856201,0,0
101.2,100,100,99.9999999976354,1.02734840652694e-09,-1.69801350281639e-10,1.07159894952781e-10,6.66052476906739e-10,4.85276311078977e-10,-0,0,0,402.981398562057,0,0
101.22,100,100,99.9999999976558,1.01846435098823e-09,-1.67655721202057e-10,1.0734332362418e-10,6.53897707129658e-10,4.68991871109884e-10,-0,0,0,402.981398562104,0,0
101.24,100,100,99.9999999976761,1.00965733531154e-09,-1.65510056248009e-10,1.07164067563875e-10,6.41653962181823e-10,4.57592763131519e-10,-0,0,0,402.981398562151,0,0
101.26,100,100,99.9999999976962,1.00092665581356e-09,-1.63371547278262e-10,1.06627453274498e-10,6.29376633808222e-10,4.46193655153154e-10,-0,0,0,402.981398562197,0,0
101.28,100,100,99.9999999977161,9.92271595013299e-10,-1.61247303152012e-10,1.05739134048442e-10,6.17102829085941e-10,4.33166103177879e-10,-0,0,0,402.981398562243,0,0
101.3,100,100,99.9999999977359,9.83691421118613e-10,-1.59144291806614e-10,1.04504835707889e-10,6.04833528359215e-10,4.21766995199514e-10,-0,0,0,402.981398562289,0,0
101.32,100,100,99.9999999977555,9.75185431567711e-10,-1.57069339509255e-10,1.02937303166304e-10,5.92831523986169e-10,4.13624775214967e-10,-0,0,0,402.981398562334,0,0
101.34,100,100,99.9999999977749,9.66752955215187e-10,-1.55028895961368e-10,1.01056091387855e-10,5.81078488912069e-10,4.05482555230421e-10,-0,0,0,402.981398562379,0,0
101.36,100,100,99.9999999977942,9.58393289868179e-10,-1.53029081727001e-10,9.88773313695613e-11,5.69506376776473e-10,3.98968779242784e-10,-0,0,0,402.981398562423,0,0
101.38,100,100,99.9999999978132,9.50105740437927e-10,-1.51075667431431e-10,9.64196970408949e-11,5.58260491934883e-10,3.92455003255146e-10,-0,0,0,402.981398562467,0,0
101.4,100,100,99.9999999978322,9.41889640181854e-10,-1.49173992979749e-10,9.37074815062398e-11,5.47496028837194e-10,3.89198115261328e-10,-0,0,0,402.98139856251,0,0
101.42,100,100,99.9999999978509,9.33744339828484e-10,-1.47328879326172e-10,9.07684153420188e-11,5.37127614793273e-10,3.843127832706e-10,-0,0,0,402.981398562553,0,0
101.44,100,100,99.9999999978695,9.25669165792195e-10,-1.45544618695582e-10,8.7626629869044e-11,5.27219011814769e-10,3.8268433927369e-10,-0,0,0,402.981398562596,0,0
101.46,100,100,99.9999999978879,9.17663475207484e-10,-1.43824970120355e-10,8.43112706312291e-11,5.17844461372033e-10,3.81055895276781e-10,-0,0,0,402.981398562639,0,0
101.48,100,100,99.9999999979062,9.09726635136651e-10,-1.42173114510146e-10,8.08527640676614e-11,5.09057577413993e-10,3.81055895276781e-10,-0,0,0,402.981398562681,0,0
101.5,100,100,99.9999999979243,9.01858028467224e-10,-1.40591596922763e-10,7.72833626074219e-11,5.0089046121097e-10,3.8268433927369e-10,-0,0,0,402.981398562722,0,0
101.52,100,100,99.9999999979423,8.94057044621287e-10,-1.39082317716346e-10,7.36352993462337e-11,4.93320028305682e-10,3.843127832706e-10,-0,0,0,402.981398562764,0,0
101.54,100,100,99.9999999979601,8.86323075423811e-10,-1.37646515050367e-10,6.99397719840907e-11,4.86377920412853e-10,3.85941227267509e-10,-0,0,0,402.981398562805,0,0
101.56,100,100,99.9999999979778,8.78655512732091e-10,-1.36284847347848e-10,6.62263753820557e-11,4.80024740802694e-10,3.90826559258237e-10,-0,0,0,402.981398562845,0,0
101.58,100,100,99.9999999979952,8.71053791895694e-10,-1.34997346145681e-10,6.25297723002964e-11,4.74448275732893e-10,3.94083447252056e-10,-0,0,0,402.981398562886,0,0
101.6,100,100,99.9999999980126,8.63517343716661e-10,-1.33783338705051e-10,5.88814452517601e-11,4.69459593960763e-10,3.98968779242784e-10,-0,0,0,402.981398562925,0,0
101.62,100,100,99.9999999980298,8.56045592702338e-10,-1.32641575611894e-10,5.53093326193031e-11,4.65054641787124e-10,4.02225667236602e-10,-0,0,0,402.981398562965,0,0
101.64,100,100,99.9999999980468,8.48637964543873e-10,-1.31570282821797e-10,5.18388666369599e-11,4.6125001533493e-10,4.08739443224239e-10,-0,0,0,402.981398563004,0,0
101.66,100,100,99.9999999980637,8.41293913919274e-10,-1.30567151619768e-10,4.84972052361079e-11,4.58040850666132e-10,4.15253219211877e-10,-0,0,0,402.981398563043,0,0
101.68,100,100,99.9999999980805,8.34012915022775e-10,-1.29629347488438e-10,4.53114686162585e-11,4.55493729038663e-10,4.21766995199514e-10,-0,0,0,402.981398563082,0,0
101.7,100,100,99.9999999980971,8.26794446206796e-10,-1.28753487256061e-10,4.23059596050906e-11,4.53424781286378e-10,4.25023883193333e-10,-0,0,0,402.98139856312,0,0
101.72,100,100,99.9999999981136,8.19637956133464e-10,-1.27935802128467e-10,3.94967617857455e-11,4.51823597134967e-10,4.33166103177879e-10,-0,0,0,402.981398563158,0,0
101.74,100,100,99.9999999981299,8.12542940153495e-10,-1.27172170101757e-10,3.69039947545905e-11,4.5070958215654e-10,4.38051435168607e-10,-0,0,0,402.981398563195,0,0
101.76,100,100,99.9999999981461,8.05508892293431e-10,-1.26458096692282e-10,3.45438587732838e-11,4.50034392252315e-10,4.41308323162426e-10,-0,0,0,402.981398563233,0,0
101.78,100,100,99.9999999981621,7.98535302103762e-10,-1.25788809065453e-10,3.24281424625968e-11,4.49700850465465e-10,4.46193655153154e-10,-0,0,0,402.981398563269,0,0
101.8,100,100,99.999999998178,7.91621682369388e-10,-1.25159288278661e-10,3.05686733934839e-11,4.4979202654493e-10,4.52707431140791e-10,-0,0,0,402.981398563306,0,0
101.82,100,100,99.9999999981938,7.84767564453e-10,-1.24564288101048e-10,2.89764919035911e-11,4.50174337187333e-10,4.57592763131519e-10,-0,0,0,402.981398563342,0,0
101.84,100,100,99.9999999982094,7.77972467489906e-10,-1.23998407338466e-10,2.76569353797208e-11,4.50812079814521e-10,4.62478095122247e-10,-0,0,0,402.981398563378,0,0
101.86,100,100,99.9999999982249,7.71235926445019e-10,-1.2345615817479e-10,2.66142635037816e-11,4.51688740641954e-10,4.67363427112975e-10,-0,0,0,402.981398563414,0,0
101.88,100,100,99.9999999982403,7.64557492088687e-10,-1.22931969488186e-10,2.58516513505989e-11,4.52752723472785e-10,4.68991871109884e-10,-0,0,0,402.981398563449,0,0
101.9,100,100,99.9999999982555,7.57936699742312e-10,-1.22420249921857e-10,2.53662446741708e-11,4.53888131697981e-10,4.70620315106794e-10,-0,0,0,402.981398563484,0,0
101.92,100,100,99.9999999982706,7.51373087178124e-10,-1.21915512490193e-10,2.51523219733381e-11,4.55073431103418e-10,4.73877203100612e-10,-0,0,0,402.981398563519,0,0
101.94,100,100,99.9999999982856,7.4486621038932e-10,-1.21412386857904e-10,2.52039569504033e-11,4.56251121250158e-10,4.73877203100612e-10,-0,0,0,402.981398563554,0,0
101.96,100,100,99.9999999983004,7.38415611418666e-10,-1.20905655890817e-10,2.55099772869296e-11,4.57370992652099e-10,4.75505647097522e-10,-0,0,0,402.981398563588,0,0
101.98,100,100,99.9999999983151,7.32020862100222e-10,-1.20390340855806e-10,2.60613082354677e-11,4.5843436036388e-10,4.72248759103703e-10,-0,0,0,402.981398563621,0,0
102,100,100,99.9999999983297,7.25681498559622e-10,-1.19861685249439e-10,2.68404932891807e-11,4.59255289451037e-10,4.72248759103703e-10,-0,0,0,402.981398563655,0,0
102.02,100,100,99.9999999983441,7.19397092386785e-10,-1.19315289485942e-10,2.78336201860858e-11,4.59987086710821e-10,4.68991871109884e-10,-0,0,0,402.981398563688,0,0
102.04,100,100,99.9999999983585,7.1316720009501e-10,-1.18747035541357e-10,2.90221875998075e-11,4.6039163868851e-10,4.65734983116066e-10,-0,0,0,402.981398563721,0,0
102.06,100,100,99.9999999983727,7.06991380504653e-10,-1.18153223212248e-10,3.03863626831645e-11,4.60576981178919e-10,4.60849651125338e-10,-0,0,0,402.981398563754,0,0
102.08,100,100,99.9999999983867,7.00869193244841e-10,-1.17530546794577e-10,3.19049122293742e-11,4.60418372863279e-10,4.57592763131519e-10,-0,0,0,402.981398563786,0,0
102.1,100,100,99.9999999984007,6.94800214091221e-10,-1.16876119291074e-10,3.35579612668923e-11,4.59970684327478e-10,4.49450543146972e-10,-0,0,0,402.981398563818,0,0
102.12,100,100,99.9999999984145,6.88783985997032e-10,-1.16187498373192e-10,3.53193352748821e-11,4.59044846165475e-10,4.42936767159335e-10,-0,0,0,402.98139856385,0,0
102.14,100,100,99.9999999984283,6.82820062306922e-10,-1.15462779795516e-10,3.71639873045678e-11,4.57758625106289e-10,4.36422991171698e-10,-0,0,0,402.981398563882,0,0
102.16,100,100,99.9999999984419,6.76908025569512e-10,-1.14700516906404e-10,3.90711610098987e-11,4.56152150892964e-10,4.28280771187151e-10,-0,0,0,402.981398563913,0,0
102.18,100,100,99.9999999984553,6.71047458620761e-10,-1.13899663179981e-10,4.10198342751067e-11,4.54194169788341e-10,4.20138551202605e-10,-0,0,0,402.981398563944,0,0
102.2,100,100,99.9999999984687,6.65237928125184e-10,-1.13059611352935e-10,4.29863372890861e-11,4.51785439374752e-10,4.13624775214967e-10,-0,0,0,402.981398563975,0,0
102.22,100,100,99.9999999984819,6.59479016156654e-10,-1.12180225126466e-10,4.49497628549909e-11,4.49040793206124e-10,4.03854111233511e-10,-0,0,0,402.981398564005,0,0
102.24,100,100,99.9999999984951,6.53770291581388e-10,-1.11261796043465e-10,4.68874786053885e-11,4.45842977833287e-10,3.94083447252056e-10,-0,0,0,402.981398564036,0,0
102.26,100,100,99.9999999985081,6.48111314714079e-10,-1.10305065879822e-10,4.87761528550599e-11,4.42239353530272e-10,3.85941227267509e-10,-0,0,0,402.981398564066,0,0
102.28,100,100,99.999999998521,6.42501662947674e-10,-1.09311215349996e-10,5.05960997666621e-11,4.38254924747483e-10,3.76170563286053e-10,-0,0,0,402.981398564095,0,0
102.3,100,100,99.9999999985338,6.36940907388135e-10,-1.08281809823696e-10,5.23276118011471e-11,4.33915458304897e-10,3.68028343301506e-10,-0,0,0,402.981398564125,0,0
102.32,100,100,99.9999999985465,6.31428638751227e-10,-1.07218792149761e-10,5.39553176745101e-11,4.29259531620047e-10,3.56629235323141e-10,-0,0,0,402.981398564154,0,0
102.34,100,100,99.999999998559,6.25964427699545e-10,-1.06124406273123e-10,5.54618031530599e-11,4.24256813726092e-10,3.46858571341685e-10,-0,0,0,402.981398564183,0,0
102.36,100,100,99.9999999985715,6.2054784098183e-10,-1.05001237202982e-10,5.68304407925842e-11,4.18876593677875e-10,3.37087907360229e-10,-0,0,0,402.981398564212,0,0
102.38,100,100,99.9999999985839,6.15178451283974e-10,-1.03852202623057e-10,5.80471375307243e-11,4.1323010827838e-10,3.25688799381864e-10,-0,0,0,402.98139856424,0,0
102.4,100,100,99.9999999985961,6.09855819155447e-10,-1.02680471329131e-10,5.90974004341329e-11,4.07212618967231e-10,3.14289691403499e-10,-0,0,0,402.981398564268,0,0
102.42,100,100,99.9999999986083,6.04579504022443e-10,-1.01489511606653e-10,5.99683355068923e-11,4.00953077486909e-10,3.02890583425134e-10,-0,0,0,402.981398564296,0,0
102.44,100,100,99.9999999986203,5.99349078452519e-10,-1.00283011098329e-10,6.06509284069932e-11,3.94539429589213e-10,2.98005251434406e-10,-0,0,0,402.981398564324,0,0
102.46,100,100,99.9999999986322,5.94164157653945e-10,-9.906473389269e-11,6.11446363582101e-11,3.88012006320096e-10,2.8660614345604e-10,-0,0,0,402.981398564351,0,0
102.48,100,100,99.9999999986441,5.89024303261402e-10,-9.78385442558712e-11,6.1441879507746e-11,3.8127654389248e-10,2.78463923471494e-10,-0,0,0,402.981398564379,0,0
102.5,100,100,99.9999999986558,5.83929087569697e-10,-9.66084053897611e-11,6.15384834761566e-11,3.7443346787658e-10,2.71950147483857e-10,-0,0,0,402.981398564406,0,0
102.52,100,100,99.9999999986674,5.78878098222961e-10,-9.53783402710485e-11,6.14343886081189e-11,3.67541626421138e-10,2.65436371496219e-10,-0,0,0,402.981398564432,0,0
102.54,100,100,99.999999998679,5.7387092605906e-10,-9.41523436370756e-11,6.11315272000094e-11,3.60602998509528e-10,2.55665707514763e-10,-0,0,0,402.981398564459,0,0
102.56,100,100,99.9999999986904,5.6890714959906e-10,-9.29344034666097e-11,6.0631322644539e-11,3.53729046529072e-10,2.52408819520945e-10,-0,0,0,402.981398564485,0,0
102.58,100,100,99.9999999987017,5.63986397017073e-10,-9.17283416145685e-11,5.9944392109712e-11,3.46982219447689e-10,2.45895043533307e-10,-0,0,0,402.981398564511,0,0
102.6,100,100,99.9999999987129,5.59108261172508e-10,-9.05378327012478e-11,5.90767237074593e-11,3.4028661017583e-10,2.42638155539489e-10,-0,0,0,402.981398564537,0,0
102.62,100,100,99.9999999987241,5.54272358851045e-10,-8.93663902995377e-11,5.80391631049883e-11,3.33812814578001e-10,2.3938126754567e-10,-0,0,0,402.981398564563,0,0
102.64,100,100,99.9999999987351,5.49478324630391e-10,-8.82172841319782e-11,5.68461525181599e-11,3.2756337458289e-10,2.34495935554942e-10,-0,0,0,402.981398564588,0,0
102.66,100,100,99.999999998746,5.44725768045397e-10,-8.70935043319364e-11,5.55085991879507e-11,3.21454985222671e-10,2.31239047561124e-10,-0,0,0,402.981398564613,0,0
102.68,100,100,99.9999999987569,5.40014296900457e-10,-8.59978291242329e-11,5.40376367719379e-11,3.15548591573998e-10,2.29610603564214e-10,-0,0,0,402.981398564638,0,0
102.7,100,100,99.9999999987676,5.35343538733891e-10,-8.49327872028271e-11,5.24479095526505e-11,3.09900001927633e-10,2.26353715570396e-10,-0,0,0,402.981398564663,0,0
102.72,100,100,99.9999999987783,5.30713108777715e-10,-8.39006248041861e-11,5.07521867729648e-11,3.04458735517539e-10,2.24725271573486e-10,-0,0,0,402.981398564688,0,0
102.74,100,100,99.9999999987889,5.26122637521939e-10,-8.29033070831671e-11,4.8965686898008e-11,2.99333412675143e-10,2.23096827576577e-10,-0,0,0,402.981398564712,0,0
102.76,100,100,99.9999999987994,5.21571749869142e-10,-8.1942507455065e-11,4.71025237066523e-11,2.94434780100838e-10,2.24725271573486e-10,-0,0,0,402.981398564736,0,0
102.78,100,100,99.9999999988097,5.17060081949819e-10,-8.1019609956176e-11,4.5178296715429e-11,2.89815886072648e-10,2.23096827576577e-10,-0,0,0,402.98139856476,0,0
102.8,100,100,99.99999999882,5.12587270646298e-10,-8.01356808398037e-11,4.32081941353697e-11,2.85566088978742e-10,2.24725271573486e-10,-0,0,0,402.981398564784,0,0
102.82,100,100,99.9999999988302,5.08152975834464e-10,-7.92914630681424e-11,4.12104037443796e-11,2.81607260293394e-10,2.24725271573486e-10,-0,0,0,402.981398564807,0,0
102.84,100,100,99.9999999988404,5.03756837826478e-10,-7.84873576642617e-11,3.91990478830496e-11,2.77956863782987e-10,2.26353715570396e-10,-0,0,0,402.981398564831,0,0
102.86,100,100,99.9999999988504,4.99398527281117e-10,-7.77234703032849e-11,3.71921737512288e-11,2.74735012364949e-10,2.29610603564214e-10,-0,0,0,402.981398564854,0,0
102.88,100,100,99.9999999988603,4.95077717591871e-10,-7.69995200257574e-11,3.52069568526752e-11,2.71754800694846e-10,2.29610603564214e-10,-0,0,0,402.981398564877,0,0
102.9,100,100,99.9999999988702,4.90794071477348e-10,-7.63149549726892e-11,3.32575841312857e-11,2.69212988435483e-10,2.32867491558033e-10,-0,0,0,402.981398564899,0,0
102.92,100,100,99.99999999888,4.86547283120793e-10,-7.56688616804141e-11,3.13617501169465e-11,2.66975148787792e-10,2.36124379551851e-10,-0,0,0,402.981398564922,0,0
102.94,100,100,99.9999999988897,4.82337021224928e-10,-7.50600477802309e-11,2.95314400237578e-11,2.64968562224632e-10,2.37752823548761e-10,-0,0,0,402.981398564944,0,0
102.96,100,100,99.9999999988993,4.78162951975525e-10,-7.4487100507932e-11,2.77766395023589e-11,2.63249525122585e-10,2.41009711542579e-10,-0,0,0,402.981398564966,0,0
102.98,100,100,99.9999999989088,4.74024776914256e-10,-7.3948376081078e-11,2.61113354714952e-11,2.61886421976281e-10,2.44266599536398e-10,-0,0,0,402.981398564988,0,0
103,100,100,99.9999999989182,4.6992220589785e-10,-7.34419573448715e-11,2.45489469975584e-11,2.60821235729095e-10,2.47523487530217e-10,-0,0,0,402.98139856501,0,0
103.02,100,100,99.9999999989276,4.65854947026553e-10,-7.29656635598684e-11,2.31005987784249e-11,2.60034793033721e-10,2.50780375524035e-10,-0,0,0,402.981398565031,0,0
103.04,100,100,99.9999999989369,4.61822718769493e-10,-7.25171037994613e-11,2.17770667773737e-11,2.59526044656993e-10,2.52408819520945e-10,-0,0,0,402.981398565053,0,0
103.06,100,100,99.9999999989461,4.57825223903228e-10,-7.20937011415749e-11,2.05845159367812e-11,2.59191358089682e-10,2.57294151511673e-10,-0,0,0,402.981398565074,0,0
103.08,100,100,99.9999999989552,4.53862188812741e-10,-7.16927810838347e-11,1.95309588017316e-11,2.59069001538039e-10,2.57294151511673e-10,-0,0,0,402.981398565095,0,0
103.1,100,100,99.9999999989642,4.49933319889938e-10,-7.13115266354213e-11,1.86190849332003e-11,2.59095708149544e-10,2.60551039505491e-10,-0,0,0,402.981398565116,0,0
103.12,100,100,99.9999999989732,4.46038342447372e-10,-7.09470479223766e-11,1.78526363161721e-11,2.59260776083105e-10,2.6380792749931e-10,-0,0,0,402.981398565136,0,0
103.14,100,100,99.9999999989821,4.42176995872252e-10,-7.05964123490143e-11,1.72356618231569e-11,2.59607150958348e-10,2.65436371496219e-10,-0,0,0,402.981398565157,0,0
103.16,100,100,99.9999999989909,4.38349016848375e-10,-7.02566052807134e-11,1.67697191380405e-11,2.6003621032273e-10,2.67064815493129e-10,-0,0,0,402.981398565177,0,0
103.18,100,100,99.9999999989996,4.34554145927576e-10,-6.99246025893606e-11,1.64550605375671e-11,2.60595737025399e-10,2.70321703486947e-10,-0,0,0,402.981398565197,0,0
103.2,100,100,99.9999999990083,4.30792143557799e-10,-6.95973716972113e-11,1.62932335808407e-11,2.61222993820428e-10,2.70321703486947e-10,-0,0,0,402.981398565217,0,0
103.22,100,100,99.9999999990168,4.27062741859807e-10,-6.92718871977536e-11,1.62793297981976e-11,2.61791703118206e-10,2.68693259490038e-10,-0,0,0,402.981398565237,0,0
103.24,100,100,99.9999999990253,4.2336565226954e-10,-6.89452808950337e-11,1.64035352538519e-11,2.62218711399508e-10,2.67064815493129e-10,-0,0,0,402.981398565256,0,0
103.26,100,100,99.9999999990338,4.19700587421574e-10,-6.8614901215466e-11,1.66548911056294e-11,2.62549345032949e-10,2.68693259490038e-10,-0,0,0,402.981398565276,0,0
103.28,100,100,99.9999999990421,4.16067307931262e-10,-6.82782589434913e-11,1.70288811954443e-11,2.62892509321562e-10,2.67064815493129e-10,-0,0,0,402.981398565295,0,0
103.3,100,100,99.9999999990504,4.12465556641401e-10,-6.79329721184591e-11,1.75167671287329e-11,2.63091631101528e-10,2.67064815493129e-10,-0,0,0,402.981398565314,0,0
103.32,100,100,99.9999999990586,4.088950867778e-10,-6.75768715924261e-11,1.81104236777654e-11,2.63206661468794e-10,2.6380792749931e-10,-0,0,0,402.981398565333,0,0
103.34,100,100,99.9999999990668,4.05355643889749e-10,-6.72079203776208e-11,1.87993850350902e-11,2.63174269887435e-10,2.60551039505491e-10,-0,0,0,402.981398565352,0,0
103.36,100,100,99.9999999990748,4.01846972861938e-10,-6.68243365988215e-11,1.95722852798861e-11,2.62986996057429e-10,2.58922595508582e-10,-0,0,0,402.98139856537,0,0
103.38,100,100,99.9999999990828,3.98368827057464e-10,-6.64245413468399e-11,2.04183848152036e-11,2.62636773846298e-10,2.57294151511673e-10,-0,0,0,402.981398565389,0,0
103.4,100,100,99.9999999990908,3.94920968125892e-10,-6.60071804640041e-11,2.13276899386239e-11,2.62114812207657e-10,2.50780375524035e-10,-0,0,0,402.981398565407,0,0
103.42,100,100,99.9999999990986,3.91503122486811e-10,-6.5571126644309e-11,2.22840379192186e-11,2.61330745124225e-10,2.49151931527126e-10,-0,0,0,402.981398565425,0,0
103.44,100,100,99.9999999991064,3.88115067856302e-10,-6.51155559252708e-11,2.32793690375965e-11,2.60509109204413e-10,2.45895043533307e-10,-0,0,0,402.981398565443,0,0
103.46,100,100,99.9999999991142,3.84756570545693e-10,-6.46397671632585e-11,2.43033765029548e-11,2.59407298154705e-10,2.41009711542579e-10,-0,0,0,402.981398565461,0,0
103.48,100,100,99.9999999991218,3.8142736067775e-10,-6.41433326047504e-11,2.53398704386374e-11,2.58026535292309e-10,2.36124379551851e-10,-0,0,0,402.981398565478,0,0
103.5,100,100,99.9999999991294,3.78127186248235e-10,-6.36261616597681e-11,2.63757861301424e-11,2.56472827450448e-10,2.32867491558033e-10,-0,0,0,402.981398565496,0,0
103.52,100,100,99.9999999991369,3.74855825895138e-10,-6.30883468102305e-11,2.74031236044204e-11,2.54773088759662e-10,2.26353715570396e-10,-0,0,0,402.981398565513,0,0
103.54,100,100,99.9999999991444,3.71613029680235e-10,-6.25301768964109e-11,2.84094742527294e-11,2.52797859731243e-10,2.19839939582758e-10,-0,0,0,402.98139856553,0,0
103.56,100,100,99.9999999991518,3.68398530385519e-10,-6.19522034076144e-11,2.93800888520282e-11,2.50529966383599e-10,2.13326163595121e-10,-0,0,0,402.981398565548,0,0
103.58,100,100,99.9999999991591,3.65212060043756e-10,-6.13553030292402e-11,3.03008017838594e-11,2.48024390745264e-10,2.10069275601302e-10,-0,0,0,402.981398565564,0,0
103.6,100,100,99.9999999991664,3.62053379368708e-10,-6.07405550126178e-11,3.11627227572396e-11,2.45347282516723e-10,2.05183943610574e-10,-0,0,0,402.981398565581,0,0
103.62,100,100,99.9999999991736,3.58922250271154e-10,-6.01092252341701e-11,3.19578451142662e-11,2.42527759304e-10,2.00298611619846e-10,-0,0,0,402.981398565598,0,0
103.64,100,100,99.9999999991808,3.55818440155172e-10,-5.94627240662249e-11,3.26797461632781e-11,2.39556871846575e-10,1.93784835632209e-10,-0,0,0,402.981398565614,0,0
103.66,100,100,99.9999999991878,3.52741699757097e-10,-5.88025832807221e-11,3.3320029157492e-11,2.36392514462647e-10,1.87271059644572e-10,-0,0,0,402.981398565631,0,0
103.68,100,100,99.9999999991949,3.49691774702089e-10,-5.81305199203132e-11,3.38703711483747e-11,2.33065258431172e-10,1.82385727653844e-10,-0,0,0,402.981398565647,0,0
103.7,100,100,99.9999999992018,3.46668425874642e-10,-5.74483922399976e-11,3.43258220517893e-11,2.29637517400445e-10,1.77500395663116e-10,-0,0,0,402.981398565663,0,0
103.72,100,100,99.9999999992087,3.43671412153072e-10,-5.67581434514453e-11,3.46819618556911e-11,2.26080750351879e-10,1.72615063672388e-10,-0,0,0,402.981398565679,0,0
103.74,100,100,99.9999999992156,3.40700500812972e-10,-5.60617905437928e-11,3.4936602849855e-11,2.22508303146652e-10,1.6772973168166e-10,-0,0,0,402.981398565694,0,0
103.76,100,100,99.9999999992224,3.37755439991246e-10,-5.53613835545604e-11,3.50852711461789e-11,2.18711178082309e-10,1.62844399690932e-10,-0,0,0,402.98139856571,0,0
103.78,100,100,99.9999999992291,3.34835970950087e-10,-5.46591053031111e-11,3.51234151547197e-11,2.14878892882243e-10,1.57959067700204e-10,-0,0,0,402.981398565726,0,0
103.8,100,100,99.9999999992358,3.31941853167315e-10,-5.39571741384937e-11,3.50503206755505e-11,2.10978693531172e-10,1.53073735709476e-10,-0,0,0,402.981398565741,0,0
103.82,100,100,99.9999999992424,3.29072853185388e-10,-5.32578195085258e-11,3.48672728568504e-11,2.07156132038277e-10,1.51445291712567e-10,-0,0,0,402.981398565756,0,0
103.84,100,100,99.9999999992489,3.2622875912086e-10,-5.25631775751816e-11,3.45796882468522e-11,2.03333863544028e-10,1.46559959721839e-10,-0,0,0,402.981398565771,0,0
103.86,100,100,99.9999999992554,3.23409327865625e-10,-5.18753284261928e-11,3.41885961762343e-11,1.99531131701133e-10,1.4330307172802e-10,-0,0,0,402.981398565786,0,0
103.88,100,100,99.9999999992618,3.20614323045653e-10,-5.11963058156245e-11,3.36967615857845e-11,1.95728621578279e-10,1.40046183734202e-10,-0,0,0,402.981398565801,0,0
103.9,100,100,99.9999999992682,3.17843509810264e-10,-5.05280966365166e-11,3.31078151159713e-11,1.92014415685884e-10,1.38417739737292e-10,-0,0,0,402.981398565816,0,0
103.92,100,100,99.9999999992746,3.15096670214435e-10,-4.98725832927094e-11,3.2428592827568e-11,1.88381611423753e-10,1.35160851743474e-10,-0,0,0,402.98139856583,0,0
103.94,100,100,99.9999999992808,3.12373581572355e-10,-4.92315147707634e-11,3.16655232899835e-11,1.84878035508244e-10,1.31903963749655e-10,-0,0,0,402.981398565845,0,0
103.96,100,100,99.9999999992871,3.09674021818782e-10,-4.86064817508847e-11,3.08253702187839e-11,1.81496600078374e-10,1.31903963749655e-10,-0,0,0,402.981398565859,0,0
103.98,100,100,99.9999999992932,3.06997775932742e-10,-4.79989533811584e-11,2.99162541371194e-11,1.78210125169733e-10,1.30275519752746e-10,-0,0,0,402.981398565873,0,0
104,100,100,99.9999999992993,3.04344614291915e-10,-4.7410249213352e-11,2.89440421076358e-11,1.75048675477693e-10,1.30275519752746e-10,-0,0,0,402.981398565887,0,0
104.02,100,100,99.9999999993054,3.01714341301024e-10,-4.68415330396141e-11,2.79201215904696e-11,1.72161120161273e-10,1.30275519752746e-10,-0,0,0,402.981398565901,0,0
104.04,100,100,99.9999999993114,2.99106772674705e-10,-4.62937081658546e-11,2.68574285329071e-11,1.69476679529132e-10,1.28647075755836e-10,-0,0,0,402.981398565915,0,0
104.06,100,100,99.9999999993174,2.96521688499687e-10,-4.57674631483395e-11,2.5762813012538e-11,1.66878437114521e-10,1.28647075755836e-10,-0,0,0,402.981398565929,0,0
104.08,100,100,99.9999999993233,2.93958851734966e-10,-4.52633887284476e-11,2.46401595241541e-11,1.6428966336122e-10,1.27018631758927e-10,-0,0,0,402.981398565942,0,0
104.1,100,100,99.9999999993291,2.91418035856445e-10,-4.47820161676526e-11,2.34948989666269e-11,1.61920923956278e-10,1.27018631758927e-10,-0,0,0,402.981398565956,0,0
104.12,100,100,99.9999999993349,2.88899049697049e-10,-4.43236805585063e-11,2.23377157399549e-11,1.59758067091771e-10,1.28647075755836e-10,-0,0,0,402.981398565969,0,0
104.14,100,100,99.9999999993407,2.86401705723326e-10,-4.38885209629809e-11,2.11793145775157e-11,1.57786607189077e-10,1.28647075755836e-10,-0,0,0,402.981398565982,0,0
104.16,100,100,99.9999999993464,2.83925793613428e-10,-4.34764794500913e-11,2.00260523710023e-11,1.55925405090625e-10,1.30275519752746e-10,-0,0,0,402.981398565996,0,0
104.18,100,100,99.999999999352,2.81471124857046e-10,-4.30873762651585e-11,1.88872091823401e-11,1.54342376172407e-10,1.33532407746564e-10,-0,0,0,402.981398566009,0,0
104.2,100,100,99.9999999993576,2.79037541957819e-10,-4.27207961441755e-11,1.77761872716938e-11,1.53018372615269e-10,1.35160851743474e-10,-0,0,0,402.981398566021,0,0
104.22,100,100,99.9999999993632,2.76624870440065e-10,-4.23760759135576e-11,1.67026094599684e-11,1.51884781270385e-10,1.36789295740383e-10,-0,0,0,402.981398566034,0,0
104.24,100,100,99.9999999993687,2.7423293682184e-10,-4.20523861047387e-11,1.56752688296649e-11,1.50964303271728e-10,1.38417739737292e-10,-0,0,0,402.981398566047,0,0
104.26,100,100,99.9999999993742,2.71861568662524e-10,-4.17487131765454e-11,1.47020264112647e-11,1.50226306732009e-10,1.41674627731111e-10,-0,0,0,402.98139856606,0,0
104.28,100,100,99.9999999993796,2.69510600881479e-10,-4.14638945465582e-11,1.37908165476707e-11,1.49621667842767e-10,1.40046183734202e-10,-0,0,0,402.981398566072,0,0
104.3,100,100,99.9999999993849,2.67179828658091e-10,-4.11966759483398e-11,1.29420736426565e-11,1.49075285140687e-10,1.4330307172802e-10,-0,0,0,402.981398566084,0,0
104.32,100,100,99.9999999993903,2.64869083540342e-10,-4.09457627849827e-11,1.21611151018673e-11,1.48667996159253e-10,1.4330307172802e-10,-0,0,0,402.981398566097,0,0
104.34,100,100,99.9999999993955,2.62578194919661e-10,-4.07097596151493e-11,1.14517761309423e-11,1.4841009287564e-10,1.4493151572493e-10,-0,0,0,402.981398566109,0,0
104.36,100,100,99.9999999994008,2.60307011923331e-10,-4.04871833765269e-11,1.08199276989574e-11,1.48326921006703e-10,1.48188403718748e-10,-0,0,0,402.981398566121,0,0
104.38,100,100,99.9999999994059,2.58055386639374e-10,-4.02764150047638e-11,1.02706362302644e-11,1.48317987610681e-10,1.48188403718748e-10,-0,0,0,402.981398566133,0,0
104.4,100,100,99.9999999994111,2.55823149122193e-10,-4.00757988554381e-11,9.80425782705694e-12,1.48397767374507e-10,1.49816847715657e-10,-0,0,0,402.981398566144,0,0
104.42,100,100,99.9999999994162,2.53610140173433e-10,-3.98836759263625e-11,9.42179235058765e-12,1.48489288128789e-10,1.49816847715657e-10,-0,0,0,402.981398566156,0,0
104.44,100,100,99.9999999994212,2.51416189608933e-10,-3.96983770151478e-11,9.12137743557751e-12,1.48628021854933e-10,1.51445291712567e-10,-0,0,0,402.981398566168,0,0
104.46,100,100,99.9999999994262,2.49241154492708e-10,-3.9518263229265e-11,8.90454618439583e-12,1.48880885085394e-10,1.54702179706385e-10,-0,0,0,402.981398566179,0,0
104.48,100,100,99.9999999994312,2.47084917053395e-10,-3.93416087185787e-11,8.77569037861909e-12,1.49274411685529e-10,1.56330623703295e-10,-0,0,0,402.981398566191,0,0
104.5,100,100,99.9999999994361,2.44947347941782e-10,-3.91666404119429e-11,8.73614554279844e-12,1.49694466398172e-10,1.56330623703295e-10,-0,0,0,402.981398566202,0,0
104.52,100,100,99.999999999441,2.42828291029603e-10,-3.89915952385379e-11,8.78184073136596e-12,1.5005244913094e-10,1.56330623703295e-10,-0,0,0,402.981398566213,0,0
104.54,100,100,99.9999999994458,2.40727597186431e-10,-3.88148241320726e-11,8.90898443352844e-12,1.50422325871414e-10,1.56330623703295e-10,-0,0,0,402.981398566225,0,0
104.56,100,100,99.9999999994506,2.38645127961411e-10,-3.86347103689107e-11,9.11456861978861e-12,1.50768388358236e-10,1.56330623703295e-10,-0,0,0,402.981398566236,0,0
104.58,100,100,99.9999999994553,2.36580751095067e-10,-3.84497312085355e-11,9.39578136262686e-12,1.51109019803047e-10,1.54702179706385e-10,-0,0,0,402.981398566246,0,0
104.6,100,100,99.9999999994601,2.34534312744224e-10,-3.82584197164399e-11,9.74549749584906e-12,1.51287678267729e-10,1.53073735709476e-10,-0,0,0,402.981398566257,0,0
104.62,100,100,99.9999999994647,2.3250565043894e-10,-3.80595148445609e-11,1.01547079271846e-11,1.51349751057425e-10,1.51445291712567e-10,-0,0,0,402.981398566268,0,0
104.64,100,100,99.9999999994694,2.30494618120932e-10,-3.78518867758655e-11,1.0616543154685e-11,1.5135591276129e-10,1.51445291712567e-10,-0,0,0,402.981398566279,0,0
104.66,100,100,99.999999999474,2.28501080529276e-10,-3.76345399902173e-11,1.11254282088862e-11,1.51220464848309e-10,1.48188403718748e-10,-0,0,0,402.981398566289,0,0
104.68,100,100,99.9999999994785,2.2652487544334e-10,-3.74066281710354e-11,1.16710875668649e-11,1.50936821307595e-10,1.46559959721839e-10,-0,0,0,402.9813985663,0,0
104.7,100,100,99.999999999483,2.24565856917325e-10,-3.71674951771664e-11,1.22456960084893e-11,1.50531466155962e-10,1.4493151572493e-10,-0,0,0,402.98139856631,0,0
104.72,100,100,99.9999999994875,2.22623899518737e-10,-3.6916635637876e-11,1.28445875580106e-11,1.50099099287335e-10,1.41674627731111e-10,-0,0,0,402.98139856632,0,0
104.74,100,100,99.9999999994919,2.20698864369424e-10,-3.66536093967127e-11,1.34606674057995e-11,1.49502664388346e-10,1.40046183734202e-10,-0,0,0,402.981398566331,0,0
104.76,100,100,99.9999999994963,2.18790606018041e-10,-3.63781464768969e-11,1.40857697664643e-11,1.48751615521044e-10,1.36789295740383e-10,-0,0,0,402.981398566341,0,0
104.78,100,100,99.9999999995007,2.16898977730515e-10,-3.60901678509834e-11,1.47116409370043e-11,1.47873938950206e-10,1.33532407746564e-10,-0,0,0,402.981398566351,0,0
104.8,100,100,99.999999999505,2.15023824853772e-10,-3.57897362358804e-11,1.53288679449901e-11,1.46754723077467e-10,1.28647075755836e-10,-0,0,0,402.981398566361,0,0
104.82,100,100,99.9999999995093,2.13164980521816e-10,-3.5477144702181e-11,1.59264348265766e-11,1.4548071587224e-10,1.25390187762018e-10,-0,0,0,402.981398566371,0,0
104.84,100,100,99.9999999995135,2.11322317675407e-10,-3.51528468466233e-11,1.65001151295208e-11,1.44183811105338e-10,1.22133299768199e-10,-0,0,0,402.98139856638,0,0
104.86,100,100,99.9999999995177,2.09495698591335e-10,-3.48173438066553e-11,1.70441550125455e-11,1.42726725997365e-10,1.22133299768199e-10,-0,0,0,402.98139856639,0,0
104.88,100,100,99.9999999995219,2.07684981985301e-10,-3.44712975327136e-11,1.75526688298409e-11,1.41099322255834e-10,1.17247967777471e-10,-0,0,0,402.9813985664,0,0
104.9,100,100,99.999999999526,2.05890001024032e-10,-3.41155234694369e-11,1.80161541214818e-11,1.39278692501695e-10,1.10734191789834e-10,-0,0,0,402.981398566409,0,0
104.92,100,100,99.9999999995301,2.04110584924797e-10,-3.37510185556727e-11,1.84251142275204e-11,1.37296559669765e-10,1.07477303796015e-10,-0,0,0,402.981398566419,0,0
104.94,100,100,99.9999999995342,2.02346589925406e-10,-3.33789099403178e-11,1.87750589605853e-11,1.35250348078615e-10,1.05848859799106e-10,-0,0,0,402.981398566428,0,0
104.96,100,100,99.9999999995382,2.00597892842803e-10,-3.30004020084111e-11,1.90654088551036e-11,1.33159870332206e-10,1.00963527808378e-10,-0,0,0,402.981398566437,0,0
104.98,100,100,99.9999999995422,1.98864341645168e-10,-3.26167170700698e-11,1.92914194311074e-11,1.3096035328195e-10,9.93350838114686e-11,-0,0,0,402.981398566446,0,0
105,100,100,99.9999999995462,1.97145810319358e-10,-3.2229167685995e-11,1.94532032978969e-11,1.28743344773417e-10,9.28213078238313e-11,-0,0,0,402.981398566456,0,0
105.02,100,100,99.9999999995501,1.95442138119609e-10,-3.18390624852956e-11,1.95457589159271e-11,1.264266246966e-10,9.28213078238313e-11,-0,0,0,402.981398566465,0,0
105.04,100,100,99.999999999554,1.93753190177132e-10,-3.14477973311783e-11,1.95689446848671e-11,1.2403000781737e-10,8.79359758331033e-11,-0,0,0,402.981398566474,0,0
105.06,100,100,99.9999999995579,1.92078823778938e-10,-3.10567757060467e-11,1.95219198414108e-11,1.21719123039942e-10,8.6307531836194e-11,-0,0,0,402.981398566482,0,0
105.08,100,100,99.9999999995617,1.90418909342654e-10,-3.0667368036934e-11,1.94064304697607e-11,1.19276057298965e-10,8.1422199845466e-11,-0,0,0,402.981398566491,0,0
105.1,100,100,99.9999999995655,1.88773299386871e-10,-3.02809835490691e-11,1.92219335157475e-11,1.16992848111868e-10,8.30506438423754e-11,-0,0,0,402.9813985665,0,0
105.12,100,100,99.9999999995693,1.87141900966854e-10,-2.98988993126268e-11,1.8976975674296e-11,1.14750697971991e-10,8.1422199845466e-11,-0,0,0,402.981398566509,0,0
105.14,100,100,99.999999999573,1.85524558874587e-10,-2.95223193997119e-11,1.86703461553889e-11,1.12408121609677e-10,7.97937558485567e-11,-0,0,0,402.981398566517,0,0
105.16,100,100,99.9999999995767,1.83921132756969e-10,-2.91524858799531e-11,1.83037426942819e-11,1.10163510954377e-10,7.65368678547381e-11,-0,0,0,402.981398566526,0,0
105.18,100,100,99.9999999995804,1.82331495009183e-10,-2.87905487279434e-11,1.78811802180674e-11,1.07994827722571e-10,7.65368678547381e-11,-0,0,0,402.981398566534,0,0
105.2,100,100,99.999999999584,1.80755525788076e-10,-2.84375721966259e-11,1.74081430119749e-11,1.05896006399738e-10,7.65368678547381e-11,-0,0,0,402.981398566543,0,0
105.22,100,100,99.9999999995876,1.79193107512479e-10,-2.80945137761122e-11,1.68906140516818e-11,1.03932544369115e-10,7.65368678547381e-11,-0,0,0,402.981398566551,0,0
105.24,100,100,99.9999999995911,1.77644135221047e-10,-2.77621818426112e-11,1.63366068198785e-11,1.02130733501371e-10,7.65368678547381e-11,-0,0,0,402.981398566559,0,0
105.26,100,100,99.9999999995947,1.76108490363709e-10,-2.74412485937453e-11,1.57518646983492e-11,1.00356989811033e-10,7.49084238578287e-11,-0,0,0,402.981398566567,0,0
105.28,100,100,99.9999999995982,1.74586031130395e-10,-2.71322995284175e-11,1.51383408776445e-11,9.86276385324782e-11,7.32799798609194e-11,-0,0,0,402.981398566575,0,0
105.3,100,100,99.9999999996017,1.73076620346668e-10,-2.68358827653232e-11,1.44987572497434e-11,9.69579104878988e-11,7.32799798609194e-11,-0,0,0,402.981398566583,0,0
105.32,100,100,99.9999999996051,1.71580146521121e-10,-2.65524770087297e-11,1.38399292614201e-11,9.54658310000962e-11,7.32799798609194e-11,-0,0,0,402.981398566591,0,0
105.34,100,100,99.9999999996085,1.70096495375883e-10,-2.62823794061689e-11,1.31679014623308e-11,9.40530926334653e-11,7.49084238578287e-11,-0,0,0,402.981398566599,0,0
105.36,100,100,99.9999999996119,1.68625567862294e-10,-2.60257963260126e-11,1.24909490629423e-11,9.28533768208968e-11,7.49084238578287e-11,-0,0,0,402.981398566607,0,0
105.38,100,100,99.9999999996153,1.6716725713254e-10,-2.57827335244899e-11,1.18155895486961e-11,9.1749168315847e-11,7.65368678547381e-11,-0,0,0,402.981398566615,0,0
105.4,100,100,99.9999999996186,1.65721456311901e-10,-2.55531147679569e-11,1.11479715247119e-11,9.07861751817945e-11,7.81653118516474e-11,-0,0,0,402.981398566622,0,0
105.42,100,100,99.9999999996219,1.64288063025233e-10,-2.53367206406684e-11,1.04944544849753e-11,8.99552900152365e-11,7.97937558485567e-11,-0,0,0,402.98139856663,0,0
105.44,100,100,99.9999999996252,1.62866974571208e-10,-2.51332016687709e-11,9.86078303390933e-12,8.92480329849755e-11,8.1422199845466e-11,-0,0,0,402.981398566637,0,0
105.46,100,100,99.9999999996284,1.61458099432445e-10,-2.49421075956664e-11,9.25394166321562e-12,8.86902060758592e-11,7.97937558485567e-11,-0,0,0,402.981398566645,0,0
105.48,100,100,99.9999999996316,1.6006132459381e-10,-2.47628461691759e-11,8.67674258518629e-12,8.82045842930407e-11,8.1422199845466e-11,-0,0,0,402.981398566652,0,0
105.5,100,100,99.9999999996348,1.58676555327323e-10,-2.4594798605334e-11,8.1344156660823e-12,8.78733585769482e-11,8.46790878392847e-11,-0,0,0,402.981398566659,0,0
105.52,100,100,99.999999999638,1.5730370242943e-10,-2.44371956203662e-11,7.63230034177274e-12,8.75973474734987e-11,8.46790878392847e-11,-0,0,0,402.981398566667,0,0
105.54,100,100,99.9999999996411,1.55942668040346e-10,-2.428921636786e-11,7.17367447041755e-12,8.7515330774896e-11,8.79359758331033e-11,-0,0,0,402.981398566674,0,0
105.56,100,100,99.9999999996442,1.54593382118544e-10,-2.41499124504774e-11,6.76547503167194e-12,8.74893440181212e-11,8.6307531836194e-11,-0,0,0,402.981398566681,0,0
105.58,100,100,99.9999999996473,1.53255728632391e-10,-2.40182783707718e-11,6.40644734336773e-12,8.75012222100168e-11,8.79359758331033e-11,-0,0,0,402.981398566688,0,0
105.6,100,100,99.9999999996503,1.51929616532655e-10,-2.38933181305353e-11,6.09873143758695e-12,8.75823359889707e-11,8.95644198300126e-11,-0,0,0,402.981398566695,0,0
105.62,100,100,99.9999999996534,1.50614962310826e-10,-2.37739696971502e-11,5.84491072909792e-12,8.77632819505327e-11,9.1192863826922e-11,-0,0,0,402.981398566702,0,0
105.64,100,100,99.9999999996564,1.49311674792639e-10,-2.36591495293757e-11,5.64559700148987e-12,8.7896369178792e-11,8.95644198300126e-11,-0,0,0,402.981398566709,0,0
105.66,100,100,99.9999999996593,1.48019629194552e-10,-2.35478129841145e-11,5.49536384704962e-12,8.79508715645545e-11,8.79359758331033e-11,-0,0,0,402.981398566716,0,0
105.68,100,100,99.9999999996623,1.46738727114525e-10,-2.3439020710693e-11,5.39260690062325e-12,8.8108010691513e-11,8.95644198300126e-11,-0,0,0,402.981398566723,0,0
105.7,100,100,99.9999999996652,1.45468888503769e-10,-2.33317904517453e-11,5.33800366333031e-12,8.82019388920758e-11,8.95644198300126e-11,-0,0,0,402.981398566729,0,0
105.72,100,100,99.9999999996681,1.44210010458017e-10,-2.32252029470181e-11,5.32804558709229e-12,8.82717155586252e-11,8.79359758331033e-11,-0,0,0,402.981398566736,0,0
105.74,100,100,99.999999999671,1.42961993827072e-10,-2.31183990612377e-11,5.35937237237459e-12,8.83200656827457e-11,8.79359758331033e-11,-0,0,0,402.981398566743,0,0
105.76,100,100,99.9999999996738,1.41724748366091e-10,-2.3010577173964e-11,5.42963312526431e-12,8.83483697862432e-11,8.95644198300126e-11,-0,0,0,402.981398566749,0,0
105.78,100,100,99.9999999996766,1.40498197439496e-10,-2.2900964367974e-11,5.53822866791146e-12,8.83736810864755e-11,8.79359758331033e-11,-0,0,0,402.981398566756,0,0
105.8,100,100,99.9999999996794,1.3928224065514e-10,-2.2788834122998e-11,5.68031316156737e-12,8.82742429173357e-11,8.46790878392847e-11,-0,0,0,402.981398566762,0,0
105.82,100,100,99.9999999996822,1.38076765725007e-10,-2.26735869437057e-11,5.84890675104268e-12,8.81304773759002e-11,8.6307531836194e-11,-0,0,0,402.981398566768,0,0
105.84,100,100,99.9999999996849,1.36881695786308e-10,-2.25547081912813e-11,6.04253130058871e-12,8.7924813331898e-11,8.46790878392847e-11,-0,0,0,402.981398566775,0,0
105.86,100,100,99.9999999996877,1.35696940460399e-10,-2.2431744861667e-11,6.25729710852994e-12,8.7715486744346e-11,8.46790878392847e-11,-0,0,0,402.981398566781,0,0
105.88,100,100,99.9999999996904,1.34522432840243e-10,-2.23042776385353e-11,6.49285904214674e-12,8.75015664350785e-11,8.30506438423754e-11,-0,0,0,402.981398566787,0,0
105.9,100,100,99.9999999996931,1.33358081212562e-10,-2.21719285409813e-11,6.74463726411559e-12,8.7143303823558e-11,7.97937558485567e-11,-0,0,0,402.981398566793,0,0
105.92,100,100,99.9999999996957,1.32203775687657e-10,-2.20344492160076e-11,7.00509749447372e-12,8.67042907853244e-11,7.97937558485567e-11,-0,0,0,402.981398566799,0,0
105.94,100,100,99.9999999996983,1.31059440998643e-10,-2.18916857521542e-11,7.27228913117473e-12,8.62405158050212e-11,7.81653118516474e-11,-0,0,0,402.981398566806,0,0
105.96,100,100,99.999999999701,1.29924992706544e-10,-2.17435389794135e-11,7.54272434975208e-12,8.5719721643225e-11,7.81653118516474e-11,-0,0,0,402.981398566812,0,0
105.98,100,100,99.9999999997035,1.28800363807045e-10,-2.15899597242019e-11,7.81570627249838e-12,8.52144212392608e-11,7.65368678547381e-11,-0,0,0,402.981398566818,0,0
106,100,100,99.9999999997061,1.27685477210463e-10,-2.14309127600593e-11,8.08882537528379e-12,8.46728735753105e-11,7.81653118516474e-11,-0,0,0,402.981398566823,0,0
106.02,100,100,99.9999999997086,1.26580278145408e-10,-2.12663923124422e-11,8.36324439951591e-12,8.41650845604781e-11,7.65368678547381e-11,-0,0,0,402.981398566829,0,0
106.04,100,100,99.9999999997112,1.25484680014961e-10,-2.10963962304126e-11,8.63489666674223e-12,8.35150181516546e-11,7.49084238578287e-11,-0,0,0,402.981398566835,0,0
106.06,100,100,99.9999999997137,1.24398608867664e-10,-2.09210246629183e-11,8.90189067735558e-12,8.2941859208257e-11,7.32799798609194e-11,-0,0,0,402.981398566841,0,0
106.08,100,100,99.9999999997161,1.2332198541022e-10,-2.07403737938703e-11,9.16142533999516e-12,8.21775233536953e-11,7.00230918671008e-11,-0,0,0,402.981398566847,0,0
106.1,100,100,99.9999999997186,1.2225471094872e-10,-2.05546674336827e-11,9.40779291062078e-12,8.14286289433754e-11,7.00230918671008e-11,-0,0,0,402.981398566852,0,0
106.12,100,100,99.999999999721,1.21196724414478e-10,-2.03641470216535e-11,9.64144106977236e-12,8.06218825598398e-11,6.67662038732821e-11,-0,0,0,402.981398566858,0,0
106.14,100,100,99.9999999997234,1.20147928130478e-10,-2.01691297057166e-11,9.8570821483786e-12,7.97282882172884e-11,6.67662038732821e-11,-0,0,0,402.981398566863,0,0
106.16,100,100,99.9999999997258,1.19108246367202e-10,-1.99699912521691e-11,1.00531807025967e-11,7.88223214707283e-11,6.67662038732821e-11,-0,0,0,402.981398566869,0,0
106.18,100,100,99.9999999997282,1.18077613896089e-10,-1.97671281859486e-11,1.02300492511548e-11,7.78854801766617e-11,6.18808718825542e-11,-0,0,0,402.981398566874,0,0
106.2,100,100,99.9999999997305,1.17055932964249e-10,-1.95609554914351e-11,1.0382893471388e-11,7.68883165061442e-11,6.18808718825542e-11,-0,0,0,402.98139856688,0,0
106.22,100,100,99.9999999997329,1.16043128049163e-10,-1.9351972726995e-11,1.05108026643155e-11,7.58323445084679e-11,6.02524278856449e-11,-0,0,0,402.981398566885,0,0
106.24,100,100,99.9999999997352,1.15039128387349e-10,-1.9140694953042e-11,1.06138417261451e-11,7.48625302711605e-11,6.02524278856449e-11,-0,0,0,402.98139856689,0,0
106.26,100,100,99.9999999997375,1.14043866811437e-10,-1.89275776987017e-11,1.06927066564473e-11,7.37972026785162e-11,5.86239838887355e-11,-0,0,0,402.981398566896,0,0
106.28,100,100,99.9999999997398,1.1305724468831e-10,-1.87131637344884e-11,1.07433136169127e-11,7.26605364192373e-11,5.69955398918262e-11,-0,0,0,402.981398566901,0,0
106.3,100,100,99.999999999742,1.12079189883891e-10,-1.8498030688868e-11,1.0766126532246e-11,7.15790444912972e-11,5.37386518980076e-11,-0,0,0,402.981398566906,0,0
106.32,100,100,99.9999999997442,1.11109618068623e-10,-1.82827222156669e-11,1.0759764346212e-11,7.0428463978361e-11,5.37386518980076e-11,-0,0,0,402.981398566911,0,0
106.34,100,100,99.9999999997464,1.10148450286495e-10,-1.80678333416716e-11,1.07239966637795e-11,6.92639910493723e-11,5.21102079010983e-11,-0,0,0,402.981398566916,0,0
106.36,100,100,99.9999999997486,1.0919561191786e-10,-1.7853953882247e-11,1.06594927607946e-11,6.81576920421989e-11,5.21102079010983e-11,-0,0,0,402.981398566921,0,0
106.38,100,100,99.9999999997508,1.08251037458938e-10,-1.7641627414513e-11,1.05685008110643e-11,6.70346447716398e-11,5.04817639041889e-11,-0,0,0,402.981398566926,0,0
106.4,100,100,99.999999999753,1.07314660315984e-10,-1.74313782875086e-11,1.04532326215057e-11,6.60371027453567e-11,5.04817639041889e-11,-0,0,0,402.981398566931,0,0
106.42,100,100,99.9999999997551,1.06386411894208e-10,-1.72236475285074e-11,1.03155656140979e-11,6.49457954036514e-11,4.88533199072796e-11,-0,0,0,402.981398566936,0,0
106.44,100,100,99.9999999997572,1.05466202225859e-10,-1.70189141514585e-11,1.01541206214855e-11,6.39079433152397e-11,4.88533199072796e-11,-0,0,0,402.981398566941,0,0
106.46,100,100,99.9999999997593,1.04553982925164e-10,-1.68176077596743e-11,9.97428768180279e-12,6.29889345912693e-11,4.72248759103703e-11,-0,0,0,402.981398566946,0,0
106.48,100,100,99.9999999997614,1.03649682213562e-10,-1.66200634629215e-11,9.77759018001622e-12,6.20422660775096e-11,4.72248759103703e-11,-0,0,0,402.981398566951,0,0
106.5,100,100,99.9999999997635,1.02753206858191e-10,-1.64266290821933e-11,9.56216827693104e-12,6.10166450848632e-11,4.72248759103703e-11,-0,0,0,402.981398566956,0,0
106.52,100,100,99.9999999997655,1.01864490609352e-10,-1.62376777803859e-11,9.33065913846598e-12,6.01441002346055e-11,4.5596431913461e-11,-0,0,0,402.98139856696,0,0
106.54,100,100,99.9999999997676,1.00983460306988e-10,-1.60535001678597e-11,9.08448924657707e-12,5.92058774017029e-11,4.5596431913461e-11,-0,0,0,402.981398566965,0,0
106.56,100,100,99.9999999997696,1.00110048002484e-10,-1.58743830335547e-11,8.82596854018674e-12,5.83800725432561e-11,4.39679879165517e-11,-0,0,0,402.98139856697,0,0
106.58,100,100,99.9999999997716,9.92441791075622e-11,-1.57005357772918e-11,8.55621324693912e-12,5.75206371062311e-11,4.39679879165517e-11,-0,0,0,402.981398566974,0,0
106.6,100,100,99.9999999997735,9.83857584901311e-11,-1.5532214443951e-11,8.27310091209082e-12,5.65946768808365e-11,4.5596431913461e-11,-0,0,0,402.981398566979,0,0
106.62,100,100,99.9999999997755,9.75347337284745e-11,-1.53696627289476e-11,7.9814333967337e-12,5.58672732007074e-11,4.39679879165517e-11,-0,0,0,402.981398566983,0,0
106.64,100,100,99.9999999997774,9.66910345738325e-11,-1.52130089275522e-11,7.68290233567488e-12,5.50648309478511e-11,4.39679879165517e-11,-0,0,0,402.981398566988,0,0
106.66,100,100,99.9999999997794,9.585458586509e-11,-1.50623895837572e-11,7.37838541466315e-12,5.43491622045675e-11,4.39679879165517e-11,-0,0,0,402.981398566992,0,0
106.68,100,100,99.9999999997813,9.50253386832115e-11,-1.49178828136204e-11,7.07285085263734e-12,5.37677458982977e-11,4.5596431913461e-11,-0,0,0,402.981398566997,0,0
106.7,100,100,99.9999999997832,9.42032374491056e-11,-1.47794554875323e-11,6.76989611163112e-12,5.31707503242266e-11,4.5596431913461e-11,-0,0,0,402.981398567001,0,0
106.72,100,100,99.999999999785,9.33882162460093e-11,-1.46470550018128e-11,6.47129014110499e-12,5.27003535979789e-11,4.72248759103703e-11,-0,0,0,402.981398567005,0,0
106.74,100,100,99.9999999997869,9.25802353114441e-11,-1.45205370588661e-11,6.18271715800887e-12,5.22941081726943e-11,4.5596431913461e-11,-0,0,0,402.981398567009,0,0
106.76,100,100,99.9999999997887,9.17792172085916e-11,-1.43996903512116e-11,5.90345745774484e-12,5.1880248732333e-11,4.72248759103703e-11,-0,0,0,402.981398567014,0,0
106.78,100,100,99.9999999997906,9.09851019704973e-11,-1.42843181028389e-11,5.63543879907796e-12,5.14919129439601e-11,4.5596431913461e-11,-0,0,0,402.981398567018,0,0
106.8,100,100,99.9999999997924,9.01978036759375e-11,-1.41742119127132e-11,5.37616989008242e-12,5.10597864961666e-11,4.72248759103703e-11,-0,0,0,402.981398567022,0,0
106.82,100,100,99.9999999997942,8.94172858486965e-11,-1.40691683463238e-11,5.13097607152646e-12,5.08474831900323e-11,4.72248759103703e-11,-0,0,0,402.981398567026,0,0
106.84,100,100,99.9999999997959,8.86435056146791e-11,-1.39688503934156e-11,4.90367317902831e-12,5.06319441860251e-11,4.88533199072796e-11,-0,0,0,402.98139856703,0,0
106.86,100,100,99.9999999997977,8.78764154346932e-11,-1.38728809405739e-11,4.69698398934248e-12,5.04991415409086e-11,4.72248759103703e-11,-0,0,0,402.981398567034,0,0
106.88,100,100,99.9999999997995,8.71159524347809e-11,-1.37808400856699e-11,4.51078157045434e-12,5.03760711239321e-11,4.88533199072796e-11,-0,0,0,402.981398567038,0,0
106.9,100,100,99.9999999998012,8.63620659182704e-11,-1.36923027186406e-11,4.34659926449539e-12,5.027786432345e-11,4.88533199072796e-11,-0,0,0,402.981398567042,0,0
106.92,100,100,99.9999999998029,8.5614695760167e-11,-1.36068313949058e-11,4.20412269046871e-12,5.02040849967435e-11,5.04817639041889e-11,-0,0,0,402.981398567046,0,0
106.94,100,100,99.9999999998046,8.48738045197638e-11,-1.35239699594355e-11,4.08636923620145e-12,5.02038995214762e-11,4.88533199072796e-11,-0,0,0,402.98139856705,0,0
106.96,100,100,99.9999999998063,8.41393341934685e-11,-1.34432221347973e-11,3.99263718573161e-12,5.0204893394668e-11,5.04817639041889e-11,-0,0,0,402.981398567054,0,0
106.98,100,100,99.999999999808,8.3411228635555e-11,-1.3364106233205e-11,3.92222547900408e-12,5.01346527957698e-11,4.88533199072796e-11,-0,0,0,402.981398567058,0,0
107,100,100,99.9999999998096,8.26894075597395e-11,-1.32862127766e-11,3.8703576886808e-12,5.00169941904624e-11,4.88533199072796e-11,-0,0,0,402.981398567062,0,0
107.02,100,100,99.9999999998113,8.19738089262241e-11,-1.32091821422375e-11,3.83503547450431e-12,4.98719423525081e-11,4.88533199072796e-11,-0,0,0,402.981398567066,0,0
107.04,100,100,99.9999999998129,8.12643834149436e-11,-1.31327019544901e-11,3.81616214672474e-12,4.97531329107113e-11,4.72248759103703e-11,-0,0,0,402.981398567069,0,0
107.06,100,100,99.9999999998145,8.0561082410414e-11,-1.30564364737527e-11,3.81348680243382e-12,4.9678174831392e-11,4.88533199072796e-11,-0,0,0,402.981398567073,0,0
107.08,100,100,99.9999999998162,7.98638743883873e-11,-1.29800393234211e-11,3.82926295994502e-12,4.96249774593768e-11,4.88533199072796e-11,-0,0,0,402.981398567077,0,0
107.1,100,100,99.9999999998177,7.91727125697567e-11,-1.29031461887729e-11,3.86300314331918e-12,4.95390233013181e-11,4.5596431913461e-11,-0,0,0,402.98139856708,0,0
107.12,100,100,99.9999999998193,7.84875147616043e-11,-1.2825453554272e-11,3.9083624977182e-12,4.93378289504675e-11,4.72248759103703e-11,-0,0,0,402.981398567084,0,0
107.14,100,100,99.9999999998209,7.78082438020926e-11,-1.27467282087834e-11,3.9662203367152e-12,4.92184860372263e-11,4.5596431913461e-11,-0,0,0,402.981398567088,0,0
107.16,100,100,99.9999999998224,7.71348471790359e-11,-1.26667301020148e-11,4.03477531483544e-12,4.90199104837737e-11,4.5596431913461e-11,-0,0,0,402.981398567091,0,0
107.18,100,100,99.999999999824,7.64672793844013e-11,-1.25852702523872e-11,4.11328690360458e-12,4.88691230538704e-11,4.5596431913461e-11,-0,0,0,402.981398567095,0,0
107.2,100,100,99.9999999998255,7.58055058989182e-11,-1.25021321871739e-11,4.20258800901097e-12,4.87461541804922e-11,4.72248759103703e-11,-0,0,0,402.981398567098,0,0
107.22,100,100,99.999999999827,7.51494980879232e-11,-1.24170840530079e-11,4.30426763553804e-12,4.86299485525689e-11,4.5596431913461e-11,-0,0,0,402.981398567102,0,0
107.24,100,100,99.9999999998285,7.44991855022094e-11,-1.23299147206952e-11,4.41301725226605e-12,4.83643049638591e-11,4.5596431913461e-11,-0,0,0,402.981398567105,0,0
107.26,100,100,99.99999999983,7.38545216058492e-11,-1.22405224541416e-11,4.52746526690007e-12,4.82038903380173e-11,4.72248759103703e-11,-0,0,0,402.981398567109,0,0
107.28,100,100,99.9999999998314,7.32154916212303e-11,-1.21487487836886e-11,4.65116117896018e-12,4.80707477688859e-11,4.72248759103703e-11,-0,0,0,402.981398567112,0,0
107.3,100,100,99.9999999998329,7.25820700573803e-11,-1.20544006715608e-11,4.78572263878668e-12,4.79981011294458e-11,4.5596431913461e-11,-0,0,0,402.981398567115,0,0
107.32,100,100,99.9999999998343,7.19542102880051e-11,-1.19572637612449e-11,4.92915333478728e-12,4.7825116444628e-11,4.39679879165517e-11,-0,0,0,402.981398567119,0,0
107.34,100,100,99.9999999998358,7.13318411058506e-11,-1.18572211293406e-11,5.07551842029633e-12,4.75413370405369e-11,4.39679879165517e-11,-0,0,0,402.981398567122,0,0
107.36,100,100,99.9999999998372,7.07149092313639e-11,-1.17542436646569e-11,5.22186193051861e-12,4.72408780331583e-11,4.39679879165517e-11,-0,0,0,402.981398567125,0,0
107.38,100,100,99.9999999998386,7.01033783760561e-11,-1.16483424883342e-11,5.36799654593831e-12,4.69417027075912e-11,4.23395439196423e-11,-0,0,0,402.981398567129,0,0
107.4,100,100,99.99999999984,6.9497201713452e-11,-1.1539532331393e-11,5.51199765787272e-12,4.66099142723779e-11,4.23395439196423e-11,-0,0,0,402.981398567132,0,0
107.42,100,100,99.9999999998414,6.88963492574305e-11,-1.14278651375316e-11,5.6547005884888e-12,4.63345052596454e-11,4.23395439196423e-11,-0,0,0,402.981398567135,0,0
107.44,100,100,99.9999999998428,6.83008008508269e-11,-1.13133344776152e-11,5.79839834148191e-12,4.60937859773735e-11,4.0711099922733e-11,-0,0,0,402.981398567138,0,0
107.46,100,100,99.9999999998441,6.77105044786262e-11,-1.11959417408259e-11,5.94018786906577e-12,4.57285465613127e-11,3.90826559258237e-11,-0,0,0,402.981398567141,0,0
107.48,100,100,99.9999999998455,6.71253935787649e-11,-1.10757767735361e-11,6.07495060703503e-12,4.5263745464833e-11,3.5825767932005e-11,-0,0,0,402.981398567144,0,0
107.5,100,100,99.9999999998468,6.65453978740559e-11,-1.0953035858912e-11,6.19718215959156e-12,4.4743158750777e-11,3.74542119289144e-11,-0,0,0,402.981398567148,0,0
107.52,100,100,99.9999999998481,6.59704798777516e-11,-1.08279704001134e-11,6.30684932464885e-12,4.42030696857787e-11,3.74542119289144e-11,-0,0,0,402.981398567151,0,0
107.54,100,100,99.9999999998494,6.54006017997231e-11,-1.07008399308314e-11,6.40397057884069e-12,4.3697812587072e-11,3.74542119289144e-11,-0,0,0,402.981398567154,0,0
107.56,100,100,99.9999999998507,6.48357357600939e-11,-1.05718786028848e-11,6.49019957079995e-12,4.31889533921356e-11,3.41973239350957e-11,-0,0,0,402.981398567157,0,0
107.58,100,100,99.999999999852,6.42758320821087e-11,-1.0441322276733e-11,6.56373621214452e-12,4.26790591841804e-11,3.41973239350957e-11,-0,0,0,402.98139856716,0,0
107.6,100,100,99.9999999998533,6.37208410527477e-11,-1.03094252910905e-11,6.62287800903137e-12,4.20439497880488e-11,3.25688799381864e-11,-0,0,0,402.981398567163,0,0
107.62,100,100,99.9999999998546,6.31707031101394e-11,-1.01765234758281e-11,6.66457810314514e-12,4.13966864248538e-11,2.93119919443678e-11,-0,0,0,402.981398567165,0,0
107.64,100,100,99.9999999998558,6.26253479285465e-11,-1.00429861244828e-11,6.68423327060638e-12,4.06173483824863e-11,2.93119919443678e-11,-0,0,0,402.981398567168,0,0
107.66,100,100,99.9999999998571,6.20847066552052e-11,-9.90931298857437e-12,6.67787126698519e-12,3.97301321857703e-11,2.76835479474585e-11,-0,0,0,402.981398567171,0,0
107.68,100,100,99.9999999998583,6.15487369174022e-11,-9.77604359475895e-12,6.64609768579498e-12,3.90062869906655e-11,2.93119919443678e-11,-0,0,0,402.981398567174,0,0
107.7,100,100,99.9999999998596,6.10174416056891e-11,-9.6435888404088e-12,6.59679793763404e-12,3.83629789581626e-11,2.76835479474585e-11,-0,0,0,402.981398567177,0,0
107.72,100,100,99.9999999998608,6.04907735837872e-11,-9.51229276845769e-12,6.52977243540677e-12,3.76742303700409e-11,2.76835479474585e-11,-0,0,0,402.98139856718,0,0
107.74,100,100,99.999999999862,5.99686749422892e-11,-9.38252833416696e-12,6.44325107738546e-12,3.69248766617702e-11,2.76835479474585e-11,-0,0,0,402.981398567183,0,0
107.76,100,100,99.9999999998632,5.94510929294577e-11,-9.25469260969036e-12,6.33648326787816e-12,3.61526819913517e-11,2.44266599536398e-11,-0,0,0,402.981398567185,0,0
107.78,100,100,99.9999999998644,5.8937958734126e-11,-9.12922238402835e-12,6.20633711484172e-12,3.53083387940102e-11,2.27982159567305e-11,-0,0,0,402.981398567188,0,0
107.8,100,100,99.9999999998655,5.84292302163716e-11,-9.00658818282244e-12,6.05422803547175e-12,3.45896202001917e-11,2.44266599536398e-11,-0,0,0,402.981398567191,0,0
107.82,100,100,99.9999999998667,5.7924895062153e-11,-8.88715803936335e-12,5.88636463386319e-12,3.3916086541e-11,2.27982159567305e-11,-0,0,0,402.981398567193,0,0
107.84,100,100,99.9999999998679,5.74248966974414e-11,-8.77124779084106e-12,5.70180922443231e-12,3.31990616676562e-11,2.27982159567305e-11,-0,0,0,402.981398567196,0,0
107.86,100,100,99.999999999869,5.69291892000602e-11,-8.65919072215281e-12,5.50147905902844e-12,3.25101860602317e-11,2.11697719598212e-11,-0,0,0,402.981398567199,0,0
107.88,100,100,99.9999999998701,5.64377364234702e-11,-8.55128507389339e-12,5.28790822994834e-12,3.19550023066018e-11,2.44266599536398e-11,-0,0,0,402.981398567201,0,0
107.9,100,100,99.9999999998712,5.59505217189013e-11,-8.44772263537866e-12,5.0666513425443e-12,3.13813800824433e-11,2.27982159567305e-11,-0,0,0,402.981398567204,0,0
107.92,100,100,99.9999999998724,5.54674852010288e-11,-8.34867989742871e-12,4.83627002923238e-12,3.08459198653499e-11,2.44266599536398e-11,-0,0,0,402.981398567206,0,0
107.94,100,100,99.9999999998735,5.49885987107663e-11,-8.2543025615328e-12,4.60041909999798e-12,3.03438256996392e-11,2.27982159567305e-11,-0,0,0,402.981398567209,0,0
107.96,100,100,99.9999999998746,5.45138121058542e-11,-8.16469944403568e-12,4.35913039389342e-12,2.98571866594379e-11,2.27982159567305e-11,-0,0,0,402.981398567211,0,0
107.98,100,100,99.9999999998756,5.40430964689095e-11,-8.07995345995919e-12,4.11580767279325e-12,2.9490029242667e-11,2.44266599536398e-11,-0,0,0,402.981398567214,0,0
108,100,100,99.9999999998767,5.35764322872061e-11,-8.00004915297394e-12,3.87515287129067e-12,2.91634773462729e-11,2.44266599536398e-11,-0,0,0,402.981398567216,0,0
108.02,100,100,99.9999999998778,5.31137782700406e-11,-7.92492278609441e-12,3.63817401669291e-12,2.88579857626767e-11,2.44266599536398e-11,-0,0,0,402.981398567219,0,0
108.04,100,100,99.9999999998788,5.26550933974265e-11,-7.85449152535713e-12,3.40578779764048e-12,2.85902900712265e-11,2.60551039505491e-11,-0,0,0,402.981398567221,0,0
108.06,100,100,99.9999999998799,5.22003580385488e-11,-7.78862967090698e-12,3.18218262823069e-12,2.84086944801249e-11,2.44266599536398e-11,-0,0,0,402.981398567224,0,0
108.08,100,100,99.9999999998809,5.1749520212385e-11,-7.72715723284371e-12,2.96607402745017e-12,2.81699749332092e-11,2.60551039505491e-11,-0,0,0,402.981398567226,0,0
108.1,100,100,99.999999999882,5.13025506069423e-11,-7.66991844741867e-12,2.75974604412015e-12,2.80154867280334e-11,2.44266599536398e-11,-0,0,0,402.981398567228,0,0
108.12,100,100,99.999999999883,5.08594091103888e-11,-7.61670585475452e-12,2.56349241711336e-12,2.78721293179117e-11,2.60551039505491e-11,-0,0,0,402.981398567231,0,0
108.14,100,100,99.999999999884,5.0420067005621e-11,-7.56729844940766e-12,2.37925961391063e-12,2.77549438934169e-11,2.60551039505491e-11,-0,0,0,402.981398567233,0,0
108.16,100,100,99.999999999885,4.99844800279399e-11,-7.5214547027819e-12,2.20627051802595e-12,2.76103347194231e-11,2.60551039505491e-11,-0,0,0,402.981398567235,0,0
108.18,100,100,99.999999999886,4.95526107272118e-11,-7.47896518424566e-12,2.04473702608533e-12,2.7510033215046e-11,2.60551039505491e-11,-0,0,0,402.981398567238,0,0
108.2,100,100,99.999999999887,4.9124432469763e-11,-7.43957425039477e-12,1.89637304635463e-12,2.74874096984362e-11,2.93119919443678e-11,-0,0,0,402.98139856724,0,0
108.22,100,100,99.999999999888,4.86999402748573e-11,-7.40297772568018e-12,1.76611286622114e-12,2.75169856789235e-11,2.76835479474585e-11,-0,0,0,402.981398567242,0,0
108.24,100,100,99.9999999998889,4.82790917702324e-11,-7.36881867789887e-12,1.65253284072145e-12,2.75277277799936e-11,2.76835479474585e-11,-0,0,0,402.981398567245,0,0
108.26,100,100,99.9999999998899,4.78618515592392e-11,-7.3367683403584e-12,1.55516378683695e-12,2.7555870912883e-11,2.93119919443678e-11,-0,0,0,402.981398567247,0,0
108.28,100,100,99.9999999998908,4.74481853292165e-11,-7.30649913651955e-12,1.47350136608799e-12,2.75110286363651e-11,2.76835479474585e-11,-0,0,0,402.981398567249,0,0
108.3,100,100,99.9999999998918,4.70380710457623e-11,-7.2777171025027e-12,1.40889370417727e-12,2.76983485446216e-11,3.09404359412771e-11,-0,0,0,402.981398567251,0,0
108.32,100,100,99.9999999998927,4.66315176279718e-11,-7.24998765924701e-12,1.36721340054375e-12,2.78193436906279e-11,2.93119919443678e-11,-0,0,0,402.981398567253,0,0
108.34,100,100,99.9999999998936,4.62284765244017e-11,-7.22289698708706e-12,1.34482005986845e-12,2.79687244808438e-11,3.09404359412771e-11,-0,0,0,402.981398567255,0,0
108.36,100,100,99.9999999998946,4.58289433949628e-11,-7.19603514603717e-12,1.34498488804944e-12,2.81954006783478e-11,3.09404359412771e-11,-0,0,0,402.981398567258,0,0
108.38,100,100,99.9999999998955,4.54328822984139e-11,-7.1689558572192e-12,1.36554513506718e-12,2.83024332612361e-11,3.09404359412771e-11,-0,0,0,402.98139856726,0,0
108.4,100,100,99.9999999998964,4.50402490932943e-11,-7.14129572624534e-12,1.40292336242657e-12,2.83844691691279e-11,2.93119919443678e-11,-0,0,0,402.981398567262,0,0
108.42,100,100,99.9999999998973,4.46510068632907e-11,-7.1127437492877e-12,1.4546005821854e-12,2.84442878992884e-11,2.93119919443678e-11,-0,0,0,402.981398567264,0,0
108.44,100,100,99.9999999998982,4.42651414089304e-11,-7.0830122378359e-12,1.5215939937864e-12,2.85702517274587e-11,2.93119919443678e-11,-0,0,0,402.981398567266,0,0
108.46,100,100,99.9999999998991,4.3882628194795e-11,-7.05178670053637e-12,1.60301606910447e-12,2.86180887823202e-11,2.93119919443678e-11,-0,0,0,402.981398567268,0,0
108.48,100,100,99.9999999998999,4.35034337410356e-11,-7.01881142191772e-12,1.69646552035537e-12,2.86447468596179e-11,2.76835479474585e-11,-0,0,0,402.98139856727,0,0
108.5,100,100,99.9999999999008,4.31275312509756e-11,-6.98386867231446e-12,1.80054322745995e-12,2.86877406314039e-11,2.76835479474585e-11,-0,0,0,402.981398567272,0,0
108.52,100,100,99.9999999999016,4.27548998004476e-11,-6.94673438760356e-12,1.91465244992531e-12,2.86929802161259e-11,2.76835479474585e-11,-0,0,0,402.981398567274,0,0
108.54,100,100,99.9999999999025,4.23855144427835e-11,-6.90722984991864e-12,2.03749766350377e-12,2.86978818842889e-11,2.76835479474585e-11,-0,0,0,402.981398567276,0,0
108.56,100,100,99.9999999999033,4.20193350457011e-11,-6.86520194291082e-12,2.16526136408999e-12,2.85624614539065e-11,2.76835479474585e-11,-0,0,0,402.981398567278,0,0
108.58,100,100,99.9999999999042,4.1656328945268e-11,-6.8206034744649e-12,2.29545198103601e-12,2.84526622612733e-11,2.60551039505491e-11,-0,0,0,402.98139856728,0,0
108.6,100,100,99.999999999905,4.12964795630127e-11,-6.77337618718088e-12,2.42811499374925e-12,2.83861333330814e-11,2.76835479474585e-11,-0,0,0,402.981398567282,0,0
108.62,100,100,99.9999999999058,4.09397969690522e-11,-6.72343653557106e-12,2.56750161944301e-12,2.83927306563475e-11,2.60551039505491e-11,-0,0,0,402.981398567283,0,0
108.64,100,100,99.9999999999066,4.05862372118029e-11,-6.67066231939998e-12,2.70897574622878e-12,2.81888948758394e-11,2.44266599536398e-11,-0,0,0,402.981398567285,0,0
108.66,100,100,99.9999999999074,4.02357433278234e-11,-6.61510370674578e-12,2.84606069221434e-12,2.79643508657075e-11,2.60551039505491e-11,-0,0,0,402.981398567287,0,0
108.68,100,100,99.9999999999082,3.98883175234833e-11,-6.55682518381205e-12,2.98189396753511e-12,2.78412177965512e-11,2.60551039505491e-11,-0,0,0,402.981398567289,0,0
108.7,100,100,99.999999999909,3.95439448746275e-11,-6.49583195936394e-12,3.11672822581897e-12,2.76198353169347e-11,2.27982159567305e-11,-0,0,0,402.981398567291,0,0
108.72,100,100,99.9999999999098,3.92025635993889e-11,-6.43221682910755e-12,3.24338897022257e-12,2.7273853001638e-11,2.27982159567305e-11,-0,0,0,402.981398567293,0,0
108.74,100,100,99.9999999999106,3.88641454451458e-11,-6.36616735240476e-12,3.36034828536161e-12,2.69501841252255e-11,2.27982159567305e-11,-0,0,0,402.981398567294,0,0
108.76,100,100,99.9999999999114,3.8528683025521e-11,-6.29785804988708e-12,3.4695029151216e-12,2.66643174028606e-11,2.11697719598212e-11,-0,0,0,402.981398567296,0,0
108.78,100,100,99.9999999999121,3.81961575850772e-11,-6.2274443443719e-12,3.57093256402187e-12,2.63980544707995e-11,2.27982159567305e-11,-0,0,0,402.981398567298,0,0
108.8,100,100,99.9999999999129,3.78665551599152e-11,-6.15506362400279e-12,3.66550912188397e-12,2.60777932608894e-11,2.11697719598212e-11,-0,0,0,402.9813985673,0,0
108.82,100,100,99.9999999999137,3.75398405768885e-11,-6.08088606125725e-12,3.7507870079292e-12,2.5761260222922e-11,2.11697719598212e-11,-0,0,0,402.981398567302,0,0
108.84,100,100,99.9999999999144,3.72159999015561e-11,-6.0050870084123e-12,3.82782801048199e-12,2.5428953707099e-11,1.79128839660025e-11,-0,0,0,402.981398567303,0,0
108.86,100,100,99.9999999999151,3.6894976430195e-11,-5.92787209129263e-12,3.89089474620265e-12,2.49261259681683e-11,1.62844399690932e-11,-0,0,0,402.981398567305,0,0
108.88,100,100,99.9999999999159,3.65767310146163e-11,-5.84956397741386e-12,3.9374100481033e-12,2.44919160853325e-11,1.79128839660025e-11,-0,0,0,402.981398567307,0,0
108.9,100,100,99.9999999999166,3.62612610347918e-11,-5.77045989471277e-12,3.97078825547771e-12,2.40495207175985e-11,1.62844399690932e-11,-0,0,0,402.981398567308,0,0
108.92,100,100,99.9999999999173,3.59485308122616e-11,-5.69084105399621e-12,3.98918664578339e-12,2.35837087224933e-11,1.62844399690932e-11,-0,0,0,402.98139856731,0,0
108.94,100,100,99.999999999918,3.56385150208514e-11,-5.61099849868871e-12,3.99257128385407e-12,2.31129569527421e-11,1.62844399690932e-11,-0,0,0,402.981398567312,0,0
108.96,100,100,99.9999999999188,3.53311827151916e-11,-5.53124088309891e-12,3.98014811494592e-12,2.25663747468188e-11,1.30275519752746e-11,-0,0,0,402.981398567313,0,0
108.98,100,100,99.9999999999195,3.5026487017724e-11,-5.45192465186465e-12,3.94876906966354e-12,2.20211903981794e-11,1.30275519752746e-11,-0,0,0,402.981398567315,0,0
109,100,100,99.9999999999202,3.47244020194073e-11,-5.37341655053359e-12,3.89884481415303e-12,2.14230698161723e-11,1.13991079783652e-11,-0,0,0,402.981398567316,0,0
109.02,100,100,99.9999999999209,3.44248907637e-11,-5.29610787079913e-12,3.82920250198805e-12,2.08465973917359e-11,1.13991079783652e-11,-0,0,0,402.981398567318,0,0
109.04,100,100,99.9999999999215,3.41279155447211e-11,-5.22038766357327e-12,3.73870195246228e-12,2.01853912526885e-11,1.30275519752746e-11,-0,0,0,402.98139856732,0,0
109.06,100,100,99.9999999999222,3.38334704282397e-11,-5.14666478469156e-12,3.63155197306835e-12,1.97056668725262e-11,1.13991079783652e-11,-0,0,0,402.981398567321,0,0
109.08,100,100,99.9999999999229,3.35415466759584e-11,-5.07521778012713e-12,3.51140903451553e-12,1.9239954923202e-11,1.13991079783652e-11,-0,0,0,402.981398567323,0,0
109.1,100,100,99.9999999999236,3.32521132292834e-11,-5.00629727414066e-12,3.37835951327577e-12,1.87161813267339e-11,9.77066398145592e-12,-0,0,0,402.981398567324,0,0
109.12,100,100,99.9999999999242,3.2965117839107e-11,-4.94019354190635e-12,3.22922913248044e-12,1.8139258039772e-11,9.77066398145592e-12,-0,0,0,402.981398567326,0,0
109.14,100,100,99.9999999999249,3.26805404336368e-11,-4.87722321785054e-12,3.06621345963424e-12,1.76876390785385e-11,1.13991079783652e-11,-0,0,0,402.981398567327,0,0
109.16,100,100,99.9999999999255,3.2398380330644e-11,-4.81760237995254e-12,2.89455968580512e-12,1.72820728164163e-11,1.13991079783652e-11,-0,0,0,402.981398567329,0,0
109.18,100,100,99.9999999999262,3.21186142018384e-11,-4.76148814778818e-12,2.71579857959844e-12,1.68845689187183e-11,9.77066398145592e-12,-0,0,0,402.98139856733,0,0
109.2,100,100,99.9999999999268,3.184119710696e-11,-4.70903370507612e-12,2.52799060611395e-12,1.6443865640512e-11,1.13991079783652e-11,-0,0,0,402.981398567332,0,0
109.22,100,100,99.9999999999275,3.15661375736342e-11,-4.6603860641371e-12,2.33787759727395e-12,1.62585200390873e-11,1.13991079783652e-11,-0,0,0,402.981398567333,0,0
109.24,100,100,99.9999999999281,3.12934305293726e-11,-4.615514286105e-12,2.1496662494396e-12,1.60151249446778e-11,1.13991079783652e-11,-0,0,0,402.981398567335,0,0
109.26,100,100,99.9999999999287,3.10230392338874e-11,-4.57439855638247e-12,1.96240450552578e-12,1.58055209532815e-11,1.30275519752746e-11,-0,0,0,402.981398567336,0,0
109.28,100,100,99.9999999999293,3.0754943002988e-11,-4.53699549220473e-12,1.77764032495196e-12,1.55913799989877e-11,1.30275519752746e-11,-0,0,0,402.981398567337,0,0
109.3,100,100,99.9999999999299,3.04891056465188e-11,-4.50327424788729e-12,1.59437290203037e-12,1.53741218622713e-11,1.46559959721839e-11,-0,0,0,402.981398567339,0,0
109.32,100,100,99.9999999999305,3.02255177636293e-11,-4.47318045507682e-12,1.41583850090588e-12,1.52397109564785e-11,1.30275519752746e-11,-0,0,0,402.98139856734,0,0
109.34,100,100,99.9999999999311,2.9964164010063e-11,-4.44659802340116e-12,1.2441190280379e-12,1.51851389880083e-11,1.46559959721839e-11,-0,0,0,402.981398567342,0,0
109.36,100,100,99.9999999999317,2.97050393142528e-11,-4.42334668700104e-12,1.08272828440262e-12,1.51329191431233e-11,1.30275519752746e-11,-0,0,0,402.981398567343,0,0
109.38,100,100,99.9999999999323,2.94480963533615e-11,-4.40324606052204e-12,9.2821379230229e-13,1.50152315118911e-11,1.46559959721839e-11,-0,0,0,402.981398567344,0,0
109.4,100,100,99.9999999999329,2.91933265435639e-11,-4.38614770957472e-12,7.83333571660901e-13,1.50451787529953e-11,1.62844399690932e-11,-0,0,0,402.981398567346,0,0
109.42,100,100,99.9999999999335,2.89407418915342e-11,-4.37180951947138e-12,6.53873770461124e-13,1.51600838212682e-11,1.62844399690932e-11,-0,0,0,402.981398567347,0,0
109.44,100,100,99.9999999999341,2.86903320800715e-11,-4.3598865611046e-12,5.4164851657351e-13,1.5302599914557e-11,1.62844399690932e-11,-0,0,0,402.981398567348,0,0
109.46,100,100,99.9999999999346,2.84420665333641e-11,-4.35004265324166e-12,4.44997450634617e-13,1.53659217292347e-11,1.62844399690932e-11,-0,0,0,402.98139856735,0,0
109.48,100,100,99.9999999999352,2.81959111938086e-11,-4.3419982191693e-12,3.61614387432902e-13,1.540706590767e-11,1.46559959721839e-11,-0,0,0,402.981398567351,0,0
109.5,100,100,99.9999999999358,2.79518334278294e-11,-4.33550976531296e-12,2.89326819613466e-13,1.54467239610379e-11,1.62844399690932e-11,-0,0,0,402.981398567352,0,0
109.52,100,100,99.9999999999363,2.77098335511922e-11,-4.33033361187313e-12,2.31144270019576e-13,1.55888475928009e-11,1.79128839660025e-11,-0,0,0,402.981398567354,0,0
109.54,100,100,99.9999999999369,2.74699008602876e-11,-4.32616092821744e-12,1.8800937201836e-13,1.56506348703737e-11,1.62844399690932e-11,-0,0,0,402.981398567355,0,0
109.56,100,100,99.9999999999374,2.72320048229852e-11,-4.32273133823605e-12,1.57576376456607e-13,1.57796076750217e-11,1.79128839660025e-11,-0,0,0,402.981398567356,0,0
109.58,100,100,99.999999999938,2.69961474141275e-11,-4.31975509512517e-12,1.42542313627896e-13,1.59171890716349e-11,1.79128839660025e-11,-0,0,0,402.981398567357,0,0
109.6,100,100,99.9999999999385,2.67623097923305e-11,-4.31693273248149e-12,1.42048527561189e-13,1.60639912528579e-11,1.95413279629118e-11,-0,0,0,402.981398567359,0,0
109.62,100,100,99.999999999939,2.65304846808043e-11,-4.313964988209e-12,1.56935431931244e-13,1.62001583338014e-11,1.79128839660025e-11,-0,0,0,402.98139856736,0,0
109.64,100,100,99.9999999999396,2.6300644420616e-11,-4.3105702195224e-12,1.84610838866478e-13,1.63106171550472e-11,1.79128839660025e-11,-0,0,0,402.981398567361,0,0
109.66,100,100,99.9999999999401,2.60727787501653e-11,-4.30650024624765e-12,2.25203734704473e-13,1.6448933544643e-11,1.79128839660025e-11,-0,0,0,402.981398567362,0,0
109.68,100,100,99.9999999999406,2.58468776096832e-11,-4.30147908720104e-12,2.78681285629425e-13,1.65783697032493e-11,1.79128839660025e-11,-0,0,0,402.981398567363,0,0
109.7,100,100,99.9999999999411,2.56229110685712e-11,-4.29528335670031e-12,3.41737545765447e-13,1.65944335494686e-11,1.79128839660025e-11,-0,0,0,402.981398567365,0,0
109.72,100,100,99.9999999999417,2.54008508704165e-11,-4.28776030093242e-12,4.11360148830686e-13,1.66094613899876e-11,1.79128839660025e-11,-0,0,0,402.981398567366,0,0
109.74,100,100,99.9999999999422,2.51806856651695e-11,-4.2787817908992e-12,4.87230393222712e-13,1.66054262177383e-11,1.62844399690932e-11,-0,0,0,402.981398567367,0,0
109.76,100,100,99.9999999999427,2.49623940792694e-11,-4.26824272366541e-12,5.67375811435213e-13,1.65847248502835e-11,1.62844399690932e-11,-0,0,0,402.981398567368,0,0
109.78,100,100,99.9999999999432,2.47459661005668e-11,-4.25605930555693e-12,6.51638879892658e-13,1.65653585762052e-11,1.62844399690932e-11,-0,0,0,402.981398567369,0,0
109.8,100,100,99.9999999999437,2.4531391991791e-11,-4.24215079013463e-12,7.3985845521952e-13,1.65472412913207e-11,1.62844399690932e-11,-0,0,0,402.98139856737,0,0
109.82,100,100,99.9999999999441,2.43186728751636e-11,-4.22643099648113e-12,8.33568241365423e-13,1.6600295432185e-11,1.62844399690932e-11,-0,0,0,402.981398567372,0,0
109.84,100,100,99.9999999999446,2.41077882084079e-11,-4.20878564815932e-12,9.30678662597096e-13,1.65099219768838e-11,1.62844399690932e-11,-0,0,0,402.981398567373,0,0
109.86,100,100,99.9999999999451,2.38987191338256e-11,-4.1891896201399e-12,1.02948957307537e-12,1.64772861426395e-11,1.46559959721839e-11,-0,0,0,402.981398567374,0,0
109.88,100,100,99.9999999999456,2.3691457339785e-11,-4.16760073301543e-12,1.12994750587633e-12,1.64298286558015e-11,1.46559959721839e-11,-0,0,0,402.981398567375,0,0
109.9,100,100,99.999999999946,2.34859841969889e-11,-4.14399508625155e-12,1.23033170252387e-12,1.63154288572373e-11,1.46559959721839e-11,-0,0,0,402.981398567376,0,0
109.92,100,100,99.9999999999465,2.32822819164437e-11,-4.11839797567346e-12,1.32913683113065e-12,1.62265008675405e-11,1.62844399690932e-11,-0,0,0,402.981398567377,0,0
109.94,100,100,99.999999999947,2.30803539251357e-11,-4.09082178413265e-12,1.42826671830466e-12,1.61602345466351e-11,1.62844399690932e-11,-0,0,0,402.981398567378,0,0
109.96,100,100,99.9999999999474,2.28801925827527e-11,-4.06125916196841e-12,1.52779015539088e-12,1.60801481176487e-11,1.46559959721839e-11,-0,0,0,402.981398567379,0,0
109.98,100,100,99.9999999999479,2.26817797974255e-11,-4.02971838973161e-12,1.62610101774964e-12,1.59702064452827e-11,1.30275519752746e-11,-0,0,0,402.98139856738,0,0
110,100,100,99.9999999999483,2.24850873765306e-11,-3.99624733705799e-12,1.72003009269287e-12,1.57804258184387e-11,1.30275519752746e-11,-0,0,0,402.981398567381,0,0
110.02,100,100,99.9999999999488,2.2290109300082e-11,-3.96094540000972e-12,1.81011761796919e-12,1.56728877019631e-11,1.30275519752746e-11,-0,0,0,402.981398567382,0,0
110.04,100,100,99.9999999999492,2.20968386544537e-11,-3.9238688112471e-12,1.89670809471352e-12,1.55022820540556e-11,1.30275519752746e-11,-0,0,0,402.981398567383,0,0
110.06,100,100,99.9999999999497,2.19052424151043e-11,-3.88512595842406e-12,1.97604137312529e-12,1.52195608690356e-11,1.13991079783652e-11,-0,0,0,402.981398567384,0,0
110.08,100,100,99.9999999999501,2.17153043713937e-11,-3.84488718329872e-12,2.04725521485037e-12,1.50431713726558e-11,1.13991079783652e-11,-0,0,0,402.981398567385,0,0
110.1,100,100,99.9999999999505,2.15270128439309e-11,-3.8032909665651e-12,2.11021989251957e-12,1.47200579673636e-11,9.77066398145592e-12,-0,0,0,402.981398567386,0,0
110.12,100,100,99.999999999951,2.13403409380477e-11,-3.7605519297353e-12,2.16256144293955e-12,1.44708596682828e-11,9.77066398145592e-12,-0,0,0,402.981398567387,0,0
110.14,100,100,99.9999999999514,2.11552823169126e-11,-3.71685560840741e-12,2.20526444390162e-12,1.41677299285099e-11,9.77066398145592e-12,-0,0,0,402.981398567388,0,0
110.16,100,100,99.9999999999518,2.09718198625269e-11,-3.67240978595532e-12,2.23769535341619e-12,1.38479622919158e-11,6.51377598763728e-12,-0,0,0,402.981398567389,0,0
110.18,100,100,99.9999999999522,2.0789904433901e-11,-3.62745995050216e-12,2.25420128495315e-12,1.34111462287879e-11,9.77066398145592e-12,-0,0,0,402.98139856739,0,0
110.2,100,100,99.9999999999526,2.0609530478411e-11,-3.58232545946044e-12,2.25644285082583e-12,1.30363546169889e-11,9.77066398145592e-12,-0,0,0,402.981398567391,0,0
110.22,100,100,99.9999999999531,2.04307015567134e-11,-3.53726777222793e-12,2.24758633005229e-12,1.27376436075843e-11,8.1422199845466e-12,-0,0,0,402.981398567392,0,0
110.24,100,100,99.9999999999535,2.02534196137182e-11,-3.49247953817159e-12,2.23050867256443e-12,1.24931800983849e-11,6.51377598763728e-12,-0,0,0,402.981398567393,0,0
110.26,100,100,99.9999999999539,2.00776641871636e-11,-3.44811573683092e-12,2.20445838730448e-12,1.2177553352084e-11,6.51377598763728e-12,-0,0,0,402.981398567394,0,0
110.28,100,100,99.9999999999543,1.99034151609462e-11,-3.40437019059349e-12,2.16887938676029e-12,1.18822823228313e-11,6.51377598763728e-12,-0,0,0,402.981398567395,0,0
110.3,100,100,99.9999999999547,1.97306519770994e-11,-3.36143067230747e-12,2.12320889247913e-12,1.1536051221663e-11,6.51377598763728e-12,-0,0,0,402.981398567396,0,0
110.32,100,100,99.9999999999551,1.95593541699437e-11,-3.31951184039663e-12,2.06702940962979e-12,1.12121496043272e-11,6.51377598763728e-12,-0,0,0,402.981398567397,0,0
110.34,100,100,99.9999999999554,1.93895113494725e-11,-3.27881107137473e-12,2.00160595412688e-12,1.0927231197519e-11,8.1422199845466e-12,-0,0,0,402.981398567397,0,0
110.36,100,100,99.9999999999558,1.92211334597988e-11,-3.23947593869954e-12,1.9314723464313e-12,1.07657112800877e-11,9.77066398145592e-12,-0,0,0,402.981398567398,0,0
110.38,100,100,99.9999999999562,1.90542339641155e-11,-3.20155072783788e-12,1.86157312843117e-12,1.06484222703173e-11,8.1422199845466e-12,-0,0,0,402.981398567399,0,0
110.4,100,100,99.9999999999566,1.88887879417367e-11,-3.165026774819e-12,1.79053528498175e-12,1.04686959337997e-11,6.51377598763728e-12,-0,0,0,402.9813985674,0,0
110.42,100,100,99.999999999957,1.87247556525509e-11,-3.12996431955409e-12,1.71469562284138e-12,1.02136312654364e-11,6.51377598763728e-12,-0,0,0,402.981398567401,0,0
110.44,100,100,99.9999999999573,1.85621248679764e-11,-3.09646761145729e-12,1.63494544516919e-12,1.00631132935877e-11,8.1422199845466e-12,-0,0,0,402.981398567402,0,0
110.46,100,100,99.9999999999577,1.84008981604718e-11,-3.06456552932555e-12,1.5544481770793e-12,9.88615390175166e-12,6.51377598763728e-12,-0,0,0,402.981398567403,0,0
110.48,100,100,99.9999999999581,1.82410409921764e-11,-3.0343103063736e-12,1.47039877452139e-12,9.66865911905858e-12,6.51377598763728e-12,-0,0,0,402.981398567404,0,0
110.5,100,100,99.9999999999584,1.80825458375278e-11,-3.00576520824639e-12,1.38439447216392e-12,9.55328803808888e-12,8.1422199845466e-12,-0,0,0,402.981398567404,0,0
110.52,100,100,99.9999999999588,1.79254095450361e-11,-2.97893021877999e-12,1.29861805248599e-12,9.39228103268469e-12,8.1422199845466e-12,-0,0,0,402.981398567405,0,0
110.54,100,100,99.9999999999592,1.77696290652695e-11,-2.95380415671025e-12,1.21524987004278e-12,9.39975765017094e-12,9.77066398145592e-12,-0,0,0,402.981398567406,0,0
110.56,100,100,99.9999999999595,1.76152159202709e-11,-2.9302785725268e-12,1.13858238616186e-12,9.370563093476e-12,8.1422199845466e-12,-0,0,0,402.981398567407,0,0
110.58,100,100,99.9999999999599,1.74621443102933e-11,-2.90823722938552e-12,1.06678208753512e-12,9.36134654391713e-12,8.1422199845466e-12,-0,0,0,402.981398567408,0,0
110.6,100,100,99.9999999999602,1.73103945611338e-11,-2.88758364131071e-12,9.98960763361554e-13,9.28272140970666e-12,8.1422199845466e-12,-0,0,0,402.981398567408,0,0
110.62,100,100,99.9999999999606,1.71599426323337e-11,-2.86826276383991e-12,9.33542783998672e-13,9.20916704660039e-12,8.1422199845466e-12,-0,0,0,402.981398567409,0,0
110.64,100,100,99.9999999999609,1.70107755559851e-11,-2.85022469849591e-12,8.70707738240241e-13,9.14035642533663e-12,8.1422199845466e-12,-0,0,0,402.98139856741,0,0
110.66,100,100,99.9999999999612,1.68628911409396e-11,-2.83340747940733e-12,8.12312045461724e-13,9.18217423974919e-12,1.13991079783652e-11,-0,0,0,402.981398567411,0,0
110.68,100,100,99.9999999999616,1.67163181735767e-11,-2.8176552751431e-12,7.64984759891603e-13,9.32515095647694e-12,1.13991079783652e-11,-0,0,0,402.981398567412,0,0
110.7,100,100,99.9999999999619,1.65710417870538e-11,-2.80273627635171e-12,7.28037938766326e-13,9.38890368760416e-12,1.13991079783652e-11,-0,0,0,402.981398567412,0,0
110.72,100,100,99.9999999999622,1.64270484976579e-11,-2.78846502969135e-12,7.00969710803827e-13,9.50045397901278e-12,9.77066398145592e-12,-0,0,0,402.981398567413,0,0
110.74,100,100,99.9999999999626,1.62843145391412e-11,-2.77464993927019e-12,6.8148935350087e-13,9.51788063381232e-12,9.77066398145592e-12,-0,0,0,402.981398567414,0,0
110.76,100,100,99.9999999999629,1.61428283643413e-11,-2.7611595060362e-12,6.69296643288914e-13,9.60418637891238e-12,9.77066398145592e-12,-0,0,0,402.981398567415,0,0
110.78,100,100,99.9999999999632,1.60025889896217e-11,-2.74782664347662e-12,6.6564739036597e-13,9.66683218505066e-12,8.1422199845466e-12,-0,0,0,402.981398567415,0,0
110.8,100,100,99.9999999999635,1.58635535402932e-11,-2.7345195824099e-12,6.64988885750762e-13,9.58659918631731e-12,9.77066398145592e-12,-0,0,0,402.981398567416,0,0
110.82,100,100,99.9999999999638,1.5725723834269e-11,-2.72119484426872e-12,6.69106961299472e-13,9.66847306552788e-12,9.77066398145592e-12,-0,0,0,402.981398567417,0,0
110.84,100,100,99.9999999999641,1.55891004139368e-11,-2.70771731604817e-12,6.79357305200363e-13,9.69315748687725e-12,1.13991079783652e-11,-0,0,0,402.981398567418,0,0
110.86,100,100,99.9999999999645,1.54536844341898e-11,-2.69396726620621e-12,6.97148247611807e-13,9.78508553675727e-12,9.77066398145592e-12,-0,0,0,402.981398567418,0,0
110.88,100,100,99.9999999999648,1.53194661025081e-11,-2.6797901581225e-12,7.21973361950749e-13,9.8541584349521e-12,9.77066398145592e-12,-0,0,0,402.981398567419,0,0
110.9,100,100,99.9999999999651,1.51864363398937e-11,-2.66504991769902e-12,7.53389181602304e-13,9.9187766144394e-12,9.77066398145592e-12,-0,0,0,402.98139856742,0,0
110.92,100,100,99.9999999999654,1.50545865613903e-11,-2.64961900179564e-12,7.9097186746952e-13,9.9792273734111e-12,9.77066398145592e-12,-0,0,0,402.98139856742,0,0
110.94,100,100,99.9999999999657,1.49239086500642e-11,-2.63337815224514e-12,8.34316585445543e-13,1.00357794813357e-11,9.77066398145592e-12,-0,0,0,402.981398567421,0,0
110.96,100,100,99.999999999966,1.47943897060161e-11,-2.61622471110382e-12,8.82207447348855e-13,1.00536627758742e-11,9.77066398145592e-12,-0,0,0,402.981398567422,0,0
110.98,100,100,99.9999999999663,1.46660014888969e-11,-2.59808758630766e-12,9.30951810070873e-13,9.94731452365303e-12,8.1422199845466e-12,-0,0,0,402.981398567422,0,0
111,100,100,99.9999999999666,1.453871237185e-11,-2.57900811843708e-12,9.76492675303821e-13,9.83089855411407e-12,8.1422199845466e-12,-0,0,0,402.981398567423,0,0
111.02,100,100,99.9999999999668,1.44125177876339e-11,-2.55904672491292e-12,1.01920407836613e-12,9.72199060017766e-12,8.1422199845466e-12,-0,0,0,402.981398567424,0,0
111.04,100,100,99.9999999999671,1.42874235177136e-11,-2.53824782909355e-12,1.06112675341536e-12,9.70820325717076e-12,9.77066398145592e-12,-0,0,0,402.981398567424,0,0
111.06,100,100,99.9999999999674,1.41634448593085e-11,-2.51658379509861e-12,1.10570733795688e-12,9.71223153691912e-12,9.77066398145592e-12,-0,0,0,402.981398567425,0,0
111.08,100,100,99.9999999999677,1.40405859315069e-11,-2.49399410999577e-12,1.15449676981236e-12,9.78600300842532e-12,9.77066398145592e-12,-0,0,0,402.981398567426,0,0
111.1,100,100,99.999999999968,1.39188291251837e-11,-2.47038990612405e-12,1.20542810925952e-12,9.69691693868775e-12,8.1422199845466e-12,-0,0,0,402.981398567426,0,0
111.12,100,100,99.9999999999683,1.37981373892366e-11,-2.44579637035385e-12,1.25347061584238e-12,9.57855603943852e-12,6.51377598763728e-12,-0,0,0,402.981398567427,0,0
111.14,100,100,99.9999999999685,1.36784852480358e-11,-2.42029362827969e-12,1.295581375829e-12,9.39899298913332e-12,8.1422199845466e-12,-0,0,0,402.981398567428,0,0
111.16,100,100,99.9999999999688,1.35598691684322e-11,-2.39400281126785e-12,1.33238591268497e-12,9.2298431127685e-12,6.51377598763728e-12,-0,0,0,402.981398567428,0,0
111.18,100,100,99.9999999999691,1.34422745506515e-11,-2.36704114066042e-12,1.3627650805441e-12,9.05467578449018e-12,6.51377598763728e-12,-0,0,0,402.981398567429,0,0
111.2,100,100,99.9999999999693,1.33256973648007e-11,-2.33953068397732e-12,1.38736883053313e-12,8.89080552343537e-12,6.51377598763728e-12,-0,0,0,402.981398567429,0,0
111.22,100,100,99.9999999999696,1.32101331203007e-11,-2.31158084694458e-12,1.40679988374962e-12,8.73750374780112e-12,6.51377598763728e-12,-0,0,0,402.98139856743,0,0
111.24,100,100,99.9999999999699,1.30955769206671e-11,-2.28328942342469e-12,1.42161718736263e-12,8.59408886421373e-12,6.51377598763728e-12,-0,0,0,402.981398567431,0,0
111.26,100,100,99.9999999999701,1.29820129195793e-11,-2.25475212764574e-12,1.43064117004004e-12,8.40801407187139e-12,8.1422199845466e-12,-0,0,0,402.981398567431,0,0
111.28,100,100,99.9999999999704,1.2869457343969e-11,-2.22606938123739e-12,1.43793511807863e-12,8.37277839051587e-12,6.51377598763728e-12,-0,0,0,402.981398567432,0,0
111.3,100,100,99.9999999999707,1.27579032965226e-11,-2.19724815593819e-12,1.44366628109169e-12,8.27097956308468e-12,8.1422199845466e-12,-0,0,0,402.981398567432,0,0
111.32,100,100,99.9999999999709,1.26473232135144e-11,-2.16834282538115e-12,1.44474350594108e-12,8.01647886381971e-12,4.88533199072796e-12,-0,0,0,402.981398567433,0,0
111.34,100,100,99.9999999999712,1.25376804037445e-11,-2.13951563956078e-12,1.43684079084175e-12,7.83263561783591e-12,6.51377598763728e-12,-0,0,0,402.981398567434,0,0
111.36,100,100,99.9999999999714,1.24289910022789e-11,-2.11089523625526e-12,1.42417968423964e-12,7.64138776628212e-12,3.25688799381864e-12,-0,0,0,402.981398567434,0,0
111.38,100,100,99.9999999999717,1.23212172687842e-11,-2.08261289144124e-12,1.40232198032732e-12,7.3767120266013e-12,4.88533199072796e-12,-0,0,0,402.981398567435,0,0
111.4,100,100,99.9999999999719,1.22143648279716e-11,-2.05484246584781e-12,1.37398879529783e-12,7.21603544369513e-12,4.88533199072796e-12,-0,0,0,402.981398567435,0,0
111.42,100,100,99.9999999999721,1.21084377336128e-11,-2.02768058020729e-12,1.34156573757583e-12,7.08381519849943e-12,6.51377598763728e-12,-0,0,0,402.981398567436,0,0
111.44,100,100,99.9999999999724,1.20034340793164e-11,-2.00119528195984e-12,1.30644871394954e-12,6.92393324946236e-12,4.88533199072796e-12,-0,0,0,402.981398567436,0,0
111.46,100,100,99.9999999999726,1.18993462953458e-11,-1.97544327547626e-12,1.26912240057489e-12,6.84436689552584e-12,3.25688799381864e-12,-0,0,0,402.981398567437,0,0
111.48,100,100,99.9999999999729,1.17961610464566e-11,-1.95045690969916e-12,1.22909544296745e-12,6.70109641376286e-12,4.88533199072796e-12,-0,0,0,402.981398567438,0,0
111.5,100,100,99.9999999999731,1.16938707619456e-11,-1.92629397442759e-12,1.18686674711553e-12,6.58399231135578e-12,4.88533199072796e-12,-0,0,0,402.981398567438,0,0
111.52,100,100,99.9999999999733,1.15924781099918e-11,-1.90298539644963e-12,1.14455655860159e-12,6.54444359192739e-12,4.88533199072796e-12,-0,0,0,402.981398567439,0,0
111.54,100,100,99.9999999999736,1.14919848794882e-11,-1.88050534526539e-12,1.10402731585181e-12,6.50744548822384e-12,4.88533199072796e-12,-0,0,0,402.981398567439,0,0
111.56,100,100,99.9999999999738,1.13923821026923e-11,-1.85881744403004e-12,1.06535302620978e-12,6.4728335033747e-12,4.88533199072796e-12,-0,0,0,402.98139856744,0,0
111.58,100,100,99.999999999974,1.12936503691467e-11,-1.83789262550821e-12,1.02689979937435e-12,6.37045076178664e-12,4.88533199072796e-12,-0,0,0,402.98139856744,0,0
111.6,100,100,99.9999999999742,1.11957711660781e-11,-1.81774941297826e-12,9.87249999501159e-13,6.27467099077316e-12,4.88533199072796e-12,-0,0,0,402.981398567441,0,0
111.62,100,100,99.9999999999745,1.10987367829269e-11,-1.79840837787597e-12,9.46735065908974e-13,6.16697452273792e-12,3.25688799381864e-12,-0,0,0,402.981398567441,0,0
111.64,100,100,99.9999999999747,1.10025077937021e-11,-1.77991781737743e-12,9.00604655227381e-13,5.89119749044455e-12,1.62844399690932e-12,-0,0,0,402.981398567442,0,0
111.66,100,100,99.9999999999749,1.09070361029361e-11,-1.76245824098178e-12,8.4298635689254e-13,5.58246436859933e-12,4.88533199072796e-12,-0,0,0,402.981398567442,0,0
111.68,100,100,99.9999999999751,1.08123485619538e-11,-1.74622094309318e-12,7.8024097925089e-13,5.46750121966419e-12,4.88533199072796e-12,-0,0,0,402.981398567443,0,0
111.7,100,100,99.9999999999753,1.07184691937039e-11,-1.73124207770405e-12,7.18039350271406e-13,5.42995537718664e-12,4.88533199072796e-12,-0,0,0,402.981398567443,0,0
111.72,100,100,99.9999999999756,1.06253993963495e-11,-1.71748334531958e-12,6.58240336134133e-13,5.39483097888252e-12,4.88533199072796e-12,-0,0,0,402.981398567444,0,0
111.74,100,100,99.9999999999758,1.05331350736365e-11,-1.70488728595197e-12,6.01743462199732e-13,5.41508727878763e-12,6.51377598763728e-12,-0,0,0,402.981398567444,0,0
111.76,100,100,99.999999999976,1.04416879446103e-11,-1.69336310200514e-12,5.51894366383085e-13,5.48594501420882e-12,6.51377598763728e-12,-0,0,0,402.981398567445,0,0
111.78,100,100,99.9999999999762,1.03510530255499e-11,-1.68276404666568e-12,5.09166591595458e-13,5.53413909922002e-12,4.88533199072796e-12,-0,0,0,402.981398567445,0,0
111.8,100,100,99.9999999999764,1.02611994762371e-11,-1.67297687262108e-12,4.69827707775698e-13,5.47420175751417e-12,3.25688799381864e-12,-0,0,0,402.981398567446,0,0
111.82,100,100,99.9999999999766,1.01720876063359e-11,-1.66398494097273e-12,4.2883991639629e-13,5.34929435401529e-12,4.88533199072796e-12,-0,0,0,402.981398567446,0,0
111.84,100,100,99.9999999999768,1.00837214836001e-11,-1.65581709870378e-12,3.88322800712627e-13,5.30127820522261e-12,3.25688799381864e-12,-0,0,0,402.981398567447,0,0
111.86,100,100,99.999999999977,9.99609367337455e-12,-1.64845345429868e-12,3.48438432035634e-13,5.25752614871351e-12,4.88533199072796e-12,-0,0,0,402.981398567447,0,0
111.88,100,100,99.9999999999772,9.90919683713546e-12,-1.64187157914181e-12,3.09334711218374e-13,5.14542541954278e-12,3.25688799381864e-12,-0,0,0,402.981398567447,0,0
111.9,100,100,99.9999999999774,9.82302419850235e-12,-1.63607836476177e-12,2.71293888212187e-13,5.19982158719001e-12,6.51377598763728e-12,-0,0,0,402.981398567448,0,0
111.92,100,100,99.9999999999776,9.73759961123454e-12,-1.63097641254157e-12,2.39329510042419e-13,5.19646564393717e-12,4.88533199072796e-12,-0,0,0,402.981398567448,0,0
111.94,100,100,99.9999999999778,9.65290445303882e-12,-1.62648005165684e-12,2.11550561863802e-13,5.26449650976847e-12,6.51377598763728e-12,-0,0,0,402.981398567449,0,0
111.96,100,100,99.999999999978,9.56894139491796e-12,-1.62247415065668e-12,1.89393486645012e-13,5.25696948646762e-12,4.88533199072796e-12,-0,0,0,402.981398567449,0,0
111.98,100,100,99.9999999999782,9.485681973422e-12,-1.6188907758646e-12,1.69287514092628e-13,5.25109529011339e-12,6.51377598763728e-12,-0,0,0,402.98139856745,0,0
112,100,100,99.9999999999784,9.40314090131551e-12,-1.61566344713683e-12,1.54608909882678e-13,5.3506231837229e-12,8.1422199845466e-12,-0,0,0,402.98139856745,0,0
112.02,100,100,99.9999999999786,9.32132122474191e-12,-1.6126533209312e-12,1.46654933305837e-13,5.37256185025814e-12,6.51377598763728e-12,-0,0,0,402.981398567451,0,0
112.04,100,100,99.9999999999787,9.2402055427483e-12,-1.6097630314355e-12,1.43422992696928e-13,5.44616217831649e-12,6.51377598763728e-12,-0,0,0,402.981398567451,0,0
112.06,100,100,99.9999999999789,9.15981385917926e-12,-1.60686712018799e-12,1.4884825661763e-13,5.63809399948583e-12,8.1422199845466e-12,-0,0,0,402.981398567451,0,0
112.08,100,100,99.9999999999791,9.08017013903651e-12,-1.60373137700756e-12,1.67218186172273e-13,5.85150177237775e-12,6.51377598763728e-12,-0,0,0,402.981398567452,0,0
112.1,100,100,99.9999999999793,9.00125069373636e-12,-1.6001243144097e-12,1.94984768503236e-13,5.96421681368811e-12,6.51377598763728e-12,-0,0,0,402.981398567452,0,0
112.12,100,100,99.9999999999795,8.9230283849659e-12,-1.59589928083222e-12,2.28091989985262e-13,5.9815657135673e-12,4.88533199072796e-12,-0,0,0,402.981398567453,0,0
112.14,100,100,99.9999999999797,8.84546719352138e-12,-1.5910039141952e-12,2.61160725490692e-13,5.91086630756897e-12,4.88533199072796e-12,-0,0,0,402.981398567453,0,0
112.16,100,100,99.9999999999798,8.76856451904241e-12,-1.58545478926106e-12,2.94332043898671e-13,5.89663568408498e-12,3.25688799381864e-12,-0,0,0,402.981398567453,0,0
112.18,100,100,99.99999999998,8.69230670840703e-12,-1.5792497063757e-12,3.25921826973839e-13,5.7963934130537e-12,3.25688799381864e-12,-0,0,0,402.981398567454,0,0
112.2,100,100,99.9999999999802,8.61668102424407e-12,-1.57244345588161e-12,3.54505246887577e-13,5.70261606722056e-12,3.25688799381864e-12,-0,0,0,402.981398567454,0,0
112.22,100,100,99.9999999999803,8.5416747829522e-12,-1.56510155204518e-12,3.78710287437075e-13,5.54488371651792e-12,3.25688799381864e-12,-0,0,0,402.981398567455,0,0
112.24,100,100,99.9999999999805,8.46728641487528e-12,-1.55732333016635e-12,3.9906359284074e-13,5.48542080876636e-12,4.88533199072796e-12,-0,0,0,402.981398567455,0,0
112.26,100,100,99.9999999999807,8.39353452193406e-12,-1.54913989987796e-12,4.19260984732661e-13,5.44671927815511e-12,4.88533199072796e-12,-0,0,0,402.981398567455,0,0
112.28,100,100,99.9999999999809,8.32041571675503e-12,-1.54055332916734e-12,4.39391766429954e-13,5.41051372551684e-12,4.88533199072796e-12,-0,0,0,402.981398567456,0,0
112.3,100,100,99.999999999981,8.24791601525415e-12,-1.53157282027879e-12,4.5783830941644e-13,5.28854636792575e-12,3.25688799381864e-12,-0,0,0,402.981398567456,0,0
112.32,100,100,99.9999999999812,8.17602229330621e-12,-1.52226286729421e-12,4.73237084269635e-13,5.24561542585183e-12,4.88533199072796e-12,-0,0,0,402.981398567457,0,0
112.34,100,100,99.9999999999814,8.10474214502348e-12,-1.51264800196198e-12,4.87519514689059e-13,5.1704704993554e-12,6.51377598763728e-12,-0,0,0,402.981398567457,0,0
112.36,100,100,99.9999999999815,8.0340830333697e-12,-1.50274823514128e-12,5.02598149808208e-13,5.16900749593106e-12,4.88533199072796e-12,-0,0,0,402.981398567457,0,0
112.38,100,100,99.9999999999817,7.96404096175984e-12,-1.49253910261353e-12,5.18443647634907e-13,5.15071241040661e-12,4.88533199072796e-12,-0,0,0,402.981398567458,0,0
112.4,100,100,99.9999999999818,7.89462275459976e-12,-1.48199663827017e-12,5.36761200964843e-13,5.22169403971628e-12,6.51377598763728e-12,-0,0,0,402.981398567458,0,0
112.42,100,100,99.999999999982,7.82582382813035e-12,-1.4710485192245e-12,5.57290377294457e-13,5.14692448867243e-12,4.88533199072796e-12,-0,0,0,402.981398567458,0,0
112.44,100,100,99.9999999999821,7.75762505007928e-12,-1.45970980593658e-12,5.77557690739944e-13,5.16503499218922e-12,4.88533199072796e-12,-0,0,0,402.981398567459,0,0
112.46,100,100,99.9999999999823,7.69003327730019e-12,-1.44794316110378e-12,5.99190596148669e-13,5.12890228317706e-12,3.25688799381864e-12,-0,0,0,402.981398567459,0,0
112.48,100,100,99.9999999999824,7.62302934712691e-12,-1.43575551619853e-12,6.19670315762036e-13,5.09626726771781e-12,4.88533199072796e-12,-0,0,0,402.98139856746,0,0
112.5,100,100,99.9999999999826,7.55661030821642e-12,-1.42316048750791e-12,6.39112846141137e-13,4.99456660822275e-12,3.25688799381864e-12,-0,0,0,402.98139856746,0,0
112.52,100,100,99.9999999999828,7.49076304912934e-12,-1.41021029214118e-12,6.56075196793762e-13,4.95250148181327e-12,3.25688799381864e-12,-0,0,0,402.98139856746,0,0
112.54,100,100,99.9999999999829,7.42548476468034e-12,-1.39693556971686e-12,6.7075519113214e-13,4.8431462741542e-12,3.25688799381864e-12,-0,0,0,402.981398567461,0,0
112.56,100,100,99.999999999983,7.36077303346951e-12,-1.38339569766463e-12,6.83485470351574e-13,4.81084669997293e-12,3.25688799381864e-12,-0,0,0,402.981398567461,0,0
112.58,100,100,99.9999999999832,7.29663529555366e-12,-1.36960229196191e-12,6.96120757431271e-13,4.79872404455014e-12,4.88533199072796e-12,-0,0,0,402.981398567461,0,0
112.6,100,100,99.9999999999833,7.23306796442359e-12,-1.35554851628748e-12,7.08692844082122e-13,4.73430666355917e-12,4.88533199072796e-12,-0,0,0,402.981398567462,0,0
112.62,100,100,99.9999999999835,7.17006784740623e-12,-1.34125118280038e-12,7.21340679998692e-13,4.74404674060577e-12,4.88533199072796e-12,-0,0,0,402.981398567462,0,0
112.64,100,100,99.9999999999836,7.10764178028089e-12,-1.32668322736282e-12,7.35738055612756e-13,4.75315865082332e-12,4.88533199072796e-12,-0,0,0,402.981398567462,0,0
112.66,100,100,99.9999999999838,7.04578583875096e-12,-1.31181066718972e-12,7.51784708256245e-13,4.76168290657771e-12,4.88533199072796e-12,-0,0,0,402.981398567463,0,0
112.68,100,100,99.9999999999839,6.98449622839246e-12,-1.29660149291518e-12,7.69383536548522e-13,4.78775122965854e-12,6.51377598763728e-12,-0,0,0,402.981398567463,0,0
112.7,100,100,99.999999999984,6.92377974583611e-12,-1.28100889006619e-12,7.90100670923428e-13,4.82906476385762e-12,6.51377598763728e-12,-0,0,0,402.981398567463,0,0
112.72,100,100,99.9999999999842,6.86363236429074e-12,-1.26497276914104e-12,8.13696507839279e-13,4.86771386412559e-12,6.51377598763728e-12,-0,0,0,402.981398567464,0,0
112.74,100,100,99.9999999999843,6.80405029140777e-12,-1.24843784582539e-12,8.39944037858778e-13,4.90387036781092e-12,6.51377598763728e-12,-0,0,0,402.981398567464,0,0
112.76,100,100,99.9999999999845,6.74502994550357e-12,-1.23135326038427e-12,8.6862770404456e-13,4.90150738557952e-12,3.25688799381864e-12,-0,0,0,402.981398567464,0,0
112.78,100,100,99.9999999999846,6.68652582520044e-12,-1.21372315823721e-12,8.92827290443565e-13,4.7073441305706e-12,1.62844399690932e-12,-0,0,0,402.981398567465,0,0
112.8,100,100,99.9999999999847,6.62851610147652e-12,-1.19569149329582e-12,9.09739312848405e-13,4.59687342138811e-12,3.25688799381864e-12,-0,0,0,402.981398567465,0,0
112.82,100,100,99.9999999999849,6.57101022709648e-12,-1.17736439357915e-12,9.21611981511892e-13,4.44045074807331e-12,3.25688799381864e-12,-0,0,0,402.981398567465,0,0
112.84,100,100,99.999999999985,6.51399617078445e-12,-1.15886271881715e-12,9.27298413715423e-13,4.29411624287231e-12,3.25688799381864e-12,-0,0,0,402.981398567465,0,0
112.86,100,100,99.9999999999851,6.45747232426021e-12,-1.14030423904874e-12,9.27387251875937e-13,4.12103164514167e-12,0,-0,0,0,402.981398567466,0,0
112.88,100,100,99.9999999999852,6.40142629685584e-12,-1.12182010039462e-12,9.20804633327521e-13,4.0133537317209e-12,1.62844399690932e-12,-0,0,0,402.981398567466,0,0
112.9,100,100,99.9999999999854,6.34587168626672e-12,-1.10350430170599e-12,9.10662049155639e-13,3.8945251279425e-12,1.62844399690932e-12,-0,0,0,402.981398567466,0,0
112.92,100,100,99.9999999999855,6.29079474192033e-12,-1.08543208941574e-12,8.95653553998951e-13,3.74837874823334e-12,1.62844399690932e-12,-0,0,0,402.981398567466,0,0
112.94,100,100,99.9999999999856,6.23618749085681e-12,-1.06771240598593e-12,8.7550464883158e-13,3.5935639654043e-12,0,-0,0,0,402.981398567467,0,0
112.96,100,100,99.9999999999857,6.18204703894743e-12,-1.05045049552806e-12,8.50805781541183e-13,3.51990402722349e-12,1.62844399690932e-12,-0,0,0,402.981398567467,0,0
112.98,100,100,99.9999999999859,6.12839079743741e-12,-1.03369056421751e-12,8.25352778478779e-13,3.46792107532488e-12,1.62844399690932e-12,-0,0,0,402.981398567467,0,0
113,100,100,99.999999999986,6.07519297290619e-12,-1.01746305920724e-12,7.95934616133022e-13,3.27928468491653e-12,1.62844399690932e-12,-0,0,0,402.981398567468,0,0
113.02,100,100,99.9999999999861,6.02242923354118e-12,-1.00189255896478e-12,7.59778193886625e-13,3.06662637763531e-12,-1.62844399690932e-12,-0,0,0,402.981398567468,0,0
113.04,100,100,99.9999999999862,5.97007558062495e-12,-9.87139881764065e-13,7.14292730927053e-13,2.85192399445663e-12,0,-0,0,0,402.981398567468,0,0
113.06,100,100,99.9999999999864,5.91812930537219e-12,-9.73373969164566e-13,6.60418608895352e-13,2.61608568311348e-12,1.62844399690932e-12,-0,0,0,402.981398567468,0,0
113.08,100,100,99.9999999999865,5.86659789825922e-12,-9.60752825361993e-13,6.00805854978081e-13,2.46429289397264e-12,0,-0,0,0,402.981398567469,0,0
113.1,100,100,99.9999999999866,5.81548747499359e-12,-9.49367004308296e-13,5.3781467023516e-13,2.39346005202865e-12,1.62844399690932e-12,-0,0,0,402.981398567469,0,0
113.12,100,100,99.9999999999867,5.76481365366629e-12,-9.39237352890406e-13,4.75233742656216e-13,2.36221569062551e-12,3.25688799381864e-12,-0,0,0,402.981398567469,0,0
113.14,100,100,99.9999999999868,5.71458057989659e-12,-9.30337015474981e-13,4.14900147972872e-13,2.34991280753689e-12,3.25688799381864e-12,-0,0,0,402.98139856747,0,0
113.16,100,100,99.9999999999869,5.6647921007255e-12,-9.22612068653542e-13,3.58525841799467e-13,2.40840636195817e-12,3.25688799381864e-12,-0,0,0,402.98139856747,0,0
113.18,100,100,99.999999999987,5.61545149818121e-12,-9.15959713896429e-13,3.07593029899114e-13,2.46312749133344e-12,3.25688799381864e-12,-0,0,0,402.98139856747,0,0
113.2,100,100,99.9999999999872,5.56657275882946e-12,-9.10256575235257e-13,2.65216853211807e-13,2.69051311030294e-12,6.51377598763728e-12,-0,0,0,402.98139856747,0,0
113.22,100,100,99.9999999999873,5.51817912412708e-12,-9.05262451856771e-13,2.35697712458567e-13,2.84899000897635e-12,4.88533199072796e-12,-0,0,0,402.981398567471,0,0
113.24,100,100,99.9999999999874,5.47024131932129e-12,-9.00771476819192e-13,2.1478160970158e-13,2.98031982078546e-12,4.88533199072796e-12,-0,0,0,402.981398567471,0,0
113.26,100,100,99.9999999999875,5.42274213148157e-12,-8.96626665854721e-13,2.00152045042577e-13,3.01508296869301e-12,3.25688799381864e-12,-0,0,0,402.981398567471,0,0
113.28,100,100,99.9999999999876,5.37565524134879e-12,-8.92748398368135e-13,1.88093631513231e-13,3.03067770117352e-12,3.25688799381864e-12,-0,0,0,402.981398567471,0,0
113.3,100,100,99.9999999999877,5.32896590341613e-12,-8.8909523338329e-13,1.76793877552179e-13,2.95716987269988e-12,1.62844399690932e-12,-0,0,0,402.981398567472,0,0
113.32,100,100,99.9999999999878,5.28264983071784e-12,-8.85693332689902e-13,1.630098128135e-13,2.8895701715124e-12,3.25688799381864e-12,-0,0,0,402.981398567472,0,0
113.34,100,100,99.9999999999879,5.23671496925744e-12,-8.82572487376913e-13,1.48729452039387e-13,2.84325661371776e-12,3.25688799381864e-12,-0,0,0,402.981398567472,0,0
113.36,100,100,99.999999999988,5.19115814245512e-12,-8.79740907903572e-13,1.34108118122749e-13,2.79992995639657e-12,3.25688799381864e-12,-0,0,0,402.981398567472,0,0
113.38,100,100,99.9999999999881,5.14597614585693e-12,-8.77203963016493e-13,1.19288820277386e-13,2.75939756536429e-12,3.25688799381864e-12,-0,0,0,402.981398567473,0,0
113.4,100,100,99.9999999999882,5.10116575166549e-12,-8.74964282324807e-13,1.04402593614282e-13,2.72147922999366e-12,3.25688799381864e-12,-0,0,0,402.981398567473,0,0
113.42,100,100,99.9999999999883,5.05672371882248e-12,-8.73021988114667e-13,8.95692578202762e-14,2.68600636198213e-12,3.25688799381864e-12,-0,0,0,402.981398567473,0,0
113.44,100,100,99.9999999999884,5.01264680220427e-12,-8.71374912464083e-13,7.48981289630198e-14,2.65282124579324e-12,3.25688799381864e-12,-0,0,0,402.981398567473,0,0
113.46,100,100,99.9999999999885,4.96893176098943e-12,-8.70018800565296e-13,6.0488687412927e-14,2.62177633743929e-12,3.25688799381864e-12,-0,0,0,402.981398567473,0,0
113.48,100,100,99.9999999999886,4.92558595489785e-12,-8.68938816069445e-13,4.81287471736348e-14,2.68083041829567e-12,4.88533199072796e-12,-0,0,0,402.981398567474,0,0
113.5,100,100,99.9999999999887,4.88262648339932e-12,-8.68052922043435e-13,4.10317714470252e-14,2.73490853747046e-12,3.25688799381864e-12,-0,0,0,402.981398567474,0,0
113.52,100,100,99.9999999999888,4.84003841508696e-12,-8.67276083309618e-13,3.71761992297406e-14,2.76857256069679e-12,3.25688799381864e-12,-0,0,0,402.981398567474,0,0
113.54,100,100,99.9999999999889,4.79781814027008e-12,-8.66545554092293e-13,3.63694258692425e-14,2.80006548993465e-12,3.25688799381864e-12,-0,0,0,402.981398567474,0,0
113.56,100,100,99.999999999989,4.75596227306889e-12,-8.65802210913805e-13,3.84277118865258e-14,2.82952734555757e-12,3.25688799381864e-12,-0,0,0,402.981398567475,0,0
113.58,100,100,99.9999999999891,4.71446764347294e-12,-8.64990516250707e-13,4.31761147498181e-14,2.85708911760455e-12,3.25688799381864e-12,-0,0,0,402.981398567475,0,0
113.6,100,100,99.9999999999892,4.67333128365383e-12,-8.64058347672287e-13,5.04479868222804e-14,2.88287334817349e-12,3.25688799381864e-12,-0,0,0,402.981398567475,0,0
113.62,100,100,99.9999999999893,4.63255041499002e-12,-8.62956836686265e-13,6.00845063196575e-14,2.88890085406636e-12,1.62844399690932e-12,-0,0,0,402.981398567475,0,0
113.64,100,100,99.9999999999894,4.59211196738639e-12,-8.61656933250474e-13,7.0274040448274e-14,2.87761319241089e-12,1.62844399690932e-12,-0,0,0,402.981398567475,0,0
113.66,100,100,99.9999999999895,4.5520139751588e-12,-8.6014767262647e-13,8.10205824291184e-14,2.8851473281529e-12,3.25688799381864e-12,-0,0,0,402.981398567476,0,0
113.68,100,100,99.9999999999896,4.51227555845867e-12,-8.58392500684933e-13,9.568267081798e-14,2.9791249880537e-12,3.25688799381864e-12,-0,0,0,402.981398567476,0,0
113.7,100,100,99.9999999999897,4.47290418653773e-12,-8.56290980067703e-13,1.15581752117301e-13,3.08513556853566e-12,4.88533199072796e-12,-0,0,0,402.981398567476,0,0
113.72,100,100,99.9999999999897,4.43391789857276e-12,-8.53717303603525e-13,1.43646379108373e-13,3.27123863142055e-12,4.88533199072796e-12,-0,0,0,402.981398567476,0,0
113.74,100,100,99.9999999999898,4.39532341764573e-12,-8.50490105701032e-13,1.80795217782082e-13,3.46343317089283e-12,6.51377598763728e-12,-0,0,0,402.981398567477,0,0
113.76,100,100,99.9999999999899,4.35713834009668e-12,-8.46410448408826e-13,2.2957958884346e-13,3.73016193034621e-12,6.51377598763728e-12,-0,0,0,402.981398567477,0,0
113.78,100,100,99.99999999999,4.31936922013075e-12,-8.41231137525756e-13,2.90564922998579e-13,3.97968855081851e-12,6.51377598763728e-12,-0,0,0,402.981398567477,0,0
113.8,100,100,99.9999999999901,4.28201267474469e-12,-8.34719645048064e-13,3.62614108044682e-13,4.21312244992983e-12,6.51377598763728e-12,-0,0,0,402.981398567477,0,0
113.82,100,100,99.9999999999902,4.24506618637102e-12,-8.26665479313791e-13,4.44659900780349e-13,4.44959531781301e-12,8.1422199845466e-12,-0,0,0,402.981398567477,0,0
113.84,100,100,99.9999999999903,4.20853848872435e-12,-8.16862113351539e-13,5.37360938877933e-13,4.66964995345277e-12,6.51377598763728e-12,-0,0,0,402.981398567478,0,0
113.86,100,100,99.9999999999903,4.17240702509321e-12,-8.05132702041277e-13,6.3627123216432e-13,4.78858318136443e-12,6.51377598763728e-12,-0,0,0,402.981398567478,0,0
113.88,100,100,99.9999999999904,4.13666168439729e-12,-7.91385512531183e-13,7.39047247046839e-13,4.88175222593106e-12,4.88533199072796e-12,-0,0,0,402.981398567478,0,0
113.9,100,100,99.9999999999905,4.10129308450703e-12,-7.75565321495461e-13,8.43496970771045e-13,4.95198608333706e-12,4.88533199072796e-12,-0,0,0,402.981398567478,0,0
113.92,100,100,99.9999999999906,4.06627128330648e-12,-7.57668392558011e-13,9.44177236171107e-13,4.77149374105191e-12,1.62844399690932e-12,-0,0,0,402.981398567478,0,0
113.94,100,100,99.9999999999907,4.03154774857052e-12,-7.37877376704598e-13,1.03302341392795e-12,4.56878902096856e-12,1.62844399690932e-12,-0,0,0,402.981398567478,0,0
113.96,100,100,99.9999999999908,3.99712785866266e-12,-7.16420669750507e-13,1.11088291757656e-12,4.36106351504384e-12,0,-0,0,0,402.981398567479,0,0
113.98,100,100,99.9999999999908,3.96299506967606e-12,-6.93535391166638e-13,1.17519093000646e-12,4.06171160563348e-12,-1.62844399690932e-12,-0,0,0,402.981398567479,0,0
114,100,100,99.9999999999909,3.92912267931561e-12,-6.69532603475101e-13,1.22200930293378e-12,3.69473637694241e-12,-1.62844399690932e-12,-0,0,0,402.981398567479,0,0
114.02,100,100,99.999999999991,3.89550546699224e-12,-6.44772907962548e-13,1.2511357829073e-12,3.33333466099761e-12,-3.25688799381864e-12,-0,0,0,402.981398567479,0,0
114.04,100,100,99.9999999999911,3.86211608317029e-12,-6.19629316552976e-13,1.25899029397093e-12,2.83830841658007e-12,-3.25688799381864e-12,-0,0,0,402.981398567479,0,0
114.06,100,100,99.9999999999912,3.82895953242106e-12,-5.94541568063275e-13,1.24755508009903e-12,2.51521387702133e-12,-3.25688799381864e-12,-0,0,0,402.98139856748,0,0
114.08,100,100,99.9999999999912,3.79604875930591e-12,-5.69836862956006e-13,1.22008189990634e-12,2.14295368731175e-12,-3.25688799381864e-12,-0,0,0,402.98139856748,0,0
114.1,100,100,99.9999999999913,3.76337455223417e-12,-5.45846256754356e-13,1.17640521301711e-12,1.81279549773691e-12,-1.62844399690932e-12,-0,0,0,402.98139856748,0,0
114.12,100,100,99.9999999999914,3.73094781011189e-12,-5.22861842951587e-13,1.11969469343443e-12,1.50276281503911e-12,-3.25688799381864e-12,-0,0,0,402.98139856748,0,0
114.14,100,100,99.9999999999914,3.69876747579703e-12,-5.01139400890801e-13,1.05125263536914e-12,1.26580162345663e-12,-3.25688799381864e-12,-0,0,0,402.98139856748,0,0
114.16,100,100,99.9999999999915,3.66683641386485e-12,-4.80876725170743e-13,9.73015126555919e-13,1.02723520360268e-12,-1.62844399690932e-12,-0,0,0,402.98139856748,0,0
114.18,100,100,99.9999999999916,3.63514109731046e-12,-4.62276744286157e-13,8.84361671058216e-13,7.15956498754883e-13,-1.62844399690932e-12,-0,0,0,402.981398567481,0,0
114.2,100,100,99.9999999999917,3.60368381418278e-12,-4.45552153033049e-13,7.87352357614098e-13,5.82852890128154e-13,0,-0,0,0,402.981398567481,0,0
114.22,100,100,99.9999999999917,3.57249136016354e-12,-4.30793554986618e-13,6.87856295239845e-13,4.57166146478441e-13,-1.62844399690932e-12,-0,0,0,402.981398567481,0,0
114.24,100,100,99.9999999999918,3.54154701381987e-12,-4.18062581542799e-13,5.84675914054174e-13,3.40752705106058e-13,0,-0,0,0,402.981398567481,0,0
114.26,100,100,99.9999999999919,3.51086590661879e-12,-4.0740178796896e-13,4.81749270742568e-13,3.18776539493378e-13,0,-0,0,0,402.981398567481,0,0
114.28,100,100,99.9999999999919,3.4804512402172e-12,-3.98778485971456e-13,3.8094066689702e-13,2.98217682819994e-13,0,-0,0,0,402.981398567481,0,0
114.3,100,100,99.999999999992,3.45029549701677e-12,-3.92149506298518e-13,2.82329675725801e-13,2.78984728574651e-13,0,-0,0,0,402.981398567482,0,0
114.32,100,100,99.9999999999921,3.42040192387511e-12,-3.87461478210709e-13,1.8768597837987e-13,3.49088975134707e-13,1.62844399690932e-12,-0,0,0,402.981398567482,0,0
114.34,100,100,99.9999999999922,3.39078366803956e-12,-3.84594176980562e-13,1.00206479105081e-13,4.49692246006734e-13,3.25688799381864e-12,-0,0,0,402.981398567482,0,0
114.36,100,100,99.9999999999922,3.36144294016352e-12,-3.83391263443733e-13,2.11748431338242e-14,5.42639923114507e-13,1.62844399690932e-12,-0,0,0,402.981398567482,0,0
114.38,100,100,99.9999999999923,3.33236108045132e-12,-3.83705441299767e-13,-5.15725868018889e-14,6.12666689714085e-13,1.62844399690932e-12,-0,0,0,402.981398567482,0,0
114.4,100,100,99.9999999999924,3.30353099453089e-12,-3.85414452519839e-13,-1.18361316492459e-13,6.600833975793e-13,0,-0,0,0,402.981398567482,0,0
114.42,100,100,99.9999999999924,3.27493557517028e-12,-3.88418949412479e-13,-1.81159630309098e-13,7.23703268298814e-13,3.25688799381864e-12,-0,0,0,402.981398567483,0,0
114.44,100,100,99.9999999999925,3.24657943873495e-12,-3.92615955535971e-13,-2.38487556115225e-13,7.2897616379806e-13,1.62844399690932e-12,-0,0,0,402.981398567483,0,0
114.46,100,100,99.9999999999926,3.21844647759672e-12,-3.97931695286101e-13,-2.92213242556562e-13,8.050793686483e-13,3.25688799381864e-12,-0,0,0,402.981398567483,0,0
114.48,100,100,99.9999999999927,3.1905630130683e-12,-4.04245089158117e-13,-3.37480736126867e-13,9.45110050213277e-13,1.62844399690932e-12,-0,0,0,402.981398567483,0,0
114.5,100,100,99.9999999999927,3.16292269683512e-12,-4.1138422129226e-13,-3.74891762078306e-13,1.09537094124561e-12,4.88533199072796e-12,-0,0,0,402.981398567483,0,0
114.52,100,100,99.9999999999928,3.13554090092545e-12,-4.19163996165448e-13,-4.0165333704843e-13,1.26979392718619e-12,4.88533199072796e-12,-0,0,0,402.981398567483,0,0
114.54,100,100,99.9999999999928,3.10843285224738e-12,-4.27361797519045e-13,-4.1516455222997e-13,1.59106764820506e-12,6.51377598763728e-12,-0,0,0,402.981398567484,0,0
114.56,100,100,99.9999999999929,3.08162352459617e-12,-4.35656436966445e-13,-4.11567851062969e-13,1.90854789739812e-12,6.51377598763728e-12,-0,0,0,402.981398567484,0,0
114.58,100,100,99.9999999999929,3.05511694579373e-12,-4.43711309355119e-13,-3.90588529928871e-13,2.29364970138158e-12,8.1422199845466e-12,-0,0,0,402.981398567484,0,0
114.6,100,100,99.999999999993,3.02892808897819e-12,-4.51152038219355e-13,-3.5042993022489e-13,2.65274774653405e-12,6.51377598763728e-12,-0,0,0,402.981398567484,0,0
114.62,100,100,99.9999999999931,3.00304098443341e-12,-4.57628675722029e-13,-2.94440440978938e-13,2.97176004439675e-12,6.51377598763728e-12,-0,0,0,402.981398567484,0,0
114.64,100,100,99.9999999999931,2.97744137989426e-12,-4.62847931280257e-13,-2.25752548337906e-13,3.18210147101248e-12,4.88533199072796e-12,-0,0,0,402.981398567484,0,0
114.66,100,100,99.9999999999932,2.95209582495631e-12,-4.6661834894382e-13,-1.50542335633263e-13,3.29194792392967e-12,4.88533199072796e-12,-0,0,0,402.981398567484,0,0
114.68,100,100,99.9999999999932,2.92700480607149e-12,-4.68832809442708e-13,-6.94123239758209e-14,3.44661921453917e-12,3.25688799381864e-12,-0,0,0,402.981398567484,0,0
114.7,100,100,99.9999999999933,2.90215821712974e-12,-4.69379784691187e-13,1.52598695305298e-14,3.52247968794856e-12,4.88533199072796e-12,-0,0,0,402.981398567485,0,0
114.72,100,100,99.9999999999933,2.87755774261346e-12,-4.68201414818741e-13,1.03063137564857e-13,3.59228030493228e-12,3.25688799381864e-12,-0,0,0,402.981398567485,0,0
114.74,100,100,99.9999999999934,2.85319465841654e-12,-4.65255951861541e-13,1.91912024161245e-13,3.64065283485163e-12,3.25688799381864e-12,-0,0,0,402.981398567485,0,0
114.76,100,100,99.9999999999934,2.82907139308097e-12,-4.60525153441983e-13,2.81556149108718e-13,3.68590567499984e-12,3.25688799381864e-12,-0,0,0,402.981398567485,0,0
114.78,100,100,99.9999999999935,2.80516925003824e-12,-4.54012866413204e-13,3.6836472788751e-13,3.57014022611381e-12,1.62844399690932e-12,-0,0,0,402.981398567485,0,0
114.8,100,100,99.9999999999936,2.78146060122194e-12,-4.45841755059136e-13,4.47512960162907e-13,3.42682058102532e-12,0,-0,0,0,402.981398567485,0,0
114.82,100,100,99.9999999999936,2.75793961258486e-12,-4.36176690722683e-13,5.17854264627055e-13,3.27581761481134e-12,0,-0,0,0,402.981398567485,0,0
114.84,100,100,99.9999999999937,2.73461082287358e-12,-4.25187593854529e-13,5.80017606829741e-13,3.11645946133093e-12,-1.62844399690932e-12,-0,0,0,402.981398567485,0,0
114.86,100,100,99.9999999999937,2.71145706809122e-12,-4.13057474707844e-13,6.31233876009104e-13,2.89854319288039e-12,0,-0,0,0,402.981398567485,0,0
114.88,100,100,99.9999999999938,2.68848274779379e-12,-4.0000512461162e-13,6.72391392981118e-13,2.69351361262591e-12,-1.62844399690932e-12,-0,0,0,402.981398567486,0,0
114.9,100,100,99.9999999999938,2.66567024159701e-12,-3.86248963403945e-13,7.00925423918452e-13,2.41477758272832e-12,-1.62844399690932e-12,-0,0,0,402.981398567486,0,0
114.92,100,100,99.9999999999939,2.64301290152642e-12,-3.72056087205112e-13,7.16256007569055e-13,2.1359242545661e-12,-3.25688799381864e-12,-0,0,0,402.981398567486,0,0
114.94,100,100,99.999999999994,2.62049288422012e-12,-3.57704632203276e-13,7.16146617510201e-13,1.78812559203838e-12,-3.25688799381864e-12,-0,0,0,402.981398567486,0,0
114.96,100,100,99.999999999994,2.59810309240435e-12,-3.43514920922352e-13,7.00324272684339e-13,1.44466368789645e-12,-4.88533199072796e-12,-0,0,0,402.981398567486,0,0
114.98,100,100,99.9999999999941,2.57583562582817e-12,-3.298036884469e-13,6.68537457256215e-13,1.10642623816579e-12,-4.88533199072796e-12,-0,0,0,402.981398567486,0,0
115,100,100,99.9999999999941,2.55368182004473e-12,-3.16884211489582e-13,6.20556384464331e-13,7.01905927864418e-13,-6.51377598763728e-12,-0,0,0,402.981398567486,0,0
115.02,100,100,99.9999999999942,2.53162215298803e-12,-3.05106700515295e-13,5.54623300960981e-13,3.06547912014028e-13,-6.51377598763728e-12,-0,0,0,402.981398567486,0,0
115.04,100,100,99.9999999999942,2.50964707868225e-12,-2.9482161778266e-13,4.70762132416677e-13,-1.51409087501242e-13,-8.1422199845466e-12,-0,0,0,402.981398567487,0,0
115.06,100,100,99.9999999999943,2.48773605565241e-12,-2.86411450391634e-13,3.67452471222612e-13,-5.78663677760277e-13,-6.51377598763728e-12,-0,0,0,402.981398567487,0,0
115.08,100,100,99.9999999999943,2.46588886694349e-12,-2.80237629254006e-13,2.46600391052907e-13,-1.01334606581785e-12,-4.88533199072796e-12,-0,0,0,402.981398567487,0,0
115.1,100,100,99.9999999999944,2.44411478306067e-12,-2.76632072181445e-13,1.11762437400893e-13,-1.31497123543952e-12,-3.25688799381864e-12,-0,0,0,402.981398567487,0,0
115.12,100,100,99.9999999999944,2.4224313995226e-12,-2.7581693469967e-13,-3.22278878294188e-14,-1.59831107835742e-12,-4.88533199072796e-12,-0,0,0,402.981398567487,0,0
115.14,100,100,99.9999999999945,2.40084434085459e-12,-2.77962763735124e-13,-1.82478002692038e-13,-1.72220412177766e-12,-3.25688799381864e-12,-0,0,0,402.981398567487,0,0
115.16,100,100,99.9999999999945,2.37937851975797e-12,-2.83118729980908e-13,-3.33153402450688e-13,-1.80308667286489e-12,-1.62844399690932e-12,-0,0,0,402.981398567487,0,0
115.18,100,100,99.9999999999946,2.35804699586008e-12,-2.91263457407949e-13,-4.80467525900842e-13,-1.77372961985792e-12,0,-0,0,0,402.981398567487,0,0
115.2,100,100,99.9999999999946,2.33686160861376e-12,-3.02286823685032e-13,-6.21037818889794e-13,-1.72933945580535e-12,0,-0,0,0,402.981398567487,0,0
115.22,100,100,99.9999999999946,2.3158233437403e-12,-3.16047171063561e-13,-7.53369525253593e-13,-1.59971533697759e-12,1.62844399690932e-12,-0,0,0,402.981398567488,0,0
115.24,100,100,99.9999999999947,2.29494341365495e-12,-3.32341455693712e-13,-8.74523763558566e-13,-1.44343080920496e-12,3.25688799381864e-12,-0,0,0,402.981398567488,0,0
115.26,100,100,99.9999999999947,2.27424357006485e-12,-3.5091815414009e-13,-9.80064421819951e-13,-1.1221993071108e-12,4.88533199072796e-12,-0,0,0,402.981398567488,0,0
115.28,100,100,99.9999999999948,2.25374441487855e-12,-3.71408528353196e-13,-1.06611976673078e-12,-8.22852376205038e-13,3.25688799381864e-12,-0,0,0,402.981398567488,0,0
115.3,100,100,99.9999999999948,2.23343532075803e-12,-3.93445011645289e-13,-1.13406259631924e-12,-4.53547031736058e-13,6.51377598763728e-12,-0,0,0,402.981398567488,0,0
115.32,100,100,99.9999999999949,2.21333819086296e-12,-4.16620441768854e-13,-1.18027682465052e-12,-7.42064271957274e-14,6.51377598763728e-12,-0,0,0,402.981398567488,0,0
115.34,100,100,99.9999999999949,2.19344356590043e-12,-4.40517034457583e-13,-1.20645153941245e-12,2.80669362174911e-13,6.51377598763728e-12,-0,0,0,402.981398567488,0,0
115.36,100,100,99.9999999999949,2.17375413488236e-12,-4.64741331869431e-13,-1.21247430290354e-12,6.82661133421501e-13,6.51377598763728e-12,-0,0,0,402.981398567488,0,0
115.38,100,100,99.999999999995,2.15428384915155e-12,-4.88873150113653e-13,-1.19666434414307e-12,1.1468240575189e-12,8.1422199845466e-12,-0,0,0,402.981398567488,0,0
115.4,100,100,99.999999999995,2.13503644763102e-12,-5.12461321845368e-13,-1.15927147441436e-12,1.54606899039599e-12,9.77066398145592e-12,-0,0,0,402.981398567489,0,0
115.42,100,100,99.9999999999951,2.11602267490647e-12,-5.35092517931747e-13,-1.09955676278505e-12,2.0414762309435e-12,9.77066398145592e-12,-0,0,0,402.981398567489,0,0
115.44,100,100,99.9999999999951,2.09725856714669e-12,-5.56289609999742e-13,-1.01625747937195e-12,2.53995476834466e-12,9.77066398145592e-12,-0,0,0,402.981398567489,0,0
115.46,100,100,99.9999999999952,2.07874546372021e-12,-5.75594446241426e-13,-9.10690672404304e-13,3.02437874956973e-12,1.13991079783652e-11,-0,0,0,402.981398567489,0,0
115.48,100,100,99.9999999999952,2.06048076556461e-12,-5.92574752810619e-13,-7.84982157601644e-13,3.40639039875801e-12,9.77066398145592e-12,-0,0,0,402.981398567489,0,0
115.5,100,100,99.9999999999952,2.04245336233581e-12,-6.06880382605873e-13,-6.42673184698957e-13,3.81684152111738e-12,9.77066398145592e-12,-0,0,0,402.981398567489,0,0
115.52,100,100,99.9999999999953,2.02467451763076e-12,-6.18171533421943e-13,-4.83832276407356e-13,4.20082141755332e-12,9.77066398145592e-12,-0,0,0,402.981398567489,0,0
115.54,100,100,99.9999999999953,2.00714586957693e-12,-6.26135062695289e-13,-3.10190399338948e-13,4.56003729694825e-12,9.77066398145592e-12,-0,0,0,402.981398567489,0,0
115.56,100,100,99.9999999999954,1.98985961307893e-12,-6.30500036413349e-13,-1.25067595969418e-13,4.82608327753489e-12,9.77066398145592e-12,-0,0,0,402.981398567489,0,0
115.58,100,100,99.9999999999954,1.97282030034634e-12,-6.31067020864391e-13,7.02415558294444e-14,5.12688031903305e-12,8.1422199845466e-12,-0,0,0,402.98139856749,0,0
115.6,100,100,99.9999999999955,1.9560328215467e-12,-6.27637010619585e-13,2.74410388625572e-13,5.40944544229793e-12,9.77066398145592e-12,-0,0,0,402.98139856749,0,0
115.62,100,100,99.9999999999955,1.93950280825595e-12,-6.20037091998267e-13,4.86197608658687e-13,5.58452289549526e-12,6.51377598763728e-12,-0,0,0,402.98139856749,0,0
115.64,100,100,99.9999999999955,1.92320535595074e-12,-6.08184591907472e-13,6.9953503635327e-13,5.73255002879897e-12,8.1422199845466e-12,-0,0,0,402.98139856749,0,0
115.66,100,100,99.9999999999956,1.9071697837719e-12,-5.92029561451983e-13,9.17169637411304e-13,5.9217722264158e-12,4.88533199072796e-12,-0,0,0,402.98139856749,0,0
115.68,100,100,99.9999999999956,1.89137167707904e-12,-5.71520502439944e-13,1.13313741870656e-12,5.94302589183851e-12,6.51377598763728e-12,-0,0,0,402.98139856749,0,0
115.7,100,100,99.9999999999957,1.87580997927751e-12,-5.46728011528322e-13,1.34549321706222e-12,5.96174145792774e-12,4.88533199072796e-12,-0,0,0,402.98139856749,0,0
115.72,100,100,99.9999999999957,1.86047302017467e-12,-5.17751561338306e-13,1.55068462712269e-12,5.89232057772996e-12,4.88533199072796e-12,-0,0,0,402.98139856749,0,0
115.74,100,100,99.9999999999958,1.84536054324428e-12,-4.84758399077275e-13,1.74720887108071e-12,5.80928303645657e-12,3.25688799381864e-12,-0,0,0,402.98139856749,0,0
115.76,100,100,99.9999999999958,1.8304720575531e-12,-4.47935966802335e-13,1.93366518326004e-12,5.69658057790038e-12,1.62844399690932e-12,-0,0,0,402.981398567491,0,0
115.78,100,100,99.9999999999958,1.81578573352451e-12,-4.07515869185582e-13,2.1053925834413e-12,5.41612040645334e-12,0,-0,0,0,402.981398567491,0,0
115.8,100,100,99.9999999999959,1.80127038458186e-12,-3.63859970875295e-13,2.25661050340788e-12,5.0487247086035e-12,-1.62844399690932e-12,-0,0,0,402.981398567491,0,0
115.82,100,100,99.9999999999959,1.7868953420996e-12,-3.17423945421112e-13,2.38200372802395e-12,4.51190340780482e-12,-4.88533199072796e-12,-0,0,0,402.981398567491,0,0
115.84,100,100,99.999999999996,1.77263073359256e-12,-2.68788964821865e-13,2.47688162741588e-12,3.95775663200784e-12,-6.51377598763728e-12,-0,0,0,402.981398567491,0,0
115.86,100,100,99.999999999996,1.75845661375984e-12,-2.18575988760309e-13,2.53853540202259e-12,3.30050985786422e-12,-4.88533199072796e-12,-0,0,0,402.981398567491,0,0
115.88,100,100,99.999999999996,1.74438434759345e-12,-1.67447495641181e-13,2.56972884239532e-12,2.75448650364849e-12,-6.51377598763728e-12,-0,0,0,402.981398567491,0,0
115.9,100,100,99.999999999996,1.73040114648357e-12,-1.15996575736996e-13,2.56950653253162e-12,2.06865160284889e-12,-8.1422199845466e-12,-0,0,0,402.981398567491,0,0
115.92,100,100,99.9999999999961,1.71649386306817e-12,-6.48831903836633e-14,2.53729029836853e-12,1.48012480716317e-12,-8.1422199845466e-12,-0,0,0,402.981398567491,0,0
115.94,100,100,99.9999999999961,1.70266827434724e-12,-1.47031876930505e-14,2.47575867008651e-12,8.59550884913305e-13,-8.1422199845466e-12,-0,0,0,402.981398567491,0,0
115.96,100,100,99.9999999999961,1.68892846932307e-12,3.39669370899368e-14,2.38757422249639e-12,3.49002626805128e-13,-8.1422199845466e-12,-0,0,0,402.981398567491,0,0
115.98,100,100,99.9999999999962,1.67526533143753e-12,8.06262475947043e-14,2.27338488126962e-12,-2.86718637820188e-13,-9.77066398145592e-12,-0,0,0,402.981398567491,0,0
116,100,100,99.9999999999962,1.6616481448684e-12,1.24712401124707e-13,2.13071154275959e-12,-8.98366763895869e-13,-9.77066398145592e-12,-0,0,0,402.981398567491,0,0
116.02,100,100,99.9999999999962,1.64807686650179e-12,1.65683000206984e-13,1.96226720370385e-12,-1.4524740426716e-12,-8.1422199845466e-12,-0,0,0,402.981398567491,0,0
116.04,100,100,99.9999999999962,1.63457052282693e-12,2.03073724771151e-13,1.77395193593668e-12,-1.88391585523076e-12,-8.1422199845466e-12,-0,0,0,402.981398567491,0,0
116.06,100,100,99.9999999999963,1.621124081099e-12,2.36524693403612e-13,1.5677737818088e-12,-2.37562949900517e-12,-9.77066398145592e-12,-0,0,0,402.981398567491,0,0
116.08,100,100,99.9999999999963,1.60771066441487e-12,2.65656698514932e-13,1.34240791988097e-12,-2.83446366612623e-12,-8.1422199845466e-12,-0,0,0,402.981398567491,0,0
116.1,100,100,99.9999999999963,1.59434494622915e-12,2.90132754505202e-13,1.10333959563805e-12,-3.17677681621273e-12,-8.1422199845466e-12,-0,0,0,402.981398567492,0,0
116.12,100,100,99.9999999999964,1.58103918471231e-12,3.09729775310443e-13,8.55581550771175e-13,-3.40891635309391e-12,-6.51377598763728e-12,-0,0,0,402.981398567492,0,0
116.14,100,100,99.9999999999964,1.56779308844637e-12,3.24320056457761e-13,6.02007995935758e-13,-3.69725488808982e-12,-8.1422199845466e-12,-0,0,0,402.981398567492,0,0
116.16,100,100,99.9999999999964,1.55458496338582e-12,3.3376512336417e-13,3.42097089541841e-13,-3.91392105272742e-12,-8.1422199845466e-12,-0,0,0,402.981398567492,0,0
116.18,100,100,99.9999999999964,1.54141372540524e-12,3.37974613542536e-13,7.86085527169953e-14,-4.08042612114165e-12,-4.88533199072796e-12,-0,0,0,402.981398567492,0,0
116.2,100,100,99.9999999999965,1.52829864059968e-12,3.36928371420939e-13,-1.82522222520612e-13,-4.15043074088913e-12,-6.51377598763728e-12,-0,0,0,402.981398567492,0,0
116.22,100,100,99.9999999999965,1.51522567633124e-12,3.30686280391628e-13,-4.40923999556807e-13,-4.21475316580525e-12,-4.88533199072796e-12,-0,0,0,402.981398567492,0,0
116.24,100,100,99.9999999999965,1.50220225575106e-12,3.19332070446483e-13,-6.92854925840839e-13,-4.18799782110035e-12,-4.88533199072796e-12,-0,0,0,402.981398567492,0,0
116.26,100,100,99.9999999999966,1.48921375846884e-12,3.03012217300073e-13,-9.3833346121083e-13,-4.19678335219607e-12,-1.62844399690932e-12,-0,0,0,402.981398567492,0,0
116.28,100,100,99.9999999999966,1.47627816328768e-12,2.81882113716945e-13,-1.17221122356459e-12,-4.04923725377415e-12,-3.25688799381864e-12,-0,0,0,402.981398567492,0,0
116.3,100,100,99.9999999999966,1.46338028297643e-12,2.56194610440086e-13,-1.39500666049794e-12,-3.99813626969114e-12,-3.25688799381864e-12,-0,0,0,402.981398567492,0,0
116.32,100,100,99.9999999999966,1.45051712496129e-12,2.26159781090845e-13,-1.60532163336184e-12,-3.79223114415656e-12,-1.62844399690932e-12,-0,0,0,402.981398567492,0,0
116.34,100,100,99.9999999999967,1.43770624791854e-12,1.92088829997552e-13,-1.79876334241504e-12,-3.56458520095656e-12,0,-0,0,0,402.981398567492,0,0
116.36,100,100,99.9999999999967,1.4249546972437e-12,1.54335438281611e-13,-1.97289744115834e-12,-3.26469140530197e-12,0,-0,0,0,402.981398567492,0,0
116.38,100,100,99.9999999999967,1.41224846680833e-12,1.13290431488985e-13,-2.12896781409215e-12,-3.036047826877e-12,1.62844399690932e-12,-0,0,0,402.981398567492,0,0
116.4,100,100,99.9999999999968,1.39958597668853e-12,6.93044124226177e-14,-2.26633300225748e-12,-2.73522073649011e-12,1.62844399690932e-12,-0,0,0,402.981398567492,0,0
116.42,100,100,99.9999999999968,1.38696601984019e-12,2.27646910193482e-14,-2.3845544049461e-12,-2.43570106669363e-12,3.25688799381864e-12,-0,0,0,402.981398567492,0,0
116.44,100,100,99.9999999999968,1.37439901246302e-12,-2.59331716754981e-14,-2.4815330821796e-12,-2.06856889698772e-12,3.25688799381864e-12,-0,0,0,402.981398567492,0,0
116.46,100,100,99.9999999999968,1.36187445080027e-12,-7.6362829771536e-14,-2.55882770153317e-12,-1.79511717143371e-12,3.25688799381864e-12,-0,0,0,402.981398567493,0,0
116.48,100,100,99.9999999999969,1.34938390383063e-12,-1.2816097168223e-13,-2.6177519128904e-12,-1.45120435933307e-12,4.88533199072796e-12,-0,0,0,402.981398567493,0,0
116.5,100,100,99.9999999999969,1.33695140296331e-12,-1.80923013183339e-13,-2.6546371061695e-12,-1.02444827224442e-12,6.51377598763728e-12,-0,0,0,402.981398567493,0,0
116.52,100,100,99.9999999999969,1.32460086423256e-12,-2.34174561180895e-13,-2.66618104340043e-12,-5.3828554403037e-13,6.51377598763728e-12,-0,0,0,402.981398567493,0,0
116.54,100,100,99.999999999997,1.31232470746401e-12,-2.87412729355207e-13,-2.65447951483382e-12,-1.53479898267924e-13,6.51377598763728e-12,-0,0,0,402.981398567493,0,0
116.56,100,100,99.999999999997,1.30011769938759e-12,-3.40208061599824e-13,-2.62134898648909e-12,2.58417640831146e-13,4.88533199072796e-12,-0,0,0,402.981398567493,0,0
116.58,100,100,99.999999999997,1.28796519156867e-12,-3.92150362633239e-13,-2.57030686044118e-12,5.56821247039842e-13,4.88533199072796e-12,-0,0,0,402.981398567493,0,0
116.6,100,100,99.999999999997,1.27585493766675e-12,-4.42921919101489e-13,-2.50449510598778e-12,8.1788608605744e-13,3.25688799381864e-12,-0,0,0,402.981398567493,0,0
116.62,100,100,99.9999999999971,1.26377621655435e-12,-4.92257014527084e-13,-2.42685654667683e-12,1.06328145593983e-12,4.88533199072796e-12,-0,0,0,402.981398567493,0,0
116.64,100,100,99.9999999999971,1.25175130619779e-12,-5.39904527501441e-13,-2.33509013409485e-12,1.37977996442875e-12,4.88533199072796e-12,-0,0,0,402.981398567493,0,0
116.66,100,100,99.9999999999971,1.23979158217303e-12,-5.85569800633329e-13,-2.2288663657826e-12,1.69396035549512e-12,6.51377598763728e-12,-0,0,0,402.981398567493,0,0
116.68,100,100,99.9999999999972,1.22790907968966e-12,-6.28960703972646e-13,-2.10788415356711e-12,1.98671092270561e-12,4.88533199072796e-12,-0,0,0,402.981398567493,0,0
116.7,100,100,99.9999999999972,1.2160794464822e-12,-6.69821726079912e-13,-1.97779432948089e-12,2.12057649142294e-12,3.25688799381864e-12,-0,0,0,402.981398567493,0,0
116.72,100,100,99.9999999999972,1.20427587136263e-12,-7.08047844871728e-13,-1.844460913841e-12,2.21195445601101e-12,4.88533199072796e-12,-0,0,0,402.981398567493,0,0
116.74,100,100,99.9999999999972,1.19250981025629e-12,-7.43570466054231e-13,-1.70751837809561e-12,2.31436561673883e-12,4.88533199072796e-12,-0,0,0,402.981398567493,0,0
116.76,100,100,99.9999999999973,1.1807980111744e-12,-7.76313748573386e-13,-1.56578060001606e-12,2.46208113948874e-12,3.25688799381864e-12,-0,0,0,402.981398567493,0,0
116.78,100,100,99.9999999999973,1.16913562567092e-12,-8.06188542988211e-13,-1.42161413186339e-12,2.49524679902797e-12,1.62844399690932e-12,-0,0,0,402.981398567493,0,0
116.8,100,100,99.9999999999973,1.15750854179712e-12,-8.33192590600184e-13,-1.27874045692215e-12,2.52744089215195e-12,3.25688799381864e-12,-0,0,0,402.981398567493,0,0
116.82,100,100,99.9999999999974,1.14592435016301e-12,-8.57345059644681e-13,-1.13731618734393e-12,2.50448213946135e-12,3.25688799381864e-12,-0,0,0,402.981398567494,0,0
116.84,100,100,99.9999999999974,1.13439088762887e-12,-8.78692256497449e-13,-9.97377092325356e-13,2.53491323113486e-12,1.62844399690932e-12,-0,0,0,402.981398567494,0,0
116.86,100,100,99.9999999999974,1.12290481029494e-12,-8.97265372293532e-13,-8.6076847317657e-13,2.45835848489374e-12,0,-0,0,0,402.981398567494,0,0
116.88,100,100,99.9999999999974,1.11145307011027e-12,-9.13172388417184e-13,-7.30722676935181e-13,2.38790837081889e-12,1.62844399690932e-12,-0,0,0,402.981398567494,0,0
116.9,100,100,99.9999999999975,1.10004391935862e-12,-9.26533235161689e-13,-6.06937333225573e-13,2.26892524420675e-12,1.62844399690932e-12,-0,0,0,402.981398567494,0,0
116.92,100,100,99.9999999999975,1.0886854902815e-12,-9.37486087450688e-13,-4.89017546666887e-13,2.20952486230119e-12,0,-0,0,0,402.981398567494,0,0
116.94,100,100,99.9999999999975,1.07737440166117e-12,-9.46145660440521e-13,-3.78404553259812e-13,2.06702596626411e-12,0,-0,0,0,402.981398567494,0,0
116.96,100,100,99.9999999999976,1.06610773520636e-12,-9.52678914130191e-13,-2.76291426163867e-13,1.91562342992767e-12,-1.62844399690932e-12,-0,0,0,402.981398567494,0,0
116.98,100,100,99.9999999999976,1.05487172507171e-12,-9.57275719317757e-13,-1.85489049494209e-13,1.70514969697192e-12,0,-0,0,0,402.981398567494,0,0
117,100,100,99.9999999999976,1.04367412425841e-12,-9.6016253545877e-13,-1.05148111328485e-13,1.52517648292781e-12,0,-0,0,0,402.981398567494,0,0
117.02,100,100,99.9999999999976,1.03253226453153e-12,-9.61532117559593e-13,-3.28144464206091e-14,1.44490709192578e-12,1.62844399690932e-12,-0,0,0,402.981398567494,0,0
117.04,100,100,99.9999999999976,1.02148302409815e-12,-9.61488539343493e-13,3.70506109047771e-14,1.47483776048206e-12,3.25688799381864e-12,-0,0,0,402.981398567494,0,0
117.06,100,100,99.9999999999976,1.01055070248033e-12,-9.60038495198444e-13,1.07808464633588e-13,1.51976454589395e-12,3.25688799381864e-12,-0,0,0,402.981398567494,0,0
117.08,100,100,99.9999999999976,9.99748293940093e-13,-9.57157522145172e-13,1.80937201761879e-13,1.63179685556961e-12,3.25688799381864e-12,-0,0,0,402.981398567494,0,0
117.1,100,100,99.9999999999977,9.89088102812508e-13,-9.52776776992271e-13,2.57703230571092e-13,1.77279150941209e-12,6.51377598763728e-12,-0,0,0,402.981398567494,0,0
117.12,100,100,99.9999999999977,9.78592758254849e-13,-9.46794919766672e-13,3.40948258893155e-13,1.92045204344816e-12,4.88533199072796e-12,-0,0,0,402.981398567494,0,0
117.14,100,100,99.9999999999977,9.68252792131425e-13,-9.39106340127834e-13,4.28266856889639e-13,2.05975689265688e-12,6.51377598763728e-12,-0,0,0,402.981398567494,0,0
117.16,100,100,99.9999999999977,9.58091199047938e-13,-9.29609851783541e-13,5.2246814455411e-13,2.25891315467064e-12,4.88533199072796e-12,-0,0,0,402.981398567495,0,0
117.18,100,100,99.9999999999977,9.48109093840921e-13,-9.18167574662381e-13,6.22701092595106e-13,2.44639261766068e-12,6.51377598763728e-12,-0,0,0,402.981398567495,0,0
117.2,100,100,99.9999999999977,9.38329307756406e-13,-9.04641274317341e-13,7.31565778078062e-13,2.72680421226666e-12,8.1422199845466e-12,-0,0,0,402.981398567495,0,0
117.22,100,100,99.9999999999977,9.28773870423306e-13,-8.8882663371123e-13,8.51336033183595e-13,3.00605765633375e-12,8.1422199845466e-12,-0,0,0,402.981398567495,0,0
117.24,100,100,99.9999999999978,9.19443718805619e-13,-8.70517911422789e-13,9.80774451217602e-13,3.24920738469554e-12,6.51377598763728e-12,-0,0,0,402.981398567495,0,0
117.26,100,100,99.9999999999978,9.10330101007688e-13,-8.49550166398891e-13,1.1170630703382e-12,3.47784304322739e-12,8.1422199845466e-12,-0,0,0,402.981398567495,0,0
117.28,100,100,99.9999999999978,9.01446357257601e-13,-8.25779271231822e-13,1.26092722045473e-12,3.70865973687863e-12,8.1422199845466e-12,-0,0,0,402.981398567495,0,0
117.3,100,100,99.9999999999978,8.92805954084583e-13,-7.99055235180007e-13,1.41304134849235e-12,4.01268717836446e-12,9.77066398145592e-12,-0,0,0,402.981398567495,0,0
117.32,100,100,99.9999999999978,8.84422033201658e-13,-7.69191196604793e-13,1.57388352705386e-12,4.20784278040541e-12,6.51377598763728e-12,-0,0,0,402.981398567495,0,0
117.34,100,100,99.9999999999978,8.76266423758033e-13,-7.36082821978502e-13,1.73733310301389e-12,4.37465316241673e-12,8.1422199845466e-12,-0,0,0,402.981398567495,0,0
117.36,100,100,99.9999999999978,8.68354699156747e-13,-6.99668189129059e-13,1.90439170157957e-12,4.54763187736052e-12,8.1422199845466e-12,-0,0,0,402.981398567495,0,0
117.38,100,100,99.9999999999979,8.6069166485653e-13,-6.59882701124074e-13,2.0742957322444e-12,4.70945467532959e-12,8.1422199845466e-12,-0,0,0,402.981398567495,0,0
117.4,100,100,99.9999999999979,8.53282391050091e-13,-6.16676651959544e-13,2.24633320225857e-12,4.84274721273542e-12,6.51377598763728e-12,-0,0,0,402.981398567495,0,0
117.42,100,100,99.9999999999979,8.46121685400184e-13,-5.70030805744753e-13,2.41818007371608e-12,4.96861070057971e-12,8.1422199845466e-12,-0,0,0,402.981398567495,0,0
117.44,100,100,99.9999999999979,8.39225920433605e-13,-5.19937155710429e-13,2.59102651736641e-12,5.10328330957048e-12,8.1422199845466e-12,-0,0,0,402.981398567495,0,0
117.46,100,100,99.9999999999979,8.32589927892773e-13,-4.66390180637001e-13,2.76258946500801e-12,5.1411736676273e-12,6.51377598763728e-12,-0,0,0,402.981398567495,0,0
117.48,100,100,99.9999999999979,8.26198906762504e-13,-4.09461275089665e-13,2.92919290090273e-12,5.14160010489216e-12,4.88533199072796e-12,-0,0,0,402.981398567495,0,0
117.5,100,100,99.9999999999979,8.2004921777791e-13,-3.49267208824093e-13,3.08910587660127e-12,5.14316642653865e-12,6.51377598763728e-12,-0,0,0,402.981398567495,0,0
117.52,100,100,99.999999999998,8.14158283864467e-13,-2.85924351671657e-13,3.24407473906769e-12,5.14346434479485e-12,4.88533199072796e-12,-0,0,0,402.981398567496,0,0
117.54,100,100,99.999999999998,8.08511066231765e-13,-2.19557497895737e-13,3.39067817499352e-12,5.05681362620151e-12,4.88533199072796e-12,-0,0,0,402.981398567496,0,0
117.56,100,100,99.999999999998,8.03103889120991e-13,-1.50356653724526e-13,3.52753862690585e-12,4.95765745057112e-12,3.25688799381864e-12,-0,0,0,402.981398567496,0,0
117.58,100,100,99.999999999998,7.97922211724173e-13,-7.85382571358945e-14,3.65167742677736e-12,4.77796673137751e-12,3.25688799381864e-12,-0,0,0,402.981398567496,0,0
117.6,100,100,99.999999999998,7.92962513827865e-13,-4.37524848006922e-15,3.76213159720763e-12,4.59177098428844e-12,1.62844399690932e-12,-0,0,0,402.981398567496,0,0
117.62,100,100,99.999999999998,7.88210106445839e-13,7.18410297930776e-14,3.85631112455981e-12,4.33065413707641e-12,1.62844399690932e-12,-0,0,0,402.981398567496,0,0
117.64,100,100,99.999999999998,7.83661047543949e-13,1.49770259811419e-13,3.93361732441198e-12,4.0682836775783e-12,0,-0,0,0,402.981398567496,0,0
117.66,100,100,99.9999999999981,7.79310569399499e-13,2.29069461170313e-13,3.99349912225911e-12,3.82400166380621e-12,1.62844399690932e-12,-0,0,0,402.981398567496,0,0
117.68,100,100,99.9999999999981,7.75163564223245e-13,3.09410085795775e-13,4.03711197597779e-12,3.52430375673148e-12,0,-0,0,0,402.981398567496,0,0
117.7,100,100,99.9999999999981,7.71203063556572e-13,3.90436513756916e-13,4.06229788643657e-12,3.22700783242507e-12,0,-0,0,0,402.981398567496,0,0
117.72,100,100,99.9999999999981,7.67432707316665e-13,4.71793732294402e-13,4.07040966439092e-12,2.9307915932005e-12,-1.62844399690932e-12,-0,0,0,402.981398567496,0,0
117.74,100,100,99.9999999999981,7.63844402642543e-13,5.53136392069032e-13,4.06105912953684e-12,2.63675279352526e-12,-1.62844399690932e-12,-0,0,0,402.981398567496,0,0
117.76,100,100,99.9999999999981,7.60429249912318e-13,6.34120010098752e-13,4.03389380998523e-12,2.29167445174729e-12,-1.62844399690932e-12,-0,0,0,402.981398567496,0,0
117.78,100,100,99.9999999999981,7.57177908575289e-13,7.14377565113377e-13,3.98870658358155e-12,1.96885124888568e-12,-1.62844399690932e-12,-0,0,0,402.981398567496,0,0
117.8,100,100,99.9999999999982,7.54090603829568e-13,7.93563529179729e-13,3.92697320909231e-12,1.64875406198683e-12,-3.25688799381864e-12,-0,0,0,402.981398567496,0,0
117.82,100,100,99.9999999999982,7.51145287683751e-13,8.71335591371379e-13,3.84672297674057e-12,1.26237148107372e-12,-3.25688799381864e-12,-0,0,0,402.981398567496,0,0
117.84,100,100,99.9999999999982,7.48330490705401e-13,9.47314446427949e-13,3.74793640188456e-12,9.19001695729365e-13,-1.62844399690932e-12,-0,0,0,402.981398567496,0,0
117.86,100,100,99.9999999999982,7.45665316659968e-13,1.02117144697465e-12,3.63562173936587e-12,6.66612460382596e-13,-3.25688799381864e-12,-0,0,0,402.981398567497,0,0
117.88,100,100,99.9999999999982,7.43124290442099e-13,1.0926397473115e-12,3.50759695397144e-12,2.55474332015371e-13,-4.88533199072796e-12,-0,0,0,402.981398567497,0,0
117.9,100,100,99.9999999999982,7.40682841440666e-13,1.16136188578404e-12,3.36213515540863e-12,-5.79778891250153e-14,-3.25688799381864e-12,-0,0,0,402.981398567497,0,0
117.92,100,100,99.9999999999982,7.38357550316522e-13,1.22704767910629e-12,3.20419689051925e-12,-3.34288199291486e-13,-3.25688799381864e-12,-0,0,0,402.981398567497,0,0
117.94,100,100,99.9999999999983,7.36152705758469e-13,1.28946936651405e-12,3.0367605697936e-12,-5.22775439867085e-13,-3.25688799381864e-12,-0,0,0,402.981398567497,0,0
117.96,100,100,99.9999999999983,7.34049868946314e-13,1.34845527345368e-12,2.85910573112359e-12,-8.57206369488907e-13,-4.88533199072796e-12,-0,0,0,402.981398567497,0,0
117.98,100,100,99.9999999999983,7.32020849784601e-13,1.40375451452538e-12,2.66916931508029e-12,-1.09889846956825e-12,-3.25688799381864e-12,-0,0,0,402.981398567497,0,0
118,100,100,99.9999999999983,7.30089597414721e-13,1.45518551052849e-12,2.47329366342494e-12,-1.21997987464846e-12,-1.62844399690932e-12,-0,0,0,402.981398567497,0,0
118.02,100,100,99.9999999999983,7.28267268273855e-13,1.50267977602699e-12,2.27559439696925e-12,-1.33441976277446e-12,-3.25688799381864e-12,-0,0,0,402.981398567497,0,0
118.04,100,100,99.9999999999983,7.26521914108866e-13,1.54618051369598e-12,2.07320228557725e-12,-1.54650232411869e-12,-4.88533199072796e-12,-0,0,0,402.981398567497,0,0
118.06,100,100,99.9999999999983,7.24833347254274e-13,1.5855683347495e-12,1.86529058954776e-12,-1.65564284755137e-12,-1.62844399690932e-12,-0,0,0,402.981398567497,0,0
118.08,100,100,99.9999999999984,7.2322301070348e-13,1.6207997926093e-12,1.6576557460825e-12,-1.72389169958521e-12,-1.62844399690932e-12,-0,0,0,402.981398567497,0,0
118.1,100,100,99.9999999999984,7.2167936968835e-13,1.65188432033528e-12,1.45065545913345e-12,-1.80583280031185e-12,-3.25688799381864e-12,-0,0,0,402.981398567497,0,0
118.12,100,100,99.9999999999984,7.20180523366944e-13,1.67882129039925e-12,1.24296567355339e-12,-1.88132188669023e-12,-1.62844399690932e-12,-0,0,0,402.981398567497,0,0
118.14,100,100,99.9999999999984,7.18736678447296e-13,1.70162685763465e-12,1.03840740643855e-12,-1.84691920971605e-12,0,-0,0,0,402.981398567497,0,0
118.16,100,100,99.9999999999984,7.17356829827827e-13,1.72040688923525e-12,8.40397299643312e-13,-1.77971500695569e-12,1.62844399690932e-12,-0,0,0,402.981398567497,0,0
118.18,100,100,99.9999999999984,7.16049609875714e-13,1.73531619094122e-12,6.52124855695389e-13,-1.64800940410219e-12,0,-0,0,0,402.981398567497,0,0
118.2,100,100,99.9999999999984,7.14791437385487e-13,1.74654465811595e-12,4.71397471471617e-13,-1.61172731444172e-12,0,-0,0,0,402.981398567497,0,0
118.22,100,100,99.9999999999985,7.13570990340251e-13,1.75422393477599e-12,2.98015309039717e-13,-1.48968835593092e-12,1.62844399690932e-12,-0,0,0,402.981398567498,0,0
118.24,100,100,99.9999999999985,7.12408605064138e-13,1.75854867650646e-12,1.36693720110282e-13,-1.2704968110795e-12,3.25688799381864e-12,-0,0,0,402.981398567498,0,0
118.26,100,100,99.9999999999985,7.11313196395098e-13,1.7597949647563e-12,-9.97849989894364e-15,-1.06660897403409e-12,1.62844399690932e-12,-0,0,0,402.981398567498,0,0
118.28,100,100,99.9999999999985,7.10251819476867e-13,1.75822097856732e-12,-1.46303787634353e-13,-9.62799899308512e-13,1.62844399690932e-12,-0,0,0,402.981398567498,0,0
118.3,100,100,99.9999999999985,7.09214891435874e-13,1.75401124646647e-12,-2.72793960231196e-13,-7.77588973858299e-13,3.25688799381864e-12,-0,0,0,402.981398567498,0,0
118.32,100,100,99.9999999999985,7.08235258095451e-13,1.74741594884106e-12,-3.83328814466012e-13,-4.29296624371017e-13,4.88533199072796e-12,-0,0,0,402.981398567498,0,0
118.34,100,100,99.9999999999985,7.07333756028938e-13,1.73880978717818e-12,-4.74122481568685e-13,-1.04634081414421e-13,3.25688799381864e-12,-0,0,0,402.981398567498,0,0
118.36,100,100,99.9999999999986,7.06478852858737e-13,1.72854727865686e-12,-5.50021349352917e-13,1.12160575617009e-13,3.25688799381864e-12,-0,0,0,402.981398567498,0,0
118.38,100,100,99.9999999999986,7.05662724666832e-13,1.7168987559566e-12,-6.12047033073774e-13,4.21164125936341e-13,6.51377598763728e-12,-0,0,0,402.981398567498,0,0
118.4,100,100,99.9999999999986,7.04920163540696e-13,1.70419836366503e-12,-6.54594355349687e-13,8.14094967805496e-13,6.51377598763728e-12,-0,0,0,402.981398567498,0,0
118.42,100,100,99.9999999999986,7.04253563457967e-13,1.69084516373996e-12,-6.77605183000825e-13,1.1635906970851e-12,4.88533199072796e-12,-0,0,0,402.981398567498,0,0
118.44,100,100,99.9999999999986,7.03634899743661e-13,1.67718819772769e-12,-6.86048670987825e-13,1.38552315146394e-12,3.25688799381864e-12,-0,0,0,402.981398567498,0,0
118.46,100,100,99.9999999999986,7.03028172474679e-13,1.66345599801972e-12,-6.86116846154043e-13,1.50621309194301e-12,3.25688799381864e-12,-0,0,0,402.981398567498,0,0
118.48,100,100,99.9999999999986,7.02420867148727e-13,1.64978390708971e-12,-6.80124701958196e-13,1.60102555340622e-12,1.62844399690932e-12,-0,0,0,402.981398567498,0,0
118.5,100,100,99.9999999999986,7.01790764942729e-13,1.63626262522181e-12,-6.7193509761615e-13,1.58470002900802e-12,0,-0,0,0,402.981398567498,0,0
118.52,100,100,99.9999999999987,7.01106698638594e-13,1.62288376895294e-12,-6.66703079731335e-13,1.46440414132792e-12,-1.62844399690932e-12,-0,0,0,402.981398567498,0,0
118.54,100,100,99.9999999999987,7.00339038409175e-13,1.60954044551026e-12,-6.69129450898827e-13,1.26493707362082e-12,-1.62844399690932e-12,-0,0,0,402.981398567498,0,0
118.56,100,100,99.9999999999987,6.99490968101742e-13,1.59607013548562e-12,-6.78434072427809e-13,1.14833722395242e-12,-1.62844399690932e-12,-0,0,0,402.981398567498,0,0
118.58,100,100,99.9999999999987,6.98564537996119e-13,1.58235822318869e-12,-6.94038295145525e-13,9.51160439060422e-13,-3.25688799381864e-12,-0,0,0,402.981398567498,0,0
118.6,100,100,99.9999999999987,6.97530215195188e-13,1.56823453264858e-12,-7.20304932813829e-13,6.616769319738e-13,-4.88533199072796e-12,-0,0,0,402.981398567498,0,0
118.62,100,100,99.9999999999987,6.96359404993672e-13,1.55344558151373e-12,-7.61192182046583e-13,3.03933662694798e-13,-4.88533199072796e-12,-0,0,0,402.981398567498,0,0
118.64,100,100,99.9999999999987,6.95045189892073e-13,1.5376879524469e-12,-8.16921893211358e-13,-4.88314906342803e-14,-6.51377598763728e-12,-0,0,0,402.981398567498,0,0
118.66,100,100,99.9999999999988,6.93569304032721e-13,1.52065411396799e-12,-8.89395878035364e-13,-4.65775182684205e-13,-6.51377598763728e-12,-0,0,0,402.981398567498,0,0
118.68,100,100,99.9999999999988,6.91924099451851e-13,1.50200081994801e-12,-9.78574444959862e-13,-8.55828923486936e-13,-6.51377598763728e-12,-0,0,0,402.981398567498,0,0
118.7,100,100,99.9999999999988,6.90111488399691e-13,1.4814111719774e-12,-1.08275701036083e-12,-1.22072692677892e-12,-6.51377598763728e-12,-0,0,0,402.981398567498,0,0
118.72,100,100,99.9999999999988,6.88132184559229e-13,1.45860118240804e-12,-1.20035194677871e-12,-1.58018538383083e-12,-8.1422199845466e-12,-0,0,0,402.981398567498,0,0
118.74,100,100,99.9999999999988,6.85964769248849e-13,1.43329226020976e-12,-1.33322773468878e-12,-2.02148453052693e-12,-9.77066398145592e-12,-0,0,0,402.981398567498,0,0
118.76,100,100,99.9999999999988,6.83577492853379e-13,1.40514533326095e-12,-1.48467221271451e-12,-2.50315857055744e-12,-8.1422199845466e-12,-0,0,0,402.981398567498,0,0
118.78,100,100,99.9999999999988,6.8098101881968e-13,1.37380976017349e-12,-1.65092299354689e-12,-2.86683858153586e-12,-8.1422199845466e-12,-0,0,0,402.981398567498,0,0
118.8,100,100,99.9999999999989,6.78183758502847e-13,1.33903219285113e-12,-1.8286157591925e-12,-3.2251575982575e-12,-9.77066398145592e-12,-0,0,0,402.981398567498,0,0
118.82,100,100,99.9999999999989,6.75161244085483e-13,1.30057339783678e-12,-2.01962416919045e-12,-3.64729696836536e-12,-9.77066398145592e-12,-0,0,0,402.981398567498,0,0
118.84,100,100,99.9999999999989,6.71910464870857e-13,1.2581676338499e-12,-2.22218693809977e-12,-3.97220831471942e-12,-9.77066398145592e-12,-0,0,0,402.981398567498,0,0
118.86,100,100,99.9999999999989,6.6842688420775e-13,1.21161602923308e-12,-2.43480931644186e-12,-4.32807431770834e-12,-8.1422199845466e-12,-0,0,0,402.981398567498,0,0
118.88,100,100,99.9999999999989,6.64716171928014e-13,1.16073265883468e-12,-2.65428376798088e-12,-4.57406002989581e-12,-8.1422199845466e-12,-0,0,0,402.981398567498,0,0
118.9,100,100,99.9999999999989,6.60782358633513e-13,1.10541799332748e-12,-2.87776720725568e-12,-4.80418138453489e-12,-8.1422199845466e-12,-0,0,0,402.981398567498,0,0
118.92,100,100,99.9999999999989,6.56618216848016e-13,1.04560190905347e-12,-3.10426571556616e-12,-5.03755534389011e-12,-9.77066398145592e-12,-0,0,0,402.981398567498,0,0
118.94,100,100,99.999999999999,6.52205757015677e-13,9.81216756798314e-13,-3.33451362251922e-12,-5.23661710673447e-12,-6.51377598763728e-12,-0,0,0,402.981398567498,0,0
118.96,100,100,99.999999999999,6.47569228465036e-13,9.12239748708614e-13,-3.5624827472157e-12,-5.33707874188421e-12,-8.1422199845466e-12,-0,0,0,402.981398567498,0,0
118.98,100,100,99.999999999999,6.42699498262667e-13,8.38730036802477e-13,-3.78771847273927e-12,-5.42989391778292e-12,-6.51377598763728e-12,-0,0,0,402.981398567498,0,0
119,100,100,99.999999999999,6.37598230782162e-13,7.6076351775293e-13,-4.00810146637296e-12,-5.49979672857446e-12,-6.51377598763728e-12,-0,0,0,402.981398567498,0,0
119.02,100,100,99.999999999999,6.32256319592517e-13,6.78440174734651e-13,-4.2233570477596e-12,-5.54709747491407e-12,-4.88533199072796e-12,-0,0,0,402.981398567498,0,0
119.04,100,100,99.999999999999,6.26686043944794e-13,5.91890506132181e-13,-4.42987655358012e-12,-5.50441823081914e-12,-4.88533199072796e-12,-0,0,0,402.981398567498,0,0
119.06,100,100,99.999999999999,6.20898922319348e-13,5.01322375199785e-13,-4.62441128278526e-12,-5.39448851176904e-12,-4.88533199072796e-12,-0,0,0,402.981398567498,0,0
119.08,100,100,99.9999999999991,6.14895553317959e-13,4.06996777805509e-13,-4.80570848390837e-12,-5.29164849054201e-12,-4.88533199072796e-12,-0,0,0,402.981398567498,0,0
119.1,100,100,99.9999999999991,6.08666584050782e-13,3.09173432589765e-13,-4.97426724104712e-12,-5.15925328685143e-12,-1.62844399690932e-12,-0,0,0,402.981398567498,0,0
119.12,100,100,99.9999999999991,6.02245678184892e-13,2.08153120525627e-13,-5.12384735719462e-12,-4.86153780116489e-12,-1.62844399690932e-12,-0,0,0,402.981398567498,0,0
119.14,100,100,99.9999999999991,5.95633398834551e-13,1.04346441961613e-13,-5.25395313209846e-12,-4.65302586914213e-12,-1.62844399690932e-12,-0,0,0,402.981398567498,0,0
119.16,100,100,99.9999999999991,5.88810832603265e-13,-1.89356863683875e-15,-5.36733886284284e-12,-4.45796149800938e-12,-1.62844399690932e-12,-0,0,0,402.981398567498,0,0
119.18,100,100,99.9999999999991,5.81771168252775e-13,-1.10241829309845e-13,-5.46492777290386e-12,-4.25738359197894e-12,0,-0,0,0,402.981398567498,0,0
119.2,100,100,99.9999999999991,5.74550958177353e-13,-2.20348442014841e-13,-5.54083991928804e-12,-3.82471233703302e-12,1.62844399690932e-12,-0,0,0,402.981398567498,0,0
119.22,100,100,99.9999999999992,5.67185100004638e-13,-3.31702348668563e-13,-5.58997441323197e-12,-3.40301891552688e-12,1.62844399690932e-12,-0,0,0,402.981398567498,0,0
119.24,100,100,99.9999999999992,5.59666723827073e-13,-4.43787332392384e-13,-5.61425931965524e-12,-3.00852176958929e-12,1.62844399690932e-12,-0,0,0,402.981398567498,0,0
119.26,100,100,99.9999999999992,5.51990800921745e-13,-5.56124723589657e-13,-5.61550848288229e-12,-2.62137310752023e-12,3.25688799381864e-12,-0,0,0,402.981398567498,0,0
119.28,100,100,99.9999999999992,5.44175050558624e-13,-6.68245648933665e-13,-5.59207123272558e-12,-2.17226340250098e-12,3.25688799381864e-12,-0,0,0,402.981398567498,0,0
119.3,100,100,99.9999999999992,5.36227061613924e-13,-7.79650470763753e-13,-5.54423123056691e-12,-1.75211813153573e-12,3.25688799381864e-12,-0,0,0,402.981398567498,0,0
119.32,100,100,99.9999999999992,5.28145329779566e-13,-8.89870710683e-13,-5.47392631831161e-12,-1.37716311344771e-12,1.62844399690932e-12,-0,0,0,402.981398567498,0,0
119.34,100,100,99.9999999999992,5.19908939548162e-13,-9.98500884301783e-13,-5.38633683561381e-12,-1.07713184971471e-12,4.88533199072796e-12,-0,0,0,402.981398567498,0,0
119.36,100,100,99.9999999999993,5.11541690866163e-13,-1.10519263985902e-12,-5.2794823424591e-12,-6.92594644716154e-13,4.88533199072796e-12,-0,0,0,402.981398567498,0,0
119.38,100,100,99.9999999999993,5.03056651001147e-13,-1.20955189065213e-12,-5.15337557493788e-12,-3.32857399262026e-13,4.88533199072796e-12,-0,0,0,402.981398567498,0,0
119.4,100,100,99.9999999999993,4.94457400209133e-13,-1.31121058827778e-12,-5.00969900005848e-12,3.67931054062845e-15,4.88533199072796e-12,-0,0,0,402.981398567498,0,0
119.42,100,100,99.9999999999993,4.85748786092103e-13,-1.40983332054942e-12,-4.85003480523939e-12,3.18511756933056e-13,4.88533199072796e-12,-0,0,0,402.981398567498,0,0
119.44,100,100,99.9999999999993,4.76936801824338e-13,-1.5051153665058e-12,-4.67587089240635e-12,6.1303971306469e-13,4.88533199072796e-12,-0,0,0,402.981398567498,0,0
119.46,100,100,99.9999999999993,4.68028472166307e-13,-1.59678086743453e-12,-4.48860648970371e-12,8.88572676509477e-13,4.88533199072796e-12,-0,0,0,402.981398567498,0,0
119.48,100,100,99.9999999999993,4.59031746791603e-13,-1.68458110651493e-12,-4.28955740572292e-12,1.12824186922106e-12,3.25688799381864e-12,-0,0,0,402.981398567498,0,0
119.5,100,100,99.9999999999994,4.49934343460764e-13,-1.76831829179751e-12,-4.08331869067492e-12,1.28361847468247e-12,4.88533199072796e-12,-0,0,0,402.981398567498,0,0
119.52,100,100,99.9999999999994,4.40757455286626e-13,-1.84785712230511e-12,-3.86901918496397e-12,1.51590379929466e-12,4.88533199072796e-12,-0,0,0,402.981398567498,0,0
119.54,100,100,99.9999999999994,4.31516387673262e-13,-1.92302099592991e-12,-3.64687291473742e-12,1.68013313375961e-12,3.25688799381864e-12,-0,0,0,402.981398567498,0,0
119.56,100,100,99.9999999999994,4.22201001294043e-13,-1.99370511906078e-12,-3.42113907856452e-12,1.7818227914381e-12,3.25688799381864e-12,-0,0,0,402.981398567498,0,0
119.58,100,100,99.9999999999994,4.12818054899086e-13,-2.05985237281246e-12,-3.19327458210671e-12,1.89504799979334e-12,4.88533199072796e-12,-0,0,0,402.981398567498,0,0
119.6,100,100,99.9999999999994,4.03390397668992e-13,-2.12140863780007e-12,-2.96213512117105e-12,1.98170976553039e-12,1.62844399690932e-12,-0,0,0,402.981398567498,0,0
119.62,100,100,99.9999999999994,3.93909054809324e-13,-2.17834811554311e-12,-2.73167540207997e-12,2.02892958248117e-12,1.62844399690932e-12,-0,0,0,402.981398567498,0,0
119.64,100,100,99.9999999999995,3.84387073791277e-13,-2.23068770233924e-12,-2.50219461903816e-12,2.05501022939514e-12,0,-0,0,0,402.981398567498,0,0
119.66,100,100,99.9999999999995,3.74805701145963e-13,-2.27848392235413e-12,-2.27903116462347e-12,1.92247644621392e-12,0,-0,0,0,402.981398567498,0,0
119.68,100,100,99.9999999999995,3.65158457712485e-13,-2.32191145699641e-12,-2.06524671478167e-12,1.81658398704471e-12,1.62844399690932e-12,-0,0,0,402.981398567498,0,0
119.7,100,100,99.9999999999995,3.55470328145184e-13,-2.36113651569834e-12,-1.85872087279809e-12,1.69825964189068e-12,-1.62844399690932e-12,-0,0,0,402.981398567498,0,0
119.72,100,100,99.9999999999995,3.4573366914716e-13,-2.396334715211e-12,-1.66249244732136e-12,1.57180734023152e-12,0,-0,0,0,402.981398567498,0,0
119.74,100,100,99.9999999999995,3.35972595811829e-13,-2.4276899037139e-12,-1.47434106496971e-12,1.4885305851575e-12,1.62844399690932e-12,-0,0,0,402.981398567498,0,0
119.76,100,100,99.9999999999995,3.26209931962288e-13,-2.45534297605109e-12,-1.29223181274061e-12,1.40945721158928e-12,0,-0,0,0,402.981398567498,0,0
119.78,100,100,99.9999999999995,3.16457045678373e-13,-2.47942061919074e-12,-1.11592496212573e-12,1.40665389165013e-12,1.62844399690932e-12,-0,0,0,402.981398567498,0,0
119.8,100,100,99.9999999999995,3.06745478779995e-13,-2.49999538792377e-12,-9.41950749739457e-13,1.43905162400921e-12,3.25688799381864e-12,-0,0,0,402.981398567498,0,0
119.82,100,100,99.9999999999995,2.97095054488061e-13,-2.5170982818599e-12,-7.68768117591692e-13,1.46819254268003e-12,1.62844399690932e-12,-0,0,0,402.981398567498,0,0
119.84,100,100,99.9999999999995,2.87514564639035e-13,-2.53075565088472e-12,-5.965996325458e-13,1.56662445018521e-12,3.25688799381864e-12,-0,0,0,402.981398567498,0,0
119.86,100,100,99.9999999999995,2.78033362531627e-13,-2.54094865933644e-12,-4.22408212693478e-13,1.67563462386058e-12,3.25688799381864e-12,-0,0,0,402.981398567498,0,0
119.88,100,100,99.9999999999995,2.68669556657976e-13,-2.54763332070507e-12,-2.45020345700715e-13,1.84761739157673e-12,3.25688799381864e-12,-0,0,0,402.981398567498,0,0
119.9,100,100,99.9999999999995,2.59430028607744e-13,-2.55073584775826e-12,-6.51522257073423e-14,1.95659930851446e-12,4.88533199072796e-12,-0,0,0,402.981398567498,0,0
119.92,100,100,99.9999999999995,2.50332883899116e-13,-2.55021226902056e-12,1.18336941532007e-13,2.14548207744086e-12,4.88533199072796e-12,-0,0,0,402.981398567498,0,0
119.94,100,100,99.9999999999995,2.41395451888495e-13,-2.54597218109779e-12,3.06359224642873e-13,2.3040894069857e-12,3.25688799381864e-12,-0,0,0,402.981398567498,0,0
119.96,100,100,99.9999999999995,2.32614055109708e-13,-2.53794982125891e-12,4.9644510389013e-13,2.45363505997541e-12,4.88533199072796e-12,-0,0,0,402.981398567498,0,0
119.98,100,100,99.9999999999995,2.2400671641832e-13,-2.5260934957291e-12,6.89646179368911e-13,2.61046250013742e-12,4.88533199072796e-12,-0,0,0,402.981398567498,0,0
120,100,100,99.9999999999995,2.1558063140612e-13,-2.51034801690545e-12,8.8524486591055e-13,2.75717566755568e-12,4.88533199072796e-12,-0,0,0,402.981398567498,0,0
