Time_s,Target_m,GovernedReference_m,Altitude_m,VerticalSpeed_m_s,Pitch_deg,PitchRate_deg_s,Elevator_deg,RawCommand_deg,Gust_m_s2,EstimatedGust_m_s2,GovernorInfeasible,IntegralError_m_s,SafetyActive,SafetyInfeasible
0,0,0,0,0,0,0,0,0,-0,0,0,0,0,0
0.02,0,0,0,0,0,0,0,0,-0,0,0,0,0,0
0.04,0,0,0,0,0,0,0,0,-0,0,0,0,0,0
0.06,0,0,0,0,0,0,0,0,-0,0,0,0,0,0
0.08,0,0,0,0,0,0,0,0,-0,0,0,0,0,0
0.1,0,0,0,0,0,0,0,0,-0,0,0,0,0,0
0.12,0,0,0,0,0,0,0,0,-0,0,0,0,0,0
0.14,0,0,0,0,0,0,0,0,-0,0,0,0,0,0
0.16,0,0,0,0,0,0,0,0,-0,0,0,0,0,0
0.18,0,0,0,0,0,0,0,0,-0,0,0,0,0,0
0.2,0,0,0,0,0,0,0,0,-0,0,0,0,0,0
0.22,0,0,0,0,0,0,0,0,-0,0,0,0,0,0
0.24,0,0,0,0,0,0,0,0,-0,0,0,0,0,0
0.26,0,0,0,0,0,0,0,0,-0,0,0,0,0,0
0.28,0,0,0,0,0,0,0,0,-0,0,0,0,0,0
0.3,0,0,0,0,0,0,0,0,-0,0,0,0,0,0
0.32,0,0,0,0,0,0,0,0,-0,0,0,0,0,0
0.34,0,0,0,0,0,0,0,0,-0,0,0,0,0,0
0.36,0,0,0,0,0,0,0,0,-0,0,0,0,0,0
0.38,0,0,0,0,0,0,0,0,-0,0,0,0,0,0
0.4,0,0,0,0,0,0,0,0,-0,0,0,0,0,0
0.42,0,0,0,0,0,0,0,0,-0,0,0,0,0,0
0.44,0,0,0,0,0,0,0,0,-0,0,0,0,0,0
0.46,0,0,0,0,0,0,0,0,-0,0,0,0,0,0
0.48,0,0,0,0,0,0,0,0,-0,0,0,0,0,0
0.5,0,0,0,0,0,0,0,0,-0,0,0,0,0,0
0.52,0,0,0,0,0,0,0,0,-0,0,0,0,0,0
0.54,0,0,0,0,0,0,0,0,-0,0,0,0,0,0
0.56,0,0,0,0,0,0,0,0,-0,0,0,0,0,0
0.58,0,0,0,0,0,0,0,0,-0,0,0,0,0,0
0.6,0,0,0,0,0,0,0,0,-0,0,0,0,0,0
0.62,0,0,0,0,0,0,0,0,-0,0,0,0,0,0
0.64,0,0,0,0,0,0,0,0,-0,0,0,0,0,0
0.66,0,0,0,0,0,0,0,0,-0,0,0,0,0,0
0.68,0,0,0,0,0,0,0,0,-0,0,0,0,0,0
0.7,0,0,0,0,0,0,0,0,-0,0,0,0,0,0
0.72,0,0,0,0,0,0,0,0,-0,0,0,0,0,0
0.74,0,0,0,0,0,0,0,0,-0,0,0,0,0,0
0.76,0,0,0,0,0,0,0,0,-0,0,0,0,0,0
0.78,0,0,0,0,0,0,0,0,-0,0,0,0,0,0
0.8,0,0,0,0,0,0,0,0,-0,0,0,0,0,0
0.82,0,0,0,0,0,0,0,0,-0,0,0,0,0,0
0.84,0,0,0,0,0,0,0,0,-0,0,0,0,0,0
0.86,0,0,0,0,0,0,0,0,-0,0,0,0,0,0
0.88,0,0,0,0,0,0,0,0,-0,0,0,0,0,0
0.9,0,0,0,0,0,0,0,0,-0,0,0,0,0,0
0.92,0,0,0,0,0,0,0,0,-0,0,0,0,0,0
0.94,0,0,0,0,0,0,0,0,-0,0,0,0,0,0
0.96,0,0,0,0,0,0,0,0,-0,0,0,0,0,0
0.98,0,0,0,0,0,0,0,0,-0,0,0,0,0,0
1,0,0,0,0,0,0,0,0,-0,0,0,0,0,0
1.02,0,0,0,0,0,0,0,0,-0,0,0,0,0,0
1.04,0,0,0,0,0,0,0,0,-0,0,0,0,0,0
1.06,0,0,0,0,0,0,0,0,-0,0,0,0,0,0
1.08,0,0,0,0,0,0,0,0,-0,0,0,0,0,0
1.1,0,0,0,0,0,0,0,0,-0,0,0,0,0,0
1.12,0,0,0,0,0,0,0,0,-0,0,0,0,0,0
1.14,0,0,0,0,0,0,0,0,-0,0,0,0,0,0
1.16,0,0,0,0,0,0,0,0,-0,0,0,0,0,0
1.18,0,0,0,0,0,0,0,0,-0,0,0,0,0,0
1.2,0,0,0,0,0,0,0,0,-0,0,0,0,0,0
1.22,0,0,0,0,0,0,0,0,-0,0,0,0,0,0
1.24,0,0,0,0,0,0,0,0,-0,0,0,0,0,0
1.26,0,0,0,0,0,0,0,0,-0,0,0,0,0,0
1.28,0,0,0,0,0,0,0,0,-0,0,0,0,0,0
1.3,0,0,0,0,0,0,0,0,-0,0,0,0,0,0
1.32,0,0,0,0,0,0,0,0,-0,0,0,0,0,0
1.34,0,0,0,0,0,0,0,0,-0,0,0,0,0,0
1.36,0,0,0,0,0,0,0,0,-0,0,0,0,0,0
1.38,0,0,0,0,0,0,0,0,-0,0,0,0,0,0
1.4,0,0,0,0,0,0,0,0,-0,0,0,0,0,0
1.42,0,0,0,0,0,0,0,0,-0,0,0,0,0,0
1.44,0,0,0,0,0,0,0,0,-0,0,0,0,0,0
1.46,0,0,0,0,0,0,0,0,-0,0,0,0,0,0
1.48,0,0,0,0,0,0,0,0,-0,0,0,0,0,0
1.5,0,0,0,0,0,0,0,0,-0,0,0,0,0,0
1.52,0,0,0,0,0,0,0,0,-0,0,0,0,0,0
1.54,0,0,0,0,0,0,0,0,-0,0,0,0,0,0
1.56,0,0,0,0,0,0,0,0,-0,0,0,0,0,0
1.58,0,0,0,0,0,0,0,0,-0,0,0,0,0,0
1.6,0,0,0,0,0,0,0,0,-0,0,0,0,0,0
1.62,0,0,0,0,0,0,0,0,-0,0,0,0,0,0
1.64,0,0,0,0,0,0,0,0,-0,0,0,0,0,0
1.66,0,0,0,0,0,0,0,0,-0,0,0,0,0,0
1.68,0,0,0,0,0,0,0,0,-0,0,0,0,0,0
1.7,0,0,0,0,0,0,0,0,-0,0,0,0,0,0
1.72,0,0,0,0,0,0,0,0,-0,0,0,0,0,0
1.74,0,0,0,0,0,0,0,0,-0,0,0,0,0,0
1.76,0,0,0,0,0,0,0,0,-0,0,0,0,0,0
1.78,0,0,0,0,0,0,0,0,-0,0,0,0,0,0
1.8,0,0,0,0,0,0,0,0,-0,0,0,0,0,0
1.82,0,0,0,0,0,0,0,0,-0,0,0,0,0,0
1.84,0,0,0,0,0,0,0,0,-0,0,0,0,0,0
1.86,0,0,0,0,0,0,0,0,-0,0,0,0,0,0
1.88,0,0,0,0,0,0,0,0,-0,0,0,0,0,0
1.9,0,0,0,0,0,0,0,0,-0,0,0,0,0,0
1.92,0,0,0,0,0,0,0,0,-0,0,0,0,0,0
1.94,0,0,0,0,0,0,0,0,-0,0,0,0,0,0
1.96,0,0,0,0,0,0,0,0,-0,0,0,0,0,0
1.98,0,0,0,0,0,0,0,0,-0,0,0,0,0,0
2,0,0,0,0,0,0,0,0,-0,0,0,0,0,0
2.02,0,0,0,0,0,0,0,0,-0,0,0,0,0,0
2.04,0,0,0,0,0,0,0,0,-0,0,0,0,0,0
2.06,0,0,0,0,0,0,0,0,-0,0,0,0,0,0
2.08,0,0,0,0,0,0,0,0,-0,0,0,0,0,0
2.1,0,0,0,0,0,0,0,0,-0,0,0,0,0,0
2.12,0,0,0,0,0,0,0,0,-0,0,0,0,0,0
2.14,0,0,0,0,0,0,0,0,-0,0,0,0,0,0
2.16,0,0,0,0,0,0,0,0,-0,0,0,0,0,0
2.18,0,0,0,0,0,0,0,0,-0,0,0,0,0,0
2.2,0,0,0,0,0,0,0,0,-0,0,0,0,0,0
2.22,0,0,0,0,0,0,0,0,-0,0,0,0,0,0
2.24,0,0,0,0,0,0,0,0,-0,0,0,0,0,0
2.26,0,0,0,0,0,0,0,0,-0,0,0,0,0,0
2.28,0,0,0,0,0,0,0,0,-0,0,0,0,0,0
2.3,0,0,0,0,0,0,0,0,-0,0,0,0,0,0
2.32,0,0,0,0,0,0,0,0,-0,0,0,0,0,0
2.34,0,0,0,0,0,0,0,0,-0,0,0,0,0,0
2.36,0,0,0,0,0,0,0,0,-0,0,0,0,0,0
2.38,0,0,0,0,0,0,0,0,-0,0,0,0,0,0
2.4,0,0,0,0,0,0,0,0,-0,0,0,0,0,0
2.42,0,0,0,0,0,0,0,0,-0,0,0,0,0,0
2.44,0,0,0,0,0,0,0,0,-0,0,0,0,0,0
2.46,0,0,0,0,0,0,0,0,-0,0,0,0,0,0
2.48,0,0,0,0,0,0,0,0,-0,0,0,0,0,0
2.5,0,0,0,0,0,0,0,0,-0,0,0,0,0,0
2.52,0,0,0,0,0,0,0,0,-0,0,0,0,0,0
2.54,0,0,0,0,0,0,0,0,-0,0,0,0,0,0
2.56,0,0,0,0,0,0,0,0,-0,0,0,0,0,0
2.58,0,0,0,0,0,0,0,0,-0,0,0,0,0,0
2.6,0,0,0,0,0,0,0,0,-0,0,0,0,0,0
2.62,0,0,0,0,0,0,0,0,-0,0,0,0,0,0
2.64,0,0,0,0,0,0,0,0,-0,0,0,0,0,0
2.66,0,0,0,0,0,0,0,0,-0,0,0,0,0,0
2.68,0,0,0,0,0,0,0,0,-0,0,0,0,0,0
2.7,0,0,0,0,0,0,0,0,-0,0,0,0,0,0
2.72,0,0,0,0,0,0,0,0,-0,0,0,0,0,0
2.74,0,0,0,0,0,0,0,0,-0,0,0,0,0,0
2.76,0,0,0,0,0,0,0,0,-0,0,0,0,0,0
2.78,0,0,0,0,0,0,0,0,-0,0,0,0,0,0
2.8,0,0,0,0,0,0,0,0,-0,0,0,0,0,0
2.82,0,0,0,0,0,0,0,0,-0,0,0,0,0,0
2.84,0,0,0,0,0,0,0,0,-0,0,0,0,0,0
2.86,0,0,0,0,0,0,0,0,-0,0,0,0,0,0
2.88,0,0,0,0,0,0,0,0,-0,0,0,0,0,0
2.9,0,0,0,0,0,0,0,0,-0,0,0,0,0,0
2.92,0,0,0,0,0,0,0,0,-0,0,0,0,0,0
2.94,0,0,0,0,0,0,0,0,-0,0,0,0,0,0
2.96,0,0,0,0,0,0,0,0,-0,0,0,0,0,0
2.98,0,0,0,0,0,0,0,0,-0,0,0,0,0,0
3,0,0,0,0,0,0,0,0,-0,0,0,0,0,0
3.02,0,0,0,0,0,0,0,0,-0,0,0,0,0,0
3.04,0,0,0,0,0,0,0,0,-0,0,0,0,0,0
3.06,0,0,0,0,0,0,0,0,-0,0,0,0,0,0
3.08,0,0,0,0,0,0,0,0,-0,0,0,0,0,0
3.1,0,0,0,0,0,0,0,0,-0,0,0,0,0,0
3.12,0,0,0,0,0,0,0,0,-0,0,0,0,0,0
3.14,0,0,0,0,0,0,0,0,-0,0,0,0,0,0
3.16,0,0,0,0,0,0,0,0,-0,0,0,0,0,0
3.18,0,0,0,0,0,0,0,0,-0,0,0,0,0,0
3.2,0,0,0,0,0,0,0,0,-0,0,0,0,0,0
3.22,0,0,0,0,0,0,0,0,-0,0,0,0,0,0
3.24,0,0,0,0,0,0,0,0,-0,0,0,0,0,0
3.26,0,0,0,0,0,0,0,0,-0,0,0,0,0,0
3.28,0,0,0,0,0,0,0,0,-0,0,0,0,0,0
3.3,0,0,0,0,0,0,0,0,-0,0,0,0,0,0
3.32,0,0,0,0,0,0,0,0,-0,0,0,0,0,0
3.34,0,0,0,0,0,0,0,0,-0,0,0,0,0,0
3.36,0,0,0,0,0,0,0,0,-0,0,0,0,0,0
3.38,0,0,0,0,0,0,0,0,-0,0,0,0,0,0
3.4,0,0,0,0,0,0,0,0,-0,0,0,0,0,0
3.42,0,0,0,0,0,0,0,0,-0,0,0,0,0,0
3.44,0,0,0,0,0,0,0,0,-0,0,0,0,0,0
3.46,0,0,0,0,0,0,0,0,-0,0,0,0,0,0
3.48,0,0,0,0,0,0,0,0,-0,0,0,0,0,0
3.5,0,0,0,0,0,0,0,0,-0,0,0,0,0,0
3.52,0,0,0,0,0,0,0,0,-0,0,0,0,0,0
3.54,0,0,0,0,0,0,0,0,-0,0,0,0,0,0
3.56,0,0,0,0,0,0,0,0,-0,0,0,0,0,0
3.58,0,0,0,0,0,0,0,0,-0,0,0,0,0,0
3.6,0,0,0,0,0,0,0,0,-0,0,0,0,0,0
3.62,0,0,0,0,0,0,0,0,-0,0,0,0,0,0
3.64,0,0,0,0,0,0,0,0,-0,0,0,0,0,0
3.66,0,0,0,0,0,0,0,0,-0,0,0,0,0,0
3.68,0,0,0,0,0,0,0,0,-0,0,0,0,0,0
3.7,0,0,0,0,0,0,0,0,-0,0,0,0,0,0
3.72,0,0,0,0,0,0,0,0,-0,0,0,0,0,0
3.74,0,0,0,0,0,0,0,0,-0,0,0,0,0,0
3.76,0,0,0,0,0,0,0,0,-0,0,0,0,0,0
3.78,0,0,0,0,0,0,0,0,-0,0,0,0,0,0
3.8,0,0,0,0,0,0,0,0,-0,0,0,0,0,0
3.82,0,0,0,0,0,0,0,0,-0,0,0,0,0,0
3.84,0,0,0,0,0,0,0,0,-0,0,0,0,0,0
3.86,0,0,0,0,0,0,0,0,-0,0,0,0,0,0
3.88,0,0,0,0,0,0,0,0,-0,0,0,0,0,0
3.9,0,0,0,0,0,0,0,0,-0,0,0,0,0,0
3.92,0,0,0,0,0,0,0,0,-0,0,0,0,0,0
3.94,0,0,0,0,0,0,0,0,-0,0,0,0,0,0
3.96,0,0,0,0,0,0,0,0,-0,0,0,0,0,0
3.98,0,0,0,0,0,0,0,0,-0,0,0,0,0,0
4,0,0,0,0,0,0,0,0,-0,0,0,0,0,0
4.02,0,0,0,0,0,0,0,0,-0,0,0,0,0,0
4.04,0,0,0,0,0,0,0,0,-0,0,0,0,0,0
4.06,0,0,0,0,0,0,0,0,-0,0,0,0,0,0
4.08,0,0,0,0,0,0,0,0,-0,0,0,0,0,0
4.1,0,0,0,0,0,0,0,0,-0,0,0,0,0,0
4.12,0,0,0,0,0,0,0,0,-0,0,0,0,0,0
4.14,0,0,0,0,0,0,0,0,-0,0,0,0,0,0
4.16,0,0,0,0,0,0,0,0,-0,0,0,0,0,0
4.18,0,0,0,0,0,0,0,0,-0,0,0,0,0,0
4.2,0,0,0,0,0,0,0,0,-0,0,0,0,0,0
4.22,0,0,0,0,0,0,0,0,-0,0,0,0,0,0
4.24,0,0,0,0,0,0,0,0,-0,0,0,0,0,0
4.26,0,0,0,0,0,0,0,0,-0,0,0,0,0,0
4.28,0,0,0,0,0,0,0,0,-0,0,0,0,0,0
4.3,0,0,0,0,0,0,0,0,-0,0,0,0,0,0
4.32,0,0,0,0,0,0,0,0,-0,0,0,0,0,0
4.34,0,0,0,0,0,0,0,0,-0,0,0,0,0,0
4.36,0,0,0,0,0,0,0,0,-0,0,0,0,0,0
4.38,0,0,0,0,0,0,0,0,-0,0,0,0,0,0
4.4,0,0,0,0,0,0,0,0,-0,0,0,0,0,0
4.42,0,0,0,0,0,0,0,0,-0,0,0,0,0,0
4.44,0,0,0,0,0,0,0,0,-0,0,0,0,0,0
4.46,0,0,0,0,0,0,0,0,-0,0,0,0,0,0
4.48,0,0,0,0,0,0,0,0,-0,0,0,0,0,0
4.5,0,0,0,0,0,0,0,0,-0,0,0,0,0,0
4.52,0,0,0,0,0,0,0,0,-0,0,0,0,0,0
4.54,0,0,0,0,0,0,0,0,-0,0,0,0,0,0
4.56,0,0,0,0,0,0,0,0,-0,0,0,0,0,0
4.58,0,0,0,0,0,0,0,0,-0,0,0,0,0,0
4.6,0,0,0,0,0,0,0,0,-0,0,0,0,0,0
4.62,0,0,0,0,0,0,0,0,-0,0,0,0,0,0
4.64,0,0,0,0,0,0,0,0,-0,0,0,0,0,0
4.66,0,0,0,0,0,0,0,0,-0,0,0,0,0,0
4.68,0,0,0,0,0,0,0,0,-0,0,0,0,0,0
4.7,0,0,0,0,0,0,0,0,-0,0,0,0,0,0
4.72,0,0,0,0,0,0,0,0,-0,0,0,0,0,0
4.74,0,0,0,0,0,0,0,0,-0,0,0,0,0,0
4.76,0,0,0,0,0,0,0,0,-0,0,0,0,0,0
4.78,0,0,0,0,0,0,0,0,-0,0,0,0,0,0
4.8,0,0,0,0,0,0,0,0,-0,0,0,0,0,0
4.82,0,0,0,0,0,0,0,0,-0,0,0,0,0,0
4.84,0,0,0,0,0,0,0,0,-0,0,0,0,0,0
4.86,0,0,0,0,0,0,0,0,-0,0,0,0,0,0
4.88,0,0,0,0,0,0,0,0,-0,0,0,0,0,0
4.9,0,0,0,0,0,0,0,0,-0,0,0,0,0,0
4.92,0,0,0,0,0,0,0,0,-0,0,0,0,0,0
4.94,0,0,0,0,0,0,0,0,-0,0,0,0,0,0
4.96,0,0,0,0,0,0,0,0,-0,0,0,0,0,0
4.98,0,0,0,0,0,0,0,0,-0,0,0,0,0,0
5,0,0,0,0,0,0,0,0,-0,0,0,0,0,0
5.02,0,0,0,0,0,0,0,0,-0,0,0,0,0,0
5.04,0,0,0,0,0,0,0,0,-0,0,0,0,0,0
5.06,0,0,0,0,0,0,0,0,-0,0,0,0,0,0
5.08,0,0,0,0,0,0,0,0,-0,0,0,0,0,0
5.1,0,0,0,0,0,0,0,0,-0,0,0,0,0,0
5.12,0,0,0,0,0,0,0,0,-0,0,0,0,0,0
5.14,0,0,0,0,0,0,0,0,-0,0,0,0,0,0
5.16,0,0,0,0,0,0,0,0,-0,0,0,0,0,0
5.18,0,0,0,0,0,0,0,0,-0,0,0,0,0,0
5.2,0,0,0,0,0,0,0,0,-0,0,0,0,0,0
5.22,0,0,0,0,0,0,0,0,-0,0,0,0,0,0
5.24,0,0,0,0,0,0,0,0,-0,0,0,0,0,0
5.26,0,0,0,0,0,0,0,0,-0,0,0,0,0,0
5.28,0,0,0,0,0,0,0,0,-0,0,0,0,0,0
5.3,0,0,0,0,0,0,0,0,-0,0,0,0,0,0
5.32,0,0,0,0,0,0,0,0,-0,0,0,0,0,0
5.34,0,0,0,0,0,0,0,0,-0,0,0,0,0,0
5.36,0,0,0,0,0,0,0,0,-0,0,0,0,0,0
5.38,0,0,0,0,0,0,0,0,-0,0,0,0,0,0
5.4,0,0,0,0,0,0,0,0,-0,0,0,0,0,0
5.42,0,0,0,0,0,0,0,0,-0,0,0,0,0,0
5.44,0,0,0,0,0,0,0,0,-0,0,0,0,0,0
5.46,0,0,0,0,0,0,0,0,-0,0,0,0,0,0
5.48,0,0,0,0,0,0,0,0,-0,0,0,0,0,0
5.5,0,0,0,0,0,0,0,0,-0,0,0,0,0,0
5.52,0,0,0,0,0,0,0,0,-0,0,0,0,0,0
5.54,0,0,0,0,0,0,0,0,-0,0,0,0,0,0
5.56,0,0,0,0,0,0,0,0,-0,0,0,0,0,0
5.58,0,0,0,0,0,0,0,0,-0,0,0,0,0,0
5.6,0,0,0,0,0,0,0,0,-0,0,0,0,0,0
5.62,0,0,0,0,0,0,0,0,-0,0,0,0,0,0
5.64,0,0,0,0,0,0,0,0,-0,0,0,0,0,0
5.66,0,0,0,0,0,0,0,0,-0,0,0,0,0,0
5.68,0,0,0,0,0,0,0,0,-0,0,0,0,0,0
5.7,0,0,0,0,0,0,0,0,-0,0,0,0,0,0
5.72,0,0,0,0,0,0,0,0,-0,0,0,0,0,0
5.74,0,0,0,0,0,0,0,0,-0,0,0,0,0,0
5.76,0,0,0,0,0,0,0,0,-0,0,0,0,0,0
5.78,0,0,0,0,0,0,0,0,-0,0,0,0,0,0
5.8,0,0,0,0,0,0,0,0,-0,0,0,0,0,0
5.82,0,0,0,0,0,0,0,0,-0,0,0,0,0,0
5.84,0,0,0,0,0,0,0,0,-0,0,0,0,0,0
5.86,0,0,0,0,0,0,0,0,-0,0,0,0,0,0
5.88,0,0,0,0,0,0,0,0,-0,0,0,0,0,0
5.9,0,0,0,0,0,0,0,0,-0,0,0,0,0,0
5.92,0,0,0,0,0,0,0,0,-0,0,0,0,0,0
5.94,0,0,0,0,0,0,0,0,-0,0,0,0,0,0
5.96,0,0,0,0,0,0,0,0,-0,0,0,0,0,0
5.98,0,0,0,0,0,0,0,0,-0,0,0,0,0,0
6,0,0,0,0,0,0,0,0,-0,0,0,0,0,0
6.02,0,0,0,0,0,0,0,0,-0,0,0,0,0,0
6.04,0,0,0,0,0,0,0,0,-0,0,0,0,0,0
6.06,0,0,0,0,0,0,0,0,-0,0,0,0,0,0
6.08,0,0,0,0,0,0,0,0,-0,0,0,0,0,0
6.1,0,0,0,0,0,0,0,0,-0,0,0,0,0,0
6.12,0,0,0,0,0,0,0,0,-0,0,0,0,0,0
6.14,0,0,0,0,0,0,0,0,-0,0,0,0,0,0
6.16,0,0,0,0,0,0,0,0,-0,0,0,0,0,0
6.18,0,0,0,0,0,0,0,0,-0,0,0,0,0,0
6.2,0,0,0,0,0,0,0,0,-0,0,0,0,0,0
6.22,0,0,0,0,0,0,0,0,-0,0,0,0,0,0
6.24,0,0,0,0,0,0,0,0,-0,0,0,0,0,0
6.26,0,0,0,0,0,0,0,0,-0,0,0,0,0,0
6.28,0,0,0,0,0,0,0,0,-0,0,0,0,0,0
6.3,0,0,0,0,0,0,0,0,-0,0,0,0,0,0
6.32,0,0,0,0,0,0,0,0,-0,0,0,0,0,0
6.34,0,0,0,0,0,0,0,0,-0,0,0,0,0,0
6.36,0,0,0,0,0,0,0,0,-0,0,0,0,0,0
6.38,0,0,0,0,0,0,0,0,-0,0,0,0,0,0
6.4,0,0,0,0,0,0,0,0,-0,0,0,0,0,0
6.42,0,0,0,0,0,0,0,0,-0,0,0,0,0,0
6.44,0,0,0,0,0,0,0,0,-0,0,0,0,0,0
6.46,0,0,0,0,0,0,0,0,-0,0,0,0,0,0
6.48,0,0,0,0,0,0,0,0,-0,0,0,0,0,0
6.5,0,0,0,0,0,0,0,0,-0,0,0,0,0,0
6.52,0,0,0,0,0,0,0,0,-0,0,0,0,0,0
6.54,0,0,0,0,0,0,0,0,-0,0,0,0,0,0
6.56,0,0,0,0,0,0,0,0,-0,0,0,0,0,0
6.58,0,0,0,0,0,0,0,0,-0,0,0,0,0,0
6.6,0,0,0,0,0,0,0,0,-0,0,0,0,0,0
6.62,0,0,0,0,0,0,0,0,-0,0,0,0,0,0
6.64,0,0,0,0,0,0,0,0,-0,0,0,0,0,0
6.66,0,0,0,0,0,0,0,0,-0,0,0,0,0,0
6.68,0,0,0,0,0,0,0,0,-0,0,0,0,0,0
6.7,0,0,0,0,0,0,0,0,-0,0,0,0,0,0
6.72,0,0,0,0,0,0,0,0,-0,0,0,0,0,0
6.74,0,0,0,0,0,0,0,0,-0,0,0,0,0,0
6.76,0,0,0,0,0,0,0,0,-0,0,0,0,0,0
6.78,0,0,0,0,0,0,0,0,-0,0,0,0,0,0
6.8,0,0,0,0,0,0,0,0,-0,0,0,0,0,0
6.82,0,0,0,0,0,0,0,0,-0,0,0,0,0,0
6.84,0,0,0,0,0,0,0,0,-0,0,0,0,0,0
6.86,0,0,0,0,0,0,0,0,-0,0,0,0,0,0
6.88,0,0,0,0,0,0,0,0,-0,0,0,0,0,0
6.9,0,0,0,0,0,0,0,0,-0,0,0,0,0,0
6.92,0,0,0,0,0,0,0,0,-0,0,0,0,0,0
6.94,0,0,0,0,0,0,0,0,-0,0,0,0,0,0
6.96,0,0,0,0,0,0,0,0,-0,0,0,0,0,0
6.98,0,0,0,0,0,0,0,0,-0,0,0,0,0,0
7,0,0,0,0,0,0,0,0,-0,0,0,0,0,0
7.02,0,0,0,0,0,0,0,0,-0,0,0,0,0,0
7.04,0,0,0,0,0,0,0,0,-0,0,0,0,0,0
7.06,0,0,0,0,0,0,0,0,-0,0,0,0,0,0
7.08,0,0,0,0,0,0,0,0,-0,0,0,0,0,0
7.1,0,0,0,0,0,0,0,0,-0,0,0,0,0,0
7.12,0,0,0,0,0,0,0,0,-0,0,0,0,0,0
7.14,0,0,0,0,0,0,0,0,-0,0,0,0,0,0
7.16,0,0,0,0,0,0,0,0,-0,0,0,0,0,0
7.18,0,0,0,0,0,0,0,0,-0,0,0,0,0,0
7.2,0,0,0,0,0,0,0,0,-0,0,0,0,0,0
7.22,0,0,0,0,0,0,0,0,-0,0,0,0,0,0
7.24,0,0,0,0,0,0,0,0,-0,0,0,0,0,0
7.26,0,0,0,0,0,0,0,0,-0,0,0,0,0,0
7.28,0,0,0,0,0,0,0,0,-0,0,0,0,0,0
7.3,0,0,0,0,0,0,0,0,-0,0,0,0,0,0
7.32,0,0,0,0,0,0,0,0,-0,0,0,0,0,0
7.34,0,0,0,0,0,0,0,0,-0,0,0,0,0,0
7.36,0,0,0,0,0,0,0,0,-0,0,0,0,0,0
7.38,0,0,0,0,0,0,0,0,-0,0,0,0,0,0
7.4,0,0,0,0,0,0,0,0,-0,0,0,0,0,0
7.42,0,0,0,0,0,0,0,0,-0,0,0,0,0,0
7.44,0,0,0,0,0,0,0,0,-0,0,0,0,0,0
7.46,0,0,0,0,0,0,0,0,-0,0,0,0,0,0
7.48,0,0,0,0,0,0,0,0,-0,0,0,0,0,0
7.5,0,0,0,0,0,0,0,0,-0,0,0,0,0,0
7.52,0,0,0,0,0,0,0,0,-0,0,0,0,0,0
7.54,0,0,0,0,0,0,0,0,-0,0,0,0,0,0
7.56,0,0,0,0,0,0,0,0,-0,0,0,0,0,0
7.58,0,0,0,0,0,0,0,0,-0,0,0,0,0,0
7.6,0,0,0,0,0,0,0,0,-0,0,0,0,0,0
7.62,0,0,0,0,0,0,0,0,-0,0,0,0,0,0
7.64,0,0,0,0,0,0,0,0,-0,0,0,0,0,0
7.66,0,0,0,0,0,0,0,0,-0,0,0,0,0,0
7.68,0,0,0,0,0,0,0,0,-0,0,0,0,0,0
7.7,0,0,0,0,0,0,0,0,-0,0,0,0,0,0
7.72,0,0,0,0,0,0,0,0,-0,0,0,0,0,0
7.74,0,0,0,0,0,0,0,0,-0,0,0,0,0,0
7.76,0,0,0,0,0,0,0,0,-0,0,0,0,0,0
7.78,0,0,0,0,0,0,0,0,-0,0,0,0,0,0
7.8,0,0,0,0,0,0,0,0,-0,0,0,0,0,0
7.82,0,0,0,0,0,0,0,0,-0,0,0,0,0,0
7.84,0,0,0,0,0,0,0,0,-0,0,0,0,0,0
7.86,0,0,0,0,0,0,0,0,-0,0,0,0,0,0
7.88,0,0,0,0,0,0,0,0,-0,0,0,0,0,0
7.9,0,0,0,0,0,0,0,0,-0,0,0,0,0,0
7.92,0,0,0,0,0,0,0,0,-0,0,0,0,0,0
7.94,0,0,0,0,0,0,0,0,-0,0,0,0,0,0
7.96,0,0,0,0,0,0,0,0,-0,0,0,0,0,0
7.98,0,0,0,0,0,0,0,0,-0,0,0,0,0,0
8,0,0,0,0,0,0,0,0,-0,0,0,0,0,0
8.02,0,0,0,0,0,0,0,0,-0,0,0,0,0,0
8.04,0,0,0,0,0,0,0,0,-0,0,0,0,0,0
8.06,0,0,0,0,0,0,0,0,-0,0,0,0,0,0
8.08,0,0,0,0,0,0,0,0,-0,0,0,0,0,0
8.1,0,0,0,0,0,0,0,0,-0,0,0,0,0,0
8.12,0,0,0,0,0,0,0,0,-0,0,0,0,0,0
8.14,0,0,0,0,0,0,0,0,-0,0,0,0,0,0
8.16,0,0,0,0,0,0,0,0,-0,0,0,0,0,0
8.18,0,0,0,0,0,0,0,0,-0,0,0,0,0,0
8.2,0,0,0,0,0,0,0,0,-0,0,0,0,0,0
8.22,0,0,0,0,0,0,0,0,-0,0,0,0,0,0
8.24,0,0,0,0,0,0,0,0,-0,0,0,0,0,0
8.26,0,0,0,0,0,0,0,0,-0,0,0,0,0,0
8.28,0,0,0,0,0,0,0,0,-0,0,0,0,0,0
8.3,0,0,0,0,0,0,0,0,-0,0,0,0,0,0
8.32,0,0,0,0,0,0,0,0,-0,0,0,0,0,0
8.34,0,0,0,0,0,0,0,0,-0,0,0,0,0,0
8.36,0,0,0,0,0,0,0,0,-0,0,0,0,0,0
8.38,0,0,0,0,0,0,0,0,-0,0,0,0,0,0
8.4,0,0,0,0,0,0,0,0,-0,0,0,0,0,0
8.42,0,0,0,0,0,0,0,0,-0,0,0,0,0,0
8.44,0,0,0,0,0,0,0,0,-0,0,0,0,0,0
8.46,0,0,0,0,0,0,0,0,-0,0,0,0,0,0
8.48,0,0,0,0,0,0,0,0,-0,0,0,0,0,0
8.5,0,0,0,0,0,0,0,0,-0,0,0,0,0,0
8.52,0,0,0,0,0,0,0,0,-0,0,0,0,0,0
8.54,0,0,0,0,0,0,0,0,-0,0,0,0,0,0
8.56,0,0,0,0,0,0,0,0,-0,0,0,0,0,0
8.58,0,0,0,0,0,0,0,0,-0,0,0,0,0,0
8.6,0,0,0,0,0,0,0,0,-0,0,0,0,0,0
8.62,0,0,0,0,0,0,0,0,-0,0,0,0,0,0
8.64,0,0,0,0,0,0,0,0,-0,0,0,0,0,0
8.66,0,0,0,0,0,0,0,0,-0,0,0,0,0,0
8.68,0,0,0,0,0,0,0,0,-0,0,0,0,0,0
8.7,0,0,0,0,0,0,0,0,-0,0,0,0,0,0
8.72,0,0,0,0,0,0,0,0,-0,0,0,0,0,0
8.74,0,0,0,0,0,0,0,0,-0,0,0,0,0,0
8.76,0,0,0,0,0,0,0,0,-0,0,0,0,0,0
8.78,0,0,0,0,0,0,0,0,-0,0,0,0,0,0
8.8,0,0,0,0,0,0,0,0,-0,0,0,0,0,0
8.82,0,0,0,0,0,0,0,0,-0,0,0,0,0,0
8.84,0,0,0,0,0,0,0,0,-0,0,0,0,0,0
8.86,0,0,0,0,0,0,0,0,-0,0,0,0,0,0
8.88,0,0,0,0,0,0,0,0,-0,0,0,0,0,0
8.9,0,0,0,0,0,0,0,0,-0,0,0,0,0,0
8.92,0,0,0,0,0,0,0,0,-0,0,0,0,0,0
8.94,0,0,0,0,0,0,0,0,-0,0,0,0,0,0
8.96,0,0,0,0,0,0,0,0,-0,0,0,0,0,0
8.98,0,0,0,0,0,0,0,0,-0,0,0,0,0,0
9,0,0,0,0,0,0,0,0,-0,0,0,0,0,0
9.02,0,0,0,0,0,0,0,0,-0,0,0,0,0,0
9.04,0,0,0,0,0,0,0,0,-0,0,0,0,0,0
9.06,0,0,0,0,0,0,0,0,-0,0,0,0,0,0
9.08,0,0,0,0,0,0,0,0,-0,0,0,0,0,0
9.1,0,0,0,0,0,0,0,0,-0,0,0,0,0,0
9.12,0,0,0,0,0,0,0,0,-0,0,0,0,0,0
9.14,0,0,0,0,0,0,0,0,-0,0,0,0,0,0
9.16,0,0,0,0,0,0,0,0,-0,0,0,0,0,0
9.18,0,0,0,0,0,0,0,0,-0,0,0,0,0,0
9.2,0,0,0,0,0,0,0,0,-0,0,0,0,0,0
9.22,0,0,0,0,0,0,0,0,-0,0,0,0,0,0
9.24,0,0,0,0,0,0,0,0,-0,0,0,0,0,0
9.26,0,0,0,0,0,0,0,0,-0,0,0,0,0,0
9.28,0,0,0,0,0,0,0,0,-0,0,0,0,0,0
9.3,0,0,0,0,0,0,0,0,-0,0,0,0,0,0
9.32,0,0,0,0,0,0,0,0,-0,0,0,0,0,0
9.34,0,0,0,0,0,0,0,0,-0,0,0,0,0,0
9.36,0,0,0,0,0,0,0,0,-0,0,0,0,0,0
9.38,0,0,0,0,0,0,0,0,-0,0,0,0,0,0
9.4,0,0,0,0,0,0,0,0,-0,0,0,0,0,0
9.42,0,0,0,0,0,0,0,0,-0,0,0,0,0,0
9.44,0,0,0,0,0,0,0,0,-0,0,0,0,0,0
9.46,0,0,0,0,0,0,0,0,-0,0,0,0,0,0
9.48,0,0,0,0,0,0,0,0,-0,0,0,0,0,0
9.5,0,0,0,0,0,0,0,0,-0,0,0,0,0,0
9.52,0,0,0,0,0,0,0,0,-0,0,0,0,0,0
9.54,0,0,0,0,0,0,0,0,-0,0,0,0,0,0
9.56,0,0,0,0,0,0,0,0,-0,0,0,0,0,0
9.58,0,0,0,0,0,0,0,0,-0,0,0,0,0,0
9.6,0,0,0,0,0,0,0,0,-0,0,0,0,0,0
9.62,0,0,0,0,0,0,0,0,-0,0,0,0,0,0
9.64,0,0,0,0,0,0,0,0,-0,0,0,0,0,0
9.66,0,0,0,0,0,0,0,0,-0,0,0,0,0,0
9.68,0,0,0,0,0,0,0,0,-0,0,0,0,0,0
9.7,0,0,0,0,0,0,0,0,-0,0,0,0,0,0
9.72,0,0,0,0,0,0,0,0,-0,0,0,0,0,0
9.74,0,0,0,0,0,0,0,0,-0,0,0,0,0,0
9.76,0,0,0,0,0,0,0,0,-0,0,0,0,0,0
9.78,0,0,0,0,0,0,0,0,-0,0,0,0,0,0
9.8,0,0,0,0,0,0,0,0,-0,0,0,0,0,0
9.82,0,0,0,0,0,0,0,0,-0,0,0,0,0,0
9.84,0,0,0,0,0,0,0,0,-0,0,0,0,0,0
9.86,0,0,0,0,0,0,0,0,-0,0,0,0,0,0
9.88,0,0,0,0,0,0,0,0,-0,0,0,0,0,0
9.9,0,0,0,0,0,0,0,0,-0,0,0,0,0,0
9.92,0,0,0,0,0,0,0,0,-0,0,0,0,0,0
9.94,0,0,0,0,0,0,0,0,-0,0,0,0,0,0
9.96,0,0,0,0,0,0,0,0,-0,0,0,0,0,0
9.98,0,0,0,0,0,0,0,0,-0,0,0,0,0,0
10,0,0,0,0,0,0,0,0,-0,0,0,0,0,0
10.02,0,0,0,0,0,0,0,0,-0,0,0,0,0,0
10.04,0,0,0,0,0,0,0,0,-0,0,0,0,0,0
10.06,0,0,0,0,0,0,0,0,-0,0,0,0,0,0
10.08,0,0,0,0,0,0,0,0,-0,0,0,0,0,0
10.1,0,0,0,0,0,0,0,0,-0,0,0,0,0,0
10.12,0,0,0,0,0,0,0,0,-0,0,0,0,0,0
10.14,0,0,0,0,0,0,0,0,-0,0,0,0,0,0
10.16,0,0,0,0,0,0,0,0,-0,0,0,0,0,0
10.18,0,0,0,0,0,0,0,0,-0,0,0,0,0,0
10.2,0,0,0,0,0,0,0,0,-0,0,0,0,0,0
10.22,0,0,0,0,0,0,0,0,-0,0,0,0,0,0
10.24,0,0,0,0,0,0,0,0,-0,0,0,0,0,0
10.26,0,0,0,0,0,0,0,0,-0,0,0,0,0,0
10.28,0,0,0,0,0,0,0,0,-0,0,0,0,0,0
10.3,0,0,0,0,0,0,0,0,-0,0,0,0,0,0
10.32,0,0,0,0,0,0,0,0,-0,0,0,0,0,0
10.34,0,0,0,0,0,0,0,0,-0,0,0,0,0,0
10.36,0,0,0,0,0,0,0,0,-0,0,0,0,0,0
10.38,0,0,0,0,0,0,0,0,-0,0,0,0,0,0
10.4,0,0,0,0,0,0,0,0,-0,0,0,0,0,0
10.42,0,0,0,0,0,0,0,0,-0,0,0,0,0,0
10.44,0,0,0,0,0,0,0,0,-0,0,0,0,0,0
10.46,0,0,0,0,0,0,0,0,-0,0,0,0,0,0
10.48,0,0,0,0,0,0,0,0,-0,0,0,0,0,0
10.5,0,0,0,0,0,0,0,0,-0,0,0,0,0,0
10.52,0,0,0,0,0,0,0,0,-0,0,0,0,0,0
10.54,0,0,0,0,0,0,0,0,-0,0,0,0,0,0
10.56,0,0,0,0,0,0,0,0,-0,0,0,0,0,0
10.58,0,0,0,0,0,0,0,0,-0,0,0,0,0,0
10.6,0,0,0,0,0,0,0,0,-0,0,0,0,0,0
10.62,0,0,0,0,0,0,0,0,-0,0,0,0,0,0
10.64,0,0,0,0,0,0,0,0,-0,0,0,0,0,0
10.66,0,0,0,0,0,0,0,0,-0,0,0,0,0,0
10.68,0,0,0,0,0,0,0,0,-0,0,0,0,0,0
10.7,0,0,0,0,0,0,0,0,-0,0,0,0,0,0
10.72,0,0,0,0,0,0,0,0,-0,0,0,0,0,0
10.74,0,0,0,0,0,0,0,0,-0,0,0,0,0,0
10.76,0,0,0,0,0,0,0,0,-0,0,0,0,0,0
10.78,0,0,0,0,0,0,0,0,-0,0,0,0,0,0
10.8,0,0,0,0,0,0,0,0,-0,0,0,0,0,0
10.82,0,0,0,0,0,0,0,0,-0,0,0,0,0,0
10.84,0,0,0,0,0,0,0,0,-0,0,0,0,0,0
10.86,0,0,0,0,0,0,0,0,-0,0,0,0,0,0
10.88,0,0,0,0,0,0,0,0,-0,0,0,0,0,0
10.9,0,0,0,0,0,0,0,0,-0,0,0,0,0,0
10.92,0,0,0,0,0,0,0,0,-0,0,0,0,0,0
10.94,0,0,0,0,0,0,0,0,-0,0,0,0,0,0
10.96,0,0,0,0,0,0,0,0,-0,0,0,0,0,0
10.98,0,0,0,0,0,0,0,0,-0,0,0,0,0,0
11,0,0,0,0,0,0,0,0,-0,0,0,0,0,0
11.02,0,0,0,0,0,0,0,0,-0,0,0,0,0,0
11.04,0,0,0,0,0,0,0,0,-0,0,0,0,0,0
11.06,0,0,0,0,0,0,0,0,-0,0,0,0,0,0
11.08,0,0,0,0,0,0,0,0,-0,0,0,0,0,0
11.1,0,0,0,0,0,0,0,0,-0,0,0,0,0,0
11.12,0,0,0,0,0,0,0,0,-0,0,0,0,0,0
11.14,0,0,0,0,0,0,0,0,-0,0,0,0,0,0
11.16,0,0,0,0,0,0,0,0,-0,0,0,0,0,0
11.18,0,0,0,0,0,0,0,0,-0,0,0,0,0,0
11.2,0,0,0,0,0,0,0,0,-0,0,0,0,0,0
11.22,0,0,0,0,0,0,0,0,-0,0,0,0,0,0
11.24,0,0,0,0,0,0,0,0,-0,0,0,0,0,0
11.26,0,0,0,0,0,0,0,0,-0,0,0,0,0,0
11.28,0,0,0,0,0,0,0,0,-0,0,0,0,0,0
11.3,0,0,0,0,0,0,0,0,-0,0,0,0,0,0
11.32,0,0,0,0,0,0,0,0,-0,0,0,0,0,0
11.34,0,0,0,0,0,0,0,0,-0,0,0,0,0,0
11.36,0,0,0,0,0,0,0,0,-0,0,0,0,0,0
11.38,0,0,0,0,0,0,0,0,-0,0,0,0,0,0
11.4,0,0,0,0,0,0,0,0,-0,0,0,0,0,0
11.42,0,0,0,0,0,0,0,0,-0,0,0,0,0,0
11.44,0,0,0,0,0,0,0,0,-0,0,0,0,0,0
11.46,0,0,0,0,0,0,0,0,-0,0,0,0,0,0
11.48,0,0,0,0,0,0,0,0,-0,0,0,0,0,0
11.5,0,0,0,0,0,0,0,0,-0,0,0,0,0,0
11.52,0,0,0,0,0,0,0,0,-0,0,0,0,0,0
11.54,0,0,0,0,0,0,0,0,-0,0,0,0,0,0
11.56,0,0,0,0,0,0,0,0,-0,0,0,0,0,0
11.58,0,0,0,0,0,0,0,0,-0,0,0,0,0,0
11.6,0,0,0,0,0,0,0,0,-0,0,0,0,0,0
11.62,0,0,0,0,0,0,0,0,-0,0,0,0,0,0
11.64,0,0,0,0,0,0,0,0,-0,0,0,0,0,0
11.66,0,0,0,0,0,0,0,0,-0,0,0,0,0,0
11.68,0,0,0,0,0,0,0,0,-0,0,0,0,0,0
11.7,0,0,0,0,0,0,0,0,-0,0,0,0,0,0
11.72,0,0,0,0,0,0,0,0,-0,0,0,0,0,0
11.74,0,0,0,0,0,0,0,0,-0,0,0,0,0,0
11.76,0,0,0,0,0,0,0,0,-0,0,0,0,0,0
11.78,0,0,0,0,0,0,0,0,-0,0,0,0,0,0
11.8,0,0,0,0,0,0,0,0,-0,0,0,0,0,0
11.82,0,0,0,0,0,0,0,0,-0,0,0,0,0,0
11.84,0,0,0,0,0,0,0,0,-0,0,0,0,0,0
11.86,0,0,0,0,0,0,0,0,-0,0,0,0,0,0
11.88,0,0,0,0,0,0,0,0,-0,0,0,0,0,0
11.9,0,0,0,0,0,0,0,0,-0,0,0,0,0,0
11.92,0,0,0,0,0,0,0,0,-0,0,0,0,0,0
11.94,0,0,0,0,0,0,0,0,-0,0,0,0,0,0
11.96,0,0,0,0,0,0,0,0,-0,0,0,0,0,0
11.98,0,0,0,0,0,0,0,0,-0,0,0,0,0,0
12,0,0,0,0,0,0,0,0,-0,0,0,0,0,0
12.02,0,0,0,0,0,0,0,0,-0,0,0,0,0,0
12.04,0,0,0,0,0,0,0,0,-0,0,0,0,0,0
12.06,0,0,0,0,0,0,0,0,-0,0,0,0,0,0
12.08,0,0,0,0,0,0,0,0,-0,0,0,0,0,0
12.1,0,0,0,0,0,0,0,0,-0,0,0,0,0,0
12.12,0,0,0,0,0,0,0,0,-0,0,0,0,0,0
12.14,0,0,0,0,0,0,0,0,-0,0,0,0,0,0
12.16,0,0,0,0,0,0,0,0,-0,0,0,0,0,0
12.18,0,0,0,0,0,0,0,0,-0,0,0,0,0,0
12.2,0,0,0,0,0,0,0,0,-0,0,0,0,0,0
12.22,0,0,0,0,0,0,0,0,-0,0,0,0,0,0
12.24,0,0,0,0,0,0,0,0,-0,0,0,0,0,0
12.26,0,0,0,0,0,0,0,0,-0,0,0,0,0,0
12.28,0,0,0,0,0,0,0,0,-0,0,0,0,0,0
12.3,0,0,0,0,0,0,0,0,-0,0,0,0,0,0
12.32,0,0,0,0,0,0,0,0,-0,0,0,0,0,0
12.34,0,0,0,0,0,0,0,0,-0,0,0,0,0,0
12.36,0,0,0,0,0,0,0,0,-0,0,0,0,0,0
12.38,0,0,0,0,0,0,0,0,-0,0,0,0,0,0
12.4,0,0,0,0,0,0,0,0,-0,0,0,0,0,0
12.42,0,0,0,0,0,0,0,0,-0,0,0,0,0,0
12.44,0,0,0,0,0,0,0,0,-0,0,0,0,0,0
12.46,0,0,0,0,0,0,0,0,-0,0,0,0,0,0
12.48,0,0,0,0,0,0,0,0,-0,0,0,0,0,0
12.5,0,0,0,0,0,0,0,0,-0,0,0,0,0,0
12.52,0,0,0,0,0,0,0,0,-0,0,0,0,0,0
12.54,0,0,0,0,0,0,0,0,-0,0,0,0,0,0
12.56,0,0,0,0,0,0,0,0,-0,0,0,0,0,0
12.58,0,0,0,0,0,0,0,0,-0,0,0,0,0,0
12.6,0,0,0,0,0,0,0,0,-0,0,0,0,0,0
12.62,0,0,0,0,0,0,0,0,-0,0,0,0,0,0
12.64,0,0,0,0,0,0,0,0,-0,0,0,0,0,0
12.66,0,0,0,0,0,0,0,0,-0,0,0,0,0,0
12.68,0,0,0,0,0,0,0,0,-0,0,0,0,0,0
12.7,0,0,0,0,0,0,0,0,-0,0,0,0,0,0
12.72,0,0,0,0,0,0,0,0,-0,0,0,0,0,0
12.74,0,0,0,0,0,0,0,0,-0,0,0,0,0,0
12.76,0,0,0,0,0,0,0,0,-0,0,0,0,0,0
12.78,0,0,0,0,0,0,0,0,-0,0,0,0,0,0
12.8,0,0,0,0,0,0,0,0,-0,0,0,0,0,0
12.82,0,0,0,0,0,0,0,0,-0,0,0,0,0,0
12.84,0,0,0,0,0,0,0,0,-0,0,0,0,0,0
12.86,0,0,0,0,0,0,0,0,-0,0,0,0,0,0
12.88,0,0,0,0,0,0,0,0,-0,0,0,0,0,0
12.9,0,0,0,0,0,0,0,0,-0,0,0,0,0,0
12.92,0,0,0,0,0,0,0,0,-0,0,0,0,0,0
12.94,0,0,0,0,0,0,0,0,-0,0,0,0,0,0
12.96,0,0,0,0,0,0,0,0,-0,0,0,0,0,0
12.98,0,0,0,0,0,0,0,0,-0,0,0,0,0,0
13,0,0,0,0,0,0,0,0,-0,0,0,0,0,0
13.02,0,0,0,0,0,0,0,0,-0,0,0,0,0,0
13.04,0,0,0,0,0,0,0,0,-0,0,0,0,0,0
13.06,0,0,0,0,0,0,0,0,-0,0,0,0,0,0
13.08,0,0,0,0,0,0,0,0,-0,0,0,0,0,0
13.1,0,0,0,0,0,0,0,0,-0,0,0,0,0,0
13.12,0,0,0,0,0,0,0,0,-0,0,0,0,0,0
13.14,0,0,0,0,0,0,0,0,-0,0,0,0,0,0
13.16,0,0,0,0,0,0,0,0,-0,0,0,0,0,0
13.18,0,0,0,0,0,0,0,0,-0,0,0,0,0,0
13.2,0,0,0,0,0,0,0,0,-0,0,0,0,0,0
13.22,0,0,0,0,0,0,0,0,-0,0,0,0,0,0
13.24,0,0,0,0,0,0,0,0,-0,0,0,0,0,0
13.26,0,0,0,0,0,0,0,0,-0,0,0,0,0,0
13.28,0,0,0,0,0,0,0,0,-0,0,0,0,0,0
13.3,0,0,0,0,0,0,0,0,-0,0,0,0,0,0
13.32,0,0,0,0,0,0,0,0,-0,0,0,0,0,0
13.34,0,0,0,0,0,0,0,0,-0,0,0,0,0,0
13.36,0,0,0,0,0,0,0,0,-0,0,0,0,0,0
13.38,0,0,0,0,0,0,0,0,-0,0,0,0,0,0
13.4,0,0,0,0,0,0,0,0,-0,0,0,0,0,0
13.42,0,0,0,0,0,0,0,0,-0,0,0,0,0,0
13.44,0,0,0,0,0,0,0,0,-0,0,0,0,0,0
13.46,0,0,0,0,0,0,0,0,-0,0,0,0,0,0
13.48,0,0,0,0,0,0,0,0,-0,0,0,0,0,0
13.5,0,0,0,0,0,0,0,0,-0,0,0,0,0,0
13.52,0,0,0,0,0,0,0,0,-0,0,0,0,0,0
13.54,0,0,0,0,0,0,0,0,-0,0,0,0,0,0
13.56,0,0,0,0,0,0,0,0,-0,0,0,0,0,0
13.58,0,0,0,0,0,0,0,0,-0,0,0,0,0,0
13.6,0,0,0,0,0,0,0,0,-0,0,0,0,0,0
13.62,0,0,0,0,0,0,0,0,-0,0,0,0,0,0
13.64,0,0,0,0,0,0,0,0,-0,0,0,0,0,0
13.66,0,0,0,0,0,0,0,0,-0,0,0,0,0,0
13.68,0,0,0,0,0,0,0,0,-0,0,0,0,0,0
13.7,0,0,0,0,0,0,0,0,-0,0,0,0,0,0
13.72,0,0,0,0,0,0,0,0,-0,0,0,0,0,0
13.74,0,0,0,0,0,0,0,0,-0,0,0,0,0,0
13.76,0,0,0,0,0,0,0,0,-0,0,0,0,0,0
13.78,0,0,0,0,0,0,0,0,-0,0,0,0,0,0
13.8,0,0,0,0,0,0,0,0,-0,0,0,0,0,0
13.82,0,0,0,0,0,0,0,0,-0,0,0,0,0,0
13.84,0,0,0,0,0,0,0,0,-0,0,0,0,0,0
13.86,0,0,0,0,0,0,0,0,-0,0,0,0,0,0
13.88,0,0,0,0,0,0,0,0,-0,0,0,0,0,0
13.9,0,0,0,0,0,0,0,0,-0,0,0,0,0,0
13.92,0,0,0,0,0,0,0,0,-0,0,0,0,0,0
13.94,0,0,0,0,0,0,0,0,-0,0,0,0,0,0
13.96,0,0,0,0,0,0,0,0,-0,0,0,0,0,0
13.98,0,0,0,0,0,0,0,0,-0,0,0,0,0,0
14,0,0,0,0,0,0,0,0,-0.8,0,0,0,0,0
14.02,0,0,-0.0001594556912362,-0.0159141833447458,1.75422308240275e-05,0.00328417822454853,0.187053944556158,2.9217639857754,-0.8,-0.023643573,0,1.06442666666667e-06,0,0
14.04,0,0,-0.000635035775424561,-0.0316034511628223,0.000236523170428545,0.021527773370677,0.546686629927008,5.71098599456326,-0.8,-0.0465883728197421,0,-0.002362477066258,1,0
14.06,0,0,-0.00142201059336563,-0.0470551248986987,0.000987996363244775,0.0561836198640284,0.873724954231614,8.30733483804767,-0.8,-0.0688550513275986,0,-0.00956514956207264,1,0
14.08,0,0,-0.00251571160353703,-0.062277295153544,0.00257965988963355,0.105222254401956,1.1682180524341,10.7214511038458,-0.8,-0.0904636500369951,0,-0.0213118226968008,1,0
14.1,0,0,-0.00391161735825244,-0.0772765943283985,0.00528023789859267,0.166776669473127,1.43270281883252,12.9641494413282,-0.8,-0.111433618145125,0,-0.0372884471034715,1,0
14.12,0,0,-0.0056053257861292,-0.0920583524067667,0.00932264779349108,0.239131461848509,1.66954832565747,15.0456513774779,-0.8,-0.131783830038539,0,-0.0571985101753867,1,0
14.14,0,0,-0.00759252958886193,-0.10662673952871,0.0149069302718603,0.320712731220795,1.88096582849235,16.9756161751045,-0.8,-0.15153260228137,0,-0.080762117135143,1,0
14.16,0,0,-0.00986899437581636,-0.120984897326689,0.0222029834140398,0.410078580737333,2.06901821568845,18.7631701466677,-0.8,-0.17069771010147,0,-0.107715118469888,1,0
14.18,0,0,-0.0124305393191965,-0.13513505976737,0.0313531125219371,0.505910186066247,2.23562893115245,20.4169344986981,-0.8,-0.189296403389324,0,-0.137808281460958,1,0
14.2,0,0,-0.0152730201269754,-0.149078664199269,0.0424744067596818,0.607003401392748,2.38259039838983,21.9450517782508,-0.8,-0.207345422224108,0,-0.170806503644648,1,0
14.22,0,0,-0.018392314144353,-0.16281645326424,0.0556609530327214,0.712260872410829,2.51157197226634,23.3552109894392,-0.8,-0.224861011940894,0,-0.206488066144385,1,0
14.24,0,0,-0.0217843074072688,-0.176348568291276,0.0709858969591798,0.820684627958992,2.62412744359971,24.6546714448665,-0.8,-0.241858937752546,0,-0.244643924913255,1,0
14.26,0,0,-0.0254448834834844,-0.189674634753731,0.0885033602354357,0.931369123451506,2.72170212040989,25.8502854136924,-0.8,-0.258354498939477,0,-0.285077038019878,1,0
14.28,0,0,-0.029369913948023,-0.202793840335866,0.108250223175292,1.04349471068298,2.80563950843609,26.9485196251354,-0.8,-0.274362542620035,0,-0.32760172720026,1,0
14.3,0,0,-0.0335552503503305,-0.215705006121315,0.130247780707318,1.15632150993754,2.87718761236981,27.9554756834108,-0.8,-0.289897477113907,0,-0.372043071983681,1,0
14.32,0,0,-0.0379967175404607,-0.228406651384717,0.154503279646526,1.26918366161814,2.93750487815081,28.8769094474368,-0.8,-0.304973284910584,0,-0.418236334782082,1,0
14.34,0,0,-0.0426901082309112,-0.240897052438114,0.181011344613152,1.38148393583005,2.98766579562645,29.7182494260925,-0.8,-0.319603535254542,0,-0.466026415409986,1,0
14.36,0,0,-0.0476311786794885,-0.253174295955784,0.209755299551637,1.49268867950867,3.0286661798798,30.4846142373893,-0.8,-0.333801396358481,0,-0.515267333575931,1,0
14.38,0,0,-0.0528156453867849,-0.265236327174856,0.240708391405793,1.60232308177817,3.0614281485869,31.1808291776032,-0.8,-0.347579647255601,0,-0.565821737956812,1,0
14.4,0,0,-0.0582391827095507,-0.277080993344171,0.273834922130347,1.709966739268,3.08680481186557,31.8114419442082,-0.8,-0.360950689301599,0,-0.617560440533649,1,0
14.42,0,0,-0.0638974212984522,-0.288706082770473,0.309091294863548,1.81524950410047,3.1055846902253,32.3807375543541,-0.8,-0.37392655733672,0,-0.670361974931247,1,0
14.44,0,0,-0.0697859472754702,-0.300109359788903,0.346426979749236,1.91784759819843,3.11849587541745,32.8927524986267,-0.8,-0.386518930517934,0,-0.724112177565139,1,0
14.46,0,0,-0.0759003020725187,-0.311288595964011,0.385785404578689,2.01747997844916,3.12620994821524,33.3512881679178,-0.8,-0.398739142830955,0,-0.778703790457211,1,0
14.48,0,0,-0.082235982858794,-0.322241597807865,0.427104775121786,2.11390493810167,3.12934566642242,33.7599235894176,-0.8,-0.410598193291604,0,-0.834036084636741,1,0
14.5,0,0,-0.0887884434899044,-0.332966231283414,0.470318829732605,2.20691693057234,3.12847243571498,34.1220275060039,-0.8,-0.422106755845656,0,-0.890014503096208,1,0
14.52,0,0,-0.0955530959170251,-0.343460443343852,0.515357532545705,2.2963436025896,3.12411357526132,34.4407698316516,-0.8,-0.433275188976119,0,-0.946550322321422,1,0
14.54,0,0,-0.102525311999165,-0.353722280742402,0.562147709325181,2.38204302432496,3.11674938944035,34.7191325139139,-0.8,-0.444113545026562,0,-1.00356033146328,1,0
14.56,0,0,-0.109700425666172,-0.363749906331512,0.610613629788383,2.46390110483707,3.10682005638248,34.9599198330223,-0.8,-0.454631579248906,0,-1.06096652826398,1,0
14.58,0,0,-0.11707373538433,-0.373541613055981,0.660677539999224,2.54182918179891,3.09472834349451,35.165768165725,-0.8,-0.46483875858381,0,-1.11869583089387,1,0
14.6,0,0,-0.124640506880363,-0.383095835830893,0.712260148211537,2.61576177508811,3.08084215959369,35.3391552406237,-0.8,-0.474744270181553,0,-1.17667980489639,1,0
14.62,0,0,-0.132395976083336,-0.392411161482436,0.765281067340395,2.68565449439832,3.06549695276764,35.4824089104649,-0.8,-0.484357029671092,0,-1.23485440447778,1,0
14.64,0,0,-0.140335352247394,-0.401486336917613,0.81965921704798,2.75148209157685,3.04899796259446,35.5977154656131,-0.8,-0.493685689184727,0,-1.29315972741584,1,0
14.66,0,0,-0.148453821221489,-0.41032027567753,0.875313188249915,2.81323664891252,3.03162233489923,35.6871275117497,-0.8,-0.502738645145609,0,-1.35153978289746,1,0
14.68,0,0,-0.156746548835207,-0.418912063018313,0.932161572677426,2.87092589508848,3.01362110678822,35.7525714337222,-0.8,-0.511524045825082,0,-1.40994227162878,1,0
14.7,0,0,-0.165208684372622,-0.427260959653701,0.990123259969669,2.92457164098006,2.99522106929017,35.7958544664004,-0.8,-0.520049798676682,0,-1.46831837759382,1,0
14.72,0,0,-0.173835364108662,-0.435366404283962,1.04911770461862,2.9742083279182,2.976626514542,35.8186713923758,-0.8,-0.528323577453372,0,-1.52662257086871,1,0
14.74,0,0,-0.182621714884891,-0.443228015027,1.10906516494554,3.01988168145568,2.95802087408561,35.8226108853737,-0.8,-0.536352829114447,0,-1.58481242092727,1,0
14.76,0,0,-0.191562857703835,-0.450845589859212,1.16988691615274,3.06164746406822,2.93956825448966,35.8091615173231,-0.8,-0.544144780528292,0,-1.64284841990213,1,0
14.78,0,0,-0.200653911323064,-0.458219106165919,1.2315054393668,3.09957032059646,2.92141487617643,35.7797174461493,-0.8,-0.551706444977055,0,-1.70069381529177,1,0
14.8,0,0,-0.20988999583215,-0.465348719493923,1.29384458846906,3.13372271058769,2.90369042101679,35.7355838005184,-0.8,-0.559044628469073,0,-1.75831445162926,1,0
14.82,0,0,-0.219266236197424,-0.472234761591901,1.35682973639589,3.16418392203177,2.88650929395572,35.6779817769658,-0.8,-0.56616593586474,0,-1.81567862065245,1,0
14.84,0,0,-0.228777765761082,-0.47887773781799,1.42038790248397,3.19103916130128,2.86997180364586,35.6080534640785,-0.8,-0.573076776821326,0,-1.87275691953823,1,0
14.86,0,0,-0.238419729682729,-0.485278323987885,1.48444786233555,3.21437871440632,2.8541652667962,35.5268664076827,-0.8,-0.579783371562102,0,-1.92952211678529,1,0
14.88,0,0,-0.24818728831286,-0.491437362731226,1.54894024158328,3.23429717495707,2.83916504068674,35.4354179302959,-0.8,-0.586291756474958,0,-1.98594902535058,1,0
14.9,0,0,-0.25807562048908,-0.497355859418748,1.61379759484506,3.25089273449544,2.82503548805723,35.3346392174508,-0.8,-0.592607789545566,0,-2.04201438266406,1,0
14.92,0,0,-0.268079926747054,-0.503034977717808,1.67895447107485,3.26426653111042,2.81183087834741,35.2253991828714,-0.8,-0.598737155629954,0,-2.09769673716564,1,0
14.94,0,0,-0.278195432439299,-0.508476034829289,1.74434746643652,3.27452205249135,2.79959622904832,35.1085081238915,-0.8,-0.604685371571268,0,-2.1529763410254,1,0
14.96,0,0,-0.288417390755936,-0.51368049645459,1.80991526575271,3.28176458979967,2.78836809071696,34.9847211779366,-0.8,-0.610457791165296,0,-2.20783504872578,1,0
14.98,0,0,-0.298741085642458,-0.518649971537447,1.8755986735108,3.28610073895376,2.77817527901104,34.8547415903568,-0.8,-0.616059609979252,0,-2.26225622120002,1,0
15,0,0,-0.309161834610433,-0.523386206821526,1.94134063534188,3.28763794612392,2.76903955691412,34.7192238033823,-0.8,-0.621495870028132,0,-2.31622463523695,1,0
15.02,0,0,-0.31967499143782,-0.527891081261305,2.00708625082638,3.28648409442537,2.7609762701463,34.5787763754883,-0.8,-0.626771464312871,0,-2.36972639787644,1,0
15.04,0,0,-0.330275948756335,-0.532166600320463,2.07278277842192,3.2827471289779,2.7539949385881,34.4339647399919,-0.8,-0.631891141224373,0,-2.42274886553414,1,0
15.06,0,0,-0.340960140523917,-0.536214890188986,2.13837963325358,3.27653471767128,2.74809980638777,34.2853138112616,-0.8,-0.636859508817384,0,-2.47528056760684,1,0
15.08,0,0,-0.351723044380961,-0.540038191947365,2.20382837845573,3.26795394513652,2.74329035327266,34.1333104465025,-0.8,-0.641681038958049,0,-2.52731113432293,1,0
15.1,0,0,-0.362560183889524,-0.543638855703634,2.2690827107055,3.25711103757525,2.7395617694433,33.9784057706768,-0.8,-0.646360071348898,0,-2.57883122861377,1,0
15.12,0,0,-0.373467130655198,-0.547019334726558,2.33409844054305,3.24411111624289,2.73690539629533,33.8210173717443,-0.8,-0.650900817434869,0,-2.62983248179382,1,0
15.14,0,0,-0.384439506331785,-0.550182179595991,2.39883346803063,3.22905797751689,2.73530913508679,33.6615313730418,-0.8,-0.655307364193893,0,-2.68030743284741,1,0
15.16,0,0,-0.395472984509302,-0.553130032389331,2.46324775426262,3.21205389760914,2.73475782554874,33.5003043892786,-0.8,-0.659583677815448,0,-2.73024947113116,1,0
15.18,0,0,-0.406563292486234,-0.555865620921029,2.52730328920097,3.19319946010225,2.73523359632295,33.3376653722979,-0.8,-0.663733607270401,0,-2.77965278230993,1,0
15.2,0,0,-0.41770621292722,-0.558391753050289,2.59096405627532,3.17259340460307,2.73671618900298,33.173917352443,-0.8,-0.667760887775337,0,-2.82851229735433,1,0
15.22,0,0,-0.428897585407703,-0.560711311070428,2.6541959941539,3.15033249491456,2.73918325745307,33.0093390810695,-0.8,-0.671669144154511,0,-2.87682364443592,1,0
15.24,0,0,-0.440133307847267,-0.562827246191788,2.71696695606053,3.12651140522761,2.74261064398293,32.8441865794671,-0.8,-0.67546189410243,0,-2.92458310356502,1,0
15.26,0,0,-0.451409337833675,-0.564742573128654,2.77924666698391,3.10122262293048,2.74697263386512,32.6786945991818,-0.8,-0.679142551350018,0,-2.97178756382399,1,0
15.28,0,0,-0.462721693839748,-0.566460364799325,2.84100667909818,3.07455636672288,2.75224218959583,32.5130779984808,-0.8,-0.682714428737205,0,-3.01843448305627,1,0
15.3,0,0,-0.474066456335447,-0.567983747147213,2.90222032568862,3.04660051880687,2.75839116621813,32.3475330394551,-0.8,-0.686180741194704,0,-3.06452184987869,1,0
15.32,0,0,-0.485439768797654,-0.56931589408976,2.96286267385223,3.01744057000603,2.76539050894952,32.1822386100278,-0.8,-0.689544608637665,0,-3.11004814789158,1,0
15.34,0,0,-0.496837838620242,-0.570460022600882,3.02291047622095,2.98715957673998,2.77321043428303,32.0173573749183,-0.8,-0.692809058773813,0,-3.15501232196749,1,0
15.36,0,0,-0.508256937927184,-0.571419387931712,3.08234212193461,2.95583812885177,2.78182059566192,31.8530368594003,-0.8,-0.695977029828588,0,-3.19941374650559,1,0
15.38,0,0,-0.519693404291483,-0.572197278973544,3.14113758707102,2.92355432735241,2.791190234763,31.6894104694999,-0.8,-0.699051373189744,0,-3.24325219554472,1,0
15.4,0,0,-0.531143641362817,-0.57279701376604,3.19927838472284,2.89038377120932,2.80128831936222,31.5265984520872,-0.8,-0.702034855973792,0,-3.28652781463354,1,0
15.42,0,0,-0.542604119406813,-0.573221935153065,3.25674751489381,2.85639955236458,2.8120836686976,31.3647087981403,-0.8,-0.704930163516591,0,-3.32924109436165,1,0
15.44,0,0,-0.554071375758938,-0.573475406587808,3.31352941437125,2.8216722582243,2.82354506719015,31.2038380922874,-0.8,-0.707739901790333,0,-3.37139284546039,1,0
15.46,0,0,-0.565542015195983,-0.573560808088272,3.36960990671723,2.78626998091249,2.83564136733114,31.0440723115744,-0.8,-0.710466599749092,0,-3.41298417538705,1,0
15.48,0,0,-0.577012710228175,-0.573481532343606,3.4249761525068,2.75025833263175,2.84834158249537,30.8854875762523,-0.8,-0.713112711605055,0,-3.45401646631045,1,0
15.5,0,0,-0.588480201314921,-0.573240980971309,3.47961659992948,2.71370046651945,2.86161497039357,30.7281508552296,-0.8,-0.715680619037478,0,-3.49449135442045,1,0
15.52,0,0,-0.599941297007198,-0.572842560924821,3.53352093585803,2.67665710243091,2.87543110783372,30.5721206287019,-0.8,-0.718172633336355,0,-3.53441071048777,1,0
15.54,0,0,-0.6113928740196,-0.57228968105064,3.58668003747767,2.63918655712206,2.88975995741953,30.4174475103364,-0.8,-0.720590997482742,0,-3.57377662160463,1,0
15.56,0,0,-0.622831877234999,-0.571585748793727,3.63908592455893,2.60134477834195,2.90457192677566,30.264174831264,-0.8,-0.722937888167585,0,-3.61259137404023,1,0
15.58,0,0,-0.634255319644802,-0.570734167049612,3.69073171244758,2.56318538238145,2.91983792085259,30.1123391880157,-0.8,-0.72521541775089,0,-3.65085743714847,1,0
15.6,0,0,-0.645660282227686,-0.569738331161331,3.74161156583658,2.5247596946578,2.93552938782912,29.9619709564263,-0.8,-0.727425636162991,0,-3.68857744826911,1,0
15.62,0,0,-0.657043913769709,-0.568601626059077,3.79172065337678,2.48611679294643,2.95161835909846,29.8130947734196,-0.8,-0.729570532749627,0,-3.72575419856606,1,0
15.64,0,0,-0.668403430628624,-0.567327423540174,3.84105510317583,2.44730355290074,2.96807748379238,29.6657299884932,-0.8,-0.731652038062484,0,-3.76239061975002,1,0
15.66,0,0,-0.67973611644517,-0.565919079686815,3.88961195922741,2.40836469552826,2.98488005826949,29.5198910866177,-0.8,-0.733672025596823,0,-3.79848977163516,1,0
15.68,0,0,-0.691039321804072,-0.564379932418828,3.93738913880713,2.36934283631747,3.00200005096607,29.3755880841807,-0.8,-0.735632313477752,0,-3.83405483048253,1,0
15.7,0,0,-0.70231046384743,-0.562713299178548,3.98438539086501,2.33027853573381,3.01941212298217,29.2328268995141,-0.8,-0.737534666096665,0,-3.86908907808514,1,0
15.72,0,0,-0.713547025843093,-0.560922474744779,4.03060025543946,2.29121035082605,3.03709164475159,29.0916096994637,-0.8,-0.739380795699306,0,-3.90359589155219,1,0
15.74,0,0,-0.724746556710579,-0.559010729172704,4.07603402411242,2.2521748877054,3.05501470912127,28.9519352233811,-0.8,-0.741172363926912,0,-3.93757873375238,1,0
15.76,0,0,-0.735906670507029,-0.556981305856508,4.1206877015211,2.21320685467955,3.07315814114436,28.8137990858432,-0.8,-0.742910983311802,0,-3.97104114437814,1,0
15.78,0,0,-0.747025045875613,-0.554837419711413,4.16456296793714,2.17433911584238,3.09149950487081,28.6771940593359,-0.8,-0.744598218728759,0,-4.00398673159484,1,0
15.8,0,0,-0.758099425458736,-0.552582255471763,4.20766214292066,2.13560274493734,3.11001710740044,28.5421103380699,-0.8,-0.746235588803529,0,-4.03641916424092,1,0
15.82,0,0,-0.769127615278347,-0.550218966101751,4.24998815005294,2.09702707932851,3.12869000044535,28.4085357840353,-0.8,-0.747824567279686,0,-4.06834216454693,1,0
15.84,0,0,-0.780107484085555,-0.547750671315367,4.29154448274828,2.05863977392877,3.14749797963193,28.2764561563388,-0.8,-0.749366584345098,0,-4.09975950134281,1,0
15.86,0,0,-0.791036962681709,-0.545180456202098,4.33233517114285,2.02046685494797,3.16642158175653,28.1458553248144,-0.8,-0.750863027919193,0,-4.13067498372492,1,0
15.88,0,0,-0.80191404321302,-0.542511369954941,4.37236475005572,1.98253277333762,3.18544208019443,28.0167154688398,-0.8,-0.752315244902183,0,-4.16109245515555,1,0
15.9,0,0,-0.812736778440735,-0.539746424697267,4.41163822801471,1.94486045782037,3.2045414786473,27.8890172622443,-0.8,-0.753724542387361,0,-4.19101578796918,1,0
15.92,0,0,-0.823503280988818,-0.536888594405107,4.45016105733793,1.90747136740407,3.22370250340157,27.7627400451404,-0.8,-0.755092188837577,0,-4.2204488782614,1,0
15.94,0,0,-0.83421172257099,-0.533940813921432,4.48793910525964,1.87038554329061,3.2429085942575,27.6378619834705,-0.8,-0.756419415226938,0,-4.24939564113739,1,0
15.96,0,0,-0.844860333198952,-0.530905978059047,4.52497862608753,1.83362166009964,3.26214389427741,27.5143602170121,-0.8,-0.757707416148769,0,-4.27786000629859,1,0
15.98,0,0,-0.855447400373528,-0.527786940788749,4.56128623437715,1.79719707633603,3.28139323849048,27.3922109965462,-0.8,-0.758957350890825,0,-4.3058459139468,1,0
16,0,0,-0.865971268260389,-0.524586514509435,4.59686887910742,1.7611278840388,3.3006421416815,27.2713898108534,-0.8,-0.760170344478733,0,-4.33335731098672,1,0
16.02,0,0,-0.876430336851971,-0.52130746939689,4.63173381884062,1.72542895755651,3.31987678538114,27.1518715041651,-0.8,-0.761347488688585,0,-4.36039814750858,1,0
16.04,0,0,-0.886823061117142,-0.517952532828065,4.6658885978487,1.69011400140168,3.33908400416679,27.0336303846624,-0.8,-0.762489843029616,0,-4.38697237353371,1,0
16.06,0,0,-0.897147950140064,-0.514524388877663,4.69934102318706,1.65519559714326,3.35825127137406,26.9166403245816,-0.8,-0.763598435697829,0,-4.41308393600681,1,0
16.08,0,0,-0.907403566249697,-0.51102567788396,4.73209914269639,1.6206852493024,3.37736668431177,26.8008748524539,-0.8,-0.764674264501445,0,-4.4387367760197,1,0
16.1,0,0,-0.917588524141283,-0.507458996080806,4.76417122391211,1.58659343022241,3.39641894906538,26.686307237977,-0.8,-0.765718297758994,0,-4.46393482625206,1,0
16.12,0,0,-0.927701489991106,-0.503826895292857,4.79556573386076,1.55292962388897,3.41539736496737,26.5729105699876,-0.8,-0.766731475170868,0,-4.48868200861554,1,0
16.14,0,0,-0.937741180565767,-0.500131882691119,4.82629131972222,1.51970236868147,3.43429180880631,26.4606578279778,-0.8,-0.767714708665118,0,-4.51298223208849,1,0
16.16,0,0,-0.947706362327146,-0.496376420605987,4.856356790336,1.48691929904086,3.45309271884054,26.3495219475718,-0.8,-0.768668883218246,0,-4.53683939072922,1,0
16.18,0,0,-0.957595850534177,-0.492562926395007,4.8857710985301,1.45458718604321,3.47179107867673,26.2394758803574,-0.8,-0.769594857651747,0,-4.56025736185623,1,0
16.2,0,0,-0.96740850834251,-0.488693772362667,4.91454332425025,1.4227119768721,3.49037840106835,26.1304926484409,-0.8,-0.770493465405105,0,-4.58324000438491,1,0
16.22,0,0,-0.977143245903057,-0.48477128572962,4.94268265846756,1.39129883318617,3.50884671168401,26.0225453940765,-0.8,-0.771365515285944,0,-4.60579115731046,1,0
16.24,0,0,-0.986799019460399,-0.480797748648766,4.97019838784251,1.36035216838131,3.52718853289154,25.9156074246961,-0.8,-0.772211792198012,0,-4.62791463832751,1,0
16.26,0,0,-0.996374830451971,-0.476775398265752,4.99709988012312,1.32987568374975,3.54539686759871,25.809652253652,-0.8,-0.773033057847644,0,-4.6496142425775,1,0
16.28,0,0,-1.00586972460886,-0.472706426821468,5.0233965702553,1.29987240354087,3.56346518318837,25.704653636961,-0.8,-0.773830051429351,0,-4.67089374151538,1,0
16.3,0,0,-1.0152827910591,-0.468592981794233,5.04909794718349,1.27034470893067,3.58138739558128,25.6005856063257,-0.8,-0.774603490291147,0,-4.69175688188765,1,0
16.32,0,0,-1.02461316143409,-0.464437166079415,5.07421354131989,1.24129437090928,3.59915785345715,25.4974224986888,-0.8,-0.775354070580205,0,-4.71220738481435,1,0
16.34,0,0,-1.03386000897912,-0.460241038204309,5.09875291266065,1.21272258209734,3.61677132266076,25.3951389825654,-0.8,-0.776082467869442,0,-4.73224894496786,1,0
16.36,0,0,-1.04302254766835,-0.456006612576172,5.12272563952783,1.18462998750392,3.63422297081741,25.2937100813785,-0.8,-0.776789337765578,0,-4.75188522984193,1,0
16.38,0,0,-1.05210003132519,-0.451735859761373,5.14614130791604,1.15701671424022,3.65150835217885,25.1931111940131,-0.8,-0.777475316499225,0,-4.77111987910481,1,0
16.4,0,0,-1.06109175274854,-0.447430706793717,5.16900950142301,1.12988240020445,3.66862339271875,25.0933181127897,-0.8,-0.778141021497541,0,-4.78995650403053,1,0
16.42,0,0,-1.0699970428454,-0.443093037510027,5.19133979174375,1.10322622175449,3.68556437549393,24.9943070390466,-0.8,-0.778787051939951,0,-4.80839868700286,1,0
16.44,0,0,-1.07881526977053,-0.438724692911185,5.21314172970814,1.07704692038595,3.70232792628576,24.8960545965064,-0.8,-0.779413989297455,0,-4.8264499810869,1,0
16.46,0,0,-1.08754583807355,-0.434327471546858,5.23442483684236,1.05134282843419,3.71891099953394,24.7985378425963,-0.8,-0.780022397855986,0,-4.84411390966327,1,0
16.48,0,0,-1.09618818785391,-0.429903129922238,5.25519859743466,1.02611189381951,3.73531086457318,24.7017342778743,-0.8,-0.780612825224307,0,-4.86139396612055,1,0
16.5,0,0,-1.10474179392429,-0.425453382925162,5.27547245108675,1.00135170385535,3.75152509218121,24.6056218537109,-0.8,-0.781185802826898,0,-4.87829361360163,1,0
16.52,0,0,-1.11320616498262,-0.420979904272064,5.29525578573201,0.97705950814002,3.76755154144557,24.510178978362,-0.8,-0.781741846382271,0,-4.89481628479984,1,0
16.54,0,0,-1.12158084279334,-0.416484326971253,5.31455793110269,0.953232240552812,3.78338834695463,24.4153845215603,-0.8,-0.782281456367154,0,-4.91096538180143,1,0
16.56,0,0,-1.1298654013779,-0.411968243802095,5.33338815262818,0.929866540375595,3.7990339063172,24.3212178177486,-0.8,-0.78280511846695,0,-4.9267442759705,1,0
16.58,0,0,-1.13805944621519,-0.407433207808716,5.35175564574711,0.906958772561509,3.81448686801394,24.2276586680637,-0.8,-0.783313304012891,0,-4.94215630787342,1,0
16.6,0,0,-1.14616261345184,-0.402880732806914,5.36966953061654,0.884505047172332,3.82974611958253,24.1346873411792,-0.8,-0.783806470406266,0,-4.95720478723944,1,0
16.62,0,0,-1.15417456912281,-0.398312293903027,5.38713884720175,0.862501238006338,3.84481077613752,24.0422845731048,-0.8,-0.784285061530113,0,-4.97189299295469,1,0
16.64,0,0,-1.16209500838252,-0.393729328023543,5.40417255073068,0.840943000438479,3.85968016922505,23.9504315660322,-0.8,-0.784749508148742,0,-4.98622417308685,1,0
16.66,0,0,-1.16992365474658,-0.389133234454316,5.42077950749741,0.819825788494745,3.87435383601156,23.8591099863175,-0.8,-0.785200228295456,0,-5.00020154493804,1,0
16.68,0,0,-1.1776602593445,-0.384525375388282,5.43696849099977,0.799144871182477,3.88883150880495,23.7683019616754,-0.8,-0.785637627648805,0,-5.01382829512337,1,0
16.7,0,0,-1.18530460018331,-0.379907076480637,5.45274817839618,0.778895348098341,3.90311310490604,23.6779900776642,-0.8,-0.786062099897729,0,-5.02710757967316,1,0
16.72,0,0,-1.19285648142247,-0.375279627410476,5.46812714726769,0.759072164335512,3.91719871678738,23.588157373529,-0.8,-0.786474027095897,0,-5.04004252415668,1,0
16.74,0,0,-1.20031573265996,-0.370644282447954,5.48311387267132,0.739670124711422,3.93108860259597,23.4987873374682,-0.8,-0.78687378000559,0,-5.0526362238254,1,0
16.76,0,0,-1.20768220822985,-0.366002261026055,5.49771672447126,0.720683907337249,3.94478317697612,23.4098639013852,-0.8,-0.787261718431405,0,-5.06489174377414,1,0
16.78,0,0,-1.21495578651129,-0.361354748316126,5.51194396493515,0.702108076550037,3.95828300220795,23.3213714351788,-0.8,-0.787638191544107,0,-5.07681211911828,1,0
16.8,0,0,-1.22213636924905,-0.35670289580636,5.52580374658277,0.683937095228087,3.97158877965678,23.233294740628,-0.8,-0.788003538194905,0,-5.08840035518551,1,0
16.82,0,0,-1.22922388088568,-0.352047821882453,5.53930411027503,0.666165336509953,3.98470134152843,23.1456190449165,-0.8,-0.788358087220444,0,-5.09965942772076,1,0
16.84,0,0,-1.23621826790526,-0.347390612409716,5.55245298353151,0.648787094937055,3.99762164292491,23.0583299938444,-0.8,-0.788702157738773,0,-5.11059228310279,1,0
16.86,0,0,-1.24311949818884,-0.342732321315938,5.56525817906532,0.631796597039579,4.01035075419483,22.9714136447667,-0.8,-0.78903605943658,0,-5.1212018385714,1,0
16.88,0,0,-1.24992756038151,-0.338073971174367,5.57772739352424,0.615188011384988,4.02288985357275,22.8848564592991,-0.8,-0.789360092847928,0,-5.13149098246382,1,0
16.9,0,0,-1.25664246327111,-0.333416553786175,5.58986820642761,0.59895545810808,4.03524022010127,22.7986452958256,-0.8,-0.789674549624757,0,-5.14146257445945,1,0
16.92,0,0,-1.26326423517866,-0.328761030761843,5.60168807928879,0.583093017941165,4.04740322682972,22.7127674018412,-0.8,-0.789979712799389,0,-5.15111944583179,1,0
16.94,0,0,-1.2697929233603,-0.324108334100912,5.61319435491339,0.567594740762525,4.05938033428292,22.6272104061607,-0.8,-0.790275857039274,0,-5.16046439970666,1,0
16.96,0,0,-1.27622859342086,-0.319459366769583,5.62439425686378,0.55245465368093,4.07117308419381,22.5419623110204,-0.8,-0.790563248894217,0,-5.16950021132589,1,0
16.98,0,0,-1.28257132873898,-0.314815003275697,5.63529488908084,0.537666768673568,4.08278309349312,22.4570114841002,-0.8,-0.790842147036283,0,-5.17822962831558,1,0
17,0,0,-1.28882122990362,-0.310176090240635,5.64590323565407,0.523225089794337,4.09421204854965,22.3723466504886,-0.8,-0.791112802492621,0,-5.18665537095833,1,0
17.02,0,0,-1.29497841416204,-0.305543446967719,5.6562261607318,0.509123619969033,4.10546169965446,22.2879568846122,-0.8,-0.79137545887141,0,-5.19478013246859,1,0
17.04,0,0,-1.30104301487911,-0.300917866006714,5.66627040856322,0.495356367393552,4.11653385574237,22.2038316021509,-0.8,-0.791630352581117,0,-5.20260657927065,1,0
17.06,0,0,-1.30701518100783,-0.296300113714076,5.67604260366457,0.481917351550778,4.12743037934403,22.119960551956,-0.8,-0.791877713043283,0,-5.21013735127861,1,0
17.08,0,0,-1.31289507657101,-0.29169093080859,5.68554925110204,0.468800608861457,4.13815318176207,22.0363338079878,-0.8,-0.792117762899018,0,-5.21737506217778,1,0
17.1,0,0,-1.31868288015408,-0.287091032922094,5.69479673688403,0.456000197983887,4.14870421846454,21.9529417612881,-0.8,-0.792350718209393,0,-5.2243222997071,1,0
17.12,0,0,-1.32437878440878,-0.282501111144981,5.70379132845612,0.443510204776872,4.15908548468931,21.8697751120015,-0.8,-0.79257678864991,0,-5.23098162594202,1,0
17.14,0,0,-1.32998299556772,-0.277921832566226,5.712539175292,0.431324746939953,4.16929901125276,21.7868248614577,-0.8,-0.792796177699223,0,-5.23735557757755,1,0
17.16,0,0,-1.33549573296978,-0.273353840807674,5.7210463095741,0.419437978344532,4.17934686055641,21.7040823043251,-0.8,-0.793009082822283,0,-5.24344666621095,1,0
17.18,0,0,-1.34091722859598,-0.268797756552362,5.72931864695785,0.407844093069078,4.18923112278515,21.6215390208479,-0.8,-0.793215695648068,0,-5.24925737862389,1,0
17.2,0,0,-1.34624772661598,-0.264254178066676,5.73736198741384,0.396537329151222,4.19895391229077,21.5391868691732,-0.8,-0.793416202142067,0,-5.25479017706365,1,0
17.22,0,0,-1.35148748294491,-0.25972368171614,5.74518201614221,0.385511972069138,4.2085173641546,21.4570179777781,-0.8,-0.793610782773656,0,-5.26004749952304,1,0
17.24,0,0,-1.35663676481043,-0.255206822474675,5.75278430455414,0.37476235796421,4.2179236309233,21.3750247380026,-0.8,-0.793799612678536,0,-5.26503176001898,1,0
17.26,0,0,-1.36169585032999,-0.250704134427165,5.76017431131526,0.364282876616612,4.22717487951165,21.2931997966951,-0.8,-0.793982861816365,0,-5.26974534886923,1,0
17.28,0,0,-1.36666502809795,-0.246216131265195,5.76735738344621,0.35406797418504,4.23627328826668,21.2115360489766,-0.8,-0.794160695123735,0,-5.27419063296728,1,0
17.3,0,0,-1.37154459678267,-0.241743306775837,5.77433875747574,0.344112155721455,4.24522104418722,21.1300266311263,-0.8,-0.794333272662624,0,-5.27836995605516,1,0
17.32,0,0,-1.37633486473322,-0.237286135323371,5.78112356064191,0.334409987471342,4.25402034029336,21.0486649135958,-0.8,-0.794500749764464,0,-5.28228563899386,1,0
17.34,0,0,-1.38103614959569,-0.23284507232386,5.78771681213722,0.324956098969622,4.26267337314031,20.9674444941516,-0.8,-0.794663277169951,0,-5.28593998003149,1,0
17.36,0,0,-1.3856487779389,-0.228420554712471,5.79412342439382,0.315745184942007,4.27118234047113,20.8863591911529,-0.8,-0.794821001164717,0,-5.28933525506869,1,0
17.38,0,0,-1.39017308488942,-0.224013001403506,5.80034820440468,0.306772007021233,4.27954943900334,20.8054030369629,-0.8,-0.794974063711003,0,-5.29247371792157,1,0
17.4,0,0,-1.39460941377567,-0.219622813743056,5.8063958550775,0.298031395287282,4.28777686234397,20.7245702714988,-0.8,-0.795122602575431,0,-5.2953576005817,1,0
17.42,0,0,-1.39895811578102,-0.215250375954252,5.81227097661761,0.289518249640373,4.29586679902832,20.6438553359199,-0.8,-0.795266751453003,0,-5.29798911347331,1,0
17.44,0,0,-1.40321954960572,-0.210896055575067,5.81797806793682,0.281227541015162,4.30382143067733,20.5632528664557,-0.8,-0.795406640087438,0,-5.3003704457076,1,0
17.46,0,0,-1.40739408113755,-0.206560203888654,5.82352152808493,0.273154312444311,4.31164293026904,20.482757688374,-0.8,-0.795542394387948,0,-5.30250376533391,1,0
17.48,0,0,-1.41148208313091,-0.202243156346191,5.82890565770118,0.265293679979243,4.31933346051923,20.40236481009,-0.8,-0.795674136542565,0,-5.30439121958799,1,0
17.5,0,0,-1.41548393489437,-0.197945232982237,5.83413466048266,0.257640833475629,4.32689517236707,20.3220694174155,-0.8,-0.79580198512812,0,-5.30603493513704,1,0
17.52,0,0,-1.41940002198645,-0.193666738822601,5.83921264466721,0.250191037250859,4.33433020356115,20.2418668679488,-0.8,-0.795926055216968,0,-5.30743701832166,1,0
17.54,0,0,-1.42323073591943,-0.189407964284722,5.8441436245282,0.242939630620453,4.34164067734184,20.1617526856032,-0.8,-0.796046458480563,0,-5.30859955539469,1,0
17.56,0,0,-1.42697647387112,-0.185169185570598,5.8489315218789,0.235882028320104,4.34882870121573,20.0817225552757,-0.8,-0.796163303289967,0,-5.30952461275677,1,0
17.58,0,0,-1.43063763840447,-0.180950665052264,5.8535801675842,0.229013720819787,4.35589636581824,20.0017723176515,-0.8,-0.796276694813395,0,-5.31021423718881,1,0
17.6,0,0,-1.43421463719469,-0.176752651649872,5.85809330307757,0.222330274536091,4.36284574386053,19.9218979641465,-0.8,-0.796386735110871,0,-5.31067045608116,1,0
17.62,0,0,-1.43770788276399,-0.172575381202392,5.86247458188135,0.215827331948691,4.36967888915698,19.8420956319836,-0.8,-0.796493523226089,0,-5.31089527765969,1,0
17.64,0,0,-1.44111779222359,-0.168419076830993,5.86672757112836,0.209500611626633,4.3763978357295,19.762361599403,-0.8,-0.79659715527556,0,-5.3108906912086,1,0
17.66,0,0,-1.44444478702291,-0.164283949295138,5.87085575308331,0.203345908169872,4.38300459698538,19.6826922810036,-0.8,-0.796697724535122,0,-5.31065866729009,1,0
17.68,0,0,-1.44768929270586,-0.160170197341455,5.87486252666211,0.197359092071255,4.38950116496505,19.6030842232144,-0.8,-0.796795321523897,0,-5.31020115796088,1,0
17.7,0,0,-1.45085173867401,-0.15607800804544,5.87875120894773,0.191536109503954,4.39588950965665,19.5235340998937,-0.8,-0.796890034085761,0,-5.30952009698553,1,0
17.72,0,0,-1.45393255795653,-0.152007557146048,5.88252503670115,0.185872982039103,4.40217157837418,19.4440387080538,-0.8,-0.796981947468412,0,-5.3086174000467,1,0
17.74,0,0,-1.45693218698672,-0.147959009373255,5.88618716786587,0.180365806298216,4.40834929519618,19.364594963709,-0.8,-0.797071144400098,0,-5.30749496495231,1,0
17.76,0,0,-1.45985106538509,-0.143932518768632,5.88974068306499,0.175010753544736,4.41442456046195,19.2851998978457,-0.8,-0.797157705164076,0,-5.30615467183957,1,0
17.78,0,0,-1.46268963574871,-0.139928228999032,5.89318858708945,0.169804069218894,4.42039925032253,19.2058506525108,-0.8,-0.797241707670877,0,-5.30459838337608,1,0
17.8,0,0,-1.46544834344679,-0.135946273663459,5.89653381037649,0.164742072419855,4.4262752163437,19.1265444770169,-0.8,-0.797323227528426,0,-5.30282794495784,1,0
17.82,0,0,-1.46812763642236,-0.131986776593176,5.89977921047726,0.159821155338957,4.43205428515831,19.0472787242624,-0.8,-0.797402338110096,0,-5.30084518490434,1,0
17.84,0,0,-1.47072796499985,-0.128049852145171,5.90292757351256,0.155037782647654,4.43773825816538,18.9680508471624,-0.8,-0.79747911062075,0,-5.29865191465072,1,0
17.86,0,0,-1.47324978169847,-0.124135605489031,5.90598161561603,0.150388490843646,4.44332891127363,18.8888583951907,-0.8,-0.797553614160829,0,-5.29624992893704,1,0
17.88,0,0,-1.47569354105131,-0.120244132887331,5.90894398436378,0.14586988755847,4.44882799468697,18.8096990110274,-0.8,-0.797625915788547,0,-5.29364100599469,1,0
17.9,0,0,-1.47805969942992,-0.116375521969614,5.91181726018984,0.141478650829692,4.45423723272973,18.7305704273116,-0.8,-0.797696080580249,0,-5.29082690773002,1,0
17.92,0,0,-1.48034871487433,-0.112529852000059,5.91460395778676,0.137211528340712,4.45955832370948,18.651470463497,-0.8,-0.797764171688983,0,-5.28780937990519,1,0
17.94,0,0,-1.48256104692841,-0.108707194138919,5.91730652749064,0.133065336630983,4.46479293981529,18.5723970228055,-0.8,-0.797830250401342,0,-5.28459015231626,1,0
17.96,0,0,-1.48469715648031,-0.104907611697835,5.91992735665015,0.129036960279391,4.46994272704943,18.4933480892802,-0.8,-0.797894376192626,0,-5.28117093896871,1,0
17.98,0,0,-1.48675750560802,-0.101131160389098,5.92246877097896,0.125123351063332,4.4750093051907,18.4143217249311,-0.8,-0.797956606780376,0,-5.27755343825021,1,0
18,0,0,-1.48874255742982,-0.0973778885689772,5.92493303589107,0.121321527095934,4.47999426778731,18.3353160669749,-0.8,-0.798016998176321,0,-5.27373933310085,1,0
18.02,0,0,-1.49065277595951,-0.0936478374751902,5.92732235781878,0.117628571943748,4.4848991821778,18.2563293251634,-0.8,-0.798075604736793,0,-5.26973029118085,1,0
18.04,0,0,-1.49248862596644,-0.0899410414586182,5.92963888551278,0.11404163372709,4.48972558953802,18.1773597792006,-0.8,-0.798132479211651,0,-5.26552796503572,1,0
18.06,0,0,-1.49425057283995,-0.0862575282093632,5.93188471132407,0.110557924205108,4.49447500495287,18.0984057762445,-0.8,-0.798187672791761,0,-5.26113399225899,1,0
18.08,0,0,-1.49593908245844,-0.08259731897724,5.9340618724675,0.107174717847571,4.49914891751092,18.0194657284915,-0.8,-0.798241235155071,0,-5.25654999565253,1,0
18.1,0,0,-1.49755462106271,-0.0789604287868006,5.93617235226662,0.103889350895203,4.50374879042059,17.9405381108419,-0.8,-0.798293214511322,0,-5.2517775833845,1,0
18.12,0,0,-1.49909765513354,-0.0753468666469878,5.93821808137957,0.100699220410358,4.5082760611465,17.8616214586441,-0.8,-0.798343657645443,0,-5.24681834914494,1,0
18.14,0,0,-1.50056865127342,-0.0717566357555141,5.940200939006,0.0976017833196757,4.51273214156451,17.7827143655136,-0.8,-0.79839260995966,0,-5.24167387229916,1,0
18.16,0,0,-1.50196807609238,-0.0681897336980616,5.94212275407471,0.0945945554503034,4.51711841813414,17.7038154812276,-0.8,-0.798440115514357,0,-5.23634571803878,1,0
18.18,0,0,-1.50329639609765,-0.0646461526423992,5.94398530641197,0.0916751105611535,4.5214362520873,17.6249235096897,-0.8,-0.798486217067742,0,-5.2308354375307,1,0
18.2,0,0,-1.5045540775872,-0.0611258795275138,5.94579032789044,0.0888410793705966,4.52568697963195,17.5460372069654,-0.8,-0.798530956114323,0,-5.22514456806382,1,0
18.22,0,0,-1.50574158654707,-0.0576288962478483,5.94753950355864,0.0860901485818998,4.52987191216959,17.4671553793851,-0.8,-0.798574372922262,0,-5.21927463319368,1,0
18.24,0,0,-1.5068593885522,-0.0541551798327441,5.94923447275086,0.0834200599076454,4.53399233652564,17.3882768817115,-0.8,-0.798616506569616,0,-5.21322714288504,1,0
18.26,0,0,-1.50790794867096,-0.05070470262118,5.9508768301776,0.0808286090942855,4.5380495151915,17.3094006153724,-0.8,-0.798657394979512,0,-5.20700359365243,1,0
18.28,0,0,-1.50888773137299,-0.0472774324319022,5.95246812699653,0.0783136449479199,4.54204468657741,17.2305255267529,-0.8,-0.798697074954277,0,-5.20060546869869,1,0
18.3,0,0,-1.50979920044052,-0.0438733327290381,5.95400987186392,0.0758730683623141,4.54597906527512,17.1516506055494,-0.8,-0.798735582208567,0,-5.19403423805158,1,0
18.32,0,0,-1.51064281888282,-0.0404923627832859,5.95550353196672,0.073504831350108,4.5498538423296,17.0727748831798,-0.8,-0.79877295140151,0,-5.18729135869846,1,0
18.34,0,0,-1.51141904885399,-0.0371344778287708,5.95695053403526,0.0712069360781043,4.55367018551875,16.9938974312506,-0.8,-0.798809216167901,0,-5.18037827471913,1,0
18.36,0,0,-1.5121283515737,-0.0337996292156596,5.95835226533679,0.0689774339074635,4.55742923964048,16.9150173600773,-0.8,-0.798844409148478,0,-5.17329641741676,1,0
18.38,0,0,-1.51277118725103,-0.0304877645586213,5.95971007464971,0.0668144244395793,4.56113212680636,16.8361338172588,-0.8,-0.798878562019298,0,-5.16604720544714,1,0
18.4,0,0,-1.5133480150112,-0.0271988278812243,5.961025273219,0.0647160545683473,4.564779946741,16.7572459863005,-0.8,-0.79891170552025,0,-5.15863204494601,1,0
18.42,0,0,-1.51385929282517,-0.023932759756356,5.96229913569257,0.0626805175394942,4.56837377708666,16.6783530852884,-0.8,-0.798943869482722,0,-5.15105232965482,1,0
18.44,0,0,-1.514305477442,-0.0206894974427525,5.96353290103898,0.0607060520175815,4.5719146737123,16.5994543656095,-0.8,-0.798975082856451,0,-5.14330944104467,1,0
18.46,0,0,-1.51468702432387,-0.0174689750177228,5.96472777344658,0.0587909411612501,4.57540367102654,16.5205491107185,-0.8,-0.799005373735579,0,-5.13540474843863,1,0
18.48,0,0,-1.51500438758379,-0.0142711235061536,5.96588492320416,0.0569335117072305,4.57884178229383,16.4416366349491,-0.8,-0.799034769383942,0,-5.12733960913249,1,0
18.5,0,0,-1.51525801992578,-0.011095871005876,5.96700548756348,0.0551321330635972,4.58222999995352,16.3627162823682,-0.8,-0.799063296259608,0,-5.1191153685138,1,0
18.52,0,0,-1.51544837258758,-0.00794314280947711,5.96809057158369,0.0533852164127066,4.58556929594094,16.2837874256707,-0.8,-0.799090980038689,0,-5.11073336017946,1,0
18.54,0,0,-1.51557589528569,-0.00481286152263825,5.96914124895793,0.0516912138242193,4.58886062201044,16.2048494651161,-0.8,-0.799117845638457,0,-5.10219490605167,1,0
18.56,0,0,-1.51564103616284,-0.00170494717907797,5.9701585628223,0.0500486173785711,4.59210491005954,16.1259018275019,-0.8,-0.799143917239762,0,-5.09350131649245,1,0
18.58,0,0,-1.51564424173763,0.00138068264782027,5.97114352654736,0.0484559583012211,4.595303072454,16.046943965176,-0.8,-0.799169218308807,0,-5.08465389041667,1,0
18.6,0,0,-1.51558595685645,0.00444411273661894,5.97209712451253,0.046911806107974,4.59845600235329,15.967975355084,-0.8,-0.79919377161826,0,-5.07565391540362,1,0
18.62,0,0,-1.51546662464747,0.0074854301125995,5.97302031286342,0.0454147677616399,4.60156457403614,15.888995497852,-0.8,-0.799217599267758,0,-5.06650266780714,1,0
18.64,0,0,-1.51528668647673,0.0105047239456228,5.97391402025239,0.0439634868402691,4.60462964322573,15.810003916903,-0.8,-0.799240722703793,0,-5.05720141286444,1,0
18.66,0,0,-1.51504658190627,0.0135020854510032,5.97477914856269,0.0425566427171669,4.60765204741429,15.7310001576057,-0.8,-0.799263162739018,0,-5.04775140480342,1,0
18.68,0,0,-1.51474674865417,0.0164776077933234,5.97561657361625,0.0411929497528703,4.61063260618669,15.6519837864542,-0.8,-0.79928493957098,0,-5.03815388694883,1,0
18.7,0,0,-1.5143876225565,0.0194313859931201,5.97642714586543,0.0398711564992417,4.61357212154277,15.5729543902786,-0.8,-0.799306072800296,0,-5.02841009182693,1,0
18.72,0,0,-1.51396963753111,0.0223635168363686,5.97721169106901,0.0385900449158118,4.61647137821819,15.4939115754847,-0.8,-0.7993265814483,0,-5.01852124126901,1,0
18.74,0,0,-1.51349322554324,0.0252740987866993,5.97797101095258,0.0373484295984807,4.6193311440034,15.414854967321,-0.8,-0.799346483974158,0,-5.00848854651355,1,0
18.76,0,0,-1.51295881657275,0.0281632319002781,5.97870588385371,0.0361451570206665,4.62215217006065,15.3357842091738,-0.8,-0.799365798291488,0,-4.99831320830719,1,0
18.78,0,0,-1.51236683858318,0.0310310177432838,5.97941706535195,0.034979104786969,4.62493519123872,15.256698961888,-0.8,-0.799384541784477,0,-4.98799641700447,1,0
18.8,0,0,-1.51171771749229,0.0338775593119184,5.98010528888414,0.0338491808993996,4.62768092638517,15.1775989031131,-0.8,-0.799402731323536,0,-4.97753935266638,1,0
18.82,0,0,-1.51101187714427,0.0367029609548858,5.98077126634513,0.0327543230362086,4.63039007865603,15.0984837266735,-0.8,-0.799420383280477,0,-4.96694318515768,1,0
18.84,0,0,-1.51024973928345,0.0395073282982777,5.98141568867416,0.0316934978433274,4.63306333582251,15.0193531419622,-0.8,-0.799437513543252,0,-4.95620907424319,1,0
18.86,0,0,-1.50943172352945,0.042290768172803,5.98203922642727,0.0306657002384241,4.6357013705749,14.9402068733575,-0.8,-0.799454137530254,0,-4.9453381696828,1,0
18.88,0,0,-1.50855824735384,0.045053388543303,5.98264253033585,0.0296699527275606,4.63830484082321,14.8610446596606,-0.8,-0.799470270204193,0,-4.9343316113255,1,0
18.9,0,0,-1.50762972605811,0.0477952984404924,5.98322623185172,0.0287053047344218,4.64087438999463,14.7818662535547,-0.8,-0.799485926085565,0,-4.92319052920221,1,0
18.92,0,0,-1.50664657275304,0.0505166078948678,5.98379094367882,0.0277708319420779,4.64341064732752,14.7026714210846,-0.8,-0.79950111926572,0,-4.91191604361763,1,0
18.94,0,0,-1.50560919833933,0.053217427872729,5.984337260292,0.0268656356472278,4.64591422816197,14.6234599411547,-0.8,-0.799515863419544,0,-4.90050926524095,1,0
18.96,0,0,-1.50451801148951,0.0558978702142553,5.98486575844284,0.0259888421268595,4.64838573422674,14.5442316050468,-0.8,-0.799530171817771,0,-4.8889712951956,1,0
18.98,0,0,-1.50337341863108,0.0585580475735849,5.98537699765311,0.0251396020172554,4.65082575392248,14.4649862159554,-0.8,-0.799544057338926,0,-4.87730322514794,1,0
19,0,0,-1.50217582393078,0.0611980733608427,5.98587152069582,0.0243170897052592,4.65323486260124,14.3857235885402,-0.8,-0.799557532480915,0,-4.86550613739491,1,0
19.02,0,0,-1.5009256292801,0.0638180616860661,5.98634985406421,0.0235205027317134,4.65561362284204,14.3064435484957,-0.8,-0.799570609372274,0,-4.85358110495082,1,0
19.04,0,0,-1.49962323428173,0.0664181273049756,5.98681250842903,0.0227490612069664,4.65796258472269,14.2271459321368,-0.8,-0.799583299783089,0,-4.84152919163302,1,0
19.06,0,0,-1.49826903623726,0.0689983855665438,5.98725997908414,0.022002007238344,4.66028228608748,14.1478305859998,-0.8,-0.799595615135586,0,-4.82935145214675,1,0
19.08,0,0,-1.49686343013579,0.0715589523623116,5.98769274638081,0.02127860436947,4.662573252811,14.0684973664578,-0.8,-0.799607566514414,0,-4.81704893216893,1,0
19.1,0,0,-1.49540680864357,0.0740999440774046,5.988111276151,0.020578137031315,4.66483599905786,13.9891461393519,-0.8,-0.799619164676619,0,-4.80462266843116,1,0
19.12,0,0,-1.49389956209459,0.0766214775432044,5.98851602011965,0.0198999100048487,4.66707102753834,13.9097767796344,-0.8,-0.799630420061331,0,-4.79207368880169,1,0
19.14,0,0,-1.49234207848217,0.0791236699916284,5.98890741630643,0.019243247895164,4.66927882975997,13.8303891710267,-0.8,-0.799641342799155,0,-4.77940301236658,1,0
19.16,0,0,-1.49073474345131,0.0816066390109734,5.98928588941708,0.0186074946169348,4.67145988627495,13.7509832056891,-0.8,-0.799651942721292,0,-4.76661164950996,1,0
19.18,0,0,-1.48907794029207,0.0840705025032814,5.98965185122448,0.0179920128910698,4.67361466692348,13.6715587839035,-0.8,-0.799662229368389,0,-4.7537006019934,1,0
19.2,0,0,-1.48737204993367,0.0865153786431825,5.99000570093993,0.017396183752416,4.67574363107296,13.5921158137675,-0.8,-0.799672211999121,0,-4.74067086303446,1,0
19.22,0,0,-1.48561745093943,0.088941385838177,5.9903478255745,0.0168194060683642,4.67784722785299,13.5126542109,-0.8,-0.79968189959853,0,-4.7275234173844,1,0
19.24,0,0,-1.48381451950252,0.0913486426903127,5.99067860029104,0.016261096068207,4.67992589638632,13.4331738981582,-0.8,-0.79969130088611,0,-4.71425924140505,1,0
19.26,0,0,-1.48196362944245,0.0937372679592209,5.99099838874673,0.0157206868830932,4.68198006601558,13.3536748053643,-0.8,-0.799700424323653,0,-4.70087930314486,1,0
19.28,0,0,-1.48006515220222,0.0961073805264711,5.99130754342667,0.0151976280964255,4.684010156526,13.2741568690427,-0.8,-0.799709278122869,0,-4.68738456241418,1,0
19.3,0,0,-1.47811945684631,0.0984590993612073,5.99160640596844,0.0146913853045409,4.68601657836392,13.1946200321678,-0.8,-0.799717870252774,0,-4.67377597085971,1,0
19.32,0,0,-1.47612691005919,0.100792543487029,5.99189530747814,0.0142014396875164,4.68799973285128,13.1150642439195,-0.8,-0.799726208446867,0,-4.66005447203825,1,0
19.34,0,0,-1.47408787614459,0.103107831950082,5.99217456883776,0.0137272875899367,4.68996001239605,13.0354894594491,-0.8,-0.799734300210083,0,-4.64622100148954,1,0
19.36,0,0,-1.47200271702534,0.10540508378832,5.99244450100445,0.0132684401114639,4.69189780069858,12.9558956396532,-0.8,-0.799742152825557,0,-4.63227648680851,1,0
19.38,0,0,-1.46987179224385,0.107684418001915,5.99270540530152,0.0128244227070445,4.693813472954,12.8762827509564,-0.8,-0.799749773361172,0,-4.6182218477167,1,0
19.4,0,0,-1.46769545896316,0.109945953524764,5.9929575737017,0.0123947747965902,4.69570739605061,12.7966507651016,-0.8,-0.799757168675924,0,-4.60405799613291,1,0
19.42,0,0,-1.46547407196848,0.112189809197075,5.99320128910259,0.01197904938397,4.69757992876431,12.7169996589479,-0.8,-0.799764345426096,0,-4.58978583624322,1,0
19.44,0,0,-1.4632079836694,0.114416103739002,5.99343682559458,0.0115768126851466,4.6994314219492,12.6373294142766,-0.8,-0.799771310071247,0,-4.57540626457022,1,0
19.46,0,0,-1.46089754410253,0.11662495572528,5.99366444872148,0.0111876437652956,4.70126221872422,12.5576400176037,-0.8,-0.799778068880028,0,-4.56092017004157,1,0
19.48,0,0,-1.45854310093463,0.118816483560854,5.99388441573394,0.0108111341847418,4.70307265465603,12.4779314599996,-0.8,-0.799784627935823,0,-4.54632843405789,1,0
19.5,0,0,-1.45614499946624,0.120990805457455,5.99409697583588,0.0104468876535492,4.70486305793806,12.3982037369151,-0.8,-0.799790993142225,0,-4.53163193055987,1,0
19.52,0,0,-1.45370358263582,0.123148039411103,5.99430237042409,0.0100945196946025,4.70663374956585,12.3184568480139,-0.8,-0.799797170228349,0,-4.51683152609484,1,0
19.54,0,0,-1.45121919102422,0.125288303180503,5.99450083332123,0.00975365731501672,4.70838504350869,12.2386907970116,-0.8,-0.79980316475399,0,-4.50192807988256,1,0
19.56,0,0,-1.44869216285968,0.12741171426632,5.99469259100225,0.00942393868571407,4.7101172468776,12.1589055915196,-0.8,-0.799808982114625,0,-4.4869224438804,1,0
19.58,0,0,-1.44612283402315,0.129518389891287,5.99487786281454,0.00910501282900749,4.71183066008968,12.0791012428957,-0.8,-0.799814627546271,0,-4.47181546284788,1,0
19.6,0,0,-1.44351153805409,0.13160844698114,5.99505686119191,0.0087965393140311,4.71352557702896,11.9992777660991,-0.8,-0.799820106130199,0,-4.45660797441054,1,0
19.62,0,0,-1.44085860615656,0.133682002146339,5.99522979186256,0.0084981879598602,4.71520228520374,11.9194351795519,-0.8,-0.799825422797503,0,-4.44130080912319,1,0
19.64,0,0,-1.43816436720569,0.135739171664564,5.99539685405112,0.008209638546163,4.71686106590041,11.8395735050042,-0.8,-0.799830582333542,0,-4.42589479053255,1,0
19.66,0,0,-1.43542914775457,0.137780071463952,5.99555824067509,0.0079305805312296,4.71850219433394,11.7596927674049,-0.8,-0.799835589382247,0,-4.41039073523925,1,0
19.68,0,0,-1.4326532720413,0.139804817107058,5.99571413853563,0.00766071277722377,4.72012593979499,11.679792994777,-0.8,-0.799840448450301,0,-4.39478945295924,1,0
19.7,0,0,-1.42983706199657,0.141813523775517,5.99586472850291,0.00739974328250539,4.7217325657937,11.5998742180975,-0.8,-0.799845163911192,0,-4.37909174658457,1,0
19.72,0,0,-1.42698083725132,0.143806306255382,5.99601018569629,0.00714738892087323,4.7233223302003,11.5199364711806,-0.8,-0.799849740009152,0,-4.36329841224362,1,0
19.74,0,0,-1.42408491514487,0.145783278923118,5.99615067965921,0.0069033751875788,4.72489548538243,11.4399797905668,-0.8,-0.799854180862981,0,-4.34741023936069,1,0
19.76,0,0,-1.42114961073321,0.147744555732238,5.99628637452919,0.00666743595196454,4.7264522783394,11.3600042154143,-0.8,-0.799858490469744,0,-4.33142801071507,1,0
19.78,0,0,-1.4181752367976,0.149690250200545,5.99641742920284,0.00643931321658111,4.72799295083332,11.2800097873951,-0.8,-0.79986267270838,0,-4.31535250249949,1,0
19.8,0,0,-1.41516210385341,0.151620475397984,5.9965439974962,0.00621875688264029,4.72951773951721,11.1999965505945,-0.8,-0.799866731343186,0,-4.29918448437801,1,0
19.82,0,0,-1.41211052015916,0.153535343935059,5.99666622830043,0.00600552452166233,4.73102687606014,11.1199645514143,-0.8,-0.799870670027206,0,-4.28292471954338,1,0
19.84,0,0,-1.40902079172588,0.155434967951816,5.99678426573294,0.00579938115317854,4.73252058726941,11.0399138384794,-0.8,-0.799874492305522,0,-4.26657396477383,1,0
19.86,0,0,-1.40589322232656,0.157319459107368,5.99689824928422,0.00560009902835145,4.73399909520988,10.9598444625471,-0.8,-0.799878201618442,0,-4.2501329704893,1,0
19.88,0,0,-1.40272811350593,0.159188928569941,5.99700831396034,0.00540745741937768,4.73546261732048,10.8797564764206,-0.8,-0.799881801304599,0,-4.23360248080715,1,0
19.9,0,0,-1.39952576459032,0.161043487007425,5.99711459042129,0.00522124241454004,4.73691136652796,10.7996499348646,-0.8,-0.799885294603953,0,-4.21698323359734,1,0
19.92,0,0,-1.39628647269779,0.162883244578424,5.99721720511536,0.00504124671877778,4.73834555135786,10.7195248945241,-0.8,-0.799888684660709,0,-4.20027596053706,1,0
19.94,0,0,-1.39301053274839,0.164708310923768,5.99731628040944,0.00486726945964633,4.73976537604294,10.6393814138462,-0.8,-0.799891974526148,0,-4.18348138716487,1,0
19.96,0,0,-1.38969823747461,0.166518795158496,5.99741193471565,0.00469911599853922,4.74117104062887,10.5592195530047,-0.8,-0.799895167161369,0,-4.16660023293428,1,0
19.98,0,0,-1.38634987743195,0.168314805864274,5.99750428261413,0.00453659774704796,4.74256274107744,10.4790393738266,-0.8,-0.79989826543996,0,-4.1496332112669,1,0
20,0,0,-1.38296574100966,0.170096451082246,5.99759343497227,0.00437953198833703,4.74394066936723,10.3988409397218,-0,-0.799901272150581,0,-4.13258102960496,1,0
20.02,0,0,-1.37938656122365,0.187796878875348,5.99767773435037,0.0039661498006375,4.7459579164047,7.44474260863027,-0,-0.776260616999474,0,-4.11272342996845,1,0
20.04,0,0,-1.37545484668309,0.205350176584181,5.99774897304698,0.00308595748146258,4.74598815330387,4.63336521643637,-0,-0.753318648793159,0,-4.08757044170383,0,0
20.06,0,0,-1.37117364371219,0.222736589102256,5.99777941551462,-0.00158831909953182,4.55766825675617,1.91123115786431,-0,-0.731054718211906,0,-4.06010357756985,0,0
20.08,0,0,-1.36654705815853,0.23987290699554,5.99757028946836,-0.0232923091711017,4.0578406274133,-0.727633520021139,-0,-0.709448786215609,0,-4.03272579961796,0,0
20.1,0,0,-1.36158094205776,0.256679469207853,5.99665117627783,-0.0740357738332759,3.38012100770178,-3.21389192433769,-0,-0.688481406007297,0,-4.0042727144499,1,0
20.12,0,0,-1.35628219674057,0.273138274430816,5.9944053331015,-0.15531330315198,2.75453567512136,-5.47729041374349,-0,-0.668133705529701,0,-3.97197644712181,1,0
20.14,0,0,-1.35065763702036,0.289262949271255,5.99026086729073,-0.263283942735898,2.19062402355807,-7.52837290668204,-0,-0.648387370479136,0,-3.93600071995004,1,0
20.16,0,0,-1.34471383218829,0.305064397291195,5.98371973410698,-0.394415603510375,1.68357108116022,-9.3812050383453,-0,-0.629224627821384,0,-3.89669278373455,1,0
20.18,0,0,-1.338457158174,0.320551097886005,5.9743516191711,-0.545464040620494,1.22888054946425,-11.0490159364993,-0,-0.610628229794768,0,-3.85437846142966,1,0
20.2,0,0,-1.33189384329668,0.335729375837271,5.96178837542421,-0.713453664892383,0.822355811188135,-12.5442443735764,-0,-0.592581438386002,0,-3.80936336172037,1,0
20.22,0,0,-1.32503000884069,0.35060364954064,5.945718832323,-0.895659497082721,0.460081992639748,-13.8785825074544,-0,-0.575068010264846,0,-3.76193402737811,1,0
20.24,0,0,-1.31787170486802,0.36517665932179,5.92588395505241,-1.08959020163118,0.13840902506794,-15.0630173318097,-0,-0.558072182164019,0,-3.71235902175454,1,0
20.26,0,0,-1.3104249416525,0.379449677169541,5.90207233277046,-1.29297213996099,-0.146064347886816,-16.1078699510638,-0,-0.541578656691189,0,-3.660889956605,1,0
20.28,0,0,-1.30269571709459,0.39342269913562,5.87411597606739,-1.50373438653445,-0.396505666795049,-17.0228327893546,-0,-0.525572588560289,0,-3.60776246427469,1,0
20.3,0,0,-1.29469004045174,0.407094621575531,5.84188640492687,-1.71999465387144,-0.615863004690041,-17.8170048376363,-0,-0.510039571229758,0,-3.55319711712903,1,0
20.32,0,0,-1.28641395269621,0.420463402334109,5.80529100952387,-1.9400460755875,-0.806878412133996,-18.4989250379416,-0,-0.494965623935684,0,-3.49740029696636,1,0
20.34,0,0,-1.2778735437911,0.433526207912403,5.76426966718591,-2.16234479921185,-0.972100601953734,-19.076603899005,-0,-0.480337179108167,0,-3.44056501701359,1,0
20.36,0,0,-1.26907496715502,0.446279547589392,5.71879159978262,-2.38549834311127,-1.11389691430542,-19.5575534328466,-0,-0.466141070159594,0,-3.38287169897582,1,0
20.38,0,0,-1.26002445156712,0.458719395412441,5.66885245669817,-2.60825467428063,-1.23446460064132,-19.9488154975279,-0,-0.452364519633823,0,-3.32448890748646,1,0
20.4,0,0,-1.25072831074646,0.470841300914146,5.61447160938211,-2.82949196607084,-1.3358414631686,-20.2569886271192,-0,-0.438995127705608,0,-3.26557404418682,1,0
20.42,0,0,-1.24119295082302,0.482640489360197,5.55568964427078,-3.04820899711694,-1.41991588450644,-20.4882534259393,-0,-0.426020861019918,0,-3.20627400355175,1,0
20.44,0,0,-1.23142487590206,0.494111952282837,5.49256604162538,-3.2635161548081,-1.48843628045703,-20.6483966003437,-0,-0.413430041861109,0,-3.14672579247137,1,0
20.46,0,0,-1.22143069190916,0.505250529007325,5.42517702854575,-3.47462700861388,-1.54302000710573,-20.7428336977286,-0,-0.401211337642189,0,-3.08705711549724,1,0
20.48,0,0,-1.21121710888904,0.516050979834335,5.35361359509414,-3.68085042045169,-1.5851617518496,-20.776630618988,-0,-0.389353750704725,0,-3.02738692756498,1,0
20.5,0,0,-1.20079094191917,0.5265080514993,5.27797966310113,-3.88158316105462,-1.61624143641848,-20.7545239673886,-0,-0.377846608420211,0,-2.96782595591336,1,0
20.52,0,0,-1.19015911078641,0.536616535490213,5.19839039783038,-4.07630300298155,-1.63753165849522,-20.6809402937172,-0,-0.366679553583979,0,-2.90847719283262,1,0
20.54,0,0,-1.17932863856418,0.546371319768158,5.11497065324919,-4.2645622625065,-1.65020469715626,-20.5600142945897,-0,-0.355842535093016,0,-2.84943636079181,1,0
20.56,0,0,-1.16830664921697,0.555767434399822,5.02785354219261,-4.44598176413716,-1.65533910603919,-20.395606017993,-0,-0.345325798899295,0,-2.79079235141582,1,0
20.58,0,0,-1.15710036434897,0.5648000915782,4.9371791232187,-4.62024520294633,-1.65392591689425,-20.1913171274425,-0,-0.335119879230472,0,-2.73262763970797,1,0
20.6,0,0,-1.14571709920482,0.573464720476628,4.84309319643567,-4.78709388125931,-1.64687447499126,-19.9505062735839,-0,-0.325215590070051,0,-2.67501867484227,1,0
20.62,0,0,-1.13416425802133,0.58175699735205,4.74574620103743,-4.94632179752898,-1.63501792672688,-19.6763036196351,-0,-0.315604016889352,0,-2.61803624878207,1,0
20.64,0,0,-1.12244932882146,0.589672871285873,4.64529220771531,-5.09777106645099,-1.61911837870791,-19.3716245647489,-0,-0.306276508623831,0,-2.56174584391691,1,0
20.66,0,0,-1.11057987773402,0.597208585924881,4.54188799952096,-5.24132765052885,-1.59987174657149,-19.039182707172,-0,-0.29722466988654,0,-2.50620796084836,1,0
20.68,0,0,-1.09856354291575,0.604360697560338,4.43569223514001,-5.37691738439498,-1.57791231083901,-18.6815020869825,-0,-0.288440353411711,0,-2.45147842739727,1,0
20.7,0,0,-1.08640802814576,0.611126089860481,4.32686468889977,-5.50450227423256,-1.55381699618603,-18.3009287461892,-0,-0.279915652721666,0,-2.39760868984947,1,0
20.72,0,0,-1.07412109615636,0.617501985550137,4.21556556217722,-5.62407705562681,-1.5281093896425,-17.8996416420809,-0,-0.271642895010457,0,-2.34464608740437,1,0
20.74,0,0,-1.06171056175847,0.623485955310911,4.10195486119749,-5.73566599410665,-1.50126351241314,-17.4796629479051,-0,-0.263614634237818,0,-2.29263411074096,1,0
20.76,0,0,-1.04918428481477,0.62907592415645,3.9861918365192,-5.83931991352,-1.47370735922649,-17.0428677732405,-0,-0.255823644427231,0,-2.24161264556816,1,0
20.78,0,0,-1.03655016310853,0.63427017551943,3.86843447979142,-5.9351134382222,-1.44582621837869,-16.5909933347887,-0,-0.248262913162054,0,-2.19161820198129,1,0
20.8,0,0,-1.02381612515178,0.639067353270156,3.7488390736396,-6.02314243584804,-1.41796578493437,-16.1256476067615,-0,-0.240925635273879,0,-2.14268413040373,1,0
20.82,0,0,-1.01099012297204,0.643466461870964,3.62755979079484,-6.10352164818768,-1.39043507887912,-15.6483174785557,-0,-0.233805206717418,0,-2.09484082485195,1,0
20.84,0,0,-0.998080124913087,0.647466864855883,3.50474833882325,-6.17638249839543,-1.36350917938438,-15.1603764460054,-0,-0.226895218626413,0,-2.04811591422355,1,0
20.86,0,0,-0.985094108481321,0.651068281811153,3.3805536470408,-6.24187106343202,-1.33743178574452,-14.6630918611612,-0,-0.220189451545233,0,-2.00253444227119,1,0
20.88,0,0,-0.972040053266185,0.654270784019284,3.2551215924148,-6.30014620127619,-1.31241761497619,-14.157631764276,-0,-0.213681869830933,0,-1.95811903689023,1,0
20.9,0,0,-0.958925933959806,0.657074788917149,3.12859476145598,-6.35137782304238,-1.28865464552914,-13.6450713204655,-0,-0.207366616220778,0,-1.91489006931524,1,0
20.92,0,0,-0.945759713498151,0.659481053507277,3.00111224529716,-6.39574530071014,-1.26630621604533,-13.1263988823648,-0,-0.201238006560304,0,-1.87286580378855,1,0
20.94,0,0,-0.932549336343361,0.661490666850812,2.87280946533462,-6.43343600170887,-1.24551298761683,-12.6025216990051,-0,-0.195290524687201,0,-1.83206253823458,1,0
20.96,0,0,-0.919302721924401,0.663105041760687,2.74381802697829,-6.46464394211012,-1.22639477753267,-12.0742712900994,-0,-0.189518817466388,0,-1.7924947364452,1,0
20.98,0,0,-0.906027758250934,0.66432590580419,2.61426559921715,-6.48956855066105,-1.2090522720674,-11.5424085039354,-0,-0.183917689971838,0,-1.7541751522544,1,0
21,0,0,-0.892732295713204,0.665155291715429,2.48427581785689,-6.50841353634745,-1.19356862545052,-11.0076282761357,-0,-0.178482100810787,0,-1.71711494615524,1,0
21.02,0,0,-0.879424141078796,0.665595527310006,2.35396821042862,-6.52138585260498,-1.18001095176313,-10.4705641056542,-0,-0.173207157586146,0,-1.68132379478764,1,0
21.04,0,0,-0.866111051695362,0.665649224986642,2.22345814090121,-6.52869475170367,-1.16843171613655,-9.9317922635269,-0,-0.168088112493007,0,-1.64680999370268,1,0
21.06,0,0,-0.852800729906806,0.66531927089336,2.09285677245524,-6.53055092321511,-1.15887003127484,-9.39183574909239,-0,-0.163120358045307,0,-1.61358055378728,1,0
21.08,0,0,-0.839500817688886,0.664608813829222,1.96227104669481,-6.52716571083464,-1.15135286498972,-8.85116800762909,-0,-0.158299422928769,0,-1.58164129171242,1,0
21.1,0,0,-0.826218891508896,0.663521253946413,1.83180367778451,-6.51875040217415,-1.14589616411945,-8.31021642263059,-0,-0.153620967976426,0,-1.55099691474846,1,0
21.12,0,0,-0.812962457412796,0.662060231311725,1.70155316010321,-6.50551558646475,-1.14250589990428,-7.76936559524823,-0,-0.149080782263074,0,-1.52165110027245,1,0
21.14,0,0,-0.799738946342071,0.660229614381113,1.57161378810465,-6.48767057541477,-1.1411790396065,-7.22896042277423,-0,-0.144674779315157,0,-1.4936065702749,1,0
21.16,0,0,-0.786555709681561,0.658033488435993,1.44207568716665,-6.46542288275767,-1.14190444889499,-6.68930898741424,-0,-0.140398993432661,0,-1.46686516115629,1,0
21.18,0,0,-0.773420015038571,0.655476144025319,1.3130248542977,-6.43897775829674,-1.14466372925922,-6.1506852660071,-0,-0.136249576119721,0,-1.44142788908834,1,0
21.2,0,0,-0.760339042252753,0.652562065453152,1.18454320765068,-6.40853777251154,-1.14943199447688,-5.61333167078601,-0,-0.132222792620714,0,-1.41729501119945,1,0
21.22,0,0,-0.747319879635476,0.649295919347414,1.05670864386974,-6.37430244803353,-1.15617858993108,-5.07746143074229,-0,-0.128315018558724,0,-1.39446608282988,1,0
21.24,0,0,-0.734369520436747,0.645682543341802,0.929595102368081,-6.33646793452805,-1.16486775835728,-4.54326082264468,-0,-0.124522736673362,0,-1.37294001108839,1,0
21.26,0,0,-0.72149485953711,0.641726934899396,0.803272635701223,-6.29522672373571,-1.17545925539547,-4.01089126028691,-0,-0.120842533654992,0,-1.35271510492964,1,0
21.28,0,0,-0.708702690361458,0.637434240303261,0.677807485263384,-6.25076740163056,-1.18790891813003,-3.48049125007835,-0,-0.117271097072521,0,-1.33378912195909,1,0
21.3,0,0,-0.69599970201116,0.63280974383644,0.553262161593427,-6.20327443484453,-1.20216918961655,-2.95217822065937,-0,-0.113805212391991,0,-1.31615931216097,1,0
21.32,0,0,-0.683392476610535,0.627858857170927,0.429695528632046,-6.15292798868918,-1.21818960222168,-2.42605023381074,-0,-0.110441760083278,0,-1.29982245873383,1,0
21.34,0,0,-0.670887486863313,0.622587108982752,0.307162891323494,-6.0999037742765,-1.23591722243863,-1.90218758353649,-0,-0.107177712812306,0,-1.28477491620791,1,0
21.36,0,0,-0.658491093814409,0.617000134807913,0.18571608600351,-6.04437292240168,-1.25471849155596,-1.38048071938903,-0,-0.104010132716242,0,-1.2710045244002,0,0
21.38,0,0,-0.646209521563458,0.61110789912521,0.0654073257617349,-5.98582403929954,-1.23681103643818,-0.851552604770826,-0,-0.100936168759222,0,-1.25795771457531,0,0
21.4,0,0,-0.634048656616036,0.604933701702501,-0.0536792689914334,-5.92166987956327,-1.1545081251731,-0.314939973726601,-0,-0.0979530541662237,0,-1.24515533852601,0,0
21.42,0,0,-0.622013886255327,0.598502442850738,-0.171403855956541,-5.84921063881406,-1.01558385396406,0.218599937102031,-0,-0.0950581039327836,0,-1.23259492740343,0,0
21.44,0,0,-0.61011011744121,0.591837256778058,-0.28757706405044,-5.76619428331775,-0.828128544682863,0.739207286928306,-0,-0.0922487124083131,0,-1.22027390947509,0,0
21.46,0,0,-0.59834181193261,0.584959534834932,-0.40196898383057,-5.67081872662939,-0.600391000894213,1.23801375893093,-0,-0.0895223509508357,0,-1.20818961937936,0,0
21.48,0,0,-0.586713020754563,0.577888967477793,-0.514318123958658,-5.56172636309764,-0.340630208411246,1.70721319354526,-0,-0.0868765656510386,0,-1.19633930668341,0,0
21.5,0,0,-0.575227417655374,0.570643602951669,-0.624340187480662,-5.43799163411827,-0.0569781980767194,2.1401093504486,-0,-0.084308975123589,0,-1.18472014376138,0,0
21.52,0,0,-0.563888331240524,0.563239920573063,-0.731736535876023,-5.29910236602626,0.242684525164498,2.53114175149035,-0,-0.0818172683637268,0,-1.17332923301612,0,0
21.54,0,0,-0.552698775513171,0.555692916418467,-0.836202224095707,-5.14493566459908,0.550839895782828,2.87589084496499,-0,-0.0793992026672039,0,-1.1621636134738,0,0
21.56,0,0,-0.541661478595397,0.548016199189538,-0.937433505831589,-4.97572918083566,0.860428759820906,3.17106397752159,-0,-0.0770526016116991,0,-1.15122026678556,0,0
21.58,0,0,-0.530778909448951,0.540222094030494,-1.03513472471888,-4.79204857672928,1.16493241851521,3.41446386280673,-0,-0.0747753530978915,0,-1.14049612267447,0,0
21.6,0,0,-0.520053302458381,0.532321752113691,-1.12902452376485,-4.59475201912297,1.45843903849616,3.60494139558284,-0,-0.0725654074484281,0,-1.12998806386923,0,0
21.62,0,0,-0.509486679782445,0.524325263882324,-1.2188413217387,-4.3849525155469,1.73569498793754,3.74233477719594,-0,-0.070420775563076,0,-1.11969293056848,0,0
21.64,0,0,-0.499080871420944,0.516241773940996,-1.30434802128959,-4.16397887944877,1.9921414012717,3.82739699418552,-0,-0.0683395271283983,0,-1.10960752448079,0,0
21.66,0,0,-0.488837532983073,0.508079595711784,-1.38533592895137,-3.93333607480998,2.22393649491447,3.86171372841049,-0,-0.0663197888803411,0,-1.09972861248634,0,0
21.68,0,0,-0.478758161179584,0.499846324121354,-1.46162788173738,-3.69466564323486,2.42796435101135,3.84761377669089,-0,-0.0643597429181699,0,-1.09005292996608,0,0
21.7,0,0,-0.468844107094124,0.491548944749663,-1.53308058855401,-3.44970686169923,2.60183105424173,3.78807402344496,-0,-0.0624576250682362,0,-1.08057718384332,0,0
21.72,0,0,-0.459096587318733,0.483193938048835,-1.59958620702061,-3.20025921775622,2.74384920744754,3.68662094429205,-0,-0.0606117232961019,0,-1.07129805538148,0,0
21.74,0,0,-0.44951669306446,0.474787377427976,-1.6610731873631,-2.94814672262355,2.85301196504396,3.54723052552181,-0,-0.0588203761655929,0,-1.06221220277953,0,0
21.76,0,0,-0.440105397380209,0.466335020192332,-1.71750642476254,-2.6951845126865,2.92895780904781,3.37422836732086,-0,-0.0570819713433944,0,-1.05331626360439,0,0
21.78,0,0,-0.430863560631245,0.45784239051957,-1.76888676983327,-2.44314811796043,2.97192735178413,3.17219160143886,-0,-0.0553949441478426,0,-1.04460685709663,0,0
21.8,0,0,-0.421791934403144,0.449314853848958,-1.81524995374867,-2.1937457033091,2.98271348294894,2.94585410035668,-0,-0.0537577761406045,0,-1.03608058638265,0,0
21.82,0,0,-0.412891164007634,0.440757682247569,-1.85666498992439,-1.94859351596386,2.96260618810721,2.70001628876061,-0,-0.0521689937599821,0,-1.02773404062299,0,0
21.84,0,0,-0.404161789773591,0.432176110498799,-1.89323211812999,-1.70919470228422,2.9133333525694,2.43946069292192,-0,-0.0506271669946062,0,-1.01956379712306,0,0
21.86,0,0,-0.395604247309888,0.423575382829872,-1.92508035947424,-1.47692158877867,2.83699883084518,2.16887418299113,-0,-0.0491309080963311,0,-1.01156642342861,0,0
21.88,0,0,-0.387218866926779,0.414960790354678,-1.95236475196002,-1.25300145807911,2.73601900963477,1.89277768061876,-0,-0.0476788703311662,0,-1.00373847942464,0,0
21.9,0,0,-0.379005872399537,0.406337699454439,-1.975263336311,-1.03850579061794,2.61305902385032,1.61546392286657,-0,-0.0462697467671257,0,-0.99607651945285,0,0
21.92,0,0,-0.370965379252247,0.39771157144999,-1.99397396062954,-0.834342887846908,2.47096970281821,1.34094369596995,-0,-0.0449022690979006,0,-0.988577094458769,0,0
21.94,0,0,-0.363097392731417,0.389087974034854,-2.00871097025887,-0.641253743482782,2.31272623000386,1.07290078176727,-0,-0.0435752065012983,0,-0.981236754176715,0,0
21.96,0,0,-0.355401805628652,0.380472585037135,-2.01970184610793,-0.459810985855877,2.14136939673803,0.814655697826225,-0,-0.0422873645314189,0,-0.974052049356973,0,0
21.98,0,0,-0.347878396099444,0.371871189160132,-2.0271838507765,-0.290420677237504,1.95995022088415,0.569138161454035,-0,-0.0410375840435737,0,-0.967019534036812,0,0
22,0,0,-0.34052682561145,0.363289668416495,-2.03140073721645,-0.133326725171077,1.77147858747939,0.338868069527195,-0,-0.0398247401509764,0,-0.960135767854044,0,0
22.02,0,0,-0.33334663714082,0.354733987018884,-2.03259956951022,0.0113823636448002,1.57887645231179,0.125944661737729,-0,-0.0386477412122693,0,-0.953397318399319,0,0
22.04,0,0,-0.326337253719536,0.346210171521966,-2.03102769976637,0.14376467455583,1.38493603323566,-0.0679565745855536,-0,-0.0375055278489727,0,-0.946800763601142,0,0
22.06,0,0,-0.319497977420649,0.337724287026897,-2.02692993924876,0.264014320936554,1.19228329969406,-0.241579793788589,-0,-0.0363970719919716,0,-0.94034269413569,0,0
22.08,0,0,-0.312827988852014,0.329282410261121,-2.02054595579012,0.372449430880768,1.00334696015335,-0.394078088977364,-0,-0.0353213759561861,0,-0.934019715851955,0,0
22.1,0,0,-0.306326347212982,0.320890600334417,-2.01210792340639,0.469498991229228,0.82033304151056,-0.524996872444192,-0,-0.0342774715425855,0,-0.92782845220145,0,0
22.12,0,0,-0.299991990952711,0.312554867947957,-2.00183844393156,0.555688851175003,0.645205055359798,-0.634252061116058,-0,-0.0332644191667449,0,-0.92176554666082,0,0
22.14,0,0,-0.293823739053548,0.304281143797932,-1.98994875453065,0.631627178653693,0.479669654438943,-0.722103819450988,-0,-0.0322813070131555,0,-0.915827665135067,0,0
22.16,0,0,-0.287820292948544,0.296075246870558,-1.9766372292099,0.697989649551155,0.325167599551133,-0.7891266282419,-0,-0.0313272502145292,0,-0.910011498328758,0,0
22.18,0,0,-0.281980239068735,0.287942853272425,-1.9620881770046,0.755504632976642,0.182869783485569,-0.836176449963583,-0,-0.0304013900553586,0,-0.904313764072584,0,0
22.2,0,0,-0.276302052003548,0.279889466180673,-1.94647093445414,0.804938616004218,0.053677994459382,-0.864355750631571,-0,-0.0295028931990144,0,-0.898731209592791,0,0
22.22,0,0,-0.270784098246604,0.271920387432907,-1.92993924532519,0.847082088938813,-0.0617699523210416,-0.874977115782005,-0,-0.0286309509376868,0,-0.893260613711503,0,0
22.24,0,0,-0.265424640489516,0.264040691208456,-1.91263091636346,0.882736087872759,-0.163091130102706,-0.869526165384225,-0,-0.0277847784644936,0,-0.887898788966571,0,0
22.26,0,0,-0.260221842417898,0.256255200182084,-1.89466773417345,0.912699565611184,-0.250144911730984,-0.849624430592779,-0,-0.026963614167101,0,-0.882642583640454,0,0
22.28,0,0,-0.255173773956953,0.248568464459759,-1.87615562516936,0.937757735488964,-0.323017348840976,-0.816992805614523,-0,-0.0261667189422214,0,-0.877488883688578,0,0
22.3,0,0,-0.250278416908461,0.240984743534933,-1.8571850379181,0.958671505680713,-0.382003005519876,-0.773416132010814,-0,-0.0253933755303703,0,-0.872434614558779,0,0
22.32,0,0,-0.245533670916991,0.233507991434116,-1.83783152511272,0.976168094789321,-0.427584737874628,-0.720709411875458,-0,-0.0246428878702844,0,-0.867476742894604,0,0
22.34,0,0,-0.240937359700393,0.226141845153323,-1.81815650086226,0.990932893220914,-0.460411907483518,-0.66068608189998,-0,-0.0239145804724195,0,-0.862612278116531,0,0
22.36,0,0,-0.236487237478297,0.2188896164232,-1.7982081479497,1.00360260950647,-0.481277505488502,-0.595128713689481,-0,-0.0232077978109644,0,-0.8578382738765,0,0
22.38,0,0,-0.232180995532153,0.211754286781119,-1.77802244916919,1.01475971665898,-0.491094645870748,-0.525762438087969,-0,-0.0225219037338235,0,-0.853151829382434,0,0
22.4,0,0,-0.228016268831356,0.204738505873816,-1.75762431678001,1.0249281911596,-0.49087286207514,-0.454231323897096,-0,-0.0218562808900364,0,-0.848550090590803,0,0
22.42,0,0,-0.22399064266202,0.197844592864901,-1.73702879447258,1.03457051649652,-0.481694611478856,-0.382077875317393,-0,-0.0212103301741213,0,-0.844030251266531,0,0
22.44,0,0,-0.220101659197936,0.191074540778103,-1.71624230699353,1.04408590453916,-0.464692358124207,-0.31072574869269,-0,-0.0205834701868389,0,-0.839589553910804,0,0
22.46,0,0,-0.216346823956997,0.184430023569744,-1.69526393367916,1.05380967156898,-0.441026566551357,-0.241465728570012,-0,-0.0199751367118941,0,-0.835225290558518,0,0
22.48,0,0,-0.212723612090839,0.177912405692796,-1.67408668355622,1.06401369161373,-0.411864899356877,-0.175444946454322,-0,-0.0193847822081033,0,-0.830934803448187,0,0
22.5,0,0,-0.209229474460466,0.171522753890022,-1.65269875133793,1.07490783790315,-0.378362869129797,-0.113659273572645,-0,-0.0188118753165702,0,-0.826715485568114,0,0
22.52,0,0,-0.205861843456036,0.165261850935075,-1.63108473552544,1.08664231379788,-0.341646152502317,-0.0569487719756564,-0,-0.0182559003824275,0,-0.822564781083551,0,0
22.54,0,0,-0.202618138524804,0.159130211027836,-1.60922680187314,1.09931076741658,-0.302794730974865,-0.00599604678436626,-0,-0.0177163569907117,0,-0.818480185650323,0,0
22.56,0,0,-0.199495771377107,0.153128096543476,-1.58710577764378,1.11295407933856,-0.262828980655689,0.038672693397016,-0,-0.0171927595159567,0,-0.81445924662107,0,0
22.58,0,0,-0.196492150846352,0.147255535833438,-1.56470216432211,1.12756471009708,-0.222697791750817,0.0766840907787253,-0,-0.016684636685098,0,-0.810499563150794,0,0
22.6,0,0,-0.193604687384957,0.141512341780274,-1.54199705873055,1.14309149358137,-0.183268759138218,0.107811854235594,-0,-0.0161915311532948,0,-0.806598786208816,0,0
22.62,0,0,-0.190830797184074,0.135898130816715,-1.51897297475819,1.15944476378441,-0.145320448173534,0.131969001639035,-0,-0.0157129990922889,0,-0.80275461850457,0,0
22.64,0,0,-0.188167905910622,0.130412342131837,-1.49561456013748,1.17650170540407,-0.10953670543979,0.149198405958706,-0,-0.0152486097909296,0,-0.798964814334817,0,0
22.66,0,0,-0.185613452060501,0.125054256803451,-1.47190920484894,1.194111823442,-0.0765029528278861,0.159661929282171,-0,-0.0147979452675041,0,-0.79522717935996,0,0
22.68,0,0,-0.183164889931942,0.119823016615001,-1.44784753977364,1.21210243295372,-0.0467043753977513,0.163628430567672,-0,-0.0143605998935263,0,-0.791539570317105,0,0
22.7,0,0,-0.180819692227516,0.114717642337148,-1.42342382611964,1.23028407728178,-0.0205258891244914,0.161460929784722,-0,-0.0139361800286433,0,-0.787899894677385,0,0
22.72,0,0,-0.178575352297524,0.109737051277916,-1.39863623790243,1.24845579124435,0.00174624599241682,0.1536032035276,-0,-0.0135243036663328,0,-0.784306110254856,0,0
22.74,0,0,-0.176429386041143,0.10488007393056,-1.37348704134174,1.26641013464794,0.0199213188285096,0.14056607566729,-0,-0.0131246000900714,0,-0.780756224773973,0,0
22.76,0,0,-0.174379333484865,0.100145469574424,-1.34798267643624,1.28393793094125,0.0338997304963291,0.122913651626445,-0,-0.0127367095396647,0,-0.777248295402315,0,0
22.78,0,0,-0.172422760060395,0.0955319407106455,-1.32213374718364,1.30083265562997,0.043667402009733,0.101249726928939,-0,-0.0123602828874386,0,-0.773780428254771,0,0
22.8,0,0,-0.170557257606279,0.0910381462410516,-1.29595492792149,1.31689442904216,0.0492892059051305,0.0762045803094858,-0,-0.0119949813240014,0,-0.770350777874986,0,0
22.82,0,0,-0.168780445119076,0.0866627133246704,-1.26946479407298,1.3319335779933,0.0509016038935945,0.0484223393886553,-0,-0.0116404760532918,0,-0.766957546699317,0,0
22.84,0,0,-0.167089969280995,0.0824042478714042,-1.24268558619209,1.34577374068695,0.0487046718592844,0.0185490832364492,-0,-0.0112964479966408,0,-0.763598984508043,0,0
22.86,0,0,-0.165483504791437,0.0782613436563877,-1.21564291662114,1.35825449865269,0.0429536898367486,-0.0127781784406291,-0,-0.0109625875055792,0,-0.760273387868038,0,0
22.88,0,0,-0.163958754530005,0.0742325900609679,-1.18836542830606,1.36923352853682,0.0339504682748497,-0.0449415347757675,-0,-0.0106385940831329,0,-0.756979099570532,0,0
22.9,0,0,-0.16251344957824,0.070316578466897,-1.16088441537349,1.37858827500878,0.0220345732326246,-0.0773511221780144,-0,-0.0103241761133555,0,-0.753714508067086,0,0
22.92,0,0,-0.161145349126554,0.0665119073490056,-1.13323341496913,1.38621715383209,0.00757460247219413,-0.109452926613487,-0,-0.0100190505988543,0,-0.750478046906304,0,0
22.94,0,0,-0.159852240291845,0.0628171861281605,-1.10544777960427,1.39204030119398,-0.00904034795546984,-0.140735398410907,-0,-0.00972294290607341,0,-0.747268194173359,0,0
22.96,0,0,-0.158631937869809,0.059231037860604,-1.07756423887154,1.39599989163417,-0.0274089007629598,-0.170734860939132,-0,-0.00943558651810519,0,-0.744083471933844,0,0
22.98,0,0,-0.157482284044386,0.0557521008517553,-1.04962045888889,1.39806005231763,-0.0471251870037032,-0.199039715760487,-0,-0.00915672279480689,0,-0.740922445683051,0,0
23,0,0,-0.156401148074873,0.052379029292204,-1.02165460722867,1.39820640593368,-0.0677861125244781,-0.225293466463776,-0,-0.00888610074000717,0,-0.737783723801316,0,0
23.02,0,0,-0.155386425979224,0.0491104930209617,-0.993704930405559,1.39644527816605,-0.0889980215072925,-0.249196601129625,-0,-0.00862347677559253,0,-0.734665957015678,0,0
23.04,0,0,-0.154436040229898,0.0459451765261156,-0.965809350248163,1.39280260847106,-0.11038269328725,-0.270507389125124,-0,-0.00836861452227063,0,-0.731567837867789,0,0
23.06,0,0,-0.153547939476384,0.0428817772959334,-0.938005084684065,1.38732260484465,-0.131582624443317,-0.28904166155919,-0,-0.00812128458681292,0,-0.728488100187651,0,0
23.08,0,0,-0.152720098306238,0.0399190036343193,-0.910328297641641,1.3800661843852,-0.152265563559296,-0.304671656189323,-0,-0.00788126435558532,0,-0.725425518572533,0,0
23.1,0,0,-0.151950517054233,0.0370555720534604,-0.882813781931099,1.37110924181231,-0.172128280820495,-0.317324016831625,-0,-0.00764833779418085,0,-0.722378907870211,0,0
23.12,0,0,-0.151237221666967,0.0342902043536894,-0.85549467812654,1.36054078773422,-0.190899568552773,-0.326977044403236,-0,-0.00742229525297413,0,-0.71934712266547,0,0
23.14,0,0,-0.150578263628107,0.0316216244962056,-0.828402231644193,1.34846099742908,-0.20834248175807,-0.333657301669099,-0,-0.00720293327842257,0,-0.716329056768724,0,0
23.16,0,0,-0.149971719947419,0.0290485553685352,-0.801565589411937,1.3349792092852,-0.224255839516793,-0.337435676653583,-0,-0.00699005442994443,0,-0.713323642705485,0,0
23.18,0,0,-0.149415693214777,0.0265697155356614,-0.775011636762973,1.32021190990401,-0.238475018703887,-0.338423010620542,-0,-0.00678346710220897,0,-0.710329851205414,0,0
23.2,0,0,-0.14890831171858,0.0241838160618381,-0.74876487447156,1.30428074028143,-0.250872080722164,-0.336765395654952,-0,-0.00658298535267875,0,-0.707346690689642,0,0
23.22,0,0,-0.148447729626382,0.0218895574794018,-0.722847335189526,1.28731055452568,-0.261355279841383,-0.332639244346676,-0,-0.00638842873424876,0,-0.704373206755086,0,0
23.24,0,0,-0.148032127224102,0.0196856269716292,-0.697278537945113,1.26942755931806,-0.269868008219015,-0.326246230050918,-0,-0.00619962213283188,0,-0.701408481654576,0,0
23.26,0,0,-0.147659711208963,0.0175706958270465,-0.672075478836025,1.25075755885501,-0.276387237767878,-0.31780819085888,-0,-0.00601639560974434,0,-0.69845163377164,0,0
23.28,0,0,-0.147328715030214,0.0155434172127628,-0.647252655589706,1.23142432639644,-0.280921522749277,-0.307562083944639,-0,-0.0058385842487495,0,-0.695501817088942,0,0
23.3,0,0,-0.147037399270875,0.0136024243045525,-0.622822123278165,1.21154811985961,-0.283508629351187,-0.295755069551476,-0,-0.00566602800762206,0,-0.69255822064949,0,0
23.32,0,0,-0.146784052063078,0.0117463288017176,-0.598793578162876,1.1912443552038,-0.284212859621327,-0.282639795735892,-0,-0.00549857157409924,0,-0.689620068009856,0,0
23.34,0,0,-0.146566989529092,0.0099737198453599,-0.575174466406898,1.17062244771131,-0.283122137042759,-0.268469946290419,-0,-0.00533606422608931,0,-0.686686616684818,0,0
23.36,0,0,-0.146384556239865,0.00828316334972285,-0.55197011422477,1.14978482774035,-0.280344919856777,-0.253496105202128,-0,-0.00517835969601152,0,-0.683757157582995,0,0
23.38,0,0,-0.146235125682791,0.00667320174783654,-0.529183875943246,1.12882613415484,-0.276007006057278,-0.237961981749387,-0,-0.00502531603914539,0,-0.680831014433205,0,0
23.4,0,0,-0.146117100730467,0.0051423541449135,-0.506817296413876,1.10783258546836,-0.270248290914018,-0.222101031061517,-0,-0.00487679550587088,0,-0.67790754320144,0,0
23.42,0,0,-0.146028914102419,0.00368911686587733,-0.484870284247399,1.08688152581131,-0.263219534046882,-0.206133495818881,-0,-0.00473266441768447,0,-0.674986131498531,0,0
23.44,0,0,-0.14596902881209,0.0023119643771216,-0.463341292424788,1.0660411401719,-0.255079188590943,-0.190263885895495,-0,-0.00459279304687944,0,-0.672066197978707,0,0
23.46,0,0,-0.145935938591865,0.00100935055713739,-0.442227502974942,1.04537033099553,-0.245990339985354,-0.174678904267271,-0,-0.0044570554997822,0,-0.669147191729424,0,0
23.48,0,0,-0.145928168289433,-0.000220289713959368,-0.421525012588403,1.02491874617125,-0.23611779651031,-0.159545819536515,-0,-0.00432532960343951,0,-0.666228591652969,0,0
23.5,0,0,-0.145944274229455,-0.00137853867971419,-0.401229016253826,1.00472694669747,-0.225625368004721,-0.145011278049538,-0,-0.00419749679565454,0,-0.663309905840476,0,0
23.52,0,0,-0.145982844535185,-0.00246699358403258,-0.381333986252709,0.984826700907174,-0.214673363338104,-0.131200541885409,-0,-0.00407344201827288,0,-0.660390670939098,0,0
23.54,0,0,-0.146042499405465,-0.00348726433793477,-0.36183384412176,0.965241391043447,-0.203416331292463,-0.118217133028728,-0,-0.0039530536136225,0,-0.657470451513191,0,0
23.56,0,0,-0.146121891343279,-0.00444097101624486,-0.342722123484662,0.94598651720341,-0.192001063635511,-0.106142858850583,-0,-0.00383622322401426,0,-0.654548839400428,0,0
23.58,0,0,-0.146219705332884,-0.00532974122455845,-0.323992121959843,0.92707028320056,-0.180564873428689,-0.0950381896355355,-0,-0.00372284569421266,0,-0.651625453063863,0,0
23.6,0,0,-0.146334658963317,-0.00615520737658094,-0.305637040662094,0.908494248717189,-0.16923415609627,-0.0849429553206417,-0,-0.00361281897678909,0,-0.648699936940976,0,0
23.62,0,0,-0.146465502496874,-0.00691900392101723,-0.287650110127962,0.89025403221075,-0.158123235559195,-0.0758773258511795,-0,-0.00350604404027222,0,-0.645771960790801,0,0
23.64,0,0,-0.146611018881946,-0.00762276455568936,-0.270024701802547,0.872340049378753,-0.147333492872948,-0.0678430375916275,-0,-0.00340242478001298,0,-0.64284121904024,0,0
23.66,0,0,-0.146770023710304,-0.0082681194645301,-0.252754424523951,0.854738272551511,-0.136952770355439,-0.0608248270313482,-0,-0.00330186793168392,0,-0.639907430130678,0,0
23.68,0,0,-0.146941365119631,-0.00885669261062209,-0.235833205726927,0.837430997144671,-0.127055040190641,-0.054792032553372,-0,-0.00320428298733502,0,-0.636970335865996,0,0
23.7,0,0,-0.147123923642736,-0.00939009911559895,-0.219255357355544,0.820397602236213,-0.117700322978102,-0.0497003252453001,-0,-0.00310958211393037,0,-0.634029700763078,0,0
23.72,0,0,-0.147316612005439,-0.00986994275257201,-0.203015626722899,0.803615293407445,-0.108934838688414,-0.0454935305672101,-0,-0.00301768007429262,0,-0.63108531140584,0,0
23.74,0,0,-0.147518374875661,-0.0102978135763693,-0.187109232781346,0.787059817175832,-0.100791369991497,-0.0421055040924142,-0,-0.00292849415038364,0,-0.628136975803809,0,0
23.76,0,0,-0.14772818856666,-0.0106752857113454,-0.171531888467587,0.770706137621268,-0.0932898159499518,-0.0394620264364724,-0,-0.0028419440688528,0,-0.625184522756164,0,0
23.78,0,0,-0.147945060697735,-0.011003915313409,-0.156279809961658,0.754529067139051,-0.0864379126068317,-0.0374826848191117,-0,-0.00275795192878551,0,-0.622227801222164,0,0
23.8,0,0,-0.148168029816034,-0.0112852387192923,-0.141349713846597,0.738503844616247,-0.0802320960313407,-0.0360827113918809,-0,-0.00267644213158709,0,-0.619266679698742,0,0
23.82,0,0,-0.148396164983298,-0.0115207707925016,-0.126738803275927,0.722606655698288,-0.0746584828952619,-0.0351747514398212,-0,-0.00259734131293903,0,-0.616301045606026,0,0
23.84,0,0,-0.148628565331534,-0.0117120034719123,-0.112444744349176,0.706815091166689,-0.0696939436094643,-0.0346705377575496,-0,-0.00252057827676604,0,-0.613330804681446,0,0
23.86,0,0,-0.14886435959173,-0.0118604045256415,-0.0984656339619715,0.691108540765487,-0.0653072434203823,-0.0344824508398998,-0,-0.00244608393115487,0,-0.610355880382993,0,0
23.88,0,0,-0.149102705599678,-0.0119674165096983,-0.0847999604378109,0.675468521074684,-0.061460227613424,-0.0345249479487943,-0,-0.00237379122616689,0,-0.607376213302153,0,0
23.9,0,0,-0.149342789783007,-0.0120344559280082,-0.0714465582646018,0.659878937217096,-0.0581090280530063,-0.0347158475582916,-0,-0.0023036350934886,0,-0.604391760586908,0,0
23.92,0,0,-0.149583826633375,-0.0120629125877701,-0.058404558252185,0.644326279286478,-0.0552052696640465,-0.0349774590814128,-0,-0.00223555238786577,0,-0.601402495375161,0,0
23.94,0,0,-0.149825058167651,-0.0120541491417487,-0.0456733343990848,0.628799755388204,-0.0526972570824894,-0.0352375510919654,-0,-0.00216948183026848,0,-0.598408406238821,0,0
23.96,0,0,-0.150065753381735,-0.0120095008070541,-0.0332524487097608,0.613291364079897,-0.0505311235273259,-0.0354301544245961,-0,-0.00210536395273583,0,-0.595409496638758,0,0
23.98,0,0,-0.15030520770041,-0.0119302752482257,-0.0211415951398701,0.597795909781782,-0.0486519259282154,-0.035496199525764,-0,-0.00204314104485073,0,-0.592405784390717,0,0
24,0,0,-0.150542742426389,-0.0118177526110179,-0.00934054376881142,0.582310965390808,-0.0470046724367987,-0.0353839902009331,-0,-0.0019827571017967,0,-0.58939730114225,0,0
24.02,0,0,-0.150777704191425,-0.0116731856921886,0.00215091379149984,0.566836786876917,-0.0455352706130825,-0.0350495184306514,-0,-0.0019241577739497,0,-0.586384091860655,0,0
24.04,0,0,-0.151009464412046,-0.0114978002298047,0.0133330168426892,0.551376185064194,-0.0441913867700831,-0.03445662718668,-0,-0.00186729031795983,0,-0.583366214331843,0,0
24.06,0,0,-0.151237418752171,-0.0112927952980948,0.0242060850991887,0.535934360106379,-0.0429232091420034,-0.0335770301528356,-0,-0.00181210354927873,0,-0.580343738670033,0,0
24.08,0,0,-0.151460986594525,-0.0110593437906871,0.0347705645513913,0.520518704358962,-0.0416841096784344,-0.0323901989322748,-0,-0.00175854779609007,0,-0.577316746838107,0,0
24.1,0,0,-0.151679610522485,-0.0107985929761376,0.0450270691184366,0.505138579434545,-0.0404312013276755,-0.0308831296989799,-0,-0.00170657485460151,0,-0.574285332178429,0,0
24.12,0,0,-0.15189275581361,-0.010511665109983,0.054976417632097,0.489805073210963,-0.0391257896281672,-0.0290500023260112,-0,-0.00165613794565809,0,-0.571249598953923,0,0
24.14,0,0,-0.152099909945858,-0.0101996580880914,0.0646196658076638,0.474530742450968,-0.0377337192539999,-0.0268917458021472,-0,-0.0016071916726378,0,-0.568209661899144,0,0
24.16,0,0,-0.152300582117167,-0.00986364612683202,0.0739581329690871,0.459329346496864,-0.0362256178382361,-0.0244155242412185,-0,-0.00155969198059154,0,-0.565165645781098,0,0
24.18,0,0,-0.152494302778781,-0.00950468045649872,0.0829934234023066,0.44421557723311,-0.0345770409100749,-0.0216341580086022,-0,-0.00151359611659075,0,-0.562117684969536,0,0
24.2,0,0,-0.152680623182483,-0.00912379001548183,0.0917274423113133,0.429204790174602,-0.0327685231163768,-0.0185654944537322,-0,-0.00146886259124684,0,-0.559065923016433,0,0
24.22,0,0,-0.152859114941615,-0.00872198213385563,0.100162406444826,0.41431274114865,-0.0307855420462954,-0.0152317424664702,-0,-0.00142545114136795,0,-0.556010512244394,0,0
24.24,0,0,-0.15302936960559,-0.00830024319631254,0.108300849546548,0.399555332605,-0.0286184019349627,-0.011658784590688,-0,-0.00138332269371936,0,-0.552951613343697,0,0
24.26,0,0,-0.153190998247364,-0.00785953927569627,0.116145622858045,0.384948373121237,-0.0262620452871048,-0.00787547975493806,-0,-0.00134243932985498,0,-0.549889394977719,0,0
24.28,0,0,-0.153343631063245,-0.00740081672974344,0.123699890969739,0.370507353180566,-0.0237158010361148,-0.00391296884275359,-0,-0.0013027642519881,0,-0.54682403339649,0,0
24.3,0,0,-0.153486916984197,-0.00692500275500975,0.130967123372059,0.35624723979532,-0.020983078243468,0.000196005649624484,-0,-0.00126426174987102,0,-0.543755712058125,0,0
24.32,0,0,-0.153620523297767,-0.0064330058933097,0.137951082105145,0.342182292041778,-0.018071014555085,0.00441775570610684,-0,-0.00122689716865329,0,-0.540684621257933,0,0
24.34,0,0,-0.153744135279631,-0.00592571648731808,0.144655805941802,0.328325899068644,-0.0149900886753117,0.00871827064294487,-0,-0.0011906368776901,0,-0.537610957764986,0,0
24.36,0,0,-0.153857455833727,-0.0054040070832469,0.151085591564682,0.314690441650872,-0.0117537060075996,0.0130637989585578,-0,-0.00115544824027241,0,-0.534534924465962,0,0
24.38,0,0,-0.153960205139906,-0.0048687327797075,0.157244972215377,0.301287177889429,-0.00837776635735782,0.017421382683495,-0,-0.00112129958425165,0,-0.531456730016124,0,0
24.4,0,0,-0.15405212030802,-0.00432073152297965,0.163138694300614,0.288126153212393,-0.00488022221177839,0.0217593390080809,-0,-0.00108816017353275,0,-0.528376588497264,0,0
24.42,0,0,-0.154132955037388,-0.00376082434992561,0.168771692439654,0.275216134418868,-0.00128063561958936,0.0260476852294618,-0,-0.00105600018040948,0,-0.525294719082518,0,0
24.44,0,0,-0.15420247928062,-0.00318981558069894,0.174149063427969,0.262564567128893,0.00240025889281226,0.0302585042933198,-0,-0.00102479065871757,0,-0.522211345707946,0,0
24.46,0,0,-0.15426047891081,-0.00260849296419743,0.179276039576116,0.250177555663501,0.00614097859669977,0.0343662493900844,-0,-0.00099450351778119,0,-0.519126696750799,0,0
24.48,0,0,-0.1543067553912,-0.00201762777989307,0.184157961860102,0.23805986408179,0.00991969798099586,0.0383479871857399,-0,-0.000965111497129419,0,-0.516041004714415,0,0
24.5,0,0,-0.154341125446476,-0.00141797490023719,0.188800253291537,0.226214936848163,0.0137146300397938,0.0421835803092701,-0,-0.000936588141960021,0,-0.512954505919706,0,0
24.52,0,0,-0.15436342073496,-0.000810272818285439,0.193208392883092,0.214644937393527,0.0175043789484712,0.0458558106716905,-0,-0.000908907779328314,0,-0.509867440203207,0,0
24.54,0,0,-0.154373487521043,-0.000195243645517136,0.197387890548399,0.203350802669366,0.0212682604607048,0.0493504460461167,-0,-0.000882045495039792,0,-0.506780050621681,0,0
24.56,0,0,-0.154371186347324,0.000426406914959785,0.201344263236168,0.192332311672575,0.0249865871687411,0.0526562530881857,-0,-0.000855977111225674,0,-0.503692583163272,0,0
24.58,0,0,-0.154356391706008,0.00105398961451814,0.205083012557051,0.1815881658403,0.028640916564868,0.0557649606166634,-0,-0.000830679164581182,0,-0.50060528646523,0,0
24.6,0,0,-0.154328991709237,0.0016868317191276,0.208609604119275,0.171116079176043,0.0322142606111806,0.0586711775034245,-0,-0.00080612888524699,0,-0.497518411538209,0,0
24.62,0,0,-0.154288887758113,0.00232427707825607,0.211929448746269,0.160912875968327,0.0356912562567982,0.0613722699392779,-0,-0.000782304176314808,0,-0.49443221149718,0,0
24.64,0,0,-0.154235994210312,0.00296568619750594,0.215047885707005,0.150974593998471,0.039058297027436,0.0638682031496412,-0,-0.000759183593938677,0,-0.491346941298968,0,0
24.66,0,0,-0.154170238046235,0.00361043631018113,0.217970168048342,0.141296591201288,0.0423036264438937,0.0661613528346565,-0,-0.000736746328034063,0,-0.488262857486462,0,0
24.68,0,0,-0.154091558533782,0.0042579214432933,0.220701450078843,0.131873653838128,0.0454173945973219,0.0682562917069802,-0,-0.000714972183547368,0,-0.485180217939507,0,0
24.7,0,0,-0.153999906891894,0.00490755247388237,0.223246777015894,0.122700104362062,0.0483916797152297,0.0701595565031654,-0,-0.000693841562279028,0,-0.482099281632519,0,0
24.72,0,0,-0.153895245953103,0.00555875717193924,0.225611076772928,0.113769907296188,0.0512204769897337,0.0718794007587285,-0,-0.000673335445243806,0,-0.479020308398836,0,0
24.74,0,0,-0.153777549825375,0.006210980226665,0.227799153831523,0.105076771604176,0.0538996573065214,0.073425538470541,-0,-0.00065343537555242,0,-0.475943558701825,0,0
24.76,0,0,-0.153646803553624,0.00686368325327217,0.229815685114444,0.096614248203343,0.0564268988087284,0.0748088835321399,-0,-0.000634123441799099,0,-0.472869293412763,0,0
24.78,0,0,-0.153503002781308,0.0075163447780195,0.23166521775047,0.0883758214510039,0.0588015944549432,0.0760412895270771,-0,-0.000615382261940113,0,-0.469797773595478,0,0
24.8,0,0,-0.153346153412548,0.00816846019966298,0.233352168600328,0.0803549936208423,0.0610247388865286,0.0771352941125515,-0,-0.000597194967648757,0,-0.46672926029776,0,0
24.82,0,0,-0.153176271275272,0.00881954172599371,0.234880825395277,0.0725453615741635,0.0630987980090459,0.0781038718294397,-0,-0.000579545189132714,0,-0.46366401434952,0,0
24.84,0,0,-0.152993381785884,0.00946911828461045,0.236255349325835,0.0649406850178381,0.0650275647193462,0.078960198746143,-0,-0.000562417040400139,0,-0.460602296167665,0,0
24.86,0,0,-0.152797519615979,0.0101167354075329,0.237479778907849,0.0575349459235545,0.0668160041782022,0.0797174318909174,-0,-0.000545795104961208,0,-0.457544365567671,0,0
24.88,0,0,-0.152588728361622,0.0107619550896964,0.238558034946341,0.0503223988589647,0.0684700919431025,0.080388505960776,-0,-0.000529664421952215,0,-0.454490481581789,0,0
24.9,0,0,-0.152367060215726,0.0114043556217721,0.239493926414268,0.0432976121480646,0.0699966481425397,0.0809859493226126,-0,-0.000514010472669805,0,-0.451440902283835,0,0
24.92,0,0,-0.15213257564401,0.0120435313981272,0.240291157063278,0.036455499933643,0.0714031706975812,0.0815217208525912,-0,-0.000498819167503137,0,-0.448395884620505,0,0
24.94,0,0,-0.151885343065051,0.0126790927010703,0.240953332586419,0.0297913453571709,0.0726976703848448,0.0820070687003721,-0,-0.000484076833252314,0,-0.44535568424912,0,0
24.96,0,0,-0.151625438534866,0.0133106654628189,0.24148396815838,0.0233008151997108,0.0738885102934083,0.0824524116222104,-0,-0.000469770200821552,0,-0.442320555381735,0,0
24.98,0,0,-0.151352945436465,0.0139378910068731,0.241886496186892,0.0169799664402899,0.0749842519629207,0.0828672431074665,-0,-0.000455886393276116,0,-0.439290750635499,0,0
25,0,0,-0.151067954174775,0.0145604257706863,0.242164274119004,0.0108252452850063,0.0759935102074102,0.0832600581315931,-0,-0.000442412914252201,0,-0.436266520889182,0,0
25.02,0,0,-0.150770561877271,0.0151779410116807,0.242320592157876,0.00483347930054694,0.0769248183349697,0.0836383020096796,-0,-0.000429337636709375,0,-0.433248115145733,0,0
25.04,0,0,-0.15046087210064,0.0157901224987791,0.242358680759059,-0.000998136650289627,0.0777865051733731,0.0840083405015242,-0,-0.000416648792015393,0,-0.430235780400777,0,0
25.06,0,0,-0.15013899454374,0.0163966701916944,0.242281717789687,-0.0066720599258476,0.0785865850111115,0.0843754500344787,-0,-0.000404334959353672,0,-0.42722976151691,0,0
25.08,0,0,-0.149805044767074,0.0169972979102582,0.242092835249253,-0.0121904242986491,0.0793326612672978,0.0847438266659411,-0,-0.000392385055443756,0,-0.424230301103673,0,0
25.1,0,0,-0.149459143918965,0.0175917329960667,0.241795125466381,-0.0175550680305945,0.0800318444169278,0.0851166122041006,-0,-0.000380788324565642,0,-0.421237639403067,0,0
25.12,0,0,-0.149101418468544,0.0181797159686835,0.241391646701905,-0.0227675650343811,0.0806906844241121,0.0854959357436906,-0,-0.000369534328878877,0,-0.41825201418048,0,0
25.14,0,0,-0.148731999945667,0.0187610001785734,0.240885428104427,-0.027829258336104,0.0813151176786216,0.0858829687526804,-0,-0.000358612939027808,0,-0.415273660620882,0,0
25.16,0,0,-0.14835102468777,0.0193353514588416,0.240279473979977,-0.0327412950769709,0.0819104281934064,0.086277991764707,-0,-0.000348014325024498,0,-0.412302811230155,0,0
25.18,0,0,-0.147958633593702,0.0199025477777318,0.239576767352366,-0.0375046623257957,0.0824812226050661,0.0866804706891936,-0,-0.000337728947401045,0,-0.409339695741413,0,0
25.2,0,0,-0.147554971884469,0.0204623788936947,0.238780272804918,-0.0421202230170661,0.083031418327447,0.087089140744056,-0,-0.000327747548623435,0,-0.406384541026178,0,0
25.22,0,0,-0.147140188870854,0.0210146460146773,0.237892938607531,-0.0465887513804805,0.0835642440419682,0.0875020960422539,-0,-0.00031806114475913,0,-0.403437571010273,0,0
25.24,0,0,-0.146714437727782,0.0215591614631117,0.236917698145075,-0.0509109672854798,0.084082251567759,0.0879168829202205,-0,-0.000308661017390903,0,-0.400499006594293,0,0
25.26,0,0,-0.146277875275324,0.022095748347899,0.235857470674097,-0.0550875689870157,0.0845873380405524,0.0883305951800602,-0,-0.000299538705769736,0,-0.397569065578523,0,0
25.28,0,0,-0.145830661766182,0.0226242402444957,0.234715161444376,-0.0591192638251782,0.0850807772414165,0.088739969524866,-0,-0.0002906859991995,0,-0.394647962592174,0,0
25.3,0,0,-0.145372960679483,0.0231444808840188,0.233493661230165,-0.0630067964999893,0.0855632588542494,0.0891414795944042,-0,-0.000282094929646808,0,-0.391735909026796,0,0
25.32,0,0,-0.144904938520691,0.023656323852098,0.232195845322818,-0.0667509746123446,0.0860349343935983,0.08953142715238,-0,-0.000273757764569268,0,-0.388833112973769,0,0
25.34,0,0,-0.144426764627448,0.0241596322980149,0.230824572041987,-0.0703526912315357,0.0864954685305324,0.0899060291337918,-0,-0.00026566699995563,0,-0.385939779165719,0,0
25.36,0,0,-0.143938610981116,0.0246542786544908,0.229382680826693,-0.0738129443178838,0.0869440945524151,0.0902614994271663,-0,-0.000257815353571708,0,-0.383056108921776,0,0
25.38,0,0,-0.143440652023822,0.0251401443683153,0.227872989970322,-0.0771328528947476,0.0873796727207272,0.0905941244387286,-0,-0.00025019575840584,0,-0.380182300096532,0,0
25.4,0,0,-0.14293306448078,0.0256171196418464,0.226298294065098,-0.080313669926626,0.0878007503375485,0.0909003316605832,-0,-0.000242801356308137,0,-0.377318547032615,0,0
25.42,0,0,-0.142416027187675,0.0260851031852679,0.224661361221856,-0.0833567919184897,0.088205622393813,0.0911767506392028,-0,-0.00023562549181768,0,-0.37446504051676,0,0
25.44,0,0,-0.141889720922896,0.0265440019793554,0.222964930130075,-0.0862637653051858,0.0885923917487241,0.0914202659117455,-0,-0.000228661706172112,0,-0.371621967739286,0,0
25.46,0,0,-0.141354328244409,0.0269937310483862,0.221211707021296,-0.0890362897482378,0.0889590278774934,0.0916280616428946,-0,-0.000221903731494381,0,-0.36878951225688,0,0
25.48,0,0,-0.140810033331081,0.0274342132427263,0.219404362596208,-0.0916762185002186,0.0893034233214987,0.0917976578519966,-0,-0.000215345485151182,0,-0.365967853958599,0,0
25.5,0,0,-0.140257021828253,0.0278653790305406,0.217545528972173,-0.0941855560338165,0.0896234470787825,0.0919269382672479,-0,-0.000208981064278191,0,-0.363157169035006,0,0
25.52,0,0,-0.139695480697396,0.0282871662980075,0.21563779670363,-0.0965664531635959,0.0899169942812786,0.0920141699788669,-0,-0.000202804740467091,0,-0.360357629950346,0,0
25.54,0,0,-0.139125598069683,0.0286995201573603,0.213683711923052,-0.0988211999132174,0.0901820316161412,0.0920580151853899,-0,-0.000196810954609612,0,-0.357569405417699,0,0
25.56,0,0,-0.138547563103328,0.0291023927620471,0.211685773644861,-0.100952216399594,0.0904166380600403,0.092057535435077,-0,-0.000190994311893976,0,-0.354792660377015,0,0
25.58,0,0,-0.137961565844555,0.0294957431282742,0.209646431269113,-0.10296204201826,0.0906190406053892,0.0920121888578073,-0,-0.000185349576949163,0,-0.352027555975971,0,0
25.6,0,0,-0.137367797092082,0.0298795369621922,0.207568082316047,-0.104853323221376,0.0907876447645097,0.0919218209606389,-0,-0.000179871669132761,0,-0.349274249553572,0,0
25.62,0,0,-0.136766448265006,0.0302537464919922,0.205453070416705,-0.106628800181561,0.0909210597401598,0.0917866496229701,-0,-0.000174555657958049,0,-0.346532894626427,0,0
25.64,0,0,-0.136157711274008,0.0306183503041914,0.203303683578984,-0.10829129263156,0.0910181182473348,0.0916072449745282,-0,-0.000169396758656175,0,-0.343803640877636,0,0
25.66,0,0,-0.135541778395791,0.0309733331834239,0.201122152742783,-0.109843685162014,0.0910778910606544,0.0913845048721055,-0,-0.000164390327869614,0,-0.341086634148217,0,0
25.68,0,0,-0.134918842150701,0.0313186859550839,0.198910650632344,-0.111288912247776,0.0910996964430456,0.0911196267090983,-0,-0.000159531859472754,0,-0.338382016431019,0,0
25.7,0,0,-0.134289095183459,0.0316544053302192,0.196671290908641,-0.112629943257835,0.0910831046840773,0.0908140762969711,-0,-0.000154816980516177,0,-0.33568992586704,0,0
25.72,0,0,-0.133652730146989,0.031980493752126,0.194406127619751,-0.113869767685483,0.0910279380396822,0.0904695545498495,-0,-0.000150241447290589,0,-0.333010496744115,0,0
25.74,0,0,-0.133009939589297,0.0322969592441513,0.192117154942588,-0.115011380814399,0.0909342664187643,0.0900879626844966,-0,-0.000145801141507293,0,-0.33034385949788,0,0
25.76,0,0,-0.132360915843383,0.0326038152582754,0.189806307205349,-0.116057770013435,0.0908023992061829,0.0896713666183883,-0,-0.000141492066591399,0,-0.327690140714982,0,0
25.78,0,0,-0.131705850920178,0.0329010805241108,0.187475459176337,-0.117011901828465,0.0906328736458527,0.0892219612102709,-0,-0.000137310344084679,0,-0.325049463138452,0,0
25.8,0,0,-0.131044936404504,0.0331887788980179,0.18512642660177,-0.117876710014426,0.0904264402323662,0.0887420349414284,-0,-0.000133252210154651,0,-0.322421945675193,0,0
25.82,0,0,-0.130378363354045,0.0334669392121067,0.182760966972551,-0.118655084624842,0.0901840455749626,0.0882339355834358,-0,-0.000129314012206901,0,-0.319807703405517,0,0
25.84,0,0,-0.129706322201346,0.0337355951229592,0.180380780497875,-0.119349862250431,0.0899068132042757,0.0877000373407888,-0,-0.000125492205597481,0,-0.317206847594672,0,0
25.86,0,0,-0.12902900265884,0.0339947849599658,0.17798751126202,-0.119963817473041,0.089596022790666,0.0871427098955378,-0,-0.000121783350442509,0,-0.314619485706303,0,0
25.88,0,0,-0.128346593626909,0.0342445515732353,0.175582748539518,-0.120499655576685,0.0892530882337035,0.0865642897176303,-0,-0.000118184108522046,0,-0.312045721417772,0,0
25.9,0,0,-0.127659283104997,0.0344849421810887,0.173168028243379,-0.120960006534056,0.0888795350662821,0.0859670539399046,-0,-0.000114691240275445,0,-0.309485654637302,0,0
25.92,0,0,-0.126967258105776,0.0347160082172018,0.170744834480831,-0.121347420265063,0.0884769775946688,0.0853531970320053,-0,-0.000111301601885556,0,-0.30693938152285,0,0
25.94,0,0,-0.126270704572362,0.0349378051775067,0.168314601191356,-0.12166436314368,0.088047096168365,0.0847248104437586,-0,-0.00010801214244905,0,-0.304406994502682,0,0
25.96,0,0,-0.12556980729861,0.0351503924670052,0.165878713842439,-0.121913215711168,0.0875916149418223,0.0840838653269814,-0,-0.000104819901230443,0,-0.301888582297564,0,0
25.98,0,0,-0.124864749852458,0.0353538332466794,0.163438511159468,-0.122096271537471,0.087112280454682,0.0834321983858785,-0,-0.00010172200499721,0,-0.299384229944519,0,0
26,0,0,-0.12415571450234,0.035548194280719,0.160995286867505,-0.122215737158559,0.0866108413191281,0.0827715008510368,-0,-9.8715665433638e-05,0,-0.296894018822084,0,0
26.02,0,0,-0.123442882146641,0.0357335457843026,0.158550291424252,-0.122273733005672,0.0860890292630105,0.0821033105211923,-0,-9.57981766312385e-05,0,-0.294418026677015,0,0
26.04,0,0,-0.122726432246197,0.0359099612721946,0.156104733725286,-0.122272295232889,0.0855485417363865,0.0814290067707857,-0,-9.29669126531821e-05,0,-0.291956327652367,0,0
26.06,0,0,-0.122006542759806,0.0360775174084243,0.153659782764587,-0.122213378342142,0.0849910262478193,0.0807498083804328,-0,-9.02193251708025e-05,0,-0.289508992316889,0,0
26.08,0,0,-0.121283390082735,0.036236293857326,0.151216569235485,-0.122098858499707,0.084418066555844,0.0800667740118986,-0,-8.75529411699452e-05,0,-0.287076087695694,0,0
26.1,0,0,-0.120557148988191,0.0363863731362169,0.148776187059255,-0.121930537435223,0.0838311708011304,0.0793808051193589,-0,-8.49653607250464e-05,0,-0.284657677302113,0,0
26.12,0,0,-0.119827992571718,0.0365278404699852,0.146339694830836,-0.121710146813329,0.0832317616265974,0.0786926510645161,-0,-8.24542548390761e-05,0,-0.282253821170699,0,0
26.14,0,0,-0.119096092198483,0.036660783647855,0.14390811717329,-0.121439352968901,0.0826211682965828,0.0780029161846108,-0,-8.00173633472706e-05,0,-0.279864575891314,0,0
26.16,0,0,-0.118361617453399,0.0367852928825808,0.141482445994819,-0.12111976189948,0.0820006207925756,0.0773120685493894,-0,-7.76524928828154e-05,0,-0.277489994644236,0,0
26.18,0,0,-0.117624736094045,0.0369014606723076,0.139063641644212,-0.120752924412646,0.0813712458323338,0.076620450135446,-0,-7.53575149026811e-05,0,-0.275130127236245,0,0
26.2,0,0,-0.116885614006309,0.0370093816653155,0.136652633962613,-0.120340341331589,0.0807340647317299,0.0759282881436382,-0,-7.31303637718089e-05,0,-0.272785020137612,0,0
26.22,0,0,-0.116144415162721,0.0371091525278454,0.134250323231345,-0.119883468668807,0.0800899930045805,0.0752357071874791,-0,-7.09690349038616e-05,0,-0.270454716519958,0,0
26.24,0,0,-0.115401301583378,0.0372008718151789,0.131857581017278,-0.119383722685504,0.0794398415751904,0.0745427420866712,-0,-6.88715829569933e-05,0,-0.268139256294913,0,0
26.26,0,0,-0.114656433299435,0.0372846398461214,0.129475250918774,-0.118842484762633,0.0787843194614168,0.0738493510103762,-0,-6.68361200829026e-05,0,-0.265838676153539,0,0
26.28,0,0,-0.113909968319052,0.0373605585810102,0.127104149216648,-0.118261106018548,0.0781240377727625,0.0731554287283586,-0,-6.48608142276366e-05,0,-0.263553009606446,0,0
26.3,0,0,-0.113162062595759,0.0374287315033451,0.124745065435776,-0.117640911617538,0.0774595148582631,0.0724608197448853,-0,-6.29438874826041e-05,0,-0.26128228702458,0,0
26.32,0,0,-0.112412869999141,0.0374892635051119,0.122398762824022,-0.116983204723086,0.0767911824326506,0.0717653311092881,-0,-6.10836144843488e-05,0,-0.259026535680606,0,0
26.34,0,0,-0.111662542287786,0.0375422607758418,0.120065978755963,-0.11628927005928,0.0761193925062842,0.0710687447181315,-0,-5.92783208616457e-05,0,-0.256785779790866,0,0
26.36,0,0,-0.110911229084414,0.0375878306954284,0.11774742506954,-0.115560377053207,0.0754444249444379,0.0703708289463271,-0,-5.75263817283872e-05,0,-0.254560040557848,0,0
26.38,0,0,-0.110159077853107,0.037626081730696,0.1154437883442,-0.114797782540376,0.074766495484497,0.0696713494680568,-0,-5.58262202211141e-05,0,-0.252349336213137,0,0
26.4,0,0,-0.109406233878576,0.0376571233356938,0.113155730129399,-0.114002733023917,0.0740857640451635,0.0689700791522331,-0,-5.41763060797271e-05,0,-0.250153682060796,0,0
26.42,0,0,-0.108652840247382,0.0376810658556676,0.110883887132383,-0.113176466486574,0.07340234316963,0.0682668069412489,-0,-5.25751542701375e-05,0,-0.247973090521146,0,0
26.44,0,0,-0.107899037831041,0.0376980204346428,0.10862887137416,-0.112320213762115,0.0727163064545343,0.0675613456454908,-0,-5.10213236476764e-05,0,-0.2458075711749,0,0
26.46,0,0,-0.107144965270947,0.0377080989265359,0.106391270322339,-0.111435199479686,0.0720276968280499,0.0668535386090687,-0,-4.95134156598964e-05,0,-0.24365713080762,0,0
26.48,0,0,-0.106390758965029,0.0377114138096962,0.104171647009193,-0.110522642600837,0.0713365345533816,0.0661432652241883,-0,-4.80500730878561e-05,0,-0.241521773454452,0,0
26.5,0,0,-0.105636553056092,0.0377080781047682,0.101970540142854,-0.109583756574281,0.0706428248478962,0.0654304452923174,-0,-4.66299788244792e-05,0,-0.239401500445117,0,0
26.52,0,0,-0.104882479421768,0.0376982052957535,0.099788464218984,-0.10861974913801,0.0699465650228276,0.0647150422494081,-0,-4.52518546890657e-05,0,-0.237296310449116,0,0
26.54,0,0,-0.104128667666008,0.0376819092541442,0.0976259096396611,-0.10763182180207,0.0692477510636483,0.0639970652898992,-0,-4.39144602769129e-05,0,-0.235206199521124,0,0
26.56,0,0,-0.103375245112068,0.0376593041659955,0.0954833428455025,-0.106621169048182,0.0685463835865135,0.0632765704396228,-0,-4.26165918427715e-05,0,-0.233131161146528,0,0
26.58,0,0,-0.102622336796925,0.0376305044617974,0.0933612064663082,-0.10558897728443,0.0678424731213966,0.0625536606414266,-0,-4.13570812174621e-05,0,-0.231071186287111,0,0
26.6,0,0,-0.101870065467067,0.0375956247490094,0.0912599194947325,-0.104536423594493,0.067136044687404,0.0618284849285826,-0,-4.01347947564246e-05,0,-0.22902626342681,0,0
26.62,0,0,-0.101118551575604,0.0375547797471178,0.089179877486692,-0.103464674321394,0.0664271416400616,0.0611012367704867,-0,-3.89486323193466e-05,0,-0.226996378617564,0,0
26.64,0,0,-0.10036791328066,0.0375080842250802,0.0871214527914216,-0.102374883525565,0.0657158287839176,0.0603721516823694,-0,-3.7797526279984e-05,0,-0.2249815155252,0,0
26.66,0,0,-0.0996182664449916,0.0374556529410246,0.0850849948132999,-0.101268191356131,0.0650021947564336,0.059641504195876,-0,-3.66804405652135e-05,0,-0.222981655475334,0,0
26.68,0,0,-0.0988697246367846,0.0373976005840752,0.0830708303068034,-0.100145722372966,0.0642863537007085,0.0589096042905911,-0,-3.55963697224945e-05,0,-0.220996777499276,0,0
26.7,0,0,-0.0981223991316035,0.0373340417181838,0.0810792637052127,-0.0990085838550394,0.0635684462549821,0.0581767933878526,-0,-3.45443380149052e-05,0,-0.219026858379903,0,0
26.72,0,0,-0.0973763989154391,0.0372650907278529,0.0791105774830107,-0.097857864128267,0.0628486398960129,0.0574434400077755,-0,-3.35233985429215e-05,0,-0.217071872697481,0,0
26.74,0,0,-0.0966318306888255,0.037190861765645,0.0771650325512724,-0.0966946309432796,0.0621271286812769,0.0567099351882095,-0,-3.25326323920919e-05,0,-0.21513179287542,0,0
26.76,0,0,-0.0958887988719896,0.0371114687013798,0.0752428686847695,-0.0955199299304743,0.0614041324414335,0.0559766877609396,-0,-3.15711478060324e-05,0,-0.213206589225931,0,0
26.78,0,0,-0.0951474056110005,0.0370270250729329,0.0733443049789972,-0.0943347831564511,0.0606798954796785,0.0552441195753994,-0,-3.06380793837283e-05,0,-0.211296229995574,0,0
26.8,0,0,-0.094407750784888,0.0369376440385562,0.0714695403348837,-0.093140187802494,0.0599546848384406,0.0545126607543422,-0,-2.97325873006155e-05,0,-0.209400681410668,0,0
26.82,0,0,-0.0936699320136993,0.0368434383306508,0.0696187539685639,-0.0919371149822465,0.0592287881964327,0.0537827450588991,-0,-2.8853856552713e-05,0,-0.207519907722559,0,0
26.84,0,0,-0.0929340446674671,0.0367445202109335,0.06779210594329,-0.090726508712196,0.0585025114603907,0.0530548054328243,-0,-2.80010962230431e-05,0,-0.205653871252706,0,0
26.86,0,0,-0.0922001818760597,0.0366410014269445,0.0659897377203194,-0.0895092850450844,0.0577761761159938,0.052329269787486,-0,-2.71735387697564e-05,0,-0.203802532437587,0,0
26.88,0,0,-0.0914684345398894,0.0365329931698566,0.0642117727254439,-0.0882863313729609,0.057050116401547,0.0516065570805245,-0,-2.63704393352951e-05,0,-0.201965849873394,0,0
26.9,0,0,-0.0907388913414507,0.0364206060335493,0.062458316927732,-0.0870585059033373,0.0563246763661098,0.0508870737322916,-0,-2.55910750759647e-05,0,-0.200143780360511,0,0
26.92,0,0,-0.0900116387576649,0.0363039499749238,0.0607294594270104,-0.0858266373088274,0.0556002068710003,0.050171210415214,-0,-2.48347445113289e-05,0,-0.19833627894775,0,0
26.94,0,0,-0.0892867610730071,0.0361831342754396,0.0590252730466365,-0.0845915245478102,0.0548770625900665,0.0494593392425262,-0,-2.410076689284e-05,0,-0.196543298976329,0,0
26.96,0,0,-0.0885643403933887,0.0360582675038585,0.0573458149281876,-0.0833539368510512,0.0541555990599534,0.048751811374143,-0,-2.33884815911065e-05,0,-0.19476479212359,0,0
26.98,0,0,-0.0878444566607743,0.0359294574801902,0.0556911271248176,-0.0821146138669005,0.0534361698268925,0.0480489550492779,-0,-2.26972475012854e-05,0,-0.193000708446416,0,0
27,0,0,-0.0871271876685075,0.0357968112408368,0.0540612371902018,-0.0808742659556572,0.052719123731431,0.0473510740476883,-0,-2.20264424660443e-05,0,-0.191250996424367,0,0
27.02,0,0,-0.0864126090773214,0.0356604350049361,0.052456158760193,-0.0796335746219668,0.0520048023671141,0.0466584465741656,-0,-2.13754627155782e-05,0,-0.189515603002488,0,0
27.04,0,0,-0.0857007944320101,0.0355204341419103,0.050875892124554,-0.078393193072706,0.0512935377435462,0.0459713245543726,-0,-2.07437223241694e-05,0,-0.187794473633798,0,0
27.06,0,0,-0.0849918151787382,0.0353769131402256,0.0493204247863899,-0.0771537468867093,0.0505856501785889,0.0452899333242695,-0,-2.01306526828454e-05,0,-0.186087552321433,0,0
27.08,0,0,-0.0842857406829614,0.0352299755773704,0.0477897320071877,-0.0759158347818903,0.0498814464388105,0.0446144716902023,-0,-1.95357019875386e-05,0,-0.184394781660447,0,0
27.1,0,0,-0.0835826382479366,0.0350797240910633,0.046283777335664,-0.0746800294648121,0.0491812181417693,0.0439451123323723,-0,-1.89583347424693e-05,0,-0.182716102879236,0,0
27.12,0,0,-0.0828825731337945,0.0349262603516979,0.0448025131189224,-0.0734468785475372,0.0484852404283751,0.0432820025208472,-0,-1.83980312781704e-05,0,-0.181051455880594,0,0
27.14,0,0,-0.0821856085771516,0.0347696850360337,0.0433458809947286,-0.0722169055166294,0.047793770908504,0.0426252651104187,-0,-1.78542872837015e-05,0,-0.179400779282382,0,0
27.16,0,0,-0.0814918058112354,0.0346100978021424,0.041913812364007,-0.0709906107394659,0.0471070488783056,0.0419749997785922,-0,-1.73266133527555e-05,0,-0.177764010457796,0,0
27.18,0,0,-0.0808012240864981,0.034447597265612,0.0405062288429582,-0.0697684724935192,0.046425294803284,0.0413312844697068,-0,-1.68145345431983e-05,0,-0.176141085575229,0,0
27.2,0,0,-0.0801139206916937,0.0342822809770168,0.0391230426944765,-0.0685509480049719,0.0457487100573122,0.0406941770075524,-0,-1.63175899495216e-05,0,-0.174531939637719,0,0
27.22,0,0,-0.0794299509753934,0.0341142454006508,0.0377641572388073,-0.0673384744838911,0.0450774769042651,0.0400637168389649,-0,-1.58353322880778e-05,0,-0.172936506521966,0,0
27.24,0,0,-0.0787493683679129,0.0339435858945266,0.0364294672436358,-0.0661314701442023,0.044411758705973,0.0394399268715064,-0,-1.53673274944158e-05,0,-0.171354719016919,0,0
27.26,0,0,-0.0780722244036276,0.0337703966916337,0.0351188592940176,-0.0649303351978245,0.0437517003377029,0.0388228153696299,-0,-1.49131543326353e-05,0,-0.169786508861915,0,0
27.28,0,0,-0.0773985687436502,0.0335947708824492,0.0338322121427637,-0.0637354528135417,0.0430974287903775,0.0382123778754163,-0,-1.44724040162317e-05,0,-0.168231806784377,0,0
27.3,0,0,-0.0767284491988454,0.0334168003986915,0.032569397042071,-0.0625471900324579,0.0424490539372403,0.037608599122129,-0,-1.40446798401819e-05,0,-0.166690542537046,0,0
27.32,0,0,-0.0760619117531574,0.033236575998302,0.0313302780573351,-0.0613658986331899,0.0418066694416502,0.0370114549113524,-0,-1.36295968238623e-05,0,-0.165162644934754,0,0
27.34,0,0,-0.0753990005872252,0.0330541872516396,0.0301147123642093,-0.0601919159412746,0.0411703537821259,0.0364209139272847,-0,-1.32267813645268e-05,0,-0.163648041890726,0,0
27.36,0,0,-0.0747397581022625,0.032869722528867,0.0289225505300699,-0.0590255655785715,0.0405401713706321,0.035836939464753,-0,-1.28358709010901e-05,0,-0.16214666045241,0,0
27.38,0,0,-0.0740842249441784,0.0326832689885061,0.0277536367811181,-0.0578671581497228,0.0399161737403761,0.0352594910507359,-0,-1.24565135877566e-05,0,-0.160658426836822,0,0
27.4,0,0,-0.0734324400279142,0.0324949125671383,0.0266078092563984,-0.0567169918639555,0.0392984007800263,0.0346885259424008,-0,-1.20883679773295e-05,0,-0.159183266465409,0,0
27.42,0,0,-0.0727844405619769,0.03230473797022,0.0254849002500324,-0.0555753530916732,0.038686881992239,0.0341240004880197,-0,-1.17311027139286e-05,0,-0.157721103998428,0,0
27.44,0,0,-0.0721402620731437,0.0321128286639847,0.0243847364429697,-0.0544425168563628,0.0380816377556444,0.0335658713403494,-0,-1.13843962346941e-05,0,-0.156271863368822,0,0
27.46,0,0,-0.0714999384313191,0.0319192668683978,0.0233071391255353,-0.0533187472633296,0.0374826805709535,0.0330140965152831,-0,-1.10479364804003e-05,0,-0.154835467815609,0,0
27.48,0,0,-0.0708635018745219,0.0317241335511319,0.022251924412015,-0.0522042978676606,0.0368900162735586,0.0324686362916695,-0,-1.07214206145692e-05,0,-0.15341183991677,0,0
27.5,0,0,-0.0702309830339831,0.0315275084225255,0.021218903448463,-0.0510994119845938,0.0363036451968768,0.0319294539510552,-0,-1.04045547508549e-05,0,-0.152000901621634,0,0
27.52,0,0,-0.0696024109593353,0.0313294699314899,0.0202078826148473,-0.0500043229461368,0.0357235632726718,0.031396516358869,-0,-1.00970536886236e-05,0,-0.150602574282766,0,0
27.54,0,0,-0.0689778131438744,0.0311300952623269,0.0192186637225626,-0.048919254308329,0.0351497630566558,0.0308697943909896,-0,-9.79864065615843e-06,0,-0.149216778687342,0,0
27.56,0,0,-0.0683572155498763,0.0309294603324188,0.018251044208253,-0.0478444200139772,0.0345822346697727,0.0303492632118986,-0,-9.50904706158856e-06,0,-0.147843435088024,0,0
27.58,0,0,-0.0677406426339512,0.0307276397907539,0.0173048173247816,-0.0467800245160162,0.0340209666476616,0.0298349024125573,-0,-9.22801225113762e-06,0,-0.14648246323333,0,0
27.6,0,0,-0.06712811737242,0.0305247070172482,0.0163797723300825,-0.0457262628668573,0.0334659466928618,0.0293266960178204,-0,-8.95528327450601e-06,0,-0.145133782397488,0,0
27.62,0,0,-0.0665196612866959,0.030320734122828,0.01547569467452,-0.044683320779195,0.0329171623263159,0.0288246323745709,-0,-8.69061465720578e-06,0,-0.143797311409793,0,0
27.64,0,0,-0.0659152944686572,0.0301157919502342,0.0145923661872717,-0.0436513746637501,0.0323746014366267,0.0283287039328689,-0,-8.43376817962621e-06,0,-0.142472968683449,0,0
27.66,0,0,-0.0653150356059975,0.0299099500755139,0.0137295652621423,-0.042630591649341,0.0318382527273029,0.0278389069332097,-0,-8.18451266260123e-06,0,-0.141160672243905,0,0
27.68,0,0,-0.064718902007539,0.0297032768101635,0.0128870670431087,-0.0416211295905112,0.0313081060638735,0.0273552410135016,-0,-7.94262375934662e-06,0,-0.139860339756689,0,0
27.7,0,0,-0.064126909628497,0.0294958392038898,0.0120646436097954,-0.0406231370676977,0.0307841527242343,0.0268777087496681,-0,-7.7078837535105e-06,0,-0.138571888554729,0,0
27.72,0,0,-0.0635390730956831,0.0292877030479565,0.0112620641629816,-0.0396367533846207,0.0302663855569071,0.0264063151437797,-0,-7.48008136326056e-06,0,-0.137295235665176,0,0
27.74,0,0,-0.0629554057326359,0.0290789328790846,0.0104790952101526,-0.0386621085672132,0.0297547990530334,0.0259410670733926,-0,-7.2590115510543e-06,0,-0.136030297835719,0,0
27.76,0,0,-0.0623759195846688,0.0288695919838782,0.00971550075102304,-0.0376993233680088,0.0292493893388841,0.025481972715405,-0,-7.04447533916158e-06,0,-0.1347769915604,0,0
27.78,0,0,-0.0618006254438233,0.0286597424037463,0.00897104246288974,-0.0367485092794618,0.0287501540964366,0.0250290409570503,-0,-6.83627963050243e-06,0,-0.133535233104929,0,0
27.8,0,0,-0.0612295328737205,0.0284494449402963,0.0082454798856024,-0.0358097685592166,0.0282570924201643,0.0245822808059639,-0,-6.63423703489013e-06,0,-0.1323049385315,0,0
27.82,0,0,-0.0606626502342988,0.0282387591611721,0.00753857060588825,-0.0348831942698614,0.0277702046185944,0.0241417008102841,-0,-6.43816570035372e-06,0,-0.131086023723114,0,0
27.84,0,0,-0.0600999847064316,0.0280277434063161,0.00685007044071921,-0.0339688703352194,0.0272894919694278,0.0237073084987693,-0,-6.2478891494494e-06,0,-0.129878404407403,0,0
27.86,0,0,-0.0595415423164153,0.0278164547946322,0.00617973361937431,-0.0330668716147497,0.0268149564370945,0.0232791098497842,-0,-6.06323612044324e-06,0,-0.12868199617997,0,0
27.88,0,0,-0.0589873279603201,0.0276049492310304,0.00552731296382353,-0.032177263997158,0.0263466003615407,0.0228571087968583,-0,-5.8840404131566e-06,0,-0.127496714527232,0,0
27.9,0,0,-0.0584373454281965,0.0273932814138353,0.00489256006704145,-0.0313001045138655,0.0258844261268285,0.0224413067772971,-0,-5.71014073934978e-06,0,-0.126322474848789,0,0
27.92,0,0,-0.0578915974281302,0.0271815048425402,0.0042752254688509,-0.0304354414725537,0.0254284358177937,0.0220317023291184,-0,-5.54138057758807e-06,0,-0.125159192479296,0,0
27.94,0,0,-0.057350085610138,0.0269696718258929,0.00367505882889609,-0.0295833146106004,0.0249786308725534,0.0216282907403603,-0,-5.37760803233367e-06,0,-0.124006782709869,0,0
27.96,0,0,-0.0568128105898997,0.026757833490297,0.00309180909635248,-0.0287437552678585,0.0245350117381149,0.0212310637536357,-0,-5.21867569723555e-06,0,-0.122865160809004,0,0
27.98,0,0,-0.0562797719723178,0.0265460397885175,0.0025252246759947,-0.0279167865778925,0.0240975775357161,0.0208400093276329,-0,-5.06444052247174e-06,0,-0.121734242043034,0,0
28,0,0,-0.0557509683749016,0.0263343395086766,0.00197505359026473,-0.0271024236765021,0.0236663257418414,0.0204551114562054,-0,-4.91476368597032e-06,0,-0.120613941696102,0,0
28.02,0,0,-0.0552263974509669,0.0261227802835294,0.00144104363700845,-0.0263006739261079,0.0232412518901319,0.0200763500446606,-0,-4.76951046848167e-06,0,-0.119504175089685,0,0
28.04,0,0,-0.0547060559126491,0.0259114086000086,0.000922942542579291,-0.0255115371543685,0.0228223492986443,0.0197037008419204,-0,-4.62855013230734e-06,0,-0.118404857601642,0,0
28.06,0,0,-0.0541899395537213,0.0257002698090288,0.000420498110042075,-0.024735005905234,0.0224096088261431,0.0193371354264156,-0,-4.49175580363725e-06,0,-0.117315904684813,0,0
28.08,0,0,-0.0536780432722153,0.0254894081355395,-6.65416377526687e-05,-0.0239710657005161,0.022003018660328,0.0189766212427961,-0,-4.35900435833553e-06,0,-0.116237231885153,0,0
28.1,0,0,-0.0531703610928377,0.0252788666888206,-0.000538428320414286,-0.0232196953099737,0.021602564140136,0.0186221216859475,-0,-4.2301763111402e-06,0,-0.115168754859431,0,0
28.12,0,0,-0.0526668861891788,0.0250686874730087,-0.00099541306772747,-0.0224808670278722,0.0212082276135148,0.018273596228219,-0,-4.10515570812425e-06,0,-0.114110389392468,0,0
28.14,0,0,-0.052167610905708,0.0248589113978478,-0.00143774639294652,-0.021754546953965,0.0208199883313523,0.0179310005854139,-0,-3.98383002229302e-06,0,-0.113062051413941,0,0
28.16,0,0,-0.0516725267795529,0.0246495782896565,-0.00186567807173661,-0.0210406952768783,0.0204378223775822,0.0175942869167108,-0,-3.86609005235267e-06,0,-0.112023657014748,0,0
28.18,0,0,-0.0511816245620556,0.0244407269025018,-0.00227945702679033,-0.0203392665579375,0.02006170263487,0.0172634040535193,-0,-3.75182982438604e-06,0,-0.110995122462937,0,0
28.2,0,0,-0.0506948942401051,0.0242323949295729,-0.00267933121810952,-0.0196502100135631,0.0196915987847192,0.0169382977521294,-0,-3.64094649646374e-06,0,-0.10997636421921,0,0
28.22,0,0,-0.050212325057239,0.0240246190147469,-0.00306554753890587,-0.0189734697944737,0.019327477340347,0.0166189109650149,-0,-3.5333402661139e-06,0,-0.108967298951999,0,0
28.24,0,0,-0.0497339055345127,0.0238174347643369,-0.00343835171704007,-0.0183089852600702,0.0189693017102375,0.0163051841256851,-0,-3.42891428047054e-06,0,-0.107967843552124,0,0
28.26,0,0,-0.0492596234911318,0.0236108767590157,-0.00379798822188787,-0.0176566912465213,0.0186170322899216,0.0159970554421781,-0,-3.32757454909322e-06,0,-0.106977915147038,0,0
28.28,0,0,-0.0487894660648443,0.0234049785659055,-0.00414470017649386,-0.0170165183272363,0.0182706265792298,0.0156944611944239,-0,-3.22922985938889e-06,0,-0.105997431114658,0,0
28.3,0,0,-0.0483234197320892,0.0231997727508254,-0.00447872927484885,-0.0163883930645825,0.0179300393220382,0.0153973360310661,-0,-3.13379169449707e-06,0,-0.105026309096792,0,0
28.32,0,0,-0.0478614703278991,0.0229952908906876,-0.00480031570410595,-0.0157722382518836,0.0175952226653645,0.0151056132615981,-0,-3.04117415363125e-06,0,-0.104064467012167,0,0
28.34,0,0,-0.0474036030655529,0.0227915635860333,-0.00510969807153263,-0.0151679731449172,0.0172661263345692,0.0148192251400739,-0,-2.95129387475196e-06,0,-0.103111823069058,0,0
28.36,0,0,-0.0469498025559771,0.0225886204736996,-0.00540711333598266,-0.0145755136823097,0.0169426978213828,0.014538103137037,-0,-2.86406995953642e-06,0,-0.10216829577753,0,0
28.38,0,0,-0.046500052826892,0.0223864902396065,-0.00569279674366122,-0.0139947726944035,0.0166248825814988,0.0142621781967719,-0,-2.77942390058267e-06,0,-0.101233803961296,0,0
28.4,0,0,-0.0460543373417011,0.0221852006316565,-0.0059669817679498,-0.0134256601003465,0.0163126242385406,0.0139913809773882,-0,-2.69727951072302e-06,0,-0.100308266769187,0,0
28.42,0,0,-0.0456126390181219,0.0219847784727346,-0.00622990005305427,-0.012868083093311,0.0160058647913332,0.0137256420717321,-0,-2.61756285445391e-06,0,-0.0993916036862529,0,0
28.44,0,0,-0.0451749402465555,0.0217852496738017,-0.00648178136123906,-0.0123219463139069,0.0157045448215677,0.0134648922075682,-0,-2.54020218141277e-06,0,-0.0984837345444941,0,0
28.46,0,0,-0.0447412229081929,0.0215866392470691,-0.00672285352341301,-0.0117871520119905,0.0154086036991466,0.0132090624258809,-0,-2.46512786176989e-06,0,-0.0975845795332247,0,0
28.48,0,0,-0.0443114683928584,0.0213889713192451,-0.00695334239283813,-0.0112636001972006,0.0151179797827199,0.0129580842366385,-0,-2.39227232357725e-06,0,-0.0966940592090782,0,0
28.5,0,0,-0.0438856576165861,0.0211922691448449,-0.00717347180173991,-0.0107511887786608,0.0148326106131754,0.0127118897517072,-0,-2.32156999192823e-06,0,-0.0958120945056583,0,0
28.52,0,0,-0.0434637710389305,0.020996555119551,-0.00738346352060773,-0.0102498136943904,0.0145524330981133,0.0124704117950208,-0,-2.25295722995622e-06,0,-0.0949386067428417,0,0
28.54,0,0,-0.043045788680009,0.0208018507936184,-0.00758353721998572,-0.00975936903104107,0.0142773836856177,0.0122335839904487,-0,-2.18637228154017e-06,0,-0.0940735176357367,0,0
28.56,0,0,-0.0426316901372764,0.0206081768853108,-0.00777391043456725,-0.00927974713464563,0.0140073985259208,0.0120013408281351,-0,-2.12175521573446e-06,0,-0.0932167493033032,0,0
28.58,0,0,-0.0422214546020299,0.0204155532943609,-0.00795479852942066,-0.0088108387131141,0.0137424136198482,0.0117736177103401,-0,-2.05904787282246e-06,0,-0.0923682242766413,0,0
28.6,0,0,-0.0418150608756449,0.0202239991154454,-0.00812641466818871,-0.0083525329312458,0.0134823649532175,0.0115503509780821,-0,-1.99819381195912e-06,0,-0.0915278655069508,0,0
28.62,0,0,-0.0414124873855418,0.0200335326516636,-0.00828896978312003,-0.00790471749904615,0.0132271886166395,0.0113314779200661,-0,-1.93913826038172e-06,0,-0.0906955963731702,0,0
28.64,0,0,-0.0410137122008823,0.019844171428013,-0.00844267254680661,-0.00746727875414273,0.0129768209104372,0.0111169367655579,-0,-1.88182806410905e-06,0,-0.0898713406892981,0,0
28.66,0,0,-0.040618713047997,0.0196559322048522,-0.0085877293455171,-0.00704010173908735,0.012731198434648,0.0109066666629773,-0,-1.82621164010119e-06,0,-0.0890550227114035,0,0
28.68,0,0,-0.0402274673255436,0.0194688309913427,-0.00872434425403152,-0.00662307027431202,0.0124902581643082,0.0107006076460757,-0,-1.77223892981748e-06,0,-0.0882465671443308,0,0
28.7,0,0,-0.0398399521193969,0.0192828830588624,-0.00885271901189771,-0.00621606702747674,0.0122539375104281,0.0104987005896196,-0,-1.71986135418314e-06,0,-0.0874458991481034,0,0
28.72,0,0,-0.0394561442172704,0.0190981029543824,-0.00897305300104464,-0.00581897357990787,0.012022174367256,0.0103008871564934,-0,-1.66903176983257e-06,0,-0.0866529443440331,0,0
28.74,0,0,-0.0390760201230709,0.0189145045138004,-0.00908554322470073,-0.00543167049077899,0.0117949071465957,0.010107109738145,-0,-1.61970442671966e-06,0,-0.0858676288205393,0,0
28.76,0,0,-0.0386995560709876,0.0187321008752235,-0.00919038428757838,-0.005054037359632,0.0115720748000802,0.00991731139022206,-0,-1.57183492690421e-06,0,-0.0850898791386835,0,0
28.78,0,0,-0.038326728039315,0.0185509044921942,-0.00928776837729676,-0.0046859528877779,0.0113536168304205,0.00973143576519375,-0,-1.52538018460824e-06,0,-0.0843196223374253,0,0
28.8,0,0,-0.0379575117640126,0.0183709271468528,-0.00937788524702548,-0.00432729493905349,0.0111394732927365,0.00954942704363403,-0,-1.48029838742403e-06,0,-0.0835567859386042,0,0
28.82,0,0,-0.037591882752002,0.0181921799630313,-0.00946092219934048,-0.00397794060034521,0.0109295847871452,0.00937122986574781,-0,-1.4365489586915e-06,0,-0.0828012979516526,0,0
28.84,0,0,-0.0372298162942027,0.0180146734192729,-0.00953706407129091,-0.00363776624222504,0.0107238924438178,0.00919678926456152,-0,-1.3940925209753e-06,0,-0.0820530868780463,0,0
28.86,0,0,-0.0368712874783083,0.0178384173617721,-0.00960649322068226,-0.00330664757997637,0.0105223379017387,0.00902605060206792,-0,-1.35289086061752e-06,0,-0.0813120817154957,0,0
28.88,0,0,-0.0365162712013048,0.0176634210172305,-0.00966938951358579,-0.002984459735223,0.0103248632823945,0.00885895950944951,-0,-1.31290689333458e-06,0,-0.0805782119618855,0,0
28.9,0,0,-0.0361647421817326,0.0174896930056249,-0.00972593031308775,-0.00267107729831019,0.0101314111595986,0.00869546183234868,-0,-1.27410463086897e-06,0,-0.0798514076189649,0,0
28.92,0,0,-0.0358166749716942,0.0173172413528822,-0.00977629046929466,-0.00236637439152698,0.00994192452661451,0.008535503581967,-0,-1.23644914855683e-06,0,-0.0791315991957968,0,0
28.94,0,0,-0.035472043968609,0.0171460735034586,-0.00982064231061163,-0.00207022473320155,0.00975634676168752,0.00837903089263954,-0,-1.19990655392602e-06,0,-0.078418717711968,0,0
28.96,0,0,-0.035130823426718,0.0169761963328195,-0.00985915563631132,-0.00178250170264957,0.00957462159301943,0.00822598998632825,-0,-1.16444395617185e-06,0,-0.077712694700568,0,0
28.98,0,0,-0.0347929874683395,0.0168076161598166,-0.00989199771040975,-0.00150307840590739,0.00939669306414309,0.00807632714435271,-0,-1.13002943656973e-06,0,-0.077013462210939,0,0
29,0,0,-0.0344585100948786,0.0166403387589589,-0.00991933325686381,-0.00123182774214021,0.0092225055005599,0.00792998868649086,-0,-1.09663201972379e-06,0,-0.0763209528112042,0,0
29.02,0,0,-0.0341273651975923,0.016474369372577,-0.00994132445610246,-0.000968622470578408,0.00905200347840576,0.00778692095748228,-0,-1.06422164570727e-06,0,-0.0756350995905778,0,0
29.04,0,0,-0.033799526568112,0.0163097127228751,-0.00995813094290049,-0.000713335277804443,0.00888513179580791,0.00764707032077919,-0,-1.03276914299733e-06,0,-0.0749558361614626,0,0
29.06,0,0,-0.0334749679087269,0.016146373023872,-0.00996990980559986,-0.000465838845187864,0.00872183544748847,0.0075103831593251,-0,-1.00224620221481e-06,0,-0.0742830966613392,0,0
29.08,0,0,-0.033153662842429,0.0159843539932259,-0.00997681558667933,-0.000226005916246516,0.00856205960306491,0.00737680588299308,-0,-9.72625350658535e-07,0,-0.0736168157544516,0,0
29.1,0,0,-0.0328355849227228,0.015823658863944,-0.00997900028466872,6.2906363013155e-06,0.00840574958938954,0.0072462849422519,-0,-9.43879927561148e-07,0,-0.0729569286332955,0,0
29.12,0,0,-0.0325207076432028,0.0156642903959721,-0.00997661335739901,0.000231177744037201,0.00825285087716863,0.00711876684752501,-0,-9.15984060101405e-07,0,-0.0723033710199108,0,0
29.14,0,0,-0.0322090044468995,0.0155062508876663,-0.00996980172657487,0.000448782077141555,0.00810330907200136,0.00699419819367163,-0,-8.8891264011029e-07,0,-0.071656079166987,0,0
29.16,0,0,-0.0319004487353973,0.0153495421871417,-0.00995870978365126,0.000659229979735603,0.00795706990988565,0.00687252568894067,-0,-8.62641301488387e-07,0,-0.0710149898587823,0,0
29.18,0,0,-0.0315950138777272,0.0151941657034994,-0.00994347939699067,0.000862647406504203,0.00781407925714975,0.00675369618774635,-0,-8.3714639825816e-07,0,-0.0703800404118633,0,0
29.2,0,0,-0.0312926732190355,0.0150401224179292,-0.00992424992027321,0.00105915986082702,0.00767428311468976,0.00663765672655958,-0,-8.12404983282361e-07,0,-0.0697511686756691,0,0
29.22,0,0,-0.0309934000890325,0.0148874128946877,-0.0099011582021273,0.00124889233463165,0.00753762762632098,0.00652435456223004,-0,-7.88394787624297e-07,0,-0.0691283130329043,0,0
29.24,0,0,-0.030697167810222,0.0147360372919492,-0.00987433859694424,0.00143196925016534,0.00740405909098808,0.00641373721204599,-0,-7.65094200480543e-07,0,-0.0685114123997647,0,0
29.26,0,0,-0.0304039497059157,0.0145859953725305,-0.00984392297683684,0.00160851440386262,0.00727352397852622,0.00630575249485365,-0,-7.42482249755511e-07,0,-0.0679004062260013,0,0
29.28,0,0,-0.0301137191080341,0.0144372865144865,-0.00981004074469834,0.00177865091246462,0.00714596894862047,0.00620034857258835,-0,-7.20538583163371e-07,0,-0.0672952344948255,0,0
29.3,0,0,-0.029826449364697,0.0142899097215777,-0.00977281884831527,0.00194250116152299,0.00702134087257592,0.00609747399160163,-0,-6.99243449923254e-07,0,-0.0666958377226607,0,0
29.32,0,0,-0.0295421138476054,0.0141438636336063,-0.00973238179548552,0.00210018675639766,0.0068995868574857,0.00599707772321795,-0,-6.78577682981796e-07,0,-0.0661021569587444,0,0
29.34,0,0,-0.0292606859592191,0.0139991465366224,-0.00968885167009077,0.00225182847583282,0.00678065427236647,0.00589910920298892,-0,-6.58522681752649e-07,0,-0.0655141337845842,0,0
29.36,0,0,-0.02898213913973,0.0138557563729983,-0.00964234814907108,0.00239754622817154,0.00666449077582399,0.00580351836818516,-0,-6.39060395379865e-07,0,-0.0649317103132725,0,0
29.38,0,0,-0.0287064468738365,0.0137136907513699,-0.00959298852024849,0.00253745901024489,0.00655104434481021,0.00571025569311142,-0,-6.20173306490474e-07,0,-0.0643548291886642,0,0
29.4,0,0,-0.0284335826973199,0.0135729469564451,-0.00954088770094596,0.00267168486894827,0.00644026330404081,0.00561927222189058,-0,-6.01844415436259e-07,0,-0.06378343358442,0,0
29.42,0,0,-0.0281635202034257,0.0134335219586786,-0.00948615825734801,0.00280034086549515,0.00633209635565634,0.00553051959843544,-0,-5.84057224969209e-07,0,-0.0632174672029209,0,0
29.44,0,0,-0.0278962330490534,0.013295412423811,-0.00942891042454973,0.00292354304231745,0.00622649260872974,0.0054439500933765,-0,-5.66795725423508e-07,0,-0.0626568742740566,0,0
29.46,0,0,-0.0276316949607563,0.0131586147222744,-0.00936925212724168,0.00304140639256231,0.00612340160824868,0.00535951662778015,-0,-5.50044380286108e-07,0,-0.0621015995538919,0,0
29.48,0,0,-0.0273698797405546,0.0130231249384605,-0.00930728900097949,0.00315404483211738,0.00602277336323006,0.00527717279354987,-0,-5.33788112211386e-07,0,-0.0615515883232158,0,0
29.5,0,0,-0.0271107612715651,0.0128889388798536,-0.00924312441398839,0.00326157117408122,0.00592455837365734,0.00519687287046992,-0,-5.18012289466019e-07,0,-0.0610067863859749,0,0
29.52,0,0,-0.0268543135234489,0.0127560520860261,-0.00917685948945455,0.00336409710558139,0.00582870765596817,0.005118571839881,-0,-5.02702712741609e-07,0,-0.060467140067597,0,0
29.54,0,0,-0.0266005105576806,0.0126244598374975,-0.00910859312825763,0.00346173316683199,0.00573517276685579,0.00504222539505583,-0,-4.87845602387127e-07,0,-0.0599325962132071,0,0
29.56,0,0,-0.0263493265326424,0.0124941571644554,-0.00903842203210068,0.00355458873231237,0.00564390582518867,0.00496778994836154,-0,-4.73427585995223e-07,0,-0.0594031021857401,0,0
29.58,0,0,-0.0261007357085443,0.0123651388553385,-0.00896644072699626,0.00364277199394226,0.00555485953189066,0.00489522263535949,-0,-4.59435686384069e-07,0,-0.058878605863953,0,0
29.6,0,0,-0.0258547124521745,0.0122373994652824,-0.00889274158707028,0.00372638994612316,0.00546798718766461,0.00482448131600422,-0,-4.45857309894909e-07,0,-0.0583590556403406,0,0
29.62,0,0,-0.0256112312414822,0.0121109333244262,-0.00881741485864734,0.00380554837251313,0.00538324270847949,0.00475552457315595,-0,-4.32680235074728e-07,0,-0.0578444004189578,0,0
29.64,0,0,-0.0253702666699958,0.0119857345460814,-0.00874054868458445,0.00388035183440086,0.00530058063877874,0.0046883117086264,-0,-4.19892601667693e-07,0,-0.057334589613152,0,0
29.66,0,0,-0.0251317934510783,0.0118617970347625,-0.00866222912882234,0.00395090366054616,0.00521995616240231,0.00462280273701115,-0,-4.07482899946604e-07,0,-0.0568295731432086,0,0
29.68,0,0,-0.0248957864220249,0.0117391144940789,-0.00858254020112637,0.00401730593835598,0.00514132511124793,0.00455895837755726,-0,-3.95439960332311e-07,0,-0.0563293014339131,0,0
29.7,0,0,-0.0246622205480027,0.0116176804344893,-0.00850156388199168,0.00407965950626968,0.00506464397172547,0.00449674004435625,-0,-3.8375294337048e-07,0,-0.0558337254120328,0,0
29.72,0,0,-0.0244310709258376,0.0114974881809173,-0.00841938014768951,0.00413806394723208,0.00498986988908804,0.00443610983510364,-0,-3.72411329958161e-07,0,-0.0553427965037214,0,0
29.74,0,0,-0.0242023127876499,0.0113785308802305,-0.00833606699543417,0.00419261758313989,0.00491696066974363,0.00437703051872205,-0,-3.61404911875668e-07,0,-0.0548564666318489,0,0
29.76,0,0,-0.0239759215043419,0.0112608015085812,-0.00825170046865223,0.00424341747015412,0.00484587478167434,0.00431946552210367,-0,-3.50723782606421e-07,0,-0.0543746882132609,0,0
29.78,0,0,-0.0237518725889399,0.0111442928786108,-0.00816635468233763,0.00429055939477974,0.00477657135310512,0.00426337891621471,-0,-3.40358328410062e-07,0,-0.0538974141559691,0,0
29.8,0,0,-0.0235301416997934,0.0110289976465179,-0.00808010184847833,0.00433413787062255,0.00470901016957837,0.00420873540183076,-0,-3.30299219676589e-07,0,-0.0534245978562766,0,0
29.82,0,0,-0.0233107046436343,0.0109149083189905,-0.00799301230154164,0.00437424613574234,0.00464315166960013,0.00415550029511118,-0,-3.20537402537235e-07,0,-0.0529561931958407,0,0
29.84,0,0,-0.0230935373784994,0.0108020172600028,-0.00790515452400721,0.00441097615053135,0.00457895693903033,0.00410363951322166,-0,-3.11064090693924e-07,0,-0.0524921545386759,0,0
29.86,0,0,-0.0228786160165173,0.0106903166974782,-0.00781659517193771,0.00444441859605603,0.00451638770439306,0.00405311956021156,-0,-3.01870757526274e-07,0,-0.0520324367280994,0,0
29.88,0,0,-0.0226659168265643,0.0105797987298179,-0.00772739910057842,0.00447466287281015,0.00445540632528273,0.00400390751329434,-0,-2.92949128410241e-07,0,-0.0515769950836228,0,0
29.9,0,0,-0.0224554162367903,0.0104704553322977,-0.00763762938997808,0.0045017970998359,0.00439597578604054,0.003955971009691,-0,-2.84291173283102e-07,0,-0.0511257853977914,0,0
29.92,0,0,-0.0222470908370188,0.010362278363332,-0.0075473473706239,0.0045259081141791,0.0043380596868694,0.00390927823415236,-0,-2.75889099395771e-07,0,-0.0506787639329749,0,0
29.94,0,0,-0.0220409173810223,0.0102552595706074,-0.00745661264908436,0.00454708147065258,0.00428162223454946,0.00386379790725997,-0,-2.67735344320133e-07,0,-0.0502358874181105,0,0
29.96,0,0,-0.0218368727886766,0.0101493905970863,-0.0073654831336538,0.00456540144188974,0.00422662823290629,0.00381949927458733,-0,-2.59822569121174e-07,0,-0.0497971130454025,0,0
29.98,0,0,-0.0216349341479967,0.010044662986882,-0.00727401505999312,0.00458095101867747,0.00417304307317349,0.00377635209677024,-0,-2.52143651771966e-07,0,-0.0493623984669796,0,0
30,0,0,-0.0214350787170557,0.00994106819100568,-0.00718226301676114,0.00459381191056412,0.00412083272437874,0.00373432664052033,-0,-2.44691680726522e-07,0,-0.0489317017915127,0,0
30.02,0,0,-0.0212372839257904,0.00983859757298694,-0.00709027997123094,0.00460406454674357,0.00406996372386952,0.00369339367059747,-0,-2.37459948704277e-07,0,-0.0485049815807955,0,0
30.04,0,0,-0.0210415273776961,0.00973724241436936,-0.0069981172948858,0.00461178807722191,0.00402040316807972,0.0036535244427332,-0,-2.30441946667131e-07,0,-0.0480821968462902,0,0
30.06,0,0,-0.0208477868514123,0.00963699392008161,-0.00690582478898885,0.00461706037427664,0.00397211870362532,0.00361469069747627,-0,-2.23631357930063e-07,0,-0.04766330704564,0,0
30.08,0,0,-0.020656040302202,0.009537843223686,-0.0068134507101205,0.00461995803422225,0.0039250785188004,0.00357686465493197,-0,-2.17022052511132e-07,0,-0.0472482720791517,0,0
30.1,0,0,-0.020466265863328,0.00943978139250532,-0.00672104179567738,0.00462055637949795,0.00387925133553188,0.00354001901033674,-0,-2.10608081582103e-07,0,-0.0468370522862489,0,0
30.12,0,0,-0.0202784418473271,0.00934279943262966,-0.00662864328932616,0.00461892946109553,0.00383460640183587,0.00350412693039974,-0,-2.04383672142844e-07,0,-0.0464296084418994,0,0
30.14,0,0,-0.0200925467471859,0.0092468882938043,-0.00653629896640525,0.00461515006134594,0.00379111348480509,0.0034691620503505,-0,-1.98343221803274e-07,0,-0.0460259017530173,0,0
30.16,0,0,-0.0199085592374195,0.00915203887420007,-0.00644405115926699,0.00460928969708381,0.00374874286414245,0.00343509847159788,-0,-1.924812937492e-07,0,-0.0456258938548439,0,0
30.18,0,0,-0.0197264581750566,0.00905824202506776,-0.00635194078255266,0.00460141862320857,0.00370746532624526,0.00340191075992471,-0,-1.8679261184866e-07,0,-0.0452295468073062,0,0
30.2,0,0,-0.0195462226005322,0.00896548855527764,-0.00626000735839214,0.00459160583665994,0.00366725215883121,0.00336957394412404,-0,-1.81272055905721e-07,0,-0.0448368230913581,0,0
30.22,0,0,-0.0193678317384906,0.00887376923574581,-0.00616828904151975,0.00457991908082451,0.00362807514608821,0.00333806351498243,-0,-1.75914657047846e-07,0,-0.0444476856053042,0,0
30.24,0,0,-0.0191912649985013,0.00878307480374857,-0.00607682264429757,0.00456642485038767,0.00358990656432043,0.0033073554245242,-0,-1.70715593253781e-07,0,-0.0440620976611078,0,0
30.26,0,0,-0.0190165019756896,0.00869339596712637,-0.00598564366163711,0.00455118839664356,0.00355271917805487,0.00327742608542305,-0,-1.6567018501501e-07,0,-0.0436800229806862,0,0
30.28,0,0,-0.0188435224512841,0.0086047234083787,-0.00589478629581016,0.00453427373327266,0.00351648623656683,0.00324825237049437,-0,-1.6077389112211e-07,0,-0.0433014256921943,0,0
30.3,0,0,-0.0186723063930835,0.0085170477886513,-0.00580428348113934,0.00451574364259437,0.00348118147077614,0.0032198116121863,-0,-1.56022304584683e-07,0,-0.0429262703262973,0,0
30.32,0,0,-0.0185028339558448,0.00843035975161728,-0.0057141669085588,0.00449565968229847,0.0034467790904633,0.00319208160199193,-0,-1.51411148648431e-07,0,-0.0425545218124352,0,0
30.34,0,0,-0.0183350854815944,0.00834464992725334,-0.00562446705003548,0.00447408219265695,0.00341325378175065,0.00316504058970966,-0,-1.46936272968357e-07,0,-0.042186145475081,0,0
30.36,0,0,-0.0181690414998659,0.00825990893551285,-0.00553521318284137,0.00445107030421407,0.0033805807047927,0.00313866728249147,-0,-1.42593649846146e-07,0,-0.0418211070299922,0,0
30.38,0,0,-0.0180046827278638,0.00817612738989681,-0.00544643341366723,0.00442668194594991,0.00334873549161921,0.00311294084361967,-0,-1.38379370635822e-07,0,-0.0414593725804591,0,0
30.4,0,0,-0.0178419900705583,0.00809329590092449,-0.00535815470256831,0.00440097385390942,0.00331769424407493,0.00308784089096332,-0,-1.34289642196236e-07,0,-0.0411009086135506,0,0
30.42,0,0,-0.0176809446207109,0.00801140507950502,-0.005270402886733,0.00437400158028647,0.00328743353180134,0.00306334749507835,-0,-1.3032078349795e-07,0,-0.0407456819963581,0,0
30.44,0,0,-0.0175215276588336,0.00793044554021123,-0.00518320270406529,0.00434581950294932,0.00325793039020861,0.00303944117691625,-0,-1.26469222299502e-07,0,-0.04039365997224,0,0
30.46,0,0,-0.0173637206530835,0.00785040790445746,-0.00509657781657248,0.00431648083539196,0.00322916231838843,0.00301610290512079,-0,-1.22731491939906e-07,0,-0.0400448101570681,0,0
30.48,0,0,-0.0172075052590958,0.00777128280358246,-0.00501055083354974,0.00428603763709307,0.00320110727692269,0.00299331409289247,-0,-1.19104228202271e-07,0,-0.0396991005354757,0,0
30.5,0,0,-0.017052863319754,0.00769306088183901,-0.00492514333455355,0.00425454082426282,0.00317374368554673,0.00297105659442335,-0,-1.1558416630926e-07,0,-0.0393564994571106,0,0
30.52,0,0,-0.0168997768649038,0.00761573279929153,-0.00484037589215659,0.00422204018095568,0.00314705042063132,0.00294931270089283,-0,-1.1216813796712e-07,0,-0.0390169756328927,0,0
30.54,0,0,-0.0167482281110076,0.00753928923462318,-0.00475626809447679,0.00418858437052622,0.00312100681245171,0.00292806513603584,-0,-1.08853068520737e-07,0,-0.0386804981312783,0,0
30.56,0,0,-0.0165981994607455,0.00746372088785384,-0.0046728385674741,0.00415422094740372,0.00309559264221785,0.00290729705129869,-0,-1.05635974179813e-07,0,-0.0383470363745315,0,0
30.58,0,0,-0.0164496735025616,0.00738901848297033,-0.00459010499700883,0.00411899636916059,0.00307078813884511,0.0028869920205988,-0,-1.02513959347392e-07,0,-0.0380165601350043,0,0
30.6,0,0,-0.0163026330101595,0.00731517277047033,-0.00450808415065577,0.004082956008849,0.00304657397545012,0.00286713403471282,-0,-9.94842139952212e-08,0,-0.0376890395314266,0,0
30.62,0,0,-0.0161570609419472,0.00724217452982134,-0.00442679189926927,0.00404614416758005,0.00302293126556137,0.00284770749532325,-0,-9.65440111501403e-08,0,-0.0373644450252058,0,0
30.64,0,0,-0.0160129404404336,0.00717001457183618,-0.00434624323829437,0.00400860408731961,0.00299984155903932,0.00282869720875468,-0,-9.36907044307711e-08,0,-0.0370427474167394,0,0
30.66,0,0,-0.0158702548315789,0.00709868374096627,-0.00426645230882016,0.00397037796387547,0.00297728683770627,0.00281008837943275,-0,-9.09217256674782e-08,0,-0.0367239178417391,0,0
30.68,0,0,-0.0157289876240994,0.00702817291751423,-0.00418743241837168,0.00393150696005074,0.00295524951068936,0.00279186660310799,-0,-8.82345825951869e-08,0,-0.0364079277675685,0,0
30.7,0,0,-0.0155891225087287,0.00695847301976706,-0.00410919606143726,0.00389203121893929,0.00293371240948577,0.00277401785987214,-0,-8.56268566017115e-08,0,-0.0360947489895953,0,0
30.72,0,0,-0.0154506433574379,0.00688957500605142,-0.00403175493972873,0.00385198987733994,0.00291265878276171,0.00275652850701864,-0,-8.30962005576169e-08,0,-0.0357843536275592,0,0
30.74,0,0,-0.0153135342226147,0.00682146987671226,-0.00395511998217237,0.00381142107926708,0.00289207229090085,0.0027393852717746,-0,-8.06403367033248e-08,0,-0.0354767141219547,0,0
30.76,0,0,-0.0151777793362034,0.00675414867601626,-0.00387930136462888,0.00377036198953664,0.00287193700032023,0.00272257524395029,-0,-7.82570545934669e-08,0,-0.0351718032304314,0,0
30.78,0,0,-0.0150433631088088,0.00668760249398143,-0.00380430852934094,0.0037288488074078,0.00285223737757462,0.00270608586853753,-0,-7.59442091140955e-08,0,-0.0348695940242121,0,0
30.8,0,0,-0.0149102701287631,0.00662182246813425,-0.00373015020410767,0.00368691678026205,0.00283295828327181,0.00268990493829519,-0,-7.3699718550202e-08,0,-0.0345700598845285,0,0
30.82,0,0,-0.0147784851611585,0.00655679978519565,-0.00365683442118515,0.00364460021730268,0.00281408496582265,0.00267402058635364,-0,-7.15215627052762e-08,0,-0.0342731744990766,0,0
30.84,0,0,-0.0146479931468477,0.00649252568269738,-0.00358436853591299,0.00360193250325952,0.00279560305505101,0.00265842127887063,-0,-6.94077810954596e-08,0,-0.0339789118584909,0,0
30.86,0,0,-0.0145187792014113,0.00642899145052979,-0.00351275924506679,0.00355894611208493,0.00277749855568946,0.00264309580776282,-0,-6.73564711697189e-08,0,-0.0336872462528403,0,0
30.88,0,0,-0.0143908286140964,0.00636618843242281,-0.00344201260493687,0.00351567262062883,0.00275975784078574,0.00262803328354343,-0,-6.53657866167556e-08,0,-0.0333981522681432,0,0
30.9,0,0,-0.0142641268467251,0.00630410802736099,-0.00337213404913388,0.00347214272228186,0.00274236764504614,0.00261322312828279,-0,-6.34339356823249e-08,0,-0.0331116047829057,0,0
30.92,0,0,-0.0141386595325762,0.0062427416909344,-0.00330312840612183,0.00342838624057719,0.00272531505813995,0.00259865506871255,-0,-6.15591795715548e-08,0,-0.032827578964681,0,0
30.94,0,0,-0.0140144124752395,0.00618208093662636,-0.00323499991647968,0.00338443214274314,0.00270858751798921,0.00258431912949247,-0,-5.9739830875552e-08,0,-0.0325460502666515,0,0
30.96,0,0,-0.0138913716474461,0.00612211733703948,-0.00316775224989234,0.00334030855319945,0.00269217280406605,0.00257020562664595,-0,-5.79742520604581e-08,0,-0.0322669944242347,0,0
30.98,0,0,-0.0137695231898743,0.00606284252506138,-0.00310138852187241,0.00329604276699205,0.00267605903071903,0.00255630516117619,-0,-5.62608539842607e-08,0,-0.0319903874517118,0,0
31,0,0,-0.0136488534099322,0.00600424819497122,-0.00303591131021385,0.00325166126316141,0.00266023464054747,0.00254260861287155,-0,-5.45980944743202e-08,0,-0.0317162056388812,0,0
31.02,0,0,-0.0135293487805197,0.00594632610348848,-0.00297132267117895,0.00320718971804133,0.00264468839784179,0.00252910713430122,-0,-5.29844769343868e-08,0,-0.0314444255477359,0,0
31.04,0,0,-0.0134109959387697,0.00588906807076521,-0.00290762415542016,0.00316265301848531,0.00262940938210505,0.00251579214499879,-0,-5.14185489984553e-08,0,-0.0311750240091669,0,0
31.06,0,0,-0.0132937816847699,0.00583246598132302,-0.00284481682363795,0.00311807527501868,0.00261438698166958,0.00250265532583759,-0,-4.9898901226253e-08,0,-0.0309079781196903,0,0
31.08,0,0,-0.0131776929802663,0.00577651178493611,-0.00278290126197657,0.00307347983491535,0.00259961088741999,0.00248968861358968,-0,-4.84241658351564e-08,0,-0.0306432652382022,0,0
31.1,0,0,-0.01306271694735,0.00572119749746152,-0.00272187759715888,0.0030288892951984,0.00258507108663186,0.0024768841956626,-0,-4.69930154598647e-08,0,-0.0303808629827578,0,0
31.12,0,0,-0.0129488408671276,0.00566651520161794,-0.00266174551136203,0.00298432551556434,0.00257075785693375,0.0024642345050076,-0,-4.5604161972787e-08,0,-0.0301207492273782,0,0
31.14,0,0,-0.0128360521783767,0.00561245704771413,-0.00260250425683537,0.00293980963123104,0.00255666176039755,0.00245173221518849,-0,-4.42563553061659e-08,0,-0.0298629020988834,0,0
31.16,0,0,-0.012724338476187,0.00555901525432839,-0.00254415267026218,0.00289536206570964,0.00254277363776068,0.00243937023560134,-0,-4.29483823470578e-08,0,-0.0296072999737525,0,0
31.18,0,0,-0.0126136875105887,0.00550618210894008,-0.00248668918686673,0.00285100254350084,0.00252908460278193,0.00242714170683298,-0,-4.16790658288452e-08,0,-0.029353921475011,0,0
31.2,0,0,-0.0125040871851684,0.00545394996851443,-0.00243011185426815,0.00280675010271608,0.00251558603673065,0.00241503999614786,-0,-4.04472632851982e-08,0,-0.0291027454691461,0,0
31.22,0,0,-0.0123955255556742,0.00540231126004188,-0.00237441834608259,0.00276262310762389,0.00250226958300772,0.00240305869308712,-0,-3.92518660075059e-08,0,-0.0288537510630489,0,0
31.24,0,0,-0.0122879908286096,0.00535125848103301,-0.00231960597527528,0.0027186392611219,0.00248912714189573,0.00239119160517268,-0,-3.80917980578183e-08,0,-0.0286069176009863,0,0
31.26,0,0,-0.0121814713598194,0.0053007841999702,-0.00226567170726383,0.00267481561713456,0.00247615086543358,0.0023794327537,-0,-3.69660152974016e-08,0,-0.0283622246615986,0,0
31.28,0,0,-0.0120759556530652,0.00525088105671724,-0.00221261217277434,0.00263116859293646,0.00246333315241116,0.00236777636960848,-0,-3.5873504446518e-08,0,-0.0281196520549283,0,0
31.3,0,0,-0.0119714323585945,0.00520154176288782,-0.00216042368045178,0.00258771398140117,0.00245066664347736,0.00235621688941683,-0,-3.48132821702263e-08,0,-0.0278791798194751,0,0
31.32,0,0,-0.0118678902717024,0.00515275910217423,-0.00210910222922614,0.00254446696317474,0.00243814421635539,0.00234474895121748,-0,-3.37843941971422e-08,0,-0.0276407882192809,0,0
31.34,0,0,-0.0117653183312866,0.00510452593063709,-0.0020586435204359,0.00250144211877319,0.00242575898115785,0.00233336739071093,-0,-3.27859144598833e-08,0,-0.0274044577410432,0,0
31.36,0,0,-0.0116637056183982,0.00505683517695736,-0.00200904296971027,0.00245865344060278,0.00241350427579437,0.00232206723727988,-0,-3.18169442580646e-08,0,-0.0271701690912578,0,0
31.38,0,0,-0.0115630413547864,0.00500967984265158,-0.00196029571861186,0.0024161143449015,0.00240137366146405,0.00231084371008917,-0,-3.08766114516523e-08,0,-0.0269379031933899,0,0
31.4,0,0,-0.0114633149014401,0.00496305300225138,-0.00191239664604131,0.00237383768360004,0.00238936091822517,0.00229969221420645,-0,-2.99640696812056e-08,0,-0.0267076411850749,0,0
31.42,0,0,-0.0113645157571263,0.00491694780344831,-0.00186534037940548,0.00233183575610017,0.00237746004063465,0.0022886083367366,-0,-2.90784975950573e-08,0,-0.0264793644153482,0,0
31.44,0,0,-0.0112666335569258,0.00487135746720494,-0.00181912130555095,0.00229012032096817,0.00236566523345003,0.00227758784296833,-0,-2.82190981198624e-08,0,-0.0262530544419044,0,0
31.46,0,0,-0.0111696580707664,0.0048262752878332,-0.00177373358146457,0.00224870260754064,0.00235397090738707,0.00226662667252068,-0,-2.73850977354842e-08,0,-0.0260286930283854,0,0
31.48,0,0,-0.0110735792019561,0.00478169463304104,-0.0017291711447427,0.00220759332743996,0.00234237167492649,0.00225572093550032,-0,-2.65757457889107e-08,0,-0.0258062621416984,0,0
31.5,0,0,-0.0109783869857142,0.00473760894394813,-0.00168542772383114,0.0021668026859963,0.00233086234616426,0.00224486690865248,-0,-2.57903138081716e-08,0,-0.0255857439493629,0,0
31.52,0,0,-0.0108840715877041,0.00469401173507183,-0.00164249684803752,0.00212634039357303,0.00231943792469957,0.00223406103151812,-0,-2.50280948483478e-08,0,-0.025367120816887,0,0
31.54,0,0,-0.0107906233025649,0.00465089659428404,-0.00160037185731828,0.00208621567679226,0.0023080936035565,0.00222329990258895,-0,-2.42884028636009e-08,0,-0.0251503753051735,0,0
31.56,0,0,-0.0106980325524452,0.00460825718274013,-0.00155904591184203,0.00204643728965704,0.00229682476113488,0.00221258027546666,-0,-2.35705720809387e-08,0,-0.0249354901679547,0,0
31.58,0,0,-0.0106062898855386,0.00456608723478055,-0.00151851200133162,0.00200701352456689,0.00228562695718747,0.00220189905502552,-0,-2.287395640347e-08,0,-0.0247224483492572,0,0
31.6,0,0,-0.0105153859746213,0.00452438055780627,-0.00147876295418699,0.00196795222322319,0.00227449592882067,0.00219125329358172,-0,-2.21979288318741e-08,0,-0.0245112329808954,0,0
31.62,0,0,-0.0104253116155915,0.00448313103212863,-0.001439791446391,0.00192926078742093,0.00226342758651689,0.00218064018707421,-0,-2.15418808936774e-08,0,-0.0243018273799945,0,0
31.64,0,0,-0.0103360577260142,0.00444233261079473,-0.0014015900102006,0.00189094618972363,0.00225241801017762,0.00217005707125854,-0,-2.09052221020189e-08,0,-0.0240942150465426,0,0
31.66,0,0,-0.0102476153436671,0.0044019793193889,-0.00136415104262575,0.00185301498401807,0.00224146344518636,0.00215950141792031,-0,-2.02873794213562e-08,0,-0.0238883796609721,0,0
31.68,0,0,-0.0101599756250932,0.00436206525581131,-0.00132746681369839,0.00181547331594572,0.00223056029849182,0.00214897083110947,-0,-1.96877967505171e-08,0,-0.0236843050817697,0,0
31.7,0,0,-0.010073129844156,0.0043225845900344,-0.00129152947453411,0.00177832693320793,0.00221970513471169,0.00213846304340559,-0,-1.91059344265693e-08,0,-0.0234819753431156,0,0
31.72,0,0,-0.00998706939060111,0.00428353156383785,-0.00125633106518896,0.00174158119574206,0.00220889467225856,0.00212797591221086,-0,-1.85412687321584e-08,0,-0.0232813746525515,0,0
31.74,0,0,-0.00990178576862291,0.00424490049052305,-0.00122186352231408,0.00170524108576601,0.00219812577948906,0.00211750741608576,-0,-1.79932914314701e-08,0,-0.0230824873886775,0,0
31.76,0,0,-0.009817270595437,0.00420668575460764,-0.00118811868661071,0.00166931121768864,0.00218739547087882,0.00210705565112191,-0,-1.74615093061908e-08,0,-0.0228852980988771,0,0
31.78,0,0,-0.00973351559985917,0.00416888181150098,-0.00115508831008849,0.00163379584788417,0.00217670090322519,0.00209661882736462,-0,-1.6945443718358e-08,0,-0.0226897914970709,0,0
31.8,0,0,-0.00965051262089094,0.00413148318716123,-0.00112276406312944,0.00159869888432843,0.00216603937188053,0.00208619526528479,-0,-1.6444630174077e-08,0,-0.0224959524614994,0,0
31.82,0,0,-0.00956825360631219,0.00409448447773477,-0.00109113754136086,0.00156402389609548,0.00215540830701876,0.00207578339230716,-0,-1.59586179063198e-08,0,-0.0223037660325327,0,0
31.84,0,0,-0.00948673061128109,0.00405788034917862,-0.00106020027233944,0.00152977412271306,0.00214480526993836,0.00206538173939624,-0,-1.54869694716023e-08,0,-0.0221132174105092,0,0
31.86,0,0,-0.00940593579694186,0.00402166553686668,-0.00102994372204993,0.00149595248337596,0.00213422794940455,0.00205498893770587,-0,-1.50292603562016e-08,0,-0.021924291953602,0,0
31.88,0,0,-0.00932586142904047,0.00398583484518025,-0.00100035930122078,0.00146256158601612,0.00212367415803406,0.00204460371529313,-0,-1.45850785875784e-08,0,-0.021736975175713,0,0
31.9,0,0,-0.0092464998765487,0.00395038314708374,-0.000971438371459946,0.00142960373622911,0.00211314182872513,0.00203422489389973,-0,-1.41540243752888e-08,0,-0.0215512527443947,0,0
31.92,0,0,-0.00916784361029686,0.00391530538368595,-0.000943172251213509,0.00139708094605643,0.00210262901113614,0.00202385138580634,-0,-1.37357097388865e-08,0,-0.021367110478799,0,0
31.94,0,0,-0.00908988520161541,0.00388059656378788,-0.00091555222155017,0.00136499494262349,0.00209213386821537,0.00201348219075491,-0,-1.33297581687841e-08,0,-0.0211845343476544,0,0
31.96,0,0,-0.00901261732098571,0.00384625176341731,-0.000888569531774375,0.00133334717663339,0.00208165467278462,0.0020031163929469,-0,-1.29358042810432e-08,0,-0.0210035104672688,0,0
31.98,0,0,-0.0089360327367003,0.00381226612535113,-0.000862215404871035,0.00130213883071669,0.0020711898041792,0.0019927531581135,-0,-1.25534934895116e-08,0,-0.02082402509956,0,0
32,0,0,-0.00886012431353273,0.00377863485862575,-0.000836481042784667,0.00127137082763759,0.00206073774494643,0.00198239173066205,-0,-1.21824816901039e-08,0,-0.0206460646501132,0,0
32.02,0,0,-0.00878488501141742,0.00374535323803631,-0.000811357631535856,0.00124104383835727,0.0020502970776047,0.00197203143089492,-0,-1.18224349459489e-08,0,-0.0204696156662642,0,0
32.04,0,0,-0.00871030788413953,0.0037124166036252,-0.000786836346177867,0.001211158289955,0.00203986648146474,0.00196167165230315,-0,-1.14730291916193e-08,0,-0.0202946648352094,0,0
32.06,0,0,-0.00863638607803525,0.00367982036016049,-0.000762908355596248,0.00118171437340808,0.00202944472951444,0.00195131185893289,-0,-1.11339499382287e-08,0,-0.0201211989821419,0,0
32.08,0,0,-0.00856311283070257,0.00364755997660481,-0.00073956482715424,0.00115271205123159,0.00201903068536842,0.0019409515828237,-0,-1.0804891990672e-08,0,-0.0199492050684132,0,0
32.1,0,0,-0.00849048146972276,0.00361563098557516,-0.000716796931186786,0.00112415106497902,0.00200862330028321,0.0019305904215174,-0,-1.04855591744057e-08,0,-0.019778670189721,0,0
32.12,0,0,-0.00841848541139281,0.00358402898279423,-0.000694595845345902,0.00109603094260518,0.00199822161023832,0.0019202280356367,-0,-1.01756640700362e-08,0,-0.0196095815743222,0,0
32.14,0,0,-0.00834711815946878,0.00355274962653378,-0.000672952758800162,0.00106835100569254,0.00198782473308384,0.00190986414652919,-0,-9.87492774964099e-09,0,-0.0194419265812709,0,0
32.16,0,0,-0.00827637330392055,0.0035217886370504,-0.00065185887629101,0.00104111037654247,0.00197743186575405,0.00189949853397814,-0,-9.5830795304383e-09,0,-0.0192756926986818,0,0
32.18,0,0,-0.00820624451969774,0.00349114179601436,-0.000631305422048584,0.00101430798513267,0.00196704228154732,0.001889131033975,-0,-9.29985672932371e-09,0,-0.0191108675420187,0,0
32.2,0,0,-0.00813672556550726,0.00346080494593188,-0.000611283643569718,0.00098794257594236,0.00195665532747118,0.00187876153655304,-0,-9.0250044269477e-09,0,-0.0189474388524066,0,0
32.22,0,0,-0.00806781028260237,0.0034307739895613,-0.000591784815260753,0.00096201271464658,0.00194627042165228,0.00186838998367956,-0,-8.75827523786482e-09,0,-0.0187853944949687,0,0
32.24,0,0,-0.00799949259358356,0.00340104488932365,-0.000572800241947758,0.000936516794681069,0.00193588705081004,0.00185801636720329,-0,-8.49942908848905e-09,0,-0.0186247224571881,0,0
32.26,0,0,-0.00793176650121125,0.00337161366670799,-0.000554321262256732,0.000911453043679211,0.00192550476779295,0.00184764072685621,-0,-8.24823299851868e-09,0,-0.018465410847292,0,0
32.28,0,0,-0.00786462608723036,0.00334247640167202,-0.00053633925186634,0.000886819529782451,0.00191512318917626,0.00183726314830627,-0,-8.00446087537154e-09,0,-0.0183074478926606,0,0
32.3,0,0,-0.007798065511207,0.00331362923203832,-0.000518845626635687,0.000862614167825617,0.00190474199291957,0.00182688376125833,-0,-7.76789330601824e-09,0,-0.0181508219382593,0,0
32.32,0,0,-0.00773207900937726,0.00328506835288663,-0.000501831845609636,0.000838834725398533,0.00189436091608288,0.00181650273760474,-0,-7.53831736442778e-09,0,-0.0179955214450933,0,0
32.34,0,0,-0.00766666089350812,0.00325679001594261,-0.000485289413904106,0.000815478828785287,0.00188397975259962,0.00180612028961704,-0,-7.31552641814598e-09,0,-0.0178415349886861,0,0
32.36,0,0,-0.00760180554977075,0.00322879052896337,-0.000469209885473806,0.000792543968782494,0.00187359835110484,0.00179573666818356,-0,-7.0993199400779e-09,0,-0.0176888512575798,0,0
32.38,0,0,-0.00753750743762596,0.0032010662551203,-0.000453584865764802,0.000770027506397849,0.00186321661281703,0.00178535216108559,-0,-6.88950332807664e-09,0,-0.0175374590518584,0,0
32.4,0,0,-0.00747376108872219,0.00317361361237931,-0.000438406014254296,0.000747926678430225,0.00185283448947181,0.00177496709131564,-0,-6.68588773407308e-09,0,-0.0173873472816929,0,0
32.42,0,0,-0.00741056110580577,0.00314642907287915,-0.000423665046879981,0.000726238602932552,0.0018424519813059,0.00176458181543161,-0,-6.48828989060352e-09,0,-0.0172385049659088,0,0
32.44,0,0,-0.00734790216164374,0.00311950916230786,-0.000409353738361295,0.000704960284558672,0.00183206913508979,0.00175419672194764,-0,-6.29653194687829e-09,0,-0.0170909212305743,0,0
32.46,0,0,-0.00728577899795908,0.00309285045927785,-0.000395463924414898,0.000684088619795335,0.00182168604220735,0.00174381222976121,-0,-6.11044130485044e-09,0,-0.0169445853076112,0,0
32.48,0,0,-0.00722418642437849,0.00306644959469989,-0.000381987503866638,0.000663620402080462,0.00181130283678095,0.00173342878661423,-0,-5.92985047349892e-09,0,-0.016799486533426,0,0
32.5,0,0,-0.00716311931739272,0.00304030325115629,-0.000368916440662287,0.000643552326808802,0.00180091969384072,0.00172304686758693,-0,-5.75459690836666e-09,0,-0.0166556143475623,0,0
32.52,0,0,-0.00710257261932935,0.00301440816227364,-0.000356242765779277,0.000623880996226051,0.00179053682753644,0.00171266697362501,-0,-5.58452286757855e-09,0,-0.0165129582913738,0,0
32.54,0,0,-0.00704254133733825,0.00298876111209529,-0.000343958579041662,0.000604602924212523,0.00178015448939075,0.00170228963009906,-0,-5.41947527479825e-09,0,-0.0163715080067177,0,0
32.56,0,0,-0.00698302054238945,0.00296335893445399,-0.000332056050840499,0.000585714540957416,0.0017697729665927,0.00169191538539467,-0,-5.25930557524618e-09,0,-0.0162312532346685,0,0
32.58,0,0,-0.00692400536828368,0.00293819851234486,-0.000320527423761834,0.00056721219752473,0.00175939258033027,0.0016815448095349,-0,-5.10386960646259e-09,0,-0.0160921838142511,0,0
32.6,0,0,-0.00686549101067535,0.00291327677729899,-0.000309365014124443,0.000549092170311878,0.00174901368416106,0.00167117849283312,-0,-4.95302746473386e-09,0,-0.0159542896811946,0,0
32.62,0,0,-0.00680747272610813,0.00288859070875798,-0.00029856121342946,0.000531350665402038,0.00173863666242014,0.00166081704457642,-0,-4.80664338105979e-09,0,-0.0158175608667041,0,0
32.64,0,0,-0.00674994583106291,0.00286413733344948,-0.000288108489724019,0.000513983822811286,0.00172826192866432,0.00165046109174016,-0,-4.66458560145766e-09,0,-0.0156819874962531,0,0
32.66,0,0,-0.00669290570101841,0.00283991372476431,-0.000277999388880993,0.000496987720631573,0.00171788992415213,0.00164011127773389,-0,-4.52672626466422e-09,0,-0.0155475597883941,0,0
32.68,0,0,-0.00663634776952404,0.00281591700213498,-0.000268226535796905,0.000480358379070616,0.00170752111635882,0.0016297682611758,-0,-4.39294128504186e-09,0,-0.0154142680535874,0,0
32.7,0,0,-0.00658026752728534,0.00279214433041615,-0.000258782635510068,0.000464091764389772,0.00169715599752591,0.00161943271470087,-0,-4.2631102493626e-09,0,-0.0152821026930496,0,0
32.72,0,0,-0.00652466052126165,0.00276859291926716,-0.000249660474240971,0.000448183792741016,0.00168679508324481,0.00160910532379821,-0,-4.13711630144892e-09,0,-0.0151510541976189,0,0
32.74,0,0,-0.00646952235377624,0.00274526002253671,-0.000240852920356934,0.000432630333904124,0.0016764389110742,0.00159878678567888,-0,-4.01484603809038e-09,0,-0.0150211131466394,0,0
32.76,0,0,-0.0064148486816386,0.00272214293765005,-0.000232352925263,0.000417427214925223,0.00166608803919063,0.00158847780817663,-0,-3.89618940582759e-09,0,-0.0148922702068622,0,0
32.78,0,0,-0.00636063521527904,0.00269923900499884,-0.000224153524221036,0.000402570223657853,0.00165574304507227,0.00157817910867803,-0,-3.7810396072771e-09,0,-0.0147645161313649,0,0
32.8,0,0,-0.00630687771789543,0.00267654560733379,-0.000216247837098979,0.00038805511220776,0.00164540452421556,0.00156789141308562,-0,-3.66929299965013e-09,0,-0.014637841758487,0,0
32.82,0,0,-0.0062535720046121,0.00265406016916032,-0.000208629069052136,0.000373877600282618,0.00163507308888442,0.00155761545481027,-0,-3.56084900367953e-09,0,-0.0145122380107837,0,0
32.84,0,0,-0.00620071394165072,0.00263178015613739,-0.000201290511138431,0.000360033378447934,0.00162474936689199,0.00154735197379694,-0,-3.45561001254685e-09,0,-0.0143876958939952,0,0
32.86,0,0,-0.00614829944551321,0.00260970307447974,-0.000194225540869462,0.000346518111290404,0.00161443400041471,0.0015371017155797,-0,-3.35348130254404e-09,0,-0.0142642064960332,0,0
32.88,0,0,-0.00609632448217662,0.00258782647036347,-0.000187427622699207,0.000333327440490014,0.00160412764483855,0.00152686543037002,-0,-3.25437095240882e-09,0,-0.0141417609859832,0,0
32.9,0,0,-0.00604478506629979,0.00256614792933548,-0.000180890308452183,0.000320456987802216,0.00159383096763733,0.00151664387217417,-0,-3.15818975572119e-09,0,-0.0140203506131232,0,0
32.92,0,0,-0.00599367726044179,0.00254466507572651,-0.00017460723769286,0.000307902357951501,0.00158354464728298,0.00150643779794263,-0,-3.06485114327446e-09,0,-0.0138999667059575,0,0
32.94,0,0,-0.00594299717429212,0.00252337557206825,-0.000168572138038067,0.000295659141437758,0.00157326937218753,0.00149624796674983,-0,-2.97427110371173e-09,0,-0.0137806006712668,0,0
32.96,0,0,-0.00589274096391244,0.00250227711851444,-0.000162778825414142,0.000283722917256786,0.00156300583967667,0.00148607513900362,-0,-2.88636810936646e-09,0,-0.0136622439931729,0,0
32.98,0,0,-0.00584290483098993,0.00248136745226617,-0.000157221204260512,0.000272089255536359,0.00155275475499477,0.00147592007568513,-0,-2.80106304036826e-09,0,-0.013544888232219,0,0
33,0,0,-0.00579348502210201,0.00246064434700153,-0.000151893267681381,0.000260753720089274,0.00154251683034107,0.00146578353761873,-0,-2.71827911698871e-09,0,-0.0134285250244645,0,0
33.02,0,0,-0.00574447782799251,0.0024401056123096,-0.000146789097547189,0.000249711870884789,0.00153229278393687,0.00145566628476954,-0,-2.63794182851773e-09,0,-0.0133131460805941,0,0
33.04,0,0,-0.00569587958285903,0.00241974909312909,-0.000141902864547431,0.000238959266439912,0.00152208333912332,0.00144556907557073,-0,-2.5599788656093e-09,0,-0.0131987431850422,0,0
33.06,0,0,-0.00564768666365157,0.00239957266919148,-0.000137228828196449,0.000228491466131962,0.00151188922348964,0.00143549266627842,-0,-2.48432005696408e-09,0,-0.0130853081951305,0,0
33.08,0,0,-0.00559989548938214,0.00237957425446902,-0.000132761336793743,0.000218304032433873,0.00150171116803141,0.00142543781035333,-0,-2.41089730384364e-09,0,-0.0129728330402198,0,0
33.1,0,0,-0.0055525025204455,0.00235975179662744,-0.000128494827340343,0.000208392533073676,0.00149154990633841,0.00141540525786999,-0,-2.3396445206561e-09,0,-0.0128613097208758,0,0
33.12,0,0,-0.00550550425795066,0.00234010327648365,-0.000124423825412729,0.000198752543119618,0.00148140617381182,0.00140539575495168,-0,-2.27049757554193e-09,0,-0.0127507303080481,0,0
33.14,0,0,-0.00545889724306327,0.00232062670746842,-0.000120542944995785,0.000189379646992364,0.00147128070691021,0.00139541004323116,-0,-2.20339423139329e-09,0,-0.0126410869422624,0,0
33.16,0,0,-0.00541267805635866,0.00230132013509407,-0.000116846888276227,0.000180269440405728,0.00146117424242384,0.00138544885933467,-0,-2.13827409121028e-09,0,-0.0125323718328261,0,0
33.18,0,0,-0.00536684331718551,0.00228218163642738,-0.000113330445397918,0.000171417532237361,0.0014510875167768,0.00137551293439184,-0,-2.07507854215611e-09,0,-0.0124245772570459,0,0
33.2,0,0,-0.00532138968303995,0.00226320931956768,-0.000109988494180453,0.00016281954633082,0.00144102126535647,0.00136560299356739,-0,-2.01375070351534e-09,0,-0.0123176955594595,0,0
33.22,0,0,-0.00527631384895013,0.00224440132313015,-0.000106815999802388,0.000154471123230448,0.00143097622186972,0.00135571975561577,-0,-1.95423537682066e-09,0,-0.012211719151078,0,0
33.24,0,0,-0.00523161254687099,0.00222575581573457,-0.00010380801445042,0.000146367921850438,0.00142095311772525,0.00134586393245756,-0,-1.89647899251008e-09,0,-0.0121066405086417,0,0
33.26,0,0,-0.00518728254508926,0.00220727099549935,-0.000100959676935839,0.000138505621079486,0.00141095268144155,0.0013360362287774,-0,-1.84042956785993e-09,0,-0.0120024521738878,0,0
33.28,0,0,-0.00514332064763848,0.00218894508954103,-9.82662122795158e-05,0.000130879921322402,0.00140097563807977,0.00132623734164116,-0,-1.78603665450944e-09,0,-0.011899146752829,0,0
33.3,0,0,-0.00509972369372401,0.00217077635347925,-9.57229312666839e-05,0.000123486545980016,0.00139102270870101,0.00131646796013325,-0,-1.73325129465898e-09,0,-0.0117967169150448,0,0
33.32,0,0,-0.00505648855715787,0.00215276307094727,-9.33252299727193e-05,0.000116321242868725,0.00138109460984716,0.00130672876501322,-0,-1.68202597813569e-09,0,-0.0116951553929835,0,0
33.34,0,0,-0.00501361214580333,0.002134903553108,-9.1068589261129e-05,0.000109379785580991,0.00137119205304489,0.00129702042838998,-0,-1.63231459772428e-09,0,-0.0115944549812758,0,0
33.36,0,0,-0.00497109140102907,0.00211719613817563,-8.89485742549067e-05,0.000102657974788081,0.00136131574433209,0.00128734361341433,-0,-1.58407241143688e-09,0,-0.0114946085360593,0,0
33.38,0,0,-0.00492892329717294,0.00209963919094292,-8.69608337824009e-05,9.61516394863352e-05,0.001351466383806,0.0012776989739875,-0,-1.53725599654278e-09,0,-0.0113956089743134,0,0
33.4,0,0,-0.00488710484101504,0.0020822311023141,-8.51010997988121e-05,8.98566381881959e-05,0.00134164466519252,0.00126808715448712,-0,-1.49182321617508e-09,0,-0.0112974492732056,0,0
33.42,0,0,-0.00484563307126011,0.00206497028884341,-8.33651867844115e-05,8.37688600592594e-05,0.00133185127543605,0.00125850878950801,-0,-1.44773317682992e-09,0,-0.0112001224694477,0,0
33.44,0,0,-0.00480450505802913,0.00204785519227942,-8.1748991120548e-05,7.78842260025411e-05,0.00132208689430917,0.00124896450361948,-0,-1.40494619540674e-09,0,-0.0111036216586623,0,0
33.46,0,0,-0.00476371790235989,0.00203088427911495,-8.02484904444883e-05,7.21986896911618e-05,0.00131235219404171,0.00123945491113585,-0,-1.36342376061069e-09,0,-0.0110079399947598,0,0
33.48,0,0,-0.00472326873571663,0.00201405604014277,-7.88597429841087e-05,6.67082385506231e-05,0.00130264783896829,0.00122998061590281,-0,-1.32312849869184e-09,0,-0.0109130706893245,0,0
33.5,0,0,-0.00468315471950834,0.00199736899001699,-7.75788868734361e-05,6.14088946918306e-05,0.00129297448519426,0.00122054221109665,-0,-1.28402414178649e-09,0,-0.0108190070110114,0,0
33.52,0,0,-0.00464337304461598,0.00198082166682026,-7.64021394500119e-05,5.62967157960004e-05,0.00128333278027894,0.00121114027903702,-0,-1.24607549365635e-09,0,-0.0107257422849517,0,0
33.54,0,0,-0.00460392093092811,0.00196441263163656,-7.5325796535029e-05,5.1367795952566e-05,0.00127372336293597,0.00120177539101275,-0,-1.20924839716249e-09,0,-0.010633269892168,0,0
33.56,0,0,-0.0045647956268851,0.0019481404681299,-7.43462316971719e-05,4.66182664511894e-05,0.00126414686275017,0.00119244810712072,-0,-1.1735097060761e-09,0,-0.0105415832689993,0,0
33.58,0,0,-0.00452599440903174,0.0019320037821286,-7.34598955010664e-05,4.20442965289568e-05,0.00125460389991029,0.0011831589761162,-0,-1.13882725341977e-09,0,-0.0104506759065335,0,0
33.6,0,0,-0.00448751458157801,0.00191600120121542,-7.26633147412244e-05,3.76420940738297e-05,0.00124509508495731,0.0011739085352757,-0,-1.10516982197717e-09,0,-0.0103605413500506,0,0
33.62,0,0,-0.00444935347596807,0.00190013137432334,-7.19530916623489e-05,3.34079062854014e-05,0.0012356210185477,0.00116469731027112,-0,-1.07250711783857e-09,0,-0.0102711731984731,0,0
33.64,0,0,-0.00441150845045723,0.00188439297133708,-7.13259031668412e-05,2.93380202939953e-05,0.00122618229123134,0.00115552581505523,-0,-1.04080974221155e-09,0,-0.010182565103826,0,0
33.66,0,0,-0.0043739768896969,0.00186878468270033,-7.07785000103354e-05,2.54287637391283e-05,0.00121677948324351,0.00114639455175868,-0,-1.01004916540012e-09,0,-0.0100947107707044,0,0
33.68,0,0,-0.00433675620432722,0.00185330521902864,-7.03077059860606e-05,2.16765053083478e-05,0.00120741316431063,0.00113730401059689,-0,-9.80197701651309e-10,0,-0.0100076039557499,0,0
33.7,0,0,-0.0042998438305775,0.00183795331072803,-6.99104170988149e-05,1.80776552374377e-05,0.00119808389346945,0.00112825466978788,-0,-9.51228481833183e-10,0,-0.00992123846713461,0,0
33.72,0,0,-0.00426323722987417,0.00182272770761919,-6.95836007293128e-05,1.46286657729734e-05,0.00118879221889902,0.00111924699548045,-0,-9.23115431750859e-10,0,-0.00983560816405367,0,0
33.74,0,0,-0.00422693388845617,0.00180762717856736,-6.93242947896506e-05,1.13260315981985e-05,0.00117953867776546,0.00111028144169209,-0,-8.95833247860356e-10,0,-0.00975070695622476,0,0
33.76,0,0,-0.00419093131699774,0.00179265051111778,-6.91296068706128e-05,8.16629022317771e-06,0.00117032379607893,0.0011013584502569,-0,-8.69357374283508e-10,0,-0.00966652880339583,0,0
33.78,0,0,-0.00415522705023841,0.0017777965111368,-6.89967133815243e-05,5.14602234017559e-06,0.00116114808856249,0.00109247845078252,-0,-8.43663981557607e-10,0,-0.00958306771486012,0,0
33.8,0,0,-0.00411981864662013,0.00176306400245842,-6.89228586833361e-05,2.26185214519165e-06,0.0011520120585327,0.00108364186061703,-0,-8.18729942782953e-10,0,-0.00950031774897843,0,0
33.82,0,0,-0.00408470368793139,0.00174845182653651,-6.89053542156094e-05,-4.89552373423054e-07,0.00114291619779143,0.00107484908482454,-0,-7.94532816275617e-10,0,-0.00941827301270866,0,0
33.84,0,0,-0.00404987977895826,0.00173395884210242,-6.89415776180508e-05,-3.11147917835494e-06,0.00113386098652877,0.0010661005161696,-0,-7.7105082301604e-10,0,-0.00933692766114242,0,0
33.86,0,0,-0.00401534454714222,0.00171958392482807,-6.90289718472263e-05,-5.60717195782328e-06,0.00112484689323664,0.00105739653511,-0,-7.48262827133389e-10,0,-0.00925627589704844,0,0
33.88,0,0,-0.00398109564224467,0.00170532596699455,-6.91650442890699e-05,-7.97982993029148e-06,0.00111587437463284,0.00104873750979883,-0,-7.26148318558328e-10,0,-0.00917631197042291,0,0
33.9,0,0,-0.00394713073601803,0.00169118387716605,-6.93473658677801e-05,-1.02326076785147e-05,0.00110694387559533,0.00104012379609351,-0,-7.04687392640013e-10,0,-0.00909703017804631,0,0
33.92,0,0,-0.00391344752188326,0.00167715657986917,-6.9573570151685e-05,-1.23686150120565e-05,0.00109805582910638,0.00103155573757346,-0,-6.83860732798858e-10,0,-0.00901842486304686,0,0
33.94,0,0,-0.00388004371461383,0.00166324301527758,-6.98413524566338e-05,-1.43909168574171e-05,0.00108921065620638,0.00102303366556558,-0,-6.63649594046661e-10,0,-0.00894049041447032,0,0
33.96,0,0,-0.00384691705002582,0.00164944213890193,-7.0148468947461e-05,-1.6302533174928e-05,0.00108040876595706,0.00101455789917624,-0,-6.44035784338332e-10,0,-0.00886322126685604,0,0
33.98,0,0,-0.0038140652846743,0.00163575292128506,-7.04927357380483e-05,-1.81064389015803e-05,0.00107165055541376,0.00100612874533185,-0,-6.25001650260415e-10,0,-0.00878661189981915,0,0
34,0,0,-0.00378148619555563,0.00162217434770238,-7.08720279904964e-05,-1.9805563918962e-05,0.00106293640960668,0.000997746498825075,-0,-6.06530060117544e-10,0,-0.00871065683763879,0,0
34.02,0,0,-0.00374917757981582,0.00160870541786745,-7.12842790138995e-05,-2.14027930454958e-05,0.00105426670153068,0.000989411442368675,-0,-5.88604388319924e-10,0,-0.00863535064885218,0,0
34.04,0,0,-0.00371713725446464,0.00159534514564262,-7.17274793632006e-05,-2.29009660521767e-05,0.00104564179214349,0.000981123846655257,-0,-5.71208499770826e-10,0,-0.00856068794585452,0,0
34.06,0,0,-0.0036853630560955,0.00158209255875484,-7.21996759385903e-05,-2.43028777010255e-05,0.00103706203037193,0.000972883970423608,-0,-5.54326737289834e-10,0,-0.00848666338450452,0,0
34.08,0,0,-0.00365385284061093,0.00156894669851642,-7.26989710858954e-05,-2.5611277805484e-05,0.00102852775312613,0.000964692060530751,-0,-5.37943906434024e-10,0,-0.00841327166373546,0,0
34.1,0,0,-0.00362260448295367,0.00155590661955084,-7.32235216983886e-05,-2.68288713119888e-05,0.00102003928532129,0.000956548352029904,-0,-5.22045261186488e-10,0,-0.00834050752517174,0,0
34.12,0,0,-0.00359161587684314,0.00154297138952346,-7.37715383204347e-05,-2.79583184019784e-05,0.00101159693990673,0.000948453068253821,-0,-5.06616492680634e-10,0,-0.00826836575275069,0,0
34.14,0,0,-0.00356088493451722,0.00153014008887714,-7.43412842533756e-05,-2.90022346135965e-05,0.00100320101790221,0.000940406420903118,-0,-4.91643712720313e-10,0,-0.00819684117234967,0,0
34.16,0,0,-0.00353040958647933,0.00151741181057273,-7.493107466404e-05,-2.99631909823715e-05,0.000994851808440899,0.000932408610140045,-0,-4.77113444672522e-10,0,-0.00812592865141816,0,0
34.18,0,0,-0.00350018778125062,0.00150478565983429,-7.5539275696251e-05,-3.08437142001641e-05,0.000986549588819119,0.000924459824686964,-0,-4.63012611758018e-10,0,-0.00805562309861504,0,0
34.2,0,0,-0.00347021748512721,0.00149226075389914,-7.6164303585689e-05,-3.16462867916855e-05,0.000978294624552353,0.00091656024192834,-0,-4.49328521005127e-10,0,-0.00798591946345058,0,0
34.22,0,0,-0.0034404966819424,0.00147983622177252,-7.68046237784554e-05,-3.23733473079104e-05,0.000970087169437366,0.000908710028018498,-0,-4.3604885631085e-10,0,-0.00791681273593337,0,0
34.24,0,0,-0.0034110233728337,0.00146751120398698,-7.74587500536675e-05,-3.30272905357129e-05,0.000961927465620197,0.000900909337992115,-0,-4.23161665430438e-10,0,-0.00784829794622193,0,0
34.26,0,0,-0.00338179557601469,0.00145528485236629,-7.81252436504033e-05,-3.36104677230765e-05,0.000953815743669762,0.000893158315879146,-0,-4.10655348268008e-10,0,-0.00778037016428085,0,0
34.28,0,0,-0.00335281132655148,0.00144315632979394,-7.88027123993007e-05,-3.41251868192359e-05,0.000945752222656797,0.000885457094823277,-0,-3.98518648636603e-10,0,-0.0077130244995416,0,0
34.3,0,0,-0.0033240686761438,0.00143112480998611,-7.94898098591039e-05,-3.45737127291275e-05,0.000937737110237972,0.000877805797203143,-0,-3.86740642982497e-10,0,-0.0076462561005676,0,0
34.32,0,0,-0.0032955656929106,0.00141918947726909,-8.01852344584362e-05,-3.49582675815363e-05,0.000929770602744848,0.000870204534757445,-0,-3.75310729543166e-10,0,-0.00758006015472375,0,0
34.34,0,0,-0.00326730046118002,0.00140734952636104,-8.08877286430686e-05,-3.52810310103432e-05,0.000921852885277505,0.000862653408712659,-0,-3.64218620974716e-10,0,-0.00751443188785011,0,0
34.36,0,0,-0.00323927108128372,0.00139560416215813,-8.15960780289382e-05,-3.55441404482874e-05,0.000913984131802614,0.000855152509913083,-0,-3.53454334377223e-10,0,-0.00744936656393982,0,0
34.38,0,0,-0.00321147566935538,0.00138395259952496,-8.2309110561164e-05,-3.57496914326752e-05,0.000906164505255667,0.000847701918953727,-0,-3.43008180019033e-10,0,-0.00738485948482103,0,0
34.4,0,0,-0.00318391235713344,0.00137239406308915,-8.30256956792898e-05,-3.58997379224801e-05,0.000898394157647187,0.000840301706315996,-0,-3.32870756132586e-10,0,-0.00732090598984285,0,0
34.42,0,0,-0.00315657929176782,0.00136092778704012,-8.374474348898e-05,-3.59962926262887e-05,0.000890673230172743,0.000832951932504513,-0,-3.2303293893976e-10,0,-0.00725750145556516,0,0
34.44,0,0,-0.00312947463563071,0.00134955301493204,-8.44652039403772e-05,-3.60413273405653e-05,0.000883001853326434,0.000825652648186562,-0,-3.13485872677211e-10,0,-0.00719464129545235,0,0
34.46,0,0,-0.00310259656613114,0.00133826899949071,-8.51860660133252e-05,-3.60367732977189e-05,0.000875380147017754,0.000818403894333186,-0,-3.0422096482588e-10,0,-0.00713232095957065,0,0
34.48,0,0,-0.00307594327553352,0.00132707500242462,-8.59063569096457e-05,-3.59845215234675e-05,0.000867808220691579,0.00081120570236218,-0,-2.95229876570019e-10,0,-0.00707053593428929,0,0
34.5,0,0,-0.00304951297077978,0.00131597029423976,-8.66251412526524e-05,-3.58864232030103e-05,0.000860286173451108,0.0008040580942821,-0,-2.86504514990932e-10,0,-0.00700928174198513,0,0
34.52,0,0,-0.0030233038733153,0.00130495415405851,-8.73415202940723e-05,-3.57442900555295e-05,0.000852814094183525,0.000796961082837894,-0,-2.78037027429123e-10,0,-0.00694855394075085,0,0
34.54,0,0,-0.00299731421891832,0.00129402586944223,-8.80546311285355e-05,-3.55598947165551e-05,0.000845392061688271,0.0007899146716578,-0,-2.6981979150964e-10,0,-0.00688834812410665,0,0
34.56,0,0,-0.00297154225753288,0.00128318473621772,-8.87636459157889e-05,-3.53349711277381e-05,0.000838020144807656,0.00078291885540119,-0,-2.61845411672623e-10,0,-0.0068286599207152,0,0
34.58,0,0,-0.0029459862531053,0.00127243005830736,-8.9467771110774e-05,-3.50712149335927e-05,0.000830698402559702,0.000775973619907465,-0,-2.5410671028285e-10,0,-0.00676948499410001,0,0
34.6,0,0,-0.00292064448342384,0.00126176114756295,-9.01662467017068e-05,-3.47702838847734e-05,0.000823426884273069,0.000769078942345702,-0,-2.46596721991885e-10,0,-0.00671081904236699,0,0
34.62,0,0,-0.00289551523996182,0.00125117732360318,-9.08583454562847e-05,-3.44337982474692e-05,0.000816205629723834,0.000762234791365038,-0,-2.39308687449702e-10,0,-0.00665265779792916,0,0
34.64,0,0,-0.00287059682772382,0.00124067791365462,-9.15433721761387e-05,-3.4063341218506e-05,0.000809034669274036,0.000755441127245844,-0,-2.32236046799478e-10,0,-0.0065949970272345,0,0
34.66,0,0,-0.00284588756509513,0.00123026225239625,-9.22206629596423e-05,-3.36604593457599e-05,0.000801914024011801,0.000748697902051032,-0,-2.25372434473417e-10,0,-0.00653783253049687,0,0
34.68,0,0,-0.00282138578369419,0.00121992968180748,-9.28895844731773e-05,-3.32266629534941e-05,0.000794843705892906,0.000742005059778017,-0,-2.1871167225386e-10,0,-0.00648116014142982,0,0
34.7,0,0,-0.00279708982822809,0.0012096795510195,-9.35495332309538e-05,-3.27634265722428e-05,0.00078782371788368,0.000735362536511299,-0,-2.12247765370155e-10,0,-0.00642497572698343,0,0
34.72,0,0,-0.00277299805635101,0.00119951121617004,-9.41999348834691e-05,-3.22721893728744e-05,0.000780854054105088,0.00072877026057441,-0,-2.05974895993444e-10,0,-0.00636927518708393,0,0
34.74,0,0,-0.00274910883852546,0.00118942404026137,-9.48402435146872e-05,-3.1754355604479e-05,0.000773934699977843,0.000722228152682917,-0,-1.99887417815653e-10,0,-0.00631405445437613,0,0
34.76,0,0,-0.00272542055788646,0.00117941739302162,-9.54699409480117e-05,-3.12112950357317e-05,0.000767065632368487,0.000715736126097076,-0,-1.93979851712683e-10,0,-0.00625930949396867,0,0
34.78,0,0,-0.0027019316101083,0.00116949065076918,-9.60885360611172e-05,-3.06443433993936e-05,0.000760246819736294,0.000709294086774214,-0,-1.88246880540241e-10,0,-0.00620503630318186,0,0
34.8,0,0,-0.00267864040327415,0.00115964319628034,-9.66955641097e-05,-3.00548028396241e-05,0.000753478222280861,0.000702901933521508,-0,-1.82683344580187e-10,0,-0.00615123091129823,0,0
34.82,0,0,-0.00265554535774812,0.00114987441865993,-9.72905860602e-05,-2.94439423617828e-05,0.000746759792090316,0.00069655955814813,-0,-1.77284235685846e-10,0,-0.00609788937931563,0,0
34.84,0,0,-0.00263264490604999,0.00114018371321503,-9.78731879315412e-05,-2.88129982844127e-05,0.000740091473290044,0.00069026684561776,-0,-1.72044694679921e-10,0,-0.00604500779970284,0,0
34.86,0,0,-0.00260993749273245,0.00113057048133168,-9.8442980145931e-05,-2.8163174693101e-05,0.000733473202191794,0.00068402367419968,-0,-1.66960005499803e-10,0,-0.00599258229615774,0,0
34.88,0,0,-0.00258742157426063,0.00112103413035445,-9.89995968887534e-05,-2.74956438959266e-05,0.000726904907443094,0.000677829915620861,-0,-1.62025591728121e-10,0,-0.00594060902336782,0,0
34.9,0,0,-0.0025650956188942,0.00111157407346891,-9.95426954775844e-05,-2.68115468802086e-05,0.000720386510176904,0.000671685435216507,-0,-1.57237011822256e-10,0,-0.00588908416677314,0,0
34.92,0,0,-0.00254295810657167,0.00110218972958696,-0.000100071955740352,-2.61119937702786e-05,0.000713917924161384,0.000665590092080458,-0,-1.52589956078572e-10,0,-0.00583800394233155,0,0
34.94,0,0,-0.00252100752879695,0.00109288052323491,-0.000100587079402664,-2.53980642860117e-05,0.000707499055949691,0.000659543739215066,-0,-1.48080241211407e-10,0,-0.00578736459628634,0,0
34.96,0,0,-0.00249924238852822,0.00108364588444422,-0.000101087789484302,-2.46708082018534e-05,0.000701129805029745,0.000653546223680557,-0,-1.43703808835188e-10,0,-0.00573716240493597,0,0
34.98,0,0,-0.00247766120006887,0.00107448524864503,-0.000101573829704914,-2.39312458060918e-05,0.000694810063973896,0.000647597386743148,-0,-1.39456719392902e-10,0,-0.00568739367440609,0,0
35,0,0,-0.00245626248896056,0.0010653980565622,-0.000102044963898877,-2.31803683601301e-05,0.000688539718588378,0.000641697064023031,-0,-1.3533515042137e-10,0,-0.00563805474042375,0,0
35.02,0,0,-0.00243504479187834,0.00105638375411399,-0.000102500975439352,-2.24191385575236e-05,0.000682318648062491,0.000635845085641077,-0,-1.31335392431278e-10,0,-0.00558914196809365,0,0
35.04,0,0,-0.00241400665652782,0.00104744179231323,-0.000102941666671518,-2.16484909825515e-05,0.000676146725117426,0.000630041276364873,-0,-1.27453845220893e-10,0,-0.00554065175167651,0,0
35.06,0,0,-0.00239314664154418,0.001038571627171,-0.000103366858354959,-2.0869332568104e-05,0.000670023816154708,0.000624285455753803,-0,-1.23687015057133e-10,0,-0.00549258051436947,0,0
35.08,0,0,-0.00237246331639319,0.0010297727196027,-0.000103776389115216,-2.0082543052668e-05,0.000663949781404122,0.000618577438303062,-0,-1.20031511206126e-10,0,-0.00544492470808851,0,0
35.1,0,0,-0.00235195526127404,0.00102104453533654,-0.000104170114904454,-1.92889754362076e-05,0.000657924475071104,0.000612917033586824,-0,-1.16484043981638e-10,0,-0.0053976808132528,0,0
35.12,0,0,-0.00233162106702397,0.0010123865448243,-0.000104547908471241,-1.84894564347375e-05,0.000651947745483548,0.000607304046400078,-0,-1.13041420191431e-10,0,-0.00535084533857098,0,0
35.14,0,0,-0.00231145933502467,0.00100379822315447,-0.000104909658839403,-1.76847869333982e-05,0.000646019435237883,0.000601738276899338,-0,-1.09700541185698e-10,0,-0.00530441482082934,0,0
35.16,0,0,-0.00229146867711041,0.000995279049967528,-0.000105255270795924,-1.68757424378478e-05,0.000640139381344446,0.000596219520742644,-0,-1.06458400688653e-10,0,-0.00525838582468187,0,0
35.18,0,0,-0.00227164771547781,0.000986828509373522,-0.000105584664387852,-1.60630735237912e-05,0.000634307415372084,0.000590747569227434,-0,-1.03312079594367e-10,0,-0.00521275494244211,0,0
35.2,0,0,-0.00225199508259727,0.000978446089871704,-0.000105897774428184,-1.52475062844754e-05,0.000628523363591848,0.000585322209428163,-0,-1.00258746183607e-10,0,-0.00516751879387676,0,0
35.22,0,0,-0.00223250942112596,0.000970131284272334,-0.000106194550010668,-1.44297427759864e-05,0.000622787047119818,0.000579943224331896,-0,-9.72956524375457e-11,0,-0.00512267402600112,0,0
35.24,0,0,-0.00221318938382239,0.000961883589620523,-0.000106474954033494,-1.3610461460188e-05,0.000617098282058977,0.000574610392972847,-0,-9.44201314356796e-11,0,-0.00507821731287619,0,0
35.26,0,0,-0.00219403363346241,0.0009537025071221,-0.000106738962731822,-1.27903176451522e-05,0.000611456879640056,0.0005693234905653,-0,-9.16295947537421e-11,0,-0.00503414535540748,0,0
35.28,0,0,-0.00217504084275677,0.000945587542071451,-0.000106986565219084,-1.19699439229341e-05,0.000605862646361312,0.000564082288635683,-0,-8.89215309458208e-11,0,-0.0049904548811455,0,0
35.3,0,0,-0.00215620969427003,0.000937538203781303,-0.000107217763037023,-1.11499506045531e-05,0.000600315384127239,0.000558886555152205,-0,-8.6293502291751e-11,0,-0.00494714264408787,0,0
35.32,0,0,-0.00213753888034087,0.000929554005514384,-0.000107432569714391,-1.03309261520465e-05,0.000594814890386075,0.000553736054654174,-0,-8.37431439297542e-11,0,-0.00490420542448305,0,0
35.34,0,0,-0.0021190271030038,0.00092163446441695,-0.000107631010334273,-9.51343760746834e-06,0.000589360958266154,0.000548630548378789,-0,-8.12681601701504e-11,0,-0.00486164002863565,0,0
35.36,0,0,-0.00210067307391207,0.000913779101454109,-0.000107813121109941,-8.6980310187125e-06,0.000583953376711006,0.000543569794386925,-0,-7.8866322977475e-11,0,-0.00481944328871326,0,0
35.38,0,0,-0.002082475514262,0.000905987441346924,-0.000107978948969214,-7.88523186204436e-06,0.000578591930613163,0.000538553547687246,-0,-7.6535470886277e-11,0,-0.00477761206255484,0,0
35.4,0,0,-0.00206443315471842,0.000898259012511238,-0.000108128551147209,-7.07554546123111e-06,0.000573276400946672,0.00053358156035876,-0,-7.42735059653526e-11,0,-0.00473614323348064,0,0
35.42,0,0,-0.0020465447353414,0.000890593346998199,-0.000108261994787465,-6.26945740316597e-06,0.000568006564898255,0.000528653581671465,-0,-7.2078392083022e-11,0,-0.00469503371010352,0,0
35.44,0,0,-0.00202880900551412,0.000882989980436426,-0.000108379356551324,-5.4674339498878e-06,0.000562782195997056,0.000523769358205898,-0,-6.99481536060864e-11,0,-0.00465428042614181,0,0
35.46,0,0,-0.00201122472387188,0.000875448451975799,-0.000108480722235526,-4.66992244690208e-06,0.000557603064243003,0.000518928633970531,-0,-6.78808734482644e-11,0,-0.00461388034023351,0,0
35.48,0,0,-0.00199379065823222,0.000867968304232819,-0.000108566186397931,-3.87735172771457e-06,0.000552468936233703,0.000514131150517687,-0,-6.58746902512664e-11,0,-0.004573830435752,0,0
35.5,0,0,-0.00197650558552613,0.000860549083237512,-0.000108635851991292,-3.09013251449422e-06,0.000547379575289848,0.00050937664705786,-0,-6.39277990353154e-11,0,-0.00453412772062304,0,0
35.52,0,0,-0.00195936829173031,0.000853190338381827,-0.000108689830005,-2.30865781478644e-06,0.000542334741579151,0.000504664860572252,-0,-6.20384470791796e-11,0,-0.00449476922714323,0,0
35.54,0,0,-0.00194237757180039,0.000845891622369515,-0.000108728239114726,-1.53330331420243e-06,0.000537334192238719,0.000499995525923477,-0,-6.02049339201716e-11,0,-0.0044557520117997,0,0
35.56,0,0,-0.00192553222960526,0.000838652491167425,-0.000108751205339878,-7.64427765015916e-07,0.000532377681495885,0.00049536837596482,-0,-5.84256094025848e-11,0,-0.00441707315509125,0,0
35.58,0,0,-0.00190883107786218,0.000831472503958203,-0.00010875886170878,-2.37337060166864e-09,0.000527464960787477,0.00049078314164757,-0,-5.66988717261296e-11,0,-0.0043787297613507,0,0
35.6,0,0,-0.00189227293807304,0.000824351223094356,-0.00010875134793151,7.52533834344565e-07,0.000522595778877481,0.00048623955212664,-0,-5.50231670122525e-11,0,-0.00434071895856859,0,0
35.62,0,0,-0.00187585664046131,0.000817288214053638,-0.000108728810080286,1.49998360786087e-06,0.000517769881973098,0.000481737334864433,-0,-5.33969867020506e-11,0,-0.00430303789821809,0,0
35.64,0,0,-0.00185958102391004,0.000810283045395735,-0.000108691400277342,2.23968112910081e-06,0.000512987013839172,0.000477276215733247,-0,-5.18188673394315e-11,0,-0.0042656837550812,0,0
35.66,0,0,-0.00184344493590061,0.000803335288720213,-0.000108639276390179,2.97134663109054e-06,0.00050824691591099,0.000472855919115476,-0,-5.02873884027089e-11,0,-0.00422865372707617,0,0
35.68,0,0,-0.00182744723245235,0.000796444518625688,-0.000108572601734128,3.69471503790564e-06,0.000503549327405421,0.000468476168002445,-0,-4.88011714372405e-11,0,-0.00419194503508616,0,0
35.7,0,0,-0.00181158677806296,0.000789610312670207,-0.000108491544782117,4.40953560630783e-06,0.000498893985430376,0.000464136684091322,-0,-4.73588789712265e-11,0,-0.00415555492278905,0,0
35.72,0,0,-0.0017958624456497,0.000782832251332789,-0.000108396278881564,5.11557157187882e-06,0.00049428062509263,0.000459837187880316,-0,-4.59592123473046e-11,0,-0.00411948065648846,0,0
35.74,0,0,-0.00178027311649137,0.000776109917976097,-0.000108286981978303,5.81259979968495e-06,0.000489708979603923,0.000455577398762225,-0,-4.46009123730717e-11,0,-0.00408371952494599,0,0
35.76,0,0,-0.00176481768017096,0.000769442898810231,-0.000108163836347448,6.50041043950167e-06,0.000485178780385401,0.000451357035116051,-0,-4.32827562853177e-11,0,-0.00404826883921449,0,0
35.78,0,0,-0.00174949503451909,0.000762830782857585,-0.000108027028331112,7.17880658562554e-06,0.000480689757170349,0.000447175814397182,-0,-4.20035575331851e-11,0,-0.00401312593247259,0,0
35.8,0,0,-0.00173430408555809,0.000756273161918757,-0.000107876748082873,7.84760394129673e-06,0.000476241638105234,0.000443033453225569,-0,-4.07621646939665e-11,0,-0.00397828815986032,0,0
35.82,0,0,-0.00171924374744679,0.000749769630539478,-0.000107713189318918,8.50663048775213e-06,0.00047183414984904,0.000438929667472393,-0,-3.95574606057436e-11,0,-0.00394375289831578,0,0
35.84,0,0,-0.00170431294242589,0.000743319785978532,-0.000107536549075755,9.15572615792698e-06,0.000467467017670903,0.000434864172344715,-0,-3.83883608495034e-11,0,-0.00390951754641299,0,0
35.86,0,0,-0.00168951060076407,0.000736923228176642,-0.000107347027474396,9.79474251481847e-06,0.000463139965546046,0.000430836682468996,-0,-3.72538133154576e-11,0,-0.00387557952420079,0,0
35.88,0,0,-0.00167483566070461,0.000730579559726287,-0.000107144827490941,1.04235424345239e-05,0.00045885271625001,0.000426846911972205,-0,-3.61527969020004e-11,0,-0.00384193627304283,0,0
35.9,0,0,-0.00166028706841269,0.000724288385842437,-0.000106930154733443,1.10419997939615e-05,0.000454604991451176,0.000422894574561753,-0,-3.5084320214665e-11,0,-0.00380858525545854,0,0
35.92,0,0,-0.00164586377792318,0.000718049314334164,-0.000106703217224973,1.16499991632803e-05,0.0004503965118016,0.0004189793836036,-0,-3.4047421782965e-11,0,-0.00377552395496533,0,0
35.94,0,0,-0.00163156475108907,0.00071186195557712,-0.000106464225192798,1.22474355029623e-05,0.000446226997026136,0.000415101052198727,-0,-3.30411685425108e-11,0,-0.00374274987592158,0,0
35.96,0,0,-0.00161738895753039,0.000705725922486843,-0.00010621339086356,1.28342138656187e-05,0.00044209616600989,0.000411259293257641,-0,-3.20646543171266e-11,0,-0.00371026054337089,0,0
35.98,0,0,-0.00160333537458368,0.000699640830492875,-0.000105950928264375,1.34102491024786e-05,0.000438003736883961,0.000407453819573908,-0,-3.11170006862121e-11,0,-0.00367805350288722,0,0
36,0,0,-0.00158940298725195,0.00069360629751366,-0.000105677053029763,1.39754655745658e-05,0.00043394942710952,0.000403684343895173,-0,-3.01973541658174e-11,0,-0.00364612632042103,0,0
36.02,0,0,-0.00157559078815517,0.000687621943932216,-0.000105391982214294,1.45297968685591e-05,0.000429932953560204,0.000399950578993539,-0,-2.93048877265251e-11,0,-0.00361447658214646,0,0
36.04,0,0,-0.0015618977774812,0.000681687392572531,-0.000105095934110883,1.50731855173274e-05,0.000425954032602848,0.000396252237733212,-0,-2.84387973240041e-11,0,-0.00358310189430952,0,0
36.06,0,0,-0.00154832296293718,0.000675802268676682,-0.000104789128074617,1.56055827251284e-05,0.000422012380176536,0.000392589033137648,-0,-2.75983038505734e-11,0,-0.00355199988307718,0,0
36.08,0,0,-0.00153486535970145,0.000669966199882653,-0.000104471784352041,1.6126948097461e-05,0.000418107711870036,0.000388960678454359,-0,-2.67826509667973e-11,0,-0.00352116819438745,0,0
36.1,0,0,-0.00152152399037576,0.00066417881620281,-0.000104144123915794,1.66372493755547e-05,0.000414239742997552,0.000385366887218368,-0,-2.59911040172839e-11,0,-0.0034906044938005,0,0
36.12,0,0,-0.0015082978849381,0.000658439750003045,-0.00010380636830451,1.71364621754819e-05,0.000410408188672866,0.000381807373314214,-0,-2.52229508980462e-11,0,-0.00346030646635059,0,0
36.14,0,0,-0.00149518608069574,0.000652748635982536,-0.000103458739467894,1.76245697318735e-05,0.000406612763881838,0.000378281851036339,-0,-2.44775001049385e-11,0,-0.00343027181639906,0,0
36.16,0,0,-0.0014821876222388,0.000647105111154124,-0.000103101459616872,1.81015626462201e-05,0.000402853183553323,0.000374790035147698,-0,-2.37540806252365e-11,0,-0.00340049826748822,0,0
36.18,0,0,-0.00146930156139418,0.000641508814825278,-0.000102734751078738,1.85674386397351e-05,0.000399129162628438,0.000371331640937315,-0,-2.30520415039556e-11,0,-0.0033709835621961,0,0
36.2,0,0,-0.00145652695717983,0.000635959388579628,-0.000102358836157187,1.90222023107587e-05,0.000395440416128266,0.000367906384275942,-0,-2.23707506512294e-11,0,-0.00334172546199224,0,0
36.22,0,0,-0.00144386287575941,0.000630456476259058,-0.000101973936997165,1.94658648966771e-05,0.000391786659219979,0.000364513981670396,-0,-2.17095951675697e-11,0,-0.00331272174709424,0,0
36.24,0,0,-0.00143130839039732,0.000624999723946316,-0.00010158027545443,1.98984440403307e-05,0.000388167607281377,0.000361154150316355,-0,-2.10679797175636e-11,0,-0.0032839702163254,0,0
36.26,0,0,-0.00141886258141402,0.000619588779948157,-0.000101178072969741,2.03199635608842e-05,0.00038458297596388,0.000357826608149706,-0,-2.04453267467139e-11,0,-0.00325546868697307,0,0
36.28,0,0,-0.00140652453614175,0.000614223294778969,-0.000100767550447588,2.07304532291299e-05,0.000381032481253975,0.000354531073896551,-0,-1.9841076047758e-11,0,-0.00322721499464798,0,0
36.3,0,0,-0.00139429334888051,0.000608902921144885,-0.000100348928139368,2.11299485471924e-05,0.000377515839533128,0.000351267267121544,-0,-1.92546835680457e-11,0,-0.00319920699314451,0,0
36.32,0,0,-0.00138216812085438,0.000603627313928355,-9.99224255309234e-05,2.15184905326049e-05,0.000374032767636184,0.000348034908275168,-0,-1.86856218432202e-11,0,-0.0031714425543017,0,0
36.34,0,0,-0.00137014796016816,0.000598396130173166,-9.94882612343609e-05,2.18961255067234e-05,0.000370582982908259,0.000344833718739062,-0,-1.81333781540741e-11,0,-0.00314391956786522,0,0
36.36,0,0,-0.0013582319817643,0.000593209029069891,-9.90466528840519e-05,2.2262904887444e-05,0.000367166203260148,0.000341663420870775,-0,-1.75974557191719e-11,0,-0.00311663594135021,0,0
36.38,0,0,-0.00134641930738005,0.000588065671941752,-9.85978170367396e-05,2.26188849861905e-05,0.000363782147222241,0.000338523738046226,-0,-1.70773722853873e-11,0,-0.00308958959990494,0,0
36.4,0,0,-0.00133470906550502,0.000582965722230881,-9.81419690756636e-05,2.29641268091322e-05,0.000360430533997009,0.000335414394701645,-0,-1.65726596942223e-11,0,-0.00306277848617535,0,0
36.42,0,0,-0.00132310039133888,0.000577908845484963,-9.76793231186178e-05,2.32986958626002e-05,0.000357111083510023,0.000332335116373562,-0,-1.60828634481261e-11,0,-0.0030362005601704,0,0
36.44,0,0,-0.00131159242674941,0.000572894709344256,-9.7210091929858e-05,2.36226619626581e-05,0.000353823516459549,0.000329285629737933,-0,-1.56075431441763e-11,0,-0.00300985379912831,0,0
36.46,0,0,-0.00130018432023076,0.000567922983528958,-9.67344868357776e-05,2.39360990487929e-05,0.000350567554364725,0.000326265662647607,-0,-1.51462705225147e-11,0,-0.00298373619738362,0,0
36.48,0,0,-0.00128887522686198,0.000562993339826913,-9.62527176442678e-05,2.42390850016829e-05,0.000347342919612349,0.00032327494416881,-0,-1.469863065897e-11,0,-0.00295784576623506,0,0
36.5,0,0,-0.00127766430826578,0.000558105452081656,-9.57649925676827e-05,2.45317014650033e-05,0.000344149335502282,0.000320313204616156,-0,-1.42642203387541e-11,0,-0.00293218053381428,0,0
36.52,0,0,-0.00126655073256755,0.000553258996180758,-9.52715181493279e-05,2.48140336712283e-05,0.000340986526291478,0.000317380175586613,-0,-1.38426489238244e-11,0,-0.00290673854495538,0,0
36.54,0,0,-0.00125553367435457,0.000548453650044485,-9.47724991933935e-05,2.5086170271387e-05,0.000337854217236683,0.000314475589992076,-0,-1.34335368350003e-11,0,-0.00288151786106526,0,0
36.56,0,0,-0.00124461231463551,0.000543689093614737,-9.42681386982527e-05,2.53482031687295e-05,0.000334752134635782,0.00031159918209083,-0,-1.30365157688037e-11,0,-0.00285651655999479,0,0
36.58,0,0,-0.00123378584080004,0.000538965008844264,-9.37586377930487e-05,2.56002273562614e-05,0.000331680005867852,0.000308750687517728,-0,-1.2651228589039e-11,0,-0.00283173273591081,0,0
36.6,0,0,-0.00122305344657876,0.000534281079686159,-9.32441956774921e-05,2.58423407581015e-05,0.000328637559431899,0.000305929843313359,-0,-1.22773282425909e-11,0,-0.00280716449916888,0,0
36.62,0,0,-0.00121241433200332,0.000529636992083583,-9.27250095647937e-05,2.60746440746181e-05,0.000325624524984327,0.000303136387951924,-0,-1.19144785183656e-11,0,-0.00278280997618685,0,0
36.64,0,0,-0.00120186770336666,0.000525032433959755,-9.22012746276569e-05,2.62972406312989e-05,0.00032264063337514,0.000300370061368043,-0,-1.15623524209879e-11,0,-0.00275866730931929,0,0
36.66,0,0,-0.00119141277318354,0.000520467095208156,-9.16731839472559e-05,2.65102362313102e-05,0.0003196856166829,0.00029763060498261,-0,-1.12206333634235e-11,0,-0.0027347346567326,0,0
36.68,0,0,-0.00118104876015124,0.000515940667682963,-9.11409284651261e-05,2.6713739011697e-05,0.00031675920824847,0.000294917761727057,-0,-1.08890136490958e-11,0,-0.00271101019228103,0,0
36.7,0,0,-0.00117077488911043,0.00051145284518969,-9.06046969378946e-05,2.69078593031805e-05,0.000313861142707525,0.000292231276067188,-0,-1.05671946887265e-11,0,-0.00268749210538335,0,0
36.72,0,0,-0.0011605903910062,0.00050700332347603,-9.00646758947789e-05,2.7092709493504e-05,0.000310991156021892,0.000289570894025539,-0,-1.02548867834951e-11,0,-0.00266417860090042,0,0
36.74,0,0,-0.00115049450284939,0.00050259180022289,-8.95210495977841e-05,2.72684038942818e-05,0.000308148985509716,0.00028693636320287,-0,-9.9518091250389e-12,0,-0.00264106789901347,0,0
36.76,0,0,-0.00114048646767791,0.000498217975035602,-8.89740000045276e-05,2.74350586113036e-05,0.00030533436987446,0.000284327432798427,-0,-9.65768860283073e-12,0,-0.00261815823510321,0,0
36.78,0,0,-0.00113056553451844,0.000493881549435315,-8.84237067336247e-05,2.75927914182463e-05,0.000302547049232789,0.00028174385362961,-0,-9.37226067154046e-12,0,-0.00259544785962959,0,0
36.8,0,0,-0.00112073095834812,0.000489582226850542,-8.78703470325656e-05,2.77417216337463e-05,0.000299786765141315,0.000279185378150259,-0,-9.09526859209364e-12,0,-0.00257293503801251,0,0
36.82,0,0,-0.00111098200005652,0.000485319712608865,-8.73140957480174e-05,2.78819700017848e-05,0.000297053260622261,0.00027665176046814,-0,-8.82646278115018e-12,0,-0.00255061805051309,0,0
36.84,0,0,-0.00110131792640774,0.000481093713928789,-8.67551252984864e-05,2.80136585753374e-05,0.000294346280188038,0.000274142756361549,-0,-8.56560135320539e-12,0,-0.00252849519211588,0,0
36.86,0,0,-0.00109173801000266,0.000476903939911734,-8.61936056492752e-05,2.81369106032401e-05,0.000291665569864754,0.000271658123294958,-0,-8.31244957848892e-12,0,-0.00250656477241172,0,0
36.88,0,0,-0.00108224152924138,0.000472750101534152,-8.56297042896697e-05,2.82518504202246e-05,0.000289010877214697,0.000269197620433636,-0,-8.06677955770413e-12,0,-0.00248482511548136,0,0
36.9,0,0,-0.00107282776828577,0.000468631911639779,-8.50635862122954e-05,2.83586033400739e-05,0.000286381951357774,0.000266761008657518,-0,-7.82837011360782e-12,0,-0.00246327455977988,0,0
36.92,0,0,-0.00106349601702224,0.000464549084931989,-8.44954138945787e-05,2.84572955518502e-05,0.000283778542991945,0.000264348050574229,-0,-7.59700689943049e-12,0,-0.00244191145802182,0,0
36.94,0,0,-0.00105424557102458,0.000460501337966269,-8.39253472822543e-05,2.85480540191465e-05,0.000281200404412694,0.000261958510531092,-0,-7.37248142309438e-12,0,-0.00242073417706703,0,0
36.96,0,0,-0.001045075731517,0.000456488389142791,-8.33535437748565e-05,2.86310063823162e-05,0.000278647289531493,0.000259592154626435,-0,-7.15459158931453e-12,0,-0.00239974109780736,0,0
36.98,0,0,-0.00103598580533735,0.000452509958699077,-8.27801582131383e-05,2.87062808636288e-05,0.000276118953893344,0.000257248750720164,-0,-6.94314159117859e-12,0,-0.00237893061505394,0,0
37,0,0,-0.0010269751049004,0.000448565768702763,-8.22053428683563e-05,2.87740061753074e-05,0.000273615154693371,0.000254928068443215,-0,-6.73794060910421e-12,0,-0.00235830113742534,0,0
37.02,0,0,-0.00101804294816133,0.000444655543044434,-8.16292474333685e-05,2.88343114303978e-05,0.000271135650792503,0.000252629879206637,-0,-6.53880443714228e-12,0,-0.00233785108723634,0,0
37.04,0,0,-0.00100918865857934,0.000440779007430545,-8.10520190154855e-05,2.88873260564229e-05,0.000268680202732258,0.000250353956209558,-0,-6.34555363983325e-12,0,-0.00231757890038755,0,0
37.06,0,0,-0.00100041156508138,0.000436935889376411,-8.04738021310217e-05,2.89331797117736e-05,0.000266248572748647,0.00024810007444672,-0,-6.15801420272843e-12,0,-0.00229748302625564,0,0
37.08,0,0,-0.000991711002026098,0.000433125918199265,-7.98947387014915e-05,2.89720022047899e-05,0.00026384052478522,0.000245868010714946,-0,-5.97601731554959e-12,0,-0.00227756192758435,0,0
37.1,0,0,-0.00098308630916781,0.00042934882501137,-7.93149680513976e-05,2.90039234154843e-05,0.000261455824505258,0.000243657543619167,-0,-5.79939926376866e-12,0,-0.00225781408037627,0,0
37.12,0,0,-0.000974536831620703,0.000425604342713202,-7.87346269075583e-05,2.90290732198605e-05,0.000259094239303146,0.000241468453577715,-0,-5.62800121176738e-12,0,-0.0022382379737852,0,0
37.14,0,0,-0.000966061919823126,0.000421892205986662,-7.81538493999236e-05,2.90475814167811e-05,0.000256755538314941,0.000239300522826748,-0,-5.46166855231595e-12,0,-0.00221883211000939,0,0
37.16,0,0,-0.000957660929502033,0.000418212151288358,-7.75727670638283e-05,2.90595776573369e-05,0.000254439492428136,0.000237153535424257,-0,-5.30025199077522e-12,0,-0.00219959500418536,0,0
37.18,0,0,-0.000949333221637553,0.000414563916842912,-7.69915088436333e-05,2.9065191376672e-05,0.000252145874290659,0.000235027277253214,-0,-5.14360581037321e-12,0,-0.00218052518428251,0,0
37.2,0,0,-0.0009410781624277,0.000410947242636311,-7.64102010977058e-05,2.90645517282188e-05,0.000249874458319107,0.000232921536024297,-0,-4.99158928166793e-12,0,-0.00216162119099838,0,0
37.22,0,0,-0.00093289512325321,0.000407361870409292,-7.58289676046922e-05,2.90577875202963e-05,0.000247625020706244,0.000230836101277815,-0,-4.844065469925e-12,0,-0.0021428815776547,0,0
37.24,0,0,-0.000924783480642508,0.000403807543650751,-7.52479295710342e-05,2.90450271550269e-05,0.000245397339427776,0.000228770764385123,-0,-4.7009016687985e-12,0,-0.00212430491009401,0,0
37.26,0,0,-0.000916742616236819,0.00040028400759119,-7.46672056396852e-05,2.90263985695264e-05,0.000243191194248409,0.000226725318549476,-0,-4.56196907507034e-12,0,-0.00210588976657713,0,0
37.28,0,0,-0.000908771916755392,0.000396791009196171,-7.40869118999795e-05,2.9002029179322e-05,0.000241006366727229,0.000224699558806228,-0,-4.42714257180982e-12,0,-0.00208763473768119,0,0
37.3,0,0,-0.000900870773960873,0.000393328297159798,-7.35071618986121e-05,2.89720458239539e-05,0.000238842640222395,0.000222693282022562,-0,-4.29630072837361e-12,0,-0.00206953842619846,0,0
37.32,0,0,-0.00089303858462479,0.000389895621898211,-7.29280666516841e-05,2.89365747147167e-05,0.00023669979989518,0.000220706286896578,-0,-4.16932590882602e-12,0,-0.0020515994470358,0,0
37.34,0,0,-0.000885274750493186,0.000386492735543096,-7.2349734657773e-05,2.88957413844953e-05,0.000234577632713362,0.000218738373956056,-0,-4.04610362141761e-12,0,-0.00203381642711486,0,0
37.36,0,0,-0.000877578678252366,0.000383119391935198,-7.17722719119852e-05,2.8849670639654e-05,0.000232475927453997,0.000216789345556468,-0,-3.92652316910658e-12,0,-0.00201618800527287,0,0
37.38,0,0,-0.000869949779494785,0.000379775346617846,-7.11957819209511e-05,2.87984865139338e-05,0.000230394474705573,0.00021485900587864,-0,-3.81047678219698e-12,0,-0.00199871283216426,0,0
37.4,0,0,-0.000862387470685059,0.000376460356830477,-7.06203657187216e-05,2.87423122243158e-05,0.000228333066869572,0.000212947160925885,-0,-3.69786026886004e-12,0,-0.00198138957016279,0,0
37.42,0,0,-0.000854891173126109,0.000373174181502164,-7.00461218835292e-05,2.8681270128809e-05,0.000226291498161448,0.000211053618520641,-0,-3.58857193093198e-12,0,-0.00196421689326453,0,0
37.44,0,0,-0.000847460312925431,0.000369916581245143,-6.94731465553734e-05,2.86154816861189e-05,0.000224269564611035,0.000209178188300792,-0,-3.48251353969597e-12,0,-0.00194719348699135,0,0
37.46,0,0,-0.000840094320961498,0.000366687318348335,-6.8901533454395e-05,2.85450674171576e-05,0.00022226706406241,0.000207320681715395,-0,-3.37958979378106e-12,0,-0.00193031804829524,0,0
37.48,0,0,-0.000832792632850294,0.000363486156770859,-6.83313739000016e-05,2.84701468683518e-05,0.000220283796173223,0.000205480912019994,-0,-3.27970777706105e-12,0,-0.00191358928546317,0,0
37.5,0,0,-0.000825554688911972,0.000360312862135543,-6.77627568307097e-05,2.83908385767101e-05,0.000218319562413491,0.000203658694271637,-0,-3.18277771759606e-12,0,-0.00189700591802268,0,0
37.52,0,0,-0.000818379934137644,0.000357167201722424,-6.71957688246682e-05,2.83072600366082e-05,0.000216374166063902,0.000201853845323416,-0,-3.08871244553144e-12,0,-0.00188056667664818,0,0
37.54,0,0,-0.000811267818156304,0.000354048944462228,-6.66304941208286e-05,2.82195276682527e-05,0.000214447412213614,0.000200066183818505,-0,-2.9974272846775e-12,0,-0.00186427030306779,0,0
37.56,0,0,-0.000804217795201881,0.000350957860929852,-6.60670146407309e-05,2.81277567877836e-05,0.000212539107757572,0.000198295530184101,-0,-2.90883994408936e-12,0,-0.00184811554997096,0,0
37.58,0,0,-0.000797229324080416,0.000347893723337814,-6.55054100108696e-05,2.80320615789768e-05,0.000210649061393371,0.000196541706624679,-0,-2.82287073490733e-12,0,-0.00183210118091669,0,0
37.6,0,0,-0.00079030186813738,0.000344856305529698,-6.49457575856119e-05,2.79325550665082e-05,0.000208777083617655,0.000194804537115219,-0,-2.73944224509631e-12,0,-0.0018162259702424,0,0
37.62,0,0,-0.000783434895225115,0.000341845382973579,-6.43881324706333e-05,2.78293490907416e-05,0.000206922986722087,0.000193083847393843,-0,-2.65847955628618e-12,0,-0.00180048870297349,0,0
37.64,0,0,-0.000776627877670414,0.000338860732755424,-6.38326075468446e-05,2.77225542840025e-05,0.000205086584788895,0.000191379464954186,-0,-2.5799095932505e-12,0,-0.00178488817473349,0,0
37.66,0,0,-0.000769880292242223,0.000335902133572479,-6.3279253494777e-05,2.76122800483009e-05,0.000203267693685989,0.00018969121903757,-0,-2.50366177442785e-12,0,-0.00176942319165495,0,0
37.68,0,0,-0.00076319162011949,0.000332969365726629,-6.27281388193996e-05,2.74986345344659e-05,0.000201466131061702,0.000188018940624709,-0,-2.42966736140049e-12,0,-0.00175409257029087,0,0
37.7,0,0,-0.000756561346859131,0.00033006221111774,-6.21793298753405e-05,2.73817246226576e-05,0.000199681716339124,0.000186362462427267,-0,-2.35785978415504e-12,0,-0.00173889513752685,0,0
37.72,0,0,-0.000749988962364142,0.000327180453236976,-6.16328908924834e-05,2.72616559042184e-05,0.000197914270710081,0.000184721618879015,-0,-2.28817464108244e-12,0,-0.00172382973049381,0,0
37.74,0,0,-0.000743473960851838,0.000324323877160089,-6.1088884001915e-05,2.71385326648309e-05,0.000196163617128733,0.000183096246126805,-0,-2.22054883161626e-12,0,-0.00170889519648145,0,0
37.76,0,0,-0.00073701584082223,0.000321492269540688,-6.05473692621954e-05,2.70124578689453e-05,0.000194429580304838,0.000181486182021221,-0,-2.15492169464496e-12,0,-0.00169409039285222,0,0
37.78,0,0,-0.000730614105026533,0.000318685418603481,-6.00084046859289e-05,2.68835331454444e-05,0.00019271198669667,0.000179891266107054,-0,-2.09123419536023e-12,0,-0.00167941418695602,0,0
37.8,0,0,-0.000724268260435816,0.000315903114137491,-5.94720462666079e-05,2.67518587745112e-05,0.000191010664503618,0.000178311339613463,-0,-2.02942887104693e-12,0,-0.00166486545604547,0,0
37.82,0,0,-0.000717977818209779,0.000313145147489244,-5.89383480057089e-05,2.66175336756659e-05,0.00018932544365846,0.000176746245443947,-0,-1.96945021055384e-12,0,-0.00165044308719181,0,0
37.84,0,0,-0.000711742293665673,0.000310411311555931,-5.84073619400158e-05,2.64806553969402e-05,0.000187656155819343,0.000175195828166139,-0,-1.91124411219254e-12,0,-0.0016361459772015,0,0
37.86,0,0,-0.000705561206247358,0.000307701400778543,-5.78791381691486e-05,2.63413201051562e-05,0.000186002634361474,0.000173659934001258,-0,-1.85475831741833e-12,0,-0.0016219730325333,0,0
37.88,0,0,-0.000699434079494491,0.000305015211134978,-5.73537248832758e-05,2.61996225772787e-05,0.000184364714368523,0.000172138410813564,-0,-1.79994197714931e-12,0,-0.0016079231692161,0,0
37.9,0,0,-0.000693360441011862,0.000302352540133116,-5.68311683909898e-05,2.60556561928089e-05,0.000182742232623754,0.000170631108099396,-0,-1.74674565176641e-12,0,-0.0015939953127673,0,0
37.92,0,0,-0.00068733982243886,0.000299713186803874,-5.63115131473229e-05,2.59095129271891e-05,0.00018113502760091,0.000169137876976189,-0,-1.69512147374373e-12,0,-0.00158018839811179,0,0
37.94,0,0,-0.000681371759419083,0.000297096951694227,-5.57948017818869e-05,2.57612833461893e-05,0.000179542939454834,0.000167658570171341,-0,-1.64502303922828e-12,0,-0.00156650136950161,0,0
37.96,0,0,-0.00067545579157009,0.000294503636860197,-5.52810751271148e-05,2.56110566012432e-05,0.000177965810011861,0.000166193042010761,-0,-1.59640524540969e-12,0,-0.00155293318043609,0,0
37.98,0,0,-0.000669591462453284,0.000291933045859826,-5.47703722465858e-05,2.54589204257079e-05,0.000176403482759984,0.000164741148407408,-0,-1.54922434473029e-12,0,-0.00153948279358277,0,0
38,0,0,-0.000663778319543948,0.000289384983746107,-5.42627304634175e-05,2.53049611320153e-05,0.000174855802838787,0.000163302746849569,-0,-1.50343789067503e-12,0,-0.00152614918069874,0,0
38.02,0,0,-0.000658015914201414,0.000286859257059893,-5.37581853887052e-05,2.51492636096891e-05,0.000173322617029189,0.000161877696389171,-0,-1.45900462935125e-12,0,-0.00151293132255272,0,0
38.04,0,0,-0.000652303801639378,0.000284355673822782,-5.32567709499931e-05,2.49919113241988e-05,0.00017180377374297,0.000160465857629719,-0,-1.41588449948868e-12,0,-0.00149982820884762,0,0
38.06,0,0,-0.000646641540896357,0.000281874043529968,-5.27585194197599e-05,2.48329863166229e-05,0.000170299123012123,0.000159067092714378,-0,-1.37403879506975e-12,0,-0.0014868388381438,0,0
38.08,0,0,-0.000641028694806286,0.000279414177143062,-5.22634614439037e-05,2.46725692040959e-05,0.00016880851647801,0.000157681265313717,-0,-1.33342978585888e-12,0,-0.00147396221778284,0,0
38.1,0,0,-0.000635464829969265,0.000276975887082899,-5.17716260702099e-05,2.4510739181011e-05,0.000167331807380356,0.000156308240613508,-0,-1.29402098845294e-12,0,-0.00146119736381194,0,0
38.12,0,0,-0.000629949516722445,0.000274558987222302,-5.12830407767878e-05,2.43475740209547e-05,0.000165868850546081,0.000154947885302305,-0,-1.25577689523079e-12,0,-0.00144854330090887,0,0
38.14,0,0,-0.000624482329111059,0.000272163292878829,-5.07977315004618e-05,2.41831500793452e-05,0.00016441950237797,0.000153600067559061,-0,-1.21866313698357e-12,0,-0.00143599906230753,0,0
38.16,0,0,-0.000619062844859607,0.000269788620807492,-5.03157226651023e-05,2.40175422967532e-05,0.000162983620843199,0.00015226465704051,-0,-1.18264621186415e-12,0,-0.00142356368972407,0,0
38.18,0,0,-0.00061369064534317,0.000267434789193451,-4.98370372098843e-05,2.3850824202877e-05,0.000161561065461726,0.000150941524868577,-0,-1.14769375643767e-12,0,-0.0014112362332836,0,0
38.2,0,0,-0.000608365315558889,0.00026510161764468,-4.93616966174597e-05,2.3683067921151e-05,0.000160151697294547,0.000149630543617733,-0,-1.11377427463102e-12,0,-0.00139901575144746,0,0
38.22,0,0,-0.000603086444097576,0.000262788927184608,-4.88897209420312e-05,2.35143441739616e-05,0.000158755378931835,0.000148331587302204,-0,-1.08085724615306e-12,0,-0.00138690131094108,0,0
38.24,0,0,-0.000597853623115483,0.000260496540244746,-4.84211288373166e-05,2.334472228845e-05,0.000157371974480965,0.000147044531363153,-0,-1.04891307228447e-12,0,-0.00137489198668234,0,0
38.26,0,0,-0.000592666448306213,0.000258224280657273,-4.79559375843906e-05,2.31742702028772e-05,0.000156001349554421,0.000145769252655833,-0,-1.01791296745757e-12,0,-0.0013629868617106,0,0
38.28,0,0,-0.000587524518872779,0.000255971973647614,-4.74941631193943e-05,2.30030544735296e-05,0.000154643371257616,0.000144505629436737,-0,-9.87829121886635e-13,0,-0.00135118502711619,0,0
38.3,0,0,-0.000582427437499816,0.000253739445826991,-4.70358200611015e-05,2.28311402821445e-05,0.000153297908176619,0.000143253541350491,-0,-9.58634376307249e-13,0,-0.00133948558197054,0,0
38.32,0,0,-0.000577374810325939,0.000251526525184947,-4.65809217383311e-05,2.26585914438335e-05,0.00015196483036578,0.000142012869417082,-0,-9.30302438816727e-13,0,-0.00132788763325678,0,0
38.34,0,0,-0.000572366246916251,0.000249333041081859,-4.61294802171963e-05,2.24854704154824e-05,0.0001506440093353,0.000140783496018713,-0,-9.02807830664015e-13,0,-0.00131639029580097,0,0
38.36,0,0,-0.000567401360235002,0.000247158824241423,-4.56815063281815e-05,2.23118383046092e-05,0.00014933531803871,0.000139565304886814,-0,-8.7612588624969e-13,0,-0.00130499269220382,0,0
38.38,0,0,-0.000562479766618398,0.000245003706743121,-4.52370096930374e-05,2.21377548786573e-05,0.000148038630860295,0.000138358181088955,-0,-8.50232427865305e-13,0,-0.00129369395277301,0,0
38.4,0,0,-0.000557601085747559,0.000242867522014672,-4.47959987514856e-05,2.19632785747085e-05,0.000146753823602451,0.000137162011015896,-0,-8.25104253584369e-13,0,-0.00128249321545597,0,0
38.42,0,0,-0.000552764940621632,0.000240750104824465,-4.43584807877262e-05,2.1788466509592e-05,0.000145480773472997,0.000135976682368374,-0,-8.00718703581477e-13,0,-0.00127138962577331,0,0
38.44,0,0,-0.000547970957531054,0.000238651291273968,-4.39244619567379e-05,2.16133744903754e-05,0.000144219359072436,0.000134802084144138,-0,-7.77053876972744e-13,0,-0.00126038233675269,0,0
38.46,0,0,-0.000543218766030963,0.000236570918790132,-4.34939473103656e-05,2.14380570252159e-05,0.00014296946038117,0.000133638106624855,-0,-7.54088469185482e-13,0,-0.00124947050886327,0,0
38.48,0,0,-0.000538507998914769,0.000234508826117768,-4.30669408231871e-05,2.12625673345561e-05,0.000141730958746692,0.000132484641363002,-0,-7.31801771958196e-13,0,-0.00123865330995068,0,0
38.5,0,0,-0.000533838292187868,0.000232464853311915,-4.26434454181527e-05,2.10869573626458e-05,0.000140503736870732,0.000131341581168902,-0,-7.10173781760803e-13,0,-0.00122792991517253,0,0
38.52,0,0,-0.00052920928504152,0.000230438841730199,-4.22234629919913e-05,2.09112777893739e-05,0.000139287678796392,0.000130208820097603,-0,-6.891849829542e-13,0,-0.00121729950693439,0,0
38.54,0,0,-0.000524620619826866,0.000228430634025163,-4.18069944403769e-05,2.07355780423925e-05,0.000138082669895253,0.000129086253435937,-0,-6.68816510420583e-13,0,-0.0012067612748264,0,0
38.56,0,0,-0.000520071942029116,0.000226440074136607,-4.13940396828496e-05,2.05599063095187e-05,0.00013688859685448,0.000127973777689465,-0,-6.49049986933131e-13,0,-0.00119631441556027,0,0
38.58,0,0,-0.000515562900241872,0.000224467007283894,-4.09845976874862e-05,2.03843095513963e-05,0.000135705347663892,0.000126871290569554,-0,-6.29867631576214e-13,0,-0.00118595813290689,0,0
38.6,0,0,-0.000511093146141618,0.000222511279958262,-4.05786664953152e-05,2.0208833514404e-05,0.000134532811603063,0.000125778690980454,-0,-6.1125220553529e-13,0,-0.00117569163763439,0,0
38.62,0,0,-0.000506662334462358,0.000220572739915121,-4.01762432444706e-05,2.00335227437941e-05,0.000133370879228395,0.00012469587900638,-0,-5.93186957886793e-13,0,-0.00116551414744677,0,0
38.64,0,0,-0.000502270122970413,0.000218651236166336,-3.97773241940816e-05,1.98584205970463e-05,0.00013221944236021,0.000123622755898637,-0,-5.75655625598137e-13,0,-0.00115542488692299,0,0
38.66,0,0,-0.000497916172439363,0.000216746618972514,-3.93819047478927e-05,1.96835692574245e-05,0.00013107839406985,0.00012255922406284,-0,-5.58642433527712e-13,0,-0.00114542308745655,0,0
38.68,0,0,-0.000493600146625156,0.000214858739835268,-3.8989979477611e-05,1.95090097477204e-05,0.000129947628666779,0.000121505187046136,-0,-5.42132040214777e-13,0,-0.00113550798719562,0,0
38.7,0,0,-0.000489321712241359,0.000212987451489494,-3.86015421459765e-05,1.93347819441715e-05,0.000128827041685722,0.000120460549524452,-0,-5.26109646299677e-13,0,-0.00112567883098364,0,0
38.72,0,0,-0.000485080538934576,0.000211132607895624,-3.82165857295528e-05,1.91609245905409e-05,0.000127716529873815,0.000119425217289875,-0,-5.10560723473302e-13,0,-0.00111593487030041,0,0
38.74,0,0,-0.000480876299260008,0.000209294064231889,-3.78351024412347e-05,1.89874753123444e-05,0.000126615991177776,0.00011839909723801,-0,-4.95471339737735e-13,0,-0.00110627536320365,0,0
38.76,0,0,-0.000476708668657181,0.00020747167688657,-3.74570837524693e-05,1.88144706312142e-05,0.000125525324731117,0.000117382097355424,-0,-4.8082794256582e-13,0,-0.00109669957427113,0,0
38.78,0,0,-0.000472577325425817,0.000205665303450252,-3.70825204151896e-05,1.86419459793859e-05,0.000124444430841384,0.000116374126707142,-0,-4.66617358901161e-13,0,-0.00108720677454314,0,0
38.8,0,0,-0.000468481950701871,0.000203874802708072,-3.67114024834559e-05,1.8469935714297e-05,0.000123373210977432,0.000115375095424238,-0,-4.52826740948015e-13,0,-0.00107779624146561,0,0
38.82,0,0,-0.000464422228433711,0.000202100034631971,-3.63437193348057e-05,1.82984731332871e-05,0.000122311567756743,0.000114384914691432,-0,-4.39443728801614e-13,0,-0.00106846725883358,0,0
38.84,0,0,-0.000460397845358465,0.00020034086037294,-3.59794596913071e-05,1.81275904883857e-05,0.000121259404932786,0.000113403496734822,-0,-4.26456233607736e-13,0,-0.00105921911673519,0,0
38.86,0,0,-0.000456408490978513,0.000198597142253276,-3.56186116403173e-05,1.79573190011798e-05,0.000120216627382426,0.000112430754809627,-0,-4.13852545982918e-13,0,-0.00105005111149614,0,0
38.88,0,0,-0.000452453857538143,0.000196868743758828,-3.52611626549414e-05,1.77876888777489e-05,0.000119183141093379,0.000111466603188061,-0,-4.01621336014457e-13,0,-0.00104096254562463,0,0
38.9,0,0,-0.000448533640000354,0.000195155529531262,-3.49070996141934e-05,1.76187293236579e-05,0.000118158853151725,0.000110510957147233,-0,-3.89751653260412e-13,0,-0.00103195272775677,0,0
38.92,0,0,-0.000444647536023818,0.00019345736536031,-3.45564088228556e-05,1.74504685589979e-05,0.000117143671729473,0.000109563732957128,-0,-3.78232709909165e-13,0,-0.00102302097260237,0,0
38.94,0,0,-0.000440795245939995,0.000191774118176043,-3.42090760310377e-05,1.72829338334655e-05,0.000116137506072185,0.000108624847868711,-0,-3.67054260250188e-13,0,-0.00101416660089134,0,0
38.96,0,0,-0.000436976472730407,0.000190105656041135,-3.38650864534335e-05,1.71161514414712e-05,0.000115140266486663,0.000107694220102044,-0,-3.56206221203276e-13,0,-0.00100538893932041,0,0
38.98,0,0,-0.00043319092200406,0.000188451848143145,-3.35244247882755e-05,1.69501467372674e-05,0.000114151864328697,0.000106771768834557,-0,-3.45678726528659e-13,0,-0.000996687320500357,0,0
39,0,0,-0.000429438301975022,0.000186812564786793,-3.31870752359863e-05,1.67849441500892e-05,0.000113172211990879,0.000105857414189342,-0,-3.35462343667436e-13,0,-0.000988061082903704,0,0
39.02,0,0,-0.000425718323440163,0.000185187677386259,-3.28530215175281e-05,1.6620567199296e-05,0.00011220122289049,0.000104951077223585,-0,-3.2554796532136e-13,0,-0.000979509570812823,0,0
39.04,0,0,-0.000422030699757037,0.000183577058457479,-3.25222468924482e-05,1.64570385095103e-05,0.000111238811457452,0.000104052679917036,-0,-3.15926538402289e-13,0,-0.000971032134268503,0,0
39.06,0,0,-0.000418375146821925,0.000181980581610458,-3.21947341766231e-05,1.6294379825742e-05,0.00011028489312236,0.000103162145160593,-0,-3.06589497713061e-13,0,-0.000962628129018959,0,0
39.08,0,0,-0.000414751383048032,0.000180398121541589,-3.1870465759699e-05,1.61326120284927e-05,0.000109339384304577,0.000102279396744991,-0,-2.97528440686839e-13,0,-0.000954296916469277,0,0
39.1,0,0,-0.000411159129343837,0.000178829554025987,-3.15494236222317e-05,1.59717551488318e-05,0.00010840220240042,0.000101404359349547,-0,-2.88735127387113e-13,0,-0.000946037863631287,0,0
39.12,0,0,-0.000407598109091589,0.000177274755909834,-3.12315893525246e-05,1.58118283834383e-05,0.000107473265771415,0.000100536958531041,-0,-2.8020175155824e-13,0,-0.000937850343073879,0,0
39.14,0,0,-0.000404068048125972,0.000175733605102737,-3.09169441631661e-05,1.56528501095997e-05,0.000106552493732636,9.96771207126279e-05,-0,-2.71920561154687e-13,0,-0.000929733732873736,0,0
39.16,0,0,-0.000400568674712901,0.000174205980570098,-3.06054689072684e-05,1.54948379001638e-05,0.000105639806541128,9.8824773172909e-05,-0,-2.63884075181464e-13,0,-0.000921687416566501,0,0
39.18,0,0,-0.000397099719528494,0.000172691762325504,-3.0297144094407e-05,1.53378085384347e-05,0.000104735125384411,9.79798440350848e-05,-0,-2.56085137904233e-13,0,-0.000913710783098362,0,0
39.2,0,0,-0.000393660915638176,0.000171190831423125,-2.99919499062627e-05,1.51817780330088e-05,0.000103838372369068,9.71422622561433e-05,-0,-2.48516702008872e-13,0,-0.000905803226778055,0,0
39.22,0,0,-0.000390251998475945,0.000169703069950136,-2.96898662119688e-05,1.50267616325438e-05,0.000102949470509426,9.63119576162475e-05,-0,-2.41171937021695e-13,0,-0.000897964147229291,0,0
39.24,0,0,-0.000386872705823791,0.000168228361019151,-2.93908725831619e-05,1.48727738404553e-05,0.000102068343716319,9.54888607081328e-05,-0,-2.34044283519558e-13,0,-0.000890192949343583,0,0
39.26,0,0,-0.000383522777791259,0.000166766588760673,-2.90949483087409e-05,1.47198284295362e-05,0.000101194916785944,9.46729029266461e-05,-0,-2.27127236289426e-13,0,-0.000882489043233496,0,0
39.28,0,0,-0.000380201956795168,0.000165317638315571,-2.88020724093341e-05,1.45679384564928e-05,0.000100329115388811,9.38640164584125e-05,-0,-2.20414615378917e-13,0,-0.000874851844186299,0,0
39.3,0,0,-0.000376909987539477,0.000163881395827565,-2.85122236514758e-05,1.44171162763935e-05,9.94708660587725e-05,9.30621342715052e-05,-0,-2.13900403465972e-13,0,-0.000867280772618018,0,0
39.32,0,0,-0.000373646616995308,0.000162457748435741,-2.82253805614956e-05,1.42673735570245e-05,9.86200961821628e-05,9.22671901053236e-05,-0,-2.07578691648752e-13,0,-0.000859775254027897,0,0
39.34,0,0,-0.000370411594381107,0.000161046584267078,-2.79415214391215e-05,1.41187212931485e-05,9.77767339870193e-05,9.14791184605147e-05,-0,-2.01443787865851e-13,0,-0.000852334718953249,0,0
39.36,0,0,-0.000367204671142964,0.000159647792429003,-2.76606243707983e-05,1.39711698206622e-05,9.69407085324022e-05,9.06978545890184e-05,-0,-1.95490216896299e-13,0,-0.000844958602924711,0,0
39.38,0,0,-0.000364025600935078,0.000158261263001965,-2.73826672427242e-05,1.3824728830648e-05,9.61119496978139e-05,8.99233344841833e-05,-0,-1.89712611939341e-13,0,-0.000837646346421884,0,0
39.4,0,0,-0.000360874139600372,0.000156886887032031,-2.71076277536079e-05,1.3679407383316e-05,9.52903881727082e-05,8.91554948710143e-05,-0,-1.8410576882455e-13,0,-0.000830397394829364,0,0
39.42,0,0,-0.000357750045151251,0.000155524556523505,-2.68354834271469e-05,1.35352139218327e-05,9.44759554461019e-05,8.83942731965483e-05,-0,-1.78664618906768e-13,0,-0.000823211198393165,0,0
39.44,0,0,-0.000354653077750514,0.000154174164431575,-2.65662116242319e-05,1.33921562860329e-05,9.36685837962827e-05,8.76396076202497e-05,-0,-1.73384310381275e-13,0,-0.000816087212177514,0,0
39.46,0,0,-0.000351582999692408,0.000152835604654979,-2.62997895548765e-05,1.32502417260111e-05,9.2868206280617e-05,8.68914370045928e-05,-0,-1.68260018548402e-13,0,-0.000809024896022039,0,0
39.48,0,0,-0.000348539575383831,0.0001515087720287,-2.60361942898777e-05,1.31094769155894e-05,9.20747567254555e-05,8.61497009057208e-05,-0,-1.63287162653972e-13,0,-0.000802023714499323,0,0
39.5,0,0,-0.000345522571325679,0.000150193562316683,-2.57754027722073e-05,1.29698679656589e-05,9.12881697161402e-05,8.54143395641766e-05,-0,-1.58461297469076e-13,0,-0.000795083136872841,0,0
39.52,0,0,-0.000342531756094341,0.000148889872204585,-2.55173918281385e-05,1.28314204373909e-05,9.05083805871093e-05,8.46852938957738e-05,-0,-1.5377805907997e-13,0,-0.000788202637055265,0,0
39.54,0,0,-0.000339566900323335,0.000147597599292543,-2.52621381781092e-05,1.26941393553173e-05,8.97353254121058e-05,8.3962505482566e-05,-0,-1.49233191993128e-13,0,-0.000781381693567137,0,0
39.56,0,0,-0.000336627776685091,0.000146316642087976,-2.50096184473249e-05,1.25580292202743e-05,8.89689409944842e-05,8.32459165639109e-05,-0,-1.4482273887062e-13,0,-0.000774619789495908,0,0
39.58,0,0,-0.00033371415987288,0.000145046899998414,-2.47598091761047e-05,1.24230940222104e-05,8.82091648576206e-05,8.25354700276163e-05,-0,-1.40542579744191e-13,0,-0.000767916412455344,0,0
39.6,0,0,-0.000330825826582879,0.000143788273324351,-2.45126868299718e-05,1.22893372528539e-05,8.74559352354233e-05,8.18311094012684e-05,-0,-1.36388919906236e-13,0,-0.000761271054545286,0,0
39.62,0,0,-0.000327962555496384,0.000142540663252136,-2.42682278094925e-05,1.21567619182399e-05,8.67091910629454e-05,8.11327788435643e-05,-0,-1.3235801885926e-13,0,-0.00075468321231177,0,0
39.64,0,0,-0.000325124127262167,0.000141303971846883,-2.40264084598662e-05,1.20253705510922e-05,8.59688719671005e-05,8.0440423135791e-05,-0,-1.28446271631041e-13,0,-0.000748152386707503,0,0
39.66,0,0,-0.000322310324478966,0.000140078102045418,-2.37872050802686e-05,1.18951652230613e-05,8.5234918257478e-05,7.97539876734088e-05,-0,-1.24650073249355e-13,0,-0.000741678083052688,0,0
39.68,0,0,-0.000319520931678126,0.000138862957649258,-2.35505939329524e-05,1.17661475568144e-05,8.45072709172586e-05,7.90734184577746e-05,-0,-1.20966116897575e-13,0,-0.000735259810996198,0,0
39.7,0,0,-0.000316755735306374,0.00013765844331761,-2.33165512521071e-05,1.16383187379769e-05,8.37858715942413e-05,7.83986620878735e-05,-0,-1.17391014443913e-13,0,-0.000728897084477095,0,0
39.72,0,0,-0.00031401452370873,0.000136464464560419,-2.30850532524818e-05,1.15116795269243e-05,8.30706625919608e-05,7.77296657522272e-05,-0,-1.13921567491959e-13,0,-0.000722589421686499,0,0
39.74,0,0,-0.000311297087111569,0.000135280927731429,-2.28560761377732e-05,1.1386230270422e-05,8.23615868609138e-05,7.70663772209118e-05,-0,-1.10554686065523e-13,0,-0.000716336345029783,0,0
39.76,0,0,-0.00030860321760581,0.000134107740021292,-2.26295961087834e-05,1.12619709131129e-05,8.16585879898853e-05,7.640874483758e-05,-0,-1.07287307293466e-13,0,-0.000710137381089124,0,0
39.78,0,0,-0.000305932709130246,0.000132944809450702,-2.24055893713477e-05,1.11389010088516e-05,8.09616101973759e-05,7.57567175117134e-05,-0,-1.04116476724869e-13,0,-0.000703992060586372,0,0
39.8,0,0,-0.000303285357455014,0.000131792044863559,-2.21840321440395e-05,1.10170197318838e-05,8.02705983231319e-05,7.51102447109012e-05,-0,-1.01039348329029e-13,0,-0.000697899918346258,0,0
39.82,0,0,-0.000300660960165197,0.000130649355920178,-2.1964900665651e-05,1.08963258878699e-05,7.95854978197763e-05,7.44692764531992e-05,-0,-9.80531844954613e-14,0,-0.000691860493259939,0,0
39.84,0,0,-0.000298059316644564,0.00012951665309052,-2.17481712024563e-05,1.07768179247535e-05,7.89062547445399e-05,7.38337632996515e-05,-0,-9.51552747187334e-14,0,-0.000685873328248851,0,0
39.86,0,0,-0.000295480228059443,0.000128393847647463,-2.15338200552587e-05,1.06584939434719e-05,7.82328157510949e-05,7.32036563468571e-05,-0,-9.23430169136319e-14,0,-0.000679937970228905,0,0
39.88,0,0,-0.000292923497342734,0.000127280851660109,-2.13218235662246e-05,1.05413517085106e-05,7.75651280814874e-05,7.25789072196637e-05,-0,-8.96138632050514e-14,0,-0.000674053970074994,0,0
39.9,0,0,-0.000290388929178046,0.000126177577987124,-2.11121581255084e-05,1.04253886582989e-05,7.69031395581698e-05,7.19594680639534e-05,-0,-8.69653741381038e-14,0,-0.000668220882585817,0,0
39.92,0,0,-0.000287876329983976,0.00012508394027011,-2.09048001776709e-05,1.03106019154488e-05,7.62467985761342e-05,7.13452915395153e-05,-0,-8.4395191573064e-14,0,-0.000662438266449027,0,0
39.94,0,0,-0.000285385507898512,0.00012399985292702,-2.06997262278951e-05,1.01969882968344e-05,7.55960540951466e-05,7.07363308130192e-05,-0,-8.19009302651524e-14,0,-0.000656705684206685,0,0
39.96,0,0,-0.000282916272763577,0.000122925231145602,-2.04969128480006e-05,1.00845443235137e-05,7.49508556320735e-05,7.01325395510968e-05,-0,-7.94803947049699e-14,0,-0.000651022702221026,0,0
39.98,0,0,-0.000280468436109692,0.000121859990876886,-2.0296336682263e-05,9.9732662304922e-06,7.43111532533161e-05,6.95338719134997e-05,-0,-7.71314164881715e-14,0,-0.000645388890640535,0,0
40,0,0,-0.000278041811140783,0.000120804048828699,-2.00979744530376e-05,9.8631499763274e-06,7.36768975673347e-05,6.89402825463528e-05,-0,-7.48518543154664e-14,0,-0.00063980382336633,0,0
40.02,0,0,-0.000275636212719101,0.000119757322459227,-1.99018029661947e-05,9.75419125257557e-06,7.3048039717274e-05,6.8351726575519e-05,-0,-7.26396210976726e-14,0,-0.00063426707801884,0,0
40.04,0,0,-0.000273251457350286,0.000118719729970604,-1.97077991163656e-05,9.64638549308033e-06,7.24245313736841e-05,6.77681596000476e-05,-0,-7.04927923759341e-14,0,-0.000628778235904789,0,0
40.06,0,0,-0.000270887363168548,0.000117691190302547,-1.95159398920058e-05,9.53972788310344e-06,7.18063247273411e-05,6.71895376857123e-05,-0,-6.84094165863403e-14,0,-0.000623336881984482,0,0
40.08,0,0,-0.000268543749921979,0.000116671623126023,-1.93262023802763e-05,9.43421336829827e-06,7.11933724821588e-05,6.66158173586151e-05,-0,-6.63875963750893e-14,0,-0.000617942604839372,0,0
40.1,0,0,-0.000266220438957992,0.000115660948836954,-1.91385637717478e-05,9.32983666352611e-06,7.05856278481974e-05,6.60469555989452e-05,-0,-6.44255428085966e-14,0,-0.000612594996639937,0,0
40.12,0,0,-0.000263917253208884,0.000114659088549965,-1.89530013649292e-05,9.22659226151608e-06,6.99830445347681e-05,6.54829098347676e-05,-0,-6.25214669532775e-14,0,-0.00060729365311383,0,0
40.14,0,0,-0.000261634017177526,0.000113665964092165,-1.87694925706251e-05,9.12447444136901e-06,6.93855767436296e-05,6.49236379359146e-05,-0,-6.06736882957648e-14,0,-0.000602038173514332,0,0
40.16,0,0,-0.000259370556923171,0.000112681497996968,-1.85880149161247e-05,9.02347727690597e-06,6.87931791622787e-05,6.43690982079899e-05,-0,-5.88804992176367e-14,0,-0.000596828160589076,0,0
40.18,0,0,-0.000257126700047393,0.000111705613497951,-1.84085460492254e-05,8.92359464486216e-06,6.8205806957333e-05,6.38192493864438e-05,-0,-5.71403276257432e-14,0,-0.000591663220549067,0,0
40.2,0,0,-0.000254902275680145,0.000110738234522759,-1.82310637420934e-05,8.82482023292681e-06,6.76234157680071e-05,6.32740506307189e-05,-0,-5.54516014269341e-14,0,-0.000586542963037969,0,0
40.22,0,0,-0.000252697114465934,0.000109779285687034,-1.80555458949656e-05,8.72714754763004e-06,6.7045961699677e-05,6.27334615185002e-05,-0,-5.3812721423005e-14,0,-0.000581467001101679,0,0
40.24,0,0,-0.000250511048550127,0.000108828692288397,-1.78819705396956e-05,8.63056992207726e-06,6.6473401317538e-05,6.21974420400713e-05,-0,-5.22223323612403e-14,0,-0.000576434951158172,0,0
40.26,0,0,-0.000248343911565367,0.000107886380300463,-1.77103158431457e-05,8.53508052353233e-06,6.59056916403505e-05,6.16659525926977e-05,-0,-5.06789163585986e-14,0,-0.000571446432967622,0,0
40.28,0,0,-0.000246195538618116,0.000106952276366894,-1.75405601104293e-05,8.44067236085019e-06,6.53427901342755e-05,6.11389539751469e-05,-0,-4.91811452674185e-14,0,-0.000566501069602789,0,0
40.3,0,0,-0.000244065766275311,0.000106026307795497,-1.73726817880058e-05,8.34733829176006e-06,6.4784654706797e-05,6.06164073822673e-05,-0,-4.77276367299301e-14,0,-0.000561598487419676,0,0
40.32,0,0,-0.000241954432551139,0.000105108402552353,-1.7206659466632e-05,8.25507103000025e-06,6.42312437007347e-05,6.00982743996408e-05,-0,-4.63170897035264e-14,0,-0.000556738316028453,0,0
40.34,0,0,-0.000239861376893932,0.000104198489255997,-1.70424718841712e-05,8.16386315230556e-06,6.36825158883395e-05,5.95845169983367e-05,-0,-4.49482031456006e-14,0,-0.000551920188264644,0,0
40.36,0,0,-0.000237786440173177,0.000103296497171625,-1.68800979282651e-05,8.07370710524861e-06,6.3138430465478e-05,5.90750975297355e-05,-0,-4.36197844337627e-14,0,-0.000547143740160572,0,0
40.38,0,0,-0.000235729464666634,0.000102402356205355,-1.67195166388695e-05,7.98459521193599e-06,6.25989470458997e-05,5.85699787204442e-05,-0,-4.23306409456231e-14,0,-0.000542408610917067,0,0
40.4,0,0,-0.000233690294047584,0.000101515996898511,-1.65607072106582e-05,7.89651967856069e-06,6.20640256555917e-05,5.80691236672381e-05,-0,-4.10795800587921e-14,0,-0.000537714442875428,0,0
40.42,0,0,-0.000231668773372173,0.000100637350421964,-1.64036489952966e-05,7.80947260081189e-06,6.15336267272122e-05,5.75724958321722e-05,-0,-3.98655175710971e-14,0,-0.000533060881489638,0,0
40.44,0,0,-0.000229664749066883,9.97663485705025e-05,-1.6248321503589e-05,7.72344597014346e-06,6.10077110946107e-05,5.70800590376716e-05,-0,-3.86873150702571e-14,0,-0.000528447575298832,0,0
40.46,0,0,-0.000227678068916107,9.89029237572435e-05,-1.60947044075018e-05,7.63843167990241e-06,6.04862399874285e-05,5.65917774617678e-05,-0,-3.75439425642082e-14,0,-0.000523874175900017,0,0
40.48,0,0,-0.000225708582049839,9.80470090080891e-05,-1.59427775420656e-05,7.55442153131868e-06,5.99691750257793e-05,5.61076156333782e-05,-0,-3.64343700608866e-14,0,-0.000519340337921035,0,0
40.5,0,0,-0.000223756138931471,9.71985379562187e-05,-1.57925209071586e-05,7.47140723935768e-06,5.94564782150108e-05,5.56275384276486e-05,-0,-3.5357540463174e-14,0,-0.000514845718993775,0,0
40.52,0,0,-0.000221820591345708,9.63574448366223e-05,-1.56439146691745e-05,7.38938043843678e-06,5.89481119405441e-05,5.51515110614137e-05,-0,-3.43125593042781e-14,0,-0.000510389979727623,0,0
40.54,0,0,-0.000219901792386578,9.55236644806747e-05,-1.54969391625777e-05,7.30833268800737e-06,5.84440389627949e-05,5.46794990886808e-05,-0,-3.32984779072981e-14,0,-0.00050597278368316,0,0
40.56,0,0,-0.000217999596445567,9.46971323107489e-05,-1.53515748913476e-05,7.22825547800388e-06,5.79442224121676e-05,5.42114683961991e-05,-0,-3.2314347595333e-14,0,-0.00050159379734609,0,0
40.58,0,0,-0.000216113859199845,9.38777843348706e-05,-1.52078025303156e-05,7.14914023416113e-06,5.74486257841302e-05,5.37473851991285e-05,-0,-3.13593281116992e-14,0,-0.000497252690101413,0,0
40.6,0,0,-0.000214244437600611,9.30655571414122e-05,-1.50656029263972e-05,7.07097832320163e-06,5.69572129343617e-05,5.32872160367217e-05,-0,-3.04325249896042e-14,0,-0.000492949134207824,0,0
40.62,0,0,-0.000212391189861534,9.22603878938267e-05,-1.49249570997213e-05,6.99376105789421e-06,5.64699480739758e-05,5.28309277681292e-05,-0,-2.95330979723646e-14,0,-0.000488682804772352,0,0
40.64,0,0,-0.000210553975447311,9.14622143254222e-05,-1.47858462446596e-05,6.91747970198556e-06,5.59867957648192e-05,5.23784875682437e-05,-0,-2.86602610134051e-14,0,-0.000484453379725222,0,0
40.66,0,0,-0.000208732655062315,9.06709747341764e-05,-1.46482517307591e-05,6.84212547500621e-06,5.5507720914841e-05,5.19298629236069e-05,-0,-2.78132280661508e-14,0,-0.00048026053979495,0,0
40.68,0,0,-0.000206927090639356,8.98866079775906e-05,-1.45121551035791e-05,6.7676895569525e-06,5.50326887735375e-05,5.14850216284048e-05,-0,-2.69912130840266e-14,0,-0.000476103968483662,0,0
40.7,0,0,-0.000205137145328541,8.91090534675841e-05,-1.43775380854365e-05,6.69416309284614e-06,5.45616649274649e-05,5.10439317805033e-05,-0,-2.61935113356204e-14,0,-0.000471983352042635,0,0
40.72,0,0,-0.000203362683486237,8.83382511654279e-05,-1.424438257606e-05,6.62153719717284e-06,5.40946152958253e-05,5.0606561777568e-05,-0,-2.54193909844658e-14,0,-0.000467898379448064,0,0
40.74,0,0,-0.000201603570664135,8.75741415767195e-05,-1.41126706531581e-05,6.54980295820175e-06,5.36315061261211e-05,5.01728803132161e-05,-0,-2.46681201940963e-14,0,-0.000463848742377045,0,0
40.76,0,0,-0.000199859673598411,8.68166657463955e-05,-1.39823845729011e-05,6.47895144218716e-06,5.31723039898769e-05,4.97428563732869e-05,-0,-2.39390755482627e-14,0,-0.000459834135183778,0,0
40.78,0,0,-0.00019813086019899,8.60657652537857e-05,-1.38535067703199e-05,6.40897369745415e-06,5.27169757784323e-05,4.93164592321116e-05,-0,-2.32315794206073e-14,0,-0.000455854254875983,0,0
40.8,0,0,-0.000196416999538909,8.53213822077056e-05,-1.37260198596253e-05,6.33986075836982e-06,5.22654886987988e-05,4.88936584488723e-05,-0,-2.25449812898265e-14,0,-0.000451908801091533,0,0
40.82,0,0,-0.000194717961843772,8.45834592415887e-05,-1.35999066344478e-05,6.27160364920163e-06,5.18178102695841e-05,4.84744238640274e-05,-0,-2.18786848447255e-14,0,-0.000447997476075297,0,0
40.84,0,0,-0.000193033618481312,8.38519395086586e-05,-1.34751500680025e-05,6.20419338786462e-06,5.13739083169814e-05,4.80587255957868e-05,-0,-2.12320666690552e-14,0,-0.000444119984656195,0,0
40.86,0,0,-0.000191363841951035,8.31267666771399e-05,-1.33517333131791e-05,6.137620989559e-06,5.09337509708235e-05,4.76465340366356e-05,-0,-2.06045575566749e-14,0,-0.000440276034224456,0,0
40.88,0,0,-0.000189708505873976,8.2407884925508e-05,-1.32296397025612e-05,6.07187747029988e-06,5.04973066606999e-05,4.72378198499339e-05,-0,-1.99955883014441e-14,0,-0.000436465334709086,0,0
40.9,0,0,-0.000188067484982535,8.16952389377791e-05,-1.31088527483751e-05,6.00695385034064e-06,5.00645441121358e-05,4.68325539665616e-05,-0,-1.94046439073309e-14,0,-0.000432687598555541,0,0
40.92,0,0,-0.000186440655110416,8.09887738988379e-05,-1.29893561423719e-05,5.94284115749171e-06,4.96354323428348e-05,4.64307075816177e-05,-0,-1.88311416156675e-14,0,-0.000428942540703598,0,0
40.94,0,0,-0.000184827893182656,8.02884354898048e-05,-1.28711337556443e-05,5.87953043033635e-06,4.92099406589806e-05,4.60322521511652e-05,-0,-1.82745935354764e-14,0,-0.000425229878565432,0,0
40.96,0,0,-0.000183229077205745,7.95941698834417e-05,-1.27541696383793e-05,5.81701272134502e-06,4.87880386515999e-05,4.56371593890648e-05,-0,-1.77344982232527e-14,0,-0.000421549332003885,0,0
40.98,0,0,-0.000181644086257838,7.89059237395962e-05,-1.26384480195505e-05,5.75527909989012e-06,4.83696961929838e-05,4.52454012638139e-05,-0,-1.72103677880189e-14,0,-0.000417900623310935,0,0
41,0,0,-0.000180072800479061,7.82236442006843e-05,-1.25239533065506e-05,5.69432065516254e-06,4.79548834331675e-05,4.48569499954817e-05,-0,-1.67017278913245e-14,0,-0.000414283477186364,0,0
41.02,0,0,-0.000178515101061905,7.75472788872116e-05,-1.24106700847669e-05,5.63412849899185e-06,4.75435707964681e-05,4.44717780526496e-05,-0,-1.6208104194719e-14,0,-0.000410697620716611,0,0
41.04,0,0,-0.000176970870241704,7.68767758933321e-05,-1.22985831171008e-05,5.57469376857166e-06,4.7135728978079e-05,4.40898581494574e-05,-0,-1.57290765698606e-14,0,-0.000407142783353818,0,0
41.06,0,0,-0.000175439991287211,7.62120837824455e-05,-1.21876773434341e-05,5.51600762909182e-06,4.67313289407197e-05,4.37111632426358e-05,-0,-1.52642113358803e-14,0,-0.000403618696895076,0,0
41.08,0,0,-0.000173922348491255,7.55531515828321e-05,-1.20779378800436e-05,5.45806127627901e-06,4.63303419113402e-05,4.33356665286523e-05,-0,-1.48130883644362e-14,0,-0.000400125095461839,0,0
41.1,0,0,-0.000172417827161485,7.48999287833252e-05,-1.1969350018966e-05,5.4008459388475e-06,4.59327393778807e-05,4.29633414408475e-05,-0,-1.43753010797137e-14,0,-0.000396661715479546,0,0
41.12,0,0,-0.000170926313611206,7.42523653290212e-05,-1.18618992273137e-05,5.34435288086147e-06,4.5538493086083e-05,4.25941616466563e-05,-0,-1.3950429353371e-14,0,-0.000393228295657406,0,0
41.14,0,0,-0.000169447695150292,7.36104116170272e-05,-1.17555711465455e-05,5.28857340401068e-06,4.51475750363564e-05,4.22281010448717e-05,-0,-1.35381343722291e-14,0,-0.000389824576968386,0,0
41.16,0,0,-0.000167981860076191,7.29740184922453e-05,-1.16503515916917e-05,5.23349884980104e-06,4.47599574806942e-05,4.1865133762923e-05,-0,-1.31380231130004e-14,0,-0.000386450302629362,0,0
41.18,0,0,-0.00016652869766501,7.23431372431941e-05,-1.15462265505368e-05,5.17912060166163e-06,4.43756129196407e-05,4.15052341542483e-05,-0,-1.27497296574519e-14,0,-0.00038310521808146,0,0
41.2,0,0,-0.000165088098162682,7.17177195978669e-05,-1.14431821827606e-05,5.12543008696977e-06,4.39945140993094e-05,4.1148376795664e-05,-0,-1.23729151924046e-14,0,-0.000379789070970572,0,0
41.22,0,0,-0.000163659952776222,7.10977177196268e-05,-1.13412048190393e-05,5.07241877899578e-06,4.36166340084488e-05,4.07945364848101e-05,-0,-1.20072409046795e-14,0,-0.000376501611128045,0,0
41.24,0,0,-0.000162244153665057,7.04830842031381e-05,-1.12402809601095e-05,5.02007819876884e-06,4.32419458755598e-05,4.04436882376262e-05,-0,-1.16523679810979e-14,0,-0.000373242590551548,0,0
41.26,0,0,-0.000160840593932441,6.98737720703335e-05,-1.11403972757944e-05,4.9683999168657e-06,4.28704231660571e-05,4.00958072858709e-05,-0,-1.13079982660622e-14,0,-0.000370011763386108,0,0
41.28,0,0,-0.000159449167616952,6.92697347664177e-05,-1.1041540603996e-05,4.91737555512364e-06,4.25020395794808e-05,3.97508690746662e-05,-0,-1.09737929463935e-14,0,-0.00036680888590532,0,0
41.3,0,0,-0.00015806976968406,6.86709261559074e-05,-1.09436979496533e-05,4.86699678827923e-06,4.21367690467509e-05,3.9408849260121e-05,-0,-1.06494674190216e-14,0,-0.000363633716492725,0,0
41.32,0,0,-0.00015670229601779,6.80773005187056e-05,-1.08468564836682e-05,4.8172553455345e-06,4.17745857274723e-05,3.90697237069602e-05,-0,-1.03347235283491e-14,0,-0.000360486015623355,0,0
41.34,0,0,-0.000155346643412442,6.74888125462127e-05,-1.07510035418016e-05,4.76814301205189e-06,4.14154640072783e-05,3.87334684861992e-05,-0,-1.00292902238328e-14,0,-0.000357365545845444,0,0
41.36,0,0,-0.000154002709564408,6.69054173374721e-05,-1.06561266235397e-05,4.71965163037967e-06,4.10593784952233e-05,3.84000598728589e-05,-0,-9.73286934987522e-15,0,-0.000354272071762307,0,0
41.38,0,0,-0.000152670393064055,6.63270703953507e-05,-1.05622133909321e-05,4.67177310180904e-06,4.0706304021215e-05,3.80694743437476e-05,-0,-9.44521696098766e-15,0,-0.000351205360014378,0,0
41.4,0,0,-0.000151349593387685,6.5753727622755e-05,-1.04692516674048e-05,4.62449938766463e-06,4.03562156334919e-05,3.77416885752166e-05,-0,-9.16607555915411e-15,0,-0.000348165179261409,0,0
41.42,0,0,-0.000150040210889573,6.51853453188813e-05,-1.03772294365465e-05,4.57782251052978e-06,4.00090885961413e-05,3.74166794410203e-05,-0,-8.89517409383145e-15,0,-0.000345151300164834,0,0
41.44,0,0,-0.000148742146794077,6.46218801754997e-05,-1.02861348408719e-05,4.531734555408e-06,3.96648983866583e-05,3.70944240101557e-05,-0,-8.63226861953087e-15,0,-0.00034216349537029,0,0
41.46,0,0,-0.000147455303187827,6.40632892732739e-05,-1.01959561805622e-05,4.48622767082205e-06,3.93236206935452e-05,3.67748995447789e-05,-0,-8.37715584834503e-15,0,-0.000339201539490286,0,0
41.48,0,0,-0.000146179583011979,6.35095300781133e-05,-1.01066819121843e-05,4.44129406985211e-06,3.89852314139507e-05,3.64580834981369e-05,-0,-8.12957828225797e-15,0,-0.000336265209087046,0,0
41.5,0,0,-0.000144914890054549,6.29605604375599e-05,-1.00183006473899e-05,4.39692603111437e-06,3.86497066513491e-05,3.61439535125287e-05,-0,-7.88930552830802e-15,0,-0.000333354282655486,0,0
41.52,0,0,-0.000143661128942817,6.2416338577208e-05,-9.93080115159489e-06,4.35311589968152e-06,3.83170227132555e-05,3.58324874173068e-05,-0,-7.65613429858786e-15,0,-0.000330468540606357,0,0
41.54,0,0,-0.000142418205135799,6.18768230971584e-05,-9.84417234264225e-06,4.30985608794638e-06,3.79871561089807e-05,3.55236632269242e-05,-0,-7.42987485771729e-15,0,-0.000327607765249535,0,0
41.56,0,0,-0.000141186024916794,6.13419729685039e-05,-9.75840328944697e-06,4.26713907643015e-06,3.76600835474223e-05,3.52174591389857e-05,-0,-7.21028326020751e-15,0,-0.000324771740777461,0,0
41.58,0,0,-0.000139964495385996,6.08117475298495e-05,-9.67348321062603e-06,4.22495741453654e-06,3.73357819348918e-05,3.49138535323507e-05,-0,-6.99718332320548e-15,0,-0.000321960253248727,0,0
41.6,0,0,-0.000138753524453183,6.02861064838638e-05,-9.58940147311361e-06,4.18330372125318e-06,3.70142283729779e-05,3.46128249652619e-05,-0,-6.79039886385818e-15,0,-0.000319173090571816,0,0
41.62,0,0,-0.000137553020830467,5.97650098938638e-05,-9.50614759076288e-06,4.14217068580149e-06,3.66954001564445e-05,3.43143521734956e-05,-0,-6.58971304173112e-15,0,-0.000316410042488977,0,0
41.64,0,0,-0.000136362894025116,5.92484181804314e-05,-9.42371122293515e-06,4.10155106823647e-06,3.63792747711632e-05,3.40184140685712e-05,-0,-6.39494967397125e-15,0,-0.000313670900560254,0,0
41.66,0,0,-0.000135183054332439,5.87362921180617e-05,-9.34208217307771e-06,4.0614376999976e-06,3.60658298920797e-05,3.37249897359393e-05,-0,-6.20594613025272e-15,0,-0.000310955458147657,0,0
41.68,0,0,-0.000134013412828746,5.82285928318435e-05,-9.26125038729096e-06,4.02182348441205e-06,3.57550433812126e-05,3.34340584332495e-05,-0,-6.02253978024964e-15,0,-0.000308263510399462,0,0
41.7,0,0,-0.000132853881364367,5.7725281794171e-05,-9.18120595288603e-06,3.98270139715157e-06,3.5446893285686e-05,3.31455995886136e-05,-0,-5.84455444110898e-15,0,-0.000305594854234673,0,0
41.72,0,0,-0.000131704372556736,5.72263208214869e-05,-9.10193909693373e-06,3.94406448664421e-06,3.51413578357925e-05,3.28595927989085e-05,-0,-5.67182748250489e-15,0,-0.0003029492883276,0,0
41.74,0,0,-0.000130564799783547,5.67316720710561e-05,-9.02344018480561e-06,3.90590587444209e-06,3.48384154430894e-05,3.25760178281023e-05,-0,-5.50419627411147e-15,0,-0.000300326613092594,0,0
41.76,0,0,-0.000129435077175966,5.62412980377708e-05,-8.94569971870822e-06,3.86821875554647e-06,3.45380446985222e-05,3.22948546056164e-05,-0,-5.34151173813002e-15,0,-0.000297726630668904,0,0
41.78,0,0,-0.000128315119611911,5.5755161550986e-05,-8.86870833621119e-06,3.83099639869114e-06,3.4240224370584e-05,3.20160832246933e-05,-0,-5.18365190181613e-15,0,-0.000295149144905678,0,0
41.8,0,0,-0.000127204842709395,5.52732257713846e-05,-8.79245680877007e-06,3.79423214658558e-06,3.39449334034983e-05,3.17396839408117e-05,-0,-5.03044058231678e-15,0,-0.000292593961347094,0,0
41.82,0,0,-0.00012610416281993,5.47954541878741e-05,-8.71693604024476e-06,3.7579194161187e-06,3.3652150915435e-05,3.14656371701119e-05,-0,-4.88175580688754e-15,0,-0.000290060887217621,0,0
41.84,0,0,-0.000125012997021993,5.43218106145111e-05,-8.64213706541418e-06,3.72205169852451e-06,3.33618561967524e-05,3.11939234878568e-05,-0,-4.73748915531119e-15,0,-0.000287549731407422,0,0
41.86,0,0,-0.000123931263114553,5.38522591874577e-05,-8.56805104848798e-06,3.6866225595108e-06,3.30740287082698e-05,3.09245236268958e-05,-0,-4.59747799726185e-15,0,-0.00028506030445787,0,0
41.88,0,0,-0.00012285887961066,5.33867643619651e-05,-8.49466928161616e-06,3.65162563935183e-06,3.27886480795645e-05,3.06574184761807e-05,-0,-4.4616003599951e-15,0,-0.000282592418547211,0,0
41.9,0,0,-0.000121795765731096,5.2925290909388e-05,-8.42198318339702e-06,3.61705465294618e-06,3.25056941072973e-05,3.03925890792902e-05,-0,-4.32973427076655e-15,0,-0.00028014588747634,0,0
41.92,0,0,-0.000120741841398075,5.24678039142271e-05,-8.34998429738444e-06,3.58290338984086e-06,3.22251467535647e-05,3.01300166329674e-05,-0,-4.20177130935895e-15,0,-0.000277720526654711,0,0
41.94,0,0,-0.000119697027229017,5.20142687712003e-05,-8.27866429059493e-06,3.54916571422261e-06,3.1946986144276e-05,2.98696824856979e-05,-0,-4.07760305555505e-15,0,-0.000275316153086375,0,0
41.96,0,0,-0.000118661244530369,5.15646511823426e-05,-8.20801495201514e-06,3.51583556487752e-06,3.1671192567556e-05,2.96115681362927e-05,-0,-3.95709398408328e-15,0,-0.000272932585356129,0,0
41.98,0,0,-0.000117634415291488,5.11189171541337e-05,-8.13802819111062e-06,3.48290695511987e-06,3.13977464721726e-05,2.93556552325077e-05,-0,-3.84013567472641e-15,0,-0.000270569643615806,0,0
42,0,0,-0.000116616462178579,5.06770329946547e-05,-8.06869603633613e-06,3.45037397269137e-06,3.11266284659883e-05,2.91019255696782e-05,-0,-3.72666036484864e-15,0,-0.000268227149570671,0,0
42.02,0,0,-0.000115607308528696,5.02389653107707e-05,-8.00001063364841e-06,3.4182307796315e-06,3.0857819314437e-05,2.88503610893543e-05,-0,-3.61651897665127e-15,0,-0.000265904926465947,0,0
42.04,0,0,-0.000114606878343789,4.98046810053427e-05,-7.93196424502169e-06,3.38647161212019e-06,3.05912999390221e-05,2.86009438779969e-05,-0,-3.50964374749851e-15,0,-0.000263602799073457,0,0
42.06,0,0,-0.000113615096284814,4.93741472744656e-05,-7.86454924696673e-06,3.35509078029359e-06,3.03270514158389e-05,2.83536561656543e-05,-0,-3.40592625717312e-15,0,-0.000261320593678387,0,0
42.08,0,0,-0.000112631887665897,4.89473316047335e-05,-7.79775812905374e-06,3.32408266803394e-06,3.00650549741194e-05,2.81084803246751e-05,-0,-3.305271637985e-15,0,-0.000259058138066159,0,0
42.1,0,0,-0.000111657178448547,4.85242017705322e-05,-7.73158349243974e-06,3.29344173273441e-06,2.98052919947977e-05,2.78653988684475e-05,-0,-3.20758502224405e-15,0,-0.000256815261509432,0,0
42.12,0,0,-0.000110690895235933,4.81047258313576e-05,-7.66601804840095e-06,3.26316250503985e-06,2.95477440090998e-05,2.76243944501345e-05,-0,-3.11278509478735e-15,0,-0.000254591794755207,0,0
42.14,0,0,-0.000109732965267203,4.76888721291606e-05,-7.60105461687048e-06,3.23323958856426e-06,2.9292392697151e-05,2.73854498614518e-05,-0,-3.02080409297911e-15,0,-0.000252387570012054,0,0
42.16,0,0,-0.000108783316411863,4.72766092857187e-05,-7.53668612498201e-06,3.2036676595859e-06,2.90392198866067e-05,2.71485480314365e-05,-0,-2.93152004407493e-15,0,-0.000250202420937445,0,0
42.18,0,0,-0.000107841877164209,4.68679062000323e-05,-7.47290560561971e-06,3.17444146672087e-06,2.87882075513026e-05,2.69136720252645e-05,-0,-2.84489229049334e-15,0,-0.000248036182625207,0,0
42.2,0,0,-0.000106908576637804,4.64627320457475e-05,-7.40970619597493e-06,3.14555583057594e-06,2.85393378099237e-05,2.66808050430563e-05,-0,-2.76081241201709e-15,0,-0.000245888691593078,0,0
42.22,0,0,-0.000105983344560015,4.60610562686042e-05,-7.34708113611002e-06,3.1170056433815e-06,2.82925929246947e-05,2.64499304187159e-05,-0,-2.67922619853755e-15,0,-0.000243759785770377,0,0
42.24,0,0,-0.000105066111266593,4.5662848583909e-05,-7.28502376752968e-06,3.08878586860536e-06,2.80479553000881e-05,2.62210316187735e-05,-0,-2.6000523348918e-15,0,-0.000241649304485784,0,0
42.26,0,0,-0.000104156807696308,4.5268078974033e-05,-7.22352753176025e-06,3.06089154054832e-06,2.78054074815506e-05,2.59940922412594e-05,-0,-2.52319595338973e-15,0,-0.000239557088455226,0,0
42.28,0,0,-0.000103255365385632,4.48767176859348e-05,-7.16258596893721e-06,3.03331776392201e-06,2.75649321542493e-05,2.57690960145836e-05,-0,-2.44862994897704e-15,0,-0.000237482979769865,0,0
42.3,0,0,-0.000102361716463476,4.44887352287074e-05,-7.10219271640135e-06,3.00605971341009e-06,2.7326512141835e-05,2.55460267964255e-05,-0,-2.37625945396364e-15,0,-0.000235426821884205,0,0
42.32,0,0,-0.000101475793645963,4.41041023711497e-05,-7.04234150730386e-06,2.97911263321322e-06,2.70901304052218e-05,2.53248685726523e-05,-0,-2.30603025824089e-15,0,-0.000233388459604287,0,0
42.34,0,0,-0.000100597530231267,4.37227901393619e-05,-6.98302616922063e-06,2.95247183657874e-06,2.68557700413863e-05,2.51056054562383e-05,-0,-2.23787459917302e-15,0,-0.000231367739076003,0,0
42.36,0,0,-9.97268600944846e-05,4.33447698143646e-05,-6.92424062277619e-06,2.92613270531561e-06,2.66234142821814e-05,2.48882216862051e-05,-0,-2.1717382666514e-15,0,-0.000229364507773502,0,0
42.38,0,0,-9.8863717682563e-05,4.29700129297414e-05,-6.86597888027739e-06,2.90009068929546e-06,2.63930464931676e-05,2.46727016265797e-05,-0,-2.10755349804026e-15,0,-0.000227378614487707,0,0
42.4,0,0,-9.8008038009272e-05,4.25984912693053e-05,-6.80823504435732e-06,2.87434130594023e-06,2.61646501724606e-05,2.44590297653554e-05,-0,-2.04526608323097e-15,0,-0.000225409909314923,0,0
42.42,0,0,-9.71597566502218e-05,4.22301768647877e-05,-6.75100330662945e-06,2.84888013969725e-06,2.59382089495932e-05,2.42471907134722e-05,-0,-1.98480825958774e-15,0,-0.000223458243645552,0,0
42.44,0,0,-9.63188097379278e-05,4.18650419935501e-05,-6.69427794635256e-06,2.82370284150217e-06,2.57137065843949e-05,2.40371692038139e-05,-0,-1.92615292205628e-15,0,-0.00022152347015291,0,0
42.46,0,0,-9.5485133956921e-05,4.15030591763195e-05,-6.63805332910636e-06,2.79880512823067e-06,2.54911269658845e-05,2.38289500902048e-05,-0,-1.86921875547363e-15,0,-0.000219605442782132,0,0
42.48,0,0,-9.46586665389027e-05,4.11442011749452e-05,-6.5823239054783e-06,2.77418278213925e-06,2.52704541111787e-05,2.36225183464403e-05,-0,-1.81396510225834e-15,0,-0.000217704016739183,0,0
42.5,0,0,-9.38393452579446e-05,4.07884409901783e-05,-6.52708420976164e-06,2.74983165029593e-06,2.50516721644146e-05,2.34178590653077e-05,-0,-1.76036485735609e-15,0,-0.000215819048479962,0,0
42.52,0,0,-9.30271084257327e-05,4.0435751859473e-05,-6.47232885866499e-06,2.72574764400135e-06,2.48347653956867e-05,2.32149574576261e-05,-0,-1.70833670560394e-15,0,-0.000213950395699504,0,0
42.54,0,0,-9.22218948868551e-05,4.00861072548102e-05,-6.41805255003349e-06,2.70192673820077e-06,2.46197181999972e-05,2.30137988513102e-05,-0,-1.65785354194758e-15,0,-0.000212097917321272,0,0
42.56,0,0,-9.14236440141328e-05,3.97394808805419e-05,-6.3642500615819e-06,2.67836497088775e-06,2.44065150962214e-05,2.28143686904237e-05,-0,-1.6088611562784e-15,0,-0.000210261473486547,0,0
42.58,0,0,-9.06322957039941e-05,3.93958466712578e-05,-6.31091624963967e-06,2.65505844249979e-06,2.41951407260834e-05,2.26166525342637e-05,-0,-1.56131211475133e-15,0,-0.000208440925543912,0,0
42.6,0,0,-8.98477903718907e-05,3.90551787896725e-05,-6.25804604790813e-06,2.63200331530657e-06,2.39855798531477e-05,2.24206360564427e-05,-0,-1.51515898352134e-15,0,-0.000206636136038821,0,0
42.62,0,0,-8.90700689477559e-05,3.87174516245337e-05,-6.20563446623005e-06,2.60919581279143e-06,2.37778173618229e-05,2.22263050439889e-05,-0,-1.47038143379769e-15,0,-0.000204846968703268,0,0
42.64,0,0,-8.82990728715054e-05,3.83826397885516e-05,-6.15367658937162e-06,2.58663221902638e-06,2.35718382563763e-05,2.2033645396453e-05,-0,-1.42693203173533e-15,0,-0.00020307328844554,0,0
42.66,0,0,-8.75347440885781e-05,3.80507181163482e-05,-6.10216757581693e-06,2.56430887804127e-06,2.33676276599624e-05,2.18426431250277e-05,-0,-1.38474979096206e-15,0,-0.000201314961340065,0,0
42.68,0,0,-8.67770250455179e-05,3.77216616624273e-05,-6.0511026565752e-06,2.54222219318755e-06,2.31651708136625e-05,2.16532843516709e-05,-0,-1.34383471147789e-15,0,-0.000199571854617342,0,0
42.7,0,0,-8.60258586855971e-05,3.7395445699165e-05,-6.00047713400076e-06,2.52036862649707e-06,2.29644530755359e-05,2.14655553082532e-05,-0,-1.30411903064703e-15,0,-0.000197843836653965,0,0
42.72,0,0,-8.52811884444779e-05,3.70720457148189e-05,-5.95028638062585e-06,2.49874469803646e-06,2.27654599196832e-05,2.12794423356956e-05,-0,-1.26558241967875e-15,0,-0.000196130776962732,0,0
42.74,0,0,-8.45429582459154e-05,3.67514374115586e-05,-5.90052583800646e-06,2.4773469852574e-06,2.25681769353201e-05,2.10949318831299e-05,-0,-1.228177444728e-15,0,-0.000194432546182839,0,0
42.76,0,0,-8.3811112497498e-05,3.64335967035144e-05,-5.85119101558112e-06,2.45617212234331e-06,2.23725898258619e-05,2.09120105070696e-05,-0,-1.19187700074047e-15,0,-0.000192749016070162,0,0
42.78,0,0,-8.30855960864284e-05,3.61184997148461e-05,-5.80227748954287e-06,2.4352167995528e-06,2.217868440802e-05,2.07306648705733e-05,-0,-1.15664043013469e-15,0,-0.000191080059487622,0,0
42.8,0,0,-8.23663543753416e-05,3.58061227778308e-05,-5.75378090172429e-06,2.41447776256043e-06,2.1986446610907e-05,2.0550881742447e-05,-0,-1.12246095664709e-15,0,-0.000189425550395634,0,0
42.82,0,0,-8.16533331981616e-05,3.54964424309691e-05,-5.70569695849584e-06,2.39395181179492e-06,2.1795862475154e-05,2.03726479964145e-05,-0,-1.08928437016903e-15,0,-0.000187785363842643,0,0
42.84,0,0,-8.09464788559958e-05,3.51894354171108e-05,-5.65802142967739e-06,2.37363580177547e-06,2.16069181520364e-05,2.01959506103344e-05,-0,-1.05709711817337e-15,0,-0.000186159375955733,0,0
42.86,0,0,-8.02457381130668e-05,3.48850786815988e-05,-5.61075014746305e-06,2.35352664044639e-06,2.14195999026105e-05,2.00207766654027e-05,-0,-1.02585854307863e-15,0,-0.000184547463931331,0,0
42.88,0,0,-7.95510581926805e-05,3.45833493704311e-05,-5.56387900535937e-06,2.33362128851039e-06,2.12338940968589e-05,1.98471133453699e-05,-0,-9.95527987303346e-16,0,-0.000182949506025981,0,0
42.9,0,0,-7.88623867732317e-05,3.42842248284413e-05,-5.51740395713681e-06,2.31391675876104e-06,2.10497872128456e-05,1.96749479357705e-05,-0,-9.66105450847521e-16,0,-0.000181365381547203,0,0
42.92,0,0,-7.81796719842449e-05,3.39876825974969e-05,-5.47132101579462e-06,2.29441011541451e-06,2.08672658358812e-05,1.95042678231519e-05,-0,-9.3756382865684e-16,0,-0.000179794970844431,0,0
42.94,0,0,-7.7502862402452e-05,3.36937004147158e-05,-5.42562625253909e-06,2.27509847344114e-06,2.06863166576959e-05,1.93350604943097e-05,-0,-9.09855686886257e-16,0,-0.000178238155300032,0,0
42.96,0,0,-7.68319070479048e-05,3.34022562106993e-05,-5.38031579577509e-06,2.25597899789697e-06,2.05069264756215e-05,1.91673135355474e-05,-0,-8.82967473008617e-16,0,-0.000176694817320397,0,0
42.98,0,0,-7.61667553801228e-05,3.31133281077842e-05,-5.33538583011112e-06,2.23704890325572e-06,2.03290821917828e-05,1.90010146319225e-05,-0,-8.56872081969606e-16,0,-0.000175164840327114,0,0
43,0,0,-7.55073572942756e-05,3.28268944183102e-05,-5.29083259537758e-06,2.2183054527413e-06,2.01527708122967e-05,1.88361515665099e-05,-0,-8.31549184978492e-16,0,-0.00017364810874822,0,0
43.02,0,0,-7.48536631174007e-05,3.25429336429063e-05,-5.24665238565844e-06,2.19974595766137e-06,1.99779794464797e-05,1.86727122196738e-05,-0,-8.06971676980961e-16,0,-0.000172144508009522,0,0
43.04,0,0,-7.4205623604654e-05,3.22614244687921e-05,-5.20284154833622e-06,2.18136777674201e-06,1.98046953060637e-05,1.85106845683436e-05,-0,-7.83126005449858e-16,0,-0.000170653924526,0,0
43.06,0,0,-7.35631899355951e-05,3.19823457680976e-05,-5.15939648315027e-06,2.16316831546398e-06,1.96329057044204e-05,1.83500566852922e-05,-0,-7.5998506533087e-16,0,-0.000169176245693279,0,0
43.08,0,0,-7.29263137105061e-05,3.17056765961984e-05,-5.11631364126832e-06,2.14514502540061e-06,1.94625980557919e-05,1.81908167384314e-05,-0,-7.37535304096842e-16,0,-0.000167711359879182,0,0
43.1,0,0,-7.22949469467425e-05,3.14313961900676e-05,-5.07358952437117e-06,2.1272954035578e-06,1.92937598745301e-05,1.80329529900972e-05,-0,-7.15729287902728e-16,0,-0.000166259156415348,0,0
43.12,0,0,-7.16690420751182e-05,3.11594839666436e-05,-5.03122068375069e-06,2.10961699171615e-06,1.91263787743432e-05,1.787645379637e-05,-0,-6.94580569275682e-16,0,-0.000164819525588927,0,0
43.14,0,0,-7.10485519363221e-05,3.08899195212144e-05,-4.98920371942084e-06,2.09210737577559e-06,1.89604424675501e-05,1.77213076063651e-05,-0,-6.74055266897816e-16,0,-0.000163392358634351,0,0
43.16,0,0,-7.04334297773672e-05,3.06226826258172e-05,-4.94753527924185e-06,2.07476418510274e-06,1.87959387643411e-05,1.75675029615506e-05,-0,-6.54133051978395e-16,0,-0.000161977547725167,0,0
43.18,0,0,-6.98236292480714e-05,3.03577532276542e-05,-4.90621205805733e-06,2.05758509188113e-06,1.86328555720452e-05,1.7415028495077e-05,-0,-6.34800371990263e-16,0,-0.000160574985965948,0,0
43.2,0,0,-6.92191043975701e-05,3.00951114475233e-05,-4.86523079684449e-06,2.04056781046452e-06,1.84711808944062e-05,1.72638729310907e-05,-0,-6.16036898142686e-16,0,-0.000159184567384273,0,0
43.22,0,0,-6.86198096708598e-05,2.98347375782644e-05,-4.82458828187708e-06,2.02371009673355e-06,1.83109028308641e-05,1.71140250840768e-05,-0,-5.97829077908507e-16,0,-0.000157806186922772,0,0
43.24,0,0,-6.80256999053724e-05,2.95766120832212e-05,-4.78428134390133e-06,2.00700974745589e-06,1.81520095758429e-05,1.6965473858189e-05,-0,-5.80163358760571e-16,0,-0.000156439740431247,0,0
43.26,0,0,-6.74367303275808e-05,2.93207155947172e-05,-4.74430685732455e-06,1.99046459965008e-06,1.79944894180454e-05,1.68182082465923e-05,-0,-5.63012635644566e-16,0,-0.000155085124658854,0,0
43.28,0,0,-6.68528565496341e-05,2.90670289125474e-05,-4.70466173941643e-06,1.97407252995319e-06,1.78383307397552e-05,1.66722173308166e-05,-0,-5.46363356033336e-16,0,-0.000153742237246358,0,0
43.3,0,0,-6.62740345660234e-05,2.8815533002484e-05,-4.665342949523e-06,1.95783145399256e-06,1.76835220161429e-05,1.65274902801109e-05,-0,-5.30222296190458e-16,0,-0.000152410976718452,0,0
43.32,0,0,-6.57002207502766e-05,2.85662089947972e-05,-4.62634748829301e-06,1.94173932576167e-06,1.75300518145805e-05,1.63840163507898e-05,-0,-5.14555574798042e-16,0,-0.000151091242476141,0,0
43.34,0,0,-6.51313718516838e-05,2.83190381827898e-05,-4.58767239691687e-06,1.92579413700039e-06,1.73779087939598e-05,1.62417848856123e-05,-0,-4.99342863065355e-16,0,-0.000149782934789201,0,0
43.36,0,0,-6.45674449920506e-05,2.80740020213464e-05,-4.54931475637785e-06,1.90999391657971e-06,1.72270817040188e-05,1.61007853131433e-05,-0,-4.84584160992396e-16,0,-0.000148485954788687,0,0
43.38,0,0,-6.40083976624812e-05,2.78310821254966e-05,-4.51127168671558e-06,1.89433672989105e-06,1.70775593846719e-05,1.59610071471285e-05,-0,-4.70259139788431e-16,0,-0.000147200204459523,0,0
43.4,0,0,-6.34541877201896e-05,2.75902602689918e-05,-4.47354034630174e-06,1.8788206782404e-06,1.69293307653472e-05,1.58224399858744e-05,-0,-4.56361023189883e-16,0,-0.000145925586633142,0,0
43.42,0,0,-6.29047733853391e-05,2.73515183828963e-05,-4.43611793112771e-06,1.86344389824728e-06,1.67823848643285e-05,1.56850735116279e-05,-0,-4.42876258669594e-16,0,-0.000144662004980199,0,0
43.44,0,0,-6.23601132379107e-05,2.71148385541917e-05,-4.39900167410434e-06,1.84820456124873e-06,1.66367107881028e-05,1.55488974899718e-05,-0,-4.2979129370041e-16,0,-0.000143409364003344,0,0
43.46,0,0,-6.18201662145976e-05,2.68802030243944e-05,-4.3621888443735e-06,1.83310087270842e-06,1.64922977307138e-05,1.5413901769208e-05,-0,-4.17085799491596e-16,0,-0.000142167569030053,0,0
43.48,0,0,-6.1284891605729e-05,2.66475941881872e-05,-4.32567674663139e-06,1.81813107163097e-06,1.63491349731201e-05,1.52800762797646e-05,-0,-4.04759776043151e-16,0,-0.000140936526205526,0,0
43.5,0,0,-6.07542490522202e-05,2.64169945920635e-05,-4.28946272046356e-06,1.8032934299816e-06,1.62072118825583e-05,1.514741103359e-05,-0,-3.92792894564342e-16,0,-0.000139716142485649,0,0
43.52,0,0,-6.02281985425494e-05,2.61883869329847e-05,-4.25354413969143e-06,1.78858625211119e-06,1.6066517911912e-05,1.50158961235648e-05,-0,-3.81185155055169e-16,0,-0.000138506325630004,0,0
43.54,0,0,-5.97067004097623e-05,2.59617540570504e-05,-4.21791841173032e-06,1.7740078741869e-06,1.59270425990851e-05,1.48855217229068e-05,-0,-3.69916228724898e-16,0,-0.000137306984194958,0,0
43.56,0,0,-5.9189715328502e-05,2.57370789581816e-05,-4.18258297695872e-06,1.75955666362827e-06,1.57887755663804e-05,1.47562780845935e-05,-0,-3.58986115573529e-16,0,-0.000136118027526793,0,0
43.58,0,0,-5.86772043120661e-05,2.55143447768161e-05,-4.14753530809889e-06,1.74523101854916e-06,1.56517065198826e-05,1.46281555407687e-05,-0,-3.48381263073905e-16,0,-0.000134939365754906,0,0
43.6,0,0,-5.81691287094886e-05,2.5293534798617e-05,-4.11277290960845e-06,1.73102936720526e-06,1.55158252488459e-05,1.45011445021798e-05,-0,-3.3808811869887e-16,0,-0.00013377090978507,0,0
43.62,0,0,-5.76654502026492e-05,2.50746324531927e-05,-4.07829331708306e-06,1.71695016744754e-06,1.53811216250874e-05,1.43752354575956e-05,-0,-3.2809312992127e-16,0,-0.000132612571292739,0,0
43.64,0,0,-5.71661308034061e-05,2.48576213128298e-05,-4.04409409666993e-06,1.70299190618154e-06,1.52475856023836e-05,1.42504189732403e-05,-0,-3.18396296741102e-16,0,-0.000131464262716429,0,0
43.66,0,0,-5.66711328507557e-05,2.46424850912379e-05,-4.01017284449205e-06,1.68915309883256e-06,1.51152072158723e-05,1.41266856922286e-05,-0,-3.08990842894791e-16,0,-0.00013032589725114,0,0
43.68,0,0,-5.61804190080164e-05,2.44292076423061e-05,-3.97652718608314e-06,1.67543228881689e-06,1.49839765814588e-05,1.40040263340023e-05,-0,-2.998564395916e-16,0,-0.000129197388841846,0,0
43.7,0,0,-5.5693952260037e-05,2.42177729588718e-05,-3.94315477583304e-06,1.66182804701908e-06,1.48538838952257e-05,1.38824316937783e-05,-0,-2.90993086831531e-16,0,-0.000128078652177032,0,0
43.72,0,0,-5.52116959104306e-05,2.40081651715004e-05,-3.91005329644352e-06,1.64833897127525e-06,1.47249194328481e-05,1.37618926419904e-05,-0,-2.82400784614584e-16,0,-0.000126969602682298,0,0
43.74,0,0,-5.47336135788315e-05,2.38003685472775e-05,-3.87722045839437e-06,1.63496368586253e-06,1.45970735490128e-05,1.36424001237407e-05,-0,-2.74052427886445e-16,0,-0.000125870156514003,0,0
43.76,0,0,-5.42596691981773e-05,2.35943674886119e-05,-3.84465399941966e-06,1.62170084099472e-06,1.44703366768404e-05,1.35239451582549e-05,-0,-2.65954792910694e-16,0,-0.000124780230552978,0,0
43.78,0,0,-5.37898270120139e-05,2.33901465320501e-05,-3.81235168399393e-06,1.60854911232407e-06,1.43446993273135e-05,1.34065188383383e-05,-0,-2.58094327160174e-16,0,-0.000123699742398285,0,0
43.8,0,0,-5.33240515718247e-05,2.3187690347102e-05,-3.78031130282844e-06,1.59550720044931e-06,1.4220152088707e-05,1.32901123298378e-05,-0,-2.5045747810773e-16,0,-0.000122628610361028,0,0
43.82,0,0,-5.28623077343832e-05,2.29869837350776e-05,-3.74853067237705e-06,1.58257383042995e-06,1.40966856260239e-05,1.3174716871108e-05,-0,-2.43057798280516e-16,0,-0.000121566753458229,0,0
43.84,0,0,-5.2404560659128e-05,2.27880116279348e-05,-3.7170076343518e-06,1.56974775130676e-06,1.39742906804341e-05,1.30603237724775e-05,-0,-2.358749588878e-16,0,-0.000120514091406739,0,0
43.86,0,0,-5.19507758055618e-05,2.2590759087138e-05,-3.68574005524807e-06,1.55702773562864e-06,1.38529580687174e-05,1.29469244157176e-05,-0,-2.28895407402424e-16,0,-0.000119470544617218,0,0
43.88,0,0,-5.15009189306723e-05,2.23952113025271e-05,-3.65472582587909e-06,1.54441257898571e-06,1.37326786827099e-05,1.28345102535264e-05,-0,-2.22132696351546e-16,0,-0.000118436034188157,0,0
43.9,0,0,-5.10549560863759e-05,2.22013535911976e-05,-3.62396286091969e-06,1.53190109954867e-06,1.36134434887551e-05,1.27230728089973e-05,-0,-2.15573273208008e-16,0,-0.000117410481899951,0,0
43.92,0,0,-5.0612853616984e-05,2.2009171396391e-05,-3.59344909845929e-06,1.5194921376146e-06,1.34952435271574e-05,1.26126036751056e-05,-0,-2.09196809181078e-16,0,-0.000116393810209031,0,0
43.94,0,0,-5.01745781566907e-05,2.1818650286395e-05,-3.56318249956384e-06,1.50718455515892e-06,1.33780699116406e-05,1.25030945141945e-05,-0,-2.03010080534333e-16,0,-0.000115385942242038,0,0
43.96,0,0,-4.9740096627083e-05,2.16297759534553e-05,-3.53316104784667e-06,1.49497723539375e-06,1.32619138288085e-05,1.23945370574615e-05,-0,-1.97013087267772e-16,0,-0.000114386801790051,0,0
43.98,0,0,-4.93093762346726e-05,2.14425342126961e-05,-3.50338274904816e-06,1.48286908233255e-06,1.31467665376109e-05,1.22869231044478e-05,-0,-1.91185500590663e-16,0,-0.000113396313302864,0,0
44,0,0,-4.88823844684485e-05,2.12569110010514e-05,-3.47384563062397e-06,1.47085902036106e-06,1.30326193688113e-05,1.21802445225412e-05,-0,-1.8554087303016e-16,0,-0.000112414401883312,0,0
44.02,0,0,-4.8459089097452e-05,2.10728923762063e-05,-3.44454774134186e-06,1.45894599381452e-06,1.29194637244592e-05,1.20744932464633e-05,-0,-1.8005887579553e-16,0,-0.000111440993281646,0,0
44.04,0,0,-4.80394581683719e-05,2.08904645155478e-05,-3.41548715088684e-06,1.44712896656122e-06,1.2807291077366e-05,1.19696612777776e-05,-0,-1.74732732623195e-16,0,-0.000110476013889955,0,0
44.06,0,0,-4.76234600031608e-05,2.07096137151256e-05,-3.38666194947469e-06,1.43540692159223e-06,1.26960929705829e-05,1.1865740684391e-05,-0,-1.69569219776733e-16,0,-0.000109519390736638,0,0
44.08,0,0,-4.72110631966724e-05,2.05303263886221e-05,-3.35807024747348e-06,1.42377886061747e-06,1.25858610168837e-05,1.17627236000635e-05,-0,-1.64561560992565e-16,0,-0.000108571051480921,0,0
44.1,0,0,-4.6802236614319e-05,2.03525890663325e-05,-3.32971017503322e-06,1.41224380366791e-06,1.24765868982501e-05,1.16606022239135e-05,-0,-1.59696203743537e-16,0,-0.000107630924407426,0,0
44.12,0,0,-4.6396949389749e-05,2.0176388394154e-05,-3.30157988172338e-06,1.40080078870407e-06,1.23682623653605e-05,1.15593688199368e-05,-0,-1.54976536161436e-16,0,-0.000106698938420778,0,0
44.14,0,0,-4.59951709225455e-05,2.0001711132584e-05,-3.2736775361781e-06,1.38944887123063e-06,1.22608792370822e-05,1.14590157165186e-05,-0,-1.50392393850896e-16,0,-0.000105775023040268,0,0
44.16,0,0,-4.55968708759437e-05,1.98285441557285e-05,-3.24600132574918e-06,1.37818712391723e-06,1.21544293999662e-05,1.13595353059563e-05,-0,-1.45943776811916e-16,0,-0.000104859108394552,0,0
44.18,0,0,-4.5202019174569e-05,1.96568744503181e-05,-3.21854945616649e-06,1.36701463622542e-06,1.20489048077461e-05,1.12609200439753e-05,-0,-1.41627296912708e-16,0,-0.000103951125216406,0,0
44.2,0,0,-4.48105860021939e-05,1.94866891147349e-05,-3.19132015120581e-06,1.35593051404161e-06,1.19442974808392e-05,1.11631624492644e-05,-0,-1.37442954153272e-16,0,-0.000103051004837519,0,0
44.22,0,0,-4.44225417995149e-05,1.93179753580465e-05,-3.16431165236393e-06,1.34493387931621e-06,1.18405995058517e-05,1.10662551029921e-05,-0,-1.3338058413824e-16,0,-0.000102158679183329,0,0
44.24,0,0,-4.40378572619481e-05,1.91507204990501e-05,-3.137522218541e-06,1.33402386970868e-06,1.1737803035086e-05,1.09701906483464e-05,-0,-1.29440186867613e-16,0,-0.000101274080767912,0,0
44.26,0,0,-4.36565033374446e-05,1.89849119653248e-05,-3.11095012572977e-06,1.3231996382387e-06,1.16359002860516e-05,1.08749617900634e-05,-0,-1.25614986077813e-16,0,-0.000100397142688904,0,0
44.28,0,0,-4.32784512243235e-05,1.88205372922926e-05,-3.08459366671187e-06,1.31246035294313e-06,1.1534883540979e-05,1.07805612939641e-05,-0,-1.21904981768839e-16,0,-9.95277986224768e-05,0,0
44.3,0,0,-4.29036723691252e-05,1.8657584122288e-05,-3.05845115076083e-06,1.30180519653906e-06,1.14347451463365e-05,1.06869819864974e-05,-0,-1.18300009545325e-16,0,-9.8665982818349e-05,0,0
44.32,0,0,-4.25321384644816e-05,1.84960402036361e-05,-3.03252090335181e-06,1.29123336609259e-06,1.13354775123503e-05,1.0594216754278e-05,-0,-1.14803457539059e-16,0,-9.78116300948443e-05,0,0
44.34,0,0,-4.21638214470061e-05,1.83358933897393e-05,-3.00680126587785e-06,1.28074407269353e-06,1.12370731125266e-05,1.05022585436336e-05,-0,-1.11415325750042e-16,0,-9.69646758339902e-05,0,0
44.36,0,0,-4.17986934952008e-05,1.81771316381716e-05,-2.98129059537265e-06,1.27033654113585e-06,1.11395244831779e-05,1.04111003601502e-05,-0,-1.08125449782906e-16,0,-9.612505597666e-05,0,0
44.38,0,0,-4.14367270273819e-05,1.80197430097818e-05,-2.9559872642396e-06,1.26001000960386e-06,1.10428242229516e-05,1.03207352682245e-05,-0,-1.04927053374074e-16,0,-9.5292707017755e-05,0,0
44.4,0,0,-4.10778946996234e-05,1.78637156678046e-05,-2.93088965998706e-06,1.2497637293641e-06,1.09469649923608e-05,1.02311563906177e-05,-0,-1.01823524655334e-16,0,-9.44675660014292e-05,0,0
44.42,0,0,-4.07221694037182e-05,1.77090378769794e-05,-2.90599618496979e-06,1.23959696446293e-06,1.08519395133195e-05,1.01423569080072e-05,-0,-9.88114754948977e-17,0,-9.36495705163547e-05,0,0
44.44,0,0,-4.03695242651564e-05,1.75556980026779e-05,-2.88130525613628e-06,1.22950899142957e-06,1.07577405686793e-05,1.00543300585495e-05,-0,-9.58875177609758e-17,0,-9.28386586910274e-05,0,0
44.46,0,0,-4.00199326411218e-05,1.74036845100385e-05,-2.85681530478205e-06,1.21949909898488e-06,1.06643610017694e-05,9.96706913743788e-06,-0,-9.30550395853574e-17,0,-9.20347691891131e-05,0,0
44.48,0,0,-3.96733681185048e-05,1.72529859631092e-05,-2.83252477630866e-06,1.20956658775545e-06,1.05717937159395e-05,9.88056749646699e-06,-0,-9.03072647044645e-17,0,-9.12378412048335e-05,0,0
44.5,0,0,-3.93298045119329e-05,1.7103591023998e-05,-2.80843212998843e-06,1.19971076999328e-06,1.04800316741052e-05,9.79481854360098e-06,-0,-8.76374168547189e-17,0,-9.04478144583919e-05,0,0
44.52,0,0,-3.89892158618177e-05,1.6955488452031e-05,-2.78453583873469e-06,1.18993096930075e-06,1.03890678982965e-05,9.70981574253848e-06,-0,-8.50421079043318e-17,0,-8.96646291914381e-05,0,0
44.54,0,0,-3.86515764324193e-05,1.68086671029178e-05,-2.76083438887746e-06,1.18022652036097e-06,1.02988954692086e-05,9.62555261228981e-06,-0,-8.2528114116881e-17,0,-8.88882261625716e-05,0,0
44.56,0,0,-3.83168607099264e-05,1.66631159279249e-05,-2.73732627994451e-06,1.17059676867342e-06,1.02095075257558e-05,9.5420227267453e-06,-0,-8.00886592287886e-17,0,-8.81185466428847e-05,0,0
44.58,0,0,-3.79850434005539e-05,1.65188239730556e-05,-2.71401002444759e-06,1.16104107029478e-06,1.01208972646283e-05,9.45921971425613e-06,-0,-7.77237432400546e-17,0,-8.73555324115421e-05,0,0
44.6,0,0,-3.76560994286558e-05,1.63757803782383e-05,-2.69088414767391e-06,1.15155879158493e-06,1.00330579398506e-05,9.37713725720927e-06,-0,-7.542997801889e-17,0,-8.65991257514e-05,0,0
44.62,0,0,-3.73300039348552e-05,1.62339743765213e-05,-2.66794718748249e-06,1.14214930895813e-06,9.94598286234411e-06,9.2957690916146e-06,-0,-7.31971991699276e-17,0,-8.58492694446616e-05,0,0
44.64,0,0,-3.70067322741896e-05,1.60933952932748e-05,-2.64519769410558e-06,1.13281200863915e-06,9.85966539949104e-06,9.21510900668755e-06,-0,-7.10389592203237e-17,0,-8.51059067685702e-05,0,0
44.66,0,0,-3.66862600142724e-05,1.59540325454004e-05,-2.62263422995482e-06,1.12354628642447e-06,9.77409897470201e-06,9.1351508444311e-06,-0,-6.8934929379344e-17,0,-8.43689814911399e-05,0,0
44.68,0,0,-3.63685629334703e-05,1.58158756405473e-05,-2.60025536943214e-06,1.11435154744839e-06,9.68927706698551e-06,9.05588849923215e-06,-0,-6.68986621741446e-17,0,-8.36384378669218e-05,0,0
44.7,0,0,-3.6053617019096e-05,1.56789141763356e-05,-2.57805969874534e-06,1.10522720595401e-06,9.60519321052041e-06,8.97731591745124e-06,-0,-6.49199932093586e-17,0,-8.29142206328072e-05,0,0
44.72,0,0,-3.57413984656164e-05,1.55431378395864e-05,-2.55604581572812e-06,1.09617268506907e-06,9.52184099423078e-06,8.89942709701423e-06,-0,-6.30023106167749e-17,0,-8.21962750038666e-05,0,0
44.74,0,0,-3.54318836728766e-05,1.54085364055586e-05,-2.53421232966464e-06,1.08718741658648e-06,9.4392140613636e-06,8.82221608701088e-06,-0,-6.11422262646044e-17,0,-8.14845466692245e-05,0,0
44.76,0,0,-3.51250492443382e-05,1.52750997371929e-05,-2.51255786111833e-06,1.07827084074961e-06,9.35730610906889e-06,8.74567698729482e-06,-0,-5.93363520210582e-17,0,-8.07789817879695e-05,0,0
44.78,0,0,-3.48208719853334e-05,1.5142817784362e-05,-2.49108104176499e-06,1.06942240604219e-06,9.27611088798207e-06,8.66980394808652e-06,-0,-5.75812997543473e-17,0,-8.00795269850991e-05,0,0
44.8,0,0,-3.45193289013341e-05,1.50116805831272e-05,-2.46978051423006e-06,1.06064156898275e-06,9.19562220180963e-06,8.59459116957506e-06,-0,-5.58804575962607e-17,0,-7.93861293475001e-05,0,0
44.82,0,0,-3.42203971962349e-05,1.48816782550027e-05,-2.44865493192997e-06,1.05192779392367e-06,9.11583390691667e-06,8.52003290152449e-06,-0,-5.42304374150093e-17,0,-7.86987364199628e-05,0,0
44.84,0,0,-3.39240542706518e-05,1.47528010062249e-05,-2.42770295891737e-06,1.0432805528546e-06,9.03673991191716e-06,8.44612344288715e-06,-0,-5.26244629470152e-17,0,-7.80172962012295e-05,0,0
44.86,0,0,-3.36302777202351e-05,1.46250391270291e-05,-2.40692326973037e-06,1.03469932521027e-06,8.95833417726698e-06,8.37285714141057e-06,-0,-5.10726985876453e-17,0,-7.73417571400769e-05,0,0
44.88,0,0,-3.33390453339961e-05,1.44983829909322e-05,-2.3863145492455e-06,1.0261835976827e-06,8.88061071485893e-06,8.30022839325373e-06,-0,-4.95615918097436e-17,0,-7.66720681314325e-05,0,0
44.9,0,0,-3.30503350926489e-05,1.43728230540217e-05,-2.36587549253439e-06,1.01773286403765e-06,8.80356358762059e-06,8.22823164260341e-06,-0,-4.80979188768882e-17,0,-7.60081785125238e-05,0,0
44.92,0,0,-3.27641251669662e-05,1.42483498542513e-05,-2.34560480472415e-06,1.0093466249352e-06,8.7271869091147e-06,8.15686138129427e-06,-0,-4.667829165729e-17,0,-7.53500380590606e-05,0,0
44.94,0,0,-3.24803939161487e-05,1.41249540107416e-05,-2.32550120086119e-06,1.0010243877546e-06,8.65147484314197e-06,8.0861121484261e-06,-0,-4.529932201916e-17,0,-7.46975969814503e-05,0,0
44.96,0,0,-3.21991198862087e-05,1.40026262230884e-05,-2.30556340577857e-06,9.92765666423143e-07,8.57642160334604e-06,8.01597852999156e-06,-0,-4.39643980942872e-17,0,-7.40508059210454e-05,0,0
44.98,0,0,-3.19202818083677e-05,1.38813572706759e-05,-2.28579015396672e-06,9.84569981249032e-07,8.50202145282139e-06,7.94645515849973e-06,-0,-4.26633554873046e-17,0,-7.34096159464237e-05,0,0
45,0,0,-3.16438585974672e-05,1.37611380119963e-05,-2.26618018944746e-06,9.76436858758269e-07,8.42826870372315e-06,7.87753671260703e-06,-0.45,-4.13995823300012e-17,0,-7.27739785496994e-05,0,0
45.02,0,0,-0.000121063655670756,-0.00893808617203552,7.6207725728642e-06,0.00184831861714009,0.105226198970556,1.64350005121658,-0.45,-0.0132995098125,0,-7.15451056428668e-05,0,0
45.04,0,0,-0.000388258407801094,-0.0177543077225534,0.000138483291732457,0.0135704361971258,0.396494337261646,3.23505746553034,-0.45,-0.026205959711105,0,-0.000109345589788159,1,0
45.06,0,0,-0.000830052452172835,-0.0263952186864833,0.00065823669297782,0.0410840162341602,0.739037185940067,4.72043609728306,-0.45,-0.0387309663717743,0,-0.00168648850089897,1,0
45.08,0,0,-0.00144289936561449,-0.0348608291265078,0.00188210039150401,0.0836502193781588,1.04838934882455,6.07844521171086,-0.45,-0.0508858031458098,0,-0.0057689610671469,1,0
45.1,0,0,-0.00222336219720348,-0.0431578081349256,0.00409179972365595,0.139362788268069,1.32711578095449,7.31720712467359,-0.45,-0.0626814102066328,0,-0.0121463501299916,1,0
45.12,0,0,-0.00316812369111437,-0.0512914813335547,0.00753248616077255,0.206468846962153,1.57761261380047,8.44437298081817,-0.45,-0.0741284043966785,0,-0.0206207959201631,1,0
45.14,0,0,-0.00427396088892329,-0.0592659760859885,0.012415702258903,0.283358736531676,1.80211718366862,9.46714831655068,-0.45,-0.0852370887832705,0,-0.0310062979183055,1,0
45.16,0,0,-0.00553772252126226,-0.0670843553489808,0.0189221494106983,0.368556453975561,2.00271750442433,10.3923173030152,-0.45,-0.0960174619320771,0,-0.043128057349947,1,0
45.18,0,0,-0.00695630896916836,-0.0747487409115822,0.0272042701295007,0.460710661116101,2.18136121382648,11.2262657346947,-0.45,-0.106479226906495,0,-0.0568218544537873,1,0
45.2,0,0,-0.00852665458999669,-0.0822604267262136,0.0373886559465281,0.55858623188783,2.33986402127628,11.975002826086,-0.45,-0.116631800001061,0,-0.0719334587538211,1,0
45.22,0,0,-0.0102457122164259,-0.0896199829938908,0.0495782913870694,0.661056308094961,2.47991768337076,12.6441818758837,-0.45,-0.126484319216753,0,-0.0883180706529661,1,0
45.24,0,0,-0.0121104396499292,-0.0968273516261616,0.0638546439090417,0.767094835291801,2.60309753230715,13.2391198552351,-0.45,-0.136045652485807,0,-0.105839792748838,1,0
45.26,0,0,-0.0141177879821572,-0.103881933668886,0.0802796091354663,0.875769551939348,2.71086958090647,13.7648159738921,-0.45,-0.145324405653456,0,-0.124371129351312,1,0
45.28,0,0,-0.0162646915890242,-0.110782669237637,0.098897320189837,0.986235406413878,2.80459722681056,14.2259692754719,-0.45,-0.15432893022377,0,-0.143792512756706,1,0
45.3,0,0,-0.0185480596529484,-0.117528110481124,0.119735829448485,1.09772837779345,2.88554757725231,14.6269953105587,-0.45,-0.163067330876572,0,-0.163991854905014,1,0
45.32,0,0,-0.0209647690787073,-0.124116488057574,0.142808670555493,1.20955967762949,2.95489741470201,14.9720419340079,-0.45,-0.171547472762203,0,-0.184864123114765,1,0
45.34,0,0,-0.0235116586777666,-0.130545771579234,0.16811630810211,1.3211103111264,3.0137388226505,15.2650042705557,-0.45,-0.17977698858068,0,-0.20631093865491,1,0
45.36,0,0,-0.0261855245047624,-0.136813724452186,0.195647481952729,1.43182597730571,3.06308448979879,15.5095388906937,-0.45,-0.187763285451646,0,-0.228240196974922,1,0
45.38,0,0,-0.0289831162380936,-0.142917953512154,0.225380452802038,1.54121228882558,3.10387270998301,15.7090772367165,-0.45,-0.195513551581276,0,-0.250565708472973,1,0
45.4,0,0,-0.0319011345043401,-0.148855953832075,0.257284155171868,1.64883029316479,3.13697209426893,15.8668383369008,-0.45,-0.203034762732149,0,-0.273206858738013,1,0
45.42,0,0,-0.0349362290535061,-0.154625149053683,0.291319263700361,1.75429227786507,3.1631860108008,15.9858408439208,-0.45,-0.210333688501905,0,-0.296088287254745,1,0
45.44,0,0,-0.0380849976989011,-0.160222927573163,0.327439178239388,1.85725784345967,3.18325676718209,16.0689144318314,-0.45,-0.217416898416338,0,-0.319139583611102,1,0
45.46,0,0,-0.0413439859418697,-0.165646674890057,0.365590932957645,1.95743022860181,3.19786954939898,16.1187105842694,-0.45,-0.224290767842412,0,-0.342295000296013,1,0
45.48,0,0,-0.0447096872075585,-0.170893802408903,0.405716034345593,2.05455287274679,3.20765613056903,16.1377128049174,-0.45,-0.230961483726527,0,-0.365493181221042,1,0
45.5,0,0,-0.0481785436235165,-0.175961772964528,0.44775123273353,2.14840620253794,3.21319836210594,16.1282462797487,-0.45,-0.237435050163182,0,-0.388676905143071,1,0
45.52,0,0,-0.0517469472781635,-0.180848123324472,0.49162923166469,2.23880462880166,3.21503145923428,16.0924870191147,-0.45,-0.243717293799067,0,-0.411792843206689,1,0
45.54,0,0,-0.0554112419010663,-0.185550483905523,0.537279339210616,2.32559374177275,3.21364709216406,16.0324705063553,-0.45,-0.249813869077441,0,-0.434791329864339,1,0
45.56,0,0,-0.0591677249115451,-0.190066595925907,0.584628065075291,2.40864769284986,3.20949629364307,15.9500998782905,-0.45,-0.25573026332751,0,-0.457626146469824,1,0
45.58,0,0,-0.0630126497864165,-0.194394326200055,0.633599667107032,2.48786675182378,3.20299219304169,15.8471536616982,-0.45,-0.261471801703393,0,-0.480254316876436,1,0
45.6,0,0,-0.066942228701678,-0.198531679769179,0.68411665062212,2.56317502913111,3.19451258659177,15.7252930886889,-0.45,-0.267043651977124,0,-0.502635914404887,1,0
45.62,0,0,-0.0709526354066758,-0.202476810547982,0.736100223741058,2.63451835326309,3.18440235289328,15.5860690127482,-0.45,-0.272450829189989,0,-0.524733879578486,1,0
45.64,0,0,-0.0750400082927792,-0.206228030155686,0.789470711746419,2.70186229400692,3.17297572232189,15.4309284461385,-0.45,-0.277698200166409,0,-0.546513848053703,1,0
45.66,0,0,-0.0792004536218331,-0.209783815088163,0.844147933290076,2.76519032271497,3.16051840851345,15.2612207383176,-0.45,-0.282790487894405,0,-0.567943988203374,1,0
45.68,0,0,-0.083430048882692,-0.213142812377238,0.900051541106412,2.82450210128866,3.14728960966779,15.078203414054,-0.45,-0.287732275776609,0,-0.588994847837592,1,0
45.7,0,0,-0.0877248462469509,-0.216303843873137,0.957101329726594,2.87981189202887,3.13352388700302,14.8830476889843,-0.45,-0.292528011755633,0,-0.609639209573626,1,0
45.72,0,0,-0.0920808760976195,-0.219265909276626,1.01521751253643,2.93114708094496,3.11943292730083,14.6768436794687,-0.45,-0.297182012317522,0,-0.629851954391316,1,0
45.74,0,0,-0.0964941506069234,-0.222028188038468,1.07432097037643,2.97854680753214,3.10520719611287,14.4606053227585,-0.45,-0.301698466376877,0,-0.649609932934162,1,0
45.76,0,0,-0.100960667341685,-0.224590040235511,1.13433347374675,3.02206069442129,3.09101748784684,14.2352750226829,-0.45,-0.306081439047165,0,-0.668891844138999,1,0
45.78,0,0,-0.105476412876844,-0.226951006524875,1.19517788055184,3.06174767067958,3.07701637861732,14.0017280352976,-0.45,-0.310334875299594,0,-0.687678120798622,1,0
45.8,0,0,-0.110037366399634,-0.229110807270384,1.25677831119827,3.09767488289405,3.0633395874301,13.7607766082124,-0.45,-0.314462603513854,0,-0.705950821682199,1,0
45.82,0,0,-0.114639503288741,-0.231069340928491,1.31906030274584,3.12991668850522,3.05010725096881,13.5131738866192,-0.45,-0.318468338923917,0,-0.723693529857692,1,0
45.84,0,0,-0.119278798654452,-0.232826681774489,1.38195094370401,3.15855372617474,3.03742511696768,13.2596175983862,-0.45,-0.322355686961996,0,-0.740891256879011,1,0
45.86,0,0,-0.123951230827369,-0.234383077043783,1.44537899096492,3.18367205827102,3.02538566088505,13.0007535299555,-0.45,-0.326128146503682,0,-0.757530352518091,1,0
45.88,0,0,-0.128652784784662,-0.235738943557292,1.50927497026843,3.20536238084059,3.01406913033556,12.7371788041878,-0.45,-0.329789113017164,0,-0.773598419738794,1,0
45.9,0,0,-0.133379455504222,-0.236894863894788,1.57357126150485,3.22371929670119,3.00354452149693,12.4694449707289,-0.45,-0.333341881619381,0,-0.789084234625325,1,0
45.92,0,0,-0.138127251238247,-0.237851582175005,1.6382021700763,3.23884064754641,2.99387049147683,12.1980609189371,-0.45,-0.336789650041849,0,-0.803977670992865,1,0
45.94,0,0,-0.142892196698955,-0.238609999496696,1.70310398545791,3.25082690119184,2.9850962104075,11.9234956228937,-0.45,-0.340135521508838,0,-0.818269629422437,1,0
45.96,0,0,-0.147670336150149,-0.239171169090505,1.7682150280247,3.25978059031957,2.97726215682882,11.6461807275382,-0.45,-0.343382507530479,0,-0.831951970475499,1,0
45.98,0,0,-0.152457736399303,-0.239536291227445,1.83347568513968,3.26580579929234,2.97040085972498,11.3665129844994,-0.45,-0.346533530613329,0,-0.845017451856706,1,0
46,0,0,-0.157250489685751,-0.239706707925992,1.89882843743183,3.26900769581158,2.96453759039383,11.0848565457603,-0.45,-0.349591426890824,0,-0.857459669305422,1,0
46.02,0,0,-0.162044716461316,-0.239683897496293,1.96421787613031,3.26949210438503,2.95969100715252,10.8015451228711,-0.45,-0.35255894867599,0,-0.869273001008208,1,0
46.04,0,0,-0.166836568060495,-0.239469468956634,2.02959071226212,3.26736511875085,2.95587375571608,10.5168840190288,-0.45,-0.35543876693871,0,-0.880452555335502,1,0
46.06,0,0,-0.171622229257964,-0.23906515635431,2.09489577846536,3.26273275057608,2.95309302792769,10.2311520409658,-0.45,-0.358233473709778,0,-0.890994121716155,1,0
46.08,0,0,-0.176397920711792,-0.23847281302011,2.16008402411809,3.25570061190907,2.95135108137011,9.94460329722657,-0.45,-0.360945584413902,0,-0.9008941244734,1,0
46.1,0,0,-0.181159901291306,-0.237694405783001,2.22510850443388,3.24637362901774,2.95064572224584,9.65746888907347,-0.45,-0.363577540133755,0,-0.910149579455264,1,0
46.12,0,0,-0.185904470289046,-0.236732009169096,2.28992436412937,3.23485578539,2.9509707537794,9.36995849993718,-0.45,-0.366131709807114,0,-0.91875805330132,1,0
46.14,0,0,-0.190627969516738,-0.235587799606682,2.35448881622594,3.22124989180849,2.95231639226851,9.08226188901887,-0.45,-0.368610392359065,0,-0.926717625196201,1,0
46.16,0,0,-0.195326785285584,-0.234264049656936,2.41876111650719,3.20565738154006,2.95466965279012,8.79455029435882,-0.45,-0.37101581877119,0,-0.934026850968282,1,0
46.18,0,0,-0.199997350271572,-0.232763122287973,2.48270253411593,3.18817812880191,2.95801470645385,8.50697775040781,-0.45,-0.373350154089601,0,-0.940684729399613,1,0
46.2,0,0,-0.204636145266843,-0.231087465208009,2.54627631873883,3.16891028878018,2.96233321098757,8.21968232487377,-0.45,-0.375615499373627,0,-0.94669067062037,1,0
46.22,0,0,-0.209239700818415,-0.2292396052717,2.60944766479339,3.14795015758491,2.96760461633765,7.93278727936489,-0.45,-0.377813893586912,0,-0.952044466467991,1,0
46.24,0,0,-0.213804598755887,-0.227222142972167,2.67218367300067,3.12539205062702,2.97380644687017,7.64640215811224,-0.45,-0.379947315432617,0,-0.956746262697636,1,0
46.26,0,0,-0.218327473609923,-0.22503774702969,2.7344533096979,3.10132819799837,2.98091456166807,7.36062380882897,-0.45,-0.382017685134385,0,-0.960796532936802,1,0
46.28,0,0,-0.222805013923562,-0.222689149086743,2.79622736421757,3.07584865552703,2.98890339433262,7.07553733954771,-0.45,-0.384026866164678,0,-0.964196054282756,1,0
46.3,0,0,-0.22723396345856,-0.220179138517764,2.85747840463394,3.04904123026446,2.99774617361623,6.7912170150745,-0.45,-0.385976666922021,0,-0.966945884446998,1,0
46.32,0,0,-0.231611122299141,-0.217510557360904,2.91818073215391,3.02099141924195,3.00741512613607,6.50772709650335,-0.45,-0.387868842358687,0,-0.969047340356224,1,0
46.34,0,0,-0.23593334785565,-0.214686295377922,2.9783103344065,2.99178236040908,3.01788166234517,6.22512262705207,-0.45,-0.38970509556027,0,-0.970501978124231,1,0
46.36,0,0,-0.240197555770735,-0.21170928524743,3.03784483786447,2.96149479473829,3.02911654686835,5.94345016730566,-0.45,-0.391487079278581,0,-0.97131157431393,1,0
46.38,0,0,-0.244400720730755,-0.208582497895774,3.09676345961175,2.93020703854653,3.04109005424531,5.6627484827874,-0.45,-0.393216397419231,0,-0.971478108413103,1,0
46.4,0,0,-0.248539877185223,-0.205308937969013,3.15504695865195,2.89799496514834,3.05377211106123,5.38304918662142,-0.45,-0.394894606485258,0,-0.971003746451791,1,0
46.42,0,0,-0.252612119977112,-0.201891639448714,3.21267758693638,2.8649319950137,3.0671324253872,5.10437733990096,-0.45,-0.396523216978082,0,-0.969890825693176,1,0
46.44,0,0,-0.25661460488694,-0.198333661413563,3.26963904027384,2.83108909366039,3.08114060439748,4.82675201223522,-0.45,-0.398103694757062,0,-0.968141840333673,1,0
46.46,0,0,-0.260544549093552,-0.194638083948193,3.32591640926945,2.79653477656248,3.09576626097856,4.55018680481372,-0.45,-0.399637462358864,0,-0.965759428151499,1,0
46.48,0,0,-0.264399231554564,-0.190808004200013,3.38149613042636,2.76133512040675,3.11097911009608,4.27469033819944,-0.45,-0.401125900277844,0,-0.962746358046438,1,0
46.5,0,0,-0.268175993309418,-0.18684653258435,3.43636593753073,2.72555378007451,3.12674905563893,4.00026670694189,-0.45,-0.402570348208581,0,-0.959105518416711,1,0
46.52,0,0,-0.271872237708032,-0.182756789137685,3.49051481342878,2.68925201077051,3.14304626841617,3.72691590298611,-0.45,-0.4039721062517,0,-0.954839906321949,1,0
46.54,0,0,-0.275485430567978,-0.178541900018393,3.54393294229342,2.65248869476137,3.15984125594106,3.45463420974589,-0.45,-0.405332436084043,0,-0.949952617384138,1,0
46.56,0,0,-0.279013100263159,-0.174204994153961,3.59661166246745,2.61532037222441,3.17433043649988,3.1825822221765,-0.45,-0.406652562094267,0,-0.944485783058896,0,0
46.58,0,0,-0.282452871489603,-0.169754272487214,3.64853800131976,2.57699086243049,3.15766258889865,2.90436925539604,-0.45,-0.407933672484876,0,-0.938870975024939,0,0
46.6,0,0,-0.285802602782915,-0.165203211751322,3.69967305788947,2.53594474540621,3.10815566397407,2.62408963313726,-0.45,-0.409176920341683,0,-0.93318826861841,0,0
46.62,0,0,-0.289060416738683,-0.160564586086704,3.74994843582754,2.49081506635599,3.03000553659461,2.34722611148351,-0.45,-0.410383424671666,0,-0.927439483837814,0,0
46.64,0,0,-0.292224681652797,-0.155850193818072,3.79927077958903,2.4404730967252,2.9275377342733,2.07876755740591,-0.45,-0.411554271410147,0,-0.921626475740249,0,0
46.66,0,0,-0.295293992185257,-0.151070877089545,3.84752653917431,2.38402768358934,2.8051266501807,1.82316468737474,-0.45,-0.412690514398213,0,-0.915751129721406,0,0
46.68,0,0,-0.298267150510767,-0.146236550735768,3.89458668262081,2.3208207337798,2.66712009811358,1.58429802174851,-0.45,-0.413793176331236,0,-0.909815357177749,0,0
46.7,0,0,-0.30114314813024,-0.141356239319243,3.94031128257504,2.25041920186349,2.51777004372977,1.36545765460684,-0.45,-0.414863249679374,0,-0.903821091539328,0,0
46.72,0,0,-0.303921148495381,-0.136438121210555,3.98455391096533,2.17260398050368,2.36117018156354,1.16933427476178,-0.45,-0.41590169758086,0,-0.897770284658484,0,0
46.74,0,0,-0.306600470575696,-0.131489578557062,4.02716578398739,2.08735611235721,2.20120086402406,0.998020731463546,-0.45,-0.416909454708888,0,-0.891664903536818,0,0
46.76,0,0,-0.309180573474048,-0.126517251975821,4.06799960813312,1.99484075483734,2.04148172932432,0.853023318504481,-0.45,-0.417887428112889,0,-0.885506927370507,0,0
46.78,0,0,-0.31166104217368,-0.121527098816437,4.1069130866742,1.89538933323126,1.8853322224034,0.735281853289597,-0.45,-0.418836498034927,0,-0.879298344892096,0,0
46.8,0,0,-0.314041574476763,-0.116524453867695,4.14377205470075,1.78948031434706,1.7357400584204,0.64519755286176,-0.45,-0.419757518701985,0,-0.873041151985536,0,0
46.82,0,0,-0.316321969172466,-0.11151409142625,4.17845321936784,1.6777190226968,1.59533754405583,0.582667656360212,-0.45,-0.420651319094824,0,-0.866737349550181,0,0
46.84,0,0,-0.318502115451432,-0.106500287704428,4.21084649028913,1.56081690488868,1.46638554909379,0.547125712142014,-0.45,-0.421518703694118,0,-0.860388941588986,0,0
46.86,0,0,-0.320581983563794,-0.101486882625325,4.24085689292127,1.43957062613659,1.35076481071962,0.537586436709748,-0.45,-0.422360453204546,0,-0.853997933495956,0,0
46.88,0,0,-0.322561616699656,-0.0964773401346455,4.26840606520355,1.31484135637099,1.24997415649505,0.552694060316692,-0.45,-0.423177325257478,0,-0.847566330518154,0,0
46.9,0,0,-0.324441124054372,-0.0914748062481648,4.29343334456989,1.18753457313784,1.16513514962684,0.590773099110325,-0.45,-0.42397005509289,0,-0.841096136368185,0,0
46.92,0,0,-0.326220675026345,-0.0864821641490756,4.31589645866466,1.05858067509463,1.09700259220627,0.649880534205052,-0.45,-0.424739356221137,0,-0.834589351963948,0,0
46.94,0,0,-0.327900494482295,-0.0815020857489299,4.33577183861647,0.928916664237055,1.04598026859232,0.727858432300683,-0.45,-0.425485921065153,0,-0.828047974273638,0,0
46.96,0,0,-0.329480859014257,-0.0765370792273406,4.35305457851653,0.799469117777091,1.0121412718246,0.822386108452838,-0.45,-0.426210421583682,0,-0.821473995245392,0,0
46.98,0,0,-0.330962094103892,-0.0715895321673349,4.36775806878711,0.671138632572439,0.995252230452434,0.931031007379041,-0.45,-0.426913509876089,0,-0.814869400802582,0,0
47,0,0,-0.332344572103006,-0.0666617500035208,4.37991333440206,0.54478588686402,0.994800740826562,1.05129756325927,-0.45,-0.427595818769287,0,-0.808236169887488,0,0
47.02,0,0,-0.333628710934557,-0.0617559895975134,4.3895681114385,0.421219426450143,1.01002530992523,1.1806733873968,-0.45,-0.428257962387329,0,-0.801576273538016,0,0
47.04,0,0,-0.334814973415579,-0.0568744878480039,4.39678569721413,0.301185245891994,1.03994712523867,1.31667222643234,-0.45,-0.428900536704159,0,-0.794891673983987,0,0
47.06,0,0,-0.33590386710255,-0.0520194853302361,4.40164361032402,0.185358200423463,1.08340299005968,1.45687322921677,-0.45,-0.429524120080029,0,-0.7881843237516,0,0
47.08,0,0,-0.336895944560417,-0.0471932450404775,4.40423209727177,0.0743352513809429,1.13907879357835,1.59895615622097,-0.45,-0.430129273782063,0,-0.781456164766571,0,0
47.1,0,0,-0.337791803958731,-0.0423980663945027,4.40465252213807,-0.0313694824406342,1.20554292424446,1.74073225989013,-0.45,-0.430716542489434,0,-0.774709127448472,0,0
47.12,0,0,-0.338592089902044,-0.0376362946944972,4.40301567489628,-0.131327922746196,1.28127908069242,1.88017065617473,-0.45,-0.431286454783613,0,-0.767945129790653,0,0
47.14,0,0,-0.339297494406545,-0.0329103263356869,4.39944003262839,-0.225199558893403,1.3647179858526,2.01542009528718,-0.45,-0.431839523624129,0,-0.761166076421945,0,0
47.16,0,0,-0.339908757940842,-0.0282226100720996,4.39405000607705,-0.312731405574764,1.45426756543928,2.14482612239926,-0.45,-0.432376246810264,0,-0.754373857648066,0,0
47.18,0,0,-0.340426670455634,-0.0235756447000619,4.38697420175582,-0.39375651052265,1.54834121057341,2.26694369554384,-0.45,-0.432897107429108,0,-0.747570348472201,0,0
47.2,0,0,-0.340852072334429,-0.0189719735483453,4.37834372729581,-0.468191146545197,1.64538380467683,2.38054539761892,-0.45,-0.433402574290372,0,-0.740757407595666,0,0
47.22,0,0,-0.341185855205558,-0.0144141761854954,4.36829056490062,-0.536030833681047,1.74389525583379,2.4846254414924,-0.45,-0.433893102348344,0,-0.733936876400861,0,0
47.24,0,0,-0.341428962564024,-0.00990485776809182,4.35694603477845,-0.597345345470633,1.84245133649852,2.57839972132132,-0.45,-0.434369133111382,0,-0.727110577919797,0,0
47.26,0,0,-0.341582390160302,-0.00544663645893457,4.34443936728409,-0.652272858394207,1.93972169176605,2.66130220904692,-0.45,-0.4348310950393,0,-0.720280315792459,0,0
47.28,0,0,-0.341647186121773,-0.00104212934194267,4.3308963992979,-0.701013405578692,2.03448493454221,2.73297803247735,-0.45,-0.43527940392901,0,-0.713447873220015,0,0
47.3,0,0,-0.341624450780903,0.00330606274850917,4.31643840714904,-0.743821795120469,2.12564080007732,2.79327360044663,-0.45,-0.43571446328877,0,-0.706615011918487,0,0
47.32,0,0,-0.341515336192538,0.00759537108132955,4.30118108521342,-0.78100015003479,2.21221938280306,2.84222416139699,-0.45,-0.436136664701365,0,-0.699783471078955,0,0
47.34,0,0,-0.341321045330483,0.0118232751837399,4.28523367622885,-0.812890221175498,2.2933875246799,2.88003919465215,-0.45,-0.436546388176561,0,-0.692954966340601,0,0
47.36,0,0,-0.341042830960971,0.0159873189412131,4.26869825641757,-0.839865616741006,2.36845246588184,2.90708603902244,-0.45,-0.436944002493138,0,-0.686131188783061,0,0
47.38,0,0,-0.34068199419743,0.0200851263152726,4.25166917572627,-0.862324082477667,2.43686290528369,2.92387216169117,-0.45,-0.437329865530814,0,-0.679313803944508,0,0
47.4,0,0,-0.340239882747204,0.0241144163845833,4.23423265091894,-0.88067995570085,2.49820764964943,2.93102646214117,-0.45,-0.437704324592367,0,-0.672504450871739,0,0
47.42,0,0,-0.33971788886641,0.0280730174496173,4.21646650691585,-0.8953569040708,2.55221205652553,2.92927999181613,-0.45,-0.438067716716223,0,-0.665704741208275,0,0
47.44,0,0,-0.33911744704396,0.0319588799776478,4.19844005968259,-0.906781046975627,2.59873249659579,2.91944645095262,-0.45,-0.438420368979819,0,-0.658916258326121,0,0
47.46,0,0,-0.338440031439856,0.0357700882021943,4.18021413215249,-0.915374543671065,2.63774907671881,2.90240280027494,-0.45,-0.438762598793992,0,-0.652140556506338,0,0
47.48,0,0,-0.337687153106227,0.0395048702286146,4.16184119312262,-0.921549718278502,2.66935687519204,2.87907029774679,-0.45,-0.439094714188673,0,-0.64537916017307,0,0
47.5,0,0,-0.33686035702214,0.0431616065347008,4.14336560780316,-0.925703777606211,2.69375594618835,2.85039624005925,-0.45,-0.43941701409013,0,-0.638633563185079,0,0
47.52,0,0,-0.335961218975107,0.046738836791283,4.12482398772087,-0.928214163773319,2.71124035107632,2.81733665573387,-0.45,-0.439729788590028,0,-0.631905228188158,0,0
47.54,0,0,-0.334991342323348,0.0502352649624809,4.10624562697468,-0.929434570000124,2.72218647080274,2.78084016234555,-0.45,-0.440033319206524,0,-0.62519558603117,0,0
47.56,0,0,-0.333952354673335,0.0536497626778915,4.08765301140576,-0.929691634878158,2.72704084607011,2.74183316510744,-0.45,-0.440327879137659,0,-0.618506035247748,0,0
47.58,0,0,-0.33284590450701,0.0569813708992959,4.06906238706283,-0.929282318120477,2.72630778110202,2.7012065385571,-0.45,-0.440613733507251,0,-0.611837941605001,0,0
47.6,0,0,-0.331673657792334,0.0602292999320712,4.05048437439892,-0.928471949363757,2.72053693279978,2.65980389794087,-0.45,-0.440891139603525,0,-0.605192637719899,0,0
47.62,0,0,-0.330437294609544,0.0633929278561642,4.0319246149108,-0.927492931169895,2.71031109051714,2.618411532663,-0.45,-0.441160347110688,0,-0.598571422743341,0,0
47.64,0,0,-0.329138505823812,0.0664717974730409,4.01338443740421,-0.926544068051096,2.6962343329844,2.57775004134251,-0.45,-0.441421598333667,0,-0.591975562111287,0,0
47.66,0,0,-0.327778989832868,0.0694656118833364,3.99486153171514,-0.925790485188909,2.67892072856669,2.53846767703472,-0.45,-0.441675128416194,0,-0.585406287361728,0,0
47.68,0,0,-0.326360449415681,0.0723742288249583,3.97635061851544,-0.925364093579705,2.65898372350515,2.50113538239908,-0.45,-0.441921165552453,0,-0.578864796015734,0,0
47.7,0,0,-0.32488458870561,0.0751976539131287,3.95784410475537,-0.92536455263858,2.6370263405064,2.46624346833381,-0.45,-0.442159931192472,0,-0.572352251520331,0,0
47.72,0,0,-0.32335311030849,0.0779360329323485,3.93933271532199,-0.925860676830605,2.61363228744051,2.43419986609327,-0.45,-0.442391640241442,0,-0.565869783250478,0,0
47.74,0,0,-0.321767712583058,0.0805896433356407,3.92080609259497,-0.926892229652217,2.58935805337522,2.40532986233312,-0.45,-0.442616501253144,0,-0.559418486567105,0,0
47.76,0,0,-0.320130087098019,0.0831588851088185,3.90225335673798,-0.928472046217573,2.5647260470805,2.37987720900727,-0.45,-0.442834716617665,0,-0.552999422927784,0,0
47.78,0,0,-0.318441916276854,0.0856442711571234,3.88366362074963,-0.930588424759403,2.5402188118126,2.35800648562587,-0.45,-0.44304648274356,0,-0.546613620046402,0,0
47.8,0,0,-0.316704871238386,0.0880464173685998,3.86502645549254,-0.933207727461851,2.51627432992282,2.33980658007698,-0.45,-0.443251990234634,0,-0.540262072097992,0,0
47.82,0,0,-0.314920609838063,0.0903660325032654,3.84633230110153,-0.936277132122246,2.4932824118861,2.32529514596598,-0.45,-0.443451424061499,0,-0.533945739964747,0,0
47.84,0,0,-0.313090774912005,0.092603908049762,3.82757282232369,-0.939727478098254,2.47158214692115,2.31442388914098,-0.45,-0.443644963728059,0,-0.527665551519189,0,0
47.86,0,0,-0.311216992723139,0.0947609081820067,3.80874120644768,-0.943476152737582,2.45146037664621,2.30708453360924,-0.45,-0.443832783433076,0,-0.521422401940426,0,0
47.88,0,0,-0.309300871606171,0.0968379599376992,3.78983240352293,-0.947429967904862,2.43315113931505,2.30311531723894,-0.45,-0.44401505222696,0,-0.515217154059493,0,0
47.9,0,0,-0.307344000805842,0.0988360437286604,3.77084330953747,-0.951487980207087,2.41683602019407,2.30230787027478,-0.45,-0.444191934163926,0,-0.50905063872985,0,0
47.92,0,0,-0.305347949500839,0.100756184280173,3.75177289410796,-0.95554421296631,2.40264533362742,2.30441433454854,-0.45,-0.444363588449656,0,-0.502923655219246,0,0
47.94,0,0,-0.303314266003921,0.102599442083048,3.73262227502652,-0.95949024278801,2.39066005430615,2.3091545880869,-0.45,-0.444530169584592,0,-0.49683697161932,0,0
47.96,0,0,-0.301244477127279,0.104366905428311,3.71339474270214,-0.963217618620117,2.38091440919303,2.31622344834905,-0.45,-0.444691827502997,0,-0.490791325269535,0,0
47.98,0,0,-0.299140087700904,0.106059683080471,3.69409573812461,-0.966620086389304,2.37339903740601,2.3252977372939,-0.45,-0.444848707707909,0,-0.484787423192247,0,0
48,0,0,-0.297002580230734,0.107678897631492,3.67473278846499,-0.96959559754144,2.36806462305435,2.33604310260968,-0.45,-0.445000951402099,0,-0.47882594253599,0,0
48.02,0,0,-0.294833414682669,0.109225679564125,3.6553154048077,-0.972048085012242,2.3648259054498,2.34812050146478,-0.45,-0.445148695615168,0,-0.472907531024314,0,0
48.04,0,0,-0.292634028378088,0.110701162040295,3.63585494678807,-0.973888995229707,2.3635659721593,2.36119226579299,-0.45,-0.445292073326878,0,-0.467032807407807,0,0
48.06,0,0,-0.2904058359863,0.112106476417987,3.61636445908764,-0.975038569627767,2.36414074288481,2.3749276811529,-0.45,-0.445431213586846,0,-0.461202361917205,0,0
48.08,0,0,-0.288150229599441,0.113442748488704,3.59685848482372,-0.975426873765594,2.36638355599808,2.38900802435719,-0.45,-0.445566241630697,0,-0.455416756715816,0,0
48.1,0,0,-0.285868578875549,0.114711095417142,3.57735286086384,-0.974994576443082,2.37010977455835,2.40313101812685,-0.45,-0.445697278992784,0,-0.44967652634973,0,0
48.12,0,0,-0.283562231236058,0.115912623355395,3.55786450000827,-0.97369348513379,2.37512133463029,2.41701467378167,-0.45,-0.445824443615575,0,-0.443982178194609,0,0
48.14,0,0,-0.28123251210455,0.117048425695821,3.53841116482128,-0.971486847585164,2.38121116552379,2.43040050524246,-0.45,-0.445947849955813,0,-0.438334192898087,0,0
48.16,0,0,-0.278880725174416,0.118119581919682,3.51901123766308,-0.968349432534534,2.38816741902299,2.44305610923023,-0.45,-0.446067609087534,0,-0.432733024817091,0,0
48.18,0,0,-0.276508152693985,0.119127156992928,3.49968349118821,-0.964267405139977,2.39577745258784,2.45477711736067,-0.45,-0.446183828802038,0,-0.427179102449613,0,0
48.2,0,0,-0.274116055758715,0.120072201255896,3.48044686324138,-0.959238014917928,2.40383151973201,2.46538853573122,-0.45,-0.446296613704913,0,-0.421672828860694,0,0
48.22,0,0,-0.271705674601109,0.120955750750402,3.46132023970787,-0.95326911571319,2.41212612914743,2.4747454964894,-0.45,-0.446406065310182,0,-0.416214582102568,0,0
48.24,0,0,-0.269278228870215,0.121778827925458,3.44232224847168,-0.946378538507903,2.4204670425096,2.48273345368584,-0.45,-0.446512282131677,0,-0.41080471562911,0,0
48.26,0,0,-0.266834917893713,0.122542442661834,3.42347106720901,-0.938593338717519,2.42867188912211,2.48926786240481,-0.45,-0.446615359771705,0,-0.405443558704842,0,0
48.28,0,0,-0.264376920916828,0.123247593555636,3.40478424730717,-0.929948940043293,2.43657238351764,2.49429338570743,-0.45,-0.446715391007101,0,-0.400131416808934,0,0
48.3,0,0,-0.261905397313472,0.123895269402032,3.38627855575649,-0.920488196977188,2.44401613971732,2.49778267830992,-0.45,-0.446812465872726,0,-0.39486857203469,0,0
48.32,0,0,-0.259421486766188,0.124486450822103,3.36796983642374,-0.91026039771597,2.45086808296173,2.49973479917103,-0.45,-0.446906671742511,0,-0.389655283485123,0,0
48.34,0,0,-0.256926309412579,0.125022111978382,3.34987289168677,-0.899320228569946,2.45701146628693,2.50017330730819,-0.45,-0.446998093408097,0,-0.384491787665259,0,0
48.36,0,0,-0.25442096595697,0.125503222327983,3.33200138499733,-0.887726719984443,2.46234850525862,2.4991440962518,-0.45,-0.447086813155153,0,-0.37937829887186,0,0
48.38,0,0,-0.251906537747031,0.12593074836606,3.3143677645487,-0.875542193067256,2.46680064944866,2.49671302264265,-0.45,-0.447172910837439,0,-0.374315009581269,0,0
48.4,0,0,-0.249384086815988,0.126305655316703,3.296983207861,-0.862831224072428,2.47030851380353,2.49296338365294,-0.45,-0.44725646394868,0,-0.36930209083606,0,0
48.42,0,0,-0.246854655891858,0.126628908733073,3.27985758676389,-0.849659642670276,2.47283149689201,2.48799329624943,-0.45,-0.447337547692314,0,-0.364339692631187,0,0
48.44,0,0,-0.244319268375883,0.126901475973538,3.26299945195711,-0.836093578075548,2.47434711612297,2.48191302891023,-0.45,-0.447416235049184,0,-0.359427944300249,0,0
48.46,0,0,-0.241778928292905,0.127124327525701,3.24641603606662,-0.822198565249505,2.47485009239639,2.47484233334868,-0.45,-0.447492596843221,0,-0.354566954902481,0,0
48.48,0,0,-0.23923462021699,0.127298438155371,3.23011327388842,-0.808038721475327,2.47435121830975,2.46690782019026,-0.45,-0.447566701805193,0,-0.349756813610987,0,0
48.5,0,0,-0.236687309175965,0.127424787862699,3.21409583832586,-0.793676001665856,2.47287604501329,2.45824041849139,-0.45,-0.447638616634568,0,-0.344997590102679,0,0
48.52,0,0,-0.234137940538881,0.127504362632732,3.19836719037833,-0.77916953883191,2.47046342312858,2.44897295458378,-0.45,-0.447708406059545,0,-0.340289334950299,0,0
48.54,0,0,-0.23158743989058,0.127538154972474,3.18292964142965,-0.764575074249318,2.46716393285813,2.43923788107253,-0.45,-0.447776132895317,0,-0.335632080016837,0,0
48.56,0,0,-0.229036712897696,0.127527164231173,3.16778442601199,-0.749944480041417,2.46303823757195,2.42916518200801,-0.45,-0.447841858100607,0,-0.331025838852536,0,0
48.58,0,0,-0.226486645170406,0.127472396704822,3.15293178318443,-0.735325375165845,2.45815539381399,2.41888047537863,-0.45,-0.447905640832535,0,-0.326470607094644,0,0
48.6,0,0,-0.223938102124218,0.127374865529821,3.13837104466161,-0.720760834181238,2.4525911488894,2.40850332922194,-0.45,-0.447967538499865,0,-0.321966362869922,0,0
48.62,0,0,-0.221391928845916,0.127235590374276,3.12410072785577,-0.706289186688929,2.44642625503311,2.39814580290003,-0.45,-0.448027606814675,0,-0.317513067199893,0,0
48.64,0,0,-0.218848949967619,0.127055596938551,3.11011863205074,-0.691943904011074,2.4397448266877,2.3879112205057,-0.45,-0.448085899842503,0,-0.31311066440869,0,0
48.66,0,0,-0.216309969552614,0.126835916279366,3.09642193600768,-0.677753568490674,2.43263276469617,2.37789317901823,-0.45,-0.448142470051007,0,-0.308759082533311,0,0
48.68,0,0,-0.213775770996331,0.126577583973975,3.0830072954047,-0.66374191978813,2.42517626830857,2.36817478976686,-0.45,-0.448197368357192,0,-0.304458233736021,0,0
48.7,0,0,-0.211247116945495,0.12628163914274,3.06987093863391,-0.649927971707281,2.41746045287103,2.35882814803105,-0.45,-0.448250644173241,0,-0.300208014718544,0,0
48.72,0,0,-0.208724749238062,0.125949123349745,3.05700875961572,-0.636326192412406,2.40956808797132,2.3499140222457,-0.45,-0.448302345450982,0,-0.296008307137674,0,0
48.74,0,0,-0.206209388866208,0.125581079402004,3.04441640643819,-0.622946740394584,2.40157846771262,2.3414817513138,-0.45,-0.448352518725055,0,-0.291858978021865,0,0
48.76,0,0,-0.203701735964163,0.125178550068289,3.03208936478603,-0.609795748206498,2.39356642172761,2.33356933597662,-0.45,-0.448401209154793,0,-0.287759880188308,0,0
48.78,0,0,-0.201202469822301,0.124742576738698,3.02002303528507,-0.596875645802544,2.3856014725763,2.32620370806549,-0.45,-0.448448460564869,0,-0.283710852659994,0,0
48.8,0,0,-0.198712248928451,0.124274198045809,3.00821280405231,-0.584185515286907,2.37774714233419,2.31940115975867,-0.45,-0.44849431548474,0,-0.279711721082224,0,0
48.82,0,0,-0.196231711037007,0.123774448467645,2.99665410590455,-0.571721468975538,2.37006040851017,2.31316791369058,-0.45,-0.448538815186929,0,-0.275762298138014,0,0
48.84,0,0,-0.193761473265995,0.1232443569318,2.98534247983847,-0.559477042906528,2.36259130696551,2.30750081389578,-0.45,-0.448581999724172,0,-0.271862383961843,0,0
48.86,0,0,-0.191302132221893,0.122684945438866,2.97427361654907,-0.547443598273958,2.35538267726371,2.3023881171001,-0.45,-0.448623907965466,0,-0.268011766551174,0,0
48.88,0,0,-0.188854264151646,0.122097227721965,2.96344339789966,-0.535610723698881,2.34847004388382,2.29781036377402,-0.45,-0.448664577631058,0,-0.264210222175212,0,0
48.9,0,0,-0.186418425121011,0.12148220795759,2.9528479283933,-0.523966631772895,2.34188162499261,2.29374130861198,-0.45,-0.44870404532639,0,-0.260457515780354,0,0
48.92,0,0,-0.183995151218044,0.120840879541268,2.94248355882087,-0.512498543900055,2.33563845900202,2.29014889066586,-0.45,-0.448742346575053,0,-0.256753401391817,0,0
48.94,0,0,-0.181584958780335,0.120174223939754,2.93234690237441,-0.501193058106573,2.3297546379414,2.28699622420734,-0.45,-0.448779515850755,0,-0.25309762251096,0,0
48.96,0,0,-0.179188344644354,0.119483209629576,2.92243484361387,-0.490036495170407,2.32423763574869,2.28424259248767,-0.45,-0.448815586608352,0,-0.249489912507832,0,0
48.98,0,0,-0.176805786415083,0.118768791129871,2.91274454076144,-0.47901521913008,2.3190887189247,2.28184442786795,-0.45,-0.448850591313962,0,-0.245929995008536,0,0
49,0,0,-0.174437742754005,0.118031908135535,2.9032734218695,-0.468115928950587,2.31430342659191,2.27975626326922,-0.45,-0.448884561474181,0,-0.242417584277001,0,0
49.02,0,0,-0.172084653683391,0.117273484754879,2.894019175465,-0.457325918841179,2.30987210683943,2.2779316415053,-0.45,-0.448917527664446,0,-0.238952385590839,0,0
49.04,0,0,-0.169746940904763,0.116494428854154,2.88497973631667,-0.446633305423664,2.30578049630451,2.2763239707718,-0.45,-0.448949519556554,0,-0.235534095610965,0,0
49.06,0,0,-0.167425008129395,0.115695631509619,2.87615326700017,-0.436027220629911,2.30201033021871,2.27488731633957,-0.45,-0.448980565945366,0,-0.232162402744726,0,0
49.08,0,0,-0.165119241418699,0.114877966566248,2.86753813595251,-0.425497969854197,2.29853997061407,2.27357712030424,-0.45,-0.449010694774728,0,-0.228836987502316,0,0
49.1,0,0,-0.162830009532396,0.114042290300659,2.85913289271023,-0.415037155491711,2.2953450410181,2.27235084304412,-0.45,-0.449039933162619,0,-0.225557522846302,0,0
49.12,0,0,-0.160557664282408,0.113189441184571,2.85093624101763,-0.40463776655213,2.2923990567446,2.27116852180745,-0.45,-0.449068307425562,0,-0.222323674534128,0,0
49.14,0,0,-0.158302540890522,0.112320239743898,2.84294701047244,-0.394294235541174,2.28967404078514,2.26999324355991,-0.45,-0.449095843102309,0,-0.219135101453501,0,0
49.16,0,0,-0.156064958347963,0.111435488507579,2.83516412734782,-0.384002464249173,2.28714111630026,2.26879153084978,-0.45,-0.449122564976826,0,-0.215991455950595,0,0
49.18,0,0,-0.153845219775144,0.110535972039422,2.82758658519298,-0.373759820471071,2.28477106777653,2.26753364097379,-0.45,-0.449148497100605,0,-0.212892384151067,0,0
49.2,0,0,-0.151643612780016,0.109622457045548,2.82021341577067,-0.36356510800511,2.28253486403193,2.26619378012894,-0.45,-0.449173662814307,0,-0.209837526273885,0,0
49.22,0,0,-0.149460409813575,0.108695692549514,2.81304366084043,-0.353418512537227,2.28040413739613,2.26475023550716,-0.45,-0.449198084768773,0,-0.206826516938019,0,0
49.24,0,0,-0.147295868521263,0.107756410126853,2.80607634524204,-0.343321526215391,2.27835161454258,2.26318542941315,-0.45,-0.449221784945409,0,-0.203858985462053,0,0
49.26,0,0,-0.145150232089147,0.10680532419059,2.79931045167607,-0.333276853854222,2.27635149558723,2.26148590045882,-0.45,-0.449244784675975,0,-0.200934556156829,0,0
49.28,0,0,-0.143023729583954,0.105843132319219,2.79274489751903,-0.323288303787712,2.27437977917536,2.2596422177033,-0.45,-0.449267104661781,0,-0.198052848611223,0,0
49.3,0,0,-0.140916576286194,0.104870515618757,2.78637851394957,-0.313360666409815,2.272414532339,2.25764883426437,-0.45,-0.449288764992319,0,-0.195213477971186,0,0
49.32,0,0,-0.138828974015764,0.103888139110684,2.78021002760181,-0.303499583412992,2.27043610490716,2.25550388742737,-0.45,-0.449309785163349,0,-0.192416055212203,0,0
49.34,0,0,-0.136761111449603,0.102896652137916,2.77423804490252,-0.293711410657871,2.26842728917917,2.25320895262394,-0.45,-0.449330184094444,0,-0.189660187405312,0,0
49.36,0,0,-0.13471316443111,0.101896688781399,2.76846103919082,-0.284003077487843,2.26637342641732,2.25076875885225,-0.45,-0.449349980146019,0,-0.186945477976856,0,0
49.38,0,0,-0.132685296271181,0.100888868280403,2.76287734066505,-0.274381945145907,2.26426246247077,2.24819087316918,-0.45,-0.449369191135855,0,-0.18427152696213,0,0
49.4,0,0,-0.130677658040856,0.0998737954502089,2.75748512914934,-0.264855666762686,2.26208495550365,2.24548536181481,-0.45,-0.449387834355141,0,-0.18163793125309,0,0
49.42,0,0,-0.128690388855688,0.0988520610914796,2.7522824296259,-0.255432051169925,2.2598340393619,2.24266443533943,-0.45,-0.449405926584031,0,-0.179044284840296,0,0
49.44,0,0,-0.126723616152047,0.0978242423863211,2.74726711043559,-0.246118932558292,2.25750534657427,2.23974208480708,-0.45,-0.449423484106753,0,-0.176490179049239,0,0
49.46,0,0,-0.124777455955676,0.0967909032767213,2.7424368840121,-0.236924047747582,2.25509689534319,2.23673371575918,-0.45,-0.449440522726263,0,-0.173975202771233,0,0
49.48,0,0,-0.122852013142884,0.0957525948217757,2.73778930998168,-0.227854922576588,2.25260894514271,2.23365578615127,-0.45,-0.449457057778467,0,-0.171498942688999,0,0
49.5,0,0,-0.120947381694826,0.0947098555308271,2.73332180043339,-0.218918768654109,2.25004382570594,2.23052545393818,-0.45,-0.449473104146029,0,-0.169060983497102,0,0
49.52,0,0,-0.119063644945391,0.0936632116703481,2.72903162714235,-0.210122391446535,2.24740574425908,2.22736023939424,-0.45,-0.449488676271763,0,-0.166660908117367,0,0
49.54,0,0,-0.117200875823215,0.092613177543081,2.72491593051172,-0.20147211041555,2.24470057584772,2.22417770662521,-0.45,-0.449503788171632,0,-0.16429829790939,0,0
49.56,0,0,-0.115359137088405,0.0915602557385952,2.72097172998734,-0.192973691665761,2.24193564151115,2.22099516807529,-0.45,-0.449518453447366,0,-0.161972732876271,0,0
49.58,0,0,-0.113538481564536,0.0905049373550391,2.7171959356924,-0.184632293320044,2.23911947889902,2.21782941516501,-0.45,-0.449532685298704,0,-0.159683791865657,0,0
49.6,0,0,-0.111738952366501,0.0894477021924221,2.71358536102716,-0.176452423613114,2.23626160969983,2.21469647752729,-0.45,-0.449546496535271,0,-0.157431052766186,0,0
49.62,0,0,-0.109960583124771,0.0883890189182779,2.71013673598128,-0.168437911484063,2.2333723079714,2.21161141265158,-0.45,-0.449559899588114,0,-0.155214092699414,0,0
49.64,0,0,-0.10820339820661,0.0873293452070121,2.70684672091264,-0.160591889258253,2.23046237313752,2.20858812710748,-0.45,-0.449572906520883,0,-0.153032488207286,0,0
49.66,0,0,-0.106467412934748,0.0862691278546365,2.70371192055625,-0.152916786839924,2.22754291105247,2.20563922991076,-0.45,-0.449585529040698,0,-0.15088581543521,0,0
49.68,0,0,-0.104752633803995,0.0852088028709211,2.70072889804017,-0.145414336690091,2.22462512614371,2.20277591802269,-0.45,-0.449597778508676,0,-0.148773650310778,0,0
49.7,0,0,-0.103059058696214,0.0841487955512704,2.69789418870105,-0.1380855887407,2.22172012723185,2.20000789344533,-0.45,-0.449609665950166,0,-0.146695568718172,0,0
49.72,0,0,-0.101386677094039,0.0830895205308381,2.69520431350979,-0.130930934295676,2.2188387492046,2.19734331089609,-0.45,-0.449621202064668,0,-0.144651146668285,0,0
49.74,0,0,-0.0997354702936668,0.082031381823542,2.69265579193788,-0.123950137892511,2.21599139229481,2.19478875461847,-0.45,-0.449632397235464,0,-0.142639960464576,0,0
49.76,0,0,-0.0981054116169996,0.0809747728487349,2.69024515411585,-0.117142376043697,2.21318788029,2.19234924251556,-0.45,-0.449643261538962,0,-0.140661586864675,0,0
49.78,0,0,-0.0964964666233482,0.0799200764483177,2.68796895215733,-0.110506281744929,2.21043733858817,2.19002825548076,-0.45,-0.449653804753768,0,-0.138715603237755,0,0
49.8,0,0,-0.0949085933208703,0.0788676648970683,2.68582377054472,-0.104039993625433,2.20774809261839,2.1878277895466,-0.45,-0.449664036369489,0,-0.136801587717664,0,0
49.82,0,0,-0.0933417423778458,0.0778178999088947,2.68380623549471,-0.0977412086235366,2.20512758676985,2.18574842827679,-0.45,-0.449673965595268,0,-0.134919119351838,0,0
49.84,0,0,-0.0917958573338456,0.0767711326416128,2.68191302324417,-0.0916072370962119,2.20258232362436,2.18378943268919,-0.45,-0.449683601368079,0,-0.133067778245988,0,0
49.86,0,0,-0.0902708748107997,0.0757277037027089,2.68014086721833,-0.0856350593129382,2.20011782296849,2.18194884591395,-0.45,-0.449692952360768,0,-0.13124714570456,0,0
49.88,0,0,-0.0887667247239209,0.0746879431583675,2.67848656406352,-0.079821382339992,2.19773859977533,2.18022360976033,-0.45,-0.449702026989859,0,-0.129456804366981,0,0
49.9,0,0,-0.0872833304923969,0.0736521705478443,2.67694697854614,-0.0741626963891459,2.19544816009493,2.17860969038425,-0.45,-0.44971083342313,0,-0.127696338339684,0,0
49.92,0,0,-0.0858206092497273,0.0726206949050379,2.67551904733718,-0.068655329782756,2.19324901357792,2.17710221031102,-0.45,-0.449719379586967,0,-0.125965333323926,0,0
49.94,0,0,-0.0843784720535424,0.0715938147888775,2.67419978171763,-0.0632955017732559,2.19114270117958,2.17569558417141,-0.45,-0.449727673173493,0,-0.124263376739401,0,0
49.96,0,0,-0.0829568240947147,0.0705718183238872,2.67298626925467,-0.0580793725471407,2.18912983645152,2.17438365564811,-0.45,-0.449735721647496,0,-0.122590057843667,0,0
49.98,0,0,-0.0815555649055484,0.0695549832520369,2.67187567451077,-0.0530030898396441,2.18721015872539,2.17315983329898,-0.45,-0.449743532253146,0,-0.120944967847395,0,0
50,0,0,-0.0801745885668111,0.0685435769967283,2.67086523885847,-0.0480628316845994,2.18538259642516,2.17201722311908,-0.45,-0.449751112020514,0,-0.119327700025471,0,0
50.02,0,0,-0.0788137839133597,0.067537856739512,2.66995227948198,-0.0432548449226412,2.18364533871179,2.17094875591833,-0.45,-0.449758467771904,0,-0.117737849823963,0,0
50.04,0,0,-0.0774730347381013,0.0665380695098849,2.66913418765351,-0.0385754791883087,2.18199591366252,2.16994730782313,-0.45,-0.449765606127987,0,-0.116175014963003,0,0
50.06,0,0,-0.0761522199940263,0.0655444522882816,2.6684084263766,-0.0340212161912383,2.18043127121566,2.16900581245088,-0.45,-0.449772533513767,0,-0.114638795535598,0,0
50.08,0,0,-0.0748512139940505,0.0645572321221515,2.66777252749184,-0.0295886941971401,2.17894786916717,2.16811736355316,-0.45,-0.449779256164357,0,-0.113128794102425,0,0
50.1,0,0,-0.0735698866084069,0.0635766262548094,2.66722408834101,-0.0252747276994626,2.17754176058482,2.16727530717139,-0.45,-0.449785780130598,0,-0.11164461578266,0,0
50.12,0,0,-0.0723081034593377,0.0626028422665596,2.66676076808547,-0.0210763223515654,2.17620868110575,2.16647332259307,-0.45,-0.449792111284498,0,-0.110185868340872,0,0
50.14,0,0,-0.0710657261128452,0.0616360782274314,2.66638028377208,-0.0169906853010146,2.17494413470162,2.16570549163511,-0.45,-0.449798255324524,0,-0.108752162270068,0,0
50.16,0,0,-0.0698426122672795,0.0606765228607176,2.66608040623681,-0.0130152311316542,2.17374347662726,2.16496635600796,-0.45,-0.449804217780727,0,-0.107343110870922,0,0
50.18,0,0,-0.0686386159385546,0.0597243557163877,2.66585895593126,-0.0091475836749213,2.17260199241255,2.16425096272894,-0.45,-0.449810004019718,0,-0.10595833032727,0,0
50.2,0,0,-0.0674535876418061,0.0587797473533508,2.6657137987517,-0.00538557399917023,2.17151497190837,2.16355489775185,-0.45,-0.449815619249505,0,-0.104597439777938,0,0
50.22,0,0,-0.0662873745693244,0.0578428595294659,2.66564284194378,-0.00172723492441502,2.1704777775533,2.16287430816065,-0.45,-0.449821068524173,0,-0.103260061384971,0,0
50.24,0,0,-0.0651398207646194,0.0569138453981466,2.66564403014842,0.0018292075600809,2.16948590618617,2.16220591343677,-0.45,-0.449826356748436,0,-0.101945820398344,0,0
50.26,0,0,-0.0640107672924973,0.0559928497103756,2.6657153416471,0.005285345576393,2.16853504388602,2.16154700644997,-0.45,-0.449831488682054,0,-0.100654345217228,0,0
50.28,0,0,-0.0629000524050534,0.0550800090209332,2.66585478485631,0.0086426029243603,2.16762111347536,2.16089544494262,-0.45,-0.449836468944113,0,-0.0993852674478958,0,0
50.3,0,0,-0.061807511703507,0.0541754518976549,2.66606039511266,0.0119022505159187,2.16674031446999,2.16024963437476,-0.45,-0.449841302017185,0,-0.0981382219583573,0,0
50.32,0,0,-0.0607329782958316,0.0532792991325565,2.66633023178192,0.0150654232611132,2.16588915539959,2.15960850307322,-0.45,-0.449845992251362,0,-0.0969128469297874,0,0
50.34,0,0,-0.059676282950153,0.0523916639537114,2.66666237571684,0.0181331379979576,2.16506447855392,2.15897147068333,-0.45,-0.449850543868172,0,-0.0957087839048525,0,0
50.36,0,0,-0.0586372542439107,0.0515126522368177,2.66705492708079,0.0211063120727671,2.16426347732956,2.15833841095538,-0.45,-0.449854960964376,0,-0.0945256778330085,0,0
50.38,0,0,-0.0576157187088001,0.0506423627154647,2.66750600354631,0.0239857821974035,2.16348370646072,2.15770960991317,-0.45,-0.449859247515659,0,-0.093363177112858,0,0
50.4,0,0,-0.0566115009715298,0.0497808871891844,2.66801373887066,0.0267723232343139,2.16272308551233,2.15708572044794,-0.45,-0.449863407380207,0,-0.0922209336316507,0,0
50.42,0,0,-0.0556244238904467,0.0489283107284625,2.66857628184365,0.0294666665885608,2.16197989609598,2.15646771436055,-0.45,-0.449867444302179,0,-0.0910986028020101,0,0
50.44,0,0,-0.054654308688098,0.0480847118759763,2.66919179559696,0.0320695179174715,2.16125277333714,2.15585683283898,-0.45,-0.449871361915076,0,-0.0899958435959684,0,0
50.46,0,0,-0.0537009750798111,0.0472501628434228,2.66985845725864,0.0345815739023263,2.16054069217625,2.15525453630883,-0.45,-0.449875163745015,0,-0.0889123185763899,0,0
50.48,0,0,-0.0527642413983857,0.0464247297034022,2.67057445793183,0.0370035378619261,2.15984294912703,2.15466245453342,-0.45,-0.4498788532139,0,-0.0878476939258625,0,0
50.5,0,0,-0.0518439247150016,0.0456084725759197,2.67133800297256,0.0393361340242168,2.15915914014232,2.1540823377696,-0.45,-0.449882433642501,0,-0.0868016394731327,0,0
50.52,0,0,-0.050939840956453,0.0448014458091697,2.67214731253838,0.0415801203087454,2.15848913525239,2.15351600970613,-0.45,-0.449885908253446,0,-0.0857738287171595,0,0
50.54,0,0,-0.0500518050188263,0.0440036981543604,2.6730006223767,0.0437362995089459,2.15783305064305,2.15296532282759,-0.45,-0.449889280174119,0,-0.0847639388488599,0,0
50.56,0,0,-0.0491796308777424,0.043215272934433,2.67389618482021,0.0458055287985463,2.15719121883216,2.15243211675707,-0.45,-0.449892552439476,0,-0.0837716507706147,0,0
50.58,0,0,-0.0483231316952866,0.0424362082066117,2.67483226995522,0.0477887275202344,2.15656415758417,2.15191818004072,-0.45,-0.449895727994777,0,-0.082796649113603,0,0
50.6,0,0,-0.047482119923748,0.041666536918808,2.67580716692853,0.0496868832466738,2.15595253817446,2.15142521574434,-0.45,-0.449898809698236,0,-0.0818386222530309,0,0
50.62,0,0,-0.0466564074062932,0.04090628705997,2.67681918535835,0.051501056133646,2.15535715357939,2.15095481114204,-0.45,-0.449901800323595,0,-0.0808972623213148,0,0
50.64,0,0,-0.0458458054746906,0.0401554818045418,2.67786665681562,0.0532323816121843,2.15477888712501,2.15050841168793,-0.45,-0.449904702562617,0,-0.0799722652192825,0,0
50.66,0,0,-0.0450501250442037,0.039414139651248,2.67894793634311,0.0548820714908217,2.15421868207962,2.1500872993766,-0.45,-0.449907519027514,0,-0.0790633306254474,0,0
50.68,0,0,-0.0442691767057629,0.038682274556476,2.68006140398142,0.0564514135603066,2.15367751262255,2.14969257551813,-0.45,-0.449910252253294,0,-0.0781701620034122,0,0
50.7,0,0,-0.0435027708155212,0.0379598960625636,2.68120546627297,0.0579417698112334,2.15315635656605,2.1493251478784,-0.45,-0.449912904700045,0,-0.0772924666074561,0,0
50.72,0,0,-0.0427507175818921,0.0372470094213381,2.68237855771763,0.0593545733899235,2.15265617014954,2.14898572206726,-0.45,-0.449915478755148,0,-0.0764299554863555,0,0
50.74,0,0,-0.0420128271501613,0.0365436157132714,2.68357914215582,0.0606913244295826,2.15217786516703,2.14867479699617,-0.45,-0.449917976735426,0,-0.075582343485489,0,0
50.76,0,0,-0.041288909684756,0.0358497119626374,2.68480571405831,0.0619535849022952,2.15172228863007,2.14839266417334,-0.45,-0.449920400889231,0,-0.0747493492472731,0,0
50.78,0,0,-0.0405787754492475,0.035165291249062,2.68605679970448,0.0631429726429025,2.15129020511156,2.14813941055849,-0.45,-0.449922753398464,0,-0.0739306952099762,0,0
50.8,0,0,-0.0398822348841559,0.0344903428158593,2.68733095823409,0.0642611546983803,2.15088228186032,2.14791492466217,-0.45,-0.449925036380542,0,-0.0731261076049532,0,0
50.82,0,0,-0.0391990986826166,0.0338248521755421,2.68862678256049,0.0653098401561745,2.15049907672379,2.14771890554476,-0.45,-0.449927251890303,0,-0.0723353164523472,0,0
50.84,0,0,-0.0385291778639625,0.0331688012128808,2.68994290013658,0.0662907726022686,2.1501410288672,2.1475508743484,-0.45,-0.449929401921856,0,-0.0715580555552972,0,0
50.86,0,0,-0.0378722838452654,0.0325221682858703,2.69127797356729,0.0672057223547875,2.14980845223191,2.14741018798162,-0.45,-0.449931488410373,0,-0.070794062492696,0,0
50.88,0,0,-0.0372282285108769,0.03188492832494,2.69263070106582,0.0680564786119411,2.14950153163538,2.14729605456945,-0.45,-0.449933513233837,0,-0.0700430786105363,0,0
50.9,0,0,-0.03659682428,0.031257052930719,2.69399981675292,0.0688448416443468,2.14922032137839,2.14720755028193,-0.45,-0.449935478214723,0,-0.0693048490118863,0,0
50.92,0,0,-0.0359778841723176,0.0306385104706357,2.69538409080158,0.0695726151515241,2.14896474619435,2.14714363716082,-0.45,-0.449937385121649,0,-0.068579122545533,0,0
50.94,0,0,-0.0353712218716976,0.0300292661746024,2.69678232943135,0.0702415988909019,2.14873460434937,2.14710318157635,-0.45,-0.449939235670958,0,-0.0678656517933327,0,0
50.96,0,0,-0.0347766517879932,0.0294292822300017,2.69819337475878,0.0708535816753086,2.14852957268056,2.14708497296364,-0.45,-0.44994103152827,0,-0.0671641930563058,0,0
50.98,0,0,-0.0341939891169475,0.0288385178761551,2.6996161045122,0.0714103348218889,2.14834921334437,2.14708774250966,-0.45,-0.449942774309977,0,-0.0664745063395148,0,0
51,0,0,-0.0336230498982135,0.0282569294984215,2.70104943162062,0.0719136061219863,2.14819298203584,2.14711018148832,-0.45,-0.449944465584702,0,-0.0657963553357636,0,0
51.02,0,0,-0.0330636510714943,0.0276844707220379,2.70249230368766,0.0723651143879828,2.1480602374331,2.14715095896871,-0.45,-0.449946106874704,0,-0.0651295074081546,0,0
51.04,0,0,-0.0325156105308091,0.0271210925057812,2.70394370236256,0.072766544619644,2.14795025162051,2.14720873865373,-0.45,-0.449947699657257,0,-0.0644737335715418,0,0
51.06,0,0,-0.0319787471768865,0.0265667432354958,2.70540264262101,0.0731195438193783,2.14786222124547,2.14728219463797,-0.45,-0.449949245365971,0,-0.0638288084729173,0,0
51.08,0,0,-0.031452880967689,0.0260213688175049,2.70686817196891,0.0734257174731921,2.14779527917119,2.14737002590832,-0.45,-0.44995074539209,0,-0.0631945103707691,0,0
51.1,0,0,-0.0309378329670706,0.0254849127718898,2.70833936958239,0.0736866267021628,2.14774850639683,2.14747096944402,-0.45,-0.449952201085737,0,-0.0625706211134466,0,0
51.12,0,0,-0.0304334253915698,0.0249573163256002,2.70981534539763,0.0739037860781128,2.14772094402958,2.14758381180728,-0.45,-0.449953613757135,0,-0.0619569261165718,0,0
51.14,0,0,-0.0299394816553432,0.024438518505331,2.7112952391634,0.0740786620869736,2.14771160510859,2.1477073991482,-0.45,-0.449954984677784,0,-0.0613532143395327,0,0
51.16,0,0,-0.0294558264132444,0.0239284562300853,2.71277821946924,0.0742126722141651,2.14771948609818,2.14784064557969,-0.45,-0.449956315081606,0,-0.060759278261098,0,0
51.18,0,0,-0.0289822856020556,0.0234270644033202,2.71426348276118,0.0743071846182672,2.14774357788687,2.14798253990831,-0.45,-0.449957606166052,0,-0.0601749138541868,0,0
51.2,0,0,-0.0285186864798813,0.0229342760045642,2.7157502523566,0.0743635183523673,2.14778287614934,2.14813215073476,-0.45,-0.449958859093187,0,-0.0595999205598336,0,0
51.22,0,0,-0.028064857663716,0.0224500221803774,2.71723777746852,0.0743829440867562,2.14783639094963,2.14828862996358,-0.45,-0.449960074990729,0,-0.0590341012603831,0,0
51.24,0,0,-0.0276206291652006,0.0219742323345239,2.71872533224895,0.0743666852821262,2.1479031554854,2.14845121478473,-0.45,-0.449961254953068,0,-0.0584772622519516,0,0
51.26,0,0,-0.027185832424584,0.0215068342172154,2.72021221485985,0.0743159197590731,2.14798223389492,2.1486192282102,-0.45,-0.449962400042249,0,-0.0579292132161918,0,0
51.28,0,0,-0.0267603003429107,0.021047754013286,2.72169774657882,0.0742317816074946,2.14807272806955,2.14879207826563,-0.45,-0.449963511288932,0,-0.0573897671913954,0,0
51.3,0,0,-0.0263438673124564,0.0205969164291581,2.72318127094605,0.0741153633783545,2.14817378343529,2.14896925595236,-0.45,-0.449964589693312,0,-0.0568587405429704,0,0
51.32,0,0,-0.0259363692454378,0.0201542447784617,2.72466215295732,0.0739677185001855,2.14828459368641,2.14915033210577,-0.45,-0.449965636226025,0,-0.0563359529333262,0,0
51.34,0,0,-0.0255376436010245,0.0197196610661748,2.72613977830722,0.0737898638635539,2.14840440447283,2.14933495328499,-0.45,-0.449966651829024,0,-0.055821227291202,0,0
51.36,0,0,-0.0251475294106837,0.0192930860711603,2.72761355268517,0.0735827825184249,2.14853251605981,2.14952283683444,-0.45,-0.449967637416417,0,-0.0553143897804716,0,0
51.38,0,0,-0.0247658673018916,0.0188744394269832,2.72908290112618,0.0733474264318483,2.14866828499404,2.14971376526056,-0.45,-0.449968593875302,0,-0.0548152697684572,0,0
51.4,0,0,-0.0243924995202462,0.0184636397009028,2.73054726741682,0.073084719256542,2.14881112482375,2.14990758006767,-0.45,-0.449969522066554,0,-0.0543236997937863,0,0
51.42,0,0,-0.0240272699500194,0.0180606044709467,2.73200611355646,0.0727955590646694,2.14896050593263,2.15010417519439,-0.45,-0.449970422825609,0,-0.0538395155338203,0,0
51.44,0,0,-0.0236700241331875,0.0176652504009842,2.73345891927232,0.0724808210052936,2.14911595455702,2.15030349018851,-0.45,-0.449971296963212,0,-0.0533625557716888,0,0
51.46,0,0,-0.0233206092869811,0.0172774933137315,2.73490518158667,0.0721413598485349,2.1492770510642,2.15050550325125,-0.45,-0.449972145266144,0,-0.0528926623629572,0,0
51.48,0,0,-0.0229788743199952,0.0168972482616357,2.73634441443357,0.071778012384263,2.14944342757562,2.15071022427471,-0.45,-0.449972968497935,0,-0.0524296802019586,0,0
51.5,0,0,-0.0226446698469041,0.0165244295955949,2.73777614832174,0.0713915996481156,2.14961476502347,2.15091768798652,-0.45,-0.449973767399551,0,-0.0519734571878164,0,0
51.52,0,0,-0.0223178482018237,0.0161589510314886,2.73919993004021,0.070982928952664,2.1497907897313,2.15112794730563,-0.45,-0.449974542690056,0,-0.0515238441901876,0,0
51.54,0,0,-0.0219982634503641,0.0158007257145051,2.74061532240234,0.0705527957065517,2.14997126961064,2.1513410670013,-0.45,-0.449975295067263,0,-0.051080695014751,0,0
51.56,0,0,-0.0216857714004194,0.0154496662812643,2.74202190402413,0.0701019850093368,2.15015601006448,2.15155711773606,-0.45,-0.449976025208364,0,-0.050643866368467,0,0
51.58,0,0,-0.0213802296117356,0.015105684919748,2.74341926913204,0.0696312730144974,2.15034484968674,2.15177617056019,-0.45,-0.449976733770534,0,-0.0502132178246348,0,0
51.6,0,0,-0.0210814974043023,0.0147686934270606,2.74480702739572,0.0691414280575481,2.15053765584318,2.15199829191328,-0.45,-0.449977421391528,0,-0.0497886117877692,0,0
51.62,0,0,-0.0207894358656107,0.0144386032650529,2.74618480378099,0.0686332115504091,2.15073432021459,2.1522235391754,-0.45,-0.44997808869025,0,-0.0493699134583214,0,0
51.64,0,0,-0.0205039078568194,0.0141153256138526,2.74755223841843,0.0681073786470244,2.15093475437782,2.15245195679866,-0.45,-0.449978736267314,0,-0.0489569907972656,0,0
51.66,0,0,-0.0202247780178712,0.0137987714233522,2.74890898648299,0.0675646786886974,2.15113888549359,2.1526835730373,-0.45,-0.449979364705584,0,-0.0485497144905724,0,0
51.68,0,0,-0.0199519127715991,0.0134888514627117,2.75025471808046,0.067005855440678,2.15134665216301,2.15291839728407,-0.45,-0.449979974570697,0,-0.048147957913591,0,0
51.7,0,0,-0.0196851803268624,0.0131854763679423,2.75158911813667,0.0664316471341777,2.15155800050742,2.15315641800926,-0.45,-0.449980566411571,0,-0.0477515970953578,0,0
51.72,0,0,-0.0194244506807487,0.0128885566876379,2.75291188628574,0.0658427863301894,2.15177288051806,2.15339760128971,-0.45,-0.449981140760904,0,-0.0473605106828529,0,0
51.74,0,0,-0.0191695956198806,0.0125980029269284,2.75422273675395,0.0652399996232519,2.15199124271438,2.15364188990605,-0.45,-0.44998169813565,0,-0.0469745799052206,0,0
51.76,0,0,-0.0189204887208589,0.012313725589729,2.7555213982363,0.0646240072046228,2.15221303514144,2.15388920297878,-0.45,-0.449982239037482,0,-0.046593688537973,0,0
51.78,0,0,-0.0186770053498787,0.012035635219363,2.75680761376298,0.0639955223052274,2.15243820072921,2.15413943610717,-0.45,-0.449982763953249,0,-0.0462177228671932,0,0
51.8,0,0,-0.0184390226615475,0.0117636424376337,2.75808114055383,0.0633552505392435,2.15266667502874,2.15439246196939,-0.45,-0.449983273355411,0,-0.0458465716537533,0,0
51.82,0,0,-0.0182064195969378,0.011497657982422,2.75934174985871,0.062703889169293,2.15289838433275,2.1546481313379,-0.45,-0.449983767702464,0,-0.0454801260975649,0,0
51.84,0,0,-0.0179790768809005,0.0112375927438843,2.76058922678267,0.0620421263139618,2.1531332441815,2.15490627446069,-0.45,-0.449984247439354,0,-0.0451182798018754,0,0
51.86,0,0,-0.0177568770186693,0.0109833577993237,2.76182337009478,0.0613706401178017,2.15337115824817,2.15516670275671,-0.45,-0.449984712997876,0,-0.0447609287376248,0,0
51.88,0,0,-0.017539704291779,0.0107348644468019,2.76304399202018,0.0606900979030983,2.1536120175922,2.15542921077259,-0.45,-0.449985164797064,0,-0.0444079712078785,0,0
51.9,0,0,-0.0173274447533247,0.0104920242375602,2.76425091801517,0.0600011553215745,2.15385570026392,2.15569357834748,-0.45,-0.449985603243569,0,-0.0440593078123468,0,0
51.92,0,0,-0.0171199862225831,0.0102547490073093,2.76544398652543,0.0593044555228609,2.15410207123926,2.15595957293338,-0.45,-0.449986028732021,0,-0.043714841412007,0,0
51.94,0,0,-0.0169172182790194,0.0100229509064452,2.76662304872789,0.0586006283550502,2.15435098265937,2.15622695201985,-0.45,-0.449986441645389,0,-0.0433744770938384,0,0
51.96,0,0,-0.0167190322556998,0.00979654242924588,2.76778796825713,0.0578902896109976,2.15460227434709,2.15649546561397,-0.45,-0.449986842355322,0,-0.0430381221356835,0,0
51.98,0,0,-0.0165253212321303,0.00957543644209363,2.76893862091714,0.0571740403322739,2.1548557745695,2.15676485872953,-0.45,-0.449987231222488,0,-0.0427056859712469,0,0
52,0,0,-0.0163359800265398,0.00935954621076764,2.77007489437997,0.0564524661808531,2.1551113010143,2.15703487384247,-0.45,-0.449987608596892,0,-0.0423770801552422,0,0
52.02,0,0,-0.0161509051876273,0.00914878542684377,2.77119668787241,0.0557261368867666,2.15536866194661,2.15730525327353,-0.45,-0.449987974818197,0,-0.0420522183286997,0,0
52.04,0,0,-0.0159699949857883,0.00894306823323455,2.77230391185256,0.0549956057781027,2.15562765751217,2.15757574146337,-0.45,-0.449988330216027,0,-0.0417310161844439,0,0
52.06,0,0,-0.0157931494038405,0.00874230924889722,2.7733964876778,0.0542614093979175,2.15588808115341,2.15784608710944,-0.45,-0.449988675110263,0,-0.0414133914327509,0,0
52.08,0,0,-0.0156202701272621,0.00854642359273367,2.77447434726598,0.0535240672108595,2.15614972110525,2.15811604513893,-0.45,-0.449989009811335,0,-0.0410992637671975,0,0
52.1,0,0,-0.0154512605339605,0.00835532690670115,2.77553743275172,0.0527840814006451,2.15641236193886,2.15838537849655,-0.45,-0.449989334620495,0,-0.0407885548307092,0,0
52.12,0,0,-0.0152860256835866,0.00816893537814942,2.77658569613947,0.0520419367579506,2.15667578612313,2.15865385973043,-0.45,-0.449989649830093,0,-0.0404811881818175,0,0
52.14,0,0,-0.01512447230641,0.00798716576139588,2.77761909895531,0.0512981006568456,2.1569397755757,2.15892127236431,-0.45,-0.449989955723841,0,-0.040177089261136,0,0
52.16,0,0,-0.0149665087917702,0.00780993539854732,2.77863761189908,0.0505530231165874,2.15720411317751,2.15918741204842,-0.45,-0.449990252577061,0,-0.0398761853580626,0,0
52.18,0,0,-0.0148120451761187,0.00763716223957404,2.7796412144986,0.0498071369444413,2.15746858422775,2.15945208748566,-0.45,-0.449990540656944,0,-0.0395784055777169,0,0
52.2,0,0,-0.0146609931306673,0.00746876486163998,2.78062989476744,0.0490608579541918,2.1577329778184,2.15971512113378,-0.45,-0.449990820222779,0,-0.0392836808081212,0,0
52.22,0,0,-0.014513265948657,0.00730466248769003,2.78160364886789,0.0483145852541731,2.15799708811081,2.15997634968776,-0.45,-0.449991091526195,0,-0.0389919436876315,0,0
52.24,0,0,-0.0143687785322628,0.00714477500429497,2.78256248078021,0.0475687015979744,2.15826071549947,2.16023562434991,-0.45,-0.449991354811383,0,-0.0387031285726276,0,0
52.26,0,0,-0.0142274473791489,0.00698902297875262,2.78350640197953,0.0468235737904611,2.15852366765124,2.16049281089832,-0.45,-0.449991610315318,0,-0.0384171715054683,0,0
52.28,0,0,-0.0140891905686894,0.00683732767544374,2.78443543112135,0.0460795531414006,2.15878576041125,2.1607477895665,-0.45,-0.449991858267971,0,-0.0381340101827188,0,0
52.3,0,0,-0.0139539277478692,0.00668961107144044,2.78534959373649,0.04533697595878,2.15904681856938,2.16100045474945,-0.45,-0.449992098892516,0,-0.0378535839236567,0,0
52.32,0,0,-0.0138215801168804,0.00654579587136523,2.78624892193625,0.0445961640738417,2.1593066764843,2.16125071455297,-0.45,-0.44999233240553,0,-0.037575833639064,0,0
52.34,0,0,-0.013692070414429,0.00640580552149903,2.78713345412836,0.0438574253899428,2.15956517856418,2.16149849020439,-0.45,-0.449992559017192,0,-0.0373007018003085,0,0
52.36,0,0,-0.0135653229027667,0.00626956422313704,2.78800323474405,0.0431210544475388,2.15982217960612,2.16174371534377,-0.45,-0.449992778931467,0,-0.0370281324087237,0,0
52.38,0,0,-0.0134412633524638,0.0061369969451926,2.7888583139765,0.0423873329979035,2.16007754499813,2.16198633521518,-0.45,-0.449992992346294,0,-0.0367580709652891,0,0
52.4,0,0,-0.0133198190269365,0.00600802943604984,2.7896987475308,0.0416565305785996,2.16033115078957,2.16222630577784,-0.45,-0.449993199453759,0,-0.0364904644406184,0,0
52.42,0,0,-0.0132009186667456,0.00588258823466761,2.79052459638545,0.0409289050842049,2.16058288363786,2.16246359275667,-0.45,-0.449993400440273,0,-0.036225261245259,0,0
52.44,0,0,-0.0130844924736798,0.00576060068093825,2.79133592656508,0.0402047033263538,2.16083264064045,2.16269817065143,-0.45,-0.449993595486738,0,-0.0359624112003084,0,0
52.46,0,0,-0.0129704720946402,0.0056419949253067,2.79213280892428,0.0394841615777655,2.16108032906237,2.16293002172269,-0.45,-0.449993784768709,0,-0.03570186550835,0,0
52.48,0,0,-0.0128587906053385,0.00552669993765669,2.79291531894206,0.03876750609558,2.16132586597079,2.16315913497214,-0.45,-0.449993968456553,0,-0.0354435767247137,0,0
52.5,0,0,-0.012749382493826,0.00541464551547249,2.79368353652663,0.038054953620003,2.16156917778828,2.16338550513327,-0.45,-0.4499941467156,0,-0.0351874987290645,0,0
52.52,0,0,-0.0126421836438655,0.00530576229128648,2.79443754582977,0.0373467118449468,2.16181019977739,2.16360913168716,-0.45,-0.449994319706296,0,-0.0349335866973211,0,0
52.54,0,0,-0.0125371313181618,0.00519998173942426,2.79517743507035,0.0366429798580525,2.16204887546901,2.16383001791677,-0.45,-0.449994487584345,0,-0.0346817970739096,0,0
52.56,0,0,-0.0124341641414644,0.0050972361820604,2.79590329636638,0.0359439485481527,2.16228515604711,2.1640481700111,-0.45,-0.449994650500847,0,-0.0344320875443532,0,0
52.58,0,0,-0.0123332220835554,0.00499745879459981,2.7966152255748,0.0352498009789007,2.16251899970221,2.16426359622939,-0.45,-0.449994808602439,0,-0.0341844170082016,0,0
52.6,0,0,-0.0122342464421365,0.00490058361040071,2.7973133221384,0.0345607127279194,2.16275037096542,2.16447630613338,-0.45,-0.449994962031423,0,-0.0339387455523007,0,0
52.62,0,0,-0.0121371798256282,0.00480654552485643,2.79799768893926,0.0338768521914152,2.16297924003457,2.16468630989414,-0.45,-0.449995110925895,0,-0.0336950344244067,0,0
52.64,0,0,-0.0120419661358936,0.00471528029885465,2.79866843215783,0.0331983808547533,2.16320558210291,2.16489361767831,-0.45,-0.449995255419871,0,-0.0334532460071442,0,0
52.66,0,0,-0.0119485505508986,0.00462672456163319,2.79932566113718,0.0325254535299831,2.16342937670018,2.16509823911664,-0.45,-0.449995395643404,0,-0.0332133437923102,0,0
52.68,0,0,-0.0118568795073215,0.00454081581305278,2.79996948825161,0.031858218561748,2.16365060705505,2.16530018285671,-0.45,-0.449995531722706,0,-0.0329752923555265,0,0
52.7,0,0,-0.0117669006831225,0.00445749242530737,2.80060002877916,0.0311968180033991,2.16386925948657,2.16549945619949,-0.45,-0.449995663780257,0,-0.0327390573312396,0,0
52.72,0,0,-0.0116785629800845,0.00437669364409332,2.80121740077726,0.0305413877654534,2.16408532283159,2.16569606481856,-0.45,-0.449995791934917,0,-0.032504605388069,0,0
52.74,0,0,-0.0115918165063353,0.00429835958925909,2.80182172496117,0.0298920577388054,2.16429878791368,2.16589001255967,-0.45,-0.449995916302034,0,-0.0322719042045063,0,0
52.76,0,0,-0.0115066125588629,0.00422243125495699,2.80241312458464,0.0292489518953033,2.1645096470583,2.16608130131639,-0.45,-0.449996036993548,0,-0.0320409224449627,0,0
52.78,0,0,-0.0114229036060313,0.00414885050931891,2.80299172532232,0.028612188368446,2.16471789365759,2.16626993097779,-0.45,-0.449996154118088,0,-0.0318116297361667,0,0
52.8,0,0,-0.0113406432701083,0.00407756009367739,2.80355765515374,0.0279818795170453,2.16492352178719,2.16645589944223,-0.45,-0.449996267781075,0,-0.0315839966439116,0,0
52.82,0,0,-0.0112597863098127,0.00400850362135355,2.80411104424823,0.0273581319747335,2.16512652587659,2.1666392026915,-0.45,-0.449996378084814,0,-0.0313579946501514,0,0
52.84,0,0,-0.0111802886028904,0.00394162557603256,2.80465202485092,0.0267410466881789,2.16532690043335,2.1668198349183,-0.45,-0.449996485128584,0,-0.0311335961304467,0,0
52.86,0,0,-0.0111021071287263,0.00387687130974716,2.8051807311692,0.0261307189468097,2.16552463982064,2.1669977887004,-0.45,-0.449996589008732,0,-0.0309107743317579,0,0
52.88,0,0,-0.0110251999510007,0.00381418704048903,2.80569729925992,0.025527238406743,2.16571973808696,2.167173055214,-0.45,-0.449996689818759,0,-0.0306895033505857,0,0
52.9,0,0,-0.0109495262003972,0.00375351984946705,2.80620186691688,0.0249306891114748,2.16591218884583,2.16734562447912,-0.45,-0.449996787649398,0,-0.0304697581114584,0,0
52.92,0,0,-0.0108750460573684,0.00369481767803073,2.80669457355878,0.0243411495117143,2.16610198520275,2.16751548562973,-0.45,-0.449996882588706,0,-0.0302515143457644,0,0
52.94,0,0,-0.0108017207349664,0.00363802932427648,2.8071755601176,0.0237586924865458,2.16628911972624,2.16768262720146,-0.45,-0.449996974722133,0,-0.0300347485709284,0,0
52.96,0,0,-0.0107295124617446,0.00358310443935324,2.80764496892736,0.023183385367884,2.16647358445915,2.16784703743007,-0.45,-0.449997064132605,0,-0.0298194380699306,0,0
52.98,0,0,-0.0106583844647358,0.0035299935234833,2.80810294361351,0.0226152899699491,2.16665537096613,2.16800870455422,-0.45,-0.449997150900599,0,-0.0296055608711672,0,0
53,0,0,-0.0105883009525127,0.00347864792171323,2.80854962898288,0.0220544626252446,2.16683447041294,2.16816761711641,-0.45,-0.449997235104211,0,-0.0293930957286499,0,0
53.02,0,0,-0.0105192270983363,0.00342901981940887,2.80898517091451,0.0215009542282669,2.16701087367301,2.16832376425663,-0.45,-0.449997316819231,0,-0.0291820221025443,0,0
53.04,0,0,-0.0104511290233965,0.00338106223750746,2.80940971625137,0.020954810287921,2.16718457145662,2.16847713599363,-0.45,-0.449997396119206,0,-0.0289723201400435,0,0
53.06,0,0,-0.0103839737801498,0.00333472902753921,2.80982341269325,0.0204160709893688,2.16735555445802,2.16862772348946,-0.45,-0.449997473075513,0,-0.0287639706565766,0,0
53.08,0,0,-0.0103177293357596,0.00328997486642961,2.810226408691,0.0198847712657898,2.16752381351593,2.16877551929348,-0.45,-0.449997547757418,0,-0.0285569551173488,0,0
53.1,0,0,-0.0102523645556415,0.00324675525109314,2.81061885334231,0.0193609408803025,2.16768933978302,2.16892051756269,-0.45,-0.449997620232138,0,-0.0283512556192122,0,0
53.12,0,0,-0.0101878491871196,0.00320502649282825,2.81100089628916,0.0188446045180756,2.16785212490006,2.1690627142559,-0.45,-0.449997690564907,0,-0.0281468548728646,0,0
53.14,0,0,-0.0101241538431962,0.00316474571152257,2.81137268761732,0.0183357818884523,2.16801216117078,2.16920210729983,-0.45,-0.449997758819029,0,-0.0279437361853732,0,0
53.16,0,0,-0.0100612499864398,0.00312587082967707,2.81173437775789,0.017834487836729,2.16816944173386,2.16933869672598,-0.45,-0.449997825055936,0,-0.0277418834430231,0,0
53.18,0,0,-0.00999910991299369,0.00308836056625687,2.81208611739125,0.0173407324650619,2.1683239607285,2.16947248477741,-0.45,-0.449997889335247,0,-0.0275412810944856,0,0
53.2,0,0,-0.00993770673670977,0.00305217443037612,2.81242805735347,0.0168545212618322,2.16847571345085,2.16960347598556,-0.45,-0.449997951714817,0,-0.0273419141343056,0,0
53.22,0,0,-0.00987701437340999,0.00301727271482386,2.81276034854538,0.0163758552386777,2.16862469649851,2.16973167721739,-0.45,-0.449998012250793,0,-0.0271437680867052,0,0
53.24,0,0,-0.00981700752527886,0.00298361648943729,2.81308314184445,0.0159047310743005,2.16877090790112,2.16985709769365,-0.45,-0.449998070997659,0,-0.0269468289897006,0,0
53.26,0,0,-0.00975766166539,0.00295116759432859,2.81339658801966,0.0154411412640808,2.16891434723507,2.16997974897975,-0.45,-0.449998128008294,0,-0.0267510833795297,0,0
53.28,0,0,-0.00969895302236952,0.00291988863297116,2.81370083764934,0.0149850742744732,2.16905501572117,2.17009964495075,-0.45,-0.44999818333401,0,-0.0265565182753881,0,0
53.3,0,0,-0.00964085856519909,0.00288974296515081,2.81399604104218,0.0145365147011265,2.16919291630411,2.17021680173255,-0.45,-0.449998237024603,0,-0.0263631211644698,0,0
53.32,0,0,-0.00958335598816127,0.00286069469978736,2.81428234816141,0.014095443429654,2.16932805371339,2.17033123762133,-0.45,-0.4499982891284,0,-0.0261708799873114,0,0
53.34,0,0,-0.00952642369592961,0.00283270868763192,2.81455990855223,0.0136618377979854,2.1694604345052,2.17044297298393,-0.45,-0.449998339692297,0,-0.0259797831234351,0,0
53.36,0,0,-0.00947004078880612,0.002805750513845,2.81482887127246,0.0132356717592556,2.16959006708564,2.17055203014152,-0.45,-0.449998388761805,0,-0.0257898193772892,0,0
53.38,0,0,-0.00941418704810816,0.0027797864904607,2.8150893848265,0.0128169160442186,2.1697169617156,2.17065843323931,-0.45,-0.44999843638109,0,-0.0256009779644811,0,0
53.4,0,0,-0.00935884292170734,0.00275478364874188,2.8153415971025,0.0124055383222332,2.16984113049792,2.17076220810499,-0.45,-0.449998482593012,0,-0.0254132484983025,0,0
53.42,0,0,-0.00930398950972219,0.00273070973143167,2.81558565531269,0.0120015033599231,2.16996258734807,2.17086338209864,-0.45,-0.449998527439166,0,-0.0252266209765417,0,0
53.44,0,0,-0.00924960855036688,0.00270753318490628,2.81582170593691,0.0116047731766949,2.17008134794919,2.17096198395662,-0.45,-0.449998570959915,0,-0.02504108576858,0,0
53.46,0,0,-0.00919568240595785,0.00268522315123448,2.81604989466918,0.0112153071963728,2.17019742969314,2.17105804363214,-0.45,-0.449998613194432,0,-0.0248566336027703,0,0
53.48,0,0,-0.00914219404908005,0.00266374946014887,2.81627036636727,0.0108330623943026,2.1703108516088,2.17115159213488,-0.45,-0.449998654180731,0,-0.0246732555540934,0,0
53.5,0,0,-0.00908912704891468,0.0026430826209344,2.81648326500517,0.0104579934393643,2.1704216342795,2.17124266137183,-0.45,-0.449998693955701,0,-0.02449094303209,0,0
53.52,0,0,-0.0090364655577299,0.00262319381423953,2.81668873362832,0.0100900528304322,2.17052979975095,2.17133128399162,-0.45,-0.449998732555143,0,-0.0243096877690639,0,0
53.54,0,0,-0.00898419429753604,0.00260405488381549,2.81688691431153,0.00972919102691233,2.17063537143165,2.17141749323404,-0.45,-0.449998770013799,0,-0.0241294818085537,0,0
53.56,0,0,-0.00893229854690673,0.00258563832818927,2.81707794811943,0.00937535657308511,2.17073837398731,2.17150132278656,-0.45,-0.449998806365385,0,-0.0239503174940709,0,0
53.58,0,0,-0.00888076412796714,0.00256791729227594,2.8172619750694,0.00902849621606959,2.1708388332311,2.17158280664916,-0.45,-0.449998841642619,0,-0.0237721874580979,0,0
53.6,0,0,-0.00882957739355059,0.00255086555893602,2.8174391340967,0.00868855501731735,2.1709367760113,2.17166197900875,-0.45,-0.449998875877253,0,-0.0235950846113467,0,0
53.62,0,0,-0.00877872521452445,0.00253445754048367,2.81760956302187,0.00835547645762468,2.17103223009797,2.1717388741241,-0.45,-0.449998909100101,0,-0.023419002132271,0,0
53.64,0,0,-0.00872819496728635,0.00251866827015131,2.81777339852005,0.00802920253573087,2.17112522407011,2.17181352622204,-0.45,-0.449998941341065,0,-0.0232439334568312,0,0
53.66,0,0,-0.00867797452143155,0.00250347339351663,2.81793077609235,0.00770967386064038,2.17121578720472,2.17188596940533,-0.45,-0.449998972629165,0,-0.0230698722685076,0,0
53.68,0,0,-0.00862805222759193,0.00248884915989768,2.81808183003886,0.00739682973787073,2.17130394936891,2.1719562375727,-0.45,-0.449999002992561,0,-0.0228968124885578,0,0
53.7,0,0,-0.00857841690544757,0.0024747724137217,2.81822669343343,0.00709060824988309,2.17138974091635,2.17202436435073,-0.45,-0.449999032458584,0,-0.0227247482665166,0,0
53.72,0,0,-0.00852905783191095,0.00246122058587348,2.81836549809994,0.00679094633100009,2.17147319258883,2.17209038303793,-0.45,-0.449999061053754,0,-0.0225536739709333,0,0
53.74,0,0,-0.00847996472948452,0.00244817168502877,2.81849837459008,0.0064977798371552,2.17155433542393,2.17215432656026,-0.45,-0.449999088803809,0,-0.0223835841803437,0,0
53.76,0,0,-0.0084311277547916,0.00243560428897842,2.81862545216242,0.00621104361084781,2.17163320066936,2.17221622743796,-0.45,-0.449999115733726,0,-0.0222144736744737,0,0
53.78,0,0,-0.00838253748728086,0.00242349753594841,2.81874685876274,0.0059306715417021,2.17170981970452,2.17227611776287,-0.45,-0.449999141867744,0,-0.0220463374256693,0,0
53.8,0,0,-0.00833418491810443,0.00241183111592138,2.81886272100558,0.00565659662304129,2.17178422396969,2.17233402918567,-0.45,-0.449999167229385,0,-0.0218791705905526,0,0
53.82,0,0,-0.00828606143916951,0.00240058526196457,2.81897316415679,0.0053887510048971,2.171856444903,2.17238999291208,-0.45,-0.449999191841476,0,-0.0217129685018965,0,0
53.84,0,0,-0.00823815883236327,0.0023897407415693,2.81907831211725,0.00512706604387373,2.1719265138854,2.17244403970722,-0.45,-0.44999921572617,0,-0.0215477266607186,0,0
53.86,0,0,-0.00819046925895089,0.00237927884800677,2.8191782874074,0.00487147235027949,2.17199446219343,2.17249619990714,-0.45,-0.449999238904964,0,-0.0213834407285872,0,0
53.88,0,0,-0.00814298524914618,0.00236918139170485,2.81927321115281,0.00462189983292636,2.17206032095978,2.17254650343656,-0.45,-0.449999261398722,0,-0.0212201065201386,0,0
53.9,0,0,-0.00809569969185453,0.00235943069165038,2.81936320307058,0.00437827774198061,2.17212412114129,2.17259497983172,-0.45,-0.449999283227688,0,-0.0210577199958011,0,0
53.92,0,0,-0.0080486058245874,0.00235000956682109,2.81944838145655,0.00414053471022497,2.17218589349414,2.17264165826741,-0.45,-0.449999304411511,0,-0.0208962772547219,0,0
53.94,0,0,-0.00800169722354796,0.00234090132765139,2.81952886317339,0.00390859879306626,2.17224566855563,2.1726865675872,-0.45,-0.449999324969258,0,-0.0207357745278949,0,0
53.96,0,0,-0.00795496779388695,0.00233208976753575,2.81960476363944,0.00368239750759352,2.17230347663223,2.1727297363358,-0.45,-0.449999344919431,0,-0.0205762081714842,0,0
53.98,0,0,-0.00790841176012812,0.00232355915437334,2.81967619681829,0.00346185787095973,2.17235934779324,2.1727711927928,-0.45,-0.449999364279988,0,-0.0204175746603415,0,0
54,0,0,-0.00786202365676232,0.00231529422215744,2.81974327520922,0.0032469064383265,2.17241331186944,2.17281096500675,-0.45,-0.449999383068353,0,-0.0202598705817127,0,0
54.02,0,0,-0.00781579831900933,0.00230728016261271,2.81980610983828,0.00303746934057644,2.17246539845622,2.17284908082883,-0.45,-0.449999401301439,0,-0.0201030926291315,0,0
54.04,0,0,-0.00776973087374642,0.00229950261688349,2.81986481025024,0.00283347232196333,2.1725156369204,2.17288556794558,-0.45,-0.449999418995655,0,-0.0199472375964953,0,0
54.06,0,0,-0.00772381673060265,0.00229194766727575,2.81991948450117,0.0026348407778352,2.17256405641022,2.17292045390972,-0.45,-0.449999436166929,0,-0.0197923023723221,0,0
54.08,0,0,-0.00767805157321774,0.00228460182905558,2.81997023915191,0.00244149979253125,2.17261068586775,2.17295376616874,-0.45,-0.449999452830714,0,-0.0196382839341827,0,0
54.1,0,0,-0.00763243135066439,0.00227745204230634,2.82001717926215,0.00225337417752099,2.17265555404317,2.17298553209077,-0.45,-0.44999946900201,0,-0.0194851793433063,0,0
54.12,0,0,-0.00758695226903284,0.002270485663847,2.82006040838544,0.00207038850982347,2.17269868951033,2.1730157789872,-0.45,-0.449999484695372,0,-0.0193329857393571,0,0
54.14,0,0,-0.00754161078317652,0.00226369045921356,2.82010002856483,0.00189246717071424,2.1727401206829,2.17304453413193,-0.45,-0.449999499924926,0,-0.0191817003353758,0,0
54.16,0,0,-0.00749640358861725,0.00225705459470548,2.82013614032937,0.00171953438470277,2.17277987583074,2.17307182477695,-0.45,-0.449999514704378,0,-0.0190313204128862,0,0
54.18,0,0,-0.00745132761360905,0.00225056662949909,2.82016884269134,0.001551514258738,2.1728179830959,2.17309767816412,-0.45,-0.449999529047031,0,-0.0188818433171612,0,0
54.2,0,0,-0.00740638001135881,0.0022442155078292,2.82019823314434,0.00138833082157931,2.17285447050787,2.17312212153311,-0.45,-0.449999542965794,0,-0.0187332664526463,0,0
54.22,0,0,-0.00736155815240282,0.00223799055124087,2.82022440766207,0.00122990806325195,2.17288936599765,2.17314518212558,-0.45,-0.449999556473196,0,-0.0185855872785369,0,0
54.24,0,0,-0.00731685961713735,0.00223188145091224,2.82024746069799,0.00107616997449094,2.17292269741034,2.17316688718562,-0.45,-0.449999569581394,0,-0.0184388033045068,0,0
54.26,0,0,-0.00727228218850225,0.00222587826005005,2.82026748518569,0.000927040586066039,2.17295449251605,2.17318726395659,-0.45,-0.449999582302186,0,-0.0182929120865844,0,0
54.28,0,0,-0.00722782384481574,0.00221997138635872,2.82028457254011,0.000782444007870774,2.17298477901875,2.17320633967468,-0.45,-0.449999594647022,0,-0.0181479112231736,0,0
54.3,0,0,-0.0071834827527592,0.00221415158458421,2.82029881265951,0.000642304467653134,2.17301358456306,2.17322414155929,-0.45,-0.449999606627013,0,-0.018003798351217,0,0
54.32,0,0,-0.00713925726051022,0.00220840994913359,2.8203102939282,0.00050654634926231,2.1730409367388,2.17324069680062,-0.45,-0.449999618252942,0,-0.0178605711424969,0,0
54.34,0,0,-0.00709514589102257,0.0022027379067711,2.82031910322003,0.000375094230285075,2.17306686308328,2.17325603254474,-0.45,-0.449999629535272,0,-0.0177182273000734,0,0
54.36,0,0,-0.00705114733545146,0.00219712720939174,2.82032532590266,0.000247872918947954,2.17309139108122,2.17327017587651,-0.45,-0.44999964048416,0,-0.0175767645548548,0,0
54.38,0,0,-0.00700726044672252,0.00219156992687292,2.82032904584251,0.000124807490164908,2.17311454816254,2.17328315380068,-0.45,-0.449999651109458,0,-0.0174361806622979,0,0
54.4,0,0,-0.00696348423324298,0.00218605844000509,2.82033034541048,5.82332061699684e-06,2.17313636169791,2.17329499322156,-0.45,-0.449999661420732,0,-0.0172964733992356,0,0
54.42,0,0,-0.00691981785275347,0.00218058543350186,2.82032930548829,-0.000109153877241913,2.1731568589922,2.17330572092154,-0.45,-0.449999671427262,0,-0.0171576405608295,0,0
54.44,0,0,-0.00687626060631874,0.00217514388909028,2.82032600547553,-0.000220198022349705,2.17317606727614,2.17331536353903,-0.45,-0.449999681138054,0,-0.0170196799576431,0,0
54.46,0,0,-0.00683281193245584,0.00216972707868191,2.82032052329739,-0.000327382633456577,2.17319401369611,2.17332394754582,-0.45,-0.449999690561848,0,-0.0168825894128344,0,0
54.48,0,0,-0.00678947140139806,0.00216432855762515,2.82031293541292,-0.000430780798875962,2.17321072530246,2.1733314992246,-0.45,-0.449999699707128,0,-0.0167463667594644,0,0
54.5,0,0,-0.00674623870949296,0.00215894215803937,2.82030331682395,-0.000530465147627644,2.17322622903644,2.17333804464659,-0.45,-0.449999708582123,0,-0.0166110098379193,0,0
54.52,0,0,-0.00670311367373293,0.00215356198223137,2.82029174108456,-0.000626507822022349,2.17324055171606,2.17334360964986,-0.45,-0.449999717194823,0,-0.0164765164934426,0,0
54.54,0,0,-0.0066600962264166,0.00214818239619454,2.82027828031107,-0.000718980451724508,2.17325372002099,2.17334821981834,-0.45,-0.449999725552979,0,-0.0163428845737763,0,0
54.56,0,0,-0.00661718640993942,0.00214279802319123,2.82026300519254,-0.000807954129316839,2.17326576047687,2.17335190046199,-0.45,-0.449999733664114,0,-0.0162101119269068,0,0
54.58,0,0,-0.00657438437171175,0.00213740373741865,2.82024598500171,-0.000893499387377982,2.17327669943909,2.17335467659818,-0.45,-0.449999741535529,0,-0.016078196398914,0,0
54.6,0,0,-0.00653169035920281,0.0021319946577588,2.8202272876065,-0.000975686177072364,2.17328656307642,2.17335657293448,-0.45,-0.449999749174309,0,-0.0159471358319211,0,0
54.62,0,0,-0.00648910471510879,0.00212656614161257,2.82020697948175,-0.00105458384824013,2.17329537735464,2.17335761385305,-0.45,-0.449999756587328,0,-0.0158169280621414,0,0
54.64,0,0,-0.00644662787264342,0.00212111377881864,2.82018512572148,-0.00113026113096411,2.17330316802033,2.1733578233967,-0.45,-0.44999976378126,0,-0.0156875709180215,0,0
54.66,0,0,-0.00640426035094932,0.00211563338565707,2.82016179005145,-0.00120278611858114,2.17330996058508,2.1733572252566,-0.45,-0.449999770762579,0,-0.015559062218477,0,0
54.68,0,0,-0.00636200275062841,0.00211012099893827,2.82013703484206,-0.0012722262520963,2.17331578031025,2.1733558427619,-0.45,-0.449999777537568,0,-0.0154313997712185,0,0
54.7,0,0,-0.00631985574938975,0.0021045728701772,2.82011092112153,-0.00133864830595065,2.17332065219243,2.17335369887108,-0.45,-0.449999784112327,0,-0.0153045813711663,0,0
54.72,0,0,-0.00627782009781293,0.00209898545985331,2.82008350858934,-0.00140211837508658,2.17332460094978,2.1733508161651,-0.45,-0.449999790492772,0,-0.0151786047989511,0,0
54.74,0,0,-0.00623589661522551,0.00209335543175611,2.82005485563001,-0.00146270186324947,2.17332765100932,2.17334721684224,-0.45,-0.449999796684646,0,-0.0150534678194976,0,0
54.76,0,0,-0.00619408618569263,0.00208767964741672,2.82002501932695,-0.00152046347245955,2.17332982649525,2.17334292271469,-0.45,-0.449999802693523,0,-0.0149291681806899,0,0
54.78,0,0,-0.00615238975411716,0.00208195516062535,2.81999405547663,-0.00157546719358518,2.17333115121843,2.17333795520675,-0.45,-0.44999980852481,0,-0.0148057036121163,0,0
54.8,0,0,-0.00611080832244861,0.00207617921203483,2.81996201860291,-0.00162777629794622,2.17333164866704,2.17333233535444,-0.45,-0.449999814183757,0,-0.0146830718238899,0,0
54.82,0,0,-0.00606934294599913,0.00207034922385013,2.81992896197146,-0.00167745332987517,2.17333134199845,2.17332608380659,-0.45,-0.449999819675457,0,-0.0145612705055455,0,0
54.84,0,0,-0.00602799472986487,0.00206446279460397,2.81989493760439,-0.00172456010016378,2.1733302540323,2.17331922082714,-0.45,-0.449999825004853,0,-0.0144402973250078,0,0
54.86,0,0,-0.00598676482545094,0.00205851769401828,2.81985999629498,-0.0017691576803235,2.17332840724485,2.17331176629861,-0.45,-0.449999830176741,0,-0.0143201499276309,0,0
54.88,0,0,-0.00594565442709826,0.00205251185795151,2.81982418762251,-0.00181130639759016,2.17332582376448,2.17330373972652,-0.45,-0.449999835195777,0,-0.0142008259353057,0,0
54.9,0,0,-0.00590466476881074,0.0020464433834316,2.81978755996722,-0.00185106583060511,2.17332252536839,2.17329516024472,-0.45,-0.449999840066478,0,-0.0140823229456343,0,0
54.92,0,0,-0.00586379712108074,0.00204031052377446,2.81975016052525,-0.00188849480570896,2.17331853348043,2.17328604662128,-0.45,-0.449999844793227,0,-0.0139646385311689,0,0
54.94,0,0,-0.00582305278781148,0.00203411168378755,2.81971203532381,-0.001923651393787,2.17331386916995,2.17327641726519,-0.45,-0.449999849380281,0,-0.0138477702387124,0,0
54.96,0,0,-0.00578243310333444,0.00202784541505849,2.81967322923624,-0.00195659290761011,2.17330855315167,2.17326629023324,-0.45,-0.449999853831766,0,-0.0137317155886806,0,0
54.98,0,0,-0.00574193942952019,0.00202151041132824,2.81963378599723,-0.00198737589961896,2.17330260578645,2.17325568323733,-0.45,-0.44999985815169,0,-0.0136164720745225,0,0
55,0,0,-0.00570157315298085,0.00201510550394847,2.81959374821805,-0.00201605616010464,2.1732960470829,2.17324461365193,-0.45,-0.449999862343941,0,-0.0135020371621976,0,0
55.02,0,0,-0.00566133568236264,0.00200862965742283,2.81955315740177,-0.00204268871574325,2.17328889669965,2.17323309852155,-0.45,-0.449999866412293,0,-0.0133884082897086,0,0
55.04,0,0,-0.00562122844572672,0.00200208196503145,2.81951205395861,-0.00206732782844745,2.17328117394842,2.1732211545682,-0.45,-0.449999870360406,0,-0.0132755828666867,0,0
55.06,0,0,-0.00558125288801671,0.00199546164453848,2.81947047722118,-0.00209002699450295,2.17327289779743,2.17320879819868,-0.45,-0.449999874191835,0,-0.0131635582740287,0,0
55.08,0,0,-0.00554141046861127,0.00198876803398181,2.81942846545985,-0.00211083894396248,2.17326408687545,2.17319604551163,-0.45,-0.449999877910028,0,-0.0130523318635846,0,0
55.1,0,0,-0.00550170265896004,0.00198200058754473,2.81938605589802,-0.00212981564027517,2.17325475947615,2.17318291230429,-0.45,-0.449999881518332,0,-0.012941900957892,0,0
55.12,0,0,-0.00546213094030132,0.00197515887150865,2.81934328472752,-0.00214700828013333,2.17324493356265,2.1731694140789,-0.45,-0.449999885019995,0,-0.0128322628499578,0,0
55.14,0,0,-0.00542269680145992,0.00196824256028645,2.8193001871239,-0.00216246729352337,2.17323462677242,2.17315556604864,-0.45,-0.449999888418167,0,-0.0127234148030848,0,0
55.16,0,0,-0.00538340173672357,0.00196125143253578,2.81925679726177,-0.00217624234397116,2.17322385642216,2.17314138314318,-0.45,-0.449999891715909,0,-0.0126153540507411,0,0
55.18,0,0,-0.00534424724379614,0.00195418536735149,2.81921314833015,-0.00218838232897625,2.17321263951279,2.17312688001374,-0.45,-0.449999894916187,0,-0.0125080777964718,0,0
55.2,0,0,-0.00530523482182642,0.00194704434053663,2.81916927254775,-0.00219893538063198,2.17320099273439,2.17311207103759,-0.45,-0.449999898021883,0,-0.0124015832138499,0,0
55.22,0,0,-0.00526636596951052,0.00193982842095127,2.81912520117827,-0.00220794886643219,2.1731889324711,2.1730969703222,-0.45,-0.449999901035792,0,-0.0122958674464669,0,0
55.24,0,0,-0.00522764218326662,0.00193253776693831,2.81908096454574,-0.00221546939026675,2.17317647480584,2.17308159170876,-0.45,-0.449999903960627,0,-0.0121909276079605,0,0
55.26,0,0,-0.00518906495548046,0.00192517262282552,2.81903659204971,-0.00222154279361096,2.17316363552489,2.17306594877534,-0.45,-0.449999906799019,0,-0.0120867607820772,0,0
55.28,0,0,-0.00515063577281994,0.00191773331550316,2.81899211218051,-0.0022262141569148,2.17315043012225,2.17305005483952,-0.45,-0.449999909553524,0,-0.0119833640227702,0,0
55.3,0,0,-0.00511235611461746,0.0019102202510762,2.81894755253447,-0.00222952780119963,2.17313687380374,2.17303392296069,-0.45,-0.449999912226622,0,-0.0118807343543302,0,0
55.32,0,0,-0.00507422745131858,0.00190263391159033,2.81890293982908,-0.00223152728987053,2.17312298149087,2.17301756594193,-0.45,-0.449999914820717,0,-0.0117788687715474,0,0
55.34,0,0,-0.00503625124299521,0.00189497485183115,2.81885829991811,-0.00223225543075271,2.17310876782446,2.17300099633148,-0.45,-0.449999917338145,0,-0.0116777642399048,0,0
55.36,0,0,-0.00499842893792233,0.00188724369619542,2.81881365780672,-0.00223175427836083,2.17309424716791,2.17298422642399,-0.45,-0.449999919781172,0,-0.011577417695799,0,0
55.38,0,0,-0.00496076197121638,0.00187944113563363,2.81876903766649,-0.00223006513640968,2.17307943361028,2.1729672682616,-0.45,-0.449999922151997,0,-0.0114778260467911,0,0
55.4,0,0,-0.00492325176353421,0.00187156792466317,2.81872446285041,-0.00222722856057376,2.17306434096903,2.17295013363459,-0.45,-0.449999924452753,0,-0.0113789861718818,0,0
55.42,0,0,-0.00488589971983103,0.00186362487845098,2.81867995590781,-0.00222328436150304,2.17304898279257,2.17293283408207,-0.45,-0.449999926685512,0,-0.0112808949218141,0,0
55.44,0,0,-0.004848707228176,0.00185561286996504,2.81863553859923,-0.00221827160810084,2.17303337236247,2.17291538089248,-0.45,-0.449999928852282,0,-0.0111835491193986,0,0
55.46,0,0,-0.00481167565862414,0.00184753282719368,2.81859123191123,-0.00221222863106857,2.17301752269554,2.17289778510405,-0.45,-0.449999930955015,0,-0.0110869455598628,0,0
55.48,0,0,-0.00477480636214317,0.00183938573043196,2.8185470560711,-0.0022051930267207,2.17300144654569,2.17288005750519,-0.45,-0.449999932995603,0,-0.0109910810112222,0,0
55.5,0,0,-0.00473810066959397,0.00183117260963409,2.8185030305615,-0.00219720166107228,2.17298515640554,2.17286220863498,-0.45,-0.449999934975882,0,-0.0108959522146727,0,0
55.52,0,0,-0.00470155989076329,0.00182289454183123,2.81845917413506,-0.00218829067419904,2.17296866450801,2.17284424878371,-0.45,-0.449999936897635,0,-0.0108015558850017,0,0
55.54,0,0,-0.00466518531344756,0.00181455264861353,2.81841550482882,-0.00217849548486907,2.17295198282764,2.17282618799344,-0.45,-0.449999938762592,0,-0.0107078887110196,0,0
55.56,0,0,-0.00462897820258628,0.00180614809367579,2.8183720399786,-0.00216785079544361,2.172935123082,2.17280803605875,-0.45,-0.449999940572431,0,-0.0106149473560079,0,0
55.58,0,0,-0.00459293979944402,0.00179768208042571,2.81832879623333,-0.00215639059704242,2.17291809673284,2.17278980252769,-0.45,-0.449999942328781,0,-0.0105227284581847,0,0
55.6,0,0,-0.00455707132083953,0.00178915584965385,2.81828578956916,-0.00214414817496822,2.17290091498737,2.17277149670281,-0.45,-0.449999944033223,0,-0.0104312286311861,0,0
55.62,0,0,-0.00452137395842087,0.00178057067726452,2.81824303530354,-0.00213115611438284,2.17288358879945,2.17275312764247,-0.45,-0.449999945687291,0,-0.0103404444645623,0,0
55.64,0,0,-0.00448584887798535,0.00177192787206669,2.81820054810918,-0.00211744630622677,2.17286612887084,2.17273470416233,-0.45,-0.449999947292474,0,-0.0102503725242881,0,0
55.66,0,0,-0.00445049721884301,0.00176322877362399,2.81815834202787,-0.00210304995337219,2.17284854565246,2.17271623483705,-0.45,-0.449999948850217,0,-0.0101610093532861,0,0
55.68,0,0,-0.00441532009322254,0.00175447475016299,2.81811643048416,-0.00208799757699899,2.17283084934575,2.17269772800228,-0.45,-0.449999950361921,0,-0.0100723514719624,0,0
55.7,0,0,-0.00438031858571848,0.00174566719653891,2.81807482629893,-0.00207231902318157,2.17281304990412,2.17267919175677,-0.45,-0.449999951828948,0,-0.00998439537875425,0,0
55.72,0,0,-0.00434549375277852,0.00173680753225788,2.81803354170286,-0.00205604346967435,2.17279515703448,2.17266063396485,-0.45,-0.449999953252618,0,-0.00989713755068747,0,0
55.74,0,0,-0.00431084662222976,0.00172789719955477,2.81799258834967,-0.00203919943288246,2.17277718019893,2.17264206225902,-0.45,-0.449999954634212,0,-0.00981057444394447,0,0
55.76,0,0,-0.00427637819284292,0.00171893766152595,2.81795197732932,-0.00202181477500413,2.17275912861652,2.17262348404281,-0.45,-0.449999955974974,0,-0.00972470249444095,0,0
55.78,0,0,-0.00424208943393335,0.00170993040031597,2.81791171918102,-0.00200391671133052,2.17274101126526,2.17260490649386,-0.45,-0.44999995727611,0,-0.00963951811841111,0,0
55.8,0,0,-0.00420798128499773,0.00170087691535728,2.81787182390605,-0.0019855318176889,2.17272283688417,2.17258633656709,-0.45,-0.449999958538792,0,-0.00955501771300046,0,0
55.82,0,0,-0.00417405465538549,0.00169177872166226,2.81783230098053,-0.00196668603801485,2.17270461397555,2.1725677809982,-0.45,-0.449999959764155,0,-0.00947119765686555,0,0
55.84,0,0,-0.00414031042400387,0.0016826373481666,2.81779315936796,-0.00194740469203929,2.17268635080736,2.17254924630718,-0.45,-0.449999960953304,0,-0.00938805431077985,0,0
55.86,0,0,-0.00410674943905556,0.00167345433612323,2.8177544075316,-0.00192771248307642,2.17266805541584,2.17253073880207,-0.45,-0.449999962107309,0,-0.00930558401824538,0,0
55.88,0,0,-0.00407337251780805,0.00166423123754589,2.81771605344676,-0.00190763350589878,2.17264973560814,2.17251226458275,-0.45,-0.449999963227207,0,-0.00922378310610905,0,0
55.9,0,0,-0.00404018044639357,0.00165496961370163,2.81767810461286,-0.00188719125468629,2.17263139896527,2.17249382954487,-0.45,-0.449999964314007,0,-0.00914264788518349,0,0
55.92,0,0,-0.00400717397963863,0.00164567103365123,2.81764056806539,-0.00186640863103676,2.17261305284503,2.17247543938389,-0.45,-0.449999965368688,0,-0.00906217465087148,0,0
55.94,0,0,-0.00397435384092244,0.00163633707283677,2.81760345038766,-0.00184530795202563,2.17259470438514,2.17245709959911,-0.45,-0.449999966392198,0,-0.00898235968379352,0,0
55.96,0,0,-0.00394172072206296,0.00162696931171557,2.81756675772242,-0.00182391095830354,2.17257636050653,2.17243881549776,-0.45,-0.449999967385458,0,-0.00890319925041798,0,0
55.98,0,0,-0.00390927528322988,0.00161756933443957,2.8175304957833,-0.00180223882222129,2.17255802791666,2.17242059219913,-0.45,-0.449999968349364,0,-0.00882468960369322,0,0
56,0,0,-0.0038770181528836,0.00160813872757935,2.81749466986609,-0.00178031215597211,2.17253971311296,2.17240243463868,-0.45,-0.449999969284781,0,-0.00874682698368124,0,0
56.02,0,0,-0.00384494992773921,0.00159867907889198,2.81745928485989,-0.00175815101974238,2.17252142238639,2.17238434757216,-0.45,-0.449999970192553,0,-0.00866960761819223,0,0
56.04,0,0,-0.00381307117275475,0.00158919197613183,2.81742434525803,-0.00173577492986222,2.17250316182501,2.17236633557961,-0.45,-0.449999971073496,0,-0.00859302772341963,0,0
56.06,0,0,-0.00378138242114278,0.0015796790059036,2.81738985516889,-0.0017132028669489,2.17248493731766,2.17234840306945,-0.45,-0.449999971928404,0,-0.00851708350457526,0,0
56.08,0,0,-0.00374988417440451,0.00157014175255667,2.81735581832653,-0.00169045328403617,2.17246675455764,2.1723305542824,-0.45,-0.449999972758045,0,-0.00844177115652383,0,0
56.1,0,0,-0.00371857690238565,0.00156058179711991,2.81732223810115,-0.00166754411468356,2.17244861904644,2.17231279329534,-0.45,-0.449999973563166,0,-0.00836708686441671,0,0
56.12,0,0,-0.00368746104335307,0.00155100071627637,2.81728911750942,-0.00164449278106098,2.17243053609745,2.17229512402516,-0.45,-0.449999974344493,0,-0.00829302680432431,0,0
56.14,0,0,-0.00365653700409174,0.00154140008137674,2.8172564592246,-0.00162131620200355,2.17241251083977,2.17227755023247,-0.45,-0.449999975102728,0,-0.00821958714386666,0,0
56.16,0,0,-0.00362580516002083,0.00153178145749101,2.81722426558655,-0.00159803080103357,2.17239454822188,2.17226007552521,-0.45,-0.449999975838553,0,-0.00814676404284198,0,0
56.18,0,0,-0.00359526585532858,0.00152214640249745,2.81719253861153,-0.00157465251434619,2.17237665301535,2.17224270336213,-0.45,-0.449999976552632,0,-0.00807455365385266,0,0
56.2,0,0,-0.00356491940312486,0.00151249646620811,2.8171612800019,-0.00155119679875621,2.17235882981858,2.17222543705631,-0.45,-0.449999977245606,0,-0.00800295212292836,0,0
56.22,0,0,-0.00353476608561101,0.00150283318953011,2.81713049115561,-0.00152767863960422,2.17234108306039,2.17220827977843,-0.45,-0.4499999779181,0,-0.00793195559014594,0,0
56.24,0,0,-0.00350480615426598,0.00149315810366187,2.81710017317554,-0.0015041125586202,2.17232341700365,2.17219123455994,-0.45,-0.449999978570719,0,-0.00786156019024578,0,0
56.26,0,0,-0.0034750398300483,0.00148347272932363,2.81707032687872,-0.00148051262174371,2.17230583574877,2.17217430429628,-0.45,-0.44999997920405,0,-0.00779176205324423,0,0
56.28,0,0,-0.00344546730361304,0.00147377857602134,2.81704095280534,-0.00145689244689955,2.17228834323728,2.17215749174983,-0.45,-0.449999979818663,0,-0.00772255730504186,0,0
56.3,0,0,-0.00341608873554315,0.00146407714134336,2.81701205122767,-0.00143326521172841,2.17227094325515,2.17214079955287,-0.45,-0.449999980415112,0,-0.0076539420680273,0,0
56.32,0,0,-0.00338690425659464,0.00145436991028905,2.81698362215874,-0.00140964366127212,2.1722536394362,2.1721242302104,-0.45,-0.449999980993933,0,-0.00758591246167616,0,0
56.34,0,0,-0.00335791396795477,0.0014446583546286,2.81695566536095,-0.00138604011561341,2.17223643526537,2.17210778610289,-0.45,-0.449999981555647,0,-0.0075184646031451,0,0
56.36,0,0,-0.00332911794151281,0.00143494393229338,2.8169281803545,-0.00136246647746977,2.17221933408194,2.17209146948898,-0.45,-0.44999998210076,0,-0.00745159460786045,0,0
56.38,0,0,-0.00330051622014262,0.00142522808679607,2.81690116642562,-0.00133893423974167,2.17220233908266,2.17207528250806,-0.45,-0.449999982629762,0,-0.00738529859010141,0,0
56.4,0,0,-0.00327210881799663,0.00141551224667982,2.81687462263475,-0.0013154544930151,2.17218545332482,2.17205922718282,-0.45,-0.44999998314313,0,-0.00731957266357738,0,0
56.42,0,0,-0.00324389572081047,0.00140579782499584,2.81684854782444,-0.00129203793301791,2.17216867972924,2.1720433054217,-0.45,-0.449999983641326,0,-0.00725441294199944,0,0
56.44,0,0,-0.0032158768862178,0.00139608621880862,2.81682294062725,-0.00126869486803069,2.17215202108323,2.17202751902133,-0.45,-0.449999984124798,0,-0.00718981553964548,0,0
56.46,0,0,-0.00318805224407481,0.00138637880872814,2.81679779947336,-0.00124543522625111,2.1721354800434,2.1720118696689,-0.45,-0.449999984593981,0,-0.00712577657191906,0,0
56.48,0,0,-0.0031604216967937,0.00137667695846842,2.81677312259814,-0.00122226856311217,2.17211905913853,2.17199635894451,-0.45,-0.449999985049298,0,-0.00706229215590159,0,0
56.5,0,0,-0.00313298511968486,0.00136698201443169,2.81674890804951,-0.00119920406855327,2.17210276077224,2.1719809883234,-0.45,-0.449999985491158,0,-0.00699935841089787,0,0
56.52,0,0,-0.00310574236130701,0.00135729530531761,2.81672515369519,-0.00117625057424416,2.17208658722571,2.17196575917833,-0.45,-0.449999985919959,0,-0.00693697145897456,0,0
56.54,0,0,-0.003078693243825,0.00134761814175678,2.81670185722981,-0.00115341656076066,2.17207054066031,2.17195067278174,-0.45,-0.449999986336087,0,-0.00687512742549172,0,0
56.56,0,0,-0.00305183756337461,0.00133795181596797,2.81667901618179,-0.00113071016471135,2.17205462312014,2.17193573030797,-0.45,-0.449999986739917,0,-0.00681382243962699,0,0
56.58,0,0,-0.00302517509043406,0.00132829760143847,2.81665662792025,-0.00110813918581435,2.17203883653462,2.17192093283551,-0.45,-0.449999987131811,0,-0.00675305263489252,0,0
56.6,0,0,-0.00299870557020164,0.00131865675262688,2.8166346896616,-0.00108571109392306,2.17202318272095,2.1719062813492,-0.45,-0.449999987512124,0,-0.0066928141496443,0,0
56.62,0,0,-0.00297242872297904,0.00130903050468776,2.81661319847609,-0.00106343303599928,2.17200766338654,2.17189177674239,-0.45,-0.449999987881196,0,-0.006633103127584,0,0
56.64,0,0,-0.00294634424456007,0.00129942007321753,2.81659215129422,-0.00104131184303253,2.17199228013151,2.17187741981908,-0.45,-0.449999988239361,0,-0.00657391571825295,0,0
56.66,0,0,-0.00292045180662413,0.00128982665402107,2.81657154491295,-0.00101935403690406,2.17197703445098,2.17186321129621,-0.45,-0.449999988586941,0,-0.00651524807751842,0,0
56.68,0,0,-0.00289475105713423,0.00128025142289839,2.81655137600187,-0.00099756583719373,2.17196192773752,2.1718491518057,-0.45,-0.449999988924248,0,-0.00645709636805194,0,0
56.7,0,0,-0.00286924162073909,0.00127069553545077,2.8165316411091,-0.000975953167928077,2.17194696128342,2.17183524189672,-0.45,-0.449999989251585,0,-0.00639945675979958,0,0
56.72,0,0,-0.00284392309917882,0.00126116012690599,2.81651233666722,-0.000954521664267886,2.17193213628306,2.17182148203779,-0.45,-0.449999989569249,0,-0.0063423254304442,0,0
56.74,0,0,-0.00281879507169406,0.00125164631196178,2.81649345899892,-0.000933276679133267,2.17191745383518,2.17180787261897,-0.45,-0.449999989877524,0,-0.00628569856585954,0,0
56.76,0,0,-0.00279385709543797,0.00124215518464732,2.8164750043226,-0.000912223289764471,2.17190291494516,2.17179441395397,-0.45,-0.449999990176689,0,-0.00622957236055609,0,0
56.78,0,0,-0.0027691087058908,0.0012326878182019,2.81645696875782,-0.000891366304216481,2.1718885205273,2.1717811062824,-0.45,-0.449999990467012,0,-0.0061739430181187,0,0
56.8,0,0,-0.00274454941727683,0.00122324526497052,2.81643934833062,-0.000870710267785635,2.17187427140705,2.17176794977176,-0.45,-0.449999990748754,0,-0.00611880675163588,0,0
56.82,0,0,-0.00272017872298312,0.00121382855631567,2.81642213897871,-0.000850259469366335,2.17186016832326,2.17175494451975,-0.45,-0.44999999102217,0,-0.0060641597841207,0,0
56.84,0,0,-0.00269599609597993,0.00120443870254495,2.81640533655653,-0.000830017947736015,2.17184621193039,2.17174209055621,-0.45,-0.449999991287505,0,-0.00600999834892339,0,0
56.86,0,0,-0.00267200098924238,0.00119507669285398,2.81638893684019,-0.000809989497766779,2.17183240280073,2.17172938784536,-0.45,-0.449999991544998,0,-0.00595631869013541,0,0
56.88,0,0,-0.0026481928361732,0.00118574349528401,2.8163729355323,-0.000790177676561913,2.17181874142658,2.17171683628784,-0.45,-0.449999991794881,0,-0.00590311706298515,0,0
56.9,0,0,-0.00262457105102605,0.00117644005669395,2.81635732826664,-0.000770585809515792,2.17180522822245,2.17170443572279,-0.45,-0.449999992037379,0,-0.00585038973422515,0,0
56.92,0,0,-0.00260113502932939,0.0011671673027462,2.81634211061277,-0.000751216996295807,2.1717918635272,2.17169218592989,-0.45,-0.44999999227271,0,-0.00579813298251082,0,0
56.94,0,0,-0.00257788414831038,0.00115792613790578,2.81632727808045,-0.000732074116744751,2.17177864760622,2.1716800866314,-0.45,-0.449999992501086,0,-0.00574634309877074,0,0
56.96,0,0,-0.00255481776731881,0.00114871744545249,2.81631282612399,-0.000713159836702669,2.17176558065354,2.17166813749416,-0.45,-0.449999992722712,0,-0.00569501638656841,0,0
56.98,0,0,-0.00253193522825049,0.00113954208750549,2.81629875014648,-0.000694476613746958,2.17175266279395,2.17165633813157,-0.45,-0.449999992937788,0,-0.00564414916245559,0,0
57,0,0,-0.00250923585597019,0.00113040090505985,2.81628504550391,-0.000676026702849863,2.1717398940851,2.17164468810551,-0.45,-0.449999993146508,0,-0.00559373775631713,0,0
57.02,0,0,-0.0024867189587336,0.00112129471803482,2.81627170750913,-0.000657812161952538,2.17172727451958,2.17163318692826,-0.45,-0.44999999334906,0,-0.00554377851170738,0,0
57.04,0,0,-0.00246438382860832,0.00111222432533317,2.81625873143575,-0.000639834857454963,2.17171480402694,2.17162183406441,-0.45,-0.449999993545625,0,-0.00549426778617816,0,0
57.06,0,0,-0.00244222974189346,0.00110319050491136,2.81624611252195,-0.000622096469621091,2.17170248247577,2.17161062893264,-0.45,-0.44999999373638,0,-0.00544520195159833,0,0
57.08,0,0,-0.00242025595953783,0.00109419401386001,2.81623384597409,-0.000604598497899034,2.17169030967564,2.17159957090756,-0.45,-0.449999993921498,0,-0.00539657739446495,0,0
57.1,0,0,-0.00239846172755631,0.00108523558849438,2.81622192697034,-0.000587342266155979,2.17167828537913,2.17158865932147,-0.45,-0.449999994101145,0,-0.00534839051620614,0,0
57.12,0,0,-0.00237684627744443,0.0010763159444544,2.81621035066407,-0.000570328927827508,2.17166640928374,2.17157789346604,-0.45,-0.449999994275483,0,-0.00530063773347562,0,0
57.14,0,0,-0.00235540882659075,0.00106743577681384,2.81619911218726,-0.00055355947098163,2.17165468103382,2.17156727259407,-0.45,-0.449999994444668,0,-0.00525331547843892,0,0
57.16,0,0,-0.00233414857868705,0.00105859576019836,2.81618820665374,-0.00053703472329733,2.17164310022244,2.17155679592105,-0.45,-0.449999994608852,0,-0.00520642019905149,0,0
57.18,0,0,-0.00231306472413603,0.00104979654891196,2.81617762916237,-0.000520755356957978,2.17163166639325,2.17154646262683,-0.45,-0.449999994768185,0,-0.00515994835932848,0,0
57.2,0,0,-0.00229215644045642,0.00104103877707151,2.81616737480003,-0.000504721893459947,2.17162037904229,2.17153627185708,-0.45,-0.449999994922808,0,-0.00511389643960653,0,0
57.22,0,0,-0.00227142289268529,0.00103232305874901,2.81615743864469,-0.000488934708336795,2.17160923761978,2.17152622272493,-0.45,-0.449999995072862,0,-0.00506826093679735,0,0
57.24,0,0,-0.00225086323377748,0.00102364998812128,2.8161478157682,-0.000473394035799446,2.17159824153184,2.17151631431232,-0.45,-0.449999995218481,0,-0.00502303836463342,0,0
57.26,0,0,-0.00223047660500196,0.00101502013962664,2.81613850123912,-0.000458099973293109,2.17158739014224,2.17150654567153,-0.45,-0.449999995359796,0,-0.00497822525390565,0,0
57.28,0,0,-0.00221026213633495,0.00100643406812833,2.81612949012536,-0.000443052485971287,2.17157668277402,2.17149691582652,-0.45,-0.449999995496935,0,-0.00493381815269312,0,0
57.3,0,0,-0.00219021894684974,0.000997892309084387,2.81612077749686,-0.000428251411087778,2.17156611871118,2.17148742377427,-0.45,-0.449999995630021,0,-0.00488981362658509,0,0
57.32,0,0,-0.00217034614510305,0.000989395378723492,2.81611235842801,-0.000413696462307321,2.17155569720023,2.17147806848615,-0.45,-0.449999995759173,0,-0.00484620825889514,0,0
57.34,0,0,-0.00215064282951784,0.000980943774226709,2.81610422800017,-0.00039938723393566,2.17154541745177,2.17146884890916,-0.45,-0.449999995884509,0,-0.0048029986508677,0,0
57.36,0,0,-0.00213110808876233,0.000972537973914635,2.81609638130393,-0.000385323205069671,2.171535278642,2.17145976396717,-0.45,-0.44999999600614,0,-0.00476018142187691,0,0
57.38,0,0,-0.00211174100212535,0.000964178437439764,2.81608881344145,-0.000371503743668642,2.17152527991422,2.17145081256214,-0.45,-0.449999996124176,0,-0.00471775320961798,0,0
57.4,0,0,-0.00209254063988774,0.000955865605983742,2.8160815195286,-0.000357928110547328,2.17151542038026,2.17144199357526,-0.45,-0.449999996238724,0,-0.004675710670291,0,0
57.42,0,0,-0.0020735060636897,0.00094759990245925,2.81607449469707,-0.000344595463291604,2.17150569912192,2.17143330586816,-0.45,-0.449999996349887,0,-0.0046340504787775,0,0
57.44,0,0,-0.00205463632689418,0.000939381731716232,2.81606773409639,-0.000331504860097731,2.1714961151923,2.17142474828393,-0.45,-0.449999996457764,0,-0.00459276932880957,0,0
57.46,0,0,-0.002035930474946,0.000931211480752218,2.8160612328959,-0.000318655263535858,2.17148666761717,2.17141631964828,-0.45,-0.449999996562453,0,-0.00455186393313179,0,0
57.48,0,0,-0.00201738754572677,0.000923089518926469,2.81605498628662,-0.000306045544238675,2.17147735539628,2.17140801877051,-0.45,-0.449999996664047,0,-0.00451133102365609,0,0
57.5,0,0,-0.00199900656990548,0.000915016198177706,2.81604898948302,-0.000293674484516256,2.1714681775046,2.17139984444461,-0.45,-0.44999999676264,0,-0.00447116735160949,0,0
57.52,0,0,-0.00198078657128473,0.000906991853245168,2.81604323772481,-0.000281540781897384,2.17145913289361,2.17139179545017,-0.45,-0.449999996858318,0,-0.00443136968767482,0,0
57.54,0,0,-0.00196272656714244,0.000899016801892771,2.81603772627854,-0.000269643052598753,2.17145022049245,2.17138387055347,-0.45,-0.449999996951169,0,-0.00439193482212471,0,0
57.56,0,0,-0.00194482556856914,0.00089109134513612,2.81603245043925,-0.000257979834922337,2.17144143920913,2.17137606850828,-0.45,-0.449999997041276,0,-0.00435285956494865,0,0
57.58,0,0,-0.0019270825808006,0.000883215767472178,2.81602740553194,-0.000246549592581933,2.17143278793166,2.17136838805691,-0.45,-0.449999997128719,0,-0.00431414074597342,0,0
57.6,0,0,-0.00190949660354591,0.000875390337111339,2.81602258691306,-0.000235350717959655,2.17142426552918,2.171360827931,-0.45,-0.449999997213578,0,-0.00427577521497689,0,0
57.62,0,0,-0.00189206663131088,0.000867615306211719,2.8160179899719,-0.000224381535293028,2.17141587085305,2.17135338685252,-0.45,-0.449999997295929,0,-0.00423775984179532,0,0
57.64,0,0,-0.0018747916537167,0.000859890911115441,2.81601361013194,-0.000213640303793246,2.17140760273788,2.17134606353451,-0.45,-0.449999997375847,0,-0.00420009151642422,0,0
57.66,0,0,-0.00185767065581389,0.000852217372586726,2.81600944285206,-0.000203125220695574,2.1713994600026,2.171338856682,-0.45,-0.449999997453402,0,-0.00416276714911292,0,0
57.68,0,0,-0.00184070261839149,0.000844594896051587,2.81600548362783,-0.000192834424242365,2.17139144145143,2.17133176499275,-0.45,-0.449999997528666,0,-0.00412578367045285,0,0
57.7,0,0,-0.00182388651828136,0.00083702367183894,2.8160017279926,-0.000182765996599558,2.17138354587492,2.17132478715816,-0.45,-0.449999997601705,0,-0.00408913803145973,0,0
57.72,0,0,-0.00180722132865776,0.000829503875422945,2.81599817151862,-0.000172917966707158,2.17137577205085,2.17131792186391,-0.45,-0.449999997672585,0,-0.00405282720364973,0,0
57.74,0,0,-0.00179070601933199,0.000822035667666408,2.81599480981806,-0.000163288313064262,2.17136811874517,2.17131116779084,-0.45,-0.449999997741371,0,-0.00401684817910965,0,0
57.76,0,0,-0.00177433955704216,0.000814619195065057,2.81599163854403,-0.000153874966449589,2.17136058471297,2.17130452361562,-0.45,-0.449999997808123,0,-0.00398119797056125,0,0
57.78,0,0,-0.00175812090573809,0.000807254589992545,2.81598865339143,-0.000144675812577932,2.1713531686993,2.17129798801151,-0.45,-0.449999997872903,0,-0.00394587361141992,0,0
57.8,0,0,-0.00174204902686131,0.000799941970946003,2.81598585009793,-0.000135688694693284,2.17134586944008,2.17129155964902,-0.45,-0.449999997935768,0,-0.00391087215584756,0,0
57.82,0,0,-0.00172612287962013,0.000792681442791978,2.81598322444469,-0.000126911416099124,2.17133868566291,2.17128523719668,-0.45,-0.449999997996775,0,-0.00387619067880006,0,0
57.84,0,0,-0.00171034142125977,0.00078547309701264,2.81598077225723,-0.000118341742626753,2.17133161608795,2.17127901932162,-0.45,-0.44999999805598,0,-0.0038418262760692,0,0
57.86,0,0,-0.0016947036073276,0.000778317011952065,2.81597848940606,-0.000109977405042119,2.17132465942867,2.17127290469028,-0.45,-0.449999998113434,0,-0.00380777606431928,0,0
57.88,0,0,-0.00167920839193345,0.000771213253062493,2.81597637180745,-0.000101816101391969,2.17131781439266,2.17126689196901,-0.45,-0.449999998169191,0,-0.00377403718111845,0,0
57.9,0,0,-0.00166385472800496,0.000764161873150402,2.81597441542398,-9.3855499289869e-05,2.1713110796824,2.17126097982473,-0.45,-0.449999998223299,0,-0.00374060678496492,0,0
57.92,0,0,-0.00164864156753805,0.000757162912622262,2.81597261626519,-8.60932381428299e-05,2.17130445399598,2.17125516692544,-0.45,-0.449999998275809,0,-0.00370748205530806,0,0
57.94,0,0,-0.00163356786184248,0.000750216399729866,2.81597097038808,-7.8526931319272e-05,2.17129793602786,2.17124945194092,-0.45,-0.449999998326766,0,-0.0036746601925646,0,0
57.96,0,0,-0.00161863256178246,0.000743322350815085,2.81596947389763,-7.11541682589142e-05,2.17129152446953,2.17124383354322,-0.45,-0.449999998376218,0,-0.00364213841812994,0,0
57.98,0,0,-0.00160383461801244,0.000736480770553948,2.81596812294726,-6.39725165254932e-05,2.17128521801027,2.17123831040719,-0.45,-0.449999998424208,0,-0.00360991397438465,0,0
58,0,0,-0.00158917298120798,0.00072969165219993,2.81596691373923,-5.69795238028369e-05,2.17127901533773,2.17123288121106,-0.45,-0.449999998470779,0,-0.00357798412469641,0,0
58.02,0,0,-0.00157464660229176,0.000722954977826329,2.81596584252504,-5.01727198351516e-05,2.17127291513863,2.17122754463695,-0.45,-0.449999998515975,0,-0.00354634615341728,0,0
58.04,0,0,-0.00156025443265481,0.000716270718567639,2.81596490560575,-4.35496183122928e-05,2.17126691609942,2.17122229937127,-0.45,-0.449999998559834,0,-0.00351499736587654,0,0
58.06,0,0,-0.00154599542437284,0.000709638834859803,2.81596409933229,-3.71077187007708e-05,2.17126101690681,2.17121714410531,-0.45,-0.449999998602398,0,-0.00348393508836916,0,0
58.08,0,0,-0.00153186853041783,0.000703059276679265,2.81596342010574,-3.08445080212383e-05,2.17125521624843,2.17121207753563,-0.45,-0.449999998643703,0,-0.00345315666814,0,0
58.1,0,0,-0.00151787270486484,0.000696531983780708,2.81596286437753,-2.47574625733397e-05,2.17124951281339,2.17120709836451,-0.45,-0.449999998683788,0,-0.00342265947336377,0,0
58.12,0,0,-0.00150400690309411,0.000690056885933403,2.81596242864968,-1.88440496087037e-05,2.17124390529282,2.17120220530039,-0.45,-0.449999998722688,0,-0.00339244089312097,0,0
58.14,0,0,-0.00149027008198836,0.00068363390315608,2.81596210947493,-1.31017289527138e-05,2.17123839238045,2.17119739705824,-0.45,-0.449999998760438,0,-0.00336249833736979,0,0
58.16,0,0,-0.0014766612001255,0.00067726294595023,2.81596190345688,-7.52795457624561e-06,2.17123297277306,2.17119267235999,-0.45,-0.449999998797072,0,-0.00333282923691414,0,0
58.18,0,0,-0.00146317921796667,0.000670943915531766,2.8159618072501,-2.12017611792522e-06,2.17122764517107,2.17118802993486,-0.45,-0.449999998832624,0,-0.00330343104336784,0,0
58.2,0,0,-0.00144982309803961,0.000664676704060972,2.81596181756021,3.12415964212888e-06,2.17122240827895,2.17118346851972,-0.45,-0.449999998867125,0,-0.00327430122911513,0,0
58.22,0,0,-0.00143659180511752,0.000658461194870653,2.8159619311439,8.20760735632269e-06,2.17121726080575,2.17117898685947,-0.45,-0.449999998900607,0,-0.00324543728726752,0,0
58.24,0,0,-0.00142348430639332,0.000652297262692434,2.81596214480895,1.31327217303497e-05,2.17121220146549,2.1711745837073,-0.45,-0.449999998933099,0,-0.00321683673161717,0,0
58.26,0,0,-0.00141049957164945,0.000646184773881133,2.81596245541424,1.79020561900801e-05,2.17120722897766,2.17117025782504,-0.45,-0.449999998964631,0,-0.00318849709658674,0,0
58.28,0,0,-0.00139763657342316,0.000640123586637144,2.81596285986967,2.25181615934705e-05,2.17120234206758,2.17116600798342,-0.45,-0.44999999899523,0,-0.00316041593717598,0,0
58.3,0,0,-0.00138489428716739,0.000634113551226781,2.81596335513616,2.69835849867892e-05,2.17119753946682,2.17116183296241,-0.45,-0.449999999024926,0,-0.00313259082890501,0,0
58.32,0,0,-0.0013722716914073,0.000628154510200519,2.81596393822548,3.13008684042966e-05,2.17119281991361,2.17115773155137,-0.45,-0.449999999053744,0,-0.0031050193677544,0,0
58.34,0,0,-0.00135976776789237,0.000622246298609077,2.8159646062002,3.54725477103984e-05,2.17118818215316,2.17115370254941,-0.45,-0.44999999908171,0,-0.00307769917010224,0,0
58.36,0,0,-0.00134738150174428,0.000616388744217305,2.81596535617355,3.95011514836261e-05,2.17118362493805,2.17114974476554,-0.45,-0.449999999108849,0,-0.00305062787265817,0,0
58.38,0,0,-0.00133511188160053,0.000610581667715809,2.81596618530923,4.33891999414371e-05,2.17117914702856,2.17114585701894,-0.45,-0.449999999135187,0,-0.00302380313239444,0,0
58.4,0,0,-0.00132295789975379,0.000604824882930293,2.81596709082126,4.71392039050001e-05,2.17117474719295,2.17114203813917,-0.45,-0.449999999160746,0,-0.00299722262647424,0,0
58.42,0,0,-0.00131091855228712,0.000599118197028552,2.81596806997377,5.07536638033394e-05,2.17117042420783,2.17113828696634,-0.45,-0.44999999918555,0,-0.00297088405217723,0,0
58.44,0,0,-0.00129899283920513,0.000593461410725095,2.81596912008078,5.42350687157601e-05,2.17116617685841,2.17113460235129,-0.45,-0.44999999920962,0,-0.0029447851268224,0,0
58.46,0,0,-0.00128717976456096,0.000587854318483358,2.815970238506,5.75858954519017e-05,2.1711620039388,2.17113098315577,-0.45,-0.44999999923298,0,-0.00291892358768839,0,0
58.48,0,0,-0.00127547833657933,0.000582296708715468,2.81597142266251,6.0808607668429e-05,2.17115790425223,2.17112742825264,-0.45,-0.449999999255648,0,-0.00289329719193123,0,0
58.5,0,0,-0.00126388756777559,0.000576788363979527,2.81597267001255,6.39056550219371e-05,2.17115387661137,2.17112393652593,-0.45,-0.449999999277647,0,-0.00286790371649978,0,0
58.52,0,0,-0.00125240647507085,0.000571329061174392,2.81597397806719,6.68794723568646e-05,2.1711499198385,2.17112050687108,-0.45,-0.449999999298996,0,-0.00284274095804869,0,0
58.54,0,0,-0.00124103407990322,0.000565918571731922,2.81597534438605,6.97324789278836e-05,2.17114603276577,2.171117138195,-0.45,-0.449999999319714,0,-0.00281780673284923,0,0
58.56,0,0,-0.00122976940833525,0.000560556661806668,2.81597676657697,7.24670776560041e-05,2.1711422142354,2.17111382941622,-0.45,-0.449999999339819,0,-0.00279309887669783,0,0
58.58,0,0,-0.00121861149115763,0.00055524309246298,2.81597824229568,7.50856544175058e-05,2.17113846309988,2.17111057946499,-0.45,-0.449999999359331,0,-0.00276861524482254,0,0
58.6,0,0,-0.00120755936398912,0.000549977619859521,2.81597976924546,7.7590577365192e-05,2.17113477822217,2.17110738728337,-0.45,-0.449999999378265,0,-0.00274435371178751,0,0
58.62,0,0,-0.00119661206737284,0.000544759995431157,2.81598134517676,7.9984196280958e-05,2.17113115847585,2.17110425182534,-0.45,-0.44999999939664,0,-0.00272031217139539,0,0
58.64,0,0,-0.00118576864686896,0.000539589966068213,2.81598296788684,8.22688419591297e-05,2.17112760274531,2.17110117205691,-0.45,-0.449999999414472,0,-0.00269648853658799,0,0
58.66,0,0,-0.00117502815314381,0.000534467274293089,2.81598463521937,8.44468256199296e-05,2.17112410992589,2.17109814695611,-0.45,-0.449999999431777,0,-0.00267288073934497,0,0
58.68,0,0,-0.00116438964205551,0.000529391658434211,2.81598634506407,8.65204383521635e-05,2.17112067892404,2.17109517551315,-0.45,-0.449999999448571,0,-0.0026494867305809,0,0
58.7,0,0,-0.00115385217473611,0.000524362852797313,2.81598809535625,8.84919505847059e-05,2.17111730865743,2.17109225673043,-0.45,-0.449999999464868,0,-0.00262630448004057,0,0
58.72,0,0,-0.00114341481767037,0.000519380587834042,2.81598988407643,9.03636115858643e-05,2.17111399805509,2.17108938962262,-0.45,-0.449999999480684,0,-0.00260333197619276,0,0
58.74,0,0,-0.00113307664277116,0.000514444590307878,2.8159917092499,9.21376489902159e-05,2.17111074605753,2.17108657321668,-0.45,-0.449999999496032,0,-0.00258056722612235,0,0
58.76,0,0,-0.00112283672745163,0.000509554583457364,2.81599356894628,9.38162683519867e-05,2.17110755161683,2.1710838065519,-0.45,-0.449999999510926,0,-0.00255800825542112,0,0
58.78,0,0,-0.00111269415469405,0.000504710287156649,2.81599546127908,9.5401652724595e-05,2.17110441369675,2.17108108867995,-0.45,-0.449999999525381,0,-0.00253565310807699,0,0
58.8,0,0,-0.00110264801311551,0.000499911418073323,2.81599738440524,9.68959622655602e-05,2.17110133127282,2.17107841866491,-0.45,-0.449999999539408,0,-0.00251349984636198,0,0
58.82,0,0,-0.00109269739703057,0.000495157689823573,2.81599933652466,9.83013338662495e-05,2.17109830333241,2.17107579558328,-0.45,-0.44999999955302,0,-0.00249154655071892,0,0
58.84,0,0,-0.00108284140651066,0.000490448813124637,2.81600131587977,9.96198808057564e-05,2.17109532887481,2.17107321852396,-0.45,-0.44999999956623,0,-0.00246979131964687,0,0
58.86,0,0,-0.00107307914744064,0.000485784495944564,2.81600332075501,0.000100853692428398,2.17109240691128,2.17107068658832,-0.45,-0.44999999957905,0,-0.00244823226958541,0,0
58.88,0,0,-0.00106340973157224,0.000481164443649294,2.81600534947635,0.000102004833844249,2.17108953646513,2.17106819889016,-0.45,-0.449999999591491,0,-0.00242686753479784,0,0
58.9,0,0,-0.00105383227657472,0.000476588359147056,2.81600740041084,0.00010307534565199,2.17108671657177,2.1710657545557,-0.45,-0.449999999603564,0,-0.00240569526725335,0,0
58.92,0,0,-0.00104434590608255,0.000472055943030085,2.8160094719661,0.000104067243683689,2.17108394627872,2.17106335272362,-0.45,-0.449999999615281,0,-0.00238471363650814,0,0
58.94,0,0,-0.00103494974974034,0.000467566893713677,2.81601156258979,0.000104982518770683,2.17108122464567,2.17106099254496,-0.45,-0.449999999626651,0,-0.00236392082958573,0,0
58.96,0,0,-0.00102564294324507,0.000463120907572588,2.81601367076915,0.000105823136530243,2.17107855074453,2.1710586731832,-0.45,-0.449999999637685,0,-0.00234331505085626,0,0
58.98,0,0,-0.00101642462838546,0.000458717679074777,2.81601579503048,0.000106591037172384,2.17107592365939,2.17105639381414,-0.45,-0.449999999648393,0,-0.00232289452191509,0,0
59,0,0,-0.00100729395307889,0.000454356900912519,2.81601793393863,0.000107288135326227,2.17107334248662,2.17105415362595,-0.45,-0.449999999658785,0,-0.00230265748146057,0,0
59.02,0,0,-0.000998250071405543,0.000450038264130894,2.81602008609648,0.000107916319885368,2.17107080633479,2.17105195181908,-0.45,-0.449999999668869,0,-0.00228260218517114,0,0
59.04,0,0,-0.000989292143640145,0.00044576145825366,2.81602225014444,0.00010847745387178,2.17106831432475,2.17104978760624,-0.45,-0.449999999678656,0,-0.00226272690558174,0,0
59.06,0,0,-0.000980419336281119,0.000441526171406532,2.8160244247599,0.000108973374317682,2.17106586558959,2.17104766021235,-0.45,-0.449999999688153,0,-0.00224302993195962,0,0
59.08,0,0,-0.00097163082207735,0.000437332090437882,2.81602660865674,0.000109405892164835,2.17106345927463,2.1710455688745,-0.45,-0.449999999697369,0,-0.00222350957017961,0,0
59.1,0,0,-0.000962925780052541,0.000433178901036866,2.81602880058481,0.000109776792180706,2.17106109453744,2.17104351284189,-0.45,-0.449999999706313,0,-0.00220416414259883,0,0
59.12,0,0,-0.00095430339552724,0.000429066287849012,2.81603099932938,0.000110087832891258,2.17105877054777,2.17104149137576,-0.45,-0.449999999714993,0,-0.00218499198793101,0,0
59.14,0,0,-0.000945762860138574,0.000424993934589273,2.81603320371063,0.000110340746529394,2.17105648648758,2.17103950374938,-0.45,-0.449999999723416,0,-0.00216599146112034,0,0
59.16,0,0,-0.000937303371857756,0.000420961524152561,2.81603541258312,0.000110537238999013,2.17105424155098,2.17103754924788,-0.45,-0.449999999731591,0,-0.00214716093321494,0,0
59.18,0,0,-0.000928924135005399,0.000416968738721803,2.81603762483526,0.00011067898985385,2.17105203494419,2.17103562716833,-0.45,-0.449999999739523,0,-0.00212849879124004,0,0
59.2,0,0,-0.000920624360264693,0.000413015259873506,2.8160398393888,0.000110767652290928,2.17104986588553,2.17103373681951,-0.45,-0.449999999747222,0,-0.00211000343807085,0,0
59.22,0,0,-0.000912403264692503,0.000409100768680887,2.81604205519829,0.000110804853157788,2.17104773360537,2.17103187752195,-0.45,-0.449999999754692,0,-0.00209167329230521,0,0
59.24,0,0,-0.000904260071728419,0.000405224945814558,2.81604427125054,0.000110792192973441,2.17104563734607,2.17103004860779,-0.45,-0.449999999761942,0,-0.00207350678813598,0,0
59.26,0,0,-0.000896194011201827,0.000401387471640814,2.81604648656411,0.000110731245962165,2.17104357636192,2.17102824942074,-0.45,-0.449999999768978,0,-0.00205550237522337,0,0
59.28,0,0,-0.000888204319337027,0.000397588026317518,2.8160487001888,0.000110623560100132,2.17104154991913,2.17102647931593,-0.45,-0.449999999775806,0,-0.00203765851856705,0,0
59.3,0,0,-0.000880290238756465,0.000393826289887643,2.81605091120508,0.000110470657173936,2.17103955729571,2.17102473765991,-0.45,-0.449999999782432,0,-0.00201997369837822,0,0
59.32,0,0,-0.000872451018482115,0.000390101942370454,2.81605311872362,0.000110274032850936,2.17103759778147,2.17102302383047,-0.45,-0.449999999788862,0,-0.00200244640995164,0,0
59.34,0,0,-0.00086468591393506,0.000386414663850391,2.81605532188473,0.000110035156761055,2.17103567067789,2.1710213372166,-0.45,-0.449999999795102,0,-0.00198507516353764,0,0
59.36,0,0,-0.000856994186933319,0.000382764134563645,2.81605751985785,0.000109755472589126,2.1710337752981,2.17101967721839,-0.45,-0.449999999801157,0,-0.00196785848421415,0,0
59.38,0,0,-0.000849375105687965,0.000379150034982479,2.81605971184105,0.000109436398177951,2.17103191096678,2.1710180432469,-0.45,-0.449999999807034,0,-0.00195079491175881,0,0
59.4,0,0,-0.000841827944797579,0.0003755720458973,2.81606189706047,0.000109079325641332,2.17103007702009,2.17101643472412,-0.45,-0.449999999812737,0,-0.00193388300052115,0,0
59.42,0,0,-0.000834351985241086,0.000372029848496522,2.81606407476988,0.00010868562148674,2.1710282728056,2.17101485108277,-0.45,-0.449999999818272,0,-0.00191712131929489,0,0
59.44,0,0,-0.000826946514369013,0.000368523124444233,2.81606624425008,0.000108256626747182,2.17102649768217,2.17101329176629,-0.45,-0.449999999823642,0,-0.00190050845119048,0,0
59.46,0,0,-0.000819610825893218,0.000365051555955699,2.81606840480846,0.000107793657122105,2.17102475101993,2.1710117562287,-0.45,-0.449999999828855,0,-0.00188404299350769,0,0
59.48,0,0,-0.000812344219875129,0.000361614825870739,2.81607055577848,0.000107298003126678,2.17102303220011,2.17101024393447,-0.45,-0.449999999833913,0,-0.00186772355760855,0,0
59.5,0,0,-0.000805146002712534,0.000358212617724979,2.81607269651914,0.000106770930249327,2.17102134061503,2.17100875435843,-0.45,-0.449999999838821,0,-0.0018515487687905,0,0
59.52,0,0,-0.000798015487124974,0.000354844615819034,2.81607482641452,0.000106213679117035,2.17101967566793,2.17100728698566,-0.45,-0.449999999843585,0,-0.00183551726615973,0,0
59.54,0,0,-0.000790951992137769,0.000351510505285625,2.81607694487324,0.000105627465667973,2.17101803677293,2.17100584131136,-0.45,-0.449999999848208,0,-0.00181962770250499,0,0
59.56,0,0,-0.000783954843064716,0.000348209972154676,2.81607905132802,0.000105013481331453,2.17101642335492,2.17100441684079,-0.45,-0.449999999852694,0,-0.00180387874417161,0,0
59.58,0,0,-0.000777023371489515,0.000344942703416411,2.81608114523515,0.000104372893214531,2.17101483484944,2.17100301308907,-0.45,-0.449999999857047,0,-0.0017882690709359,0,0
59.6,0,0,-0.000770156915245948,0.000341708387082469,2.81608322607402,0.000103706844295048,2.17101327070261,2.17100162958112,-0.45,-0.449999999861272,0,-0.00177279737587995,0,0
59.62,0,0,-0.000763354818396855,0.000338506712245091,2.81608529334665,0.000103016453620865,2.17101173037097,2.17100026585156,-0.45,-0.449999999865372,0,-0.00175746236526688,0,0
59.64,0,0,-0.000756616431211947,0.000335337369134384,2.8160873465772,0.000102302816514901,2.17101021332145,2.17099892144452,-0.45,-0.449999999869351,0,-0.00174226275841643,0,0
59.66,0,0,-0.000749941110144491,0.000332200049173691,2.81608938531149,0.000101567004785645,2.17100871903121,2.17099759591362,-0.45,-0.449999999873212,0,-0.00172719728758105,0,0
59.68,0,0,-0.000743328217806906,0.000329094445033113,2.81609140911656,0.000100810066943121,2.17100724698754,2.17099628882175,-0.45,-0.44999999987696,0,-0.00171226469782253,0,0
59.7,0,0,-0.00073677712294531,0.000326020250681198,2.81609341758018,0.000100033028419559,2.17100579668777,2.17099499974101,-0.45,-0.449999999880596,0,-0.001697463746889,0,0
59.72,0,0,-0.00073028720041305,0.000322977161434826,2.81609541031039,9.92368917949186e-05,2.17100436763913,2.1709937282526,-0.45,-0.449999999884125,0,-0.00168279320509257,0,0
59.74,0,0,-0.000723857831143247,0.000319964874007322,2.81609738693508,9.84226370266789e-05,2.17100295935866,2.17099247394666,-0.45,-0.44999999988755,0,-0.00166825185518743,0,0
59.76,0,0,-0.000717488402120405,0.000316983086554829,2.81609934710148,9.75912216838765e-05,2.17100157137311,2.17099123642218,-0.45,-0.449999999890873,0,-0.00165383849224855,0,0
59.78,0,0,-0.000711178306351101,0.000314031498720955,2.81610129047579,9.67435811849744e-05,2.17100020321877,2.17099001528685,-0.45,-0.449999999894098,0,-0.00163955192355093,0,0
59.8,0,0,-0.00070492694283381,0.000311109811679747,2.81610321674266,9.58806290394368e-05,2.17099885444142,2.17098881015698,-0.45,-0.449999999897228,0,-0.00162539096844948,0,0
59.82,0,0,-0.000698733716527873,0.000308217728176994,2.81610512560483,9.5003257092618e-05,2.17099752459617,2.17098762065733,-0.45,-0.449999999900265,0,-0.00161135445825947,0,0
59.84,0,0,-0.000692598038321665,0.000305354952569907,2.81610701678263,9.41123357738089e-05,2.17099621324737,2.17098644642105,-0.45,-0.449999999903213,0,-0.00159744123613765,0,0
59.86,0,0,-0.000686519324999987,0.000302521190865193,2.81610889001361,9.32087143473417e-05,2.17099491996848,2.17098528708948,-0.45,-0.449999999906073,0,-0.00158365015696397,0,0
59.88,0,0,-0.000680496999210703,0.000299716150755562,2.81611074505207,9.22932211661886e-05,2.17099364434195,2.17098414231212,-0.45,-0.449999999908849,0,-0.00156998008722402,0,0
59.9,0,0,-0.000674530489430672,0.000296939541654687,2.8161125816687,9.13666639282275e-05,2.1709923859591,2.17098301174642,-0.45,-0.449999999911543,0,-0.00155642990489205,0,0
59.92,0,0,-0.000668619229930987,0.000294191074730639,2.81611439965013,9.04298299346614e-05,2.17099114442004,2.17098189505773,-0.45,-0.449999999914158,0,-0.0015429984993148,0,0
59.94,0,0,-0.000662762660741572,0.000291470462937848,2.81611619879851,8.94834863505329e-05,2.1709899193335,2.17098079191915,-0.45,-0.449999999916695,0,-0.00152968477109593,0,0
59.96,0,0,-0.000656960227615141,0.000288777421047593,2.81611797893118,8.85283804671438e-05,2.17098871031671,2.1709797020114,-0.45,-0.449999999919157,0,-0.00151648763198122,0,0
59.98,0,0,-0.00065121138199057,0.000286111665677065,2.81611973988018,8.75652399660749e-05,2.17098751699535,2.17097862502271,-0.45,-0.449999999921546,0,-0.00150340600474446,0,0
60,0,0,-0.000645515580955703,0.000283472915317019,2.81612148149195,8.65947731847607e-05,2.17098633900336,2.17097756064873,-0.45,-0.449999999923865,0,-0.00149043882307412,0,0
60.02,0,0,-0.000639872287209611,0.000280860890358059,2.81612320362687,8.5617669383255e-05,2.17098517598284,2.17097650859237,-0.45,-0.449999999926115,0,-0.00147758503146075,0,0
60.04,0,0,-0.000634280969024347,0.000278275313115564,2.81612490615895,8.46345990122431e-05,2.17098402758395,2.17097546856366,-0.45,-0.449999999928298,0,-0.00146484358508509,0,0
60.06,0,0,-0.000628741100206209,0.000275715907853294,2.81612658897541,8.36462139818893e-05,2.17098289346477,2.17097444027973,-0.45,-0.449999999930418,0,-0.00145221344970705,0,0
60.08,0,0,-0.000623252160056551,0.000273182400805704,2.81612825197632,8.26531479314784e-05,2.17098177329119,2.17097342346459,-0.45,-0.449999999932474,0,-0.00143969360155542,0,0
60.1,0,0,-0.000617813633332154,0.000270674520198985,2.81612989507424,8.16560164996517e-05,2.17098066673681,2.17097241784906,-0.45,-0.44999999993447,0,-0.00142728302721831,0,0
60.12,0,0,-0.000612425010205191,0.000268191996270866,2.81613151819387,8.06554175951864e-05,2.17097957348277,2.17097142317067,-0.45,-0.449999999936406,0,-0.00141498072353448,0,0
60.14,0,0,-0.000607085786222809,0.000265734561289203,2.8161331212717,7.96519316678914e-05,2.17097849321769,2.17097043917349,-0.45,-0.449999999938286,0,-0.00140278569748545,0,0
60.16,0,0,-0.000601795462266352,0.000263301949569369,2.81613470425565,7.86461219798073e-05,2.17097742563751,2.17096946560805,-0.45,-0.44999999994011,0,-0.00139069696608835,0,0
60.18,0,0,-0.000596553544510245,0.000260893897490498,2.81613626710474,7.76385348763125e-05,2.17097637044541,2.17096850223126,-0.45,-0.44999999994188,0,-0.00137871355628972,0,0
60.2,0,0,-0.000591359544380565,0.00025851014351057,2.81613780978874,7.66297000571693e-05,2.17097532735167,2.17096754880621,-0.45,-0.449999999943598,0,-0.00136683450486,0,0
60.22,0,0,-0.000586212978513324,0.000256150428180409,2.81613933228786,7.56201308472e-05,2.17097429607353,2.17096660510215,-0.45,-0.449999999945264,0,-0.00135505885828896,0,0
60.24,0,0,-0.00058111336871248,0.000253814494156573,2.8161408345924,7.46103244665866e-05,2.17097327633514,2.17096567089429,-0.45,-0.449999999946882,0,-0.00134338567268189,0,0
60.26,0,0,-0.000576060241907704,0.000251502086213201,2.81614231670247,7.36007623006792e-05,2.17097226786739,2.17096474596378,-0.45,-0.449999999948452,0,-0.00133181401365666,0,0
60.28,0,0,-0.000571053130111917,0.000249212951252808,2.81614377862764,7.25919101690719e-05,2.17097127040779,2.17096383009752,-0.45,-0.449999999949976,0,-0.00132034295624167,0,0
60.3,0,0,-0.000566091570378624,0.000246946838316082,2.81614522038662,7.1584218593969e-05,2.17097028370041,2.17096292308809,-0.45,-0.449999999951454,0,-0.00130897158477456,0,0
60.32,0,0,-0.00056117510475906,0.000244703498590688,2.81614664200703,7.05781230676202e-05,2.17096930749572,2.17096202473365,-0.45,-0.449999999952889,0,-0.00129769899280186,0,0
60.34,0,0,-0.00055630328025917,0.000242482685419111,2.816148043525,6.95740443187153e-05,2.17096834155049,2.17096113483779,-0.45,-0.449999999954281,0,-0.00128652428297947,0,0
60.36,0,0,-0.000551475648796445,0.000240284154305553,2.81614942498496,6.85723885777567e-05,2.17096738562768,2.17096025320948,-0.45,-0.449999999955632,0,-0.00127544656697396,0,0
60.38,0,0,-0.000546691767156621,0.000238107662921929,2.81615078643932,6.75735478411622e-05,2.17096643949632,2.17095937966292,-0.45,-0.449999999956943,0,-0.00126446496536482,0,0
60.4,0,0,-0.000541951196950278,0.000235952971112959,2.81615212794817,6.6577900134124e-05,2.17096550293142,2.17095851401745,-0.45,-0.449999999958216,0,-0.00125357860754748,0,0
60.42,0,0,-0.000537253504569337,0.000233819840900392,2.81615344957905,6.55858097719874e-05,2.17096457571385,2.17095765609745,-0.45,-0.449999999959451,0,-0.00124278663163728,0,0
60.44,0,0,-0.000532598261143484,0.000231708036486395,2.81615475140662,6.45976276201893e-05,2.1709636576302,2.17095680573224,-0.45,-0.449999999960649,0,-0.00123208818437429,0,0
60.46,0,0,-0.000527985042496537,0.000229617324256103,2.81615603351246,6.36136913525958e-05,2.17096274847274,2.17095596275596,-0.45,-0.449999999961812,0,-0.00122148242102895,0,0
60.48,0,0,-0.000523413429102764,0.000227547472779376,2.81615729598475,6.26343257081813e-05,2.17096184803924,2.17095512700748,-0.45,-0.449999999962941,0,-0.00121096850530864,0,0
60.5,0,0,-0.000518883006043182,0.000225498252811779,2.81615853891805,6.16598427459448e-05,2.1709609561329,2.17095429833033,-0.45,-0.449999999964036,0,-0.00120054560926515,0,0
60.52,0,0,-0.000514393362961836,0.000223469437294796,2.81615976241302,6.06905420981688e-05,2.17096007256227,2.17095347657255,-0.45,-0.449999999965099,0,-0.00119021291320292,0,0
60.54,0,0,-0.000509944094022087,0.000221460801355317,2.81616096657621,5.97267112215699e-05,2.17095919714109,2.17095266158661,-0.45,-0.449999999966131,0,-0.00117996960558823,0,0
60.56,0,0,-0.000505534797862913,0.000219472122304399,2.81616215151978,5.87686256465904e-05,2.17095832968821,2.17095185322934,-0.45,-0.449999999967132,0,-0.00116981488295931,0,0
60.58,0,0,-0.000501165077555244,0.000217503179635346,2.8161633173613,5.78165492246837e-05,2.1709574700275,2.17095105136182,-0.45,-0.449999999968103,0,-0.00115974794983716,0,0
60.6,0,0,-0.000496834540558343,0.000215553755021097,2.8161644642235,5.68707343734873e-05,2.17095661798776,2.17095025584927,-0.45,-0.449999999969046,0,-0.00114976801863745,0,0
60.62,0,0,-0.000492542798676247,0.00021362363231098,2.81616559223403,5.59314223199103e-05,2.17095577340256,2.17094946656096,-0.45,-0.44999999996996,0,-0.00113987430958313,0,0
60.64,0,0,-0.00048828946801427,0.000211712597526814,2.81616670152528,5.49988433409407e-05,2.17095493611021,2.17094868337016,-0.45,-0.449999999970848,0,-0.00113006605061798,0,0
60.66,0,0,-0.000484074168935606,0.000209820438858408,2.81616779223412,5.40732170022615e-05,2.17095410595361,2.17094790615397,-0.45,-0.44999999997171,0,-0.00112034247732102,0,0
60.68,0,0,-0.000479896526018011,0.000207946946658462,2.81616886450171,5.31547523945499e-05,2.17095328278019,2.17094713479335,-0.45,-0.449999999972546,0,-0.00111070283282181,0,0
60.7,0,0,-0.000475756168010608,0.000206091913436886,2.8161699184733,5.22436483674285e-05,2.1709524664418,2.17094636917288,-0.45,-0.449999999973357,0,-0.00110114636771654,0,0
60.72,0,0,-0.0004716527277908,0.00020425513385457,2.81617095429798,5.13400937610623e-05,2.17095165679458,2.17094560918082,-0.45,-0.449999999974145,0,-0.00109167233998508,0,0
60.74,0,0,-0.000467585842321319,0.000202436404716609,2.81617197212857,5.04442676352385e-05,2.17095085369895,2.17094485470892,-0.45,-0.449999999974909,0,-0.00108228001490883,0,0
60.76,0,0,-0.000463555152607412,0.000200635524965012,2.81617297212135,4.95563394960895e-05,2.17095005701944,2.17094410565239,-0.45,-0.44999999997565,0,-0.00107296866498943,0,0
60.78,0,0,-0.000459560303654182,0.000198852295670899,2.81617395443588,4.86764695202108e-05,2.1709492666246,2.17094336190982,-0.45,-0.44999999997637,0,-0.00106373756986834,0,0
60.8,0,0,-0.000455600944424089,0.000197086520026221,2.81617491923486,4.78048087763138e-05,2.17094848238699,2.17094262338304,-0.45,-0.449999999977068,0,-0.00105458601624729,0,0
60.82,0,0,-0.000451676727794614,0.000195338003335006,2.81617586668391,4.69414994442652e-05,2.17094770418299,2.17094188997711,-0.45,-0.449999999977746,0,-0.00104551329780953,0,0
60.84,0,0,-0.000447787310516118,0.000193606553004158,2.81617679695141,4.60866750315559e-05,2.17094693189277,2.17094116160019,-0.45,-0.449999999978404,0,-0.00103651871514197,0,0
60.86,0,0,-0.000443932353169872,0.000191891978533815,2.81617771020832,4.52404605870736e-05,2.17094616540019,2.17094043816352,-0.45,-0.449999999979042,0,-0.00102760157565812,0,0
60.88,0,0,-0.000440111520126295,0.000190194091507291,2.81617860662802,4.44029729123607e-05,2.17094540459273,2.17093971958124,-0.45,-0.449999999979662,0,-0.00101876119352192,0,0
60.9,0,0,-0.000436324479503396,0.000188512705580619,2.81617948638614,4.35743207701316e-05,2.17094464936137,2.17093900577045,-0.45,-0.449999999980263,0,-0.00100999688957234,0,0
60.92,0,0,-0.000432570903125427,0.000186847636471698,2.81618034966043,4.27546050900015e-05,2.17094389960053,2.17093829665101,-0.45,-0.449999999980846,0,-0.00100130799124887,0,0
60.94,0,0,-0.000428850466481756,0.000185198701949074,2.81618119663055,4.19439191716282e-05,2.17094315520798,2.17093759214555,-0.45,-0.449999999981412,0,-0.000992693832517784,0,0
60.96,0,0,-0.000425162848685968,0.000183565721820368,2.81618202747797,4.11423488851167e-05,2.17094241608477,2.17093689217938,-0.45,-0.449999999981961,0,-0.000984153753799279,0,0
60.98,0,0,-0.000421507732435206,0.000181948517920349,2.8161828423858,4.03499728687141e-05,2.17094168213514,2.17093619668037,-0.45,-0.449999999982494,0,-0.000975687101895358,0,0
61,0,0,-0.000417884803969747,0.000180346914098697,2.81618364153866,3.95668627236583e-05,2.17094095326646,2.17093550557894,-0.45,-0.449999999983012,0,-0.000967293229918592,0,0
61.02,0,0,-0.000414293753032831,0.000178760736207445,2.81618442512252,3.87930832063581e-05,2.1709402293891,2.17093481880798,-0.45,-0.449999999983514,0,-0.000958971497221647,0,0
61.04,0,0,-0.000410734272830738,0.000177189812088114,2.81618519332458,3.8028692417734e-05,2.17093951041643,2.17093413630276,-0.45,-0.449999999984001,0,-0.000950721269327626,0,0
61.06,0,0,-0.000407206059993135,0.000175633971558578,2.81618594633316,3.72737419898611e-05,2.17093879626468,2.17093345800086,-0.45,-0.449999999984474,0,-0.000942541917861211,0,0
61.08,0,0,-0.000403708814533678,0.000174093046399644,2.81618668433751,3.6528277269723e-05,2.17093808685289,2.17093278384218,-0.45,-0.449999999984933,0,-0.000934432820480582,0,0
61.1,0,0,-0.000400242239810891,0.000172566870341381,2.81618740752775,3.5792337500318e-05,2.17093738210287,2.17093211376873,-0.45,-0.449999999985378,0,-0.000926393360810134,0,0
61.12,0,0,-0.00039680604248932,0.000171055279049206,2.81618811609473,3.50659559988841e-05,2.17093668193905,2.17093144772473,-0.45,-0.44999999998581,0,-0.000918422928373965,0,0
61.14,0,0,-0.000393399932500968,0.000169558110109722,2.8161888102299,3.43491603323887e-05,2.17093598628849,2.17093078565643,-0.45,-0.44999999998623,0,-0.000910520918530144,0,0
61.16,0,0,-0.000390023623007012,0.000168075203016354,2.8161894901252,3.36419724901637e-05,2.17093529508077,2.17093012751211,-0.45,-0.449999999986637,0,-0.000902686732405747,0,0
61.18,0,0,-0.000386676830359816,0.000166606399154765,2.81619015597296,3.29444090538454e-05,2.17093460824793,2.17092947324199,-0.45,-0.449999999987032,0,-0.000894919776832648,0,0
61.2,0,0,-0.000383359274065228,0.000165151541788071,2.8161908079658,3.22564813644861e-05,2.17093392572439,2.1709288227982,-0.45,-0.449999999987415,0,-0.000887219464284078,0,0
61.22,0,0,-0.000380070676745187,0.000163710476041889,2.8161914462965,3.1578195686872e-05,2.17093324744691,2.17092817613469,-0.45,-0.449999999987787,0,-0.000879585212811929,0,0
61.24,0,0,-0.000376810764100618,0.000162283048889185,2.81619207115792,3.09095533711593e-05,2.17093257335451,2.17092753320722,-0.45,-0.449999999988148,0,-0.000872016445984801,0,0
61.26,0,0,-0.000373579264874643,0.00016086910913498,2.81619268274291,3.02505510116417e-05,2.1709319033884,2.17092689397323,-0.45,-0.449999999988498,0,-0.000864512592826794,0,0
61.28,0,0,-0.00037037591081609,0.000159468507400894,2.81619328124418,2.96011806028314e-05,2.17093123749193,2.17092625839188,-0.45,-0.449999999988838,0,-0.000857073087757026,0,0
61.3,0,0,-0.000367200436643318,0.000158081096109551,2.81619386685426,2.89614296928143e-05,2.17093057561053,2.17092562642391,-0.45,-0.449999999989168,0,-0.000849697370529885,0,0
61.32,0,0,-0.000364052580008357,0.000156706729468847,2.81619443976539,2.83312815338364e-05,2.17092991769164,2.17092499803166,-0.45,-0.449999999989488,0,-0.000842384886175994,0,0
61.34,0,0,-0.000360932081461357,0.000155345263456105,2.8161950001694,2.77107152302154e-05,2.17092926368466,2.17092437317898,-0.45,-0.449999999989799,0,-0.000835135084943898,0,0
61.36,0,0,-0.000357838684415358,0.00015399655580211,2.81619554825771,2.7099705883395e-05,2.17092861354087,2.17092375183116,-0.45,-0.4499999999901,0,-0.000827947422242447,0,0
61.38,0,0,-0.000354772135111387,0.000152660465975048,2.81619608422116,2.64982247345269e-05,2.17092796721342,2.17092313395493,-0.45,-0.449999999990393,0,-0.000820821358583898,0,0
61.4,0,0,-0.000351732182583865,0.000151336855164343,2.81619660825001,2.59062393042081e-05,2.17092732465721,2.17092251951841,-0.45,-0.449999999990677,0,-0.000813756359527691,0,0
61.42,0,0,-0.00034871857862635,0.000150025586264421,2.8161971205338,2.53237135296635e-05,2.1709266858289,2.17092190849099,-0.45,-0.449999999990952,0,-0.000806751895624933,0,0
61.44,0,0,-0.000345731077757596,0.00014872652385839,2.81619762126135,2.4750607899215e-05,2.17092605068682,2.17092130084341,-0.45,-0.44999999999122,0,-0.00079980744236355,0,0
61.46,0,0,-0.000342769437187944,0.000147439534201658,2.81619811062064,2.41868795841494e-05,2.17092541919091,2.17092069654759,-0.45,-0.449999999991479,0,-0.000792922480114122,0,0
61.48,0,0,-0.000339833416786041,0.000146164485205486,2.81619858879875,2.3632482567992e-05,2.1709247913027,2.17092009557665,-0.45,-0.449999999991731,0,-0.000786096494076382,0,0
61.5,0,0,-0.000336922779045889,0.000144901246420505,2.81619905598182,2.30873677731435e-05,2.17092416698523,2.17091949790487,-0.45,-0.449999999991975,0,-0.000779328974226384,0,0
61.52,0,0,-0.000334037289054221,0.000143649689020171,2.81619951235499,2.25514831849214e-05,2.17092354620301,2.17091890350764,-0.45,-0.449999999992213,0,-0.000772619415264321,0,0
61.54,0,0,-0.000331176714458208,0.000142409685784199,2.81619995810232,2.20247739731974e-05,2.17092292892201,2.1709183123614,-0.45,-0.449999999992443,0,-0.000765967316562991,0,0
61.56,0,0,-0.000328340825433506,0.000141181111081968,2.81620039340674,2.15071826113242e-05,2.17092231510952,2.17091772444363,-0.45,-0.449999999992666,0,-0.000759372182116913,0,0
61.58,0,0,-0.000325529394652624,0.000139963840855904,2.81620081845001,2.09986489926836e-05,2.1709217047342,2.17091713973278,-0.45,-0.449999999992883,0,-0.000752833520492071,0,0
61.6,0,0,-0.00032274219725363,0.000138757752604844,2.81620123341267,2.0499110544681e-05,2.17092109776599,2.17091655820826,-0.45,-0.449999999993093,0,-0.00074635084477629,0,0
61.62,0,0,-0.00031997901080919,0.000137562725367407,2.81620163847397,2.00085023402893e-05,2.17092049417607,2.17091597985039,-0.45,-0.449999999993297,0,-0.000739923672530239,0,0
61.64,0,0,-0.000317239615295939,0.000136378639705354,2.81620203381185,1.95267572071081e-05,2.1709198939368,2.17091540464038,-0.45,-0.449999999993495,0,-0.000733551525739042,0,0
61.66,0,0,-0.000314523793064184,0.000135205377686959,2.81620241960288,1.90538058341585e-05,2.17091929702172,2.17091483256025,-0.45,-0.449999999993688,0,-0.000727233930764502,0,0
61.68,0,0,-0.000311831328807939,0.000134042822870397,2.81620279602223,1.85895768760967e-05,2.17091870340547,2.17091426359285,-0.45,-0.449999999993874,0,-0.000720970418297931,0,0
61.7,0,0,-0.000309162009535293,0.000132890860287143,2.81620316324362,1.81339970551664e-05,2.17091811306377,2.17091369772178,-0.45,-0.449999999994055,0,-0.000714760523313571,0,0
61.72,0,0,-0.000306515624539114,0.000131749376425401,2.81620352143928,1.76869912608407e-05,2.17091752597336,2.17091313493142,-0.45,-0.449999999994231,0,-0.000708603785022605,0,0
61.74,0,0,-0.000303891965368073,0.00013061825921357,2.81620387077992,1.72484826470596e-05,2.170916942112,2.17091257520682,-0.45,-0.449999999994401,0,-0.000702499746827751,0,0
61.76,0,0,-0.000301290825798011,0.000129497398003728,2.81620421143471,1.68183927271559e-05,2.17091636145837,2.17091201853372,-0.45,-0.449999999994567,0,-0.000696447956278438,0,0
61.78,0,0,-0.000298712001803626,0.000128386683555177,2.81620454357122,1.6396641466664e-05,2.17091578399211,2.1709114648985,-0.45,-0.449999999994727,0,-0.00069044796502654,0,0
61.8,0,0,-0.000296155291530496,0.000127286008018028,2.81620486735541,1.59831473737484e-05,2.17091520969372,2.17091091428817,-0.45,-0.449999999994883,0,-0.000684499328782683,0,0
61.82,0,0,-0.000293620495267425,0.000126195264916827,2.81620518295161,1.55778275874723e-05,2.17091463854456,2.17091036669032,-0.45,-0.449999999995034,0,-0.000678601607273103,0,0
61.84,0,0,-0.000291107415419116,0.000125114349134256,2.81620549052245,1.51805979638654e-05,2.17091407052678,2.17090982209311,-0.45,-0.449999999995181,0,-0.000672754364197055,0,0
61.86,0,0,-0.000288615856479174,0.000124043156894879,2.8162057902289,1.47913731599072e-05,2.17091350562335,2.17090928048522,-0.45,-0.449999999995324,0,-0.000666957167184769,0,0
61.88,0,0,-0.000286145625003429,0.000122981585748962,2.81620608223017,1.44100667152797e-05,2.17091294381797,2.17090874185582,-0.45,-0.449999999995462,0,-0.000661209587755932,0,0
61.9,0,0,-0.000283696529583583,0.00012192953455636,2.81620636668377,1.40365911320439e-05,2.17091238509504,2.17090820619462,-0.45,-0.449999999995596,0,-0.000655511201278716,0,0
61.92,0,0,-0.000281268380821178,0.00012088690347048,2.81620664374543,1.36708579523267e-05,2.17091182943967,2.17090767349172,-0.45,-0.449999999995726,0,-0.000649861586929315,0,0
61.94,0,0,-0.000278860991301885,0.000119853593922316,2.81620691356911,1.3312777833817e-05,2.17091127683761,2.17090714373769,-0.45,-0.449999999995852,0,-0.00064426032765201,0,0
61.96,0,0,-0.000276474175570112,0.000118829508604572,2.81620717630696,1.2962260623345e-05,2.17091072727525,2.17090661692351,-0.45,-0.449999999995975,0,-0.000638707010119738,0,0
61.98,0,0,-0.000274107750103929,0.000117814551455866,2.81620743210935,1.26192154284531e-05,2.17091018073957,2.17090609304054,-0.45,-0.449999999996094,0,-0.000633201224695169,0,0
62,0,0,-0.000271761533290304,0.000116808627645024,2.81620768112478,1.22835506870336e-05,2.17090963721812,2.17090557208048,-0.45,-0.449999999996209,0,-0.000627742565392284,0,0
62.02,0,0,-0.000269435345400657,0.00011581164355547,2.81620792349996,1.1955174235019e-05,2.17090909669899,2.1709050540354,-0.45,-0.449999999996322,0,-0.000622330629838437,0,0
62.04,0,0,-0.000267129008566722,0.000114823506769701,2.81620815937973,1.16339933720713e-05,2.17090855917078,2.17090453889769,-0.45,-0.44999999999643,0,-0.000616965019236913,0,0
62.06,0,0,-0.000264842346756722,0.000113844126053872,2.81620838890705,1.13199149255665e-05,2.17090802462261,2.17090402666003,-0.45,-0.449999999996536,0,-0.000611645338329956,0,0
62.08,0,0,-0.000262575185751849,0.000112873411342471,2.81620861222305,1.10128453125865e-05,2.17090749304403,2.17090351731538,-0.45,-0.449999999996638,0,-0.000606371195362277,0,0
62.1,0,0,-0.000260327353123046,0.000111911273723114,2.81620882946696,1.0712690600172e-05,2.17090696442504,2.17090301085698,-0.45,-0.449999999996737,0,-0.000601142202045029,0,0
62.12,0,0,-0.000258098678208101,0.000110957625421427,2.81620904077614,1.04193565638072e-05,2.17090643875609,2.1709025072783,-0.45,-0.449999999996834,0,-0.000595957973520238,0,0
62.14,0,0,-0.000255888992089034,0.000110012379786051,2.81620924628607,1.01327487440266e-05,2.17090591602797,2.17090200657303,-0.45,-0.449999999996927,0,-0.000590818128325696,0,0
62.16,0,0,-0.000253698127569784,0.000109075451273756,2.8162094461303,9.85277250146415e-06,2.17090539623189,2.17090150873509,-0.45,-0.449999999997018,0,-0.000585722288360295,0,0
62.18,0,0,-0.000251525919154199,0.000108146755434669,2.81620964044054,9.57933306998772e-06,2.1709048793594,2.17090101375857,-0.45,-0.449999999997106,0,-0.000580670078849818,0,0
62.2,0,0,-0.000249372203024312,0.000107226208897609,2.81620982934657,9.31233560839606e-06,2.17090436540235,2.17090052163775,-0.45,-0.449999999997192,0,-0.000575661128313149,0,0
62.22,0,0,-0.000247236817018915,0.000106313729355558,2.81621001297628,9.05168525022107e-06,2.17090385435295,2.17090003236708,-0.45,-0.449999999997275,0,-0.00057069506852893,0,0
62.24,0,0,-0.000245119600612417,0.000105409235551236,2.81621019145566,8.79728715215174e-06,2.17090334620366,2.17089954594113,-0.45,-0.449999999997355,0,-0.000565771534502636,0,0
62.26,0,0,-0.000243020394893997,0.00010451264726281,2.81621036490882,8.5490465406876e-06,2.17090284094723,2.17089906235463,-0.45,-0.449999999997434,0,-0.000560890164434071,0,0
62.28,0,0,-0.000240939042547033,0.000103623885289715,2.81621053345795,8.30686875732907e-06,2.17090233857667,2.1708985816024,-0.45,-0.449999999997509,0,-0.00055605059968528,0,0
62.3,0,0,-0.000238875387828818,0.000102742871438612,2.81621069722336,8.07065930219878e-06,2.17090183908521,2.17089810367938,-0.45,-0.449999999997583,0,-0.000551252484748867,0,0
62.32,0,0,-0.000236829276550557,0.000101869528509467,2.81621085632348,7.84032387612563e-06,2.1709013424663,2.17089762858061,-0.45,-0.449999999997654,0,-0.000546495467216719,0,0
62.34,0,0,-0.000234800556057637,0.000101003780281756,2.81621101087485,7.61576842130019e-06,2.17090084871361,2.17089715630118,-0.45,-0.449999999997724,0,-0.000541779197749123,0,0
62.36,0,0,-0.000232789075210174,0.000100145551500803,2.81621116099212,7.39689916053605e-06,2.17090035782097,2.17089668683629,-0.45,-0.449999999997791,0,-0.000537103330044279,0,0
62.38,0,0,-0.000230794684363834,9.92947678642527e-05,2.8162113067881,7.18362263490633e-06,2.17089986978239,2.17089622018115,-0.45,-0.449999999997856,0,-0.0005324675208082,0,0
62.4,0,0,-0.000228817235350916,9.84513560086666e-05,2.81621144837369,6.97584574026707e-06,2.17089938459205,2.17089575633106,-0.45,-0.44999999999792,0,-0.000527871429724985,0,0
62.42,0,0,-0.00022685658146171,9.76152434962572e-05,2.81621158585797,6.77347576211614e-06,2.17089890224425,2.17089529528129,-0.45,-0.449999999997981,0,-0.000523314719427477,0,0
62.44,0,0,-0.000224912577426116,9.67863588017572e-05,2.81621171934815,6.57642040935477e-06,2.17089842273343,2.17089483702721,-0.45,-0.449999999998041,0,-0.000518797055468287,0,0
62.46,0,0,-0.000222985079395521,9.59646312994221e-05,2.81621184894961,6.38458784655168e-06,2.17089794605413,2.17089438156415,-0.45,-0.449999999998099,0,-0.000514318106291184,0,0
62.48,0,0,-0.000221073944924941,9.51499912501647e-05,2.81621197476588,6.19788672505417e-06,2.170897472201,2.17089392888745,-0.45,-0.449999999998155,0,-0.000509877543202841,0,0
62.5,0,0,-0.000219179032955411,9.43423697888322e-05,2.81621209689868,6.01622621276873e-06,2.17089700116878,2.17089347899248,-0.45,-0.449999999998209,0,-0.000505475040344944,0,0
62.52,0,0,-0.000217300203796635,9.35416989116145e-05,2.81621221544793,5.83951602270121e-06,2.17089653295227,2.17089303187455,-0.45,-0.449999999998262,0,-0.000501110274666642,0,0
62.54,0,0,-0.000215437319109886,9.27479114635969e-05,2.81621233051172,5.66766644033346e-06,2.17089606754635,2.17089258752899,-0.45,-0.449999999998314,0,-0.000496782925897345,0,0
62.56,0,0,-0.000213590241891147,9.19609411264425e-05,2.81621244218639,5.50058834977807e-06,2.17089560494595,2.17089214595107,-0.45,-0.449999999998364,0,-0.000492492676519863,0,0
62.58,0,0,-0.000211758836454504,9.11807224062185e-05,2.81621255056648,5.33819325875634e-06,2.17089514514605,2.17089170713604,-0.45,-0.449999999998412,0,-0.000488239211743879,0,0
62.6,0,0,-0.000209942968415777,9.04071906213599e-05,2.81621265574476,5.18039332243654e-06,2.17089468814162,2.1708912710791,-0.45,-0.449999999998459,0,-0.000484022219479749,0,0
62.62,0,0,-0.000208142504676396,8.96402818907705e-05,2.81621275781226,5.02710136625171e-06,2.17089423392772,2.17089083777541,-0.45,-0.449999999998504,0,-0.000479841390312629,0,0
62.64,0,0,-0.000206357313407502,8.88799331220634e-05,2.81621285685829,4.87823090755133e-06,2.17089378249936,2.17089040722006,-0.45,-0.449999999998549,0,-0.000475696417476924,0,0
62.66,0,0,-0.000204587264034298,8.81260819999413e-05,2.8162129529704,4.73369617624575e-06,2.17089333385158,2.17088997940808,-0.45,-0.449999999998592,0,-0.00047158699683105,0,0
62.68,0,0,-0.000202832227220614,8.73786669747171e-05,2.81621304623447,4.59341213429237e-06,2.17089288797943,2.17088955433444,-0.45,-0.449999999998633,0,-0.000467512826832506,0,0
62.7,0,0,-0.000201092074853715,8.66376272509699e-05,2.81621313673466,4.45729449440793e-06,2.17089244487792,2.17088913199404,-0.45,-0.449999999998674,0,-0.000463473608513256,0,0
62.72,0,0,-0.000199366680029324,8.59029027763445e-05,2.81621322455347,4.32525973749e-06,2.17089200454206,2.17088871238167,-0.45,-0.449999999998713,0,-0.000459469045455408,0,0
62.74,0,0,-0.000197655917036873,8.5174434230487e-05,2.81621330977172,4.1972251292804e-06,2.17089156696681,2.17088829549208,-0.45,-0.449999999998751,0,-0.000455498843767196,0,0
62.76,0,0,-0.000195959661344972,8.44521630141199e-05,2.8162133924686,4.07310873602153e-06,2.1708911321471,2.17088788131989,-0.45,-0.449999999998788,0,-0.000451562712059247,0,0
62.78,0,0,-0.000194277789587097,8.37360312382537e-05,2.81621347272165,3.95282943925122e-06,2.17089070007784,2.17088746985966,-0.45,-0.449999999998824,0,-0.000447660361421147,0,0
62.8,0,0,-0.000192610179547487,8.302598171354e-05,2.81621355060682,3.83630694963813e-06,2.17089027075386,2.17088706110585,-0.45,-0.449999999998858,0,-0.000443791505398277,0,0
62.82,0,0,-0.000190956710147262,8.23219579397624e-05,2.81621362619844,3.72346181994255e-06,2.17088984416995,2.17088665505278,-0.45,-0.449999999998892,0,-0.000439955859968946,0,0
62.84,0,0,-0.000189317261430741,8.16239040954605e-05,2.81621369956928,3.61421545710778e-06,2.17088942032085,2.17088625169473,-0.45,-0.449999999998925,0,-0.000436153143521782,0,0
62.86,0,0,-0.000187691714551969,8.09317650276942e-05,2.81621377079054,3.50849013365713e-06,2.1708889992012,2.17088585102581,-0.45,-0.449999999998957,0,-0.000432383076833411,0,0
62.88,0,0,-0.000186079951761449,8.02454862419479e-05,2.81621383993185,3.40620899804662e-06,2.1708885808056,2.17088545304009,-0.45,-0.449999999998987,0,-0.000428645383046387,0,0
62.9,0,0,-0.000184481856393075,7.95650138921622e-05,2.81621390706135,3.30729608448228e-06,2.17088816512855,2.17088505773145,-0.45,-0.449999999999017,0,-0.000424939787647403,0,0
62.92,0,0,-0.000182897312851258,7.88902947709062e-05,2.81621397224565,3.211676321725e-06,2.1708877521645,2.17088466509371,-0.45,-0.449999999999046,0,-0.000421266018445745,0,0
62.94,0,0,-0.000181326206598252,7.82212762996865e-05,2.81621403554986,3.11927554139446e-06,2.17088734190778,2.17088427512056,-0.45,-0.449999999999075,0,-0.000417623805552012,0,0
62.96,0,0,-0.000179768424141672,7.75579065193884e-05,2.81621409703764,3.03002048536118e-06,2.17088693435264,2.17088388780556,-0.45,-0.449999999999102,0,-0.000414012881357083,0,0
62.98,0,0,-0.000178223853022201,7.69001340808464e-05,2.81621415677117,2.94383881251326e-06,2.17088652949326,2.17088350314216,-0.45,-0.449999999999128,0,-0.000410432980511335,0,0
63,0,0,-0.000176692381801481,7.62479082355522e-05,2.81621421481121,2.86065910480729e-06,2.17088612732369,2.17088312112367,-0.45,-0.449999999999154,0,-0.000406883839904101,0,0
63.02,0,0,-0.000175173900050197,7.5601178826496e-05,2.81621427121708,2.78041087268861e-06,2.17088572783789,2.1708827417433,-0.45,-0.449999999999179,0,-0.00040336519864337,0,0
63.04,0,0,-0.000173668298336331,7.49598962791337e-05,2.81621432604672,2.70302455975344e-06,2.17088533102973,2.17088236499412,-0.45,-0.449999999999203,0,-0.000399876798035727,0,0
63.06,0,0,-0.00017217546821361,7.43240115924883e-05,2.81621437935668,2.62843154700819e-06,2.17088493689296,2.17088199086908,-0.45,-0.449999999999227,0,-0.00039641838156652,0,0
63.08,0,0,-0.000170695302210113,7.36934763303804e-05,2.81621443120215,2.55656415627794e-06,2.17088454542123,2.170881619361,-0.45,-0.44999999999925,0,-0.00039298969488026,0,0
63.1,0,0,-0.000169227693817071,7.30682426127858e-05,2.81621448163697,2.48735565314315e-06,2.17088415660806,2.17088125046256,-0.45,-0.449999999999272,0,-0.000389590485761245,0,0
63.12,0,0,-0.000167772537477823,7.24482631073229e-05,2.81621453071367,2.4207402492986e-06,2.17088377044688,2.17088088416633,-0.45,-0.449999999999294,0,-0.000386220504114411,0,0
63.14,0,0,-0.000166329728576949,7.18334910208649e-05,2.81621457848344,2.3566531043e-06,2.170883386931,2.17088052046475,-0.45,-0.449999999999314,0,-0.000382879501946396,0,0
63.16,0,0,-0.000164899163429568,7.12238800912761e-05,2.81621462499622,2.29503032684688e-06,2.17088300605359,2.17088015935012,-0.45,-0.449999999999335,0,-0.000379567233346824,0,0
63.18,0,0,-0.000163480739270802,7.06193845792782e-05,2.81621467030066,2.23580897549282e-06,2.17088262780774,2.17087980081461,-0.45,-0.449999999999354,0,-0.000376283454469797,0,0
63.2,0,0,-0.000162074354245393,7.00199592604389e-05,2.81621471444417,2.17892705885758e-06,2.17088225218639,2.17087944485026,-0.45,-0.449999999999373,0,-0.000373027923515605,0,0
63.22,0,0,-0.000160679907397493,6.94255594172808e-05,2.81621475747293,2.12432353533284e-06,2.17088187918236,2.170879091449,-0.45,-0.449999999999392,0,-0.000369800400712628,0,0
63.24,0,0,-0.000159297298660595,6.88361408315123e-05,2.8162147994319,2.07193831234804e-06,2.17088150878837,2.17087874060261,-0.45,-0.44999999999941,0,-0.000366600648299457,0,0
63.26,0,0,-0.000157926428847632,6.8251659776379e-05,2.81621484036486,2.02171224517503e-06,2.170881140997,2.17087839230276,-0.45,-0.449999999999427,0,-0.000363428430507198,0,0
63.28,0,0,-0.00015656719964122,6.76720730091396e-05,2.8162148803144,1.97358713533247e-06,2.17088077580071,2.17087804654096,-0.45,-0.449999999999444,0,-0.000360283513541988,0,0
63.3,0,0,-0.000155219513584051,6.70973377636556e-05,2.81621491932197,1.92750572838067e-06,2.17088041319183,2.17087770330863,-0.45,-0.449999999999461,0,-0.000357165665567696,0,0
63.32,0,0,-0.000153883274069433,6.65274117430951e-05,2.81621495742788,1.88341171155206e-06,2.17088005316257,2.17087736259705,-0.45,-0.449999999999477,0,-0.000354074656688812,0,0
63.34,0,0,-0.00015255838533198,6.59622531127641e-05,2.81621499467132,1.84124971080124e-06,2.17087969570503,2.17087702439735,-0.45,-0.449999999999492,0,-0.000351010258933535,0,0
63.36,0,0,-0.000151244752438436,6.54018204930409e-05,2.81621503109038,1.80096528762706e-06,2.17087934081116,2.17087668870058,-0.45,-0.449999999999507,0,-0.000347972246237034,0,0
63.38,0,0,-0.000149942281278645,6.48460729524297e-05,2.81621506672209,1.76250493535137e-06,2.1708789884728,2.17087635549763,-0.45,-0.449999999999522,0,-0.000344960394424894,0,0
63.4,0,0,-0.000148650878556656,6.42949700007284e-05,2.81621510160239,1.72581607521226e-06,2.17087863868166,2.17087602477929,-0.45,-0.449999999999536,0,-0.000341974481196752,0,0
63.42,0,0,-0.000147370451781967,6.37484715823052e-05,2.81621513576619,1.69084705199607e-06,2.17087829142934,2.17087569653623,-0.45,-0.44999999999955,0,-0.000339014286110091,0,0
63.44,0,0,-0.000146100909260896,6.32065380694869e-05,2.8162151692474,1.65754712941502e-06,2.1708779467073,2.17087537075897,-0.45,-0.449999999999563,0,-0.000336079590564223,0,0
63.46,0,0,-0.000144842160088091,6.26691302560571e-05,2.81621520207887,1.62586648508984e-06,2.17087760450688,2.17087504743796,-0.45,-0.449999999999576,0,-0.000333170177784436,0,0
63.48,0,0,-0.000143594114138161,6.21362093508571e-05,2.81621523429252,1.59575620534166e-06,2.17087726481931,2.17087472656348,-0.45,-0.449999999999588,0,-0.000330285832806311,0,0
63.5,0,0,-0.000142356682057443,6.1607736971504e-05,2.81621526591927,1.56716827962599e-06,2.17087692763568,2.17087440812572,-0.45,-0.4499999999996,0,-0.000327426342460208,0,0
63.52,0,0,-0.000141129775255883,6.10836751382033e-05,2.81621529698909,1.54005559465402e-06,2.17087659294696,2.17087409211479,-0.45,-0.449999999999612,0,-0.000324591495355908,0,0
63.54,0,0,-0.000139913305899048,6.05639862676725e-05,2.81621532753102,1.51437192835225e-06,2.17087626074403,2.17087377852063,-0.45,-0.449999999999624,0,-0.000321781081867425,0,0
63.56,0,0,-0.000138707186900257,6.00486331671657e-05,2.81621535757319,1.49007194348011e-06,2.17087593101762,2.17087346733311,-0.45,-0.449999999999635,0,-0.000318994894117972,0,0
63.58,0,0,-0.000137511331912827,5.95375790285998e-05,2.81621538714283,1.46711118107275e-06,2.17087560375835,2.17087315854198,-0.45,-0.449999999999646,0,-0.000316232725965082,0,0
63.6,0,0,-0.000136325655322437,5.90307874227827e-05,2.81621541626628,1.44544605363466e-06,2.17087527895673,2.17087285213686,-0.45,-0.449999999999656,0,-0.000313494372985884,0,0
63.62,0,0,-0.00013515007223961,5.85282222937374e-05,2.81621544496902,1.42503383805764e-06,2.17087495660316,2.17087254810732,-0.45,-0.449999999999666,0,-0.000310779632462534,0,0
63.64,0,0,-0.000133984498492301,5.80298479531302e-05,2.8162154732757,1.40583266844332e-06,2.17087463668792,2.17087224644278,-0.45,-0.449999999999676,0,-0.000308088303367793,0,0
63.66,0,0,-0.000132828850618603,5.75356290747892e-05,2.81621550121013,1.38780152859706e-06,2.17087431920116,2.17087194713258,-0.45,-0.449999999999686,0,-0.000305420186350744,0,0
63.68,0,0,-0.000131683045859554,5.70455306893231e-05,2.8162155287953,1.37090024445561e-06,2.17087400413296,2.17087165016596,-0.45,-0.449999999999695,0,-0.000302775083722673,0,0
63.7,0,0,-0.000130547002152057,5.65595181788298e-05,2.81621555605341,1.35508947622843e-06,2.17087369147326,2.17087135553207,-0.45,-0.449999999999704,0,-0.00030015279944307,0,0
63.72,0,0,-0.000129420638121902,5.60775572717054e-05,2.81621558300589,1.34033071044638e-06,2.17087338121191,2.17087106321995,-0.45,-0.449999999999713,0,-0.000297553139105789,0,0
63.74,0,0,-0.000128303873076891,5.55996140375337e-05,2.8162156096734,1.32658625182737e-06,2.17087307333864,2.17087077321857,-0.45,-0.449999999999721,0,-0.000294975909925336,0,0
63.76,0,0,-0.000127196627000062,5.51256548820813e-05,2.81621563607585,1.31381921507061e-06,2.17087276784309,2.17087048551679,-0.45,-0.449999999999729,0,-0.000292420920723299,0,0
63.78,0,0,-0.000126098820543019,5.46556465423681e-05,2.81621566223244,1.30199351635384e-06,2.17087246471479,2.17087020010339,-0.45,-0.449999999999737,0,-0.000289887981914905,0,0
63.8,0,0,-0.000125010375019352,5.4189556081832e-05,2.81621568816163,1.29107386481748e-06,2.17087216394317,2.17086991696707,-0.45,-0.449999999999745,0,-0.000287376905495721,0,0
63.82,0,0,-0.000123931212398161,5.37273508855781e-05,2.8162157138812,1.28102575390552e-06,2.17087186551759,2.17086963609645,-0.45,-0.449999999999753,0,-0.000284887505028477,0,0
63.84,0,0,-0.000122861255297661,5.32689986557239e-05,2.81621573940825,1.27181545255802e-06,2.17087156942727,2.17086935748007,-0.45,-0.44999999999976,0,-0.000282419595630016,0,0
63.86,0,0,-0.000121800426978898,5.28144674068093e-05,2.81621576475919,1.2634099964249e-06,2.17087127566137,2.17086908110639,-0.45,-0.449999999999767,0,-0.000279972993958381,0,0
63.88,0,0,-0.000120748651339536,5.23637254613089e-05,2.8162157899498,1.25577717875885e-06,2.17087098420895,2.17086880696377,-0.45,-0.449999999999774,0,-0.000277547518200016,0,0
63.9,0,0,-0.00011970585290775,5.19167414452141e-05,2.81621581499522,1.24888554133229e-06,2.17087069505897,2.17086853504055,-0.45,-0.449999999999781,0,-0.000275142988057097,0,0
63.92,0,0,-0.000118671956836195,5.14734842837012e-05,2.81621583990996,1.24270436539924e-06,2.17087040820031,2.17086826532495,-0.45,-0.449999999999787,0,-0.000272759224734983,0,0
63.94,0,0,-0.000117646888896067,5.10339231968754e-05,2.81621586470793,1.23720366241342e-06,2.17087012362179,2.17086799780516,-0.45,-0.449999999999793,0,-0.000270396050929782,0,0
63.96,0,0,-0.000116630575471244,5.0598027695597e-05,2.81621588940244,1.23235416473306e-06,2.1708698413121,2.17086773246926,-0.45,-0.449999999999799,0,-0.000268053290816044,0,0
63.98,0,0,-0.000115622943552514,5.01657675773844e-05,2.81621591400624,1.2281273162489e-06,2.17086956125989,2.17086746930531,-0.45,-0.449999999999805,0,-0.000265730770034561,0,0
64,0,0,-0.000114623920731883,4.97371129223902e-05,2.8162159385315,1.22449526302008e-06,2.17086928345372,2.1708672083013,-0.45,-0.449999999999811,0,-0.000263428315680288,0,0
64.02,0,0,-0.000113633435196959,4.93120340894515e-05,2.81621596298984,1.22143084382523e-06,2.17086900788206,2.17086694944515,-0.45,-0.449999999999817,0,-0.000261145756290377,0,0
64.04,0,0,-0.000112651415725418,4.88905017122169e-05,2.81621598739234,1.21890758062614e-06,2.17086873453333,2.17086669272471,-0.45,-0.449999999999822,0,-0.000258882921832314,0,0
64.06,0,0,-0.00011167779167955,4.84724866953459e-05,2.81621601174958,1.21689966898369e-06,2.17086846339587,2.17086643812782,-0.45,-0.449999999999827,0,-0.000256639643692179,0,0
64.08,0,0,-0.00011071249300087,4.80579602107747e-05,2.8162160360716,1.21538196864868e-06,2.17086819445793,2.17086618564223,-0.45,-0.449999999999832,0,-0.000254415754663004,0,0
64.1,0,0,-0.000109755450204812,4.76468936940578e-05,2.81621606036796,1.21432999381872e-06,2.17086792770774,2.17086593525566,-0.45,-0.449999999999837,0,-0.000252211088933244,0,0
64.12,0,0,-0.000108806594375495,4.72392588407733e-05,2.81621608464774,1.21371990367615e-06,2.17086766313342,2.17086568695578,-0.45,-0.449999999999842,0,-0.000250025482075348,0,0
64.14,0,0,-0.000107865857160553,4.68350276030007e-05,2.81621610891955,1.21352849274027e-06,2.17086740072305,2.17086544073022,-0.45,-0.449999999999847,0,-0.00024785877103444,0,0
64.16,0,0,-0.000106933170766044,4.64341721858617e-05,2.81621613319152,1.21373318122767e-06,2.17086714046466,2.17086519656655,-0.45,-0.449999999999851,0,-0.000245710794117098,0,0
64.18,0,0,-0.00010600846795142,4.60366650441276e-05,2.81621615747137,1.2143120054867e-06,2.1708668823462,2.17086495445232,-0.45,-0.449999999999856,0,-0.000243581390980238,0,0
64.2,0,0,-0.000105091682024571,4.56424788788931e-05,2.81621618176635,1.2152436082941e-06,2.17086662635559,2.17086471437506,-0.45,-0.44999999999986,0,-0.000241470402620093,0,0
64.22,0,0,-0.000104182746836928,4.52515866343064e-05,2.81621620608333,1.21650722936902e-06,2.17086637248067,2.17086447632222,-0.45,-0.449999999999864,0,-0.000239377671361295,0,0
64.24,0,0,-0.000103281596778634,4.48639614943717e-05,2.81621623042872,1.2180826957015e-06,2.17086612070926,2.17086424028123,-0.45,-0.449999999999868,0,-0.000237303040846052,0,0
64.26,0,0,-0.000102388166773781,4.44795768798044e-05,2.81621625480858,1.21995041200015e-06,2.17086587102911,2.17086400623954,-0.45,-0.449999999999872,0,-0.000235246356023422,0,0
64.28,0,0,-0.000101502392275706,4.40984064449503e-05,2.81621627922856,1.22209135116645e-06,2.17086562342794,2.17086377418452,-0.45,-0.449999999999876,0,-0.000233207463138681,0,0
64.3,0,0,-0.000100624209262346,4.3720424074761e-05,2.81621630369393,1.22448704478483e-06,2.17086537789341,2.17086354410351,-0.45,-0.44999999999988,0,-0.000231186209722786,0,0
64.32,0,0,-9.97535542316591e-05,4.33456038818298e-05,2.81621632820962,1.22711957358109e-06,2.17086513441317,2.17086331598388,-0.45,-0.449999999999883,0,-0.000229182444581924,0,0
64.34,0,0,-9.88903641970994e-05,4.29739202034835e-05,2.81621635278018,1.22997155799725e-06,2.17086489297479,2.17086308981292,-0.45,-0.449999999999887,0,-0.000227196017787163,0,0
64.36,0,0,-9.80345766831503e-05,4.26053475989314e-05,2.81621637740983,1.23302614876659e-06,2.17086465356585,2.17086286557796,-0.45,-0.44999999999989,0,-0.000225226780664185,0,0
64.38,0,0,-9.71861297209159e-05,4.2239860846461e-05,2.81621640210247,1.23626701753895e-06,2.17086441617386,2.17086264326625,-0.45,-0.449999999999893,0,-0.000223274585783106,0,0
64.4,0,0,-9.63449618437665e-05,4.18774349407024e-05,2.81621642686165,1.23967834754575e-06,2.17086418078631,2.17086242286508,-0.45,-0.449999999999896,0,-0.000221339286948392,0,0
64.42,0,0,-9.55110120830392e-05,4.15180450899311e-05,2.81621645169063,1.24324482432609e-06,2.17086394739068,2.1708622043617,-0.45,-0.449999999999899,0,-0.000219420739188855,0,0
64.44,0,0,-9.46842199637907e-05,4.11616667134296e-05,2.81621647659238,1.24695162649251e-06,2.1708637159744,2.17086198774337,-0.45,-0.449999999999902,0,-0.000217518798747734,0,0
64.46,0,0,-9.38645255006039e-05,4.08082754388995e-05,2.81621650156954,1.25078441655774e-06,2.17086348652487,2.17086177299732,-0.45,-0.449999999999905,0,-0.000215633323072867,0,0
64.48,0,0,-9.30518691934447e-05,4.04578470999201e-05,2.8162165266245,1.25472933179588e-06,2.17086325902951,2.17086156011079,-0.45,-0.449999999999908,0,-0.000213764170806938,0,0
64.5,0,0,-9.22461920235693e-05,4.01103577334631e-05,2.81621655175937,1.25877297517259e-06,2.17086303347567,2.17086134907101,-0.45,-0.449999999999911,0,-0.000211911201777814,0,0
64.52,0,0,-9.14474354494809e-05,3.97657835774438e-05,2.81621657697599,1.26290240641031e-06,2.17086280985072,2.17086113986521,-0.45,-0.449999999999913,0,-0.000210074276988954,0,0
64.54,0,0,-9.06555414029351e-05,3.94241010683302e-05,2.81621660227596,1.26710513298731e-06,2.17086258814198,2.17086093248064,-0.45,-0.449999999999916,0,-0.000208253258609913,0,0
64.56,0,0,-8.98704522849922e-05,3.90852868387898e-05,2.81621662766061,1.27136910133554e-06,2.1708623683368,2.17086072690451,-0.45,-0.449999999999918,0,-0.000206448009966906,0,0
64.58,0,0,-8.90921109621163e-05,3.87493177153912e-05,2.81621665313105,1.27568268794298e-06,2.17086215042247,2.17086052312408,-0.45,-0.449999999999921,0,-0.00020465839553347,0,0
64.6,0,0,-8.83204607623201e-05,3.84161707163376e-05,2.81621667868817,1.28003469078738e-06,2.17086193438632,2.17086032112658,-0.45,-0.449999999999923,0,-0.000202884280921189,0,0
64.62,0,0,-8.75554454713543e-05,3.80858230492563e-05,2.81621670433262,1.28441432052079e-06,2.17086172021564,2.17086012089929,-0.45,-0.449999999999925,0,-0.000201125532870505,0,0
64.64,0,0,-8.6797009328941e-05,3.77582521090179e-05,2.81621673006486,1.28881119199342e-06,2.17086150789772,2.17085992242944,-0.45,-0.449999999999928,0,-0.000199382019241596,0,0
64.66,0,0,-8.60450970250503e-05,3.7433435475609e-05,2.81621675588512,1.29321531574828e-06,2.17086129741986,2.17085972570434,-0.45,-0.44999999999993,0,-0.00019765360900534,0,0
64.68,0,0,-8.52996536962188e-05,3.71113509120399e-05,2.81621678179345,1.29761708962983e-06,2.17086108876935,2.17085953071129,-0.45,-0.449999999999932,0,-0.000195940172234341,0,0
64.7,0,0,-8.45606249219099e-05,3.67919763622914e-05,2.81621680778972,1.3020072903767e-06,2.17086088193348,2.17085933743757,-0.45,-0.449999999999934,0,-0.000194241580094039,0,0
64.72,0,0,-8.38279567209143e-05,3.64752899493032e-05,2.81621683387361,1.30637706551659e-06,2.17086067689954,2.17085914587052,-0.45,-0.449999999999936,0,-0.000192557704833885,0,0
64.74,0,0,-8.3101595547791e-05,3.61612699729997e-05,2.81621686004461,1.31071792503057e-06,2.17086047365484,2.1708589559975,-0.45,-0.449999999999938,0,-0.000190888419778591,0,0
64.76,0,0,-8.23814882893467e-05,3.58498949083525e-05,2.81621688630208,1.31502173340165e-06,2.17086027218669,2.17085876780586,-0.45,-0.44999999999994,0,-0.000189233599319448,0,0
64.78,0,0,-8.16675822611541e-05,3.55411434034797e-05,2.81621691264518,1.31928070152036e-06,2.17086007248239,2.17085858128299,-0.45,-0.449999999999941,0,-0.000187593118905719,0,0
64.8,0,0,-8.09598252041076e-05,3.52349942777827e-05,2.81621693907296,1.32348737887637e-06,2.17085987452929,2.17085839641632,-0.45,-0.449999999999943,0,-0.000185966855036097,0,0
64.82,0,0,-8.02581652810162e-05,3.49314265201201e-05,2.81621696558428,1.32763464565756e-06,2.17085967831472,2.17085821319329,-0.45,-0.449999999999945,0,-0.000184354685250229,0,0
64.84,0,0,-7.95625510732318e-05,3.46304192870096e-05,2.8162169921779,1.3317157051246e-06,2.17085948382603,2.17085803160136,-0.45,-0.449999999999946,0,-0.000182756488120319,0,0
64.86,0,0,-7.88729315773144e-05,3.43319519008671e-05,2.81621701885242,1.33572407596436e-06,2.1708592910506,2.17085785162803,-0.45,-0.449999999999948,0,-0.000181172143242784,0,0
64.88,0,0,-7.81892562017308e-05,3.40360038482809e-05,2.81621704560634,1.33965358468309e-06,2.17085909997581,2.17085767326084,-0.45,-0.449999999999949,0,-0.000179601531229985,0,0
64.9,0,0,-7.75114747635888e-05,3.37425547783153e-05,2.816217072438,1.3434983581878e-06,2.17085891058908,2.17085749648735,-0.45,-0.449999999999951,0,-0.000178044533702024,0,0
64.92,0,0,-7.68395374854037e-05,3.3451584500848e-05,2.81621709934567,1.34725281651865e-06,2.17085872287783,2.17085732129514,-0.45,-0.449999999999952,0,-0.0001765010332786,0,0
64.94,0,0,-7.61733949918992e-05,3.31630729849333e-05,2.81621712632748,1.35091166550454e-06,2.17085853682952,2.17085714767187,-0.45,-0.449999999999954,0,-0.000174970913570933,0,0
64.96,0,0,-7.5512998306839e-05,3.28770003572021e-05,2.81621715338147,1.35446988964135e-06,2.17085835243162,2.17085697560518,-0.45,-0.449999999999955,0,-0.000173454059173755,0,0
64.98,0,0,-7.48582988498918e-05,3.25933469002891e-05,2.81621718050557,1.35792274502573e-06,2.17085816967164,2.17085680508279,-0.45,-0.449999999999957,0,-0.000171950355657358,0,0
65,0,0,-7.42092484335267e-05,3.23120930512855e-05,2.81621720769764,1.36126575236062e-06,2.17085798853711,2.17085663609246,-0,-0.449999999999958,0,-0.000170459689559706,0,0
65.02,0,0,1.61280270604237e-05,0.00898376135081972,2.8162073674506,-0.00184598575661838,2.06563996520275,0.52736422662327,-0,-0.436700490187459,0,-0.000169580688378614,0,0
65.04,0,0,0.000284232330538573,0.0177995882416433,2.81607655153977,-0.0135681082350999,1.77133683266723,-1.06510384453234,-0,-0.423794040288855,0,-0.000172290599530868,0,0
65.06,0,0,0.000726853274357168,0.0264273468879139,2.81554478923444,-0.0431240727417205,1.32264764673618,-2.57662349099701,-0,-0.411269033628187,0,-0.00014236895521395,1,0
65.08,0,0,0.00133983976860064,0.0348341327203353,2.81420114481805,-0.094902346124268,0.844440177585241,-3.95923808741341,-0,-0.399114196854153,0,0.00128489938731723,1,0
65.1,0,0,0.00211876690571244,0.0430229847633334,2.81161188094062,-0.167222717689671,0.412729085278084,-5.19610554979399,-0,-0.387318589793331,0,0.00494979071834975,1,0
65.12,0,0,0.00305936352036476,0.0510023279315468,2.80739318266758,-0.25741972628999,0.0239037610189266,-6.29705286300455,-0,-0.375871595603286,0,0.010618456412635,1,0
65.14,0,0,0.0041575081125968,0.0587787391196798,2.80121236064473,-0.363043809265528,-0.325408139863357,-7.2713145459346,-0,-0.364762911216695,0,0.0180717767628063,1,0
65.16,0,0,0.00540919394668936,0.0663571503720557,2.79278367806461,-0.481846955075554,-0.638354870793512,-8.12756565888417,-0,-0.35398253806789,0,0.0271045142245588,1,0
65.18,0,0,0.00681049805170996,0.0737410360617136,2.78186445597166,-0.61176920870755,-0.917873980904446,-8.8739530744255,-0,-0.343520773093473,0,0.0375245127074348,1,0
65.2,0,0,0.00835755381459292,0.0809325851356114,2.76825144032656,-0.750925982705824,-1.16670495751306,-9.51812509923383,-0,-0.333368199998908,0,0.0491519405187647,1,0
65.22,0,0,0.0100465268771158,0.0879328594196952,2.75177741516803,-0.897596129139466,-1.38740116345772,-10.0672595301193,-0,-0.323515680783217,0,0.0618185746879878,1,0
65.24,0,0,0.0118735940674097,0.0947419389182743,2.73230804708055,-1.05021073018327,-1.58234110663657,-10.5280902234325,-0,-0.313954347514164,0,0.0753671245124521,1,0
65.26,0,0,0.0138349251147655,0.101359054986114,2.70973894700018,-1.20734256721951,-1.75373907718414,-10.9069322531478,-0,-0.304675594346516,0,0.089650592274143,1,0
65.28,0,0,0.015926666913529,0.10778271219875,2.68399293617121,-1.36769623048929,-1.903655185915,-11.2097057292471,-0,-0.295671069776203,0,0.104531669179871,1,0
65.3,0,0,0.0181449301178888,0.114010799696587,2.65501750380566,-1.5300988333351,-2.03400483594521,-11.441958344516,-0,-0.286932669123401,0,0.11988216467552,1,0
65.32,0,0,0.0204857778643901,0.120040692731185,2.62278244469718,-1.69349129698654,-2.14656765776857,-11.6088867145255,-0,-0.278452527237771,0,0.135582467378246,1,0
65.34,0,0,0.0229452164331315,0.125869345097636,2.58727766570385,-1.85692017365416,-2.24299593651221,-11.7153565723876,-0,-0.270223011419295,0,0.151521035959252,1,0
65.36,0,0,0.0255191876718523,0.131493373094972,2.54851115064183,-2.01952997741654,-2.32482255862109,-11.7659218768467,-0,-0.26223671454833,0,0.167593918394171,1,0
65.38,0,0,0.0282035630195596,0.136909131616884,2.50650707372515,-2.18055599401776,-2.39346850381908,-11.7648428893788,-0,-0.2544864484187,0,0.183704298078351,1,0
65.4,0,0,0.03099413897801,0.142112782937713,2.46130405224957,-2.33931754224121,-2.45024990686192,-11.716103273229,-0,-0.246965237267828,0,0.199762065380689,1,0
65.42,0,0,0.0338866338903057,0.147100358723419,2.41295352974993,-2.49521166099412,-2.49638471233234,-11.6234262646957,-0,-0.239666311498072,0,0.215683413282242,1,0
65.44,0,0,0.0368766858961238,0.151867815764,2.36151828136367,-2.64770719763095,-2.53299894452488,-11.4902899644853,-0,-0.232583101583641,0,0.231390455814865,1,0
65.46,0,0,0.0399598519427101,0.156411085892542,2.3070710336095,-2.79633927436499,-2.56113261332573,-11.3199417945867,-0,-0.225709232157566,0,0.246810868080765,1,0
65.48,0,0,0.0431316077397733,0.160726120526553,2.24969319124048,-2.94070411087094,-2.58174527590812,-11.1154121638605,-0,-0.219038516273452,0,0.261877546696247,1,0
65.5,0,0,0.0463873485548497,0.164808930239415,2.1894736642566,-3.08045418236945,-2.59572127303295,-10.8795273833879,-0,-0.212564949836798,0,0.276528289562238,1,0
65.52,0,0,0.0497223907535999,0.168655619743615,2.12650778856494,-3.21529369361185,-2.60387465776562,-10.6149218705822,-0,-0.206282706200914,0,0.290705493920547,1,0
65.54,0,0,0.053131973996881,0.172262418642734,2.0608963341563,-3.34497435025094,-2.60695383349033,-10.3240496791158,-0,-0.20018613092254,0,0.30435587170844,1,0
65.56,0,0,0.0566112640133475,0.175625708285929,1.99274459502714,-3.46929141009722,-2.60564591722042,-10.0091953898693,-0,-0.194269736672472,0,0.317430181274991,1,0
65.58,0,0,0.0601553558727813,0.178742045036802,1.92216155541625,-3.58807999771925,-2.60058084336493,-9.67248439634125,-0,-0.188528198296589,0,0.329882974571116,1,0
65.6,0,0,0.0637592776913879,0.181608180247957,1.84925912724682,-3.70121166675712,-2.59233522231563,-9.31589261628505,-0,-0.182956348022859,0,0.341672358971156,1,0
65.62,0,0,0.0674179947059221,0.184221077213186,1.77415145396898,-3.80859119517989,-2.58143596746331,-8.94125565973992,-0,-0.177549170809994,0,0.352759772927599,1,0
65.64,0,0,0.0711264136587619,0.186577925351007,1.69695427628466,-3.9101535995351,-2.56836370353441,-8.55027748210799,-0,-0.172301799833575,0,0.363109774702032,1,0
65.66,0,0,0.0748793874409528,0.188676151856186,1.61778435550788,-4.00586135501249,-2.55355596845831,-8.14453854948318,-0,-0.167209512105579,0,0.372689843454879,1,0
65.68,0,0,0.0786717199448115,0.190513431039719,1.53675895057001,-4.09570180887727,-2.53741022032921,-7.72550354206457,-0,-0.162267724223376,0,0.381470192013915,1,0
65.7,0,0,0.0824981710819392,0.192087691562694,1.45399534492112,-4.17968477552325,-2.52028666041298,-7.29452862017998,-0,-0.157471988244352,0,0.389423590677186,1,0
65.72,0,0,0.0863534619264527,0.193397121755164,1.36961041980698,-4.25784030205358,-2.50251088256713,-6.85286827620206,-0,-0.152817987682464,0,0.396525201439701,1,0
65.74,0,0,0.0902322799469382,0.19444017319789,1.28372027061693,-4.33021659392059,-2.48437635888978,-6.40168179445733,-0,-0.148301533623109,0,0.402752422065425,1,0
65.76,0,0,0.0941292842940538,0.195215562732209,1.19643986320118,-4.39687809074541,-2.46614677088898,-5.94203934010406,-0,-0.143918560952822,0,0.408084739456533,1,0
65.78,0,0,0.0980391111139004,0.195722273051578,1.10788272724801,-4.45790368299746,-2.44805819496677,-5.47492769688561,-0,-0.139665124700393,0,0.412503591800854,1,0
65.8,0,0,0.101956378860236,0.195959552017267,1.01816068399247,-4.51338506074197,-2.43032115054005,-5.0012556726492,-0,-0.135537396486133,0,0.415992239005891,1,0
65.82,0,0,0.105875693581355,0.195926910830345,0.927383605698909,-4.56342518616481,-2.41312251867319,-4.52185919055357,-0,-0.131531661076071,0,0.418535640953911,1,0
65.84,0,0,0.109791654159998,0.195624121182386,0.835659204520825,-4.6081368820572,-2.39662733867262,-4.03750608296964,-0,-0.127644313037992,0,0.420120343137321,1,0
65.86,0,0,0.113698857487013,0.195051211498238,0.743092848493117,-4.64764152889126,-2.38098048969077,-3.54890060420489,-0,-0.123871853496306,0,0.420734369257086,1,0
65.88,0,0,0.117591903551676,0.19420846237566,0.649787402555169,-4.68206786354167,-2.36630826400539,-3.05668767735138,-0,-0.120210886982825,0,0.420367120389207,1,0
65.9,0,0,0.121465400433582,0.193096401318668,0.555843092637872,-4.71155087310963,-2.35271983827769,-2.56145688976829,-0,-0.116658118380608,0,0.419009280345461,1,0
65.92,0,0,0.125313969182897,0.191715796853949,0.461357390974824,-4.736230777685,-2.33612969764202,-2.06249256562668,-0,-0.11321034995814,0,0.416711388601252,0,0
65.94,0,0,0.129132301298627,0.190075672046141,0.366433389495536,-4.75497055478065,-2.2693879698495,-1.54969907197457,-0,-0.109864478491151,0,0.414166871283291,0,0
65.96,0,0,0.132915391383064,0.188194740261548,0.271215515484612,-4.76519913349949,-2.14638585412399,-1.02944560061906,-0,-0.106617492469511,0,0.411546331712985,0,0
65.98,0,0,0.136658607850805,0.186091242540461,0.175897868057668,-4.76459325894883,-1.9738457532385,-0.51150178740263,-0,-0.103466469386661,0,0.408850521654736,0,0
66,0,0,0.140357671010205,0.183782125687456,0.0807171158153787,-4.75122058976053,-1.75882201771358,-0.00486165549553877,-0,-0.100408573109166,0,0.406080281942636,0,0
66.02,0,0,0.144008627152334,0.181283042786107,-0.0140553774025695,-4.72354407686902,-1.50855668486665,0.482347069533616,-0,-0.0974410513240008,0,0.403236535701713,0,0
66.04,0,0,0.147607822833616,0.178608371764399,-0.108121442919643,-4.68041929270469,-1.23034326409375,0.94293240153823,-0,-0.0945612330612811,0,0.400320282086065,0,0
66.06,0,0,0.151151879695399,0.175771250213432,-0.201163878584757,-4.62108530179132,-0.931400188732207,1.37068676788259,-0,-0.0917665262902131,0,0.397332590526513,0,0
66.08,0,0,0.154637670126556,0.17278362454542,-0.292853978352164,-4.54514972453808,-0.618755273413425,1.76041569641457,-0,-0.0890544155860893,0,0.394274595473912,0,0
66.1,0,0,0.158062294036084,0.169656311499838,-0.382858710852426,-4.45256869151469,-0.299142233679571,2.10794756519559,-0,-0.0864224598662368,0,0.391147491618512,0,0
66.12,0,0,0.161423056962391,0.16639906996721,-0.470847452004029,-4.34362241610151,0.0210899535008815,2.41012569644163,-0,-0.0838682901928781,0,0.387952529560861,0,0
66.14,0,0,0.164717449705266,0.163020681096251,-0.556498191459578,-4.21888712974171,0.336054339551633,2.66478426907675,-0,-0.0813896076409274,0,0.384691011905553,0,0
66.16,0,0,0.167943129626067,0.159529034679271,-0.639503147615421,-4.07920412690133,0.640389693459441,2.87070967837443,-0,-0.0789841812288029,0,0.381364289745878,0,0
66.18,0,0,0.17109790372212,0.155931219870065,-0.719573740779547,-3.925646657238,0.929310581693726,3.0275890867739,-0,-0.0766498459103923,0,0.377973759504863,0,0
66.2,0,0,0.174179713543209,0.152233618374575,-0.796444888650727,-3.7594853814939,1.19864405442308,3.13594798812504,-0,-0.0743845006263659,0,0.374520860096488,0,0
66.22,0,0,0.177186621981923,0.148441998364162,-0.869878602296473,-3.58215307647046,1.44485335719707,3.19707864988928,-0,-0.0721861064130809,0,0.371007070369861,0,0
66.24,0,0,0.180116801935863,0.144561607490705,-0.939666874137803,-3.39520923439497,1.66504926855796,3.21296130623314,-0,-0.0700526845673766,0,0.367433906798835,0,0
66.26,0,0,0.182968526808747,0.140597263528417,-1.00563386189039,-3.20030515438401,1.85698982172947,3.18617995192441,-0,-0.0679823148656081,0,0.363802921379913,0,0
66.28,0,0,0.185740162789507,0.136553441325599,-1.06763738383693,-2.99915006990205,2.01906930179537,3.1198345352422,-0,-0.0659731338353156,0,0.36011569970223,0,0
66.3,0,0,0.188430162823802,0.132434354917011,-1.12556975110389,-2.79347879745844,2.15029751828931,3.01745127076501,-0,-0.0640233330779731,0,0.35637385915487,0,0
66.32,0,0,0.191037062171092,0.128244033820735,-1.17935797170385,-2.58502132961653,2.25027043696033,2.8828926931241,-0,-0.0621311576413077,0,0.352579047238697,0,0
66.34,0,0,0.193559475422694,0.123986392719008,-1.2289633689247,-2.37547473099066,2.31913331414852,2.72026895394354,-0,-0.0602949044397242,0,0.34873293995222,0,0
66.36,0,0,0.195996094841921,0.119665293897577,-1.27438066316723,-2.16647763050989,2.3575375135525,2.53385172963753,-0,-0.0585129207214134,0,0.344837240223638,0,0
66.38,0,0,0.198345689876684,0.115284601989732,-1.3156365715448,-1.95958753798135,2.36659219936652,2.3279919609011,-0,-0.0567836025807635,0,0.340893676364092,0,0
66.4,0,0,0.200607107687482,0.110848230736883,-1.35278798347576,-1.75626114895162,2.34781209325556,2.10704248896006,-0,-0.0551053935147369,0,0.336904000520254,0,0
66.42,0,0,0.202779274529556,0.106360181635028,-1.38591977315707,-1.55783774000415,2.30306245709923,1.87528649217877,-0,-0.0534767830219126,0,0.332869987107542,0,0
66.44,0,0,0.204861197826857,0.10182457448378,-1.41514231125545,-1.36552569779396,2.2345024207324,1.63687246254784,-0,-0.0518963052429329,0,0.328793431208502,0,0
66.46,0,0,0.206851968777185,0.0972456699902175,-1.44058873846155,-1.18039217004769,2.14452771604637,1.39575629778565,-0,-0.050362537641131,0,0.324676146924138,0,0
66.48,0,0,0.208750765332145,0.092627884702242,-1.46241206280217,-1.0033557760663,2.03571380789037,1.15565092395769,-0,-0.0488740997221518,0,0.320519965669132,0,0
66.5,0,0,0.210556855402187,0.0879757986544975,-1.48078214088991,-0.835182268460011,1.91076033038568,0.919983708069001,-0,-0.0474296517914143,0,0.316326734404976,0,0
66.52,0,0,0.212269600145583,0.0832941562034626,-1.49588260070968,-0.676482997303988,1.77243764670736,0.691861772164384,-0,-0.0460278937482957,0,0.312098313807933,0,0
66.54,0,0,0.213888457210575,0.0785878606066756,-1.50790776020599,-0.527715992894704,1.62353625325117,0.474045181941213,-0,-0.0446675639159531,0,0.30783657637148,0,0
66.56,0,0,0.215412983811656,0.0738619629640896,-1.51705959195562,-0.389189453966975,1.46681964748423,0.268927855306201,-0,-0.0433474379057294,0,0.303543404445379,0,0
66.58,0,0,0.216842839533816,0.0691216461874121,-1.52354477970225,-0.261067404650931,1.30498117468639,0.0785259209579281,-0,-0.0420663275151206,0,0.299220688215777,0,0
66.6,0,0,0.218177788772263,0.0643722046963298,-1.52757190760691,-0.143377265558369,1.14060526412643,-0.0955268450790607,-0,-0.0408230796583135,0,0.294870323632724,0,0
66.62,0,0,0.219417702729311,0.0596190205593652,-1.52934881784337,-0.0360190720514253,0.976133361746169,-0.251976965325751,-0,-0.0396165753283308,0,0.290494210293206,0,0
66.64,0,0,0.220562560904568,0.0548675368025195,-1.52908016675011,0.0612239342553124,0.813834765758433,-0.389943123493307,-0,-0.0384457285898491,0,0.286094249289215,0,0
66.66,0,0,0.221612452028946,0.0501232286017786,-1.52696520424373,0.14867361666531,0.655782475144447,-0.508902537871515,-0,-0.0373094856017837,0,0.281672341031503,0,0
66.68,0,0,0.222567574407203,0.0453915730570671,-1.5231957957005,0.226744430412379,0.503834070125516,-0.608672484740076,-0,-0.0362068236687609,0,0.277230383060526,0,0
66.7,0,0,0.223428235647382,0.0406780182165099,-1.5179547001127,0.295930351654553,0.359617559360983,-0.689387642434893,-0,-0.0351367503206228,0,0.272770267856641,0,0
66.72,0,0,0.224194851768534,0.0359879519821581,-1.5114141131067,0.356791503708943,0.224522051775623,-0.751473944642072,-0,-0.0340983024191373,0,0.268293880661928,0,0
66.74,0,0,0.224867945690292,0.0313266714829751,-1.5037344784415,0.409940721526889,0.0996930422422305,-0.795619636742815,-0,-0.0330905452911086,0,0.263803097326058,0,0
66.76,0,0,0.22544814511908,0.0266993534491825,-1.495063566954,0.45603027826024,-0.0139679596513943,-0.82274422246925,-0,-0.0321125718871085,0,0.259299782188429,0,0
66.78,0,0,0.225936179855845,0.022111026065385,-1.48553581763161,0.495738978234123,-0.115799779509323,-0.833965970758567,-0,-0.0311635019650702,0,0.254785786008419,0,0
66.8,0,0,0.226332878559173,0.0175665427195437,-1.47527193161838,0.529759799221684,-0.20537427028977,-0.830568625616386,-0,-0.0302424812980117,0,0.250262943954989,0,0
66.82,0,0,0.226639165005347,0.0130705580021225,-1.46437870652875,0.558788244107632,-0.282485742970749,-0.813967926201747,-0,-0.0293486809051734,0,0.24573307366613,0,0
66.84,0,0,0.226856053893358,0.0086275062458191,-1.4529490954776,0.58351153831064,-0.347137555634181,-0.785678501457482,-0,-0.0284812963058794,0,0.241197973387748,0,0
66.86,0,0,0.226984646248068,0.0042415828323572,-1.441062472749,0.604598785169068,-0.399526295844696,-0.747281654689516,-0,-0.0276395467954511,0,0.236659420200551,0,0
66.88,0,0,0.227026124478579,-8.32715700846672e-05,-1.42878508602409,0.622692167311699,-0.440023997869147,-0.700394499809324,-0,-0.0268226747425196,0,0.232119168342426,0,0
66.9,0,0,0.226981747151577,-0.00434338373613341,-1.41617067356716,0.638399258234674,-0.469158835180495,-0.646640853739838,-0,-0.0260299449071071,0,0.227578947632595,0,0
66.92,0,0,0.226852843540829,-0.00853535753454204,-1.40326122371656,0.652286485250109,-0.487594720423165,-0.587624229955914,-0,-0.0252606437788606,0,0.223040462002649,0,0
66.94,0,0,0.226640808014401,-0.0126560805113899,-1.39008785342562,0.664873762983993,-0.496110230265655,-0.52490321743996,-0,-0.024514078934845,0,0.218505388138312,0,0
66.96,0,0,0.226347094320428,-0.016702727465202,-1.37667178242423,0.676630295961739,-0.495577252064835,-0.459969468568616,-0,-0.0237895784163153,0,0.21397537423458,0,0
66.98,0,0,0.225973209830624,-0.0206727611195115,-1.36302537979403,0.68797152976657,-0.486939723788414,-0.394228459612493,-0,-0.0230864901239086,0,0.209452038865661,0,0
67,0,0,0.225520709798167,-0.0245639300387403,-1.3491532603366,0.699257212981945,-0.471192808984323,-0.32898312954155,-0,-0.0224041812307106,0,0.204936969969993,0,0
67.02,0,0,0.224991191683368,-0.0283742639682176,-1.33505340902633,0.710790516783954,-0.449362815553036,-0.26542044749754,-0,-0.0217420376126687,0,0.200431723949514,0,0
67.04,0,0,0.224386289596555,-0.0321020668085208,-1.32071831303898,0.722818145739141,-0.422488131470831,-0.20460090733125,-0,-0.0210994632958388,0,0.195937824881325,0,0
67.06,0,0,0.223707668903199,-0.0357459074580423,-1.30613608229151,0.7355313621524,-0.391601413209611,-0.147450899604551,-0,-0.0204758799199688,0,0.19145676383894,0,0
67.08,0,0,0.222957021031418,-0.0393046087758031,-1.29129154107623,0.749067837223645,-0.35771322415376,-0.0947578679150954,-0,-0.0198707262179351,0,0.186989998319477,0,0
67.1,0,0,0.222136058516821,-0.0427772349291607,-1.27616727518025,0.763514235299345,-0.321797281538069,-0.0471681176924092,-0,-0.0192834575105641,0,0.182538951772379,0,0
67.12,0,0,0.221246510314286,-0.0461630773984097,-1.26074462080813,0.778909432600183,-0.284777431986105,-0.00518711200920202,-0,-0.0187135452163848,0,0.17810501322461,0,0
67.14,0,0,0.22029011740079,-0.0494616399126171,-1.24500458363023,0.79524826889305,-0.247516438222812,0.0308179393845628,-0,-0.0181604763758693,0,0.173689536996743,0,0
67.16,0,0,0.219268628687935,-0.0526726225887189,-1.2289286783232,0.8124857295513,-0.210806623514383,0.0606134145970058,-0,-0.0176237531897348,0,0.169293842503921,0,0
67.18,0,0,0.218183797257449,-0.0557959055393049,-1.21249968101562,0.83054145618521,-0.175362386332473,0.0840927721823203,-0,-0.0171028925708904,0,0.164919214135357,0,0
67.2,0,0,0.217037376927693,-0.0588315322040798,-1.1957022890672,0.849304486379454,-0.141814566059881,0.101268448757321,-0,-0.0165974257096267,0,0.160566901205818,0,0
67.22,0,0,0.215831119154291,-0.0617796926461614,-1.17852368456342,0.868638126884548,-0.110706611591813,0.11226241610645,-0,-0.0161068976516547,0,0.156238117972444,0,0
67.24,0,0,0.214566770263297,-0.0646407070376454,-1.16095399977144,0.888384869701934,-0.0824924787112021,0.117295654966907,-0,-0.0156308668886166,0,0.151934043710221,0,0
67.26,0,0,0.213246069011026,-0.0674150095397276,-1.14298668455432,0.908371266696545,-0.0575361593289379,0.116676800980416,-0,-0.0151689049606987,0,0.147655822839511,0,0
67.28,0,0,0.211870744460785,-0.0701031327616195,-1.12461877735796,0.928412685481008,-0.0361127262134779,0.110790212520891,-0,-0.0147205960709883,0,0.143404565099196,0,0
67.3,0,0,0.210442514163276,-0.0727056929600128,-1.10585108285307,0.948317877155785,-0.0184107607573264,0.10008370066168,-0,-0.0142855367112284,0,0.139181345759227,0,0
67.32,0,0,0.20896308262442,-0.0752233761174186,-1.08668826061961,0.967893294875197,-0.00453601864786187,0.0850561488657595,-0,-0.0138633352986333,0,0.134987205866664,0,0
67.34,0,0,0.207434140041864,-0.0776569250137887,-1.06713883039478,0.986947110961296,0.00548382102220781,0.0662452345208886,-0,-0.0134536118234374,0,0.130823152519633,0,0
67.36,0,0,0.205857361289339,-0.0800071273818351,-1.04721510036189,1.00529288923414,0.0116934837541662,0.04421544666506,-0,-0.013055997506861,0,0.126690159164047,0,0
67.38,0,0,0.204234405126508,-0.0822748052128148,-1.0269330257341,1.0227528782065,0.014203668285198,0.0195465746229023,-0,-0.0126701344691844,0,0.122589165908337,0,0
67.4,0,0,0.202566913610805,-0.0844608052565889,-1.00631200548531,1.03916089965297,0.0131840194739339,-0.0071771787353931,-0,-0.0122956754076319,0,0.118521079851939,0,0
67.42,0,0,0.200856511687129,-0.0865659907378284,-0.985374625503565,1.05436481567169,0.00885566640367965,-0.0353773273444757,-0,-0.0119322832837761,0,0.114486775423707,0,0
67.44,0,0,0.199104806931031,-0.0885912342896042,-0.964146356696853,1.06822856558796,0.00148348160275937,-0.0644903665811412,-0,-0.0115796310201803,0,0.110487094726979,0,0
67.46,0,0,0.197313389421186,-0.0905374120865038,-0.942655216676091,1.08063377179793,-0.00863178997174361,-0.0939760854070221,-0,-0.0112374012060069,0,0.106522847888427,0,0
67.48,0,0,0.195483831717488,-0.092405399142063,-0.920931403585055,1.09148092082455,-0.0211613926877662,-0.123324861493023,-0,-0.0109052858113263,0,0.102594813408372,0,0
67.5,0,0,0.193617688921965,-0.0941960657198307,-0.899006910455391,1.10069013238426,-0.035756283977604,-0.152063896432519,-0,-0.0105829859098689,0,0.0987037385106726,0,0
67.52,0,0,0.191716498800859,-0.0959102747939233,-0.876915128149368,1.10820153508247,-0.0520546033598427,-0.179762368845102,-0,-0.0102702114099714,0,0.0948503394907438,0,0
67.54,0,0,0.189781781947626,-0.0975488804835242,-0.854690444528718,1.11397527242686,-0.069688783094849,-0.206035502662504,-0,-0.00996668079347504,0,0.0910353020606964,0,0
67.56,0,0,0.1878150419682,-0.099112727376487,-0.832367846969853,1.11799116714358,-0.0882922105927529,-0.230547565943881,-0,-0.00967212086233976,0,0.0872592816909625,0,0
67.58,0,0,0.185817765671667,-0.100602650649997,-0.809982534749664,1.12024807529008,-0.107505366894289,-0.253013832000874,-0,-0.00938626649274785,0,0.0835229039481354,0,0
67.6,0,0,0.183791423251348,-0.102019476891082,-0.787569547167668,1.12076296438263,-0.126981379913282,-0.273201549276528,-0,-0.00910886039647441,0,0.0798267648290689,0,0
67.62,0,0,0.181737468443323,-0.103364025516606,-0.765163412565146,1.11956975170999,-0.146390945416015,-0.290929979208798,-0,-0.00883965288931082,0,0.0761714310915599,0,0
67.64,0,0,0.179657338651401,-0.104637110691053,-0.742797822665126,1.11671794021503,-0.165426582688463,-0.306069572152525,-0,-0.00857840166633198,0,0.0725574405821803,0,0
67.66,0,0,0.177552455029595,-0.105839543640911,-0.720505335903313,1.11227108982828,-0.183806205301115,-0.318540360300146,-0,-0.0083248715838054,0,0.0689853025620204,0,0
67.68,0,0,0.175424222515187,-0.10697213526652,-0.698317112662884,1.10630516197846,-0.201276000140686,-0.328309653437747,-0,-0.00807883444754623,0,0.0654554980312679,0,0
67.7,0,0,0.173274029807369,-0.1080356989558,-0.676262684578288,1.09890677423668,-0.217612619781669,-0.335389128333236,-0,-0.00784006880752688,0,0.061968480053662,0,0
67.72,0,0,0.171103249288356,-0.109031053509109,-0.654369759346404,1.09017140073228,-0.232624704187517,-0.339831405644118,-0,-0.00760835975855714,0,0.0585246740819473,0,0
67.74,0,0,0.168913236885608,-0.109959026090433,-0.632664061787897,1.08020155217349,-0.246153757556528,-0.341726209543678,-0,-0.00738349874685501,0,0.0551244782854926,0,0
67.76,0,0,0.166705331875408,-0.110820455126972,-0.611169211246622,1.06910496708044,-0.258074414782574,-0.341196204910432,-0,-0.00716528338233416,0,0.0517682638812542,0,0
67.78,0,0,0.164480856629572,-0.111616193086821,-0.589906634807942,1.05699284326154,-0.268294139431951,-0.338392605037927,-0,-0.00695351725643928,0,0.0484563754692396,0,0
67.8,0,0,0.162241116308337,-0.112347109072638,-0.568895515264459,1.04397813570454,-0.276752401315495,-0.333490639548549,-0,-0.00674800976536505,0,0.0451891313735817,0,0
67.82,0,0,0.159987398503678,-0.113014091177748,-0.548152772264611,1.03017394398043,-0.283419386653271,-0.3266849676941,-0,-0.00654857593849992,0,0.0419668239902592,0,0
67.84,0,0,0.157720972838253,-0.113618048559943,-0.527693074649659,1.01569200903768,-0.288294297502074,-0.318185116665367,-0,-0.00635503627193995,0,0.0387897201424029,0,0
67.86,0,0,0.155443090526001,-0.114159913197056,-0.507528881619996,1.00064133596065,-0.291403299577955,-0.308211018084101,-0,-0.00616721656692337,0,0.0356580614440179,0,0
67.88,0,0,0.153154983901053,-0.114640641297186,-0.487670510073482,0.985126955939844,-0.292797178908202,-0.296988708687429,-0,-0.00598494777303982,0,0.0325720646728219,0,0
67.9,0,0,0.150857865922043,-0.115061214344902,-0.468126225226603,0.969248837409931,-0.292548767956337,-0.284746253508877,-0,-0.00580806583607349,0,0.0295319221527635,0,0
67.92,0,0,0.148552929659236,-0.115422639772987,-0.448902351462355,0.953100953104774,-0.290750201059159,-0.271709941779271,-0,-0.00563641155034345,0,0.0265378021466381,0,0
67.94,0,0,0.146241347771992,-0.115725951256933,-0.430003400244782,0.93677050670445,-0.287510057286865,-0.258100797477163,-0,-0.00546983041540772,0,0.0235898492590716,0,0
67.96,0,0,0.143924271984083,-0.115972208636587,-0.411432211895934,0.920337319847061,-0.282950446284236,-0.244131438103468,-0,-0.0053081724970023,0,0.0206881848499872,0,0
67.98,0,0,0.14160283256422,-0.116162497475829,-0.393190108042872,0.903873377583302,-0.277204089377412,-0.230003306981733,-0,-0.00515129229209046,0,0.0178329074585268,0,0
68,0,0,0.139278137818865,-0.116297928277038,-0.375277051605785,0.887442527892649,-0.270411444345398,-0.215904296323377,-0,-0.00499904859789999,0,0.0150240932372504,0,0
68.02,0,0,0.136951273604039,-0.116379635372165,-0.357691811308378,0.871100328679218,-0.262717917868457,-0.20200677056291,-0,-0.00485130438483125,0,0.0122617963962996,0,0
68.04,0,0,0.13462330286232,-0.116408775516584,-0.340432127843029,0.854894033739575,-0.254271204887192,-0.188465992164116,-0,-0.00470792667312125,0,0.00954604965708345,0,0
68.06,0,0,0.132295265190687,-0.116386526215462,-0.323494879010272,0.838862707554777,-0.245218789044684,-0.175418945311716,-0,-0.004568786413153,0,0.00687686471492455,0,0
68.08,0,0,0.129968176444252,-0.116314083815177,-0.306876241369086,0.823037457410008,-0.235705633144273,-0.162983546706933,-0,-0.00443375836930202,0,0.00425423270999716,0,0
68.1,0,0,0.127643028380221,-0.116192661394324,-0.290571846175442,0.807441770287542,-0.225872083237174,-0.151258227136184,-0,-0.00430272100721582,0,0.00167812470579519,0,0
68.12,0,0,0.125320788345738,-0.11602348649017,-0.274576927645869,0.792091941207645,-0.215852004650555,-0.140321862622541,-0,-0.00417555638442491,0,-0.000851507825712436,0,0
68.14,0,0,0.123002399012549,-0.115807798696996,-0.258886461854643,0.7769975791984,-0.205771163064078,-0.130234029827191,-0,-0.00405215004418646,0,-0.00333473251314727,0,0
68.16,0,0,0.120688778160672,-0.115546847172676,-0.243495294852355,0.762162176846461,-0.195745858719197,-0.121035556956287,-0,-0.00393239091246561,0,-0.005771635589967,0,0
68.18,0,0,0.118380818512552,-0.115241888089214,-0.228398258874728,0.747583729399977,-0.185881817069691,-0.11274933874849,-0,-0.00381617119796135,0,-0.00816232139488763,0,0
68.2,0,0,0.116079387618486,-0.114894182061686,-0.213590275789056,0.733255389643391,-0.176273334713872,-0.105381382158408,-0,-0.00370338629508696,0,-0.0105069118695006,0,0
68.22,0,0,0.113785327793401,-0.114504991588348,-0.199066447196969,0.719166145219902,-0.167002675338661,-0.0989220480887902,-0,-0.00359393468981808,0,-0.0128055460541124,0,0
68.24,0,0,0.111499456104465,-0.114075578532538,-0.184822130872626,0.705301505718005,-0.158139706693896,-0.0933474539276927,-0,-0.00348771786832316,0,-0.0150583795828294,0,0
68.26,0,0,0.109222564408409,-0.113607201674488,-0.170853003461321,0.691644187638958,-0.149741766332519,-0.0886210016748861,-0,-0.00338464022829427,0,-0.0172655841788944,0,0
68.28,0,0,0.106955419436892,-0.113101114358405,-0.157155109592028,0.678174786297213,-0.141853741020239,-0.0846949970471088,-0,-0.00328460899289873,0,-0.0194273471512533,0,0
68.3,0,0,0.104698762927789,-0.112558562257168,-0.143724897766075,0.664872424749999,-0.134508342349259,-0.0815123260803059,-0,-0.00318753412727366,0,-0.0215438708932917,0,0
68.32,0,0,0.102453311799844,-0.11198078127385,-0.130559243571047,0.65171537098006,-0.127726559188524,-0.0790081573406942,-0,-0.0030933282574884,0,-0.0236153723846363,0,0
68.34,0,0,0.100219758367787,-0.111368995596016,-0.117655460932776,0.638681615742059,-0.121518266163573,-0.077111639853616,-0,-0.00300190659190233,0,-0.0256420826968584,0,0
68.36,0,0,0.0979987705947356,-0.110724415915497,-0.105011302257854,0.625749404704443,-0.115882966371083,-0.0757475691967276,-0,-0.00291318684484632,0,-0.0276242465038584,0,0
68.38,0,0,0.0957909923784531,-0.11004823782308,-0.0926249484341772,0.612897719751894,-0.110810645978544,-0.0748379968170763,-0,-0.00282708916256036,0,-0.0295621215976426,0,0
68.4,0,0,0.0935970438679206,-0.109341640384398,-0.080494989747431,0.600106705537635,-0.106282718214439,-0.0743037604570814,-0,-0.00274353605131974,0,-0.0314559784101344,0,0
68.42,0,0,0.0914175218065427,-0.108605784900261,-0.0686203988376173,0.587358038570462,-0.102273034490298,-0.0740659165490055,-0,-0.00266245230768536,0,-0.0333060995415895,0,0
68.44,0,0,0.0892529998982997,-0.107841813851794,-0.0570004968624639,0.574635237270845,-0.0987489409799941,-0.0740470585012951,-0,-0.00258376495081564,0,-0.0351127792961104,0,0
68.46,0,0,0.087104029193165,-0.10705085002807,-0.0456349140548568,0.561923912518481,-0.0956723598779679,-0.0741725078961428,-0,-0.00250740315677886,0,-0.0368763232246836,0,0
68.48,0,0,0.0849711384881836,-0.106233995831479,-0.0345235458607314,0.549211959226926,-0.0930008757280042,-0.0743713686920697,-0,-0.0024332981948067,0,-0.0385970476760865,0,0
68.5,0,0,0.0828548347407212,-0.105392332753892,-0.023666505823714,0.536489690408557,-0.0906888086179371,-0.0745774375295151,-0,-0.0023613833654321,0,-0.040275279355944,0,0
68.52,0,0,0.0807556034905552,-0.104526921014738,-0.0130640763450514,0.523749916026203,-0.0886882576322899,-0.0747299661273843,-0,-0.00229159394045511,0,-0.0419113548941439,0,0
68.54,0,0,0.0786739092876716,-0.10363879935048,-0.00271665839393982,0.51098796965991,-0.0869500997035332,-0.0747742744950619,-0,-0.00222386710468322,0,-0.0435056204207561,0,0
68.56,0,0,0.0766101961228557,-0.10272898494361,0.00737527882364321,0.498201686644032,-0.0854249308630528,-0.0746622162344481,-0,-0.0021581418993934,0,-0.04505843115054,0,0
68.58,0,0,0.0745648878584157,-0.101798473478235,0.0172112473079819,0.485391337848923,-0.0840639388259951,-0.0743524995421796,-0,-0.00209435916746506,0,-0.0465701509760695,0,0
68.6,0,0,0.0725383886566422,-0.100848239308503,0.0267907879786864,0.472559523692465,-0.0828196978125821,-0.0738108696212493,-0,-0.00203246150013484,0,-0.0480411520694541,0,0
68.62,0,0,0.0705310834038889,-0.0998792357256527,0.0361135159108527,0.459711033271072,-0.08164687847722,-0.0730101600571906,-0,-0.00197239318532466,0,-0.0494718144925878,0,0
68.64,0,0,0.0685433381284479,-0.0988923953091793,0.04517916244736,0.446852673700662,-0.0805028677533536,-0.0719302222955791,-0,-0.00191410015749727,0,-0.0508625258158208,0,0
68.66,0,0,0.0665755004106796,-0.0978886303476443,0.053987613643338,0.43399307485993,-0.079348295297123,-0.0705577436689889,-0,-0.00185752994899341,0,-0.0522136807449138,0,0
68.68,0,0,0.0646278997841512,-0.0968688333148625,0.0625389446029201,0.421142474737031,-0.078147465000291,-0.0688859654615428,-0,-0.00180263164280753,0,-0.0535256807561064,0,0
68.7,0,0,0.0627008481268116,-0.0958338773876438,0.07083344937178,0.408312490503221,-0.0768686917198821,-0.0669143132713483,-0,-0.00174935582675897,0,-0.0547989337391102,0,0
68.72,0,0,0.0607946400415077,-0.0947846169918891,0.07887166614999,0.395515880281161,-0.0754845449192933,-0.0646479524431052,-0,-0.00169765454901777,0,-0.0560338536478199,0,0
68.74,0,0,0.0589095532253988,-0.093721888364618,0.0866543976869387,0.382766300349764,-0.0739720023177031,-0.0620972816060751,-0,-0.00164748127494468,0,-0.0572308601585239,0,0
68.76,0,0,0.0570458488280685,-0.0926465101204262,0.0941827268121155,0.370078062240807,-0.0723125178893613,-0.0592773773813392,-0,-0.00159879084520684,0,-0.0583903783353906,0,0
68.78,0,0,0.0552037717983508,-0.0915592838118987,0.101458027141367,0.357465893844344,-0.0704920096332611,-0.0562074031337378,-0,-0.00155153943513137,0,-0.059512838303004,0,0
68.8,0,0,0.0533835512200876,-0.0904609944746195,0.108481969076827,0.344944708259662,-0.0685007734415907,-0.0529099942581234,-0,-0.00150568451526023,0,-0.0605986749257241,0,0
68.82,0,0,0.0515854006372092,-0.0893524111485927,0.115256521289392,0.332529383715667,-0.0663333301303008,-0.0494106319273291,-0,-0.00146118481307081,0,-0.0616483274936554,0,0
68.84,0,0,0.0498095183686814,-0.0882342873691054,0.121783947934721,0.320234557448334,-0.0639882132581172,-0.0457370165137221,-0,-0.00141800027582789,0,-0.0626622394150145,0,0
68.86,0,0,0.0480560878139897,-0.0871073616212875,0.128066801907066,0.308074435972217,-0.0614677057551648,-0.0419184510504444,-0,-0.00137609203453343,0,-0.0636408579147007,0,0
68.88,0,0,0.0463252777499342,-0.0859723577538465,0.134107914479336,0.296062623726514,-0.0587775336153194,-0.0379852441462144,-0,-0.00133542236894191,0,-0.0645846337388881,0,0
68.9,0,0,0.0446172426195868,-0.0848299853486494,0.139910381712936,0.284211971621665,-0.0559265249858972,-0.0339681407329751,-0,-0.00129595467360952,0,-0.065494020865474,0,0
68.92,0,0,0.0429321228143171,-0.0836809400439757,0.145477548046902,0.272534446567422,-0.0529262429246875,-0.0298977879314475,-0,-0.00125765342494681,0,-0.066369476220235,0,0
68.94,0,0,0.0412700449498265,-0.0825259038103605,0.150812987493188,0.2610410226342,-0.0497905998995093,-0.0258042421888381,-0,-0.00122048414924503,0,-0.0672114593985629,0,0
68.96,0,0,0.0396311221371409,-0.0813655451789642,0.15592048287388,0.249741594092287,-0.0465354617926014,-0.0217165226965006,-0,-0.00118441339164749,0,-0.0680204323926684,0,0
68.98,0,0,0.0380154542495041,-0.0802005194233444,0.160804003537126,0.238644910193109,-0.0431782487553354,-0.0176622149536249,-0,-0.00114940868603798,0,-0.0687968593241632,0,0
69,0,0,0.0364231281860884,-0.0790314686963532,0.165467681982349,0.227758531207467,-0.0397375397527087,-0.0136671272242745,-0,-0.00111543852581902,0,-0.0695412061819452,0,0
69.02,0,0,0.0348542181333951,-0.0778590221246237,0.169915789812356,0.217088804920894,-0.0362326870569293,-0.00975500155596162,-0,-0.00108247233555378,0,-0.0702539405653352,0,0
69.04,0,0,0.0333087858251652,-0.0766837958637581,0.174152713411157,0.206640862508545,-0.0326834463103067,-0.00594728000333195,-0,-0.00105048044344609,0,-0.0709355314324236,0,0
69.06,0,0,0.0317868808015477,-0.0755063931178622,0.178182929722272,0.196418632473083,-0.0291096270945939,-0.00226292574296881,-0,-0.00101943405463398,0,-0.0715864488536082,0,0
69.08,0,0,0.030288540668202,-0.0743274041275035,0.18201098247394,0.186424871129937,-0.0255307682314653,0.001281702114344,-0,-0.0009893052252722,0,-0.0722071637703122,0,0
69.1,0,0,0.0288137913559186,-0.0731474061304911,0.185641459165651,0.176661207965195,-0.0219658413109082,0.00467292200097664,-0,-0.000960066837380952,0,-0.0727981477588903,0,0
69.12,0,0,0.0273626473812587,-0.0719669633001014,0.189078969095684,0.167128204071977,-0.018432985214094,0.00789975434694552,-0,-0.000931692574437828,0,-0.073359872799735,0,0
69.14,0,0,0.0259351121086151,-0.0707866266654926,0.192328122672576,0.157825421790261,-0.0149492736769678,0.0109539003022249,-0,-0.000904156897691216,0,-0.0738928110516099,0,0
69.16,0,0,0.0245311780140028,-0.069606934019084,0.195393512215436,0.148751503631306,-0.0115305172414567,0.0138296785207879,-0,-0.000877435023173695,0,-0.0743974346312418,0,0
69.18,0,0,0.0231508269507932,-0.0684284098156177,0.198279694409526,0.139904258558843,-0.00819110027274928,0.0165239242029885,-0,-0.000851502899394743,0,-0.0748742153982066,0,0
69.2,0,0,0.0217940304175121,-0.0672515650674885,0.200991174545106,0.131280753722675,-0.00494385309220205,0.0190358548959689,-0,-0.000826337185692805,0,-0.0753236247451509,0,0
69.22,0,0,0.0204607498277309,-0.0660768972407212,0.203532392630002,0.122877409793379,-0.0017999586934208,0.0213669077578646,-0,-0.000801915231227149,0,-0.075746133393391,0,0
69.24,0,0,0.0191509367819982,-0.0649048901557094,0.205907711430015,0.11469009812625,0.00123110702002817,0.0235205531046003,-0,-0.000778215054590484,0,-0.0761422111939295,0,0
69.26,0,0,0.0178645333416766,-0.0637360138965103,0.208121406456901,0.106714238085271,0.00414160300832095,0.0255020890832922,-0,-0.000755215324024353,0,-0.0765123269339301,0,0
69.28,0,0,0.0166014723044789,-0.062570724732131,0.210177657891425,0.0989448929801995,0.00692552082404538,0.0273184222598453,-0,-0.000732895338218992,0,-0.076856948148687,0,0
69.3,0,0,0.0153616774814333,-0.0614094650528452,0.212080544399418,0.091376863208366,0.00957855458678682,0.0289778387774356,-0,-0.000711235007680819,0,-0.077176540939119,0,0
69.32,0,0,0.0141450639749501,-0.0602526633241614,0.21383403877212,0.0840047753439679,0.012098045777938,0.030489770545062,-0,-0.000690214836650507,0,-0.0774715697948154,0,0
69.34,0,0,0.012951538457613,-0.0591007340606271,0.215442005298496,0.0768231660780644,0.0144829056495526,0.0318645606593515,-0,-0.000669815905555468,0,-0.0777424974226504,0,0
69.36,0,0,0.0117809994512818,-0.0579540778212158,0.216908198756966,0.0698265600788,0.0167335181979651,0.0331132319572033,-0,-0.000650019853981013,0,-0.0779897845809773,0,0
69.38,0,0,0.01063333760606,-0.056813081227598,0.218236264897054,0.0630095410104128,0.0188516267493566,0.0342472622502064,-0,-0.000630808864144697,0,-0.0782138899194049,0,0
69.4,0,0,0.00950843597866094,-0.0556781170061683,0.219429742267935,0.0563668151183446,0.0208402072434567,0.0352783694130766,-0,-0.000612165644859136,0,-0.0784152698241466,0,0
69.42,0,0,0.00840617030969089,-0.0545495440542817,0.22049206524064,0.0498932669535007,0.0227033312868555,0.0362183090961632,-0,-0.000594073415968732,0,-0.0785943782689286,0,0
69.44,0,0,0.00732640929936545,-0.0534277075307554,0.221426568063794,0.0435840069689127,0.0244460219832666,0.0370786874148222,-0,-0.000576515893246463,0,-0.0787516666714271,0,0
69.46,0,0,0.00626901488117501,-0.0523129389703202,0.222236489788939,0.0374344108745246,0.0260741054393415,0.0378707905441489,-0,-0.000559477273736925,0,-0.0788875837552013,0,0
69.48,0,0,0.00523384249302716,-0.0512055564213652,0.222924979900654,0.0314401507786283,0.0275940606964582,0.0386054327236897,-0,-0.000542942221532616,0,-0.0790025754170751,0,0
69.5,0,0,0.00422074134540897,-0.050105864606012,0.223495104488611,0.0255972182759989,0.0290128706567153,0.0392928237603321,-0,-0.00052689585397063,0,-0.0790970845999119,0,0
69.52,0,0,0.00322955468613462,-0.0490141551012806,0.223949852803088,0.0199019397617272,0.030337876360746,0.0399424567147332,-0,-0.000511323728237201,0,-0.0791715511707203,0,0
69.54,0,0,0.00226012006127092,-0.0479307065398787,0.224292144042146,0.0143509843550966,0.031576636741531,0.0405630160731733,-0,-0.00049621182836819,0,-0.0792264118040162,0,0
69.56,0,0,0.00131226957186447,-0.0468557848289476,0.224524834227278,0.00894136490892001,0.032736795727717,0.0411623063473245,-0,-0.000481546552633841,0,-0.0792620998703623,0,0
69.58,0,0,0.000385830126129482,-0.0457896433849465,0.224650723034643,0.00367043265611357,0.0338259583074593,0.0417472007131958,-0,-0.000467314701296226,0,-0.0792790453299979,0,0
69.6,0,0,-0.000519376313207463,-0.0447325233827357,0.224672560460677,-0.00146413389320064,0.0348515768947278,0.0423236090008694,-0,-0.000453503464728638,0,-0.0792776746314634,0,0
69.62,0,0,-0.0014035324866695,-0.043684654016846,0.22459305321362,-0.00646434514398288,0.0358208490692585,0.0428964640809518,-0,-0.000440100411886066,0,-0.0792584106151222,0,0
69.64,0,0,-0.00226682560112174,-0.0426462527728763,0.224414870736057,-0.0113319210054723,0.0367406274934908,0.0434697254638895,-0,-0.000427093479116375,0,-0.0792216724214735,0,0
69.66,0,0,-0.00310944709837549,-0.0416175257069547,0.224140650777628,-0.0160683151662302,0.0376173425490769,0.0440463987353611,-0,-0.000414470959302228,0,-0.0791678754041485,0,0
69.68,0,0,-0.00393159242944534,-0.0405986677312259,0.223773004451349,-0.020674742338473,0.0384569379856478,0.0446285692953354,-0,-0.000402221491323934,0,-0.0790974310474789,0,0
69.7,0,0,-0.00473346083455966,-0.0395898629033776,0.22331452072129,-0.0251522077618204,0.0392648196387443,0.0452174487497122,-0,-0.000390334049833574,0,-0.0790107468885224,0,0
69.72,0,0,-0.00551525512898602,-0.0385912847183053,0.222767770283365,-0.0295015382744174,0.0400458170549926,0.0458134322210112,-0,-0.000378797935331548,0,-0.0789082264434291,0,0
69.74,0,0,-0.00627718149469621,-0.0376030964001119,0.222135308814596,-0.0337234142872259,0.0408041576630199,0.0464161647968057,-0,-0.000367602764536221,0,-0.0787902691380349,0,0
69.76,0,0,-0.00701944927786056,-0.0366254511927696,0.221419679579124,-0.0378184020339115,0.0415434529501042,0.0470246153198129,-0,-0.000356738461038335,0,-0.0786572702425613,0,0
69.78,0,0,-0.00774227079212914,-0.0356584926479045,0.220623415391367,-0.0417869855129062,0.0422666959484646,0.0476371557393689,-0,-0.000346195246231494,0,-0.0785096208103084,0,0
69.8,0,0,-0.00844586112762823,-0.0347023549083232,0.219749039947905,-0.0456295975886017,0.0429762692022862,0.0482516442879652,-0,-0.00033596363051084,0,-0.0783477076202253,0,0
69.82,0,0,-0.00913043796557441,-0.0337571629860579,0.218799068549781,-0.0493466497739325,0.0436739622774686,0.0488655108156053,-0,-0.000326034404731682,0,-0.0781719131232429,0,0
69.84,0,0,-0.00979622139838586,-0.0328230330338788,0.217776008245875,-0.052938560275553,0.0443609977906727,0.0494758427061179,-0,-0.000316398631920713,0,-0.0779826153922607,0,0
69.86,0,0,-0.0104434337551511,-0.0319000726093917,0.216682357435779,-0.0564057799441507,0.0450380648721334,0.0500794699097909,-0,-0.000307047639232061,0,-0.0777801880756765,0,0
69.88,0,0,-0.0110722994322993,-0.0309883809310104,0.21552060497713,-0.0597488158349873,0.0457053589371565,0.0506730477527815,-0,-0.000297973010141228,0,-0.0775650003543548,0,0
69.9,0,0,-0.0116830447293046,-0.0300880491252626,0.214293228847608,-0.0629682521463879,0.0463626266231685,0.0512531363221916,-0,-0.000289166576869601,0,-0.0773374169019315,0,0
69.92,0,0,-0.0122758976892458,-0.0291991604650511,0.213002694415865,-0.066064768365583,0.0470092147512949,0.0518162753734843,-0,-0.000280620413032881,0,-0.0770977978483551,0,0
69.94,0,0,-0.0128510879440398,-0.0283217905986473,0.211651452378432,-0.0690391545110944,0.0476441221921626,0.0523590538607548,-0,-0.000272326826506838,0,-0.0768464987465701,0,0
69.96,0,0,-0.0134088465641607,-0.0274560077693415,0.210241936421305,-0.0718923234179107,0.0482660535531777,0.05287817334733,-0,-0.000264278352503873,0,-0.0765838705422498,0,0
69.98,0,0,-0.0139494059126593,-0.0266018730258094,0.208776560665441,-0.0746253200652937,0.0488734736570453,0.0533705047114413,-0,-0.000256467746854193,0,-0.076310259546493,0,0
70,0,0,-0.0144729995032984,-0.0257594404233767,0.207257716954908,-0.0772393279965624,0.0494646618467672,0.0538331377166958,-0,-0.000248887979485579,0,-0.0760260074113966,0,0
70.02,0,0,-0.0149798618626247,-0.0249287572164742,0.205687772044956,-0.0797356729251289,0.0500377652287175,0.0542634231673115,-0,-0.000241532228095843,0,-0.0757314511084283,0,0
70.04,0,0,-0.0154702283958048,-0.0241098640426714,0.204069064745022,-0.082115823661002,0.0505908500505718,0.0546590075115935,-0,-0.000234393872012295,0,-0.0754269229095176,0,0
70.06,0,0,-0.0159443352560619,-0.0233027950987559,0.20240390306862,-0.0843813905266688,0.051121950502789,0.055017859891941,-0,-0.000227466486232702,0,-0.0751127503707957,0,0
70.08,0,0,-0.016402419217558,-0.0225075783093952,0.20069456143838,-0.0865341214605196,0.0516291143289821,0.0553382917643028,-0,-0.000220743835642329,0,-0.0747892563189107,0,0
70.1,0,0,-0.0168447175515817,-0.0217242354889648,0.198943277990323,-0.0885758960297505,0.0521104447299323,0.0556189693231457,-0,-0.000214219869401948,0,-0.0744567588398524,0,0
70.12,0,0,-0.0172714679059071,-0.0209527824971689,0.197152252016781,-0.0905087175929664,0.0525641381463364,0.0558589190686834,-0,-0.000207888715501627,0,-0.0741155712702218,0,0
70.14,0,0,-0.0176829081872108,-0.0201932293890983,0.195323641582468,-0.0923347038656442,0.0529885176049295,0.0560575269405924,-0,-0.000201744675475582,0,-0.0737660021908815,0,0
70.16,0,0,-0.0180792764464382,-0.0194455805603842,0.193459561343047,-0.0940560761493885,0.0533820614097975,0.0562145315163041,-0,-0.000195782219273122,0,-0.0734083554229295,0,0
70.18,0,0,-0.01846081076703,-0.0187098348881023,0.19156208059027,-0.0956751474887853,0.0537434270540852,0.0563300118320665,-0,-0.000189995980281261,0,-0.0730429300259358,0,0
70.2,0,0,-0.0188277491559295,-0.0179859858680706,0.189633221542517,-0.0971943100179579,0.0540714703156506,0.0564043704312491,-0,-0.000184380750494404,0,-0.0726700202983874,0,0
70.22,0,0,-0.0191803294373052,-0.0172740217491579,0.187674957894365,-0.0986160217530297,0.0543652595824629,0.0564383122772544,-0,-0.000178931475826764,0,-0.072289915780285,0,0
70.24,0,0,-0.0195187891489343,-0.0165739256651924,0.185689213633783,-0.0999427930770161,0.0546240855287792,0.0564328201882755,-0,-0.000173643251563382,0,-0.0719029012578396,0,0
70.26,0,0,-0.0198433654412051,-0.0158856757650141,0.183677862130748,-0.101177173150645,0.0548474663306759,0.0563891274586886,-0,-0.00016851131794551,0,-0.0715092567702141,0,0
70.28,0,0,-0.0201542949787062,-0.0152092453411749,0.181642725496552,-0.10232173646672,0.0550351486688183,0.056308688327912,-0,-0.000163531055886547,0,-0.0711092576182599,0,0
70.3,0,0,-0.0204518138443797,-0.0145446029577328,0.179585574208918,-0.10337906974735,0.0551871048170742,0.0561931469430327,-0,-0.000158697982814524,0,-0.0707031743751955,0,0
70.32,0,0,-0.0207361574462247,-0.0138917125775363,0.177508126994219,-0.10435175936321,0.0553035261575398,0.0560443054374337,-0,-0.000154007748637486,0,-0.0702912728991766,0,0
70.34,0,0,-0.0210075604265447,-0.0132505336893342,0.175412050954772,-0.105242379432327,0.0553848134957103,0.0558640917151731,-0,-0.000149456131828138,0,-0.0698738143477066,0,0
70.36,0,0,-0.0212662565737367,-0.012621021434988,0.173298961926211,-0.10605348073337,0.0554315645740339,0.0556545274911376,-0,-0.000145039035624166,0,-0.0694510551938373,0,0
70.38,0,0,-0.0215124787366285,-0.0120031267370049,0.171170425047498,-0.106787580545247,0.0554445591981639,0.0554176970912404,-0,-0.000140752484340881,0,-0.0690232472441073,0,0
70.4,0,0,-0.021746458741371,-0.0113967964265493,0.169027955524121,-0.107447153501666,0.055424742398275,0.0551557174663244,-0,-0.000136592619792819,0,-0.0685906376581692,0,0
70.42,0,0,-0.0219684273108958,-0.0108019733720352,0.166873019563489,-0.108034623526339,0.0553732060482845,0.0548707098192396,-0,-0.000132555697821158,0,-0.0681534689700526,0,0
70.44,0,0,-0.0221786139869516,-0.0102185966083457,0.164707035460434,-0.108552356892293,0.0552911693593081,0.054564773187833,-0,-0.000128638084923657,0,-0.0677119791110126,0,0
70.46,0,0,-0.0223772470547311,-0.00964660146667565,0.162531374810079,-0.109002656427387,0.0551799586507975,0.0542399602686242,-0,-0.000124836254984316,0,-0.0672664014339113,0,0
70.48,0,0,-0.0225645534701004,-0.00908591970494602,0.160347363825112,-0.10938775686808,0.0550409867842724,0.0538982557075589,-0,-0.000121146786099605,0,-0.0668169647390813,0,0
70.5,0,0,-0.0227407587894415,-0.00853647963869405,0.158156284734613,-0.109709821344907,0.054875732621084,0.0535415570266747,-0,-0.000117566357498527,0,-0.0663638933016178,0,0
70.52,0,0,-0.0229060871021169,-0.00799820627230689,0.155959377242136,-0.109970938966165,0.0546857208380079,0.0531716582994318,-0,-0.000114091746553701,0,-0.0659074069000482,0,0
70.54,0,0,-0.0230607609655605,-0.00747102143043189,0.15375784002151,-0.110173123451224,0.0544725024034228,0.0527902366338597,-0,-0.000110719825880776,0,-0.0654477208463261,0,0
70.56,0,0,-0.0232050013429967,-0.00695484388936947,0.15155283223,-0.110318312751697,0.0542376359831627,0.0523988414721011,-0,-0.000107447560523576,0,-0.0649850460170968,0,0
70.58,0,0,-0.0233390275437858,-0.00644958950823161,0.149345475019756,-0.110408369587522,0.0539826705095793,0.0519988866680812,-0,-0.000104272005222436,0,-0.0645195888861824,0,0
70.6,0,0,-0.0234630571663881,-0.00595517135963196,0.14713685303007,-0.110445082815896,0.0537091291106573,0.051591645262351,-0,-0.00010119030176327,0,-0.0640515515582342,0,0
70.62,0,0,-0.0235773060439352,-0.00547149985966153,0.144928015844669,-0.110430169543863,0.0534184945588646,0.0511782468350442,-0,-9.81996764049791e-05,0,-0.0635811318034987,0,0
70.64,0,0,-0.0236819881923912,-0.00499848289689703,0.142719979400097,-0.11036527789028,0.0531121963624541,0.0507596772846044,-0,-9.52974373829071e-05,0,-0.0631085230936474,0,0
70.66,0,0,-0.0237773157612828,-0.00453602596018682,0.140513727333181,-0.110251990299672,0.0527915995857416,0.0503367808517057,-0,-9.24809724860629e-05,0,-0.0626339146386168,0,0
70.68,0,0,-0.0238634989869703,-0.00408403226496186,0.138310212257515,-0.110091827309151,0.0524579954500165,0.0499102641846558,-0,-8.9747746705956e-05,0,-0.0621574914244088,0,0
70.7,0,0,-0.0239407461484282,-0.00364240287782562,0.136110356960911,-0.109886251669952,0.0521125937336582,0.0494807022245348,-0,-8.709529995492e-05,0,-0.0616794342518004,0,0
70.72,0,0,-0.0240092635254987,-0.00321103683918711,0.133915055517663,-0.109636672727051,0.0517565169591556,0.0490485456752911,-0,-8.45212448518694e-05,0,-0.0611999197759126,0,0
70.74,0,0,-0.0240692553595759,-0.00278983128371485,0.131725174311435,-0.109344450963751,0.0513907963263797,0.0486141298158624,-0,-8.20232645734869e-05,0,-0.0607191205465909,0,0
70.76,0,0,-0.024120923816676,-0.00237868155840596,0.129541552966338,-0.109010902622721,0.0510163693259413,0.0481776844078097,-0,-7.95991107689349e-05,0,-0.0602372050495467,0,0
70.78,0,0,-0.0241644689528429,-0.00197748133808352,0.127365005185517,-0.108637304320751,0.0506340789439526,0.0477393444527138,-0,-7.72466015361846e-05,0,-0.0597543377482155,0,0
70.8,0,0,-0.0242000886818376,-0.00158612273815565,0.125196319498156,-0.108224897581099,0.0502446743501742,0.0472991615583259,-0,-7.49636194581562e-05,0,-0.0592706791262822,0,0
70.82,0,0,-0.0242279787450531,-0.00120449642449235,0.123036259917226,-0.107774893214721,0.0498488129454213,0.0468571156808139,-0,-7.27481096969025e-05,0,-0.0587863857308324,0,0
70.84,0,0,-0.0242483326835974,-0.000832491720298961,0.120885566511644,-0.107288475489624,0.0494470636312601,0.0464131270219567,-0,-7.05980781441139e-05,0,-0.0583016102160816,0,0
70.86,0,0,-0.0242613418124838,-0.000469996709888673,0.118744955897603,-0.106766806035891,0.0490399111554055,0.045967067874459,-0,-6.85115896262888e-05,0,-0.0578165013876428,0,0
70.88,0,0,-0.0242671951968635,-0.00011689833928042,0.116615121654815,-0.106211027442535,0.048627761379747,0.0455187742251408,-0,-6.64867661629448e-05,0,-0.0573312042472896,0,0
70.9,0,0,-0.0242660796302396,0.000226917486428172,0.114496734674205,-0.105622266510908,0.0482109473144526,0.045068056944249,-0,-6.45217852763107e-05,0,-0.056845860038174,0,0
70.92,0,0,-0.024258179614595,0.000561565808940272,0.112390443444196,-0.105001637137963,0.0477897357609586,0.0446147124090249,-0,-6.26148783509723e-05,0,-0.056360606290462,0,0
70.94,0,0,-0.0242436773423701,0.000887162525897401,0.110296874283197,-0.104350242810989,0.0473643344086441,0.0441585324305414,-0,-6.07643290420005e-05,0,-0.0558755768673464,0,0
70.96,0,0,-0.0242227526802263,0.00120382430326001,0.108216631526165,-0.103669178703396,0.0469348992343728,0.0436993133742764,-0,-5.89684717301248e-05,0,-0.0553909020114037,0,0
70.98,0,0,-0.0241955831545284,0.00151166849089691,0.106150297673276,-0.102959533368704,0.0465015420606215,0.0432368643865103,-0,-5.72256900225631e-05,0,-0.0549067083912572,0,0
71,0,0,-0.0241623439384847,0.00181081304133177,0.10409843350871,-0.102222390036885,0.0460643381363187,0.0427710146600575,-0,-5.55344152981582e-05,0,-0.0544231191485144,0,0
71.02,0,0,-0.0241232078408801,0.00210137643157935,0.102061578197391,-0.101458827523595,0.0456233336145211,0.0423016196937374,-0,-5.38931252955155e-05,0,-0.0539402539449452,0,0
71.04,0,0,-0.0240783452963432,0.00238347758799019,0.100040249367292,-0.100669920768589,0.0451785528123607,0.0418285665200338,-0,-5.23003427428622e-05,0,-0.0534582290098707,0,0
71.06,0,0,-0.0240279243570865,0.0026572358140108,0.0980349431845017,-0.0998567410246428,0.0447300051510366,0.0413517778943578,-0,-5.07546340284054e-05,0,-0.0529771571877308,0,0
71.08,0,0,-0.0239721106860636,0.00292277072075666,0.0960461344277972,-0.0990203557225477,0.044277691686695,0.040871215456936,-0,-4.92546079099822e-05,0,-0.0524971479858034,0,0
71.1,0,0,-0.023911067551487,0.00318020216028755,0.0940742765689171,-0.0981618280413409,0.0438216111565949,0.0403868818944482,-0,-4.77989142628494e-05,0,-0.052018307622047,0,0
71.12,0,0,-0.0238449558226554,0.00342965016146923,0.0921198018641132,-0.0972822162156589,0.0433617654787172,0.0398988221429739,-0,-4.6386242864481e-05,0,-0.0515407390730387,0,0
71.14,0,0,-0.0237739339670379,0.00367123486830135,0.0901831214619018,-0.0963825726141684,0.0428981646567065,0.0394071236864438,-0,-4.50153222152786e-05,0,-0.0510645421219844,0,0
71.16,0,0,-0.0236981580485686,0.00390507648059016,0.0882646255312427,-0.095463942624338,0.0424308310555172,0.0389119160156105,-0,-4.36849183941355e-05,0,-0.050589813406774,0,0
71.18,0,0,-0.0236177817271051,0.00413129519684373,0.08636468341366,-0.0945273633794437,0.0419598030261576,0.0384133693214323,-0,-4.23938339478205e-05,0,-0.0501166464680595,0,0
71.2,0,0,-0.0235329562590076,0.0043500111592694,0.0844836438021014,-0.093573862363691,0.0414851378703177,0.0379116925037991,-0,-4.11409068132021e-05,0,-0.0496451317973325,0,0
71.22,0,0,-0.0234438304987989,0.00456134440075575,0.0826218349486187,-0.0926044559307268,0.0410069141472622,0.0374071305816689,-0,-3.9925009271297e-05,0,-0.0491753568849796,0,0
71.24,0,0,-0.0233505509018646,0.00476541479372564,0.0807795649022586,-0.0916201477696669,0.0405252333360525,0.0368999615940199,-0,-3.87450469322564e-05,0,-0.0487074062682935,0,0
71.26,0,0,-0.0232532615281596,0.00496234200075229,0.0789571217778857,-0.090621927351135,0.0400402208758068,0.0363904930826477,-0,-3.75999577503436e-05,0,-0.0482413615794206,0,0
71.28,0,0,-0.0231521040468848,0.00515224542683646,0.0771547740560281,-0.0896107683837667,0.0395520266152552,0.0358790582478209,-0,-3.64887110680086e-05,0,-0.0477773015932243,0,0
71.3,0,0,-0.0230472177421027,0.00533524417324993,0.0753727709132526,-0.0885876273092356,0.0390608247102234,0.0353660118663108,-0,-3.54103066882439e-05,0,-0.0473153022750453,0,0
71.32,0,0,-0.0229387395192612,0.00551145699285814,0.0736113425820411,-0.087553441861176,0.0385668130138589,0.0348517260584408,-0,-3.43637739743229e-05,0,-0.0468554368283411,0,0
71.34,0,0,-0.0228268039125966,0.00568100224684282,0.0718707007386581,-0.0865091297104802,0.0380702120093904,0.0343365859867241,-0,-3.33481709761749e-05,0,-0.0463977757421853,0,0
71.36,0,0,-0.022711543093389,0.00584399786275384,0.0701510389170855,-0.0854555872163903,0.0375712633389839,0.0338209855635516,-0,-3.23625835825601e-05,0,-0.0459423868386106,0,0
71.38,0,0,-0.0225930868790441,0.00600056129382792,0.0684525329467388,-0.08439368829966,0.0370702279848659,0.0333053232393476,-0,-3.14061246983067e-05,0,-0.045489335319779,0,0
71.4,0,0,-0.0224715627429757,0.00615080947952014,0.0667753414113872,-0.0833242834508801,0.0365673841603681,0.0327899979359142,-0,-3.04779334458685e-05,0,-0.0450386838149611,0,0
71.42,0,0,-0.0223470958252663,0.0062948588072025,0.065119606126471,-0.0822481988839017,0.0360630249689649,0.0322754051823729,-0,-2.95771743904737e-05,0,-0.0445904924273111,0,0
71.44,0,0,-0.0222198089440828,0.00643282507499168,0.0634854526318393,-0.0811662358412041,0.0355574558888122,0.0317619335034439,-0,-2.87030367881799e-05,0,-0.0441448187804203,0,0
71.46,0,0,-0.0220898226078235,0.00656482345567548,0.0618729906968267,-0.0800791700550845,0.0350509921388151,0.0312499611018838,-0,-2.78547338561502e-05,0,-0.0437017180646353,0,0
71.48,0,0,-0.021957255027977,0.0066909684617147,0.0602823148345363,-0.0789877513657338,0.0345439559799756,0.0307398528688964,-0,-2.70315020644979e-05,0,-0.0432612430831256,0,0
71.5,0,0,-0.0218222221326697,0.0068113739113033,0.0587135048222041,-0.0778927034946409,0.0340366740027691,0.0302319577483741,-0,-2.62326004490457e-05,0,-0.042823444297688,0,0
71.52,0,0,-0.0216848375808815,0.0069261528954759,0.0571666262245726,-0.0767947239693685,0.0335294744476945,0.0297266064730573,-0,-2.54573099444221e-05,0,-0.0423883698742721,0,0
71.54,0,0,-0.0215452127773097,0.00703541774625621,0.0556417309173044,-0.0756944841935869,0.0330226846020344,0.0292241096831945,-0,-2.47049327368569e-05,0,-0.0419560657282165,0,0
71.56,0,0,-0.0214034568878587,0.00713928000584504,0.0541388576076082,-0.0745926296543543,0.0325166283113532,0.0287247564312144,-0,-2.39747916360757e-05,0,-0.0415265755691796,0,0
71.58,0,0,-0.0212596768557364,0.00723785039684967,0.052658032349426,-0.0734897802570101,0.0320116236394625,0.0282288130692869,-0,-2.32662294658154e-05,0,-0.0410999409457564,0,0
71.6,0,0,-0.0211139774181344,0.00733123879355953,0.0511992690507364,-0.0723865307766982,0.0315079807055903,0.0277365225105954,-0,-2.25786084723026e-05,0,-0.0406762012897659,0,0
71.62,0,0,-0.0209664611234732,0.00741955419427539,0.0497625699707613,-0.0712834514144749,0.0310059997224034,0.0272481038496902,-0,-2.19113097502371e-05,0,-0.0402553939602003,0,0
71.64,0,0,-0.02081722834919,0.00750290469470068,0.0483479262051109,-0.0701810884451622,0.0305059692534411,0.0267637523224896,-0,-2.12637326857303e-05,0,-0.0398375542868234,0,0
71.66,0,0,-0.0206663773200475,0.0075813974624044,0.0469553181571649,-0.0690799649435858,0.0300081647035046,0.0262836395823856,-0,-2.0635294415719e-05,0,-0.0394227156134077,0,0
71.68,0,0,-0.020514004126943,0.0076551387123654,0.0455847159942596,-0.0679805815755709,0.0295128470506948,0.0258079142654794,-0,-2.00254293033515e-05,0,-0.0390109093406011,0,0
71.7,0,0,-0.0203602027461959,0.00772423368360727,0.0442360800875203,-0.0668834174400433,0.0290202618241539,0.0253367028152725,-0,-1.94335884288639e-05,0,-0.0386021649684117,0,0
71.72,0,0,-0.020205065059291,0.00778878661693243,0.0429093614344538,-0.0657889309487847,0.0285306383272246,0.024870110535106,-0,-1.88592390955276e-05,0,-0.0381965101383028,0,0
71.74,0,0,-0.0200486808730567,0.00784890073376234,0.0416045020636778,-0.0646975607307895,0.0280441891017215,0.0244082228352948,-0,-1.83018643501766e-05,0,-0.0377939706748887,0,0
71.76,0,0,-0.0198911379402545,0.0079046782160892,0.0403214354214229,-0.0636097265487586,0.027561109625372,0.0239511066411995,-0,-1.77609625179286e-05,0,-0.0373945706272223,0,0
71.78,0,0,-0.0197325219805593,0.00795622018754229,0.0390600867396797,-0.0625258302160056,0.0270815782312477,0.0234988119283864,-0,-1.72360467506245e-05,0,-0.0369983323096675,0,0
71.8,0,0,-0.0195729167019064,0.00800362669556972,0.0378203733860973,-0.0614462565029263,0.0266057562352035,0.0230513733514933,-0,-1.67266445886514e-05,0,-0.036605276342348,0,0
71.82,0,0,-0.019412403822184,0.00804699669473365,0.0366022051959376,-0.0603713740231729,0.026133788254976,0.0226088119343959,-0,-1.62322975356798e-05,0,-0.0362154216911656,0,0
71.84,0,0,-0.019251063091249,0.0080864280311144,0.0354054847865849,-0.0593015360907395,0.0256658027026766,0.0221711367907155,-0,-1.57525606459992e-05,0,-0.0358287857073816,0,0
71.86,0,0,-0.019088972313243,0.00812201742781592,0.0342301078552687,-0.0582370815403033,0.0252019124309434,0.0217383468455435,-0,-1.52870021240363e-05,0,-0.0354453841667548,0,0
71.88,0,0,-0.0189262073691879,0.00815386047156211,0.0330759634608021,-0.0571783355043333,0.0247422155119789,0.0213104325314313,-0,-1.48352029356973e-05,0,-0.0350652313082301,0,0
71.9,0,0,-0.0187628422398387,0.0081820516003708,0.0319429342902561,-0.0561256101416654,0.0242867961280864,0.020887377434163,-0,-1.43967564312231e-05,0,-0.0346883398721732,0,0
71.92,0,0,-0.0185989490287717,0.00820668409228917,0.0308308969115822,-0.0550792053134268,0.0238357255520952,0.0204691598664865,-0,-1.39712679791664e-05,0,-0.034314721138145,0,0
71.94,0,0,-0.018434597985688,0.00822785005517178,0.0297397220132696,-0.0540394092033457,0.023389063196221,0.0200557543508084,-0,-1.35583546112053e-05,0,-0.0339443849622124,0,0
71.96,0,0,-0.0182698575299111,0.00824564041747989,0.0286692746321676,-0.053006498880606,0.0229468577084003,0.019647132994792,-0,-1.31576446774449e-05,0,-0.0335773398137917,0,0
71.98,0,0,-0.0181047942740584,0.00826014492007832,0.0276194143706337,-0.0519807408044618,0.0225091480959352,0.0192432667467519,-0,-1.27687775118967e-05,0,-0.0332135928120193,0,0
72,0,0,-0.0179394730478669,0.00827145210900397,0.0265899956041703,-0.0509623912708237,0.0220759648573597,0.0188441265207042,-0,-1.2391403107867e-05,0,-0.0328531497616478,0,0
72.02,0,0,-0.0177739569221544,0.00827964932917823,0.0255808676807014,-0.0499516968019361,0.0216473311047366,0.0184496841838261,-0,-1.2025181802924e-05,0,-0.0324960151884643,0,0
72.04,0,0,-0.017608307232897,0.00828482271903394,0.0245918751126094,-0.0489488944810902,0.0212232636600952,0.0180599134018808,-0,-1.16697839731804e-05,0,-0.0321421923742282,0,0
72.06,0,0,-0.017442583605405,0.0082870572060261,0.0236228577626058,-0.0479542122350457,0.0208037741113638,0.0176747903408171,-0,-1.13248897365987e-05,0,-0.0317916833911264,0,0
72.08,0,0,-0.0172768439785805,0.00828643650299451,0.0226736510244482,-0.0469678690674551,0.0203888698149222,0.0172942942252424,-0,-1.09901886650911e-05,0,-0.0314444891357441,0,0
72.1,0,0,-0.0171111446292391,0.00828304310534562,0.0217440859994492,-0.0459900752471158,0.0199785548337381,0.0169184077567562,-0,-1.06653795051096e-05,0,-0.03110060936255,0,0
72.12,0,0,-0.01694554019648,0.00827695828902052,0.020833989669635,-0.0450210324552886,0.0195728308019365,0.0165471173971813,-0,-1.0350169906484e-05,0,-0.0307600427168942,0,0
72.14,0,0,-0.0167800837060897,0.0082682621092155,0.0199431850683305,-0.0440609338966422,0.0191716977085428,0.0161804135235791,-0,-1.0044276159301e-05,0,-0.0304227867675188,0,0
72.16,0,0,-0.0166148265949635,0.00825703339982181,0.0190714914488492,-0.0431099643785983,0.0187751545950056,0.0158182904634735,-0,-9.74742293854448e-06,0,-0.0300888380385796,0,0
72.18,0,0,-0.0164498187355311,0.00824334977355129,0.0182187244518707,-0.0421683003639748,0.0183832001629211,0.0154607464200527,-0,-9.45934305628289e-06,0,-0.0297581920411799,0,0
72.2,0,0,-0.0162851084601742,0.0082272876227152,0.0173846962719926,-0.0412361100018525,0.0179958332901127,0.015107783298147,-0,-9.17977722117956e-06,0,-0.0294308433044157,0,0
72.22,0,0,-0.0161207425856209,0.00820892212062411,0.0165692158238411,-0.04031355314154,0.017613053454854,0.0147594064425972,-0,-8.90847380511511e-06,0,-0.0291067854059324,0,0
72.24,0,0,-0.0159567664373069,0.00818832722357755,0.0157720889080319,-0.0394007813343778,0.0172348610695359,0.0144156243011494,-0,-8.64518861670195e-06,0,-0.0287860110019942,0,0
72.26,0,0,-0.0157932238736913,0.00816557567341321,0.0149931183771788,-0.0384979378279245,0.0168612577264527,0.0140764480243409,-0,-8.38968468150521e-06,0,-0.0284685118570672,0,0
72.28,0,0,-0.0156301573105161,0.00814073900058658,0.0142321043020585,-0.0376051575568088,0.0164922463596117,0.0137418910148911,-0,-8.14173202873594e-06,0,-0.0281542788729155,0,0
72.3,0,0,-0.015467607744998,0.0081138875277531,0.0134888441379585,-0.0367225671342174,0.0161278313275381,0.0134119684389942,-0,-7.90110748427608e-06,0,-0.0278433021172141,0,0
72.32,0,0,-0.0153056147799457,0.00808509037382648,0.0127631328911581,-0.0358502848476384,0.0157680184229557,0.0130866967115685,-0,-7.66759446979744e-06,0,-0.0275355708516778,0,0
72.34,0,0,-0.0151442166477895,0.00805441545848783,0.0120547632854257,-0.0349884206620885,0.0154128148159626,0.0127660929670172,-0,-7.44098280782042e-06,0,-0.027231073559709,0,0
72.36,0,0,-0.0149834502345177,0.0080219295071222,0.0113635259283511,-0.0341370762336474,0.0150622289378995,0.0124501745264049,-0,-7.2210685325598e-06,0,-0.0269297979735656,0,0
72.38,0,0,-0.0148233511035096,0.0079876980561601,0.0106892094772857,-0.0332963449356879,0.0147162703135185,0.0121389583711557,-0,-7.00765370632676e-06,0,-0.0266317311010517,0,0
72.4,0,0,-0.0146639535192582,0.00795178545880349,0.0100316008046129,-0.032466311899764,0.014374949349319,0.0118324606325004,-0,-6.80054624137109e-06,0,-0.0263368592517318,0,0
72.42,0,0,-0.0145052904709742,0.00791425489111673,0.00939048516204227,-0.0316470540726785,0.0140382770860254,0.011530696104919,-0,-6.59955972699862e-06,0,-0.0260451680626729,0,0
72.44,0,0,-0.0143473936960648,0.00787516835846477,0.0087656463435899,-0.0308386402908296,0.0137062649231468,0.0112336777907834,-0,-6.40451326178355e-06,0,-0.0257566425237147,0,0
72.46,0,0,-0.0141902937034811,0.00783458670228199,0.00815686684689418,-0.030041131372521,0.0133789243234028,0.010941416482332,-0,-6.21523129074215e-06,0,-0.0254712670022721,0,0
72.48,0,0,-0.0140340197969258,0.00779256960715633,0.00756392803250215,-0.0292545802285279,0.0130562665045202,0.0106539203860093,-0,-6.03154344732369e-06,0,-0.0251890252676721,0,0
72.5,0,0,-0.0138786000979171,0.00774917560821483,0.00698661028076269,-0.0284790319908438,0.0127383021255275,0.0103711947931136,-0,-5.85328440007478e-06,0,-0.0249099005150277,0,0
72.52,0,0,-0.0137240615687016,0.00770446209879749,0.00642469314596604,-0.0277145241591925,0.0124250409742095,0.0100932417996015,-0,-5.68029370382091e-06,0,-0.0246338753886524,0,0
72.54,0,0,-0.0135704300350108,0.00765848533840756,0.00587795550738128,-0.0269610867645835,0.0121164916618378,0.00982006007687659,-0,-5.51241565526113e-06,0,-0.0243609320050177,0,0
72.56,0,0,-0.0134177302086562,0.00761130046092735,0.00534617571686027,-0.0262187425489184,0.0118126613306973,0.00955164469437935,-0,-5.34949915282322e-06,0,-0.0240910519752572,0,0
72.58,0,0,-0.0132659857099578,0.00756296148308917,0.00482913174269911,-0.025487507159418,0.0115135553792795,0.00928798699386915,-0,-5.19139756065441e-06,0,-0.0238242164272202,0,0
72.6,0,0,-0.0131152190899997,0.00751352131319216,0.00432660130947451,-0.0247673893564463,0.011219177209336,0.00902907451443408,-0,-5.03796857665925e-06,0,-0.0235604060270794,0,0
72.62,0,0,-0.0129654518527101,0.00746303176005592,0.00383836203360285,-0.0240583912331461,0.0109295279982927,0.00877489096647593,-0,-4.889074104392e-06,0,-0.0232996010004935,0,0
72.64,0,0,-0.0128167044767592,0.00741154354220271,0.00336419155440253,-0.0233605084451813,0.0106446064998232,0.00852541625223806,-0,-4.74458012877932e-06,0,-0.0230417811533318,0,0
72.66,0,0,-0.0126689964372714,0.00735910629726028,0.00290386766047529,-0.0226737304487984,0.0103644088746883,0.00828062652984033,-0,-4.60435659549278e-06,0,-0.0227869258919618,0,0
72.68,0,0,-0.0125223462273479,0.00730576859157758,0.00245716841125837,-0.0219980407453695,0.0100889285532735,0.00804049431727999,-0,-4.46827729388803e-06,0,-0.0225350142431042,0,0
72.7,0,0,-0.0123767713793937,0.00725157793004608,0.00202387225363641,-0.0213334171305693,0.00981815613060942,0.00780498863246349,-0,-4.33621974340985e-06,0,-0.0222860248732603,0,0
72.72,0,0,-0.0122322884862474,0.00719658076611932,0.00160375813353882,-0.0206798319463513,0.00955207929404739,0.00757407516500561,-0,-4.2080650833505e-06,0,-0.0220399361077136,0,0
72.74,0,0,-0.0120889132221078,0.00714082251202364,0.00119660560248453,-0.0200372523339395,0.00929068278319875,0.00734771647533452,-0,-4.08369796586761e-06,0,-0.0217967259491124,0,0
72.76,0,0,-0.0119466603632552,0.00708434754915294,0.000802194919071082,-0.0194056404861223,0.00903394838122427,0.0071258722164996,-0,-3.96300645216091e-06,0,-0.0215563720956342,0,0
72.78,0,0,-0.0118055438085622,0.00702719923864009,0.000420307145438487,-0.0187849538972301,0.00878185493609954,0.00690849937404769,-0,-3.84588191172132e-06,0,-0.0213188519587393,0,0
72.8,0,0,-0.011665576599792,0.00696941993209805,5.07242387692189e-05,-0.0181751456092953,0.00853437841007543,0.00669555251936775,-0,-3.73221892456185e-06,0,-0.021084142680515,0,0
72.82,0,0,-0.0115267709416801,0.006911050982523,-0.000306770862085203,-0.0175761644530218,0.00829149195520728,0.00648698407201012,-0,-3.62191518631788e-06,0,-0.0208522211506171,0,0
72.84,0,0,-0.0113891382217961,0.00685213275535216,-0.000652394154734778,-0.0169879552823372,0.00805316601254236,0.00628274456668008,-0,-3.5148714161836e-06,0,-0.0206230640228111,0,0
72.86,0,0,-0.0112526890301835,0.00679270463966852,-0.000986360495999379,-0.016410459201453,0.00781936843233211,0.0060827829208143,-0,-3.41099126754084e-06,0,-0.0203966477311191,0,0
72.88,0,0,-0.0111174331787727,0.00673280505954462,-0.00130888352911562,-0.0158436137835188,0.00759006461247317,0.00588704669895691,-0,-3.31018124124366e-06,0,-0.0201729485055755,0,0
72.9,0,0,-0.0109833797205678,0.00667247148551729,-0.00162017561522638,-0.0152873532801175,0.00736521765227697,0.00569548237046248,-0,-3.2123506014687e-06,0,-0.0199519423875971,0,0
72.92,0,0,-0.0108505369686007,0.00661174044618526,-0.00192044776896352,-0.0147416088210151,0.00714478851861901,0.00550803555741419,-0,-3.11741129403569e-06,0,-0.019733605244972,0,0
72.94,0,0,-0.0107189125146531,0.00655064753992105,-0.00220990959792457,-0.0142063086037349,0.00692873622152331,0.00532465127002867,-0,-3.02527786715835e-06,0,-0.0195179127864708,0,0
72.96,0,0,-0.0105885132477434,0.00648922744668876,-0.00248876924583665,-0.0136813780726862,0.006717017996289,0.0051452741272165,-0,-2.93586739453719e-06,0,-0.0193048405760869,0,0
72.98,0,0,-0.0104593453723753,0.00642751393995898,-0.00275723333919741,-0.013166740087723,0.00650958948936231,0.00496984856036975,-0,-2.84909940071083e-06,0,-0.0190943640469088,0,0
73,0,0,-0.0103314144265482,0.00636553989871215,-0.00301550693718146,-0.0126623150821513,0.00630640494529179,0.0047983189988606,-0,-2.76489578862962e-06,0,-0.0188864585146296,0,0
73.02,0,0,-0.0102047252995262,0.00630333731952137,-0.00326379348460257,-0.012168021210329,0.00610741739227326,0.00463063003613274,-0,-2.6831807693594e-06,0,-0.0186810991906993,0,0
73.04,0,0,-0.0100792822493648,0.00624093732870589,-0.00350229476772588,-0.0116837744851242,0.00591257882398725,0.00446672657565839,-0,-2.60388079386872e-06,0,-0.0184782611951237,0,0
73.06,0,0,-0.00995508892019368,0.00617837019454635,-0.00373121087273089,-0.0112094889055996,0.00572184037565238,0.00430655395640397,-0,-2.52692448682659e-06,0,-0.0182779195689151,0,0
73.08,0,0,-0.00983214835925537,0.00611566533955279,-0.0039507401466341,-0.0107450765753826,0.00553515249245475,0.00415005805780246,-0,-2.45224258236393e-06,0,-0.0180800492862008,0,0
73.1,0,0,-0.00971046303369719,0.00605285135277669,-0.0041610791604904,-0.0102904478122563,0.00535246508876385,0.00399718538454484,-0,-2.3797678617276e-06,0,-0.0178846252659914,0,0
73.12,0,0,-0.00959003484711718,0.00598995600215832,-0.00436242267470337,-0.00984551124957326,0.00517372769680248,0.00384788313180868,-0,-2.30943509277499e-06,0,-0.0176916223836178,0,0
73.14,0,0,-0.00947086515586259,0.00592700624690061,-0.00455496360628748,-0.00941017393013626,0.00499888960369803,0.00370209923179421,-0,-2.24118097126927e-06,0,-0.0175010154818383,0,0
73.16,0,0,-0.00935295478508073,0.00586402824986137,-0.00473889299793826,-0.00898434139323087,0.0048278999761003,0.00355978238267041,-0,-2.17494406389192e-06,0,-0.0173127793816228,0,0
73.18,0,0,-0.00923630404452184,0.0058010473899553,-0.00491439998878045,-0.00856791775551159,0.0046607079718031,0.00342088206122734,-0,-2.11066475296062e-06,0,-0.0171268888926183,0,0
73.2,0,0,-0.00912091274409394,0.00573808827455793,-0.00508167178667839,-0.00816080578645401,0.0044972628380489,0.00328534852068253,-0,-2.0482851827569e-06,0,-0.0169433188233009,0,0
73.22,0,0,-0.0090067802091696,0.00567517475190354,-0.00524089364200696,-0.0077629069790809,0.00433751399642518,0.0031531327752173,-0,-1.98774920745319e-06,0,-0.0167620439908195,0,0
73.24,0,0,-0.00889390529564489,0.00561232992346971,-0.00539224882279564,-0.00737412161665625,0.00418141111447471,0.00302418657290203,-0,-1.92900234058727e-06,0,-0.0165830392305348,0,0
73.26,0,0,-0.00878228640475087,0.00554957615634093,-0.00553591859117174,-0.00699434883601669,0.00402890416433768,0.0028984623587197,-0,-1.87199170601643e-06,0,-0.0164062794052609,0,0
73.28,0,0,-0.00867192149761798,0.00548693509554464,-0.00567208218104189,-0.00662348668817682,0.00387994346891905,0.0027759132294219,-0,-1.81666599032189e-06,0,-0.0162317394142125,0,0
73.3,0,0,-0.00856280810959415,0.00542442767635278,-0.00580091677696349,-0.00626143219680469,0.00373447973622878,0.00265649288194174,-0,-1.76297539662348e-06,0,-0.0160593942016629,0,0
73.32,0,0,-0.00845494336431722,0.0053620741365427,-0.00592259749416891,-0.00590808141511635,0.0035924640826755,0.00254015555704978,-0,-1.71087159976484e-06,0,-0.0158892187653189,0,0
73.34,0,0,-0.00834832398754259,0.00529989402861132,-0.006037297359716,-0.00556332948168742,0.00345384804620275,0.00242685597987773,-0,-1.66030770280996e-06,0,-0.0157211881644162,0,0
73.36,0,0,-0.00824294632072714,0.00523790623193696,-0.00614518729474773,-0.00522707067562328,0.00331858359024444,0.0023165492988548,-0,-1.61123819484264e-06,0,-0.015555277527541,0,0
73.38,0,0,-0.00813880633437043,0.00517612896488342,-0.00624643609785207,-0.00489919847147192,0.0031866230995404,0.0022091910244948,-0,-1.56361890999226e-06,0,-0.0153914620601817,0,0
73.4,0,0,-0.00803589964111451,0.00511457979684142,-0.00634121042952025,-0.00457960559420365,0.00305791936889497,0.00210473696935784,-0,-1.5174069876887e-06,0,-0.015229717052017,0,0
73.42,0,0,-0.0079342215086035,0.00505327566020265,-0.00642967479770768,-0.00426818407452218,0.00293242558598371,0.00200314319037851,-0,-1.47256083408293e-06,0,-0.015070017883944,0,0
73.44,0,0,-0.00783376687210443,0.00499223286226206,-0.00651199154450596,-0.0039648253047122,0.00281009530931535,0.00190436593461219,-0,-1.42904008461082e-06,0,-0.0149123400348515,0,0
73.46,0,0,-0.00773453034689076,0.00493146709704445,-0.00658832083393868,-0.00366942009517115,0.00269088244243939,0.00180836158930521,-0,-1.38680556766024e-06,0,-0.0147566590881435,0,0
73.48,0,0,-0.00763650624039022,0.00487099345705148,-0.00665882064089538,-0.00338185873171766,0.00257474120545784,0.00171508663704556,-0,-1.3458192693154e-06,0,-0.0146029507380168,0,0
73.5,0,0,-0.00753968856409844,0.00481082644492571,-0.00672364674121988,-0.00310203103371727,0.00246162610485175,0.00162449761659627,-0,-1.30604429914288e-06,0,-0.0144511907954987,0,0
73.52,0,0,-0.00744407104526026,0.00475097998502852,-0.00678295270296926,-0.00282982641301745,0.00235149190257288,0.00153655108986927,-0,-1.26744485698296e-06,0,-0.0143013551942484,0,0
73.54,0,0,-0.00734964713832027,0.00469146743492882,-0.00683688987885923,-0.00256513393364061,0.00224429358527999,0.00145120361534887,-0,-1.22998620073408e-06,0,-0.0141534199961272,0,0
73.56,0,0,-0.00725641003614456,0.00463230159680001,-0.00688560739991022,-0.00230784237214389,0.00213998633451906,0.00136841172813526,-0,-1.19363461507666e-06,0,-0.0140073613965416,0,0
73.58,0,0,-0.00716435268101544,0.00457349472872259,-0.00692925217030633,-0.00205784027852076,0.00203852549856003,0.00128813192664938,-0,-1.158357381131e-06,0,-0.0138631557295649,0,0
73.6,0,0,-0.00707346777540107,0.00451505855589014,-0.00696796886347641,-0.00181501603748996,0.00193986656651039,0.00121032066591559,-0,-1.12412274700432e-06,0,-0.0137207794728406,0,0
73.62,0,0,-0.00698374779250196,0.00445700428171673,-0.00700189991940339,-0.00157925792999367,0.0018439651452318,0.00113493435723066,-0,-1.09089989921724e-06,0,-0.0135802092522729,0,0
73.64,0,0,-0.00689518498657633,0.0043993425988436,-0.007031185543164,-0.001350454194708,0.00175077693948884,0.00106192937392612,-0,-1.05865893496385e-06,0,-0.0134414218465085,0,0
73.66,0,0,-0.00680777140304636,0.00434208370004344,-0.00705596370469707,-0.00112849308935556,0.00166025773566416,0.000991262062846223,-0,-1.02737083520002e-06,0,-0.013304394191214,0,0
73.68,0,0,-0.00672149888838735,0.00428523728902078,-0.00707637013979435,-0.000913262951601146,0.00157236338927991,0.000922888761088143,-0,-9.97007438525467e-07,0,-0.013169103383153,0,0
73.7,0,0,-0.00663635909980199,0.00422881259110666,-0.00709253835230309,-0.000704652259307989,0.00148704981647509,0.000856765817492794,-0,-9.67541415832461e-07,0,-0.0130355266840688,0,0
73.72,0,0,-0.00655234351468176,0.00417281836384649,-0.00710459961752565,-0.000502549689932604,0.00140427298950267,0.000792849618324898,-0,-9.38946245713536e-07,0,-0.0129036415243739,0,0
73.74,0,0,-0.00646944343985767,0.00411726290747957,-0.00711268298679643,-0.000306844178840989,0.00132398893623019,0.000731096616548687,-0,-9.11196190583885e-07,0,-0.012773425506654,0,0
73.76,0,0,-0.00638765002064249,0.00406215407530918,-0.00711691529321274,-0.000117424976337451,0.00124615374355349,0.000671463364083597,-0,-8.84266273522803e-07,0,-0.0126448564089882,0,0
73.78,0,0,-0.0063069542496667,0.00400749928396201,-0.00711742115849156,6.58182967909531e-05,0.0011707235645674,0.000613906546412145,-0,-8.58132255786466e-07,0,-0.0125179121880909,0,0
73.8,0,0,-0.00622734697551037,0.00395330552353589,-0.00711432300092094,0.00024299559539684,0.00109765462927819,0.000558383018918253,-0,-8.32770614992914e-07,0,-0.0123925709822784,0,0
73.82,0,0,-0.00614881891113314,0.00389957936763479,-0.00710774104437085,0.000414216397927263,0.00102690325859208,0.0005048498443405,-0,-8.08158523958429e-07,0,-0.0122688111142656,0,0
73.84,0,0,-0.00607136064210479,0.00384632698329004,-0.00709779332832528,0.000579589656357489,0.000958425881272494,0.000453264330750759,-0,-7.84273830136718e-07,0,-0.0121466110937956,0,0
73.86,0,0,-0.00599496263463834,0.00379355414076701,-0.00708459571889499,0.000739223748230101,0.000892179053524455,0.00040358406949472,-0,-7.61095035693021e-07,0,-0.0120259496201069,0,0
73.88,0,0,-0.00591961524342832,0.00374126622325616,-0.00706826192076734,0.000893226430904441,0.000828119480839736,0.000355766972569826,-0,-7.38601278148059e-07,0,-0.0119068055842419,0,0
73.9,0,0,-0.00584530871929632,0.00368946823644774,-0.00704890349004845,0.0010417047980995,0.000766204041718854,0.000309771308955938,-0,-7.16772311599653e-07,0,-0.0117891580712003,0,0
73.92,0,0,-0.00577203321664621,0.00363816481798924,-0.00702662984795099,0.00118476523879125,0.000706389812876805,0.000265555739466118,-0,-6.95588488508134e-07,0,-0.0116729863619419,0,0
73.94,0,0,-0.00569977880073141,0.00358736024682499,-0.00700154829528011,0.00132251339850369,0.000648634095537347,0.000223079349729319,-0,-6.7503074200042e-07,0,-0.011558269935242,0,0
73.96,0,0,-0.00562853545473654,0.00353705845241684,-0.00697376402766949,0.00145505414301122,0.000592894442425252,0.000182301680977642,-0,-6.55080568717943e-07,0,-0.0114449884694029,0,0
73.98,0,0,-0.00555829308667589,0.00348726302384558,-0.00694338015151924,0.00158249152445012,0.000539128685077156,0.000143182758362995,-0,-6.35720012158968e-07,0,-0.0113331218438264,0,0
74,0,0,-0.00548904153611096,0.00343797721879215,-0.00691049770058757,0.00170492874981689,0.000487294961108287,0.000105683116581333,-0,-6.16931646515301e-07,0,-0.0112226501404496,0,0
74.02,0,0,-0.00542077058068972,0.00338920397239813,-0.00687521565318908,0.00182246815181383,0.000437351741093392,6.97638226425869e-05,-0,-5.98698560990395e-07,0,-0.0111135536450484,0,0
74.04,0,0,-0.00535346994250976,0.00334094590600494,-0.00683763094995293,0.00193521116198578,0.000389257854746305,3.5386495676189e-05,-0,-5.81004344575413e-07,0,-0.0110058128484113,0,0
74.06,0,0,-0.00528712929430794,0.00329320533577112,-0.00679783851209617,0.00204325828607701,0.000342972516111305,2.51332371296386e-06,-0,-5.63833071282396e-07,0,-0.0108994084473891,0,0
74.08,0,0,-0.00522173826547889,0.0032459842811672,-0.00675593126016819,0.00214670908152497,0.000298455347511155,-2.88929225646668e-05,-0,-5.47169285805907e-07,0,-0.0107943213458207,0,0
74.1,0,0,-0.00515728644792481,0.00319928447334783,-0.00671200013322491,0.00224566213699625,0.000255666402030428,-5.88688790683051e-05,-0,-5.30997989615749e-07,0,-0.0106905326553422,0,0
74.12,0,0,-0.00509376340173916,0.00315310736340059,-0.0066661341083925,0.0023402150538616,0.000214566184347638,-8.74505804676824e-05,-0,-5.15304627453014e-07,0,-0.0105880236960785,0,0
74.14,0,0,-0.00503115866072649,0.00310745413047121,-0.00661842022078328,0.00243046442949955,0.000175115669764932,-0.0001146734551548,-0,-5.00075074232054e-07,0,-0.010486775997225,0,0
74.16,0,0,-0.00496946173776105,0.003062325689765,-0.00656894358372813,0.00251650584231351,0.000137276321319955,-0.000140572322864006,-0,-4.85295622328422e-07,0,-0.0103867712975189,0,0
74.18,0,0,-0.00490866212998669,0.0030177227004241,-0.00651778740929239,0.00259843383834357,0.000101010104898757,-0.000165181394768522,-0,-4.70952969238055e-07,0,-0.0102879915456059,0,0
74.2,0,0,-0.00484874932386028,0.0029736455732805,-0.00646503302904471,0.0026763419193535,6.62795023026408e-05,-0.000188534275855679,-0,-4.57034205602475e-07,0,-0.0101904189003039,0,0
74.22,0,0,-0.00478971280004153,0.00293009447848471,-0.0064107599150502,0.00275032253227302,3.3047522253674e-05,-0.00021066396936147,-0,-4.43526803598285e-07,0,-0.0100940357307676,0,0
74.24,0,0,-0.00473154203813127,0.00288706935300996,-0.00635504570106236,0.0028204670598779,1.27770935351195e-06,-0.00023160288303714,-0,-4.30418605650192e-07,0,-0.00999882461655689,0,0
74.26,0,0,-0.00467422652126106,0.00284456990803216,-0.00629796620388989,0.00288686581259322,-2.90658489620834e-05,-0.000251382837003467,-0,-4.17697813497042e-07,0,-0.00990476834761194,0,0
74.28,0,0,-0.00461775574053635,0.00280259563618545,-0.0062395954449171,0.00294960802130997,-5.80185174058132e-05,-0.000270035072953587,-0,-4.05352977564909e-07,0,-0.00981184992413778,0,0
74.3,0,0,-0.00456211919933578,0.00276114581869379,-0.00618000567175882,0.00300878183111048,-8.56151096693062e-05,-0.000287590264455795,-0,-3.93372986670637e-07,0,-0.00972005255640164,0,0
74.32,0,0,-0.00450730641746911,0.00272021953237859,-0.00611926738003244,0.00306447429580489,-0.000111889886992786,-0.000304078528121354,-0,-3.8174705801336e-07,0,-0.0096293596644457,0,0
74.34,0,0,-0.00445330693519625,0.0026798156565429,-0.00605744933523197,0.00311677137318802,-0.000136876558349851,-0.00031952943540039,-0,-3.7046472747132e-07,0,-0.00953975487771803,0,0
74.36,0,0,-0.00440011031710977,0.00263993287973235,-0.00599461859469032,0.0031657579209338,-0.000160608282109983,-0.00033397202478699,-0,-3.59515840186661e-07,0,-0.00945122203462451,0,0
74.38,0,0,-0.00434770615588348,0.00260056970637343,-0.00593084052961811,0.0032115176930528,-0.000183117669031793,-0.000347434814223253,-0,-3.48890541421263e-07,0,-0.00936374518200452,0,0
74.4,0,0,-0.00429608407588945,0.00256172446328955,-0.00586617884720813,0.00325413333684662,-0.000204436786433325,-0.000359945813509258,-0,-3.38579267689706e-07,0,-0.00927730857453287,0,0
74.42,0,0,-0.00424523373668593,0.00252339530609544,-0.00580069561279625,0.00329368639030182,-0.00022459716338187,-0.000371532536544999,-0,-3.28572738149836e-07,0,-0.00919189667405082,0,0
74.44,0,0,-0.00419514483637858,0.0024855802254706,-0.00573445127207056,0.00333025727987436,-0.000243629796744748,-0.000382222013245011,-0,-3.18861946249638e-07,0,-0.00910749414882845,0,0
74.46,0,0,-0.00414580711485746,0.00244827705331243,-0.0056675046733211,0.00336392531862381,-0.000261565157943924,-0.000392040800991802,-0,-3.09438151620441e-07,0,-0.00902408587276119,0,0
74.48,0,0,-0.00409721035691211,0.00241148346876978,-0.00559991308972388,0.00339476870466495,-0.000278433200261291,-0.000401014995509579,-0,-3.00292872212112e-07,0,-0.00894165692450276,0,0
74.5,0,0,-0.00404934439522718,0.00237519700415778,-0.00553173224165274,0.00342286451991168,-0.000294263366547317,-0.00040917024106521,-0,-2.91417876655507e-07,0,-0.00886019258653705,0,0
74.52,0,0,-0.00400219911326096,0.00233941505075482,-0.00546301631901363,0.0034482887290956,-0.000309084597193742,-0.000416531739920522,-0,-2.82805176854764e-07,0,-0.0087796783441912,0,0
74.54,0,0,-0.00395576444800913,0.00230413486448247,-0.00539381800359593,0.00347111617904786,-0.000322925338240224,-0.000423124260981555,-0,-2.74447020800345e-07,0,-0.00870009988459233,0,0
74.56,0,0,-0.00391003039265601,0.00226935357146937,-0.00532418849143541,0.00349142059823934,-0.000335813549495566,-0.000428972147612165,-0,-2.66335885587207e-07,0,-0.0086214430955701,0,0
74.58,0,0,-0.0038649869991158,0.00223506817350013,-0.00525417751518395,0.00350927459657892,-0.000347776712566204,-0.000434099324593095,-0,-2.58464470645481e-07,0,-0.00854369406450731,0,0
74.6,0,0,-0.00382062438046589,0.00220127555335013,-0.00518383336648057,0.00352474966547472,-0.000358841838696708,-0.00043852930422963,-0,-2.50825691171068e-07,0,-0.00846683907714083,0,0
74.62,0,0,-0.00377693271327463,0.00216797248000737,-0.00511320291831861,0.00353791617816655,-0.000369035476340513,-0.000442285191623971,-0,-2.43412671746632e-07,0,-0.00839086461631485,0,0
74.64,0,0,-0.00373390223982582,0.00213515561378242,-0.0050423316474034,0.0035488433903415,-0.000378383718392055,-0.000445389689144408,-0,-2.36218740154275e-07,0,-0.00831575736068866,0,0
74.66,0,0,-0.00369152327024209,0.00210282151130765,-0.00497126365649472,0.00355759944104639,-0.000386912209024991,-0.000447865100134097,-0,-2.29237421370786e-07,0,-0.00824150418340097,0,0
74.68,0,0,-0.00364978618450934,0.00207096663042677,-0.00490004169672787,0.00356425135391311,-0.000394646150094282,-0.000449733331915879,-0,-2.22462431737243e-07,0,-0.00816809215069266,0,0
74.7,0,0,-0.00360868143440457,0.00203958733497594,-0.004828707189907,0.00356886503871355,-0.000401610307072522,-0.000451015898154866,-0,-2.15887673306412e-07,0,-0.00809550852049014,0,0
74.72,0,0,-0.00356819954532907,0.00200867989945761,-0.00475730025076387,0.00357150529326141,-0.000407829014503081,-0.000451733920652546,-0,-2.09507228351915e-07,0,-0.00802374074095101,0,0
74.74,0,0,-0.00352833111804929,0.00197824051360821,-0.00468585970917497,0.00357223580567798,-0.000413326180964185,-0.000451908130645953,-0,-2.03315354043061e-07,0,-0.00795277644897401,0,0
74.76,0,0,-0.00348906683034733,0.00194826528686102,-0.00461442313232959,0.00357111915703837,-0.000418125293548316,-0.000451558869694824,-0,-1.97306477274072e-07,0,-0.00788260346867508,0,0
74.78,0,0,-0.00345039743858323,0.0019187502527054,-0.00454302684684095,0.00356821682441339,-0.000422249421871191,-0.000450706090236534,-0,-1.91475189650295e-07,0,-0.00781320980983126,0,0
74.8,0,0,-0.00341231377917115,0.0018896913729435,-0.00447170596079248,0.00356358918432077,-0.000425721221632932,-0.000449369355893464,-0,-1.85816242620138e-07,0,-0.00774458366629427,0,0
74.82,0,0,-0.00337480676997134,0.00186108454184592,-0.00440049438571089,0.00355729551659765,-0.000428562937761526,-0.000447567841612923,-0,-1.8032454274881e-07,0,-0.00767671341437528,0,0
74.84,0,0,-0.00333786741160009,0.00183292559020732,-0.00432942485845746,0.0035493940087036,-0.000430796407175012,-0.000445320333719607,-0,-1.74995147136058e-07,0,-0.00760958761120288,0,0
74.86,0,0,-0.0033014867886595,0.00180521028930338,-0.00425852896302891,0.00353994176046164,-0.000432443061203824,-0.000442645229955723,-0,-1.69823258965723e-07,0,-0.00754319499305539,0,0
74.88,0,0,-0.00326565607088908,0.00177793435475037,-0.00418783715225903,0.00352899478924154,-0.000433523927718897,-0.00043956053958043,-0,-1.64804223190193e-07,0,-0.00747752447366963,0,0
74.9,0,0,-0.0032303665142412,0.00175109345026845,-0.00411737876941224,0.00351660803558732,-0.00043405963301376,-0.000436083883593189,-0,-1.59933522338e-07,0,-0.00741256514252719,0,0
74.92,0,0,-0.00319560946188212,0.00172468319135015,-0.0040471820696601,0.00350283536928805,-0.000434070403490774,-0.000432232495141884,-0,-1.55206772449804e-07,0,-0.0073483062631201,0,0
74.94,0,0,-0.00316137634512067,0.00169869914883506,-0.00397727424143205,0.00348772959588817,-0.000433576067202343,-0.000428023220165924,-0,-1.50619719131457e-07,0,-0.00728473727119713,0,0
74.96,0,0,-0.00312765868426631,0.00167313685239223,-0.00390768142763159,0.00347134246363111,-0.00043259605529763,-0.00042347251832268,-0,-1.46168233725909e-07,0,-0.00722184777299223,0,0
74.98,0,0,-0.0030944480894185,0.00164799179391135,-0.0038384287467093,0.00345372467082723,-0.000431149403424292,-0.000418596464232239,-0,-1.41848309595256e-07,0,-0.00715962754343652,0,0
75,0,0,-0.00306173626118911,0.00162325943080402,-0.00376954031358437,0.00343492587363463,-0.000429254753132705,-0.000413410749072601,-0,-1.37656058516854e-07,0,-0.00709806652435517,0,0
75.02,0,0,-0.00302951499135971,0.00159893518921643,-0.00370103926040653,0.00341499469423927,-0.00042693035332761,-0.000407930682547885,-0,-1.33587707180916e-07,0,-0.00703715482265044,0,0
75.04,0,0,-0.00299777616347549,0.00157501446715461,-0.00363294775715043,0.00339397872941863,-0.000424194061808864,-0.000402171195243958,-0,-1.29639593797817e-07,0,-0.00697688270847228,0,0
75.06,0,0,-0.00296651175337753,0.00155149263752349,-0.00356528703203515,0.00337192455947144,-0.000421063346939174,-0.000396146841381424,-0,-1.25808164798229e-07,0,-0.00691724061337759,0,0
75.08,0,0,-0.00293571382967513,0.00152836505108121,-0.00349807739176154,0.00334887775749418,-0.000417555289472641,-0.000389871801965098,-0,-1.22089971638182e-07,0,-0.00685821912847953,0,0
75.1,0,0,-0.00290537455415988,0.0015056270393096,-0.00343133824156078,0.00332488289898399,-0.000413686584573416,-0.00038335988832765,-0,-1.18481667691749e-07,0,-0.00679980900258787,0,0
75.12,0,0,-0.00287548618216324,0.00148327391720239,-0.00336508810504779,0.00329998357174644,-0.000409473544049166,-0.00037662454605435,-0,-1.14980005242599e-07,0,-0.00674200114034173,0,0
75.14,0,0,-0.00284604106285902,0.00146130098597224,-0.00329934464387358,0.00327422238608565,-0.000404932098819249,-0.000369678859274428,-0,-1.11581832558383e-07,0,-0.0066847866003356,0,0
75.16,0,0,-0.00281703163951263,0.0014397035356778,-0.00323412467717121,0.00324764098525399,-0.000400077801632699,-0.000362535555297846,-0,-1.08284091054033e-07,0,-0.00662815659323998,0,0
75.18,0,0,-0.00278845044967856,0.00141847684777214,-0.00316944420079036,0.00322028005613798,-0.000394925830046529,-0.000355207009572469,-0,-1.05083812539618e-07,0,-0.00657210247991744,0,0
75.2,0,0,-0.00276029012534762,0.00139761619757375,-0.00310531840631594,0.00319217934015737,-0.000389490989669981,-0.00034770525093473,-0,-1.0197811654844e-07,0,-0.00651661576953531,0,0
75.22,0,0,-0.0027325433930456,0.00137711685666132,-0.0030417616998669,0.00316337764435403,-0.000383787717676279,-0.000340041967121163,-0,-9.8964207744922e-08,0,-0.00646168811767588,0,0
75.24,0,0,-0.00270520307388471,0.00135697409519357,-0.00297878772067144,0.00313391285264817,-0.000377830086579064,-0.000332228510510857,-0,-9.60393734070891e-08,0,-0.0064073113244451,0,0
75.26,0,0,-0.0026782620835694,0.00133718318415532,-0.00291640935941567,0.00310382193723978,-0.000371631808266967,-0.000324275904062061,-0,-9.32009809871161e-08,0,-0.00635347733258073,0,0
75.28,0,0,-0.00265171343235799,0.00131773939753112,-0.00285463877636295,0.00307314097013389,-0.000365206238286286,-0.000316194847410186,-0,-9.04464757399588e-08,0,-0.00630017822556081,0,0
75.3,0,0,-0.00262555022498155,0.00129863801440758,-0.00279348741924165,0.00304190513476934,-0.000358566380358661,-0.000307995723091592,-0,-8.77733784250632e-08,0,-0.0062474062257133,0,0
75.32,0,0,-0.00259976566052139,0.00127987432100564,-0.00273296604089946,0.00301014873773176,-0.000351724891117853,-0.00029968860285858,-0,-8.51792830744262e-08,0,-0.00619515369232781,0,0
75.34,0,0,-0.00257435303224664,0.00126144361264403,-0.00267308471672281,0.00297790522053241,-0.000344694085047595,-0.000291283254052119,-0,-8.26618548276613e-08,0,-0.00614341311977014,0,0
75.36,0,0,-0.00254930572741323,0.00124334119563522,-0.00261385286182008,0.00294520717143621,-0.000337485939600528,-0.000282789146001032,-0,-8.02188278290795e-08,0,-0.00609217713560048,0,0
75.38,0,0,-0.00252461722702559,0.00122556238911485,-0.002555279247968,0.00291208633732312,-0.000330112100476934,-0.000274215456415609,-0,-7.78480031893899e-08,0,-0.00604143849869598,0,0
75.4,0,0,-0.00250028110556247,0.00120810252680614,-0.00249737202032056,0.00287857363556873,-0.00032258388704081,-0.000265571077748603,-0,-7.55472470065962e-08,0,-0.00599119009737848,0,0
75.42,0,0,-0.00247629103066804,0.00119095695872026,-0.00244013871388021,0.00284469916593101,-0.000314912297850411,-0.000256864623497497,-0,-7.33144884447912e-08,0,-0.00594142494754803,0,0
75.44,0,0,-0.00245264076280966,0.00117412105279398,-0.0023835862697314,0.00281049222243184,-0.000307108016280098,-0.000248104434424253,-0,-7.1147717870413e-08,0,-0.00589213619082298,0,0
75.46,0,0,-0.00242932415490355,0.00115759019646585,-0.00232772105103659,0.00277598130522289,-0.000299181416210436,-0.000239298584672151,-0,-6.90449850440124e-08,0,-0.00584331709268721,0,0
75.48,0,0,-0.00240633515190942,0.00114135979819192,-0.00227254885879522,0.00274119413242706,-0.000291142567764077,-0.000230454887762417,-0,-6.70043973638457e-08,0,-0.00579496104064511,0,0
75.5,0,0,-0.00238366779039552,0.0011254252889024,-0.0022180749473661,0.00270615765194769,-0.000283001243065664,-0.000221580902455117,-0,-6.50241181634603e-08,0,-0.00574706154238506,0,0
75.52,0,0,-0.00236131619807504,0.00110978212340031,-0.00216430403975407,0.0026708980532391,-0.00027476692200505,-0.000212683938462712,-0,-6.31023650576358e-08,0,-0.00569961222395183,0,0
75.54,0,0,-0.00233927459331517,0.00109442578170339,-0.00211124034266159,0.00263544077903297,-0.000266448797984447,-0.000203771062007624,-0,-6.1237408339283e-08,0,-0.00565260682792854,0,0
75.56,0,0,-0.00231753728461982,0.00107935177033029,-0.00205888756130636,0.00259981053701611,-0.000258055783631549,-0.000194849101216625,-0,-5.94275694214448e-08,0,-0.00560603921162872,0,0
75.58,0,0,-0.0022960986700872,0.00106455562353243,-0.00200724891400588,0.00256403131145621,-0.0002495965164623,-0.000185924651349182,-0,-5.76712193267864e-08,0,-0.00555990334529895,0,0
75.6,0,0,-0.00227495323684331,0.00105003290447245,-0.00195632714653,0.00252812637477281,-0.000241079364478756,-0.000177004079858387,-0,-5.59667772215364e-08,0,-0.00551419331033261,0,0
75.62,0,0,-0.00225409556045237,0.00103577920635056,-0.00190612454622266,0.00249211829905152,-0.000232512431689254,-0.000168093531285088,-0,-5.43127089930144e-08,0,-0.00546890329749516,0,0
75.64,0,0,-0.00223352030430519,0.00102179015347982,-0.00185664295589393,0.00245602896750011,-0.000223903563540024,-0.000159198931989349,-0,-5.27075258681398e-08,0,-0.0054240276051615,0,0
75.66,0,0,-0.00221322221898662,0.00100806140231159,-0.00180788378748345,0.00241987958584561,-0.00021526035224922,-0.000150325994723537,-0,-5.11497830735751e-08,0,-0.00537956063756569,0,0
75.68,0,0,-0.00219319614162292,0.000994588642412083,-0.00175984803549662,0.00238369069367204,-0.000206590142036232,-0.000141480223053773,-0,-4.96380785362013e-08,0,-0.00533549690306357,0,0
75.7,0,0,-0.0021734369952101,0.00098136759739131,-0.00171253629021455,0.00234748217569847,-0.00019790003424094,-0.000132666915638493,-0,-4.81710516193716e-08,0,-0.00529183101240862,0,0
75.72,0,0,-0.00215393978792414,0.000968394025785428,-0.00166594875067905,0.00231127327299769,-0.000189196892329327,-0.000123891170372265,-0,-4.67473819003653e-08,0,-0.00524855767704144,0,0
75.74,0,0,-0.00213469961241402,0.000955663721893539,-0.00162008523745395,0.0022750825941555,-0.000180487346783494,-0.000115157888405406,-0,-4.53657879797165e-08,0,-0.00520567170739321,0,0
75.76,0,0,-0.00211571164507846,0.000943172516570054,-0.00157494520516364,0.00223892812637106,-0.00017177779987569,-0.000106471778050246,-0,-4.4025026330009e-08,0,-0.00516316801120338,0,0
75.78,0,0,-0.00209697114532729,0.000930916277973671,-0.00153052775481034,0.00220282724649849,-0.00016307443032733,-9.78373585848942e-05,-0,-4.2723890175244e-08,0,-0.00512104159185208,0,0
75.8,0,0,-0.00207847345482817,0.000918890912273992,-0.00148683164587106,0.00216679673202985,-0.000154383197855311,-8.92589639650512e-05,-0,-4.1461208404904e-08,0,-0.00507928754670742,0,0
75.82,0,0,-0.00206021399673971,0.00090709236431682,-0.00144385530817553,0.00213085277201963,-0.000145709847608944,-8.07407464561415e-05,-0,-4.02358445205416e-08,0,-0.00503790106548794,0,0
75.84,0,0,-0.00204218827493157,0.000895516618249148,-0.00140159685356613,0.00209501097795062,-0.000137059914501876,-7.22866801959983e-05,-0,-3.90466956114253e-08,0,-0.00499687742864059,0,0
75.86,0,0,-0.00202439187319257,0.00088415969810485,-0.00136005408734123,0.00205928639454075,-0.000128438727444139,-6.39005646985029e-05,-0,-3.78926913640124e-08,0,-0.00495621200573439,0,0
75.88,0,0,-0.00200682045442737,0.000873017668352042,-0.00131922451948285,0.00202369351049037,-0.000119851413480068,-5.55860283089393e-05,-0,-3.67727930959249e-08,0,-0.00491590025387012,0,0
75.9,0,0,-0.00198946975984267,0.00086208663440312,-0.00127910537567008,0.00198824626916916,-0.00011130290183836,-4.73465316189395e-05,-0,-3.56859928235358e-08,0,-0.00487593771610604,0,0
75.92,0,0,-0.00197233560812349,0.000851362743088402,-0.00123969360807934,0.00195295807924142,-0.000102797927900858,-3.91853708512926e-05,-0,-3.46313123529736e-08,0,-0.00483632001990012,0,0
75.94,0,0,-0.00195541389460036,0.000840842183094351,-0.00120098590597272,0.00191784182522853,-9.43410370967842e-05,-3.11056812204268e-05,-0,-3.36078024010516e-08,0,-0.0047970428755688,0,0
75.96,0,0,-0.00193870059040818,0.000830521185367293,-0.0011629787060758,0.00188290987800674,-8.59365887292623e-05,-2.31104402766361e-05,-0,-3.26145417391815e-08,0,-0.00475810207476244,0,0
75.98,0,0,-0.00192219174163716,0.000820396023483561,-0.00112566820274608,0.0018481741052385,-7.75887597408577e-05,-1.52024712387764e-05,-0,-3.16506363659107e-08,0,-0.00471949348895774,0,0
76,0,0,-0.00190588346847688,0.000810463013986966,-0.00108905035793355,0.00181364588173495,-6.93015484246252e-05,-7.38444632055019e-06,-0,-3.07152187017934e-08,0,-0.00468121306796715,0,0
76.02,0,0,-0.00188977196435377,0.000800718516694484,-0.00105312091093466,0.00177933609974741,-6.10787780869079e-05,3.41109945871147e-07,-0,-2.98074468072472e-08,0,-0.00464325683846553,0,0
76.04,0,0,-0.0018738534950629,0.000791158934971054,-0.00101787538794123,0.00174525517918501,-5.29241006677597e-05,7.97181738692823e-06,-0,-2.89265036266476e-08,0,-0.00460562090253408,0,0
76.06,0,0,-0.00185812439789448,0.000781780715974325,-0.000983309111385725,0.0017114130777558,-4.484100032432e-05,1.55054368629376e-05,-0,-2.80715962515041e-08,0,-0.00456830143622167,0,0
76.08,0,0,-0.00184258108075582,0.000772580350870228,-0.00094941720908457,0.00167781930102825,-3.68327969820188e-05,2.29398669414048e-05,-0,-2.72419552074885e-08,0,-0.00453129468812375,0,0
76.1,0,0,-0.00182722002128924,0.0007635543750202,-0.000916194623180971,0.00164448291241031,-2.89026498579122e-05,3.02731405683428e-05,-0,-2.64368337616304e-08,0,-0.00449459697797879,0,0
76.12,0,0,-0.00181203776598655,0.000754699368140879,-0.000883636118889069,0.00161141254304253,-2.10535609597834e-05,3.75034217383495e-05,-0,-2.56555072505448e-08,0,-0.00445820469528243,0,0
76.14,0,0,-0.00179703092930052,0.000746011954437096,-0.000851736293041086,0.00157861640160237,-1.3288378564101e-05,4.46290021657845e-05,-0,-2.48972724273093e-08,0,-0.00442211429791939,0,0
76.16,0,0,-0.00178219619275403,0.000737488802708941,-0.000820489582439317,0.00154610228401622,-5.60980067522389e-06,5.16482979582977e-05,-0,-2.41614468298075e-08,0,-0.00438632231081316,0,0
76.18,0,0,-0.00176753030404731,0.000729126626433712,-0.000789890272014815,0.00151387758307613,1.9796215323344e-06,5.85598462966762e-05,-0,-2.34473681646856e-08,0,-0.00435082532459348,0,0
76.2,0,0,-0.00175303007616377,0.000720922183823494,-0.000759932502794737,0.00148194929795793,9.47748028741504e-06,6.53623021238703e-05,-0,-2.27543937136431e-08,0,-0.0043156199942818,0,0
76.22,0,0,-0.00173869238647494,0.000712872277859146,-0.000730610279680325,0.00145032404363773,1.68815078109438e-05,7.20544348469244e-05,-0,-2.20818997525175e-08,0,-0.00428070303799449,0,0
76.24,0,0,-0.00172451417584491,0.000704973756301427,-0.00070191747903761,0.00141900806020389,2.41895729198238e-05,7.86351250559423e-05,-0,-2.14292809916188e-08,0,-0.0042460712356641,0,0
76.26,0,0,-0.00171049244773484,0.00069722351168001,-0.000673847856102934,0.00138800722206156,3.1399677646529e-05,8.51033612644248e-05,-0,-2.07959500297256e-08,0,-0.00421172142777842,0,0
76.28,0,0,-0.00169662426730786,0.000689618481261086,-0.000646395052205491,0.00135732704702704,3.85099538753271e-05,9.1458236675316e-05,-0,-2.01813368265122e-08,0,-0.00417765051413751,0,0
76.3,0,0,-0.00168290676053485,0.000682155646994283,-0.000619552601809091,0.00132697270530966,4.55186599966084e-05,9.76989459768947e-05,-0,-1.95848881886368e-08,0,-0.00414385545262861,0,0
76.32,0,0,-0.00166933711330144,0.000674832035439579,-0.000593313939375442,0.00129694902837869,5.24241775810177e-05,0.00010382478217306,-0,-1.90060672714421e-08,0,-0.00411033325801889,0,0
76.34,0,0,-0.0016559125705167,0.000667644717674911,-0.000567672406051249,0.0012672605177132,5.92250080755207e-05,0.000109835133452785,-0,-1.84443530977865e-08,0,-0.00407708100076611,0,0
76.36,0,0,-0.00164263043522391,0.000660590809185138,-0.000542621256181514,0.00123791135343316,6.59197695237646e-05,0.000115729480101432,-0,-1.78992400868497e-08,0,-0.004044095805847,0,0
76.38,0,0,-0.00162948806771361,0.000653667469733014,-0.000518153663651409,0.00120890540280982,7.25071933132285e-05,0.000121507391459149,-0,-1.73702375996353e-08,0,-0.00401137485160349,0,0
76.4,0,0,-0.00161648288463952,0.000646871903212834,-0.00049426272805916,0.00118024622865426,7.89861209518976e-05,0.00012716852292918,-0,-1.68568694987846e-08,0,-0.00397891536860661,0,0
76.42,0,0,-0.00160361235813751,0.00064020135748737,-0.000470941480722393,0.00115193709758269,8.53555008772144e-05,0.000132712613039429,-0,-1.63586737180399e-08,0,-0.00394671463853801,0,0
76.44,0,0,-0.00159087401494798,0.000633653124208735,-0.000448182890520412,0.00112398098815759,9.16143853001174e-05,0.000138139480560143,-0,-1.58752018477541e-08,0,-0.00391476999308912,0,0
76.46,0,0,-0.00157826543554203,0.000627224538623772,-0.000425979869574901,0.00109638059890403,9.7761927086947e-05,0.000143449021680217,-0,-1.54060187305917e-08,0,-0.00388307881287781,0,0
76.48,0,0,-0.00156578425325157,0.00062091297936458,-0.000404325278771554,0.00106913835620054,0.000103797376681974,0.000148641207244244,-0,-1.49507020698065e-08,0,-0.00385163852638246,0,0
76.5,0,0,-0.00155342815340389,0.000614715868224759,-0.000383211933125147,0.00104225642204424,0.000109720079073138,0.000153716080052163,-0,-1.45088420500962e-08,0,-0.00382044660889344,0,0
76.52,0,0,-0.00154119487246078,0.000608630669921945,-0.000362632606990561,0.0010157367016902,0.000115529470803507,0.000158673752221849,-0,-1.40800409673472e-08,0,-0.00378950058148178,0,0
76.54,0,0,-0.00152908219716246,0.000602654891847215,-0.000342580039122278,0.00098958085116498,0.00012122507703072,0.000163514402617363,-0,-1.36639128718238e-08,0,-0.00375879800998507,0,0
76.56,0,0,-0.00151708796367684,0.000596786083801898,-0.000323046937584863,0.000963790284654726,0.000126806508636555,0.000168238274341165,-0,-1.32600832200309e-08,0,-0.00372833650401042,0,0
76.58,0,0,-0.00150521005675395,0.000591021837722342,-0.000304025984516933,0.000938366181768135,0.000132273459388467,0.00017284567229217,-0,-1.28681885380689e-08,0,-0.00369811371595434,0,0
76.6,0,0,-0.00149344640888611,0.000585359787393167,-0.000285509840751114,0.000913309494674923,0.000137625703154746,0.000177336960788465,-0,-1.24878760943137e-08,0,-0.00366812734003952,0,0
76.62,0,0,-0.00148179499947398,0.000579797608149527,-0.000267491150292473,0.000888620955120444,0.000142863091174658,0.000181712561254287,-0,-1.21188035818532e-08,0,-0.00363837511136835,0,0
76.64,0,0,-0.00147025385399854,0.000574333016568875,-0.000249962544657878,0.000864301081317296,0.000147985549384684,0.000185972949970542,-0,-1.1760638810249e-08,0,-0.00360885480499302,0,0
76.66,0,0,-0.00145882104319944,0.000568963770152746,-0.000232916647078761,0.000840350184714806,0.000152993075801707,0.000190118655887716,-0,-1.14130594074894e-08,0,-0.00357956423500215,0,0
76.68,0,0,-0.0014474946822598,0.00056368766699903,-0.000216346076569696,0.000816768376647384,0.00015788573796375,0.000194150258499558,-0,-1.10757525285552e-08,0,-0.00355050125362378,0,0
76.7,0,0,-0.00143627292999762,0.000558502545465218,-0.000200243451865217,0.000793555574862831,0.000162663670428552,0.000198068385776246,-0,-1.07484145741785e-08,0,-0.0035216637503446,0,0
76.72,0,0,-0.00142515398806399,0.000553406283823074,-0.000184601395227259,0.0007707115099317,0.000167327072330087,0.000201873712155111,-0,-1.04307509184902e-08,0,-0.00349304965104526,0,0
76.74,0,0,-0.00141413610014841,0.000548396799905208,-0.000169412536125589,0.000748235731538873,0.000171876204992874,0.000205566956587181,-0,-1.01224756425241e-08,0,-0.00346465691715172,0,0
76.76,0,0,-0.00140321755119108,0.000543472050743961,-0.000154669514793581,0.000726127614658569,0.000176311389603671,0.000209148880637367,-0,-9.82331127758525e-09,0,-0.0034364835448023,0,0
76.78,0,0,-0.00139239666660265,0.000538630032203063,-0.000140364985661637,0.000704386365613962,0.000180633004939989,0.000212620286636345,-0,-9.53298855599274e-09,0,-0.00340852756403055,0,0
76.8,0,0,-0.00138167181149129,0.000533868778602469,-0.000126491620670567,0.000683011028022662,0.00018484148515465,0.000215982015882333,-0,-9.25124616745886e-09,0,-0.00338078703796352,0,0
76.82,0,0,-0.00137104138989737,0.000529186362336787,-0.000113042112467187,0.000662000488629252,0.000188937317615461,0.000219234946890041,-0,-8.97783052479333e-09,0,-0.00335326006203553,0,0
76.84,0,0,-0.00136050384403587,0.000524580893487704,-0.000100009177484385,0.000641353483026122,0.000192921040798908,0.000222379993685308,-0,-8.71249553567859e-09,0,-0.00332594476321708,0,0
76.86,0,0,-0.00135005765354652,0.00052005051943079,-8.738555890788e-05,0.000621068601263767,0.000196793242236705,0.000225418104143328,-0,-8.45500238040846e-09,0,-0.00329883929925887,0,0
76.88,0,0,-0.00133970133475193,0.000515593424437076,-7.51640295318678e-05,0.000601144293351761,0.000200554556513888,0.000228350258368214,-0,-8.20511929797499e-09,0,-0.00327194185795076,0,0
76.9,0,0,-0.00132943343992369,0.000511207829269758,-6.3337394505733e-05,0.000581578874651531,0.000204205663317082,0.000231177467112317,-0,-7.96262137660059e-09,0,-0.00324525065639545,0,0
76.92,0,0,-0.00131925255655658,0.000506891990776404,-5.1898493973977e-05,0.000562370531162083,0.000207747285531531,0.000233900770233492,-0,-7.72729035175123e-09,0,-0.00321876394029678,0,0
76.94,0,0,-0.00130915730665104,0.000502644201477009,-4.0840205611493e-05,0.000543517324699762,0.000211180187385416,0.000236521235188714,-0,-7.49891440989577e-09,0,-0.00319247998326242,0,0
76.96,0,0,-0.00129914634600383,0.000498462789148232,-3.01554470562965e-05,0.000525017197973128,0.000214505172640014,0.000239039955562313,-0,-7.27728799703592e-09,0,-0.00316639708612093,0,0
76.98,0,0,-0.00128921836350712,0.000494346116404168,-1.9837178241799e-05,0.000506867979553971,0.000217723082824207,0.000241458049627878,-0,-7.06221163460866e-09,0,-0.00314051357625279,0,0
77,0,0,-0.00127937208045591,0.000490292580273951,-9.87840363069036e-06,0.000489067388745498,0.000220834795511914,0.000243776658942104,-0,-6.85349173929189e-09,0,-0.00311482780693548,0,0
77.02,0,0,-0.00126960624986404,0.000486300611776528,-2.72174352478723e-07,0.000471613040348648,0.000223841222641042,0.00024599694696996,-0,-6.6509404488815e-09,0,-0.00308933815670226,0,0
77.04,0,0,-0.00125991965578862,0.000482368675492889,8.98840975328585e-06,0.00045450244932752,0.000226743308872565,0.000248120097740056,-0,-6.45437545391484e-09,0,-0.00306404302871454,0,0
77.06,0,0,-0.0012503111126631,0.000478495269136062,1.7910198186095e-05,0.000437733035374826,0.000229542029988473,0.000250147314529037,-0,-6.26361983243826e-09,0,-0.00303894085014774,0,0
77.08,0,0,-0.00124077946463895,0.000474678923119156,2.64999879238827e-05,0.000421302127378302,0.000232238391327335,0.000252079818574993,-0,-6.07850189149675e-09,0,-0.00301403007159033,0,0
77.1,0,0,-0.00123132358493601,0.000470918200121731,3.47645216507712e-05,0.000405206967788968,0.000234833426256324,0.000253918847818943,-0,-5.89885501252677e-09,0,-0.00298930916645601,0,0
77.12,0,0,-0.00122194237520144,0.000467211694654765,4.27104860712083e-05,0.000389444716892138,0.000237328194678657,0.00025566565567388,-0,-5.72451750108574e-09,0,-0.00296477663040872,0,0
77.14,0,0,-0.00121263476487756,0.000463558032624486,5.03445103085592e-05,0.000374012456982046,0.000239723781575427,0.000257321509821265,-0,-5.55533244178587e-09,0,-0.00294043098080048,0,0
77.16,0,0,-0.0012033997105782,0.000459955870895317,5.76731643862347e-05,0.00035890719644098,0.000242021295580978,0.000258887691034676,-0,-5.39114755669732e-09,0,-0.00291627075612171,0,0
77.18,0,0,-0.00119423619547401,0.00045640389685218,6.47029577894545e-05,0.000344125873723796,0.000244221867590981,0.000260365492030393,-0,-5.23181506808818e-09,0,-0.00289229451546397,0,0
77.2,0,0,-0.00118514322868635,0.00045290082796241,7.14403381057615e-05,0.000329665361248692,0.000246326649402499,0.000261756216345029,-0,-5.07719156626028e-09,0,-0.00286850083799489,0,0
77.22,0,0,-0.00117611984469009,0.000449445411337494,7.78916897424226e-05,0.000315522469195143,0.000248336812385431,0.000263061177239933,-0,-4.92713787955332e-09,0,-0.00284488832244516,0,0
77.24,0,0,-0.00116716510272507,0.00044603642329487,8.40633327188657e-05,0.000301693949209876,0.000250253546184738,0.000264281696632459,-0,-4.78151894933634e-09,0,-0.00282145558660735,0,0
77.26,0,0,-0.00115827808621637,0.000442672668919995,8.99615215323257e-05,0.000288176498021826,0.000252078057453013,0.000265419104054713,-0,-4.64020370890238e-09,0,-0.0027982012668464,0,0
77.28,0,0,-0.00114945790220333,0.0004393529816289,9.55924440948865e-05,0.00027496676096698,0.000253811568612969,0.000266474735638693,-0,-4.50306496507357e-09,0,-0.00277512401762168,0,0
77.3,0,0,-0.0011407036807773,0.000436076222731425,0.000100962220740127,0.000262061335424079,0.000255455316649505,0.000267449933129346,-0,-4.36997928360099e-09,0,-0.00275222251102034,0,0
77.32,0,0,-0.00113201457452813,0.000432841280995336,0.000106076903297596,0.000249456774162138,0.000257010551931058,0.000268346042924485,-0,-4.24082687835916e-09,0,-0.00272949543630176,0,0
77.34,0,0,-0.00112338975799936,0.000429647072211507,0.000110942474233369,0.000237149588600773,0.000258478537060009,0.000269164415142355,-0,-4.11549150346798e-09,0,-0.00270694149945312,0,0
77.36,0,0,-0.00111482842715211,0.000426492538760354,0.00011556484585494,0.000225136251984373,0.000259860545751949,0.000269906402716683,-0,-3.99386034877561e-09,0,-0.00268455942275566,0,0
77.38,0,0,-0.00110632979883756,0.000423376649179691,0.000119949859578752,0.000213413202471134,0.000261157861743635,0.000270573360519267,-0,-3.87582393783503e-09,0,-0.00266234794436161,0,0
77.4,0,0,-0.00109789311027819,0.000420298397734183,0.000124103285258661,0.000201976846138037,0.000262371777729502,0.000271166644510221,-0,-3.76127603000063e-09,0,-0.00264030581788163,0,0
77.42,0,0,-0.00108951761855747,0.000417256803986553,0.000128030820573667,0.00019082355990286,0.000263503594326608,0.00027168761091577,-0,-3.65011352447629e-09,0,-0.00261843181198246,0,0
77.44,0,0,-0.00108120260011822,0.000414250912370696,0.000131738090473271,0.000179949694364326,0.000264554619067928,0.000272137615433643,-0,-3.54223636750764e-09,0,-0.00259672470999474,0,0
77.46,0,0,-0.00107294735026936,0.000411279791766869,0.000135230646678819,0.000169351576561548,0.000265526165423853,0.000272518012465875,-0,-3.43754746239336e-09,0,-0.0025751833095308,0,0
77.48,0,0,-0.00106475118270133,0.000408342535079073,0.000138513967239241,0.000159025512653906,0.000266419551851812,0.000272830154378924,-0,-3.33595258188157e-09,0,-0.00255380642211217,0,0
77.5,0,0,-0.00105661342900971,0.00040543825881479,0.0001415934561396,0.000148967790522555,0.000267236100873918,0.000273075390790894,-0,-3.23736028392738e-09,0,-0.00253259287280672,0,0
77.52,0,0,-0.00104853343822739,0.000402566102667195,0.000144474442960902,0.000139174682294753,0.000267977138182474,0.000273255067885624,-0,-3.14168182875135e-09,0,-0.00251154149987528,0,0
77.54,0,0,-0.00104051057636502,0.000399725229099975,0.000147162182589621,0.000129642446792239,0.000268643991773213,0.000273370527753303,-0,-3.04883109925914e-09,0,-0.00249065115442747,0,0
77.56,0,0,-0.00103254422595969,0.000396914822934875,0.000149661854975456,0.000120367331904873,0.00026923799110612,0.000273423107757295,-0,-2.95872452341257e-09,0,-0.00246992070008669,0,0
77.58,0,0,-0.00102463378563189,0.000394134090942087,0.000151978564935811,0.000111345576890802,0.000269760466293595,0.000273414139926948,-0,-2.87128099931127e-09,0,-0.00244934901266405,0,0
77.6,0,0,-0.00101677866965063,0.0003913822614336,0.000154117342005562,0.000102573414604397,0.000270212747315803,0.00027334495037547,-0,-2.78642182190061e-09,0,-0.00242893497984101,0,0
77.62,0,0,-0.00100897830750661,0.0003886585838596,0.000156083140330665,9.40470736532264e-05,0.000270596163262891,0.00027321685874302,-0,-2.70407061206488e-09,0,-0.00240867750086078,0,0
77.64,0,0,-0.00100123214349351,0.000385962328408051,0.000157880838604215,8.57627804853357e-05,0.000270912041603844,0.000273031177663989,-0,-2.62415324843099e-09,0,-0.00238857548622799,0,0
77.66,0,0,-0.000993539636297143,0.000383292785607516,0.000159515240043549,7.77167614081051e-05,0.000271161707481629,0.000272789212258185,-0,-2.54659779982264e-09,0,-0.00236862785741681,0,0
77.68,0,0,-0.00098590025859267,0.000380649265933343,0.000160991072407067,6.99052445399601e-05,0.000271346483034315,0.000272492259645282,-0,-2.47133446107557e-09,0,-0.00234883354658715,0,0
77.7,0,0,-0.000978313496649513,0.00037803109941728,0.000162312988049414,6.2324461696206e-05,0.000271467686741769,0.000272141608481967,-0,-2.39829549015386e-09,0,-0.00232919149630881,0,0
77.72,0,0,-0.000970778849944126,0.000375437635260619,0.000163485564013744,5.49706502102563e-05,0.00027152663279753,0.00027173853852103,-0,-2.32741514710928e-09,0,-0.00230970065929348,0,0
77.74,0,0,-0.000963295830780439,0.000372868241450923,0.000164513302159757,4.78400546915182e-05,0.000271524630505439,0.000271284320191939,-0,-2.25862963466709e-09,0,-0.00229035999813445,0,0
77.76,0,0,-0.000955863963917935,0.000370322304382442,0.000165400629326286,4.09289287211918e-05,0.000271462983700558,0.000270780214202171,-0,-2.1918770414138e-09,0,-0.00227116848505374,0,0
77.78,0,0,-0.00094848278620728,0.000367799228480256,0.00016615189752718,3.42335364872299e-05,0.00027134299019389,0.000270227471158632,-0,-2.12709728541864e-09,0,-0.00225212510165667,0,0
77.8,0,0,-0.000941151846233432,0.000365298435828224,0.000166771384179293,2.77501543596952e-05,0.000271165941240417,0.000269627331208483,-0,-2.06423206045719e-09,0,-0.00223322883869363,0,0
77.82,0,0,-0.000933870703966158,0.000362819365800811,0.000167263292361387,2.14750724077388e-05,0.000270933121029907,0.000268981023698944,-0,-2.00322478364438e-09,0,-0.00221447869582885,0,0
77.84,0,0,-0.000926638930417867,0.000360361474698823,0.000167631751102812,1.54045958594107e-05,0.000270645806199977,0.000268289766855114,-0,-1.94402054447696e-09,0,-0.00219587368141623,0,0
77.86,0,0,-0.000919456107308694,0.000357924235389124,0.000167880815700814,9.53504650549892e-06,0.000270305265370868,0.00026755476747539,-0,-1.88656605496027e-09,0,-0.00217741281228174,0,0
77.88,0,0,-0.00091232182673875,0.000355507136948383,0.000168014468065366,3.86276404857892e-06,0.00026991275870133,0.000266777220643846,-0,-1.83080960212013e-09,0,-0.00215909511351263,0,0
77.9,0,0,-0.00090523569086745,0.000353109684310885,0.00016803661709045,-1.61589260156434e-06,0.000269469537465118,0.00026595830945898,-0,-1.77670100159899e-09,0,-0.00214091961825303,0,0
77.92,0,0,-0.000898197311599854,0.000350731397920459,0.00016795109905072,-6.9045440849909e-06,0.00026897684364749,0.000265099204778107,-0,-1.72419155179421e-09,0,-0.0021228853675059,0,0
77.94,0,0,-0.000891206310279919,0.000348371813386556,0.000167761678022498,-1.20067894000075e-05,0.000268435909561143,0.000264201064977089,-0,-1.67323399081522e-09,0,-0.00210499140994121,0,0
77.96,0,0,-0.00088426231739059,0.000346030481144513,0.000167472046328111,-1.69262047618024e-05,0.00026784795748104,0.000263265035724662,-0,-1.62378245333224e-09,0,-0.00208723680171016,0,0
77.98,0,0,-0.000877364972260646,0.000343706966120038,0.000167085825002558,-2.16663425102175e-05,0.000267214199297563,0.000262292249770912,-0,-1.57579242948507e-09,0,-0.00206962060626536,0,0
78,0,0,-0.000870513922778214,0.000341400847397941,0.000166606564281533,-2.62307300655779e-05,0.00026653583618744,0.000261283826749533,-0,-1.52922072541809e-09,0,-0.00205214189418676,0,0
78.02,0,0,-0.000863708825110861,0.000339111717895138,0.000166037744109867,-3.06228689315189e-05,0.00026581405830189,0.000260240872993101,-0,-1.48402542316482e-09,0,-0.00203479974301332,0,0
78.04,0,0,-0.000856949343432188,0.00033683918403795,0.00016538277466945,-3.48462337437651e-05,0.000265050044471492,0.000259164481361378,-0,-1.44016584378501e-09,0,-0.00201759323708011,0,0
78.06,0,0,-0.000850235149654831,0.000334582865443716,0.000164644996925726,-3.89042713638334e-05,0.000264244961927221,0.000258055731081805,-0,-1.39760251093544e-09,0,-0.00200052146736092,0,0
78.08,0,0,-0.000843565923169792,0.000332342394606742,0.000163827683191873,-4.28004000166498e-05,0.000263399966037189,0.000256915687602031,-0,-1.35629711465763e-09,0,-0.00198358353131605,0,0
78.1,0,0,-0.000836941350591999,0.000330117416588591,0.0001629340377098,-4.6538008471082e-05,0.000262516200058569,0.000255745402454067,-0,-1.31621247744223e-09,0,-0.00196677853274536,0,0
78.12,0,0,-0.000830361125512028,0.000327907588712734,0.000161967197247114,-5.01204552624104e-05,0.000261594794904263,0.000254545913129678,-0,-1.27731252018513e-09,0,-0.0019501055816462,0,0
78.14,0,0,-0.000823824948253874,0.00032571258026356,0.000160930231709223,-5.35510679557683e-05,0.000260636868923834,0.000253318242966867,-0,-1.23956223042031e-09,0,-0.0019335637940764,0,0
78.16,0,0,-0.000817332525638715,0.00032353207218977,0.00015982614476577,-5.68331424496037e-05,0.000259643527698301,0.000252063401046765,-0,-1.20292763022747e-09,0,-0.00191715229202197,0,0
78.18,0,0,-0.000810883570754547,0.000321365756812135,0.000158657874490608,-5.99699423182211e-05,0.000258615863848341,0.00025078238210113,-0,-1.16737574619961e-09,0,-0.0019008702032694,0,0
78.2,0,0,-0.000804477802731634,0.00031921333753564,0.000157428294014538,-6.29646981924823e-05,0.000257554956855534,0.000249476166429799,-0,-1.13287457908541e-09,0,-0.00188471666128267,0,0
78.22,0,0,-0.000798114946523665,0.000317074528565998,0.000156140212190057,-6.58206071777511e-05,0.000256461872896244,0.000248145719828008,-0,-1.09939307549149e-09,0,-0.00186869080508454,0,0
78.24,0,0,-0.000791794732694535,0.00031494905463054,0.000154796374267388,-6.85408323081839e-05,0.000255337664687783,0.000246791993523329,-0,-1.06690109996426e-09,0,-0.00185279177914226,0,0
78.26,0,0,-0.000785516897210672,0.00031283665070348,0.000153399462581065,-7.11285020364768e-05,0.000254183371346507,0.000245415924122,-0,-1.03536940739696e-09,0,-0.00183701873325741,0,0
78.28,0,0,-0.000779281181238804,0.000310737061735528,0.000151952097246373,-7.35867097581925e-05,0.000253000018257504,0.0002440184335643,-0,-1.0047696171714e-09,0,-0.00182137082245992,0,0
78.3,0,0,-0.000773087330949104,0.000308650042387867,0.000150456836864968,-7.59185133697994e-05,0.000251788616955559,0.00024260042908899,-0,-9.75074187516654e-10,0,-0.00180584720690603,0,0
78.32,0,0,-0.000766935097323598,0.000306575356770464,0.000148916179239004,-7.81269348595689e-05,0.000250550165017083,0.000241162803206227,-0,-9.46256390301284e-10,0,-0.00179044705178015,0,0
78.34,0,0,-0.000760824235969776,0.000304512778184715,0.000147332562093121,-8.02149599304827e-05,0.000249285645962718,0.000239706433679384,-0,-9.18290287723039e-10,0,-0.00177516952720046,0,0
78.36,0,0,-0.000754754506939297,0.000302462088870395,0.000145708363803659,-8.21855376543156e-05,0.000247996029170339,0.000238232183514715,-0,-8.91150708402181e-10,0,-0.00176001380812829,0,0
78.38,0,0,-0.000748725674551715,0.000300423079756917,0.000144045904134489,-8.40415801560668e-05,0.000246682269798157,0.000236740900959474,-0,-8.64813224884294e-10,0,-0.00174497907428093,0,0
78.4,0,0,-0.000742737507223142,0.000298395550218857,0.000142347444978858,-8.57859623279229e-05,0.000245345308717696,0.00023523341950773,-0,-8.39254131685188e-10,0,-0.00173006451004806,0,0
78.42,0,0,-0.000736789777299753,0.000296379307835753,0.000140615191106665,-8.74215215719455e-05,0.000243986072456341,0.00023371055791398,-0,-8.14450423661066e-10,0,-0.00171526930441144,0,0
78.44,0,0,-0.000730882260896051,0.000294374168156126,0.000138851290916603,-8.89510575706857e-05,0.00024260547314925,0.000232173120214243,-0,-7.90379776059204e-10,0,-0.00170059265086798,0,0
78.46,0,0,-0.000725014737737815,0.000292379954465734,0.000137057837192617,-9.0377332084937e-05,0.000241204408500366,0.000230621895754452,-0,-7.6702052370127e-10,0,-0.00168603374735593,0,0
78.48,0,0,-0.000719186991009634,0.000290396497560005,0.00013523686786414,-9.17030687778469e-05,0.000239783761752289,0.000229057659225853,-0,-7.44351641521895e-10,0,-0.00167159179618415,0,0
78.5,0,0,-0.000713398807206959,0.000288423635520644,0.000133390366769592,-9.29309530646195e-05,0.000238344401664772,0.000227481170707363,-0,-7.22352726083026e-10,0,-0.0016572660039645,0,0
78.52,0,0,-0.000707649975992574,0.000286461213496378,0.000131520264422636,-9.40636319870485e-05,0.000236887182501626,0.000225893175714662,-0,-7.01003976817226e-10,0,-0.00164305558154701,0,0
78.54,0,0,-0.000701940290057414,0.000284509083487815,0.000129628438780695,-9.51037141121306e-05,0.000235412944025779,0.000224294405255561,-0,-6.80286178409394e-10,0,-0.00162895974395792,0,0
78.56,0,0,-0.000696269544985645,0.000282567104136383,0.000127716716015271,-9.60537694540211e-05,0.000233922511502288,0.000222685575891739,-0,-6.60180683503733e-10,0,-0.00161497771034052,0,0
78.58,0,0,-0.000690637539123927,0.00028063514051733,0.00012578687128359,-9.69163294186004e-05,0.000232416695709052,0.000221067389806505,-0,-6.40669395735993e-10,0,-0.00160110870389859,0,0
78.6,0,0,-0.000685044073454769,0.000278713063936737,0.000123840629501143,-9.76938867699338e-05,0.000230896292955023,0.00021944053487826,-0,-6.21734753687275e-10,0,-0.00158735195184238,0,0
78.62,0,0,-0.000679488951473912,0.00027680075173253,0.000121879666114675,-9.83888956179156e-05,0.000229362085105675,0.000217805684759647,-0,-6.0335971489205e-10,0,-0.00157370668533717,0,0
78.64,0,0,-0.000673971979071649,0.000274898087079444,0.000119905607875226,-9.90037714264007e-05,0.000227814839615513,0.000216163498962006,-0,-5.85527740605118e-10,0,-0.0015601721394542,0,0
78.66,0,0,-0.000668492964418008,0.000273004958797915,0.000117920033610802,-9.95408910411359e-05,0.0002262553095674,0.000214514622944964,-0,-5.68222780676989e-10,0,-0.00154674755312389,0,0
78.68,0,0,-0.000663051717851711,0.000271121261166853,0.000115924474998297,-0.000100002592736818,0.000224684233718471,0.000212859688210951,-0,-5.51429259676092e-10,0,-0.0015334321690914,0,0
78.7,0,0,-0.000657648051772851,0.00026924689374028,0.000113920417334292,-0.00010039117628261,0.000223102336552419,0.000211199312404385,-0,-5.35132062197841e-10,0,-0.00152022523387435,0,0
78.72,0,0,-0.000652281780539188,0.00026738176116777,0.00011190930030436,-0.000100708903025475,0.000221510328337918,0.00020953409941534,-0,-5.19316519691573e-10,0,-0.00150712599772258,0,0
78.74,0,0,-0.000646952720366003,0.000265525773018682,0.000109892518750533,-0.000100957995990666,0.000219908905192968,0.000207864639487431,-0,-5.03968397179075e-10,0,-0.00149413371458005,0,0
78.76,0,0,-0.000641660689229428,0.000263678843610121,0.000107871423436592,-0.000101140639998771,0.000218298749154935,0.000206191509329744,-0,-4.89073880189945e-10,0,-0.00148124764204865,0,0
78.78,0,0,-0.000636405506773182,0.000261840891838618,0.00010584732181086,-0.000101258981798676,0.000216680528256068,0.000204515272232605,-0,-4.74619562672741e-10,0,-0.00146846704135391,0,0
78.8,0,0,-0.000631186994218635,0.000260011841015454,0.000103821478766173,-0.000101315130215844,0.000215054896604267,0.000202836478186893,-0,-4.60592434906124e-10,0,-0.00145579117731256,0,0
78.82,0,0,-0.000626004974278128,0.000258191618705628,0.000101795117396748,-0.000101311156315334,0.000213422494468881,0.000201155664006765,-0,-4.46979871301587e-10,0,-0.00144321931830187,0,0
78.84,0,0,-0.000620859271071479,0.000256380156570392,9.9769419751638e-05,-0.000101249093578958,0.000211783948371328,0.000199473353455568,-0,-4.33769619778267e-10,0,-0.00143075073623064,0,0
78.86,0,0,-0.000615749710045606,0.000254577390213342,9.77455275845154e-05,-0.000101130938096029,0.000210139871180307,0.000197790057374775,-0,-4.20949790216202e-10,0,-0.00141838470651186,0,0
78.88,0,0,-0.000610676117897186,0.000252783259030001,9.57245430995024e-05,-0.00010095864876713,0.000208490862211394,0.000196106273815617,-0,-4.08508843831139e-10,0,-0.00140612050803697,0,0
78.9,0,0,-0.000605638322498296,0.000250997706060866,9.37075296928052e-05,-0.00010073414752037,0.000206837507330826,0.000194422488173475,-0,-3.96435582983041e-10,0,-0.00139395742315161,0,0
78.92,0,0,-0.00060063615282495,0.000249220677847878,9.16955126899003e-05,-0.000100459319539595,0.000205180379063234,0.000192739173324508,-0,-3.84719140930374e-10,0,-0.0013818947376328,0,0
78.94,0,0,-0.000595669438888481,0.000247452124294259,8.96894800780421e-05,-0.00010013601350403,0.000203520036703155,0.000191056789764731,-0,-3.73348972072286e-10,0,-0.00136993174066759,0,0
78.96,0,0,-0.000590738011669687,0.000245691998527686,8.76903832338674e-05,-9.97660418388574e-05,0.000201857026430098,0.000189375785750963,-0,-3.62314842516052e-10,0,-0.00135806772483299,0,0
78.98,0,0,-0.000585841703055683,0.000243940256766759,8.56991376458829e-05,-9.93511809762277e-05,0.000200191881426976,0.000187696597443865,-0,-3.51606820698722e-10,0,-0.00134630198607725,0,0
79,0,0,-0.000580980345779393,0.000242196858190709,8.37166236316327e-05,-9.88931716262203e-05,0.00019852512200172,0.000186019649052641,-0,-3.41215268821922e-10,0,-0.0013346338237023,0,0
79.02,0,0,-0.00057615377336161,0.000240461764812316,8.17436870493504e-05,-9.83937190572917e-05,0.000196857255711883,0.000184345352981344,-0,-3.31130833636142e-10,0,-0.00132306254034744,0,0
79.04,0,0,-0.000571361820055572,0.000238734941353983,7.97811400039119e-05,-9.78544933857437e-05,0.000195188777492039,0.000182674109976719,-0,-3.21344438580264e-10,0,-0.00131158744197415,0,0
79.06,0,0,-0.000566604320793981,0.000237016355126924,7.78297615469115e-05,-9.72771298737671e-05,0.000193520169783831,0.000181006309277287,-0,-3.11847275270578e-10,0,-0.00130020783785195,0,0
79.08,0,0,-0.000561881111138412,0.000235305975913432,7.58902983706959e-05,-9.66632292356248e-05,0.000191851902668459,0.000179342328763644,-0,-3.02630795477685e-10,0,-0.00128892304054535,0,0
79.1,0,0,-0.00055719202723104,0.000233603775852166,7.39634654961961e-05,-9.60143579515456e-05,0.000190184434001473,0.000177682535109831,-0,-2.93686703862345e-10,0,-0.00127773236590174,0,0
79.12,0,0,-0.000552536905748638,0.000231909729326431,7.20499469544081e-05,-9.53320485889167e-05,0.000188518209549695,0.000176027283935712,-0,-2.85006950115005e-10,0,-0.00126663513304023,0,0
79.14,0,0,-0.000547915583858775,0.000230223812855388,7.015039646138e-05,-9.46178001303679e-05,0.000186853663130113,0.000174376919960038,-0,-2.76583721800071e-10,0,-0.00125563066434144,0,0
79.16,0,0,-0.000543327899178163,0.000228546004988166,6.82654380865718e-05,-9.38730783083545e-05,0.000185191216750607,0.000172731777154411,-0,-2.68409437579643e-10,0,-0.00124471828543806,0,0
79.18,0,0,-0.000538773689733092,0.000226876286200825,6.6395666914462e-05,-9.30993159458535e-05,0.000183531280752358,0.000171092178897707,-0,-2.60476739895148e-10,0,-0.00123389732520629,0,0
79.2,0,0,-0.0005342527939219,0.000225214638796125,6.45416496992816e-05,-9.22979133027997e-05,0.000181874253953795,0.000169458438131141,-0,-2.52778488841598e-10,0,-0.00122316711575804,0,0
79.22,0,0,-0.000529765050479417,0.000223561046806057,6.27039255127661e-05,-9.14702384278962e-05,0.000180220523795951,0.000167830857513695,-0,-2.4530775555396e-10,0,-0.0012125269924338,0,0
79.24,0,0,-0.000525310298443333,0.000221915495897092,6.08830063848194e-05,-9.06176275154441e-05,0.000178570466489113,0.000166209729577851,-0,-2.3805781581036e-10,0,-0.00120197629379631,0,0
79.26,0,0,-0.000520888377122432,0.000220277973278109,5.90793779369947e-05,-8.97413852668457e-05,0.000176924447160606,0.000164595336885688,-0,-2.31022144068973e-10,0,-0.00119151436162478,0,0
79.28,0,0,-0.000516499126066646,0.000218648467610948,5.72935000087007e-05,-8.88427852564436e-05,0.000175282820003639,0.000162987952185012,-0,-2.2419440788438e-10,0,-0.00118114054090977,0,0
79.3,0,0,-0.000512142385038864,0.000217026968923555,5.5525807276051e-05,-8.79230703013676e-05,0.000173645928427054,0.000161387838565654,-0,-2.17568461781826e-10,0,-0.0011708541798487,0,0
79.32,0,0,-0.000507817993988463,0.000215413468525667,5.37767098632789e-05,-8.69834528350703e-05,0.000172014105205909,0.000159795249615769,-0,-2.11138342053052e-10,0,-0.0011606546298418,0,0
79.34,0,0,-0.000503525793026487,0.000213807958926999,5.20465939466468e-05,-8.60251152842398e-05,0.000170387672632758,0.000158210429578019,-0,-2.04898261064231e-10,0,-0.00115054124548866,0,0
79.36,0,0,-0.000499265622402454,0.000212210433757881,5.0335822350787e-05,-8.50492104487868e-05,0.000168766942669543,0.00015663361350568,-0,-1.98842602322849e-10,0,-0.00114051338458522,0,0
79.38,0,0,-0.000495037322482708,0.000210620887692321,4.86447351374137e-05,-8.40568618846124e-05,0.000167152217099994,0.000155065027418516,-0,-1.92965915327744e-10,0,-0.00113057040812125,0,0
79.4,0,0,-0.000490840733730301,0.000209039316373423,4.69736501863545e-05,-8.30491642888684e-05,0.000165543787682453,0.000153504888458426,-0,-1.87262910744408e-10,0,-0.00112071168027818,0,0
79.42,0,0,-0.000486675696686339,0.000207465716341142,4.53228637688543e-05,-8.20271838874332e-05,0.000163941936303022,0.000151953405044639,-0,-1.81728455309234e-10,0,-0.00111093656842736,0,0
79.44,0,0,-0.00048254205195274,0.00020590008496232,4.36926511131092e-05,-8.09919588243312e-05,0.00016234693512895,0.000150410777028682,-0,-1.76357567817972e-10,0,-0.00110124444312869,0,0
79.46,0,0,-0.000478439640176386,0.00020434242036297,4.20832669619956e-05,-7.99444995528327e-05,0.000160759046762182,0.000148877195848758,-0,-1.71145414029975e-10,0,-0.00109163467812955,0,0
79.48,0,0,-0.000474368302034595,0.000202792721362748,4.04949461229619e-05,-7.88857892279779e-05,0.000159178524392981,0.000147352844683654,-0,-1.66087302710862e-10,0,-0.00108210665036408,0,0
79.5,0,0,-0.000470327878221882,0.000201250987411598,3.8927904010058e-05,-7.78167841002779e-05,0.000157605611953551,0.000145837898606052,-0,-1.61178681078872e-10,0,-0.00107265973995265,0,0
79.52,0,0,-0.000466318209437976,0.000199717218528509,3.7382337178081e-05,-7.67384139103497e-05,0.000156040544271582,0.000144332524735286,-0,-1.56415131172781e-10,0,-0.00106329333020168,0,0
79.54,0,0,-0.00046233913637703,0.000198191415242341,3.58584238488204e-05,-7.56515822842518e-05,0.00015448354722365,0.000142836882389291,-0,-1.51792365460889e-10,0,-0.00105400680760364,0,0
79.56,0,0,-0.000458390499717995,0.000196673578534697,3.43563244293918e-05,-7.45571671292939e-05,0.000152934837888392,0.000141351123235902,-0,-1.47306223154727e-10,0,-0.00104479956183724,0,0
79.58,0,0,-0.00045447214011613,0.000195163709784786,3.28761820226521e-05,-7.34560210300997e-05,0.000151394624699397,0.000139875391443342,-0,-1.42952666305936e-10,0,-0.00103567098576786,0,0
79.6,0,0,-0.000450583898195572,0.000193661810716234,3.1418122929691e-05,-7.23489716447095e-05,0.00014986310759774,0.000138409823829847,-0,-1.38727776553653e-10,0,-0.00102662047544804,0,0
79.62,0,0,-0.000446725614542975,0.000192167883345823,2.99822571444041e-05,-7.12368221005168e-05,0.000148340478184104,0.000136954550012417,-0,-1.34627751221389e-10,0,-0.00101764743011822,0,0
79.64,0,0,-0.000442897129702137,0.00019068192993409,2.85686788401483e-05,-7.01203513898388e-05,0.000146826919870411,0.000135509692554613,-0,-1.30648899847579e-10,0,-0.00100875125220755,0,0
79.66,0,0,-0.000439098284169605,0.000189203952937777,2.71774668484928e-05,-6.90003147649266e-05,0.000145322608030926,0.000134075367113383,-0,-1.26787641366657e-10,0,-0.000999931347334722,0,0
79.68,0,0,-0.000435328918391213,0.000187733954964063,2.58086851300759e-05,-6.78774441322296e-05,0.000143827710152743,0.000132651682584839,-0,-1.2304050031435e-10,0,-0.000991187124309039,0,0
79.7,0,0,-0.000431588872759515,0.000186271938726567,2.44623832375866e-05,-6.67524484457335e-05,0.000142342385985636,0.000131238741248978,-0,-1.1940410400875e-10,0,-0.000982517995131399,0,0
79.72,0,0,-0.000427877987612081,0.000184817907003067,2.31385967708887e-05,-6.56260140991967e-05,0.000140866787691179,0.000129836638913232,-0,-1.15875179406127e-10,0,-0.000973923374995399,0,0
79.74,0,0,-0.000424196103230625,0.000183371862594902,2.18373478243143e-05,-6.44988053171187e-05,0.00013940105999111,0.000128445465054931,-0,-1.12450550336218e-10,0,-0.000965402682288444,0,0
79.76,0,0,-0.000420543059840924,0.000181933808288019,2.05586454261504e-05,-6.33714645442781e-05,0.000137945340314881,0.000127065302962493,-0,-1.09127134303826e-10,0,-0.000956955338592865,0,0
79.78,0,0,-0.000416918697613502,0.00018050374681563,1.93024859703513e-05,-6.22446128336849e-05,0.000136499758946325,0.000125696229875451,-0,-1.05901940103577e-10,0,-0.000948580768687029,0,0
79.8,0,0,-0.000413322856665046,0.000179081680822444,1.80688536405087e-05,-6.11188502327963e-05,0.000135064439169426,0.000124338317123076,-0,-1.02772064784155e-10,0,-0.000940278400546436,0,0
79.82,0,0,-0.000409755377060519,0.000177667612830431,1.68577208261165e-05,-5.99947561678547e-05,0.00013363949741311,0.000122991630261901,-0,-9.97346912630544e-11,0,-0.000932047665344773,0,0
79.84,0,0,-0.000406216098815949,0.000176261545206092,1.56690485311678e-05,-5.88728898262061e-05,0.000132225043395037,0.000121656229211655,-0,-9.67870857244979e-11,0,-0.000923887997454922,0,0
79.86,0,0,-0.000402704861901847,0.000174863480129187,1.45027867751279e-05,-5.77537905364708e-05,0.00013082118026433,0.000120332168390017,-0,-9.3926595017349e-11,0,-0.000915798834449907,0,0
79.88,0,0,-0.000399221506247249,0.000173473419562905,1.3358874986326e-05,-5.66379781464354e-05,0.000129428004743223,0.000119019496845845,-0,-9.1150644649339e-11,0,-0.000907779617103763,0,0
79.9,0,0,-0.000395765871744329,0.000172091365225418,1.22372423878125e-05,-5.55259533985479e-05,0.000128045607267558,0.00011771825839107,-0,-8.84567360223514e-11,0,-0.00089982978939232,0,0
79.92,0,0,-0.000392337798253574,0.00017071731856281,1.1137808375732e-05,-5.44181983028983e-05,0.000126674072126124,0.000116428491731049,-0,-8.58424444808575e-11,0,-0.000891948798493893,0,0
79.94,0,0,-0.00038893712560949,0.000169351280723326,1.00604828902622e-05,-5.33151765075736e-05,0.000125313477598773,0.000115150230593453,-0,-8.33054168182523e-11,0,-0.000884136094789854,0,0
79.96,0,0,-0.000385563693626795,0.000167993252532921,9.00516677917341e-06,-5.2217333666283e-05,0.000123963896093294,0.000113883503855724,-0,-8.08433697047604e-11,0,-0.000876391131865095,0,0
79.98,0,0,-0.000382217342107111,0.000166643234472073,7.97175215406296e-06,-5.11250978031511e-05,0.000122625394281011,0.000112628335670903,-0,-7.84540870853515e-11,0,-0.000868713366508356,0,0
80,0,0,-0.000378897910846085,0.000165301226653823,6.96012273932358e-06,-5.0038879674584e-05,0.000121298033231063,0.000111384745591969,-0,-7.61354183908061e-11,0,-0.000861102258712418,0,0
80.02,0,0,-0.000375605239640954,0.000163967228803024,5.97015421390407e-06,-4.89590731281181e-05,0.000119981868543348,0.000110152748694643,-0,-7.38852767487828e-11,0,-0.000853557271674143,0,0
80.04,0,0,-0.000372339168298502,0.000162641240236749,5.00171454592402e-06,-4.78860554581633e-05,0.000118676950480092,0.000108932355698516,-0,-7.17016368425184e-11,0,-0.00084607787179437,0,0
80.06,0,0,-0.000369099536643407,0.00016132325984584,4.05466432020538e-06,-4.68201877585615e-05,0.000117383324096025,0.000107723573086747,-0,-6.95825332574194e-11,0,-0.000838663528677633,0,0
80.08,0,0,-0.000365886184526934,0.000160013286077564,3.12885705878542e-06,-4.57618152718804e-05,0.000116101029367139,0.000106526403223974,-0,-6.75260586108142e-11,0,-0.000831313715131727,0,0
80.1,0,0,-0.000362698951835977,0.00015871131691935,2.22413953447693e-06,-4.47112677353724e-05,0.000114830101317989,0.000105340844472752,-0,-6.55303619527536e-11,0,-0.000824027907167075,0,0
80.12,0,0,-0.000359537678502409,0.000157417349883567,1.34035207754336e-06,-4.36688597235279e-05,0.000113570570147538,0.000104166891308335,-0,-6.35936470854987e-11,0,-0.000816805583995933,0,0
80.14,0,0,-0.000356402204512722,0.000156131381993325,4.77328875557313e-07,-4.26348909871586e-05,0.000112322461353519,0.00010300453443177,-0,-6.17141707745864e-11,0,-0.000809646228031386,0,0
80.16,0,0,-0.000353292369917952,0.000154853409769269,-3.65101733487311e-07,-4.16096467889518e-05,0.000111085795855278,0.000101853760881435,-0,-5.98902413664719e-11,0,-0.000802549324886163,0,0
80.18,0,0,-0.000350208014843848,0.000153583429217327,-1.18711697473853e-06,-4.05933982354369e-05,0.000109860590115109,0.000100714554142864,-0,-5.81202172435409e-11,0,-0.000795514363371241,0,0
80.2,0,0,-0.000347148979501284,0.000152321435817398,-1.9888993566525e-06,-3.95864026053127e-05,0.000108646856258045,9.95868942570081e-05,-0,-5.64025052249111e-11,0,-0.000788540835494249,0,0
80.22,0,0,-0.000344115104196882,0.000151067424512951,-2.77063639768948e-06,-3.85889036740853e-05,0.000107444602190103,9.84707579267778e-05,-0,-5.47355593195995e-11,0,-0.000781628236457658,0,0
80.24,0,0,-0.00034110622934384,0.000149821389701494,-3.53252035946523e-06,-3.76011320349717e-05,0.000106253831714965,9.73661186219584e-05,-0,-5.31178790460097e-11,0,-0.00077477606465676,0,0
80.26,0,0,-0.000338122195472939,0.000148583325225904,-4.2747479862829e-06,-3.66233054160259e-05,0.000105074544649085,9.62729466824911e-05,-0,-5.15480084561492e-11,0,-0.000767983821677425,0,0
80.28,0,0,-0.000335162843243714,0.000147353224366588,-4.99752025096918e-06,-3.56556289934497e-05,0.000103906736935213,9.51912094201174e-05,-0,-5.00245346177468e-11,0,-0.00076125101229364,0,0
80.3,0,0,-0.000332228013455776,0.000146131079834439,-5.70104210693834e-06,-3.46982957010513e-05,0.000102750400754332,9.41208712183124e-05,-0,-4.85460862047898e-11,0,-0.000754577144464816,0,0
80.32,0,0,-0.000329317547060267,0.000144916883764572,-6.38552224640661e-06,-3.37514865358209e-05,0.000101605524635992,9.30618936306427e-05,-0,-4.71113325488468e-11,0,-0.00074796172933288,0,0
80.34,0,0,-0.000326431285171428,0.000143710627710822,-7.05117286467894e-06,-3.28153708595917e-05,0.000100472093567045,9.20142354774592e-05,-0,-4.57189822567101e-11,0,-0.000741404281219121,0,0
80.36,0,0,-0.000323569069078281,0.000142512302640956,-7.69820943042973e-06,-3.18901066967623e-05,9.93500890987719e-05,9.09778529409587e-05,-0,-4.43677821532987e-11,0,-0.000734904317620818,0,0
80.38,0,0,-0.000320730740256384,0.000141321898932602,-8.32685046189828e-06,-3.09758410280547e-05,9.82394894523964e-05,8.99526996585881e-05,-0,-4.30565160619307e-11,0,-0.000728461359207622,0,0
80.4,0,0,-0.000317916140379676,0.000140139406369855,-8.93731730891969e-06,-3.00727100802887e-05,9.71402696229883e-05,8.89387268148427e-05,-0,-4.17840036659109e-11,0,-0.000722074929817709,0,0
80.42,0,0,-0.000315125111332369,0.000138964814140546,-9.52983394071121e-06,-2.91808396121538e-05,9.60524014817485e-05,8.79358832314804e-05,-0,-4.05490997495896e-11,0,-0.000715744556453693,0,0
80.44,0,0,-0.000312357495220902,0.000137798110834142,-1.01046267393339e-05,-2.83003451959636e-05,9.49758538766864e-05,8.69441154560411e-05,-0,-3.93506927075845e-11,0,-0.000709469769278302,0,0
80.46,0,0,-0.000309613134385919,0.00013663928444027,-1.06619242987491e-05,-2.74313324953794e-05,9.39105927316764e-05,8.59633678488243e-05,-0,-3.81877039755743e-11,0,-0.000703250101609813,0,0
80.48,0,0,-0.000306891871414281,0.000135488322347821,-1.12019572293887e-05,-2.65738975390927e-05,9.28565811439044e-05,8.49935826682582e-05,-0,-3.70590867563615e-11,0,-0.000697085089917249,0,0
80.5,0,0,-0.000304193549151078,0.000134345211344642,-1.17249579681595e-05,-2.57281269904592e-05,9.18137794797044e-05,8.40347001546608e-05,-0,-3.59638252338257e-11,0,-0.000690974273815333,0,0
80.52,0,0,-0.000301518010711653,0.000133209937617767,-1.2231160593798e-05,-2.48940984130771e-05,9.07821454687887e-05,8.30866586123992e-05,-0,-3.49009335700364e-11,0,-0.000684917196059201,0,0
80.54,0,0,-0.000298865099493612,0.000132082486754186,-1.27208006474984e-05,-2.40718805323077e-05,8.97616342968709e-05,8.21493944905865e-05,-0,-3.38694550921018e-11,0,-0.000678913402538884,0,0
80.56,0,0,-0.00029623465918881,0.000130962843742124,-1.31941149587282e-05,-2.3261533492736e-05,8.87521986966967e-05,8.12228424620415e-05,-0,-3.28684613705964e-11,0,-0.000672962442273535,0,0
80.58,0,0,-0.000293626533795311,0.000129850992972811,-1.36513414761541e-05,-2.24631091115729e-05,8.77537890374761e-05,8.03069355008867e-05,-0,-3.18970515690402e-11,0,-0.00066706386740543,0,0
80.6,0,0,-0.000291040567629306,0.000128746918242723,-1.40927191035945e-05,-2.16766511280003e-05,8.67663534127298e-05,7.94016049584059e-05,-0,-3.0954351251276e-11,0,-0.00066121723319372,0,0
80.62,0,0,-0.000288476605336983,0.000127650602756286,-1.45184875409187e-05,-2.09021954484661e-05,8.57898377265515e-05,7.85067806375582e-05,-0,-3.00395119206837e-11,0,-0.000655422098007953,0,0
80.64,0,0,-0.000285934491906334,0.000126562029129001,-1.49288871298112e-05,-2.0139770387934e-05,8.48241857782993e-05,7.76223908658566e-05,-0,-2.91517101799234e-11,0,-0.000649678023321356,0,0
80.66,0,0,-0.000283414072678903,0.000125481179391004,-1.53241587043214e-05,-1.93893969070966e-05,8.38693393457199e-05,7.67483625667565e-05,-0,-2.82901469448888e-11,0,-0.000643984573703878,0,0
80.68,0,0,-0.000280915193361452,0.000124408034991014,-1.57045434461161e-05,-1.8651088845564e-05,8.29252382665108e-05,7.5884621329572e-05,-0,-2.74540467399761e-11,0,-0.000638341316815006,0,0
80.7,0,0,-0.000278437700037546,0.000123342576800666,-1.60702827443568e-05,-1.79248531510374e-05,8.19918205183334e-05,7.5031091477896e-05,-0,-2.66426570475625e-11,0,-0.000632747823396342,0,0
80.72,0,0,-0.00027598143917905,0.000122284785119223,-1.64216180601195e-05,-1.72106901044834e-05,8.10690222972881e-05,7.41876961365488e-05,-0,-2.58552475490646e-11,0,-0.000627203667263953,0,0
80.74,0,0,-0.000273546257657524,0.000121234639678617,-1.67587907952791e-05,-1.6508593541323e-05,8.01567780948508e-05,7.33543572970255e-05,-0,-2.50911095015221e-11,0,-0.000621708425300492,0,0
80.76,0,0,-0.000271132002755522,0.000120192119648846,-1.70820421657765e-05,-1.58185510686527e-05,7.92550207732908e-05,7.25309958815828e-05,-0,-2.43495551683921e-11,0,-0.000616261677447087,0,0
80.78,0,0,-0.000268738522177766,0.000119157203643677,-1.73916130791921e-05,-1.51405442785165e-05,7.83636816395762e-05,7.17175318058088e-05,-0,-2.3629917060607e-11,0,-0.000610863006695014,0,0
80.8,0,0,-0.000266365664062217,0.000118129869726653,-1.76877440165444e-05,-1.44745489572474e-05,7.74826905177768e-05,7.09138840398127e-05,-0,-2.2931547475789e-11,0,-0.000605511999077139,0,0
80.82,0,0,-0.000264013276991014,0.000117110095417399,-1.79706749182366e-05,-1.38205352909006e-05,7.66119758199764e-05,7.01199706679992e-05,-0,-2.22538178477286e-11,0,-0.000600208243659146,0,0
80.84,0,0,-0.000261681210001291,0.000116097857698186,-1.8240645074073e-05,-1.31784680668e-05,7.57514646157056e-05,6.93357089474579e-05,-0,-2.15961181500735e-11,0,-0.000594951332530544,0,0
80.86,0,0,-0.000259369312595849,0.000115093133020772,-1.84978930172675e-05,-1.2548306871223e-05,7.49010826999086e-05,6.85610153649329e-05,-0,-2.09578564084375e-11,0,-0.000589740860795461,0,0
80.88,0,0,-0.000257077434753703,0.000114095897313476,-1.8742656422368e-05,-1.19300062832469e-05,7.40607546594503e-05,6.77958056925088e-05,-0,-2.03384581311944e-11,0,-0.000584576426563222,0,0
80.9,0,0,-0.000254805426940476,0.000113106125988493,-1.89751720070185e-05,-1.1323516064785e-05,7.32304039381831e-05,6.70399950418581e-05,-0,-1.97373658486922e-11,0,-0.000579457630938726,0,0
80.92,0,0,-0.000252553140118644,0.000112123793949423,-1.91956754374847e-05,-1.07287813468375e-05,7.24099529005835e-05,6.6293497917206e-05,-0,-1.91540385169418e-11,0,-0.000574384078012606,0,0
80.94,0,0,-0.000250320425757632,0.000111148875599013,-1.94044012378675e-05,-1.01457428119881e-05,7.15993228939675e-05,6.55562282669632e-05,-0,-1.85879511381461e-11,0,-0.000569355374851193,0,0
80.96,0,0,-0.000248107135843755,0.000110181344847087,-1.96015827029277e-05,-9.57433687317248e-06,7.07984343093037e-05,6.48280995340475e-05,-0,-1.80385941643893e-11,0,-0.000564371131486276,0,0
80.98,0,0,-0.000245913122889992,0.000109221175118662,-1.97874518144506e-05,-9.01449584875273e-06,7.00072066406343e-05,6.41090247049469e-05,-0,-1.75054731452705e-11,0,-0.00055943096090467,0,0
81,0,0,-0.0002437382399456,0.000108268339362235,-1.99622391610745e-05,-8.4661481339257e-06,6.92255585431202e-05,6.33989163574359e-05,-0,-1.69881082400132e-11,0,-0.000554534479037581,0,0
81.02,0,0,-0.000241582340605562,0.000107322810058223,-2.01261738615109e-05,-7.92921836849946e-06,6.845340788972e-05,6.26976867071542e-05,-0,-1.64860337837844e-11,0,-0.00054968130474979,0,0
81.04,0,0,-0.000239445279019862,0.000106384559227559,-2.02794834910848e-05,-7.40362760107003e-06,6.76906718265237e-05,6.20052476528034e-05,-0,-1.59987978269084e-11,0,-0.000544871059828641,0,0
81.06,0,0,-0.000237326909902588,0.00010545355844042,-2.04223940115224e-05,-6.88929344963236e-06,6.6937266826748e-05,6.13215108202507e-05,-0,-1.55259619180267e-11,0,-0.000540103368972855,0,0
81.08,0,0,-0.000235227088540857,0.00010452977882508,-2.05551297039157e-05,-6.38613025866018e-06,6.61931087434156e-05,6.06463876053156e-05,-0,-1.50671003993665e-11,0,-0.000535377859781154,0,0
81.1,0,0,-0.000233145670803566,0.000103613191076883,-2.06779131047936e-05,-5.89404925268975e-06,6.54581128607272e-05,5.99797892154596e-05,-0,-1.46218002983201e-11,0,-0.000530694162740717,0,0
81.12,0,0,-0.000231082513149958,0.000102703765467316,-2.07909649452304e-05,-5.41295868644352e-06,6.47321939441443e-05,5.93216267102143e-05,-0,-1.41896607853444e-11,0,-0.000526051911215451,0,0
81.14,0,0,-0.000229037472638009,0.000101801471853187,-2.0894504092922e-05,-4.94276399153029e-06,6.40152662891995e-05,5.86718110405279e-05,-0,-1.37702929300151e-11,0,-0.000521450741434109,0,0
81.16,0,0,-0.000227010406932629,0.000100906279685879,-2.09887474971623e-05,-4.48336791975874e-06,6.33072437690473e-05,5.80302530869141e-05,-0,-1.33633192673458e-11,0,-0.000516890292478226,0,0
81.18,0,0,-0.000225001174313676,0.00010001815802069,-2.10739101366527e-05,-4.03467068310216e-06,6.26080398807716e-05,5.73968636965139e-05,-0,-1.29683734996326e-11,0,-0.000512370206269905,0,0
81.2,0,0,-0.000223009633683784,9.91370755262392e-05,-2.1150204970077e-05,-3.59657009035238e-06,6.19175677904679e-05,5.677155371901e-05,-0,-1.25851001440882e-11,0,-0.000507890127559434,0,0
81.22,0,0,-0.000221035644576005,9.82630004939285e-05,-2.12178428893775e-05,-3.16896168050154e-06,6.1235740377112e-05,5.61542340415209e-05,-0,-1.22131542075812e-11,0,-0.000503449703912758,0,0
81.24,0,0,-0.000219079067161253,9.73959008474648e-05,-2.12770326756653e-05,-2.75173885289068e-06,6.05624702752388e-05,5.55448156223361e-05,-0,-1.18522009697961e-11,0,-0.000499048585698796,0,0
81.26,0,0,-0.000217139762255567,9.65357441524179e-05,-2.13279809577026e-05,-2.34479299416455e-06,5.98976699164368e-05,5.49432095236573e-05,-0,-1.15019154953416e-11,0,-0.000494686426076608,0,0
81.28,0,0,-0.000215217591327176,9.56824976258186e-05,-2.13708921728918e-05,-1.94801360207246e-06,5.92412515696869e-05,5.43493269432864e-05,-0,-1.1161982525331e-11,0,-0.000490362880982422,0,0
81.3,0,0,-0.000213312416503372,9.48361281457831e-05,-2.14059685307096e-05,-1.56128840615511e-06,5.85931273805503e-05,5.37630792452742e-05,-0,-1.08320960979114e-11,0,-0.000486077609116525,0,0
81.32,0,0,-0.000211424100577195,9.39966022611593e-05,-2.14334099785239e-05,-1.1845034853579e-06,5.79532094092312e-05,5.31843779895854e-05,-0,-1.05119592772127e-11,0,-0.000481830271930008,0,0
81.34,0,0,-0.00020955250701392,9.31638862011863e-05,-2.14534141697331e-05,-8.17543382611308e-07,5.73214096675277e-05,5.2613134960783e-05,-0,-1.02012839094025e-11,0,-0.000477620533611393,0,0
81.36,0,0,-0.000207697499957352,9.23379458851613e-05,-2.14661764341664e-05,-4.60291216419005e-07,5.66976401546839e-05,5.20492621957175e-05,-0,-9.89979043295071e-12,0,-0.000473448061073119,0,0
81.38,0,0,-0.000205858944235929,9.15187469321066e-05,-2.14718897506865e-05,-1.12628789495055e-07,5.60818128921681e-05,5.14926720102592e-05,-0,-9.60720739073828e-12,0,-0.000469312523937913,0,0
81.4,0,0,-0.000204036705368633,9.07062546704308e-05,-2.14707447219359e-05,2.25563305508831e-07,5.54738399573839e-05,5.09432770251453e-05,-0,-9.32327151137273e-12,0,-0.00046521359452504,0,0
81.42,0,0,-0.0002022306495707,8.99004341475772e-05,-2.14629295511691e-05,5.54405583144519e-07,5.48736335163407e-05,5.0400990190855e-05,-0,-9.04772719419189e-12,0,-0.000461150947836427,0,0
81.44,0,0,-0.000200440643759149,8.91012501396552e-05,-2.14486300211134e-05,8.74019565135734e-07,5.42811058552942e-05,4.98657248115964e-05,-0,-8.78032642794881e-12,0,-0.000457124261542694,0,0
81.46,0,0,-0.000198666555558109,8.8308667161047e-05,-2.14280294748028e-05,1.18452768313185e-06,5.36961694113748e-05,4.93373945684292e-05,-0,-8.5208285739713e-12,0,-0.000453133215969052,0,0
81.48,0,0,-0.000196908253303959,8.75226494739849e-05,-2.14013087983284e-05,1.48605318420549e-06,5.31187368022223e-05,4.88159135414881e-05,-0,-8.26900004090129e-12,0,-0.00044917749408112,0,0
81.5,0,0,-0.000195165606050276,8.67431610980945e-05,-2.13686464054532e-05,1.77872003905244e-06,5.2548720854643e-05,4.83011962313705e-05,-0,-8.02461417627465e-12,0,-0.000445256781470624,0,0
81.52,0,0,-0.000193438483572591,8.59701658198982e-05,-2.13302182240349e-05,2.06265285285198e-06,5.19860346323042e-05,4.77931575796911e-05,-0,-7.78745099547055e-12,0,-0.000441370766341005,0,0
81.54,0,0,-0.000191726756372955,8.52036272022732e-05,-2.12861976842061e-05,2.33797677874615e-06,5.14305914624854e-05,4.72917129888067e-05,-0,-7.55729704618631e-12,0,-0.000437519139492938,0,0
81.56,0,0,-0.000190030295684322,8.44435085938609e-05,-2.12367557082584e-05,2.60481743389622e-06,5.08823049619013e-05,4.67967783407413e-05,-0,-7.3339451644918e-12,0,-0.000433701594309754,0,0
81.58,0,0,-0.000188348973474736,8.36897731384228e-05,-2.11820607021806e-05,2.86330081807475e-06,5.03410890616138e-05,4.63082700153328e-05,-0,-7.1171943121992e-12,0,-0.000429917826742781,0,0
81.6,0,0,-0.000186682662451338,8.2942383784137e-05,-2.11222785487995e-05,3.11355323475177e-06,4.98068580310477e-05,4.58261049075866e-05,-0,-6.90684944133768e-12,0,-0.000426167535296602,0,0
81.62,0,0,-0.000185031236064183,8.22013032928336e-05,-2.10575726024747e-05,3.35570121463352e-06,4.92795265011297e-05,4.5350200444295e-05,-0,-6.70272116889276e-12,0,-0.000422450421014233,0,0
81.64,0,0,-0.000183394568509878,8.14664942491635e-05,-2.09881036852986e-05,3.58987144161256e-06,4.87590094865651e-05,4.48804745999027e-05,-0,-6.50462580391135e-12,0,-0.000418766187462231,0,0
81.66,0,0,-0.000181772534735031,8.07379190696966e-05,-2.09140300847528e-05,3.81619068108784e-06,4.82452224072656e-05,4.4416845911669e-05,-0,-6.31238506289874e-12,0,-0.000415114540715726,0,0
81.68,0,0,-0.000180165010439526,8.00155400119471e-05,-2.08355075527761e-05,4.0347857106138e-06,4.77380811089521e-05,4.39592334940699e-05,-0,-6.12582588008313e-12,0,-0.000411495189343387,0,0
81.7,0,0,-0.000178571872079611,7.92993191833212e-05,-2.0752689306195e-05,4.24578325283745e-06,4.72375018829389e-05,4.35075570525789e-05,-0,-5.94478036675811e-12,0,-0.000407907844392329,0,0
81.72,0,0,-0.000176992996870815,7.8589218549985e-05,-2.06657260284745e-05,4.44930991068268e-06,4.67434014851242e-05,4.30617368967043e-05,-0,-5.76908555378463e-12,0,-0.000404352219372951,0,0
81.74,0,0,-0.000175428262790681,7.78851999456481e-05,-2.05747658727415e-05,4.64549210474135e-06,4.62556971541951e-05,4.26216939524027e-05,-0,-5.59858332382836e-12,0,-0.000400828030243729,0,0
81.76,0,0,-0.00017387754858133,7.71872250802611e-05,-2.04799544660401e-05,4.83445601283056e-06,4.57743066290678e-05,4.21873497738178e-05,-0,-5.43312016741421e-12,0,-0.000397334995395944,0,0
81.78,0,0,-0.00017234073375185,7.64952555486244e-05,-2.03814349147735e-05,5.01632751167601e-06,4.52991481655759e-05,4.17586265544036e-05,-0,-5.27254719647884e-12,0,-0.00039387283563837,0,0
81.8,0,0,-0.000170817698580515,7.58092528389041e-05,-2.02793478112917e-05,5.19123212068163e-06,4.48301405524247e-05,4.13354471374145e-05,-0,-5.11671987332013e-12,0,-0.00039044127418191,0,0
81.82,0,0,-0.000169308324116829,7.5129178341054e-05,-2.01738312415827e-05,5.35929494774554e-06,4.43672031264242e-05,4.09177350257992e-05,-0,-4.96549795638707e-12,0,-0.000387040036624194,0,0
81.84,0,0,-0.000167812492183412,7.44549933551407e-05,-2.00650207940284e-05,5.5206406370831e-06,4.39102557870165e-05,4.05054143914856e-05,-0,-4.81874531054437e-12,0,-0.000383668850934132,0,0
81.86,0,0,-0.000166330085377712,7.37866590995695e-05,-1.99530495691831e-05,5.67539331901764e-06,4.34592190101143e-05,4.00984100841096e-05,-0,-4.6763298664149e-12,0,-0.000380327447436437,0,0
81.88,0,0,-0.000164860987073556,7.31241367192094e-05,-1.98380481905374e-05,5.82367656170013e-06,4.30140138612629e-05,3.96966476391625e-05,-0,-4.53812341709176e-12,0,-0.000377015558796112,0,0
81.9,0,0,-0.000163405081422545,7.24673872934145e-05,-1.97201448162289e-05,5.96561332471904e-06,4.25745620081434e-05,3.93000532856047e-05,-0,-4.40400160458577e-12,0,-0.000373732920002906,0,0
81.92,0,0,-0.000161962253355281,7.18163718439412e-05,-1.95994651516617e-05,6.10132591456205e-06,4.21407857324285e-05,3.8908553952922e-05,-0,-4.27384367587998e-12,0,-0.000370479268355751,0,0
81.94,0,0,-0.00016053238858244,7.11710513427574e-05,-1.94761324629985e-05,6.23093594189163e-06,4.17126079410084e-05,3.85220772776686e-05,-0,-4.14753251003468e-12,0,-0.000367254343447166,0,0
81.96,0,0,-0.000159115373595695,7.05313867197448e-05,-1.93502675914899e-05,6.35456428059675e-06,4.12899521765975e-05,3.81405516095157e-05,-0,-4.02495440134706e-12,0,-0.000364057887147647,0,0
81.98,0,0,-0.000157711095668476,6.98973388702908e-05,-1.92219889686045e-05,6.47233102858318e-06,4.08727426277402e-05,3.77639060167556e-05,-0,-3.90599903224605e-12,0,-0.000360889643590042,0,0
82,0,0,-0.000156319442856591,6.92688686627688e-05,-1.90914126319266e-05,6.58435547026547e-06,4.04609041382255e-05,3.73920702913929e-05,-0,-3.79055932421459e-12,0,-0.000357749359153907,0,0
82.02,0,0,-0.000154940303998686,6.86459369459069e-05,-1.89586522417873e-05,6.69075604072386e-06,4.00543622159294e-05,3.70249749536791e-05,-0,-3.67853135647446e-12,0,-0.000354636782449854,0,0
82.04,0,0,-0.00015357356871657,6.80285045560426e-05,-1.88238190985956e-05,6.79165029148958e-06,3.96530430410932e-05,3.66625512562771e-05,-0,-3.56981433888119e-12,0,-0.00035155166430389,0,0
82.06,0,0,-0.000152219127415389,6.7416532324263e-05,-1.86870221608389e-05,6.88715485792274e-06,3.92568734740552e-05,3.63047311878992e-05,-0,-3.46431038153114e-12,0,-0.000348493757741753,0,0
82.08,0,0,-0.000150876871283662,6.68099810834294e-05,-1.85483680637189e-05,6.97738542814695e-06,3.88657810624481e-05,3.59514474765553e-05,-0,-3.36192453541904e-12,0,-0.000345462817973246,0,0
82.1,0,0,-0.000149546692293175,6.62088116750858e-05,-1.84079611383949e-05,7.06245671350543e-06,3.84796940478743e-05,3.56026335923835e-05,-0,-3.26256464336025e-12,0,-0.000342458602376567,0,0
82.12,0,0,-0.000148228483198739,6.56129849562496e-05,-1.82659034318021e-05,7.14248242050378e-06,3.80985413720731e-05,3.52582237500338e-05,-0,-3.16614128578058e-12,0,-0.000339480870482647,0,0
82.14,0,0,-0.000146922137537815,6.5022461806086e-05,-1.81222947270167e-05,7.21757522420467e-06,3.77222526825938e-05,3.49181529106765e-05,-0,-3.07256767229612e-12,0,-0.000336529383959495,0,0
82.16,0,0,-0.000145627549630003,6.44372031324619e-05,-1.79772325641393e-05,7.28784674304049e-06,3.7350758337984e-05,3.45823567836353e-05,-0,-2.98175956039808e-12,0,-0.000333603906596548,0,0
82.18,0,0,-0.000144344614576408,6.38571698783834e-05,-1.78308122616676e-05,7.35340751501006e-06,3.69839894125108e-05,3.4250771827616e-05,-0,-2.89363525545275e-12,0,-0.000330704204289034,0,0
82.2,0,0,-0.000143073228258866,6.32823230283121e-05,-1.76831269383319e-05,7.41436697522607e-06,3.66218777004219e-05,3.39233352515851e-05,-0,-2.80811542096616e-12,0,-0.000327830045022352,0,0
82.22,0,0,-0.000141813287339062,6.27126236143634e-05,-1.75342675353663e-05,7.47083343478037e-06,3.62643557197628e-05,3.35999850152903e-05,-0,-2.72512306503155e-12,0,-0.000324981198856461,0,0
82.24,0,0,-0.00014056468925751,6.21480327223842e-05,-1.73843228391896e-05,7.52291406089434e-06,3.59113567157603e-05,3.32806598294509e-05,-0,-2.64458349967175e-12,0,-0.0003221574379103,0,0
82.26,0,0,-0.000139327332232418,6.15885114979113e-05,-1.72333795044711e-05,7.57071485832242e-06,3.55628146637853e-05,3.2965299155595e-05,-0,-2.56642424597154e-12,0,-0.000319358536346216,0,0
82.28,0,0,-0.000138101115258441,6.10340211520094e-05,-1.70815220775552e-05,7.61434065197686e-06,3.52186642719053e-05,3.26538432055879e-05,-0,-2.49057495276244e-12,0,-0.000316584270354427,0,0
82.3,0,0,-0.000136885938105307,6.048452296699e-05,-1.69288330202226e-05,7.65389507074249e-06,3.48788409830401e-05,3.23462329408445e-05,-0,-2.41696732886012e-12,0,-0.000313834418137503,0,0
82.32,0,0,-0.000135681701316339,5.99399783020093e-05,-1.67753927337625e-05,7.68948053245055e-06,3.45432809767296e-05,3.20424100712453e-05,-0,-2.34553515661689e-12,0,-0.000311108759894883,0,0
82.34,0,0,-0.000134488306206863,5.94003485985477e-05,-1.66212795833349e-05,7.72119822998107e-06,3.42119211705274e-05,3.17423170537589e-05,-0,-2.27621411573887e-12,0,-0.000308407077807415,0,0
82.36,0,0,-0.000133305654862509,5.8865595385769e-05,-1.64665699225993e-05,7.74914811846377e-06,3.38846992210303e-05,3.14458970907752e-05,-0,-2.20894182394356e-12,0,-0.000305729156021935,0,0
82.38,0,0,-0.000132133650137401,5.83356802857604e-05,-1.63113381185885e-05,7.7734289035478e-06,3.35615535245548e-05,3.11530941281734e-05,-0,-2.1436577149871e-12,0,-0.000303074780635879,0,0
82.4,0,0,-0.000130972195652249,5.78105650186541e-05,-1.61556565768074e-05,7.79413803071111e-06,3.32424232174697e-05,3.08638528531351e-05,-0,-2.08030305221679e-12,0,-0.000300443739681931,0,0
82.42,0,0,-0.000129821195792339,5.72902114076302e-05,-1.59995957665341e-05,7.8113716755807e-06,3.29272481761982e-05,3.05781186916909e-05,-0,-2.01882080659837e-12,0,-0.000297835823112712,0,0
82.44,0,0,-0.000128680555705423,5.6774581383801e-05,-1.58432242463064e-05,7.82522473523527e-06,3.26159690168988e-05,3.02958378060268e-05,-0,-1.95915564316345e-12,0,-0.000295250822785507,0,0
82.46,0,0,-0.000127550181299511,5.62636369909789e-05,-1.5686608689571e-05,7.83579082046249e-06,3.23085270948341e-05,3.00169570915581e-05,-0,-1.90125385324692e-12,0,-0.000292688532447043,0,0
82.48,0,0,-0.00012642997924057,5.57573403903261e-05,-1.55298139104795e-05,7.84316224894319e-06,3.20048645034379e-05,2.97414241737786e-05,-0,-1.84506331382932e-12,0,-0.000290148747718301,0,0
82.5,0,0,-0.000125319856950132,5.52556538648887e-05,-1.53729028898107e-05,7.8474300393356e-06,3.17049240730931e-05,2.94691874048882e-05,-0,-1.79053344687933e-12,0,-0.000287631266079383,0,0
82.52,0,0,-0.000124219722602815,5.4758539824015e-05,-1.52159368010037e-05,7.84868390623274e-06,3.14086493696257e-05,2.9200195860215e-05,-0,-1.73761519224862e-12,0,-0.000285135886854426,0,0
82.54,0,0,-0.000123129485123748,5.42659608076578e-05,-1.50589750362814e-05,7.84701225596704e-06,3.11159846925295e-05,2.89343993344236e-05,-0,-1.6862608856992e-12,0,-0.000282662411196565,0,0
82.56,0,0,-0.000122049054185923,5.37778794905641e-05,-1.4902075232852e-05,7.84250218323605e-06,3.08268750729251e-05,2.86717483375602e-05,-0,-1.63642434021852e-12,0,-0.000280210642072949,0,0
82.58,0,0,-0.000120978340207452,5.32942586863492e-05,-1.47452932991678e-05,7.83523946852419e-06,3.05412662712684e-05,2.84121940908753e-05,-0,-1.58806069694168e-12,0,-0.000277780384249812,0,0
82.6,0,0,-0.000119917254348754,5.28150613514602e-05,-1.45886834412297e-05,7.82530857629532e-06,3.02591047748128e-05,2.81556885224923e-05,-0,-1.54112639804641e-12,0,-0.000275371444277597,0,0
82.62,0,0,-0.000118865708509659,5.23402505890257e-05,-1.44322981889184e-05,7.8127926539318e-06,2.99803377948364e-05,2.79021842629141e-05,-0,-1.49557924096315e-12,0,-0.000272983630476141,0,0
82.64,0,0,-0.000117823615326437,5.18697896525959e-05,-1.42761884223417e-05,7.79777353139587e-06,2.97049132636438e-05,2.7651634640337e-05,-0,-1.45137818863966e-12,0,-0.000270616752919913,0,0
82.66,0,0,-0.000116790888168751,5.1403641949772e-05,-1.41204033981796e-05,7.78033172158963e-06,2.94327798313475e-05,2.74039936758452e-05,-0,-1.40848347796128e-12,0,-0.00026827062342332,0,0
82.68,0,0,-0.000115767441136543,5.09417710457264e-05,-1.39649907760167e-05,7.76054642139046e-06,2.91638868624413e-05,2.71592160784307e-05,-0,-1.36685651133065e-12,0,-0.000265945055526065,0,0
82.7,0,0,-0.000114753189056846,5.04841406666158e-05,-1.38099966446468e-05,7.73849551333898e-06,2.88981844321717e-05,2.69172572398779e-05,-0,-1.32645978890514e-12,0,-0.000263639864478578,0,0
82.72,0,0,-0.000113748047480535,5.00307147028856e-05,-1.36554655483373e-05,7.71425556795711e-06,2.86356233227147e-05,2.66780732295395e-05,-0,-1.28725697635945e-12,0,-0.000261354867227503,0,0
82.74,0,0,-0.000112751932679003,4.958145721247e-05,-1.35014405130415e-05,7.68790184667424e-06,2.83761550191679e-05,2.64416207889492e-05,-0,-1.24921278291286e-12,0,-0.000259089882401257,0,0
82.76,0,0,-0.000111764761640786,4.91363324238859e-05,-1.33479630725464e-05,7.65950830533999e-06,2.81197317053653e-05,2.62078573263281e-05,-0,-1.21229296132924e-12,0,-0.000256844730295651,0,0
82.78,0,0,-0.000110786452068119,4.86953047392234e-05,-1.31950732945441e-05,7.62914759830221e-06,2.78663062595203e-05,2.59767409109921e-05,-0,-1.17646429436454e-12,0,-0.000254619232859584,0,0
82.8,0,0,-0.000109816922373433,4.82583387370341e-05,-1.30428098066168e-05,7.59689108302961e-06,2.76158322497068e-05,2.57482302676212e-05,-0,-1.1416945134516e-12,0,-0.0002524132136808,0,0
82.82,0,0,-0.000108856091675802,4.78253991751167e-05,-1.28912098221235e-05,7.56280882525847e-06,2.73682639291836e-05,2.55222847704632e-05,-0,-1.10795235291027e-12,0,-0.000250226497971725,0,0
82.84,0,0,-0.00010790387979733,4.73964509932036e-05,-1.27403091659793e-05,7.52696960464361e-06,2.71235562315718e-05,2.52988644374002e-05,-0,-1.07520741442213e-12,0,-0.000248058912555364,0,0
82.86,0,0,-0.000106960207259482,4.69714593155471e-05,-1.25901423003161e-05,7.48944092089395e-06,2.68816647658883e-05,2.50779299239632e-05,-0,-1.04343023479316e-12,0,-0.000245910285851282,0,0
82.88,0,0,-0.000106024995279376,4.65503894534083e-05,-1.24407423500165e-05,7.45028900037345e-06,2.66425458114469e-05,2.48594425172377e-05,-0,-1.01259219108599e-12,0,-0.000243780447861651,0,0
82.9,0,0,-0.000105098165766011,4.6133206907449e-05,-1.22921411281111e-05,7.40957880314876e-06,2.6406156312629e-05,2.46433641297052e-05,-0,-9.82665568382592e-13,0,-0.000241669230157378,0,0
82.92,0,0,-0.000104179641316461,4.57198773700282e-05,-1.21443691610298e-05,7.36737403046501e-06,2.61724538735345e-05,2.44296572929898e-05,-0,-9.53623410706456e-13,0,-0.0002395764658643,0,0
82.94,0,0,-0.000103269345212019,4.53103667274045e-05,-1.19974557137008e-05,7.32373713263186e-06,2.59413967525153e-05,2.42182851515693e-05,-0,-9.25439575232695e-13,0,-0.000237501989649465,0,0
82.96,0,0,-0.000102367201414294,4.49046410618448e-05,-1.18514288144865e-05,7.2787293173021e-06,2.57129438566014e-05,2.40092114563869e-05,-0,-8.98088705183001e-13,0,-0.000235445637707485,0,0
82.98,0,0,-0.000101473134561274,4.45026666536423e-05,-1.17063152799513e-05,7.23241055812557e-06,2.54870547358225e-05,2.38024005584325e-05,-0,-8.7154617561553e-13,0,-0.00023340724774697,0,0
83,0,0,-0.000100587069963343,4.41044099830433e-05,-1.15621407394515e-05,7.18483960376141e-06,2.52636895774331e-05,2.3597817402256e-05,-0,-8.45788093424907e-13,0,-0.000231386658977039,0,0
83.02,0,0,-9.97089335992669e-05,4.37098377320853e-05,-1.14189296595426e-05,7.13607398723237e-06,2.50428092000457e-05,2.33954275194434e-05,-0,-8.20791297342222e-13,0,-0.000229383712093914,0,0
83.04,0,0,-9.88386521121381e-05,4.33189167863472e-05,-1.12767053681956e-05,7.08617003560472e-06,2.48243750476787e-05,2.31951970220212e-05,-0,-7.96533235962286e-13,0,-0.00022739824926759,0,0
83.06,0,0,-9.79761528052874e-05,4.29316142366129e-05,-1.11354900788168e-05,7.03518287997821e-06,2.46083491837231e-05,2.29970925958734e-05,-0,-7.72992130373962e-13,0,-0.000225430114128592,0,0
83.08,0,0,-9.7121363638165e-05,4.25478973804499e-05,-1.09953049140646e-05,6.98316646577064e-06,2.43946942848354e-05,2.28010814940547e-05,-0,-7.50146757319721e-13,0,-0.00022347915175481,0,0
83.1,0,0,-9.62742132221894e-05,4.21677337237043e-05,-1.0856169929458e-05,6.93017356328174e-06,2.41833736347593e-05,2.26071315301405e-05,-0,-7.27976571168396e-13,0,-0.000221545208658419,0,0
83.12,0,0,-9.54346308165674e-05,4.17910909819125e-05,-1.07181041367713e-05,6.87625577852202e-06,2.3974351118084e-05,2.24152110714938e-05,-0,-7.06461622600012e-13,0,-0.000219628132772879,0,0
83.14,0,0,-9.46025463240871e-05,4.14179370816329e-05,-1.05811255272094e-05,6.82146356429188e-06,2.37675912139416e-05,2.22252890325482e-05,-0,-6.85582517948209e-13,0,-0.000217727773440025,0,0
83.16,0,0,-9.37778902868847e-05,4.1048240161697e-05,-1.04452510943589e-05,6.76584623149712e-06,2.35630589896504e-05,2.20373348680518e-05,-0,-6.65320500515404e-13,0,-0.000215843981397234,0,0
83.18,0,0,-9.29605938821873e-05,4.06819685743824e-05,-1.03104968569115e-05,6.70945196068719e-06,2.33607200943077e-05,2.1851318566301e-05,-0,-6.4565730149499e-13,0,-0.000213976608764684,0,0
83.2,0,0,-9.21505889180326e-05,4.03190908865086e-05,-1.01768778811538e-05,6.65232781380278e-06,2.31605407523374e-05,2.16672106423615e-05,-0,-6.26575241615291e-13,0,-0.000212125509032693,0,0
83.22,0,0,-9.13478078289681e-05,3.99595758804569e-05,-1.004440830322e-05,6.59451974611965e-06,2.29624877569952e-05,2.14849821312891e-05,-0,-6.08057149824402e-13,0,-0.000210290537049143,0,0
83.24,0,0,-9.05521836717301e-05,3.96033925551163e-05,-9.91310135110471e-06,6.53607261837622e-06,2.27665284638387e-05,2.13046045813224e-05,-0,-5.90086349737656e-13,0,-0.000208471549006999,0,0
83.26,0,0,-8.97636501209046e-05,3.92505101267563e-05,-9.78296936643085e-06,6.47703020907239e-06,2.25726307841637e-05,2.11260500471066e-05,-0,-5.72646652861365e-13,0,-0.000206668402431906,0,0
83.28,0,0,-8.89821414645717e-05,3.89008980298276e-05,-9.65402382596993e-06,6.41743522692755e-06,2.23807631784112e-05,2.09492910828983e-05,-0,-5.55722378921611e-13,0,-0.000204880956169873,0,0
83.3,0,0,-8.82075925999347e-05,3.85545259176928e-05,-9.52627536291194e-06,6.35732932348614e-06,2.21908946495527e-05,2.07743007357699e-05,-0,-5.39298301654133e-13,0,-0.000203109070375049,0,0
83.32,0,0,-8.74399390289346e-05,3.82113636632879e-05,-9.39973378788171e-06,6.2967531058593e-06,2.2002994736452e-05,2.06010525388535e-05,-0,-5.23359635251804e-13,0,-0.000201352606497586,0,0
83.34,0,0,-8.66791168538534e-05,3.78713813597169e-05,-9.27440810969902e-06,6.23574614959145e-06,2.18170335072111e-05,2.04295205045387e-05,-0,-5.07892014035838e-13,0,-0.000199611427271585,0,0
83.36,0,0,-8.59250627729045e-05,3.75345493207786e-05,-9.15030655588035e-06,6.17434701164105e-06,2.16329815525026e-05,2.02596791177561e-05,-0,-4.92881533113373e-13,0,-0.000197885396703134,0,0
83.38,0,0,-8.51777140758146e-05,3.72008380814297e-05,-9.02743659287993e-06,6.11259324346498e-06,2.1450809978893e-05,2.00915033292167e-05,-0,-4.78314680614836e-13,0,-0.000196174380058437,0,0
83.4,0,0,-8.44370086393965e-05,3.6870218398184e-05,-8.90580494606809e-06,6.05052140419635e-06,2.12704904021589e-05,1.99249685486992e-05,-0,-4.64178351246465e-13,0,-0.000194478243852022,0,0
83.42,0,0,-8.37028849231139e-05,3.65426612494487e-05,-8.78541761944533e-06,5.98816707390581e-06,2.10919949406002e-05,1.97600506383501e-05,-0,-4.50459798856471e-13,0,-0.000192796855835049,0,0
83.44,0,0,-8.29752819646414e-05,3.62181378358001e-05,-8.66627991509025e-06,5.9255648669367e-06,2.0915296208354e-05,1.95967259060217e-05,-0,-4.37146704197668e-13,0,-0.000191130084983699,0,0
83.46,0,0,-8.22541393754185e-05,3.58966195801996e-05,-8.54839645234028e-06,5.86274844530462e-06,2.07403673087112e-05,1.94349710986098e-05,-0,-4.24227066507261e-13,0,-0.000189477801487653,0,0
83.48,0,0,-8.15393973362001e-05,3.55780781281513e-05,-8.43177118670369e-06,5.79975053215246e-06,2.05671818274401e-05,1.92747633954467e-05,-0,-4.11689264493212e-13,0,-0.000187839876738664,0,0
83.5,0,0,-8.08309965926048e-05,3.5262485347802e-05,-8.31640742850217e-06,5.73660292525197e-06,2.03957138261187e-05,1.91160804017034e-05,-0,-3.99522008900401e-13,0,-0.000186216183319213,0,0
83.52,0,0,-8.01288784506615e-05,3.49498133299862e-05,-8.20230786124286e-06,5.67333651054327e-06,2.02259378354785e-05,1.89589001418431e-05,-0,-3.87714342510621e-13,0,-0.000184606594991259,0,0
83.54,0,0,-7.94329847723554e-05,3.46400343882157e-05,-8.08947455971938e-06,5.60998127570416e-06,2.00578288487642e-05,1.88032010530993e-05,-0,-3.76255646918847e-13,0,-0.00018301098668507,0,0
83.56,0,0,-7.87432579711753e-05,3.43331210586162e-05,-7.97790900784115e-06,5.54656632374109e-06,1.98913623151101e-05,1.86489619789878e-05,-0,-3.65135615428176e-13,0,-0.000181429234488155,0,0
83.58,0,0,-7.80596410076623e-05,3.40290460998122e-05,-7.86761211619081e-06,5.48311988659398e-06,1.97265141329369e-05,1.84961621628643e-05,-0,-3.54344239497303e-13,0,-0.000179861215634275,0,0
83.6,0,0,-7.73820773849613e-05,3.37277824927607e-05,-7.75858423930947e-06,5.41966933874755e-06,1.95632606433693e-05,1.83447812415157e-05,-0,-3.43871781635467e-13,0,-0.000178306808492544,0,0
83.62,0,0,-7.67105111443764e-05,3.34293034405351e-05,-7.65082519270962e-06,5.35624121084157e-06,1.94015786236799e-05,1.81947992388041e-05,-0,-3.33708829612558e-13,0,-0.000176765892556626,0,0
83.64,0,0,-7.60448868609314e-05,3.31335823680616e-05,-7.54433426961608e-06,5.29286120327329e-06,1.924144528076e-05,1.80461965593452e-05,-0,-3.23846242249008e-13,0,-0.000175238348434016,0,0
83.66,0,0,-7.53851496389354e-05,3.28405929218076e-05,-7.43911025743489e-06,5.22955419978504e-06,1.90828382446184e-05,1.78989539822276e-05,-0,-3.14275142639531e-13,0,-0.000173724057835406,0,0
83.68,0,0,-7.4731245107556e-05,3.2550308969425e-05,-7.33515145395072e-06,5.16634428103057e-06,1.89257355619121e-05,1.77530526547918e-05,-0,-3.04986911376856e-13,0,-0.000172222903564145,0,0
83.7,0,0,-7.40831194163989e-05,3.22627045993476e-05,-7.2324556832532e-06,5.10325473811365e-06,1.87701156895103e-05,1.76084740864475e-05,-0,-2.95973179775463e-13,0,-0.00017073476950579,0,0
83.72,0,0,-7.34407192310972e-05,3.19777541203463e-05,-7.13102031139281e-06,5.04030808609287e-06,1.86159574880925e-05,1.74652001425426e-05,-0,-2.87225856976641e-13,0,-0.000169259540617736,0,0
83.74,0,0,-7.28039917289091e-05,3.16954320610413e-05,-7.03084226176706e-06,4.97752607744678e-06,1.84632402157855e-05,1.73232130382872e-05,-0,-2.78737048633321e-13,0,-0.000167797102918942,0,0
83.76,0,0,-7.21728845943264e-05,3.14157131693726e-05,-6.93191803023783e-06,4.91492971549362e-06,1.83119435218377e-05,1.71824953327195e-05,-0,-2.70499124672714e-13,0,-0.000166347343479742,0,0
83.78,0,0,-7.15473460146934e-05,3.11385724120314e-05,-6.83424369998078e-06,4.85253926776015e-06,1.81620474403335e-05,1.70430299227333e-05,-0,-2.62504658309938e-13,0,-0.000164910150411747,0,0
83.8,0,0,-7.09273246758384e-05,3.08639849738518e-05,-6.73781495606795e-06,4.7903742792944e-06,1.80135323839513e-05,1.69048000371554e-05,-0,-2.54746473481865e-13,0,-0.000163485412857825,0,0
83.82,0,0,-7.03127697577167e-05,3.0591926257165e-05,-6.64262709978473e-06,4.72845358591718e-06,1.78663791377637e-05,1.67677892308837e-05,-0,-2.47217577084482e-13,0,-0.000162073020982182,0,0
83.84,0,0,-6.97036309300678e-05,3.03223718811167e-05,-6.54867506268244e-06,4.66679532740754e-06,1.77205688530839e-05,1.66319813790677e-05,-0,-2.39911192854211e-13,0,-0.000160672865960518,0,0
83.86,0,0,-6.9099858348086e-05,3.00552976809489e-05,-6.45595342036786e-06,4.60541696061745e-06,1.75760830413572e-05,1.64973606713648e-05,-0,-2.32820741039117e-13,0,-0.000159284839970277,0,0
83.88,0,0,-6.85014026481061e-05,2.97906797072471e-05,-6.36445640603129e-06,4.5443352725113e-06,1.7432903568102e-05,1.63639116062361e-05,-0,-2.25939851951438e-13,0,-0.00015790883618098,0,0
83.9,0,0,-6.79082149433044e-05,2.9528494225154e-05,-6.27417792371455e-06,4.48356639312586e-06,1.72910126468987e-05,1.6231618985313e-05,-0,-2.19262318533735e-13,0,-0.000156544748744648,0,0
83.92,0,0,-6.73202468194152e-05,2.92687177135509e-05,-6.18511156132063e-06,4.4231258084466e-06,1.71503928334295e-05,1.61004679078146e-05,-0,-2.1278213701648e-13,0,-0.000155192472786303,0,0
83.94,0,0,-6.67374503304653e-05,2.90113268642074e-05,-6.09725060336666e-06,4.36302837319646e-06,1.70110270195689e-05,1.59704437650353e-05,-0,-2.0649347303673e-13,0,-0.000153851904394564,0,0
83.96,0,0,-6.61597779945242e-05,2.8756298580901e-05,-6.01058804348205e-06,4.30328832353328e-06,1.68728984275284e-05,1.58415322348788e-05,-0,-2.00390668414398e-13,0,-0.000152522940612321,0,0
83.98,0,0,-6.55871827894735e-05,2.85036099785073e-05,-5.92511659665361e-06,4.24391928965232e-06,1.67359906040524e-05,1.5713719276468e-05,-0,-1.94468227599724e-13,0,-0.000151205479427498,0,0
84,0,0,-6.50196181487941e-05,2.82532383820618e-05,-5.84082871121958e-06,4.18493430829048e-06,1.66002874146708e-05,1.55869911248014e-05,-0,-1.88720824449533e-13,0,-0.000149899419763899,0,0
84.02,0,0,-6.44570379573725e-05,2.80051613257941e-05,-5.7577165806146e-06,4.12634583512887e-06,1.64657730380054e-05,1.54613342854846e-05,-0,-1.83143281898453e-13,0,-0.000148604661472134,0,0
84.04,0,0,-6.3899396547327e-05,2.77593565521358e-05,-5.67577215486768e-06,4.06816575709076e-06,1.6332431960134e-05,1.53367355295202e-05,-0,-1.77730578735172e-13,0,-0.000147321105320642,0,0
84.06,0,0,-6.33466486938537e-05,2.75158020107033e-05,-5.59498715185527e-06,4.01040540453188e-06,1.62002489690106e-05,1.52131818881521e-05,-0,-1.72477849602441e-13,0,-0.000146048652986776,0,0
84.08,0,0,-6.27987496110932e-05,2.72744758572552e-05,-5.5153530683116e-06,3.95307556332031e-06,1.60692091489434e-05,1.50906606477867e-05,-0,-1.67380351115756e-13,0,-0.000144787207047992,0,0
84.1,0,0,-6.22556549480183e-05,2.70353564526271e-05,-5.43686119059861e-06,3.89618648680333e-06,1.59392978751321e-05,1.49691593449708e-05,-0,-1.62433522849729e-13,0,-0.000143536670973108,0,0
84.12,0,0,-6.17173207843435e-05,2.67984223616429e-05,-5.35950260523765e-06,3.83974790765873e-06,1.58105008082633e-05,1.48486657614257e-05,-0,-1.57632885694134e-13,0,-0.000142296949113647,0,0
84.14,0,0,-6.1183703626456e-05,2.65636523520046e-05,-5.28326820920532e-06,3.78376904962824e-06,1.56828038891669e-05,1.47291679191629e-05,-0,-1.52974129945336e-13,0,-0.000141067946695265,0,0
84.16,0,0,-6.06547604033697e-05,2.63310253931613e-05,-5.20814871999587e-06,3.72825863913086e-06,1.55561933335311e-05,1.46106540756477e-05,-0,-1.4845306109618e-13,0,-0.000139849569809257,0,0
84.18,0,0,-6.01304484627017e-05,2.61005206551576e-05,-5.13413468545254e-06,3.67322491675397e-06,1.54306556266799e-05,1.44931127190354e-05,-0,-1.44065613388519e-13,0,-0.000138641725404146,0,0
84.2,0,0,-5.96107255666718e-05,2.58721175074636e-05,-5.0612164933703e-06,3.61867564862041e-06,1.53061775184104e-05,1.43765325634693e-05,-0,-1.39807822708161e-13,0,-0.000137444321277347,0,0
84.22,0,0,-5.90955498881262e-05,2.56457955177857e-05,-4.98938438087252e-06,3.56461813762952e-06,1.51827460178928e-05,1.4260902544444e-05,-0,-1.35675880794973e-13,0,-0.000136257266066922,0,0
84.24,0,0,-5.85848800065845e-05,2.54215344508602e-05,-4.91862844356412e-06,3.51105923457064e-06,1.50603483886317e-05,1.41462118142347e-05,-0,-1.31666053927726e-13,0,-0.0001350804692434,0,0
84.26,0,0,-5.80786749043116e-05,2.51993142672304e-05,-4.84893864446368e-06,3.45800534910735e-06,1.49389721434898e-05,1.40324497373861e-05,-0,-1.27774730357931e-13,0,-0.000133913841101687,0,0
84.28,0,0,-5.75768939624137e-05,2.49791151220073e-05,-4.78030482271719e-06,3.40546246063111e-06,1.48186050397747e-05,1.39196058862702e-05,-0,-1.23998413533583e-13,0,-0.000132757292753046,0,0
84.3,0,0,-5.70794969569595e-05,2.47609173636149e-05,-4.71271670209611e-06,3.35343612898291e-06,1.46992350743875e-05,1.38076700367132e-05,-0,-1.20333708546628e-13,0,-0.000131610736117165,0,0
84.32,0,0,-5.65864440551267e-05,2.45447015325222e-05,-4.64616389928221e-06,3.30193150504168e-06,1.45808504790361e-05,1.3696632163667e-05,-0,-1.16777308580441e-13,0,-0.000130474083914293,0,0
84.34,0,0,-5.6097695811374e-05,2.43304483599601e-05,-4.58063593194207e-06,3.25095334117844e-06,1.44634397155089e-05,1.35864824369743e-05,-0,-1.13326022014876e-13,0,-0.000129347249657454,0,0
84.36,0,0,-5.56132131636384e-05,2.41181387666261e-05,-4.51612222659384e-06,3.20050600157509e-06,1.43469914710151e-05,1.3477211217176e-05,-0,-1.09976724992425e-13,0,-0.000128230147644743,0,0
84.38,0,0,-5.51329574295592e-05,2.3907753861377e-05,-4.45261212626896e-06,3.15059347240697e-06,1.42314946535864e-05,1.33688090513867e-05,-0,-1.06726422404585e-13,0,-0.000127122692951694,0,0
84.4,0,0,-5.46568903027282e-05,2.36992749399097e-05,-4.39009489797157e-06,3.10121937188846e-06,1.41169383875421e-05,1.32612666692407e-05,-0,-1.03572180129227e-13,0,-0.00012602480142372,0,0
84.42,0,0,-5.41849738489656e-05,2.3492683483431e-05,-4.32855973993848e-06,3.05238696018072e-06,1.40033120090189e-05,1.31545749788955e-05,-0,-1.00511152135649e-13,0,-0.000124936389668637,0,0
84.44,0,0,-5.37171705026238e-05,2.32879611573174e-05,-4.26799578870227e-06,3.00409914916124e-06,1.38906050615627e-05,1.30487250631008e-05,-0,-9.75406008133645e-14,0,-0.000123857375049249,0,0
84.46,0,0,-5.3253443062917e-05,2.30850898097661e-05,-4.20839212596045e-06,2.9563585120544e-06,1.37788072917855e-05,1.29437081753284e-05,-0,-9.46578427619971e-14,0,-0.000122787675676023,0,0
84.48,0,0,-5.27937546902788e-05,2.2884051470436e-05,-4.14973778525333e-06,2.9091672929228e-06,1.36679086450843e-05,1.28395157359723e-05,-0,-9.18602826725963e-14,0,-0.000121727210399819,0,0
84.5,0,0,-5.23380689027461e-05,2.26848283490814e-05,-4.09202175845358e-06,2.86252741601895e-06,1.3557899261424e-05,1.27361393285977e-05,-0,-8.91453997751111e-14,0,-0.000120675898804708,0,0
84.52,0,0,-5.18863495723714e-05,2.24874028341775e-05,-4.03523300207e-06,2.81644049499708e-06,1.34487694711831e-05,1.26335706962656e-05,-0,-8.65107546146535e-14,0,-0.000119633661200857,0,0
84.54,0,0,-5.1438560921662e-05,2.22917574915396e-05,-3.9793604433686e-06,2.77090784198481e-06,1.33405097910627e-05,1.25318017379135e-05,-0,-8.3953975498971e-14,0,-0.000118600418617476,0,0
84.56,0,0,-5.0994667520047e-05,2.20978750629354e-05,-3.92439298631355e-06,2.72593047651475e-06,1.32331109200587e-05,1.24308245047953e-05,-0,-8.14727584984472e-14,0,-0.000117576092795855,0,0
84.58,0,0,-5.05546342803721e-05,2.19057384646916e-05,-3.87031951733095e-06,2.68150913431582e-06,1.31265637354954e-05,1.23306311969887e-05,-0,-7.90648742223649e-14,0,-0.000116560606182451,0,0
84.6,0,0,-5.01184264554228e-05,2.17153307862953e-05,-3.81712891089811e-06,2.63764427596447e-06,1.3020859289123e-05,1.22312141599553e-05,-0,-7.67281610426426e-14,0,-0.000115553881922063,0,0
84.62,0,0,-4.96860096344747e-05,2.15266352889913e-05,-3.76481003496135e-06,2.59433609539585e-06,1.29159888032764e-05,1.21325658811646e-05,-0,-7.44604979887806e-14,0,-0.00011455584385106,0,0
84.64,0,0,-4.92573497398728e-05,2.1339635404374e-05,-3.71335175618477e-06,2.55158452827517e-06,1.28119436670961e-05,1.20346789867846e-05,-0,-7.22598521817053e-14,0,-0.000113566416490692,0,0
84.66,0,0,-4.88324130236384e-05,2.11543147329772e-05,-3.66274294503318e-06,2.50938926022947e-06,1.27087154328111e-05,1.1937546238417e-05,-0,-7.01242517287155e-14,0,-0.000112585525040458,0,0
84.68,0,0,-4.84111660641045e-05,2.09706570428598e-05,-3.61297248069168e-06,2.46774973494009e-06,1.26062958120822e-05,1.18411605299089e-05,-0,-6.80517653946916e-14,0,-0.000111613095371549,0,0
84.7,0,0,-4.79935757625796e-05,2.07886462681893e-05,-3.56402925582479e-06,2.42666516209635e-06,1.25046766724073e-05,1.17455148842012e-05,-0,-6.60405229308859e-14,0,-0.000110649054020353,0,0
84.72,0,0,-4.75796093400394e-05,2.0608266507823e-05,-3.51590218117793e-06,2.38613452521071e-06,1.24038500335867e-05,1.16506024502637e-05,-0,-6.4088735403714e-14,0,-0.000109693328182029,0,0
84.74,0,0,-4.71692343338474e-05,2.04295020238884e-05,-3.46858019002394e-06,2.346156589296e-06,1.23038080642492e-05,1.15564165000552e-05,-0,-6.21946206558546e-14,0,-0.00010874584570415,0,0
84.76,0,0,-4.6762418594504e-05,2.0252337240361e-05,-3.42205224245746e-06,2.30672990840531e-06,1.22045430784371e-05,1.14629504255701e-05,-0,-6.0356491397677e-14,0,-0.000107806535080403,0,0
84.78,0,0,-4.6359130282423e-05,2.00767567416431e-05,-3.37630732953986e-06,2.2678528330351e-06,1.2106047532252e-05,1.13701977359173e-05,-0,-5.85726908327363e-14,0,-0.00010687532544436,0,0
84.8,0,0,-4.59593378647381e-05,1.99027452711411e-05,-3.33133447729748e-06,2.22952351739207e-06,1.20083140205587e-05,1.12781520544751e-05,-0,-5.68416062103009e-14,0,-0.000105952146563313,0,0
84.82,0,0,-4.55630101121365e-05,1.97302877298437e-05,-3.28712275057587e-06,2.19173992652481e-06,1.19113352737477e-05,1.11868071160826e-05,-0,-5.51616789897479e-14,0,-0.000105036928832171,0,0
84.84,0,0,-4.51701160957217e-05,1.95593691749003e-05,-3.24366125675278e-06,2.15449984332055e-06,1.18151041545569e-05,1.10961567643066e-05,-0,-5.35314048405629e-14,0,-0.000104129603267419,0,0
84.86,0,0,-4.47806251839044e-05,1.9389974818201e-05,-3.20093914931252e-06,2.1178008753683e-06,1.17196136549496e-05,1.10061949487405e-05,-0,-5.19493133135495e-14,0,-0.000103230101501142,0,0
84.88,0,0,-4.43945070393221e-05,1.92220900249573e-05,-3.15894563128442e-06,2.08164046168871e-06,1.16248568930511e-05,1.09169157223765e-05,-0,-5.04139746170928e-14,0,-0.00010233835577511,0,0
84.9,0,0,-4.40117316157863e-05,1.90557003122854e-05,-3.11766995854797e-06,2.04601587933202e-06,1.15308271101412e-05,1.08283132390148e-05,-0,-4.89240199459499e-14,0,-0.000101454298934923,0,0
84.92,0,0,-4.36322691552593e-05,1.88907913477908e-05,-3.07710144300738e-06,2.01092424984457e-06,1.1437517667703e-05,1.07403817507385e-05,-0,-4.74780940474054e-14,0,-0.000100577864424218,0,0
84.94,0,0,-4.3256090184858e-05,1.87273489481567e-05,-3.03722945563806e-06,1.97636254560525e-06,1.13449220445278e-05,1.06531156054328e-05,-0,-4.60748992669839e-14,0,-9.97089862789363e-05,0,0
84.96,0,0,-4.28831655138866e-05,1.85653590777336e-05,-2.99804342940767e-06,1.94232759603251e-06,1.12530338338753e-05,1.0566509244356e-05,-0,-4.47131786077918e-14,0,-9.88475991216502e-05,0,0
84.98,0,0,-4.25134662308974e-05,1.84048078471341e-05,-2.95953286207435e-06,1.90881609366325e-06,1.11618467406883e-05,1.04805571997637e-05,-0,-4.33917021779896e-14,0,-9.79936381559487e-05,0,0
85,0,0,-4.21469637007794e-05,1.82456815118298e-05,-2.92168731886462e-06,1.8758246001045e-06,1.10713545788611e-05,1.03952540925832e-05,-0,-4.21092841314512e-14,0,-9.71470391608812e-05,0,0
85.02,0,0,-4.17836295618753e-05,1.80879664707527e-05,-2.8844964350335e-06,1.84334955185898e-06,1.09815512685627e-05,1.03105946301323e-05,-0,-4.08647691152366e-14,0,-9.63077384854605e-05,0,0
85.04,0,0,-4.14234357231263e-05,1.79316492649008e-05,-2.8479499183094e-06,1.81138726602574e-06,1.08924308336118e-05,1.02265736038946e-05,-0,-3.96570356577235e-14,0,-9.54756730432214e-05,0,0
85.06,0,0,-4.10663543612444e-05,1.77767165759483e-05,-2.81203755122619e-06,1.77993394587699e-06,1.08039873989052e-05,1.01431858873372e-05,-0,-3.8484992780476e-14,0,-9.46507803068377e-05,0,0
85.08,0,0,-4.0712357917913e-05,1.76231552248604e-05,-2.77674919334504e-06,1.74898568631227e-06,1.07162151878978e-05,1.00604264337798e-05,-0,-3.73475867745075e-14,0,-9.38329983027944e-05,0,0
85.1,0,0,-4.03614190970146e-05,1.74709521705131e-05,-2.74207478336828e-06,1.71853847919121e-06,1.06291085201338e-05,9.97829027430698e-06,-0,-3.62438012002815e-14,0,-9.30222656061165e-05,0,0
85.12,0,0,-4.00135108618869e-05,1.73200945083192e-05,-2.70800434114795e-06,1.68858821854608e-06,1.05426618088291e-05,9.89677251572855e-06,-0,-3.51726365589201e-14,0,-9.22185213351521e-05,0,0
85.14,0,0,-3.9668606432605e-05,1.71705694688587e-05,-2.67452796959115e-06,1.65913070567535e-06,1.04568695585031e-05,9.81586833859117e-06,-0,-3.41331306209954e-14,0,-9.14217051464106e-05,0,0
85.16,0,0,-3.93266792832924e-05,1.70223644165158e-05,-2.64163585646477e-06,1.6301616541196e-06,1.03717263626614e-05,9.73557299522117e-06,-0,-3.31243414858698e-14,0,-9.06317572294551e-05,0,0
85.18,0,0,-3.89877031394579e-05,1.68754668481225e-05,-2.60931827610192e-06,1.60167669452098e-06,1.02872269015262e-05,9.65588180783061e-06,-0,-3.21453645223558e-14,0,-8.9848618301848e-05,0,0
85.2,0,0,-3.86516519753608e-05,1.67298643916072e-05,-2.57756559101217e-06,1.57367137936761e-06,1.02033659398157e-05,9.57679016664914e-06,-0,-3.119532220432e-14,0,-8.90722296041493e-05,0,0
85.22,0,0,-3.83185000114016e-05,1.65855448046513e-05,-2.54636825339823e-06,1.54614118762412e-06,1.01201383245711e-05,9.49829352811358e-06,-0,-3.02733641106834e-14,0,-8.83025328949686e-05,0,0
85.24,0,0,-3.79882217115413e-05,1.6442495973352e-05,-2.51571680658097e-06,1.51908152924985e-06,1.00375389830315e-05,9.4203874130861e-06,-0,-2.9378653372894e-14,0,-8.75394704460672e-05,0,0
85.26,0,0,-3.76607917807455e-05,1.63007059108918e-05,-2.48560188633534e-06,1.49248774960589e-06,9.95556292055369e-06,9.34306740512978e-06,-0,-2.85103802274544e-14,0,-8.67829850375131e-05,0,0
85.28,0,0,-3.73361851624566e-05,1.61601627562161e-05,-2.45601422213914e-06,1.46635513375236e-06,9.87420521857968e-06,9.2663291488133e-06,-0,-2.76677721803165e-14,0,-8.60330199528858e-05,0,0
85.3,0,0,-3.70143770360911e-05,1.60208547727172e-05,-2.42694463833696e-06,1.44067891063741e-06,9.79346103264872e-06,9.19016834806192e-06,-0,-2.6850066901828e-14,0,-8.52895189745324e-05,0,0
85.32,0,0,-3.66953428145645e-05,1.58827703469268e-05,-2.39838405522147e-06,1.41545425717918e-06,9.71332559045385e-06,9.11458076454797e-06,-0,-2.60565223911269e-14,0,-8.45524263788723e-05,0,0
85.34,0,0,-3.63790581418409e-05,1.57458979872159e-05,-2.37032349003403e-06,1.39067630224226e-06,9.6337941899431e-06,9.03956221611729e-06,-0,-2.52864339168012e-14,0,-8.38216869317521e-05,0,0
85.36,0,0,-3.60654988905092e-05,1.56102263225026e-05,-2.34275405788692e-06,1.36634013050988e-06,9.55486219746369e-06,8.96510857526097e-06,-0,-2.45391035237023e-14,0,-8.30972458838491e-05,0,0
85.38,0,0,-3.57546411593855e-05,1.54757441009679e-05,-2.31566697260904e-06,1.34244078625347e-06,9.47652504594939e-06,8.89121576762038e-06,-0,-2.3813860361736e-14,0,-8.23790489661221e-05,0,0
85.4,0,0,-3.544646127114e-05,1.53424401887803e-05,-2.28905354751734e-06,1.31897327700075e-06,9.39877823315002e-06,8.81787977052961e-06,-0,-2.31100539095988e-14,0,-8.16670423853115e-05,0,0
85.42,0,0,-3.51409357699505e-05,1.52103035688285e-05,-2.26290519611584e-06,1.29593257710403e-06,9.32161731990227e-06,8.74509661159713e-06,-0,-2.24270471985144e-14,0,-8.09611728194852e-05,0,0
85.44,0,0,-3.48380414191801e-05,1.50793233394623e-05,-2.23721343272426e-06,1.27331363120998e-06,9.24503792844205e-06,8.67286236732375e-06,-0,-2.17642303647608e-14,0,-8.02613874136318e-05,0,0
85.46,0,0,-3.45377551990808e-05,1.49494887132428e-05,-2.21196987303828e-06,1.25111135763229e-06,9.16903574075669e-06,8.60117316175404e-06,-0,-2.11210003208794e-14,0,-7.95676337753e-05,0,0
85.48,0,0,-3.42400543045216e-05,1.48207890157014e-05,-2.18716623462322e-06,1.22932065162887e-06,9.09360649697721e-06,8.53002516516514e-06,-0,-2.04967810844663e-14,0,-7.88798599702836e-05,0,0
85.5,0,0,-3.39449161427415e-05,1.46932136841071e-05,-2.16279433734322e-06,1.20793638858471e-06,9.01874599380945e-06,8.45941459278941e-06,-0,-1.98910136137761e-14,0,-7.81980145183514e-05,0,0
85.52,0,0,-3.36523183311269e-05,1.45667522662434e-05,-2.1388461037276e-06,1.18695342710216e-06,8.94445008300407e-06,8.38933770356778e-06,-0,-1.93031422551955e-14,0,-7.75220463890223e-05,0,0
85.54,0,0,-3.33622386950134e-05,1.44413944191944e-05,-2.11531355927642e-06,1.1663666119998e-06,8.87071466986395e-06,8.31979079894472e-06,-0,-1.87326486245608e-14,0,-7.68519049973845e-05,0,0
85.56,0,0,-3.30746552655122e-05,1.43171299081401e-05,-2.09218883270686e-06,1.14617077722158e-06,8.7975357117893e-06,8.25077022168336e-06,-0,-1.81790143377082e-14,0,-7.61875401999581e-05,0,0
85.58,0,0,-3.27895462773597e-05,1.41939486051604e-05,-2.06946415614242e-06,1.12636074865743e-06,8.72490921685902e-06,8.18227235472656e-06,-0,-1.76417413392648e-14,0,-7.55289022906009e-05,0,0
85.6,0,0,-3.25068901667917e-05,1.40718404880499e-05,-2.04713186524646e-06,1.10693134687702e-06,8.65283124244867e-06,8.11429362007911e-06,-0,-1.71203519026483e-14,0,-7.48759419964578e-05,0,0
85.62,0,0,-3.22266655694408e-05,1.39507956391408e-05,-2.02518439930203e-06,1.08787738977791e-06,8.58129789388333e-06,8.04683047772264e-06,-0,-1.66143716894083e-14,0,-7.42286104739513e-05,0,0
85.64,0,0,-3.19488513182572e-05,1.38308042441364e-05,-2.0036143012395e-06,1.06919369514966e-06,8.51030532312549e-06,7.97987942456686e-06,-0,-1.61233433017532e-14,0,-7.35868593048148e-05,0,0
85.66,0,0,-3.1673426441453e-05,1.37118565909539e-05,-1.98241421761381e-06,1.05087508315518e-06,8.43984972749711e-06,7.91343699342381e-06,-0,-1.56468296706822e-14,0,-7.29506404921664e-05,0,0
85.68,0,0,-3.14003701604695e-05,1.35939430685767e-05,-1.96157689853279e-06,1.03291637873098e-06,8.36992734843571e-06,7.84749975201244e-06,-0,-1.51843937271946e-14,0,-7.23199064566247e-05,0,0
85.7,0,0,-3.1129661887967e-05,1.34770541659171e-05,-1.94109519753846e-06,1.01531241390745e-06,8.30053447028296e-06,7.78206430199582e-06,-0,-1.47356288954757e-14,0,-7.16946100324635e-05,0,0
85.72,0,0,-3.08612812258378e-05,1.33611804706886e-05,-1.92096207144251e-06,9.98058030050853e-07,8.23166741910591e-06,7.71712727804219e-06,-0,-1.4300125211579e-14,0,-7.10747044638081e-05,0,0
85.74,0,0,-3.05952079632412e-05,1.32463126682876e-05,-1.90117058011784e-06,9.81148080028249e-07,8.16332256155044e-06,7.65268534691419e-06,-0,-1.38774930403488e-14,0,-7.04601434008699e-05,0,0
85.76,0,0,-3.0331422074661e-05,1.3132441540686e-05,-1.88171388624755e-06,9.64577430296862e-07,8.09549630372518e-06,7.58873520658803e-06,-0,-1.34673529110247e-14,0,-6.98508808962207e-05,0,0
85.78,0,0,-3.00699037179849e-05,1.30195579653328e-05,-1.86258525503282e-06,9.4834096291923e-07,8.0281850901171e-06,7.52527358539305e-06,-0,-1.30693321291099e-14,0,-6.92468714011055e-05,0,0
85.8,0,0,-2.98106332326059e-05,1.29076529140668e-05,-1.84377805386129e-06,9.32433577505561e-07,7.96138540253654e-06,7.46229724118384e-06,-0,-1.26830715526348e-14,0,-6.8648069761793e-05,0,0
85.82,0,0,-2.95535911375455e-05,1.27967174520384e-05,-1.82528575193727e-06,9.16850193084645e-07,7.89509375909184e-06,7.39980296053454e-06,-0,-1.23082323684204e-14,0,-6.8054431215965e-05,0,0
85.84,0,0,-2.92987581295978e-05,1.26867427366417e-05,-1.80710191987524e-06,9.01585749904726e-07,7.82930671319366e-06,7.33778755795606e-06,-0,-1.19444723751562e-14,0,-6.7465911389142e-05,0,0
85.86,0,0,-2.90461150814954e-05,1.25777200164576e-05,-1.78922022925803e-06,8.86635211165672e-07,7.76402085258664e-06,7.27624787513945e-06,-0,-1.15914561477949e-14,0,-6.68824662911461e-05,0,0
85.88,0,0,-2.87956430400964e-05,1.24696406302054e-05,-1.77163445216102e-06,8.71993564683801e-07,7.69923279840968e-06,7.21518078022568e-06,-0,-1.12488787544756e-14,0,-6.63040523126004e-05,0,0
85.9,0,0,-2.85473232245914e-05,1.23624960057064e-05,-1.75433846064374e-06,8.57655824490721e-07,7.6349392042835e-06,7.15458316709318e-06,-0,-1.09164250989419e-14,0,-6.57306262214648e-05,0,0
85.92,0,0,-2.83011370247325e-05,1.22562776588558e-05,-1.73732622621009e-06,8.436170323675e-07,7.57113675542469e-06,7.09445195467106e-06,-0,-1.05937936374645e-14,0,-6.51621451596067e-05,0,0
85.94,0,0,-2.80570659990813e-05,1.21509771926063e-05,-1.72059181923853e-06,8.29872259315507e-07,7.50782216778612e-06,7.03478408627774e-06,-0,-1.0280703155105e-14,0,-6.45985666394074e-05,0,0
85.96,0,0,-2.78150918732784e-05,1.20465862959609e-05,-1.70412940838352e-06,8.16416606965224e-07,7.44499218722319e-06,6.97557652897158e-06,-0,-9.97685888439771e-15,0,-6.40398485404035e-05,0,0
85.98,0,0,-2.75751965383321e-05,1.19430967429764e-05,-1.68793325994932e-06,8.03245208924332e-07,7.38264358868495e-06,6.9168262729339e-06,-0,-9.68199993919491e-15,0,-6.3485949105962e-05,0,0
86,0,0,-2.73373620489272e-05,1.18405003917767e-05,-1.67199773723748e-06,7.90353232066371e-07,7.3207731754301e-06,6.85853033086626e-06,-0,-9.39585526895347e-15,0,-6.29368269399904e-05,0,0
86.02,0,0,-2.71015706217536e-05,1.17387891835762e-05,-1.65631729986914e-06,7.7773587776124e-07,7.25937777826706e-06,6.80068573740981e-06,-0,-9.1181673756574e-15,0,-6.23924410036796e-05,0,0
86.04,0,0,-2.68678046338539e-05,1.16379551417139e-05,-1.64088650308321e-06,7.65388383048816e-07,7.19845425481764e-06,6.74328954858308e-06,-0,-8.84868214942255e-15,0,-6.18527506122804e-05,0,0
86.06,0,0,-2.66360466209909e-05,1.1537990370697e-05,-1.62569999701178e-06,7.53306021756939e-07,7.13799948880374e-06,6.68633884124158e-06,-0,-8.58716242102368e-15,0,-6.13177154319129e-05,0,0
86.08,0,0,-2.64062792760332e-05,1.14388870552548e-05,-1.61075252593358e-06,7.41484105565006e-07,7.07801038935684e-06,6.62983071255357e-06,-0,-8.33337440936735e-15,0,-6.07872954764082e-05,0,0
86.1,0,0,-2.61784854473605e-05,1.13406374594025e-05,-1.59603892750676e-06,7.29917985014408e-07,7.0184838903493e-06,6.57376227949573e-06,-0,-8.0870877214919e-15,0,-6.02614511041823e-05,0,0
86.12,0,0,-2.59526481372872e-05,1.12432339255159e-05,-1.58155413198202e-06,7.18603050467018e-07,6.95941694974762e-06,6.51813067836712e-06,-0,-7.84807874069926e-15,0,-5.97401430151416e-05,0,0
86.14,0,0,-2.57287505005041e-05,1.11466688734145e-05,-1.567293161397e-06,7.07534733012948e-07,6.90080654898644e-06,6.46293306431932e-06,-0,-7.61613062655493e-15,0,-5.92233322476198e-05,0,0
86.16,0,0,-2.55067758425386e-05,1.10509347994567e-05,-1.55325112875304e-06,6.96708505328743e-07,6.84264969236357e-06,6.40816661090505e-06,-0,-7.39104009115157e-15,0,-5.8710980175346e-05,0,0
86.18,0,0,-2.52867076182333e-05,1.09560242756427e-05,-1.53942323717533e-06,6.86119882487211e-07,6.78494340645481e-06,6.35382850964118e-06,-0,-7.17260384658185e-15,0,-5.8203048504443e-05,0,0
86.2,0,0,-2.50685294302416e-05,1.08619299487293e-05,-1.52580477905723e-06,6.75764422720035e-07,6.72768473954892e-06,6.29991596959242e-06,-0,-6.9606219930702e-15,0,-5.76994992704563e-05,0,0
86.22,0,0,-2.48522250275414e-05,1.07686445393531e-05,-1.51239113518988e-06,6.65637728134338e-07,6.67087076110154e-06,6.24642621696349e-06,-0,-6.75490140710465e-15,0,-5.72002948354123e-05,0,0
86.24,0,0,-2.46377783039665e-05,1.06761608411648e-05,-1.49917777387788e-06,6.55735445384301e-07,6.61449856120765e-06,6.1933564947177e-06,-0,-6.55526590583218e-15,0,-5.67053978849072e-05,0,0
86.26,0,0,-2.44251732967547e-05,1.05844717199722e-05,-1.48616025004201e-06,6.46053266298991e-07,6.55856525009321e-06,6.14070406219687e-06,-0,-6.36152914200439e-15,0,-5.62147714252238e-05,0,0
86.28,0,0,-2.42143941851129e-05,1.04935701128937e-05,-1.4733342043098e-06,6.36586928467489e-07,6.50306795762386e-06,6.08846619476819e-06,-0,-6.17351832090003e-15,0,-5.57283787804783e-05,0,0
86.3,0,0,-2.40054252887998e-05,1.0403449027521e-05,-1.46069536209486e-06,6.27332215782411e-07,6.44800383283145e-06,6.03664018347628e-06,-0,-5.99106403592967e-15,0,-5.52461835897948e-05,0,0
86.32,0,0,-2.37982510667242e-05,1.03141015410922e-05,-1.44823953266567e-06,6.18284958942895e-07,6.39337004345755e-06,5.98522333471686e-06,-0,-5.81400026863563e-15,0,-5.47681498045084e-05,0,0
86.34,0,0,-2.35928561155607e-05,1.02255207996734e-05,-1.43596260820476e-06,6.0944103591814e-07,6.33916377551367e-06,5.93421296991725e-06,-0,-5.64217116495562e-15,0,-5.42942416853959e-05,0,0
86.36,0,0,-2.33892251683809e-05,1.01377000173512e-05,-1.42386056285902e-06,6.00796372372515e-07,6.28538223285759e-06,5.88360642523171e-06,-0,-5.47541748269556e-15,0,-5.38244237999348e-05,0,0
86.38,0,0,-2.31873430933011e-05,1.00506324754334e-05,-1.41192945178183e-06,5.92346942053303e-07,6.23202263678542e-06,5.83340105125477e-06,-0,-5.31359522625442e-15,0,-5.3358661019588e-05,0,0
86.4,0,0,-2.29871948921459e-05,9.96431152166005e-06,-1.40016541016784e-06,5.84088767142074e-07,6.17908222563914e-06,5.78359421273674e-06,-0,-5.15655362376757e-15,0,-5.28969185171171e-05,0,0
86.42,0,0,-2.27887656991274e-05,9.8787305694236e-06,-1.38856465228105e-06,5.76017918570711e-07,6.12655825442895e-06,5.73418328832255e-06,-0,-5.00415545589758e-15,0,-5.24391617639211e-05,0,0
86.44,0,0,-2.25920407795394e-05,9.79388309699826e-06,-1.37712347047696e-06,5.68130516303066e-07,6.07444799447068e-06,5.68516567029215e-06,-0,-4.85626011517519e-15,0,-5.19853565274016e-05,0,0
86.46,0,0,-2.23970055284682e-05,9.70976264677883e-06,-1.36583823421938e-06,5.60422729583238e-07,6.0227487330366e-06,5.63653876432079e-06,-0,-4.71273715852653e-15,0,-5.15354688683545e-05,0,0
86.48,0,0,-2.22036454695168e-05,9.62636282452858e-06,-1.35470538909259e-06,5.52890777151412e-07,5.97145777302097e-06,5.5882999892438e-06,-0,-4.57345444881182e-15,0,-5.10894651383865e-05,0,0
86.5,0,0,-2.20119462535459e-05,9.54367729863642e-06,-1.34372145580957e-06,5.45530927428231e-07,5.92057243261822e-06,5.54044677683602e-06,-0,-4.43829001328666e-15,0,-5.06473119773577e-05,0,0
86.52,0,0,-2.18218936574279e-05,9.46169979938302e-06,-1.33288302921676e-06,5.38339498668605e-07,5.87009004501486e-06,5.49297657159865e-06,-0,-4.30711679700897e-15,0,-5.02089763108486e-05,0,0
86.54,0,0,-2.16334735828171e-05,9.38042411821598e-06,-1.3221867772961e-06,5.31312859085899e-07,5.82000795809362e-06,5.44588683055938e-06,-0,-4.17982468569559e-15,0,-4.97744253476528e-05,0,0
86.56,0,0,-2.14466720549328e-05,9.29984410703402e-06,-1.31162944016486e-06,5.24447426947378e-07,5.77032353415021e-06,5.39917502307889e-06,-0,-4.05629170660213e-15,0,-4.93436265772928e-05,0,0
86.58,0,0,-2.12614752213579e-05,9.2199536774799e-06,-1.30120782907384e-06,5.1773967064182e-07,5.72103414962208e-06,5.35283863066985e-06,-0,-3.93640943951133e-15,0,-4.89165477675611e-05,0,0
86.6,0,0,-2.10778693508508e-05,9.14074680024228e-06,-1.2909188254045e-06,5.11186108720145e-07,5.67213719482883e-06,5.30687514682325e-06,-0,-3.82006946420595e-15,0,-4.8493156962085e-05,0,0
86.62,0,0,-2.08958408321713e-05,9.06221750436622e-06,-1.2807593796655e-06,5.04783309909943e-07,5.62363007372393e-06,5.26128207684271e-06,-0,-3.70717013673232e-15,0,-4.80734224779145e-05,0,0
86.64,0,0,-2.07153761729208e-05,8.9843598765724e-06,-1.27072651048926e-06,4.9852789310472e-07,5.57551020365738e-06,5.21605693768961e-06,-0,-3.59760642500498e-15,0,-4.76573129031343e-05,0,0
86.66,0,0,-2.05364619983946e-05,8.90716806058487e-06,-1.26081730362895e-06,4.92416527328707e-07,5.5277750151492e-06,5.17119725783553e-06,-0,-3.49128007320204e-15,0,-4.7244797094498e-05,0,0
86.68,0,0,-2.03590850504493e-05,8.8306362564674e-06,-1.25102891095641e-06,4.86445931678033e-07,5.48042195167318e-06,5.12670057712209e-06,-0,-3.38809790769931e-15,0,-4.68358441750858e-05,0,0
86.7,0,0,-2.01832321863825e-05,8.75475871996816e-06,-1.2413585494615e-06,4.80612875239077e-07,5.43344846945064e-06,5.08256444662876e-06,-0,-3.2879650608067e-15,0,-4.64304235319846e-05,0,0
86.72,0,0,-2.0008890377825e-05,8.67952976187285e-06,-1.2318035002533e-06,4.74914176984767e-07,5.38685203725409e-06,5.03878642854735e-06,-0,-3.19079005296589e-15,0,-4.60285048139903e-05,0,0
86.74,0,0,-1.9836046709647e-05,8.60494374736609e-06,-1.22236110756359e-06,4.69346705649607e-07,5.34063013622004e-06,4.99536409606793e-06,-0,-3.09648818088218e-15,0,-4.56300579293317e-05,0,0
86.76,0,0,-1.96646883788764e-05,8.53099509540102e-06,-1.21302877775303e-06,4.6390737958418e-07,5.29478025967122e-06,4.95229503326508e-06,-0,-3.00497304719493e-15,0,-4.5235053043417e-05,0,0
86.78,0,0,-1.94948026936294e-05,8.45767827807702e-06,-1.2038039783205e-06,4.58593166589882e-07,5.24929991294766e-06,4.90957683499507e-06,-0,-2.91616333674121e-15,0,-4.48434605766012e-05,0,0
86.8,0,0,-1.93263770720539e-05,8.38498782002554e-06,-1.19468423691583e-06,4.53401083734603e-07,5.20418661324599e-06,4.8672071067991e-06,-0,-2.82997604029219e-15,0,-4.44552512019749e-05,0,0
86.82,0,0,-1.91593990412849e-05,8.31291829780382e-06,-1.18566714035651e-06,4.48328197150068e-07,5.15943788946745e-06,4.82518346481251e-06,-0,-2.74633831301441e-15,0,-4.4070395843174e-05,0,0
86.84,0,0,-1.8993856236412e-05,8.24146433929662e-06,-1.17675033364859e-06,4.43371621811547e-07,5.11505128207363e-06,4.78350353567753e-06,-0,-2.66517222787671e-15,0,-4.36888656722105e-05,0,0
86.86,0,0,-1.88297363994588e-05,8.17062062312568e-06,-1.16793151901213e-06,4.38528521300611e-07,5.07102434295007e-06,4.74216495646728e-06,-0,-2.58640494004564e-15,0,-4.33106321073238e-05,0,0
86.88,0,0,-1.86670273783739e-05,8.10038187806695e-06,-1.15920845491161e-06,4.33796107551616e-07,5.02735463527727e-06,4.70116537460947e-06,-0,-2.50996529875362e-15,0,-4.29356668108516e-05,0,0
86.9,0,0,-1.85057171260337e-05,8.03074288247554e-06,-1.1505789550915e-06,4.29171640582556e-07,4.98403973340907e-06,4.66050244781866e-06,-0,-2.43578384729898e-15,0,-4.25639416871219e-05,0,0
86.92,0,0,-1.83457936992564e-05,7.96169846371814e-06,-1.14204088761746e-06,4.24652428210953e-07,4.94107722275783e-06,4.62017384403314e-06,-0,-2.36379621117774e-15,0,-4.2195428880364e-05,0,0
86.94,0,0,-1.81872452578274e-05,7.89324349761306e-06,-1.13359217392326e-06,4.20235825755399e-07,4.8984646996865e-06,4.58017724135549e-06,-0,-2.2939329336882e-15,0,-4.18301007726396e-05,0,0
86.96,0,0,-1.80300600635359e-05,7.82537290787761e-06,-1.12523078786388e-06,4.1591923572337e-07,4.85619977140693e-06,4.54051032800102e-06,-0,-2.22613811065586e-15,0,-4.14679299817931e-05,0,0
86.98,0,0,-1.78742264792222e-05,7.75808166558286e-06,-1.11695475477497e-06,4.11700107485923e-07,4.81428005588478e-06,4.50117080224547e-06,-0,-2.16034567351083e-15,0,-4.11088893594209e-05,0,0
87,0,0,-1.77197329678362e-05,7.69136478861567e-06,-1.10876215053892e-06,4.07575936939869e-07,4.7727031817501e-06,4.46215637238205e-06,-0,-2.0964963299468e-15,0,-4.075295198886e-05,0,0
87.02,0,0,-1.75665680915065e-05,7.62521734114788e-06,-1.10065110065783e-06,4.03544266157979e-07,4.73146678821389e-06,4.42346475668138e-06,-0,-2.03453756392104e-15,0,-4.04000911831952e-05,0,0
87.04,0,0,-1.74147205106194e-05,7.55963443311259e-06,-1.0926197793336e-06,3.99602683027831e-07,4.69056852499039e-06,4.38509368335129e-06,-0,-1.97440838906136e-15,0,-4.00502804832845e-05,0,0
87.06,0,0,-1.72641789829096e-05,7.49461121968752e-06,-1.08466640855531e-06,3.9574882087981e-07,4.65000605222434e-06,4.34704089050711e-06,-0,-1.91605628932501e-15,0,-3.97034936558031e-05,0,0
87.08,0,0,-1.71149323625598e-05,7.43014290078524e-06,-1.07678925719418e-06,3.91980358104827e-07,4.60977704042368e-06,4.30930412614126e-06,-0,-1.85942705460337e-15,0,-3.93597046913057e-05,0,0
87.1,0,0,-1.69669695993115e-05,7.36622472055031e-06,-1.06898664010627e-06,3.88295017762271e-07,4.56987917039711e-06,4.27188114809506e-06,-0,-1.80447325105141e-15,0,-3.90188878023062e-05,0,0
87.12,0,0,-1.68202797375849e-05,7.30285196686316e-06,-1.06125691724311e-06,3.84690567178722e-07,4.53031013319634e-06,4.23476972403897e-06,-0,-1.75114236262638e-15,0,-3.86810174213755e-05,0,0
87.14,0,0,-1.66748519156097e-05,7.24001997085071e-06,-1.05359849277042e-06,3.81164817537921e-07,4.49106763006317e-06,4.19796763145094e-06,-0,-1.69938864954915e-15,0,-3.83460681992563e-05,0,0
87.16,0,0,-1.65306753645641e-05,7.17772410640359e-06,-1.04600981419517e-06,3.77715623462495e-07,4.45214937238037e-06,4.16147265759979e-06,-0,-1.64916298390876e-15,0,-3.80140150029963e-05,0,0
87.18,0,0,-1.63877394077253e-05,7.11595978969991e-06,-1.03848937150103e-06,3.74340882587909e-07,4.41355308162736e-06,4.12528259953154e-06,-0,-1.60042131999195e-15,0,-3.76848329140967e-05,0,0
87.2,0,0,-1.62460334596276e-05,7.05472247873546e-06,-1.03103569629242e-06,3.7103853512912e-07,4.37527648933938e-06,4.0893952640576e-06,-0,-1.55312130615138e-15,0,-3.73584972266795e-05,0,0
87.22,0,0,-1.61055470252314e-05,6.99400767286031e-06,-1.02364736094735e-06,3.67806563440387e-07,4.33731733707069e-06,4.05380846774682e-06,-0,-1.50721889667377e-15,0,-3.70349834456702e-05,0,0
87.24,0,0,-1.59662696991002e-05,6.93381091232175e-06,-1.01632297777906e-06,3.64642991568683e-07,4.29967337636152e-06,4.01852003691811e-06,-0,-1.46267343397767e-15,0,-3.6714267284998e-05,0,0
87.26,0,0,-1.58281911645874e-05,6.87412777781339e-06,-1.00906119820669e-06,3.61545884801145e-07,4.26234236870832e-06,3.9835278076359e-06,-0,-1.41944256641571e-15,0,-3.63963246658112e-05,0,0
87.28,0,0,-1.56913011930316e-05,6.81495389003045e-06,-1.00186071193505e-06,3.58513349206984e-07,4.22532208553722e-06,3.94882962570858e-06,-0,-1.37749071860409e-15,0,-3.60811317147101e-05,0,0
87.3,0,0,-1.55555896429615e-05,6.75628490923107e-06,-9.94720246143605e-07,3.5554353117426e-07,4.1886103081809e-06,3.91442334668801e-06,-0,-1.33678062109316e-15,0,-3.57686647619949e-05,0,0
87.32,0,0,-1.54210464593082e-05,6.69811653480367e-06,-9.87638564684755e-07,3.52634616941932e-07,4.15220482785829e-06,3.88030683587111e-06,-0,-1.29727161630143e-15,0,-3.545890033993e-05,0,0
87.34,0,0,-1.52876616726276e-05,6.64044450484019e-06,-9.80614467291553e-07,3.49784832127574e-07,4.11610344565707e-06,3.84647796830282e-06,-0,-1.25893151697691e-15,0,-3.51518151810235e-05,0,0
87.36,0,0,-1.51554253983301e-05,6.58326459571513e-06,-9.73646788794878e-07,3.46992441251126e-07,4.08030397251903e-06,3.81293462878206e-06,-0,-1.22172474773582e-15,0,-3.48473862163226e-05,0,0
87.38,0,0,-1.50243278359194e-05,6.52657262167042e-06,-9.66734398350184e-07,3.44255747255061e-07,4.04480422922782e-06,3.7796747118661e-06,-0,-1.18561912132616e-15,0,-3.45455905737242e-05,0,0
87.4,0,0,-1.48943592682388e-05,6.47036443440591e-06,-9.5987619867387e-07,3.41573091021322e-07,4.00960204639913e-06,3.74669612188059e-06,-0,-1.15057906236414e-15,0,-3.42464055763004e-05,0,0
87.42,0,0,-1.47655100607267e-05,6.4146359226755e-06,-9.53071125289351e-07,3.38942850885376e-07,3.97469526447321e-06,3.71399677292699e-06,-0,-1.11657407766367e-15,0,-3.39498087406392e-05,0,0
87.44,0,0,-1.46377706606791e-05,6.35938301188878e-06,-9.46318145782866e-07,3.36363442147729e-07,3.94008173370947e-06,3.68157458889333e-06,-0,-1.08357536810454e-15,0,-3.36557777752001e-05,0,0
87.46,0,0,-1.45111315965204e-05,6.30460166371814e-06,-9.39616259069081e-07,3.33833316583226e-07,3.90575931418313e-06,3.64942750346563e-06,-0,-1.05155074643475e-15,0,-3.33642905786843e-05,0,0
87.48,0,0,-1.43855834770824e-05,6.25028787571127e-06,-9.32964494666525e-07,3.3135096194846e-07,3.87172587578369e-06,3.61755346013969e-06,-0,-1.02047310759999e-15,0,-3.3075325238419e-05,0,0
87.5,0,0,-1.42611169908902e-05,6.19643768090892e-06,-9.26361911982894e-07,3.28914901487599e-07,3.83797929821532e-06,3.58595041223456e-06,-0,-9.90313652480049e-16,0,-3.27888600287568e-05,0,0
87.52,0,0,-1.41377229054564e-05,6.14304714746795e-06,-9.19807599610255e-07,3.26523693436935e-07,3.8045174709987e-06,3.5546163229056e-06,-0,-9.61043581954729e-16,0,-3.25048734094887e-05,0,0
87.54,0,0,-1.40153920665823e-05,6.09011237828952e-06,-9.13300674630162e-07,3.24175930528429e-07,3.77133829347447e-06,3.52354916516091e-06,-0,-9.32640873167398e-16,0,-3.22233440242714e-05,0,0
87.56,0,0,-1.38941153976669e-05,6.03762951065238e-06,-9.06840281928717e-07,3.21870239492566e-07,3.73843967480827e-06,3.49274692187429e-06,-0,-9.05076726997849e-16,0,-3.19442506990686e-05,0,0
87.58,0,0,-1.37738838990228e-05,5.98559471585113e-06,-9.00425593521572e-07,3.19605280560767e-07,3.70581953399678e-06,3.4622075858023e-06,-0,-8.78327426523558e-16,0,-3.16675724406055e-05,0,0
87.6,0,0,-1.36546886471995e-05,5.93400419883948e-06,-8.94055807888892e-07,3.17379746967629e-07,3.67347579987527e-06,3.43192915959992e-06,-0,-8.52370948887897e-16,0,-3.13932884348377e-05,0,0
87.62,0,0,-1.35365207943139e-05,5.88285419787841e-06,-8.87730149320262e-07,3.15192364453261e-07,3.64140641112608e-06,3.40190965583741e-06,-0,-8.27180189036554e-16,0,-3.1121378045433e-05,0,0
87.64,0,0,-1.34193715673874e-05,5.83214098418903e-06,-8.81447867269559e-07,3.13041890765948e-07,3.60960931628823e-06,3.37214709701676e-06,-0,-8.027331241129e-16,0,-3.08518208122668e-05,0,0
87.66,0,0,-1.33032322676903e-05,5.78186086161027e-06,-8.75208235719748e-07,3.10927115165396e-07,3.57808247376785e-06,3.34263951558928e-06,-0,-7.79007731260307e-16,0,-3.05845964499304e-05,0,0
87.68,0,0,-1.31880942700927e-05,5.73201016626123e-06,-8.69010552557623e-07,3.08846857926773e-07,3.54682385184954e-06,3.3133849539724e-06,-0,-7.55983681688041e-16,0,-3.03196848462526e-05,0,0
87.7,0,0,-1.30739490224222e-05,5.68258526620808e-06,-8.62854138958445e-07,3.06799969845797e-07,3.51583142870847e-06,3.28438146456725e-06,-0,-7.33640646605367e-16,0,-3.00570660608342e-05,0,0
87.72,0,0,-1.29607880448286e-05,5.63358256113556e-06,-8.56738338780468e-07,3.04785331745052e-07,3.48510319242302e-06,3.25562710977612e-06,-0,-7.11958297221552e-16,0,-2.97967203235952e-05,0,0
87.74,0,0,-1.28486029291544e-05,5.58499848202288e-06,-8.50662517969331e-07,3.02801853981772e-07,3.45463714098815e-06,3.22711996201877e-06,-0,-6.9091630474586e-16,0,-2.95386280333346e-05,0,0
87.76,0,0,-1.27373853383121e-05,5.53682949082407e-06,-8.44626063972272e-07,3.00848475957264e-07,3.4244312823292e-06,3.19885810375185e-06,-0,-6.70496034453454e-16,0,-2.92827697563028e-05,0,0
87.78,0,0,-1.26271270056682e-05,5.48907208015262e-06,-8.38628385162133e-07,2.98924165628194e-07,3.39448363431611e-06,3.17083962748354e-06,-0,-6.50678851619492e-16,0,-2.90291262247864e-05,0,0
87.8,0,0,-1.25178197344328e-05,5.44172277297046e-06,-8.32668910271131e-07,2.97027919019898e-07,3.364792224778e-06,3.14306263579259e-06,-0,-6.3144781558503e-16,0,-2.87776783357053e-05,0,0
87.82,0,0,-1.2409455397056e-05,5.39477812228107e-06,-8.26747087834326e-07,2.951587597419e-07,3.33535509151803e-06,3.11552524134406e-06,-0,-6.12787679757018e-16,0,-2.85284071492217e-05,0,0
87.84,0,0,-1.23020259346298e-05,5.34823471082678e-06,-8.20862385642766e-07,2.93315738505819e-07,3.30617028232849e-06,3.08822556690505e-06,-0,-5.94676421278827e-16,0,-2.82812938873614e-05,0,0
87.86,0,0,-1.21955233562964e-05,5.30208915079012e-06,-8.15014290206244e-07,2.91497932645827e-07,3.27723585500599e-06,3.0611617453625e-06,-0,-5.771004876233e-16,0,-2.80363199326469e-05,0,0
87.88,0,0,-1.20899397386626e-05,5.25633808349921e-06,-8.0920230622562e-07,2.89704445641803e-07,3.24854987736682e-06,3.03433191973738e-06,-0,-5.60044632197387e-16,0,-2.77934668267422e-05,0,0
87.9,0,0,-1.19852672252195e-05,5.21097817913709e-06,-8.03425956074652e-07,2.87934406645356e-07,3.22011042726227e-06,3.00773424320021e-06,-0,-5.43491914342144e-16,0,-2.75527162691094e-05,0,0
87.92,0,0,-1.18814980257684e-05,5.16600613645499e-06,-7.97684779291276e-07,2.86186970008842e-07,3.1919155925938e-06,2.98136687908763e-06,-0,-5.27430475596308e-16,0,-2.73140501156768e-05,0,0
87.94,0,0,-1.17786244158522e-05,5.12141868248935e-06,-7.91978332078275e-07,2.84461314817525e-07,3.16396347132844e-06,2.95522800091346e-06,-0,-5.11843375300934e-16,0,-2.70774503775182e-05,0,0
87.96,0,0,-1.16766387361926e-05,5.07721257228267e-06,-7.86306186813271e-07,2.82756644425017e-07,3.13625217151368e-06,2.92931579238555e-06,-0,-4.96715366862972e-16,0,-2.68428992195437e-05,0,0
87.98,0,0,-1.15755333921327e-05,5.03338458860813e-06,-7.80667931567976e-07,2.81072185992108e-07,3.10877981129239e-06,2.90362844741758e-06,-0,-4.82036285887055e-16,0,-2.66103789592022e-05,0,0
88,0,0,-1.1475300853085e-05,4.98993154169773e-06,-7.75063169636632e-07,2.79407190029135e-07,3.0815445189175e-06,2.87816417014093e-06,-0,-4.67790038747185e-16,0,-2.63798720651938e-05,0,0
88.02,0,0,-1.13759336519852e-05,4.94685026897417e-06,-7.69491519073566e-07,2.77760929941969e-07,3.05454443276627e-06,2.85292117491873e-06,-0,-4.53964766982101e-16,0,-2.61513611561943e-05,0,0
88.04,0,0,-1.12774243847507e-05,4.9041376347862e-06,-7.63952612239786e-07,2.76132701581763e-07,3.02777770135422e-06,2.82789768635546e-06,-0,-4.40547765097592e-16,0,-2.59248289995901e-05,0,0
88.06,0,0,-1.11797657097449e-05,4.86179053014746e-06,-7.58446095358548e-07,2.74521822798542e-07,3.00124248334883e-06,2.80309193930763e-06,-0,-4.27527174632399e-16,0,-2.57002585102239e-05,0,0
88.08,0,0,-1.10829503472463e-05,4.81980587247883e-06,-7.52971628079809e-07,2.72927632998743e-07,2.97493694758274e-06,2.77850217889566e-06,-0,-4.14892831191154e-16,0,-2.54776327491512e-05,0,0
88.1,0,0,-1.09869710789232e-05,4.77818060535403e-06,-7.4752888305349e-07,2.71349492706802e-07,2.94885927306643e-06,2.75412666050963e-06,-0,-4.02630335213754e-16,0,-2.52569349224069e-05,0,0
88.12,0,0,-1.0891820747313e-05,4.73691169824866e-06,-7.42117545511468e-07,2.69786783130868e-07,2.92300764900047e-06,2.72996364982094e-06,-0,-3.90730369337778e-16,0,-2.50381483797832e-05,0,0
88.14,0,0,-1.07974922553064e-05,4.69599614629246e-06,-7.36737312858204e-07,2.68238905732727e-07,2.89738027478727e-06,2.70601142278812e-06,-0,-3.7918276916786e-16,0,-2.48212566136171e-05,0,0
88.16,0,0,-1.07039785656374e-05,4.65543097002482e-06,-7.31387894269941e-07,2.66705281802026e-07,2.87197536004221e-06,2.68226826566397e-06,-0,-3.67976523275686e-16,0,-2.46062432575884e-05,0,0
88.18,0,0,-1.06112727003767e-05,4.61521321515341e-06,-7.26069010302365e-07,2.65185352034855e-07,2.84679112460415e-06,2.65873247500187e-06,-0,-3.5710062023294e-16,0,-2.43930920855283e-05,0,0
88.2,0,0,-1.05193677404315e-05,4.57533995231598e-06,-7.20780392506654e-07,2.6367857611677e-07,2.82182579854541e-06,2.63540235766016e-06,-0,-3.46545742677205e-16,0,-2.41817870102372e-05,0,0
88.22,0,0,-1.04282568250486e-05,4.53580827684517e-06,-7.15521783053823e-07,2.62184432310305e-07,2.79707762218101e-06,2.61227623080816e-06,-0,-3.36303420279006e-16,0,-2.39723120823129e-05,0,0
88.24,0,0,-1.03379331513235e-05,4.49661530853644e-06,-7.10292934367269e-07,2.60702417047057e-07,2.77254484607733e-06,2.58935242192706e-06,-0,-3.26364335675924e-16,0,-2.37646514889895e-05,0,0
88.26,0,0,-1.02483899737126e-05,4.45775819141883e-06,-7.0509360876343e-07,2.59232044524374e-07,2.74822573105997e-06,2.56662926881464e-06,-0,-3.16720018538486e-16,0,-2.35587895529843e-05,0,0
88.28,0,0,-1.01596206035518e-05,4.41923409352874e-06,-6.99923578100466e-07,2.57772846306713e-07,2.72411854822088e-06,2.54410511958603e-06,-0,-3.07358610405432e-16,0,-2.33547107313561e-05,0,0
88.3,0,0,-1.00716184085777e-05,4.38104020668657e-06,-6.94782623434865e-07,2.56324370931715e-07,2.70022157892486e-06,2.52177833267377e-06,-0,-2.98275876112024e-16,0,-2.31523996143722e-05,0,0
88.32,0,0,-9.98437681245449e-06,4.34317374627614e-06,-6.89670534685875e-07,2.5488618352103e-07,2.67653311481517e-06,2.49964727682904e-06,-0,-2.89459957197001e-16,0,-2.29518409243849e-05,0,0
88.34,0,0,-9.89788929430511e-06,4.30563195102694e-06,-6.8458711030768e-07,2.53457865395947e-07,2.65305145781836e-06,2.47771033111983e-06,-0,-2.80904924429733e-16,0,-2.27530195147182e-05,0,0
88.36,0,0,-9.81214938824606e-06,4.26841208279909e-06,-6.79532156969208e-07,2.52039013697847e-07,2.62977492014844e-06,2.45596588492901e-06,-0,-2.72602307480746e-16,0,-2.25559203685626e-05,0,0
88.38,0,0,-9.72715068292716e-06,4.23151142637095e-06,-6.74505489241485e-07,2.50629241013535e-07,2.60670182431006e-06,2.43441233795101e-06,-0,-2.6454617711941e-16,0,-2.23605285978803e-05,0,0
88.4,0,0,-9.6428868210752e-06,4.19492728922949e-06,-6.69506929292433e-07,2.49228175005452e-07,2.58383050310092e-06,2.41304810018847e-06,-0,-2.56727215983306e-16,0,-2.21668294423189e-05,0,0
88.42,0,0,-9.55935149904192e-06,4.15865700136314e-06,-6.6453630658901e-07,2.47835458046812e-07,2.56115929961334e-06,2.39187159194688e-06,-0,-2.49140341874749e-16,0,-2.19748082681348e-05,0,0
88.44,0,0,-9.47653846635594e-06,4.12269791505724e-06,-6.59593457606611e-07,2.46450746861686e-07,2.53868656723497e-06,2.3708812438294e-06,-0,-2.4177623743132e-16,0,-2.17844505671244e-05,0,0
88.46,0,0,-9.39444152527891e-06,4.08704740469203e-06,-6.54678225545598e-07,2.45073712170031e-07,2.51641066964858e-06,2.35007549672972e-06,-0,-2.3463151452123e-16,0,-2.15957419555657e-05,0,0
88.48,0,0,-9.3130545303656e-06,4.05170286654309e-06,-6.49790460054899e-07,2.43704038337712e-07,2.49432998083108e-06,2.32945280182377e-06,-0,-2.27696855782059e-16,0,-2.14086681731677e-05,0,0
88.5,0,0,-9.23237138802792e-06,4.0166617185842e-06,-6.44930016962543e-07,2.42341423031497e-07,2.47244288505147e-06,2.30901162056268e-06,-0,-2.20968026049071e-16,0,-2.12232150820292e-05,0,0
88.52,0,0,-9.152386056103e-06,3.98192140029264e-06,-6.40096758013054e-07,2.40985576879056e-07,2.4507477768681e-06,2.28875042466139e-06,-0,-2.1443740202574e-16,0,-2.10393686656056e-05,0,0
88.54,0,0,-9.07309254342497e-06,3.94747937245678e-06,-6.35290550611588e-07,2.39636223133969e-07,2.42924306112489e-06,2.26866769608961e-06,-0,-2.08099054481437e-16,0,-2.0857115027685e-05,0,0
88.56,0,0,-8.99448490940065e-06,3.91333311698604e-06,-6.30511267574724e-07,2.38293097345735e-07,2.40792715294665e-06,2.24876192705861e-06,-0,-2.01947901218476e-16,0,-2.06764403913723e-05,0,0
88.58,0,0,-8.91655726358905e-06,3.8794801367231e-06,-6.25758786887805e-07,2.3695594703479e-07,2.38679847773352e-06,2.2290316200111e-06,-0,-1.95979707072122e-16,0,-2.0497331098082e-05,0,0
88.6,0,0,-8.83930376528454e-06,3.84591795525833e-06,-6.21032991468726e-07,2.35624531372542e-07,2.36585547115453e-06,2.2094752876052e-06,-0,-1.90187695778797e-16,0,-2.03197736065395e-05,0,0
88.62,0,0,-8.76271862310374e-06,3.81264411674645e-06,-6.16333768938074e-07,2.342986208664e-07,2.34509657914008e-06,2.1900914527022e-06,-0,-1.84566785140818e-16,0,-2.01437544917904e-05,0,0
88.64,0,0,-8.68679609457602e-06,3.77965618572534e-06,-6.11661011395513e-07,2.32977997049808e-07,2.32452025787372e-06,2.17087864835035e-06,-0,-1.791118929605e-16,0,-1.99692604442181e-05,0,0
88.66,0,0,-8.61153048573768e-06,3.74695174693698e-06,-6.07014615202327e-07,2.31662452177267e-07,2.3041249737828e-06,2.15183541776857e-06,-0,-1.73818784073108e-16,0,-1.97962782685696e-05,0,0
88.68,0,0,-8.53691615072961e-06,3.71452840515049e-06,-6.02394480769999e-07,2.30351788924332e-07,2.28390920352832e-06,2.13296031432972e-06,-0,-1.6868152924801e-16,0,-1.96247948829896e-05,0,0
88.7,0,0,-8.46294749139849e-06,3.68238378498719e-06,-5.97800512354757e-07,2.29045820092582e-07,2.26387143399382e-06,2.11425190154253e-06,-0,-1.63696740353419e-16,0,-1.94547973180623e-05,0,0
88.72,0,0,-8.38961895690151e-06,3.65051553074773e-06,-5.93232617857956e-07,2.27744368319532e-07,2.24401016227335e-06,2.09570875303229e-06,-0,-1.58858488158702e-16,0,-1.9286272715861e-05,0,0
88.74,0,0,-8.31692504331448e-06,3.6189213062412e-06,-5.88690708632224e-07,2.26447265793486e-07,2.22432389565852e-06,2.07732945252129e-06,-0,-1.54163384532072e-16,0,-1.91192083290061e-05,0,0
88.76,0,0,-8.24486029324335e-06,3.58759879461615e-06,-5.84174699293251e-07,2.251543539733e-07,2.20481115162459e-06,2.05911259380813e-06,-0,-1.49608041341738e-16,0,-1.89535915197307e-05,0,0
88.78,0,0,-8.17341929543909e-06,3.55654569819358e-06,-5.79684507537147e-07,2.23865483313039e-07,2.18547045781572e-06,2.04105678074587e-06,-0,-1.45185682324123e-16,0,-1.87894097589535e-05,0,0
88.8,0,0,-8.10259668441592e-06,3.52575973830184e-06,-5.75220053963245e-07,2.22580512991504e-07,2.16630035202925e-06,2.02316062721945e-06,-0,-1.40894613413333e-16,0,-1.86266506253599e-05,0,0
88.82,0,0,-8.03238714007275e-06,3.49523865511331e-06,-5.7078126190227e-07,2.21299310646608e-07,2.14729938219908e-06,2.00542275712274e-06,-0,-1.36730599444631e-16,0,-1.84653018044907e-05,0,0
88.84,0,0,-7.962785387318e-06,3.46498020748298e-06,-5.66368057249778e-07,2.20021752114566e-07,2.12846610637822e-06,1.9878418043337e-06,-0,-1.32688558220333e-16,0,-1.8305351087838e-05,0,0
88.86,0,0,-7.89378619569744e-06,3.43498217278881e-06,-5.61980368304754e-07,2.18747721173881e-07,2.10979909272032e-06,1.97041641269013e-06,-0,-1.28767642707493e-16,0,-1.81467863719485e-05,0,0
88.88,0,0,-7.82538437902541e-06,3.40524234677383e-06,-5.57618125613288e-07,2.17477109294096e-07,2.09129691946042e-06,1.95314523596267e-06,-0,-1.2496192367548e-16,0,-1.79895956575349e-05,0,0
88.9,0,0,-7.75757479501902e-06,3.37575854339003e-06,-5.53281261817226e-07,2.16209815389268e-07,2.07295817489481e-06,1.93602693782884e-06,-0,-1.21268860025451e-16,0,-1.7833767048594e-05,0,0
88.92,0,0,-7.69035234493555e-06,3.34652859464389e-06,-5.48969711507708e-07,2.14945745576155e-07,2.05478145735988e-06,1.91906019184535e-06,-0,-1.17685063625618e-16,0,-1.76792887515321e-05,0,0
88.94,0,0,-7.62371197321286e-06,3.3175503504437e-06,-5.44683411083491e-07,2.13684812937053e-07,2.03676537521032e-06,1.90224368141931e-06,-0,-1.14207146344192e-16,0,-1.75261490742981e-05,0,0
88.96,0,0,-7.55764866711292e-06,3.28882167844839e-06,-5.40422298613974e-07,2.12426937287281e-07,2.01890854679629e-06,1.88557609977943e-06,-0,-1.10831720049383e-16,0,-1.73743364255231e-05,0,0
88.98,0,0,-7.49215745636823e-06,3.26034046391813e-06,-5.3618631370682e-07,2.11172044947251e-07,2.0012096004398e-06,1.86905614994616e-06,-0,-1.07556243642351e-16,0,-1.7223839313668e-05,0,0
89,0,0,-7.42723341283132e-06,3.23210460956642e-06,-5.319753973801e-07,2.09920068519094e-07,1.98366717441029e-06,1.85268254470077e-06,-0,-1.04378176024253e-16,0,-1.7074646346177e-05,0,0
89.02,0,0,-7.36287165012715e-06,3.20411203541383e-06,-5.27789491938852e-07,2.08670946667821e-07,1.9662799168993e-06,1.83645400655364e-06,-0,-1.01293282030353e-16,0,-1.6926746228639e-05,0,0
89.04,0,0,-7.29906732330839e-06,3.17636067864322e-06,-5.23628540855975e-07,2.07424623906945e-07,1.94904648599441e-06,1.82036926771265e-06,-0,-9.82990205618088e-17,0,-1.67801277639556e-05,0,0
89.06,0,0,-7.23581562851361e-06,3.14884849345658e-06,-5.19492488657366e-07,2.06181050388558e-07,1.93196554965228e-06,1.80442707004973e-06,-0,-9.53945445856738e-17,0,-1.66347798515159e-05,0,0
89.08,0,0,-7.17311180262837e-06,3.12157345093322e-06,-5.15381280811211e-07,2.04940181697801e-07,1.91503578567095e-06,1.78862616506743e-06,-0,-9.25747719042642e-17,0,-1.64906914863782e-05,0,0
89.1,0,0,-7.11095112294901e-06,3.09453353888962e-06,-5.11294863621341e-07,2.03701978651692e-07,1.89825588166136e-06,1.7729653138644e-06,-0,-8.98388554846329e-17,0,-1.63478517584584e-05,0,0
89.12,0,0,-7.04932890684934e-06,3.06772676174055e-06,-5.07233184124575e-07,2.02466407102268e-07,1.88162453501802e-06,1.75744328710021e-06,-0,-8.71842542279379e-17,0,-1.62062498517252e-05,0,0
89.14,0,0,-6.98824051145003e-06,3.04115114036174e-06,-5.03196189991947e-07,2.01233437743997e-07,1.86514045288902e-06,1.74205886496049e-06,-0,-8.46075800023903e-17,0,-1.60658750434017e-05,0,0
89.16,0,0,-6.92768133329076e-06,3.01480471195387e-06,-4.99183829433752e-07,2.00003045925417e-07,1.8488023521452e-06,1.72681083711925e-06,-0,-8.21079857750429e-17,0,-1.59267167031741e-05,0,0
89.18,0,0,-6.86764680800508e-06,2.98868552990805e-06,-4.9519605110831e-07,1.98775211464953e-07,1.83260895934864e-06,1.71169800270245e-06,-0,-7.9680389348212e-17,0,-1.57887642924059e-05,0,0
89.2,0,0,-6.80813240999792e-06,2.96279166367252e-06,-4.91232804034379e-07,1.97549918470874e-07,1.81655901072032e-06,1.69671917025051e-06,-0,-7.73247907218978e-17,0,-1.56520073633601e-05,0,0
89.22,0,0,-6.74913365212577e-06,2.93712119862078e-06,-4.87294037507122e-07,1.9632715516533e-07,1.80065125210723e-06,1.68187315767996e-06,-0,-7.50394958302057e-17,0,-1.55164355584264e-05,0,0
89.24,0,0,-6.69064608537948e-06,2.91167223592101e-06,-4.83379701017558e-07,1.95106913712438e-07,1.78488443894868e-06,1.66715879224426e-06,-0,-7.28211165413467e-17,0,-1.53820386093554e-05,0,0
89.26,0,0,-6.63266529856969e-06,2.8864428924068e-06,-4.79489744175403e-07,1.93889190050361e-07,1.76925733624187e-06,1.65257491049432e-06,-0,-7.06696528553208e-17,0,-1.52488063364992e-05,0,0
89.28,0,0,-6.57518691801476e-06,2.8614313004491e-06,-4.75624116635244e-07,1.92673983727329e-07,1.75376871850687e-06,1.63812035823862e-06,-0,-6.85808696073917e-17,0,-1.51167286480583e-05,0,0
89.3,0,0,-6.51820660723133e-06,2.83663560782952e-06,-4.71782768025935e-07,1.91461297741559e-07,1.73841736975093e-06,1.6237939905026e-06,-0,-6.65539197646121e-17,0,-1.49857955393341e-05,0,0
89.32,0,0,-6.46172006662734e-06,2.81205397761476e-06,-4.67965647883174e-07,1.9025113838503e-07,1.72320208343206e-06,1.60959467148726e-06,-0,-6.45879562940349e-17,0,-1.48559970919882e-05,0,0
89.34,0,0,-6.40572303319758e-06,2.78768458803231e-06,-4.64172705585154e-07,1.89043515091045e-07,1.70812166242209e-06,1.59552127452731e-06,-0,-6.26787440309237e-17,0,-1.4727323473308e-05,0,0
89.36,0,0,-6.35021128022172e-06,2.76352563234735e-06,-4.60403890291231e-07,1.87838440285556e-07,1.69317491896899e-06,1.58157268204968e-06,-0,-6.08262829752786e-17,0,-1.45997649354774e-05,0,0
89.38,0,0,-6.29518061696475e-06,2.73957531874082e-06,-4.56659150883527e-07,1.86635929242182e-07,1.67836067465869e-06,1.5677477855299e-06,-0,-5.90288790612049e-17,0,-1.44733118148543e-05,0,0
89.4,0,0,-6.24062688837991e-06,2.71583187018864e-06,-4.52938435911395e-07,1.85435999940877e-07,1.66367776037624e-06,1.55404548544918e-06,-0,-5.72831441569138e-17,0,-1.43479545312541e-05,0,0
89.42,0,0,-6.18654597481396e-06,2.69229352434207e-06,-4.49241693538677e-07,1.84238672930208e-07,1.64912501626637e-06,1.54046469125107e-06,-0,-5.55907723282997e-17,0,-1.42236835872386e-05,0,0
89.44,0,0,-6.13293379171486e-06,2.66895853340919e-06,-4.45568871493678e-07,1.83043971193168e-07,1.63470129169358e-06,1.52700432129667e-06,-0,-5.39475284106264e-17,0,-1.41004895674112e-05,0,0
89.46,0,0,-6.07978628934184e-06,2.64582516403755e-06,-4.41919917021792e-07,1.81851920016499e-07,1.62040544520154e-06,1.51366330282015e-06,-0,-5.23525653709465e-17,0,-1.39783631377177e-05,0,0
89.48,0,0,-6.02709945247774e-06,2.6228916971978e-06,-4.38294776840702e-07,1.80662546863464e-07,1.60623634447207e-06,1.50044057188437e-06,-0,-5.08058832092602e-17,0,-1.38572950447532e-05,0,0
89.5,0,0,-5.97486930014372e-06,2.60015642806847e-06,-4.34693397098097e-07,1.79475881250006e-07,1.59219286628354e-06,1.48733507333429e-06,-0,-4.93049408267256e-17,0,-1.3737276115074e-05,0,0
89.52,0,0,-5.92309188531624e-06,2.57761766592183e-06,-4.31115723331824e-07,1.78291954624271e-07,1.57827389646875e-06,1.474345760752e-06,-0,-4.78471971245009e-17,0,-1.36182972545162e-05,0,0
89.54,0,0,-5.87176329464634e-06,2.55527373401069e-06,-4.2756170043243e-07,1.77110800249411e-07,1.56447832987234e-06,1.46147159640992e-06,-0,-4.64334991355335e-17,0,-1.35003494475189e-05,0,0
89.56,0,0,-5.82087964818111e-06,2.53312296945633e-06,-4.24031272607995e-07,1.7593245308964e-07,1.55080507030774e-06,1.44871155122447e-06,-0,-4.50608822445079e-17,0,-1.33834237564541e-05,0,0
89.58,0,0,-5.77043709908747e-06,2.51116372313741e-06,-4.20524383351233e-07,1.74756949699492e-07,1.53725303051357e-06,1.43606460470909e-06,-0,-4.37293464514241e-17,0,-1.32675113209609e-05,0,0
89.6,0,0,-5.72043183337809e-06,2.48939435957984e-06,-4.17040975408764e-07,1.73584328116204e-07,1.52382113210967e-06,1.42352974492644e-06,-0,-4.24371976903877e-17,0,-1.31526033572862e-05,0,0
89.62,0,0,-5.67086006963959e-06,2.46781325684767e-06,-4.13580990752507e-07,1.72414627755212e-07,1.51050830555264e-06,1.41110596844112e-06,-0,-4.11831654119777e-17,0,-1.30386911576306e-05,0,0
89.64,0,0,-5.62171805876282e-06,2.44641880643497e-06,-4.10144370553141e-07,1.71247889308678e-07,1.49731349009098e-06,1.39879228027165e-06,-0,-3.99659790667733e-17,0,-1.29257660894994e-05,0,0
89.66,0,0,-5.57300208367532e-06,2.42520941315857e-06,-4.06731055155556e-07,1.70084154647011e-07,1.48423563371982e-06,1.38658769384166e-06,-0,-3.87843681053535e-17,0,-1.28138195950592e-05,0,0
89.68,0,0,-5.52470845907599e-06,2.40418349505189e-06,-4.0334098405625e-07,1.68923466723332e-07,1.47127369313518e-06,1.3744912309324e-06,-0,-3.76374854947712e-17,0,-1.27028431905001e-05,0,0
89.7,0,0,-5.47683353117174e-06,2.38333948325954e-06,-3.99974095882606e-07,1.67765869480828e-07,1.45842663368802e-06,1.36250192163259e-06,-0,-3.65253312350263e-17,0,-1.25928284654023e-05,0,0
89.72,0,0,-5.42937367741637e-06,2.36267582193296e-06,-3.96630328373995e-07,1.66611407762954e-07,1.44569342933771e-06,1.35061880428983e-06,-0,-3.54457877437507e-17,0,-1.24837670821095e-05,0,0
89.74,0,0,-5.38232530625143e-06,2.34219096812687e-06,-3.93309618364641e-07,1.65460127226415e-07,1.43307306260527e-06,1.33884092546133e-06,-0,-3.43984315044708e-17,0,-1.23756507751056e-05,0,0
89.76,0,0,-5.3356848568492e-06,2.32188339169669e-06,-3.90011901768207e-07,1.64312074256902e-07,1.42056452452627e-06,1.32716733986362e-06,-0,-3.3381568451292e-17,0,-1.2268471350398e-05,0,0
89.78,0,0,-5.28944879885772e-06,2.30175157519676e-06,-3.86737113564035e-07,1.63167295887514e-07,1.40816681460332e-06,1.31559711032389e-06,-0,-3.23947750677407e-17,0,-1.21622206849057e-05,0,0
89.8,0,0,-5.24361363214775e-06,2.2817940137795e-06,-3.8348518778499e-07,1.62025839719826e-07,1.39587894075828e-06,1.30412930772863e-06,-0,-3.14376278373434e-17,0,-1.20568907258519e-05,0,0
89.82,0,0,-5.1981758865619e-06,2.26200921509535e-06,-3.80256057506858e-07,1.60887753847551e-07,1.38369991928429e-06,1.29276301097404e-06,-0,-3.05084326942054e-17,0,-1.19524734901622e-05,0,0
89.84,0,0,-5.15313212166558e-06,2.24239569919362e-06,-3.7704965483925e-07,1.59753086782748e-07,1.37162877479728e-06,1.28149730691515e-06,-0,-2.96067661218532e-17,0,-1.18489610638679e-05,0,0
89.86,0,0,-5.10847892650008e-06,2.22295199842411e-06,-3.73865910917945e-07,1.58621887384535e-07,1.35966454018741e-06,1.27033129031569e-06,-0,-2.87317810873395e-17,0,-1.17463456015137e-05,0,0
89.88,0,0,-5.06421291933747e-06,2.20367665733963e-06,-3.70704755898645e-07,1.57494204790237e-07,1.34780625657011e-06,1.2592640637967e-06,-0,-2.78826305577171e-17,0,-1.16446193255707e-05,0,0
89.9,0,0,-5.02033074743757e-06,2.18456823259923e-06,-3.67566118952082e-07,1.56370088348954e-07,1.33605297323694e-06,1.24829473778586e-06,-0,-2.7058043983565e-17,0,-1.15437745258545e-05,0,0
89.92,0,0,-4.97682908680673e-06,2.16562529287229e-06,-3.6444992826042e-07,1.55249587557472e-07,1.32440374760626e-06,1.23742243046652e-06,-0,-2.62584448813569e-17,0,-1.14438035589473e-05,0,0
89.94,0,0,-4.93370464195861e-06,2.14684641874342e-06,-3.61356111014931e-07,1.54132751998492e-07,1.31285764517354e-06,1.22664626772611e-06,-0,-2.5482562701672e-17,0,-1.13446988476261e-05,0,0
89.96,0,0,-4.89095414567684e-06,2.12823020261807e-06,-3.58284593414868e-07,1.53019631281111e-07,1.30141373946159e-06,1.21596538310492e-06,-0,-2.47295504115629e-17,0,-1.12464528802942e-05,0,0
89.98,0,0,-4.84857435877947e-06,2.10977524862896e-06,-3.55235300667522e-07,1.51910274983529e-07,1.29007111197049e-06,1.20537891774473e-06,-0,-2.39981374616088e-17,0,-1.11490582104186e-05,0,0
90,0,0,-4.80656206988543e-06,2.09148017254326e-06,-3.52208156989385e-07,1.5080473259792e-07,1.27882885212745e-06,1.19488602033729e-06,-0,-2.3289170884757e-17,0,-1.10525074559717e-05,0,0
90.02,0,0,-4.76491409518271e-06,2.07334360167051e-06,-3.49203085608412e-07,1.49703053477428e-07,1.26768605723633e-06,1.18448584707238e-06,-0,-2.26005330986392e-17,0,-1.09567932988772e-05,0,0
90.04,0,0,-4.72362727819846e-06,2.05536417477128e-06,-3.46220008767313e-07,1.48605286785249e-07,1.25664183242722e-06,1.17417756158649e-06,-0,-2.19326476197292e-17,0,-1.08619084844614e-05,0,0
90.06,0,0,-4.68269848957085e-06,2.03754054196659e-06,-3.43258847727839e-07,1.47511481445741e-07,1.24569529060565e-06,1.16396033491063e-06,-0,-2.12842438986061e-17,0,-1.07678458209086e-05,0,0
90.08,0,0,-4.64212462682279e-06,2.01987136464801e-06,-3.40319522776037e-07,1.4642168609753e-07,1.23484555240182e-06,1.15383334541912e-06,-0,-2.06548984187961e-17,0,-1.06745981787209e-05,0,0
90.1,0,0,-4.60190261413739e-06,2.0023553153885e-06,-3.37401953228414e-07,1.45335949048564e-07,1.22409174611959e-06,1.14379577877705e-06,-0,-2.0045034696773e-17,0,-1.05821584901833e-05,0,0
90.12,0,0,-4.56202940213522e-06,1.98499107785394e-06,-3.34506057438985e-07,1.44254318233071e-07,1.21343300768548e-06,1.13384682788874e-06,-0,-1.94525351501686e-17,0,-1.04905197488322e-05,0,0
90.14,0,0,-4.52250196765335e-06,1.96777734671539e-06,-3.31631752807164e-07,1.43176841170378e-07,1.20286848059743e-06,1.12398569284593e-06,-0,-1.88778232954566e-17,0,-1.03996750089289e-05,0,0
90.16,0,0,-4.48331731352608e-06,1.95071282756202e-06,-3.28778955786455e-07,1.42103564925549e-07,1.19239731587355e-06,1.11421158087556e-06,-0,-1.8319628583216e-17,0,-1.0309617384938e-05,0,0
90.18,0,0,-4.44447246836749e-06,1.9337962368147e-06,-3.25947581893918e-07,1.41034536071806e-07,1.18201867200082e-06,1.10452370628832e-06,-0,-1.77783745299205e-17,0,-1.0220340051009e-05,0,0
90.2,0,0,-4.40596448635562e-06,1.91702630164028e-06,-3.23137545720369e-07,1.39969800654686e-07,1.17173171488363e-06,1.09492129042625e-06,-0,-1.72527905861492e-17,0,-1.01318362404632e-05,0,0
90.22,0,0,-4.36779044701844e-06,1.90040175986656e-06,-3.20348760941274e-07,1.38909404157884e-07,1.16153561779232e-06,1.08540356161096e-06,-0,-1.67424532354285e-17,0,-1.00440992452843e-05,0,0
90.24,0,0,-4.32994745502144e-06,1.88392135989791e-06,-3.17581140328317e-07,1.37853391470768e-07,1.15142956131163e-06,1.07596975509218e-06,-0,-1.6247785994232e-17,0,-9.95712241561408e-06,0,0
90.26,0,0,-4.29243263995698e-06,1.86758386063148e-06,-3.14834595761595e-07,1.36801806857496e-07,1.14141273328919e-06,1.0666191129956e-06,-0,-1.57675183131388e-17,0,-9.87089915925105e-06,0,0
90.28,0,0,-4.25524315613521e-06,1.85138803137416e-06,-3.12109038242422e-07,1.35754693927719e-07,1.13148432878388e-06,1.05735088427098e-06,-0,-1.53016501921489e-17,0,-9.78542294115452e-06,0,0
90.3,0,0,-4.21837618237677e-06,1.8353326517601e-06,-3.09404377906695e-07,1.34712095608813e-07,1.12164355001424e-06,1.04816432464074e-06,-0,-1.48493345983151e-17,0,-9.70068728295211e-06,0,0
90.32,0,0,-4.18182892180699e-06,1.81941651166888e-06,-3.06720524038805e-07,1.3367405411962e-07,1.11188960630685e-06,1.03905869654823e-06,-0,-1.44105715316374e-17,0,-9.61668576245164e-06,0,0
90.34,0,0,-4.14559860165186e-06,1.80363841114431e-06,-3.04057385086061e-07,1.32640610945641e-07,1.10222171404471e-06,1.03003326910601e-06,-0,-1.39845139591685e-17,0,-9.53341201315707e-06,0,0
90.36,0,0,-4.10968247303551e-06,1.78799716031385e-06,-3.01414868673592e-07,1.31611806815661e-07,1.09263909661565e-06,1.02108731804478e-06,-0,-1.3571585397382e-17,0,-9.45085972378853e-06,0,0
90.38,0,0,-4.07407781077934e-06,1.77249157930864e-06,-2.98792881619702e-07,1.30587681679757e-07,1.08314098436074e-06,1.01222012566131e-06,-0,-1.31705152968571e-17,0,-9.36902263780635e-06,0,0
90.4,0,0,-4.03878191320278e-06,1.75712049818413e-06,-2.96191329951654e-07,1.29568274688658e-07,1.07372661452271e-06,1.00343098076782e-06,-0,-1.27808801411201e-17,0,-9.28789455293915e-06,0,0
90.42,0,0,-4.00379210192555e-06,1.74188275684131e-06,-2.9361011892185e-07,1.28553624174422e-07,1.06439523119447e-06,9.94719178640311e-07,-0,-1.24031034466447e-17,0,-9.2074693207158e-06,0,0
90.44,0,0,-3.96910572167153e-06,1.72677720494854e-06,-2.91049153024393e-07,1.27543767632388e-07,1.05514608526763e-06,9.86084020967689e-07,-0,-1.20363381804836e-17,0,-9.12774084600143e-06,0,0
90.46,0,0,-3.93472014007425e-06,1.71180270186394e-06,-2.88508336011983e-07,1.26538741704384e-07,1.04597843438106e-06,9.77524815800879e-07,-0,-1.16805843426368e-17,0,-9.04870308653724e-06,0,0
90.48,0,0,-3.90063274748377e-06,1.69695811655842e-06,-2.85987570913152e-07,1.25538582163129e-07,1.03689154286958e-06,9.69040877501811e-07,-0,-1.13354184166307e-17,0,-8.97035005248431e-06,0,0
90.5,0,0,-3.86684095677528e-06,1.68224232753921e-06,-2.8348676004979e-07,1.24543323897833e-07,1.02788468171265e-06,9.60631526692747e-07,-0,-1.10004168859916e-17,0,-8.89267580597114e-06,0,0
90.52,0,0,-3.83334220315907e-06,1.66765422277403e-06,-2.81005805054948e-07,1.23553000900922e-07,1.01895712848323e-06,9.52296090205836e-07,-0,-1.06755797507196e-17,0,-8.81567446064504e-06,0,0
90.54,0,0,-3.80013394399213e-06,1.65319269961579e-06,-2.78544606890899e-07,1.22567646255887e-07,1.01010816729659e-06,9.44033901032633e-07,-0,-1.03596364613937e-17,0,-8.73934018122736e-06,0,0
90.56,0,0,-3.76721365859113e-06,1.63885666472782e-06,-2.76103065867429e-07,1.2158729212621e-07,1.00133708875937e-06,9.35844298273843e-07,-0,-1.00534340509613e-17,0,-8.6636671830724e-06,0,0
90.58,0,0,-3.734578848047e-06,1.62464503400973e-06,-2.7368108166034e-07,1.20611969745331e-07,9.92643189918645e-07,9.27726627089232e-07,-0,-9.75612548647503e-18,0,-8.58864973173005e-06,0,0
90.6,0,0,-3.70222703504093e-06,1.61055673252378e-06,-2.71278553330138e-07,1.1964170940764e-07,9.8402577421115e-07,9.19680238647806e-07,-0,-9.46813428440857e-18,0,-8.51428214251221e-06,0,0
90.62,0,0,-3.67015576366185e-06,1.59659069442173e-06,-2.68895379340902e-07,1.1867654046045e-07,9.75484151412594e-07,9.11704490077785e-07,-0,-9.18861341181465e-18,0,-8.44055878006274e-06,0,0
90.64,0,0,-3.63836259922536e-06,1.58274586287238e-06,-2.66531457579297e-07,1.1771649129693e-07,9.67017637587104e-07,9.03798744417227e-07,-0,-8.91671583574602e-18,0,-8.36747405793119e-06,0,0
90.66,0,0,-3.60684512809413e-06,1.56902118998948e-06,-2.64186685373713e-07,1.16761589349955e-07,9.58625555036826e-07,8.95962370564862e-07,-0,-8.65371210562356e-18,0,-8.29502243815001e-06,0,0
90.68,0,0,-3.57560095749967e-06,1.5554156367603e-06,-2.61860959513535e-07,1.15811861086868e-07,9.50307232251649e-07,8.88194743230374e-07,-0,-8.39790815555276e-18,0,-8.22319843081539e-06,0,0
90.7,0,0,-3.54462771536563e-06,1.54192817297462e-06,-2.5955417626849e-07,1.14867332005096e-07,9.42062003859081e-07,8.8049524288575e-07,-0,-8.14972750200725e-18,0,-8.15199659367173e-06,0,0
90.72,0,0,-3.51392305013241e-06,1.52855777715436e-06,-2.57266231408088e-07,1.13928026628615e-07,9.3388921057426e-07,8.728632557165e-07,-0,-7.90917014498703e-18,0,-8.08141153169945e-06,0,0
90.74,0,0,-3.48348463058325e-06,1.51530343648359e-06,-2.54997020221115e-07,1.12993968505226e-07,9.25788199150158e-07,8.65298173572783e-07,-0,-7.67496553507122e-18,0,-8.01143789670646e-06,0,0
90.76,0,0,-3.45331014567165e-06,1.50216414673918e-06,-2.52746437535183e-07,1.12065180204617e-07,9.17758322327917e-07,8.57799393921466e-07,-0,-7.44838422168069e-18,0,-7.94207038692303e-06,0,0
90.78,0,0,-3.42339730435022e-06,1.48913891222186e-06,-2.50514377736299e-07,1.11141683317183e-07,9.09798938787384e-07,8.50366319797405e-07,-0,-7.22815565539457e-18,0,-7.87330374660006e-06,0,0
90.8,0,0,-3.3937438354009e-06,1.47622674568782e-06,-2.48300734788459e-07,1.10223498453581e-07,9.01909413097802e-07,8.42998359755917e-07,-0,-7.01470335268649e-18,0,-7.80513276561084e-06,0,0
90.82,0,0,-3.3643474872665e-06,1.46342666828086e-06,-2.46105402253245e-07,1.09310645244994e-07,8.94089115668687e-07,8.3569492782498e-07,-0,-6.80760379708281e-18,0,-7.73755227905613e-06,0,0
90.84,0,0,-3.33520602788366e-06,1.45073770946494e-06,-2.43928273309398e-07,1.08403142344072e-07,8.86337422700927e-07,8.28455443457633e-07,-0,-6.60643347210992e-18,0,-7.67055716687262e-06,0,0
90.86,0,0,-3.30631724451708e-06,1.4381589069573e-06,-2.41769240772384e-07,1.07501007426538e-07,8.78653716138019e-07,8.21279331484638e-07,-0,-6.4111923777678e-18,0,-7.6041423534447e-06,0,0
90.88,0,0,-3.27767894359515e-06,1.42568930666201e-06,-2.396281971139e-07,1.06604257193426e-07,8.71037383617537e-07,8.1416602206783e-07,-0,-6.22188051405646e-18,0,-7.53830280721957e-06,0,0
90.9,0,0,-3.24928895054684e-06,1.41332796260406e-06,-2.3750503448135e-07,1.05712907373927e-07,8.6348781842281e-07,8.07114950652856e-07,-0,-6.03807436450228e-18,0,-7.47303354032558e-06,0,0
90.92,0,0,-3.22114510963999e-06,1.40107393686389e-06,-2.35399644717243e-07,1.04826972728821e-07,8.56004419434794e-07,8.00125557922893e-07,-0,-5.85935041263162e-18,0,-7.40832960819384e-06,0,0
90.94,0,0,-3.19324528382078e-06,1.38892629951242e-06,-2.33311919378524e-07,1.03946467054484e-07,8.48586591084163e-07,7.93197289752507e-07,-0,-5.68613217491812e-18,0,-7.34418610918306e-06,0,0
90.96,0,0,-3.16558735455464e-06,1.3768841285465e-06,-2.31241749755817e-07,1.03071403187421e-07,8.41233743303625e-07,7.86329597161218e-07,-0,-5.51799613488814e-18,0,-7.28059818420757e-06,0,0
90.98,0,0,-3.13816922166831e-06,1.36494650982495e-06,-2.29189026892572e-07,1.02201793009334e-07,8.33945291480434e-07,7.79521936268158e-07,-0,-5.35494229254169e-18,0,-7.2175610163685e-06,0,0
91,0,0,-3.11098880319328e-06,1.35311253700491e-06,-2.27153641604108e-07,1.01337647452683e-07,8.26720656409165e-07,7.72773768246007e-07,-0,-5.19654713140513e-18,0,-7.15506983058816e-06,0,0
91.02,0,0,-3.08404403521044e-06,1.34138131147876e-06,-2.25135484496538e-07,1.00478976506725e-07,8.19559264244702e-07,7.66084559276327e-07,-0,-5.04281065147848e-18,0,-7.09311989324747e-06,0,0
91.04,0,0,-3.05733287169598e-06,1.32975194231149e-06,-2.23134445985566e-07,9.96257892240143e-08,8.12460546455445e-07,7.59453780504185e-07,-0,-4.89415636923535e-18,0,-7.03170651182652e-06,0,0
91.06,0,0,-3.03085328436863e-06,1.31822354617847e-06,-2.21150416315156e-07,9.87780937273364e-08,8.05423939776789e-07,7.52880907993271e-07,-0,-4.74973725172849e-18,0,-6.9708250345482e-06,0,0
91.08,0,0,-3.00460326253797e-06,1.30679524730373e-06,-2.19183285576053e-07,9.7935897217066e-08,7.98448886164809e-07,7.46365422682067e-07,-0,-4.60912978248428e-18,0,-6.91047085002486e-06,0,0
91.1,0,0,-2.97858081295416e-06,1.29546617739864e-06,-2.17232943724153e-07,9.70992059789214e-08,7.91534832750242e-07,7.39906810338956e-07,-0,-4.47275747797633e-18,0,-6.85063938690802e-06,0,0
91.12,0,0,-2.95278395965875e-06,1.2842354756011e-06,-2.15299280598719e-07,9.62680253921008e-08,7.84681231792663e-07,7.3350456151878e-07,-0,-4.34104385467829e-18,0,-6.79132611354101e-06,0,0
91.14,0,0,-2.92721074383678e-06,1.27310228841512e-06,-2.13382185940423e-07,9.54423599377818e-08,7.77887540634935e-07,7.27158171518976e-07,-0,-4.21271836316926e-18,0,-6.73252653761466e-06,0,0
91.16,0,0,-2.90185922367004e-06,1.26206576965082e-06,-2.1148154940922e-07,9.4622213207966e-08,7.71153221657936e-07,7.20867140336112e-07,-0,-4.08799276168607e-18,0,-6.6742362058259e-06,0,0
91.18,0,0,-2.87672747419156e-06,1.25112508036497e-06,-2.09597260602041e-07,9.38075879146508e-08,7.644777422355e-07,7.14630972623282e-07,-0,-3.96729056670233e-18,0,-6.61645070353926e-06,0,0
91.2,0,0,-2.85181358714127e-06,1.24027938880184e-06,-2.077292090703e-07,9.29984858993131e-08,7.57860574689676e-07,7.08449177646681e-07,-0,-3.85018826174442e-18,0,-6.55916565445129e-06,0,0
91.22,0,0,-2.8271156708228e-06,1.22952787033454e-06,-2.05877284337202e-07,9.2194908142687e-08,7.513011962462e-07,7.02321269243507e-07,-0,-3.73626233033872e-18,0,-6.50237672025789e-06,0,0
91.24,0,0,-2.80263184996153e-06,1.21886970740684e-06,-2.04041375914864e-07,9.13968547748198e-08,7.44799088990257e-07,6.96246765779601e-07,-0,-3.62593628895885e-18,0,-6.44607960032442e-06,0,0
91.26,0,0,-2.77836026556376e-06,1.20830408947529e-06,-2.02221373321222e-07,9.06043250853899e-08,7.38353739822513e-07,6.90225190107538e-07,-0,-3.51899837936799e-18,0,-6.39027003135868e-06,0,0
91.28,0,0,-2.75429907477698e-06,1.19783021295185e-06,-2.00417166096735e-07,8.98173175342731e-08,7.31964640415415e-07,6.84256069524934e-07,-0,-3.41481332685571e-18,0,-6.33494378708672e-06,0,0
91.3,0,0,-2.73044645075138e-06,1.18744728114698e-06,-1.98628643820871e-07,8.90358297623406e-08,7.25631287169771e-07,6.78338935733129e-07,-0,-3.31401640613245e-18,0,-6.28009667793138e-06,0,0
91.32,0,0,-2.70680058250242e-06,1.17715450421299e-06,-1.96855696128382e-07,8.82598586024745e-08,7.19353181171602e-07,6.7247332479615e-07,-0,-3.21618410072458e-18,0,-6.2257245506936e-06,0,0
91.34,0,0,-2.68335967477455e-06,1.16695109908799e-06,-1.95098212725345e-07,8.74894000907878e-08,7.13129828149263e-07,6.66658777099735e-07,-0,-3.12110465239528e-18,0,-6.17182328823651e-06,0,0
91.36,0,0,-2.66012194790611e-06,1.15683628944009e-06,-1.93356083404991e-07,8.67244494780333e-08,7.06960738430859e-07,6.6089483731121e-07,-0,-3.02856630290775e-18,0,-6.11838880917218e-06,0,0
91.38,0,0,-2.63708563769518e-06,1.14680930561216e-06,-1.91629198063291e-07,8.59650012411888e-08,7.00845426901937e-07,6.55181054338995e-07,-0,-2.93920432697242e-18,0,-6.0654170675511e-06,0,0
91.4,0,0,-2.61424899526673e-06,1.13686938456684e-06,-1.89917446714318e-07,8.5211049095207e-08,6.94783412963473e-07,6.49516981292768e-07,-0,-2.85238344987886e-18,0,-6.0129040525543e-06,0,0
91.42,0,0,-2.59161028694073e-06,1.12701576983208e-06,-1.88220719505365e-07,8.44625860049141e-08,6.88774220490114e-07,6.43902175444009e-07,-0,-2.76810367162705e-18,0,-5.96084578818815e-06,0,0
91.44,0,0,-2.56916779410139e-06,1.11724771144703e-06,-1.86538906731831e-07,8.37196041970483e-08,6.82817377788744e-07,6.38336198186714e-07,-0,-2.68657675045383e-18,0,-5.90923833298176e-06,0,0
91.46,0,0,-2.54691981306745e-06,1.1075644659083e-06,-1.84871898851861e-07,8.29820951724234e-08,6.76912417557312e-07,6.32818614998001e-07,-0,-2.60695565341192e-18,0,-5.85807777968699e-06,0,0
91.48,0,0,-2.52486465496362e-06,1.09796529611668e-06,-1.83219586500739e-07,8.22500497182075e-08,6.71058876843959e-07,6.27348995400129e-07,-0,-2.52987565521178e-18,0,-5.80736025498105e-06,0,0
91.5,0,0,-2.50300064559297e-06,1.08844947132418e-06,-1.81581860505038e-07,8.15234579203047e-08,6.6525629700644e-07,6.21926912921316e-07,-0,-2.4553367558534e-18,0,-5.75708191917168e-06,0,0
91.52,0,0,-2.48132612531047e-06,1.07901626708155e-06,-1.79958611896525e-07,8.08023091758292e-08,6.59504223671826e-07,6.16551945058215e-07,-0,-2.38291543886316e-18,0,-5.7072389659048e-06,0,0
91.54,0,0,-2.45983944889751e-06,1.0696649651861e-06,-1.78349731925804e-07,8.00865922056607e-08,6.53802206696512e-07,6.11223673237834e-07,-0,-2.31239994600424e-18,0,-5.65782762187477e-06,0,0
91.56,0,0,-2.43853898543752e-06,1.06039485362996e-06,-1.76755112075723e-07,7.9376295067071e-08,6.481498001265e-07,6.05941682780204e-07,-0,-2.24400203551346e-18,0,-5.60884414653712e-06,0,0
91.58,0,0,-2.41742311819255e-06,1.05120522654871e-06,-1.7517464407451e-07,7.8671405166412e-08,6.42546562158005e-07,6.00705562861018e-07,-0,-2.17772170739081e-18,0,-5.56028483182368e-06,0,0
91.6,0,0,-2.39649024448092e-06,1.04209538417037e-06,-1.73608219908674e-07,7.7971909271855e-08,6.3699205509834e-07,5.9551490647478e-07,-0,-2.11313544516267e-18,0,-5.5121460018603e-06,0,0
91.62,0,0,-2.37573877555592e-06,1.0330646327648e-06,-1.72055731835633e-07,7.72777935261718e-08,6.31485845327074e-07,5.90369310398359e-07,-0,-2.05087852353947e-18,0,-5.46442401268691e-06,0,0
91.64,0,0,-2.35516713648542e-06,1.02411228459349e-06,-1.70517072396097e-07,7.6589043459549e-08,6.26027503257543e-07,5.85268375154353e-07,-0,-1.99010390957398e-18,0,-5.41711525198001e-06,0,0
91.66,0,0,-2.33477376603255e-06,1.01523765785964e-06,-1.68992134426192e-07,7.59056440024261e-08,6.20616603298594e-07,5.80211704975537e-07,-0,-1.93144687797662e-18,0,-5.37021613877762e-06,0,0
91.68,0,0,-2.31455711653741e-06,1.00644007665874e-06,-1.67480811069324e-07,7.52275794983488e-08,6.15252723816663e-07,5.7519890776872e-07,-0,-1.87427215403695e-18,0,-5.3237231232065e-06,0,0
91.7,0,0,-2.29451565379963e-06,9.97718870929386e-07,-1.65982995787792e-07,7.45548337168297e-08,6.09935447098146e-07,5.70229595079583e-07,-0,-1.8187914959918e-18,0,-5.27763268621185e-06,0,0
91.72,0,0,-2.27464785696207e-06,9.8907337640458e-07,-1.64498582374136e-07,7.38873898662079e-08,6.04664359312062e-07,5.65303382057635e-07,-0,-1.76500490384115e-18,0,-5.23194133928923e-06,0,0
91.74,0,0,-2.2549522183954e-06,9.80502934563306e-07,-1.63027464962236e-07,7.32252306065008e-08,5.99439050473026e-07,5.60419887421267e-07,-0,-1.71291237758501e-18,0,-5.18664562421888e-06,0,0
91.76,0,0,-2.23542724358362e-06,9.72006892582526e-07,-1.61569538038146e-07,7.25683380622397e-08,5.94259114404498e-07,5.55578733423177e-07,-0,-1.66230215898656e-18,0,-5.1417421128023e-06,0,0
91.78,0,0,-2.21607145101064e-06,9.63584603289509e-07,-1.60124696450678e-07,7.19166938352818e-08,5.89124148702341e-07,5.50779545816434e-07,-0,-1.61338600628263e-18,0,-5.09722740660113e-06,0,0
91.8,0,0,-2.19688337204769e-06,9.55235425114531e-07,-1.58692835421727e-07,7.12702790175921e-08,5.84033754698679e-07,5.46021953820286e-07,-0,-1.56552864476276e-18,0,-5.05309813667827e-06,0,0
91.82,0,0,-2.17786155084177e-06,9.46958722043923e-07,-1.57273850556341e-07,7.06290742039894e-08,5.78987537426049e-07,5.41305590086713e-07,-0,-1.5193653491374e-18,0,-5.00935096334124e-06,0,0
91.84,0,0,-2.15900454420498e-06,9.38753863573479e-07,-1.55867637852538e-07,6.99930595048479e-08,5.73985105581855e-07,5.36630090667023e-07,-0,-1.47447260293292e-18,0,-4.96598257588781e-06,0,0
91.86,0,0,-2.14031092150479e-06,9.30620224662214e-07,-1.54474093710868e-07,6.93622145587509e-08,5.69026071493112e-07,5.31995094978848e-07,-0,-1.43085040614933e-18,0,-4.92298969235375e-06,0,0
91.88,0,0,-2.12177926455525e-06,9.22557185686474e-07,-1.53093114943721e-07,6.8736518545088e-08,5.64110051081487e-07,5.27400245773418e-07,-0,-1.38849875878661e-18,0,-4.88036905926283e-06,0,0
91.9,0,0,-2.10340816750908e-06,9.14564132394392e-07,-1.51724598784386e-07,6.81159501965915e-08,5.59236663828641e-07,5.22845189103108e-07,-0,-1.34762941908159e-18,0,-4.83811745137901e-06,0,0
91.92,0,0,-2.0851962367507e-06,9.06640455860688e-07,-1.50368442895861e-07,6.75004878118074e-08,5.54405532741862e-07,5.18329574289265e-07,-0,-1.30781887056064e-18,0,-4.79623167146065e-06,0,0
91.94,0,0,-2.06714209079014e-06,8.98785552441819e-07,-1.49024545379413e-07,6.68901092674927e-08,5.49616284319997e-07,5.13853053890363e-07,-0,-1.26927887146057e-18,0,-4.75470855001703e-06,0,0
91.96,0,0,-2.04924436015787e-06,8.90998823731465e-07,-1.47692804782886e-07,6.62847920309382e-08,5.44868548519666e-07,5.09415283670466e-07,-0,-1.23179766354457e-18,0,-4.71354494506684e-06,0,0
91.98,0,0,-2.03150168730046e-06,8.83279676516357e-07,-1.46373120108772e-07,6.56845131722075e-08,5.40161958721795e-07,5.05015922567911e-07,-0,-1.19537524681263e-18,0,-4.67273774189881e-06,0,0
92,0,0,-2.01391272647719e-06,8.75627522732441e-07,-1.45065390822035e-07,6.50892493762915e-08,5.35496151698407e-07,5.00654632664257e-07,-0,-1.16001162126476e-18,0,-4.63228385283446e-06,0,0
92.02,0,0,-1.9964761436575e-06,8.68041779421383e-07,-1.43769516857685e-07,6.44989769551713e-08,5.30870767579742e-07,4.96331079153685e-07,-0,-1.12570678690097e-18,0,-4.59218021699284e-06,0,0
92.04,0,0,-1.97919061641929e-06,8.60521868687399e-07,-1.42485398628126e-07,6.39136718597867e-08,5.26285449821634e-07,4.92044930312412e-07,-0,-1.09224898548442e-18,0,-4.55242380005737e-06,0,0
92.06,0,0,-1.9620548338481e-06,8.53067217654423e-07,-1.41212937030253e-07,6.33333096919051e-08,5.21739845173196e-07,4.87795857468861e-07,-0,-1.06027349172557e-18,0,-4.51301159404465e-06,0,0
92.08,0,0,-1.94506749643718e-06,8.45677258423605e-07,-1.39952033452319e-07,6.27578657158893e-08,5.17233603644815e-07,4.83583534973264e-07,-0,-1.02893327267716e-18,0,-4.47394061707535e-06,0,0
92.1,0,0,-1.9282273159883e-06,8.38351428031131e-07,-1.38702589780569e-07,6.21873148703569e-08,5.12766378476369e-07,4.79407640168675e-07,-0,-9.9865184481282e-19,0,-4.43520791314701e-06,0,0
92.12,0,0,-1.91153301551352e-06,8.31089168406373e-07,-1.37464508405634e-07,6.16216317797318e-08,5.08337826105819e-07,4.75267853361299e-07,-0,-9.6900569165892e-19,0,-4.39681055190886e-06,0,0
92.14,0,0,-1.89498332913774e-06,8.23889926330363e-07,-1.36237692228704e-07,6.10607907656815e-08,5.03947606138014e-07,4.7116385779151e-07,-0,-9.40418329689087e-19,0,-4.35874562843862e-06,0,0
92.16,0,0,-1.87857700200204e-06,8.16753153394586e-07,-1.3502204466747e-07,6.0504765858439e-08,4.99595381313823e-07,4.67095339605247e-07,-0,-9.12466242429695e-19,0,-4.32101026302118e-06,0,0
92.18,0,0,-1.86231279016792e-06,8.09678305960095e-07,-1.33817469661836e-07,5.99535308080047e-08,4.95280817479531e-07,4.63061987825411e-07,-0,-8.85361188117557e-19,0,-4.28360160092924e-06,0,0
92.2,0,0,-1.84618946052231e-06,8.02664845116942e-07,-1.32623871679419e-07,5.94070590952278e-08,4.91003583556534e-07,4.59063494323735e-07,-0,-8.59314924989488e-19,0,-4.24651681220586e-06,0,0
92.22,0,0,-1.83020579068337e-06,7.95712236643926e-07,-1.31441155720817e-07,5.88653239427622e-08,4.86763351511297e-07,4.55099553792723e-07,-0,-8.33903936571859e-19,0,-4.2097530914489e-06,0,0
92.24,0,0,-1.81436056890714e-06,7.88819950968657e-07,-1.3026922732467e-07,5.83282983258962e-08,4.825597963256e-07,4.51169863718208e-07,-0,-8.09339981101484e-19,0,-4.17330765759732e-06,0,0
92.26,0,0,-1.79865259399494e-06,7.81987463127926e-07,-1.29107992572491e-07,5.77959549832519e-08,4.78392595967064e-07,4.47274124351728e-07,-0,-7.8541130034155e-19,0,-4.13717775371936e-06,0,0
92.28,0,0,-1.78308067520161e-06,7.75214252728389e-07,-1.27957358093305e-07,5.7268266427355e-08,4.74261431359958e-07,4.43412038683655e-07,-0,-7.62117894292057e-19,0,-4.10136064680252e-06,0,0
92.3,0,0,-1.76764363214445e-06,7.68499803907565e-07,-1.26817231068056e-07,5.67452049550699e-08,4.70165986356275e-07,4.39583312416156e-07,-0,-7.39671521189818e-19,0,-4.06585362754545e-06,0,0
92.32,0,0,-1.75234029471306e-06,7.61843605295127e-07,-1.25687519233824e-07,5.62267426579003e-08,4.66105947707084e-07,4.35787653936558e-07,-0,-7.17648664561206e-19,0,-4.03065401015158e-06,0,0
92.34,0,0,-1.73716950297983e-06,7.55245149974509e-07,-1.24568130887825e-07,5.57128514321528e-08,4.62081005034157e-07,4.32024774291236e-07,-0,-6.96472840879848e-19,0,-3.99575913212457e-06,0,0
92.36,0,0,-1.72213010711125e-06,7.48703935444808e-07,-1.2345897489122e-07,5.5203502988962e-08,4.58090850801869e-07,4.28294387159373e-07,-0,-6.75932291908932e-19,0,-3.96116635406554e-06,0,0
92.38,0,0,-1.70722096728001e-06,7.42219463582995e-07,-1.22359960672716e-07,5.46986688641759e-08,4.54135180289359e-07,4.24596208827166e-07,-0,-6.55815259411642e-19,0,-3.92687305947207e-06,0,0
92.4,0,0,-1.69244095357777e-06,7.35791240606415e-07,-1.21270998231973e-07,5.41983204280999e-08,4.50213691562981e-07,4.20929958162297e-07,-0,-6.36545259861607e-19,0,-3.89287665453897e-06,0,0
92.42,0,0,-1.67778894592876e-06,7.29418777035591e-07,-1.20191998142821e-07,5.37024288950985e-08,4.46326085448985e-07,4.1729535658864e-07,-0,-6.17698776785199e-19,0,-3.85917456796071e-06,0,0
92.44,0,0,-1.66326383400409e-06,7.23101587657321e-07,-1.19122871556284e-07,5.32109653330534e-08,4.42472065506506e-07,4.13692128061183e-07,-0,-5.99487568419231e-19,0,-3.82576425073571e-06,0,0
92.46,0,0,-1.64886451713675e-06,7.16839191488067e-07,-1.18063530203414e-07,5.27239006726772e-08,4.38651338000782e-07,4.10119999041251e-07,-0,-5.81488118290077e-19,0,-3.79264317597218e-06,0,0
92.48,0,0,-1.63458990423742e-06,7.10631111737637e-07,-1.17013886397945e-07,5.22412057166818e-08,4.34863611876657e-07,4.06578698471979e-07,-0,-5.64335701108178e-19,0,-3.75980883869575e-06,0,0
92.5,0,0,-1.62043891371097e-06,7.04476875773153e-07,-1.15973853038762e-07,5.17628511488012e-08,4.31108598732329e-07,4.03067957753988e-07,-0,-5.47606800399905e-19,0,-3.72725875565878e-06,0,0
92.52,0,0,-1.60641047337361e-06,6.98376015083317e-07,-1.1494334361219e-07,5.12888075426665e-08,4.2738601279337e-07,3.9958751072132e-07,-0,-5.31513174402073e-19,0,-3.69499046515126e-06,0,0
92.54,0,0,-1.5925035203709e-06,6.92328065242946e-07,-1.13922272194108e-07,5.08190453705349e-08,4.23695570886992e-07,3.96137093617573e-07,-0,-5.15843064877869e-19,0,-3.66300152681343e-06,0,0
92.56,0,0,-1.5787170010963e-06,6.8633256587781e-07,-1.12910553451896e-07,5.0353535011871e-08,4.20036992416569e-07,3.92716445072503e-07,-0,-5.00596471827292e-19,0,-3.63128952145002e-06,0,0
92.58,0,0,-1.56504987111056e-06,6.80389060629735e-07,-1.11908102646198e-07,4.98922467617789e-08,4.16409999336419e-07,3.89325306078546e-07,-0,-4.85773395250341e-19,0,-3.59985205084606e-06,0,0
92.6,0,0,-1.55150109506171e-06,6.74497097121999e-07,-1.10914835632534e-07,4.94351508392877e-08,4.12814316126833e-07,3.85963419967812e-07,-0,-4.71373835147018e-19,0,-3.56868673758438e-06,0,0
92.62,0,0,-1.53806964660579e-06,6.68656226925001e-07,-1.09930668862733e-07,4.89822173954872e-08,4.09249669769356e-07,3.82630532389144e-07,-0,-4.57609549754136e-19,0,-3.53779122486462e-06,0,0
92.64,0,0,-1.52475450832825e-06,6.62866005522206e-07,-1.08955519386218e-07,4.85334165215169e-08,4.05715789722319e-07,3.7932639128557e-07,-0,-4.44057022598067e-19,0,-3.50716317632389e-06,0,0
92.66,0,0,-1.51155467166601e-06,6.5712599227637e-07,-1.0798930485112e-07,4.8088718256405e-08,4.02212407896606e-07,3.7605074687194e-07,-0,-4.30928011915625e-19,0,-3.47680027585895e-06,0,0
92.68,0,0,-1.49846913683022e-06,6.51435750396034e-07,-1.07031943505249e-07,4.76480925947601e-08,3.98739258631677e-07,3.72803351612726e-07,-0,-4.18222517706811e-19,0,-3.44670022744993e-06,0,0
92.7,0,0,-1.4854969127297e-06,6.45794846902289e-07,-1.06083354196903e-07,4.72115094943144e-08,3.95296078671826e-07,3.69583960200041e-07,-0,-4.05940539971623e-19,0,-3.41686075498565e-06,0,0
92.72,0,0,-1.47263701689497e-06,6.40202852595815e-07,-1.05143456375533e-07,4.67789388833196e-08,3.91882607142689e-07,3.6639232953204e-07,-0,-3.9387032047325e-19,0,-3.38727960209041e-06,0,0
92.74,0,0,-1.45988847540304e-06,6.34659342024184e-07,-1.04212170092257e-07,4.63503506677946e-08,3.88498585527981e-07,3.6322821869145e-07,-0,-3.82223617448503e-19,0,-3.35795453195229e-06,0,0
92.76,0,0,-1.44725032280274e-06,6.29163893449431e-07,-1.03289416000239e-07,4.59257147386268e-08,3.85143757646473e-07,3.600913889242e-07,-0,-3.71000430897384e-19,0,-3.32888332715303e-06,0,0
92.78,0,0,-1.43472160204082e-06,6.23716088815889e-07,-1.02375115354916e-07,4.55050009785264e-08,3.81817869629211e-07,3.56981603618531e-07,-0,-3.59883123464671e-19,0,-3.30006378949924e-06,0,0
92.8,0,0,-1.42230136438855e-06,6.18315513718288e-07,-1.01469190014096e-07,4.50881792688354e-08,3.7852066989696e-07,3.53898628284035e-07,-0,-3.49189332505585e-19,0,-3.27149373985527e-06,0,0
92.82,0,0,-1.4099886693691e-06,6.12961757370111e-07,-1.0057156243792e-07,4.46752194961897e-08,3.7525190913787e-07,3.50842230531273e-07,-0,-3.3881317890172e-19,0,-3.24317101797738e-06,0,0
92.84,0,0,-1.3977825846854e-06,6.07654412572215e-07,-9.96821556886869e-08,4.42660915590383e-08,3.72011340285409e-07,3.47812180051176e-07,-0,-3.28966420889889e-19,0,-3.21509348234946e-06,0,0
92.86,0,0,-1.38568218614879e-06,6.02393075681707e-07,-9.88008934305561e-08,4.38607653740172e-08,3.68798718496472e-07,3.44808248595028e-07,-0,-3.19331421114871e-19,0,-3.18725901002013e-06,0,0
92.88,0,0,-1.37368655760815e-06,5.97177346581071e-07,-9.79276999291202e-08,4.34592108821805e-08,3.6561380112976e-07,3.41830209954368e-07,-0,-3.09908179576667e-19,0,-3.15966549644131e-06,0,0
92.9,0,0,-1.3617947908797e-06,5.92006828647556e-07,-9.70625000508558e-08,4.30613980550888e-08,3.62456347724352e-07,3.3887783994142e-07,-0,-3.0090845451209e-19,0,-3.13231085530813e-06,0,0
92.92,0,0,-1.35000598567744e-06,5.86881128722817e-07,-9.62052192624535e-08,4.26672969007567e-08,3.59326119978509e-07,3.35950916369398e-07,-0,-2.91908729447513e-19,0,-3.10519301840032e-06,0,0
92.94,0,0,-1.33831924954412e-06,5.81799857082795e-07,-9.53557836300304e-08,4.2276877469459e-08,3.56222881728717e-07,3.33049219033351e-07,-0,-2.83332520856563e-19,0,-3.07830993542491e-06,0,0
92.96,0,0,-1.32673369778291e-06,5.76762627407862e-07,-9.45141198182284e-08,4.18901098593979e-08,3.53146398928916e-07,3.30172529690795e-07,-0,-2.7486219138402e-19,0,-3.05165957386036e-06,0,0
92.98,0,0,-1.31524845338954e-06,5.71769056753204e-07,-9.36801550891997e-08,4.15069642222313e-08,3.50096439629958e-07,3.27320632043007e-07,-0,-2.66815378385105e-19,0,-3.02523991880206e-06,0,0
93,0,0,-1.30386264698516e-06,5.66818765519445e-07,-9.2853817301484e-08,4.11274107684637e-08,3.47072773959297e-07,3.24493311716158e-07,-0,-2.58874444504596e-19,0,-2.99904897280907e-06,0,0
93.02,0,0,-1.29257541674968e-06,5.61911377423529e-07,-9.20350349087782e-08,4.07514197727009e-08,3.44075174100854e-07,3.21690356242921e-07,-0,-2.511452688609e-19,0,-2.97308475575237e-06,0,0
93.04,0,0,-1.28138590835575e-06,5.5704651946983e-07,-9.12237369586036e-08,4.03789615787693e-08,3.41103414275133e-07,3.18911555043948e-07,-0,-2.43733730572425e-19,0,-2.94734530466429e-06,0,0
93.06,0,0,-1.27029327490332e-06,5.52223821921511e-07,-9.04198530908709e-08,4.00100066047014e-08,3.38157270719516e-07,3.16156699409873e-07,-0,-2.36428071402357e-19,0,-2.92182867358931e-06,0,0
93.08,0,0,-1.25929667685469e-06,5.47442918272117e-07,-8.96233135363477e-08,3.96445253475883e-08,3.35236521668771e-07,3.13425582483318e-07,-0,-2.29334170469102e-19,0,-2.8965329334362e-06,0,0
93.1,0,0,-1.24839528197024e-06,5.42703445217411e-07,-8.88340491150297e-08,3.92824883883009e-08,3.32340947335777e-07,3.10717999241154e-07,-0,-2.22557906891067e-19,0,-2.8714561718314e-06,0,0
93.12,0,0,-1.23758826524465e-06,5.38005042627438e-07,-8.80519912344189e-08,3.89238663960806e-08,3.29470329892429e-07,3.08033746476898e-07,-0,-2.15993401549847e-19,0,-2.84659649297367e-06,0,0
93.14,0,0,-1.22687480884367e-06,5.33347353518829e-07,-8.72770718877116e-08,3.8568630133001e-08,3.26624453450774e-07,3.05372622783325e-07,-0,-2.09534775327033e-19,0,-2.82195201749008e-06,0,0
93.16,0,0,-1.21625410204151e-06,5.28730024027331e-07,-8.65092236518981e-08,3.82167504583027e-08,3.23803104044311e-07,3.02734428535367e-07,-0,-2.03287907341032e-19,0,-2.79752088229319e-06,0,0
93.18,0,0,-1.20572534115866e-06,5.24152703380576e-07,-8.5748379685777e-08,3.78681983326015e-08,3.21006069609518e-07,3.00118965873001e-07,-0,-1.97252797591845e-19,0,-2.77330124043952e-06,0,0
93.2,0,0,-1.1952877295004e-06,5.19615043871073e-07,-8.49944737278866e-08,3.75229448219715e-08,3.18233139967556e-07,2.97526038684323e-07,-0,-1.91323566961065e-19,0,-2.74929126098921e-06,0,0
93.22,0,0,-1.18494047729571e-06,5.15116700829424e-07,-8.42474400943562e-08,3.71809611019053e-08,3.15484106806172e-07,2.9495545258916e-07,-0,-1.85711973685505e-19,0,-2.72548912886698e-06,0,0
93.24,0,0,-1.17468280163682e-06,5.10657332597777e-07,-8.3507213676679e-08,3.68422184611524e-08,3.12758763661792e-07,2.92407014922295e-07,-0,-1.80100380409946e-19,0,-2.70189304472421e-06,0,0
93.26,0,0,-1.1645139264192e-06,5.06236600503489e-07,-8.27737299394092e-08,3.65066883054366e-08,3.10056905901803e-07,2.89880534717468e-07,-0,-1.74806424489606e-19,0,-2.67850122480233e-06,0,0
93.28,0,0,-1.15443308228216e-06,5.01854168833024e-07,-8.20469249177872e-08,3.61743421610551e-08,3.07378330707027e-07,2.87375822690865e-07,-0,-1.6972422680608e-19,0,-2.6553119007973e-06,0,0
93.3,0,0,-1.14443950654988e-06,4.97509704806063e-07,-8.13267352152923e-08,3.58451516783598e-08,3.04722837054373e-07,2.84892691225483e-07,-0,-1.64536150004148e-19,0,-2.63232331972537e-06,0,0
93.32,0,0,-1.13453244317305e-06,4.93202878549836e-07,-8.06130980011281e-08,3.55190886351224e-08,3.02090225699673e-07,2.82430954355242e-07,-0,-1.59771589675842e-19,0,-2.60953374378994e-06,0,0
93.34,0,0,-1.12471114267095e-06,4.88933363073676e-07,-7.99059510076415e-08,3.5196124939786e-08,2.9948029916071e-07,2.7999042774932e-07,-0,-1.5490115022913e-19,0,-2.58694145024959e-06,0,0
93.36,0,0,-1.11497486207404e-06,4.84700834243779e-07,-7.92052325276775e-08,3.48762326346029e-08,2.96892861700414e-07,2.77570928696714e-07,-0,-1.50454227256045e-19,0,-2.56454473128733e-06,0,0
93.38,0,0,-1.10532286486713e-06,4.8050497075819e-07,-7.85108814118727e-08,3.45593838986617e-08,2.94327719310247e-07,2.75172276090863e-07,-0,-1.4600730428296e-19,0,-2.54234189388093e-06,0,0
93.4,0,0,-1.09575442093294e-06,4.76345454121993e-07,-7.78228370658889e-08,3.42455510508045e-08,2.91784679693747e-07,2.72794290414783e-07,-0,-1.41560381309875e-19,0,-2.52033125967437e-06,0,0
93.42,0,0,-1.08626880649621e-06,4.72221968622715e-07,-7.71410394475905e-08,3.3934706552436e-08,2.89263552250266e-07,2.70436793725822e-07,-0,-1.37325216573603e-19,0,-2.49851116485047e-06,0,0
93.44,0,0,-1.07686530406834e-06,4.68134201305942e-07,-7.64654290641652e-08,3.36268230102261e-08,2.86764148058873e-07,2.68099609640965e-07,-0,-1.33301810074146e-19,0,-2.4768799600046e-06,0,0
93.46,0,0,-1.06754320239241e-06,4.64081841951143e-07,-7.5795946969193e-08,3.33218731787075e-08,2.84286279862422e-07,2.65782563322143e-07,-0,-1.29384282693094e-19,0,-2.4554360100195e-06,0,0
93.48,0,0,-1.05830179638878e-06,4.60064583047694e-07,-7.51325347596639e-08,3.30198299627699e-08,2.81829762051795e-07,2.63485481461811e-07,-0,-1.2557263443045e-19,0,-2.43417769394117e-06,0,0
93.5,0,0,-1.04914038710114e-06,4.56082119771116e-07,-7.44751345729463e-08,3.27206664200526e-08,2.79394410650315e-07,2.61208192268486e-07,-0,-1.21760986167806e-19,0,-2.4131034048559e-06,0,0
93.52,0,0,-1.04005828164298e-06,4.52134149959512e-07,-7.38236890837092e-08,3.24243557632372e-08,2.76980043298313e-07,2.58950525452691e-07,-0,-1.18161096141975e-19,0,-2.39221154976829e-06,0,0
93.54,0,0,-1.0310547931446e-06,4.48220374090206e-07,-7.31781415007993e-08,3.21308713622407e-08,2.74586479237871e-07,2.56712312212797e-07,-0,-1.14772964352958e-19,0,-2.37150054948044e-06,0,0
93.56,0,0,-1.02212924070058e-06,4.44340495256582e-07,-7.25384355640748e-08,3.18401867463136e-08,2.72213539297727e-07,2.54493385221191e-07,-0,-1.11278953445534e-19,0,-2.35096883847211e-06,0,0
93.58,0,0,-1.01328094931763e-06,4.40494219145125e-07,-7.19045155411992e-08,3.15522756060408e-08,2.69861045878325e-07,2.52293578610543e-07,-0,-1.0810257989333e-19,0,-2.33061486478195e-06,0,0
93.6,0,0,-1.004509249863e-06,4.36681254012657e-07,-7.12763262243945e-08,3.12671117952501e-08,2.67528822937038e-07,2.50112727960129e-07,-0,-1.04926206341126e-19,0,-2.31043708988979e-06,0,0
93.62,0,0,-9.95813479013306e-07,4.32901310663767e-07,-7.06538129271589e-08,3.09846693328281e-08,2.65216695973547e-07,2.47950670282465e-07,-0,-1.01749832788923e-19,0,-2.29043398859994e-06,0,0
93.64,0,0,-9.87192979203758e-07,4.29154102428442e-07,-7.00369214809476e-08,3.07049224044459e-08,2.62924492015363e-07,2.45807244009956e-07,-0,-9.87852174735328e-20,0,-2.27060404892551e-06,0,0
93.66,0,0,-9.78647098577908e-07,4.25439345139883e-07,-6.94255982318208e-08,3.04278453641959e-08,2.6065203960352e-07,2.43682288981734e-07,-0,-9.59264812765495e-20,0,-2.25094577197372e-06,0,0
93.68,0,0,-9.70175190937794e-07,4.2175675711252e-07,-6.881979003706e-08,3.01534127361413e-08,2.58399168778404e-07,2.4157564643059e-07,-0,-9.30677450795662e-20,0,-2.23145767183228e-06,0,0
93.7,0,0,-9.61776615694534e-07,4.18106059120208e-07,-6.82194442617529e-08,2.98815992157804e-08,2.56165711065739e-07,2.39487158970078e-07,-0,-9.04207671193966e-20,0,-2.21213827545667e-06,0,0
93.72,0,0,-9.53450737819356e-07,4.14486974374622e-07,-6.76245087753517e-08,2.96123796714262e-08,2.53951499462721e-07,2.37416670581796e-07,-0,-8.77737891592269e-20,0,-2.19298612255846e-06,0,0
93.74,0,0,-9.45196927795054e-07,4.10899228503831e-07,-6.70349319482033e-08,2.93457291455046e-08,2.517563684243e-07,2.35364026602781e-07,-0,-8.51268111990572e-20,0,-2.1739997654946e-06,0,0
93.76,0,0,-9.37014561567874e-07,4.07342549531062e-07,-6.64506626480547e-08,2.90816228557707e-08,2.49580153849597e-07,2.33329073712909e-07,-0,-8.25857123572943e-20,0,-2.1551777691577e-06,0,0
93.78,0,0,-9.28903020499822e-07,4.03816667853644e-07,-6.58716502365348e-08,2.88200361964465e-08,2.47422693068486e-07,2.31311659922641e-07,-0,-8.01504926339382e-20,0,-2.13651871086716e-06,0,0
93.8,0,0,-9.2086169132139e-07,4.00321316222142e-07,-6.52978445656147e-08,2.85609447392811e-08,2.45283824828291e-07,2.29311634560735e-07,-0,-7.79270311473956e-20,0,-2.11802118026141e-06,0,0
93.82,0,0,-9.128899660847e-07,3.96856229719661e-07,-6.47291959740468e-08,2.83043242345345e-08,2.43163389280642e-07,2.27328848262099e-07,-0,-7.54918114240395e-20,0,-2.09968377919097e-06,0,0
93.84,0,0,-9.04987242117055e-07,3.93421145741344e-07,-6.41656552837859e-08,2.80501506118866e-08,2.41061227968461e-07,2.25363152955966e-07,-0,-7.33742290559038e-20,0,-2.08150512161248e-06,0,0
93.86,0,0,-8.97152921974907e-07,3.90015803974034e-07,-6.36071737963915e-08,2.7798399981274e-08,2.38977183813093e-07,2.23414401853837e-07,-0,-7.11507675693612e-20,0,-2.06348383348367e-06,0,0
93.88,0,0,-8.89386413398221e-07,3.86639946376127e-07,-6.30537032894157e-08,2.75490486336549e-08,2.3691110110156e-07,2.21482449437931e-07,-0,-6.89273060828187e-20,0,-2.04561855265925e-06,0,0
93.9,0,0,-8.81687129265245e-07,3.83293317157585e-07,-6.25051960127753e-08,2.73020730417037e-08,2.34862825473961e-07,2.19567151449455e-07,-0,-6.69156028330897e-20,0,-2.02790792878763e-06,0,0
93.92,0,0,-8.74054487547678e-07,3.7997566276014e-07,-6.19616046851111e-08,2.70574498604383e-08,2.32832203910996e-07,2.17668364877229e-07,-0,-6.50097787017676e-20,0,-2.01035062320868e-06,0,0
93.94,0,0,-8.6648791126623e-07,3.76686731837658e-07,-6.14228824901355e-08,2.68151559277796e-08,2.3081908472163e-07,2.1578594794615e-07,-0,-6.29980754520386e-20,0,-1.99294530885227e-06,0,0
93.96,0,0,-8.58986828446574e-07,3.73426275236682e-07,-6.08889830729691e-08,2.65751682650459e-08,2.2882331753087e-07,2.13919760106154e-07,-0,-6.11981304391232e-20,0,-1.97569067013772e-06,0,0
93.98,0,0,-8.51550672075688e-07,3.70194045977137e-07,-6.03598605364687e-08,2.63374640773835e-08,2.26844753267689e-07,2.12069662020914e-07,-0,-5.93981854262078e-20,0,-1.95858540287416e-06,0,0
94,0,0,-8.44178880058576e-07,3.66989799233215e-07,-5.98354694375468e-08,2.61020207541349e-08,2.24883244153067e-07,2.10235515556932e-07,-0,-5.75982404132924e-20,0,-1.94162821416173e-06,0,0
94.02,0,0,-8.36870895175373e-07,3.63813292314419e-07,-5.93157647834842e-08,2.58688158691461e-08,2.22938643688151e-07,2.08417183772555e-07,-0,-5.59041745187838e-20,0,-1.92481782229362e-06,0,0
94.04,0,0,-8.29626165038829e-07,3.60664284646775e-07,-5.88007020282379e-08,2.56378271810138e-08,2.21010806642553e-07,2.06614530907253e-07,-0,-5.4315987742682e-20,0,-1.90815295665907e-06,0,0
94.06,0,0,-8.22444142052162e-07,3.57542537754206e-07,-5.82902370687438e-08,2.54090326332758e-08,2.19099589042752e-07,2.0482742237089e-07,-0,-5.27278009665802e-20,0,-1.89163235764705e-06,0,0
94.08,0,0,-8.15324283367288e-07,3.5444781524008e-07,-5.77843262412164e-08,2.5182410354543e-08,2.17204848160641e-07,2.03055724733237e-07,-0,-5.12454933088852e-20,0,-1.87525477655093e-06,0,0
94.1,0,0,-8.08266050843413e-07,3.51379882768903e-07,-5.72829263174465e-08,2.49579386585782e-08,2.15326442502163e-07,2.01299305713344e-07,-0,-4.96573065327834e-20,0,-1.85901897547389e-06,0,0
94.12,0,0,-8.01268911005992e-07,3.48338508048189e-07,-5.67859945010981e-08,2.47355960443191e-08,2.1346423179609e-07,1.99558034169391e-07,-0,-4.81749988750883e-20,0,-1.8429237272352e-06,0,0
94.14,0,0,-7.94332335006052e-07,3.45323460810478e-07,-5.62934884240046e-08,2.451536119585e-08,2.11618076982906e-07,1.97831780088312e-07,-0,-4.66926912173933e-20,0,-1.8269678152773e-06,0,0
94.16,0,0,-7.87455798579865e-07,3.42334512795519e-07,-5.58053661424672e-08,2.42972129823224e-08,2.09787840203808e-07,1.96120414575704e-07,-0,-4.53162626781051e-20,0,-1.81115003357367e-06,0,0
94.18,0,0,-7.80638782008984e-07,3.39371437732606e-07,-5.53215861335542e-08,2.40811304578251e-08,2.07973384789823e-07,1.94423809845736e-07,-0,-4.39398341388168e-20,0,-1.79546918653758e-06,0,0
94.2,0,0,-7.73880770080629e-07,3.36434011323071e-07,-5.48421072914043e-08,2.38670928612065e-08,2.06174575251027e-07,1.92741839211279e-07,-0,-4.26692847179354e-20,0,-1.77992408893152e-06,0,0
94.22,0,0,-7.67181252048414e-07,3.33522011222927e-07,-5.43668889235333e-08,2.36550796158497e-08,2.04391277265895e-07,1.91074377074025e-07,-0,-4.13987352970539e-20,0,-1.76451356577752e-06,0,0
94.24,0,0,-7.60539721593431e-07,3.30635217025675e-07,-5.38958907471465e-08,2.34450703294013e-08,2.02623357670735e-07,1.89421298914811e-07,-0,-4.02340649945793e-20,0,-1.74923645226819e-06,0,0
94.26,0,0,-7.5395567678567e-07,3.27773410245248e-07,-5.3429072885456e-08,2.32370447934564e-08,2.00870684449254e-07,1.877824812839e-07,-0,-3.90693946921046e-20,0,-1.73409159367856e-06,0,0
94.28,0,0,-7.47428620045779e-07,3.24936374299117e-07,-5.29663958640056e-08,2.30309829831998e-08,1.99133126722218e-07,1.8615780179149e-07,-0,-3.77988452712232e-20,0,-1.71907784527871e-06,0,0
94.3,0,0,-7.40958058107159e-07,3.2212389449154e-07,-5.25078206070026e-08,2.28268650570055e-08,1.97410554737218e-07,1.84547139098283e-07,-0,-3.66341749687485e-20,0,-1.70419407224711e-06,0,0
94.32,0,0,-7.34543501978398e-07,3.1933575799696e-07,-5.20533084336589e-08,2.26246713559949e-08,1.95702839858547e-07,1.82950372906118e-07,-0,-3.55753837846806e-20,0,-1.68943914958472e-06,0,0
94.34,0,0,-7.28184466906031e-07,3.16571753843553e-07,-5.16028210545401e-08,2.24243824035565e-08,1.94009854557179e-07,1.81367383948721e-07,-0,-3.45695321598161e-20,0,-1.67481196202994e-06,0,0
94.36,0,0,-7.21880472337627e-07,3.13831672896915e-07,-5.1156320567926e-08,2.22259789048258e-08,1.92331472400839e-07,1.79798053982515e-07,-0,-3.3616620094155e-20,0,-1.66031140397411e-06,0,0
94.38,0,0,-7.15631041885204e-07,3.11115307843898e-07,-5.07137694561807e-08,2.20294417461294e-08,1.90667568044193e-07,1.78242265777662e-07,-0,-3.26107684692906e-20,0,-1.64593637937796e-06,0,0
94.4,0,0,-7.09435703288965e-07,3.08422453176591e-07,-5.02751305821346e-08,2.18347519943924e-08,1.89018017219122e-07,1.76699903108921e-07,-0,-3.16578564036295e-20,0,-1.63168580168861e-06,0,0
94.42,0,0,-7.03293988381349e-07,3.05752905176433e-07,-4.98403671854791e-08,2.16418908965107e-08,1.873826967251e-07,1.75170850746889e-07,-0,-3.0652004778765e-20,0,-1.61755859375741e-06,0,0
94.44,0,0,-6.97205433051407e-07,3.0310646189848e-07,-4.94094428791732e-08,2.14508398786904e-08,1.85761484419672e-07,1.73654994449198e-07,-0,-2.98049718315107e-20,0,-1.60355368775842e-06,0,0
94.46,0,0,-6.91169577209481e-07,3.00482923155799e-07,-4.89823216458646e-08,2.12615805457539e-08,1.84154259209026e-07,1.7215222095167e-07,-0,-2.8904999325053e-20,0,-1.58967002510766e-06,0,0
94.48,0,0,-6.851859647522e-07,2.97882090504011e-07,-4.85589678343244e-08,2.10740946804149e-08,1.82560901038655e-07,1.70662417959886e-07,-0,-2.80050268185953e-20,0,-1.57590655638301e-06,0,0
94.5,0,0,-6.79254143527784e-07,2.95303767225958e-07,-4.81393461558966e-08,2.08883642425227e-08,1.80981290884121e-07,1.69185474140493e-07,-0,-2.72109334305444e-20,0,-1.56226224124487e-06,0,0
94.52,0,0,-6.73373665301651e-07,2.92747758316523e-07,-4.77234216809636e-08,2.07043713682773e-08,1.79415310741909e-07,1.67721279112802e-07,-0,-2.63639004832901e-20,0,-1.54873604835741e-06,0,0
94.54,0,0,-6.67544085722325e-07,2.90213870467568e-07,-4.73111598354269e-08,2.05220983694164e-08,1.77862843620372e-07,1.66269723440482e-07,-0,-2.55698070952392e-20,0,-1.53532695531064e-06,0,0
94.56,0,0,-6.61764964287649e-07,2.87701912053014e-07,-4.69025263972049e-08,2.03415277323747e-08,1.76323773530765e-07,1.64830698623137e-07,-0,-2.48286532663917e-20,0,-1.52203394854302e-06,0,0
94.58,0,0,-6.5603586431129e-07,2.85211693114056e-07,-4.64974874927476e-08,2.01626421174174e-08,1.74797985478369e-07,1.63404097088203e-07,-0,-2.40345598783408e-20,0,-1.50885602326486e-06,0,0
94.6,0,0,-6.50356352889538e-07,2.82743025344502e-07,-4.60960095935688e-08,1.99854243577483e-08,1.73285365453709e-07,1.61989812182796e-07,-0,-2.33463456086967e-20,0,-1.4957921833823e-06,0,0
94.62,0,0,-6.44726000868407e-07,2.80295722076244e-07,-4.56980595127962e-08,1.98098574585932e-08,1.71785800423851e-07,1.60587738165632e-07,-0,-2.26051917798491e-20,0,-1.48284144142201e-06,0,0
94.64,0,0,-6.39144382811007e-07,2.77869598264865e-07,-4.5303604401741e-08,1.96359245962607e-08,1.70299178323791e-07,1.59197770199102e-07,-0,-2.19699170694084e-20,0,-1.47000281845652e-06,0,0
94.66,0,0,-6.33611076965223e-07,2.75464470475364e-07,-4.4912611746485e-08,1.94636091171804e-08,1.68825388047928e-07,1.57819804341372e-07,-0,-2.13346423589677e-20,0,-1.4572753440302e-06,0,0
94.68,0,0,-6.28125665231661e-07,2.73080156868013e-07,-4.45250493644887e-08,1.92928945369193e-08,1.6736431944162e-07,1.56453737538516e-07,-0,-2.07523072077304e-20,0,-1.44465805608585e-06,0,0
94.7,0,0,-6.22687733131886e-07,2.70716477184341e-07,-4.41408854012179e-08,1.9123764539178e-08,1.65915863292825e-07,1.55099467616844e-07,-0,-2.01170324972896e-20,0,-1.43215000089204e-06,0,0
94.72,0,0,-6.17296869776937e-07,2.68373252733238e-07,-4.37600883267919e-08,1.89562029747675e-08,1.64479911323819e-07,1.53756893275213e-07,-0,-1.94817577868489e-20,0,-1.41975023297093e-06,0,0
94.74,0,0,-6.11952667836116e-07,2.66050306377187e-07,-4.33826269326511e-08,1.87901938605667e-08,1.63056356183009e-07,1.52425914077454e-07,-0,-1.88994226356116e-20,0,-1.40745781502684e-06,0,0
94.76,0,0,-6.06654723506052e-07,2.63747462518614e-07,-4.30084703282466e-08,1.86257213784626e-08,1.61645091436807e-07,1.51106430444819e-07,-0,-1.83700270435776e-20,0,-1.39527181787537e-06,0,0
94.78,0,0,-6.0140263648004e-07,2.61464547086367e-07,-4.26375879377506e-08,1.84627698742729e-08,1.60246011561603e-07,1.49798343648537e-07,-0,-1.77876918923403e-20,0,-1.38319132037317e-06,0,0
94.8,0,0,-5.96196009917646e-07,2.59201387522304e-07,-4.22699494967888e-08,1.83013238566529e-08,1.588590119358e-07,1.48501555802493e-07,-0,-1.7205356741103e-20,0,-1.37121540934833e-06,0,0
94.82,0,0,-5.91034450414579e-07,2.56957812768013e-07,-4.19055250491944e-08,1.81413679959868e-08,1.57483988831936e-07,1.47215969855878e-07,-0,-1.67289007082724e-20,0,-1.3593431795313e-06,0,0
94.84,0,0,-5.85917567972828e-07,2.54733653251637e-07,-4.15442849437852e-08,1.79828871232643e-08,1.56120839408884e-07,1.45941489585982e-07,-0,-1.62524446754419e-20,0,-1.34757373348655e-06,0,0
94.86,0,0,-5.80844975971065e-07,2.52528740874828e-07,-4.11861998311627e-08,1.78258662289438e-08,1.54769461704114e-07,1.44678019591005e-07,-0,-1.58289282018147e-20,0,-1.33590618154466e-06,0,0
94.88,0,0,-5.75816291135298e-07,2.50342908999812e-07,-4.08312406605339e-08,1.76702904618015e-08,1.53429754626051e-07,1.43425465282963e-07,-0,-1.53524721689842e-20,0,-1.32433964173512e-06,0,0
94.9,0,0,-5.70831133509794e-07,2.48175992436567e-07,-4.04793786765569e-08,1.751614512777e-08,1.52101617946487e-07,1.42183732880684e-07,-0,-1.48760161361536e-20,0,-1.31287323971968e-06,0,0
94.92,0,0,-5.6588912642825e-07,2.46027827430118e-07,-4.01305854162093e-08,1.73634156887634e-08,1.5078495229308e-07,1.40952729402877e-07,-0,-1.45054392217299e-20,0,-1.30150610872625e-06,0,0
94.94,0,0,-5.60989896485215e-07,2.43898251647947e-07,-3.97848327056805e-08,1.72120877614926e-08,1.49479659141917e-07,1.39732362661119e-07,-0,-1.40289831888993e-20,0,-1.29023738948343e-06,0,0
94.96,0,0,-5.56133073507767e-07,2.4178710416751e-07,-3.94420926572876e-08,1.70621471162708e-08,1.48185640810152e-07,1.38522541253132e-07,-0,-1.36584062744756e-20,0,-1.27906623015553e-06,0,0
94.98,0,0,-5.51318290527442e-07,2.3969422546387e-07,-3.91023376664156e-08,1.69135796758083e-08,1.46902800448713e-07,1.37323174555996e-07,-0,-1.32348898008484e-20,0,-1.26799178627824e-06,0,0
95,0,0,-5.46545183752397e-07,2.37619457397435e-07,-3.87655404084812e-08,1.67663715139996e-08,1.45631042035083e-07,1.36134172719421e-07,-0,-1.28113733272213e-20,0,-1.25701322069482e-06,0,0
95.02,0,0,-5.41813392539832e-07,2.35562643201814e-07,-3.84316738359218e-08,1.66205088547018e-08,1.44370270366139e-07,1.34955446659112e-07,-0,-1.24407964127975e-20,0,-1.24612970349281e-06,0,0
95.04,0,0,-5.3712255936864e-07,2.33523627471771e-07,-3.81007111752081e-08,1.64759780705058e-08,1.43120391051073e-07,1.33786908050202e-07,-0,-1.20702194983738e-20,0,-1.23534041194135e-06,0,0
95.06,0,0,-5.3247232981231e-07,2.31502256151291e-07,-3.77726259238819e-08,1.63327656815004e-08,1.4188131050437e-07,1.32628469320727e-07,-0,-1.169964258395e-20,0,-1.22464453042901e-06,0,0
95.08,0,0,-5.27862352512056e-07,2.29498376521755e-07,-3.74473918476187e-08,1.61908583540304e-08,1.40652935938859e-07,1.31480043645191e-07,-0,-1.13820052287297e-20,0,-1.21404125040218e-06,0,0
95.1,0,0,-5.23292279150187e-07,2.27511837190214e-07,-3.7124982977315e-08,1.60502428994483e-08,1.39435175358824e-07,1.30341544938101e-07,-0,-1.10643678735093e-20,0,-1.20352977030395e-06,0,0
95.12,0,0,-5.18761764423713e-07,2.25542488077776e-07,-3.68053736062004e-08,1.59109062728623e-08,1.3822793755318e-07,1.29212887847729e-07,-0,-1.06937909590855e-20,0,-1.1931092955136e-06,0,0
95.14,0,0,-5.14270466018178e-07,2.23590180408085e-07,-3.64885382869753e-08,1.57728355718781e-08,1.37031132088722e-07,1.28093987749767e-07,-0,-1.03761536038652e-20,0,-1.18277903828652e-06,0,0
95.16,0,0,-5.0981804458172e-07,2.21654766695917e-07,-3.61744518289737e-08,1.56360180353382e-08,1.35844669303428e-07,1.26984760741108e-07,-0,-1.00585162486448e-20,0,-1.17253821769472e-06,0,0
95.18,0,0,-5.05404163699368e-07,2.19736100735861e-07,-3.58630892953508e-08,1.55004410420565e-08,1.34668460299824e-07,1.25885123633725e-07,-0,-9.74087889342445e-21,0,-1.16238605956785e-06,0,0
95.2,0,0,-5.01028489867552e-07,2.17834037591118e-07,-3.55544260002963e-08,1.53660921095512e-08,1.33502416938424e-07,1.24794993948515e-07,-0,-9.47618109740749e-21,0,-1.15232179643468e-06,0,0
95.22,0,0,-4.96690692468845e-07,2.15948433582384e-07,-3.52484375062732e-08,1.52329588927742e-08,1.32346451831216e-07,1.23714289909272e-07,-0,-9.21148330139052e-21,0,-1.14234466746519e-06,0,0
95.24,0,0,-4.92390443746925e-07,2.14079146276848e-07,-3.49450996212817e-08,1.51010291828398e-08,1.31200478335216e-07,1.22642930436694e-07,-0,-8.94678550537355e-21,0,-1.132453918413e-06,0,0
95.26,0,0,-4.88127418781749e-07,2.12226034477269e-07,-3.46443883961486e-08,1.49702909057503e-08,1.30064410546075e-07,1.21580835142446e-07,-0,-8.68208770935658e-21,0,-1.1226488015585e-06,0,0
95.28,0,0,-4.83901295464955e-07,2.10388958211172e-07,-3.43462801218425e-08,1.48407321211225e-08,1.28938163291764e-07,1.20527924323232e-07,-0,-8.41738991333961e-21,0,-1.1129285756523e-06,0,0
95.3,0,0,-4.79711754475473e-07,2.08567778720119e-07,-3.40507513268141e-08,1.47123410209125e-08,1.27821652126291e-07,1.19484118955023e-07,-0,-8.09975255811925e-21,0,-1.10329250585926e-06,0,0
95.32,0,0,-4.75558479255349e-07,2.06762358449093e-07,-3.37577787743622e-08,1.45851059281407e-08,1.26714793323497e-07,1.1844934068724e-07,-0,-7.88799432130567e-21,0,-1.09373986370301e-06,0,0
95.34,0,0,-4.71441155985783e-07,2.04972561035966e-07,-3.34673394600252e-08,1.44590152956175e-08,1.25617503870897e-07,1.17423511837019e-07,-0,-7.6232965252887e-21,0,-1.08426992701089e-06,0,0
95.36,0,0,-4.67359473563376e-07,2.03198251301065e-07,-3.3179410608998e-08,1.43340577046696e-08,1.24529701463586e-07,1.16406555383565e-07,-0,-7.35859872927173e-21,0,-1.07488197985943e-06,0,0
95.38,0,0,-4.63313123576584e-07,2.01439295236827e-07,-3.28939696735745e-08,1.42102218638672e-08,1.23451304498191e-07,1.15398394962508e-07,-0,-7.14684049245816e-21,0,-1.06557531252027e-06,0,0
95.4,0,0,-4.59301800282379e-07,1.99695559997555e-07,-3.2610994330615e-08,1.40874966077536e-08,1.22382232066892e-07,1.14398954860314e-07,-0,-6.93508225564458e-21,0,-1.05634922140656e-06,0,0
95.42,0,0,-4.55325200583113e-07,1.97966913889252e-07,-3.23304624790403e-08,1.39658708955759e-08,1.2132240395148e-07,1.13408160008791e-07,-0,-6.72332401883101e-21,0,-1.04720300901981e-06,0,0
95.44,0,0,-4.51383024003583e-07,1.96253226359561e-07,-3.20523522373494e-08,1.38453338100187e-08,1.20271740617488e-07,1.1242593597959e-07,-0,-6.56450534122083e-21,0,-1.03813598389722e-06,0,0
95.46,0,0,-4.47474972668303e-07,1.94554367987778e-07,-3.17766419411639e-08,1.37258745559401e-08,1.19230163208359e-07,1.11452208978805e-07,-0,-6.35274710440725e-21,0,-1.02914746055948e-06,0,0
95.48,0,0,-4.43600751278966e-07,1.92870210474967e-07,-3.1503310140797e-08,1.36074824591114e-08,1.18197593539679e-07,1.10486905841542e-07,-0,-6.14098886759368e-21,0,-1.02023675945894e-06,0,0
95.5,0,0,-4.39760067092106e-07,1.9120062663416e-07,-3.12323355988477e-08,1.34901469649593e-08,1.17173954093455e-07,1.09529954026665e-07,-0,-5.9821701899835e-21,0,-1.01140320692838e-06,0,0
95.52,0,0,-4.35952629896961e-07,1.89545490380637e-07,-3.09636972878207e-08,1.33738576373126e-08,1.16159168012445e-07,1.08581281611453e-07,-0,-5.82335151237331e-21,0,-1.00264613513005e-06,0,0
95.54,0,0,-4.32178151993517e-07,1.87904676722301e-07,-3.06973743877701e-08,1.32586041571528e-08,1.15153159094546e-07,1.07640817286375e-07,-0,-5.66453283476313e-21,0,-9.9396488200528e-07,0,0
95.56,0,0,-4.2843634817076e-07,1.86278061750137e-07,-3.04333462839694e-08,1.31443763213684e-08,1.14155851787221e-07,1.06708490349921e-07,-0,-5.45277459794956e-21,0,-9.8535879122448e-07,0,0
95.58,0,0,-4.24726935685101e-07,1.84665522628751e-07,-3.01715925646058e-08,1.30311640415151e-08,1.1316717118199e-07,1.05784230703443e-07,-0,-5.29395592033938e-21,0,-9.76827212137567e-07,0,0
95.6,0,0,-4.21049634239001e-07,1.83066937587e-07,-2.99120930184987e-08,1.29189573425797e-08,1.12187043008957e-07,1.04867968846082e-07,-0,-5.1351372427292e-21,0,-9.68369499724832e-07,0,0
95.62,0,0,-4.17404165959781e-07,1.81482185908698e-07,-2.96548276328439e-08,1.280774636175e-08,1.11215393631394e-07,1.03959635869649e-07,-0,-4.97631856511901e-21,0,-9.59985014548236e-07,0,0
95.64,0,0,-4.13790255378612e-07,1.79911147923412e-07,-2.93997765909816e-08,1.26975213471898e-08,1.10252150040371e-07,1.03059163453702e-07,-0,-4.81749988750883e-21,0,-9.51673122703117e-07,0,0
95.66,0,0,-4.1020762940969e-07,1.78353704997335e-07,-2.9146920270189e-08,1.25882726568199e-08,1.09297239849437e-07,1.02166483860518e-07,-0,-4.65868120989865e-21,0,-9.43433195770328e-07,0,0
95.68,0,0,-4.066560173296e-07,1.76809739524241e-07,-2.88962392394977e-08,1.24799907571047e-08,1.08350591289339e-07,1.01281529930192e-07,-0,-4.49986253228847e-21,0,-9.35264610768777e-07,0,0
95.7,0,0,-4.03135150756848e-07,1.75279134916523e-07,-2.86477142575344e-08,1.23726662218455e-08,1.07412133202801e-07,1.00404235075768e-07,-0,-4.39398341388168e-21,0,-9.2716675010839e-07,0,0
95.72,0,0,-3.99644763631581e-07,1.73761775596303e-07,-2.84013262703866e-08,1.22662897309797e-08,1.06481795039338e-07,9.95345332783784e-08,-0,-4.2351647362715e-21,0,-9.19139001543471e-07,0,0
95.74,0,0,-3.96184592195479e-07,1.72257546986634e-07,-2.81570564094914e-08,1.21608520693871e-08,1.05559506850121e-07,9.86723590824895e-08,-0,-4.12928561786471e-21,0,-9.11180758126472e-07,0,0
95.76,0,0,-3.92754374971826e-07,1.70766335502766e-07,-2.7914885989549e-08,1.20563441257027e-08,1.04645199282888e-07,9.78176475911004e-08,-0,-4.02340649945793e-21,0,-9.03291418162164e-07,0,0
95.78,0,0,-3.89353852745749e-07,1.69288028543501e-07,-2.76747965064592e-08,1.19527568911371e-08,1.03738803576899e-07,9.69703344610693e-08,-0,-3.86458782184775e-21,0,-8.954703851622e-07,0,0
95.8,0,0,-3.85982768544636e-07,1.67822514482616e-07,-2.74367696352813e-08,1.18500814583032e-08,1.02840251557932e-07,9.61303558984308e-08,-0,-3.75870870344096e-21,0,-8.87717067800075e-07,0,0
95.82,0,0,-3.82640867618721e-07,1.66369682660368e-07,-2.72007872282185e-08,1.17483090200514e-08,1.01949475633329e-07,9.52976486537683e-08,-0,-3.65282958503417e-21,0,-8.80030879866476e-07,0,0
95.84,0,0,-3.79327897421838e-07,1.64929423375073e-07,-2.69668313126239e-08,1.16474308683118e-08,1.0106640878708e-07,9.44721500176108e-08,-0,-3.54695046662738e-21,0,-8.72411240225018e-07,0,0
95.86,0,0,-3.76043607592343e-07,1.63501627874757e-07,-2.6734884089031e-08,1.15474383929442e-08,1.00190984574953e-07,9.36537978159041e-08,-0,-3.4410713482206e-21,0,-8.64857572768361e-07,0,0
95.88,0,0,-3.72787749934205e-07,1.62086188348883e-07,-2.65049279292061e-08,1.14483230805962e-08,9.93231371196641e-08,9.28425304054882e-08,-0,-3.33519222981381e-21,0,-8.57369306374713e-07,0,0
95.9,0,0,-3.69560078398257e-07,1.60682997920156e-07,-2.62769453742245e-08,1.13500765135691e-08,9.84628011060961e-08,9.20382866696293e-08,-0,-3.22931311140702e-21,0,-8.49945874864699e-07,0,0
95.92,0,0,-3.66360349063611e-07,1.5929195063639e-07,-2.60509191325679e-08,1.12526903686927e-08,9.7609911776549e-08,9.1241006013577e-08,-0,-3.17637355220363e-21,0,-8.42586716958618e-07,0,0
95.94,0,0,-3.63188320119243e-07,1.57912941462457e-07,-2.58268320782458e-08,1.11561564162076e-08,9.67644049260378e-08,9.04506283601697e-08,-0,-3.07049443379684e-21,0,-8.35291276234054e-07,0,0
95.96,0,0,-3.60043751845724e-07,1.56545866272303e-07,-2.56046672489377e-08,1.10604665186562e-08,9.59262168976304e-08,8.96670941455052e-08,-0,-2.99108509499175e-21,0,-8.28059001083866e-07,0,0
95.98,0,0,-3.56926406597123e-07,1.55190621841033e-07,-2.53844078441587e-08,1.09656126297831e-08,9.50952845778257e-08,8.88903443145675e-08,-0,-2.93814553578835e-21,0,-8.20889344674539e-07,0,0
96,0,0,-3.53836048783061e-07,1.53847105837073e-07,-2.51660372234459e-08,1.08715867934428e-08,9.42715453919721e-08,8.81203203169817e-08,-0,-2.85873619698326e-21,0,-8.13781764904888e-07,0,0
96.02,0,0,-3.50772444850922e-07,1.52515216814392e-07,-2.49495389045674e-08,1.07783811425177e-08,9.34549372997223e-08,8.7356964102773e-08,-0,-2.72638729897478e-21,0,-8.06735724365131e-07,0,0
96.04,0,0,-3.47735363268217e-07,1.511948542048e-07,-2.47348965617521e-08,1.06859878978439e-08,9.26453987905322e-08,8.66002181181198e-08,-0,-2.67344773977139e-21,0,-7.99750690296306e-07,0,0
96.06,0,0,-3.4472457450511e-07,1.49885918310314e-07,-2.45220940239418e-08,1.05943993671466e-08,9.18428688791961e-08,8.58500253011945e-08,-0,-2.5675686213646e-21,0,-7.92826134550046e-07,0,0
96.08,0,0,-3.41739851017083e-07,1.48588310295583e-07,-2.43111152730634e-08,1.05036079439847e-08,9.10472871014179e-08,8.5106329078035e-08,-0,-2.5146290621612e-21,0,-7.85961533548699e-07,0,0
96.1,0,0,-3.38780967227763e-07,1.47301932180394e-07,-2.41019444423233e-08,1.0413606106704e-08,9.02585935094262e-08,8.43690733584379e-08,-0,-2.48815928255951e-21,0,-7.79156368245793e-07,0,0
96.12,0,0,-3.3584769951189e-07,1.46026686832232e-07,-2.38945658145216e-08,1.03243864174001e-08,8.94767286676213e-08,8.36382025318594e-08,-0,-2.40874994375442e-21,0,-7.72410124086844e-07,0,0
96.14,0,0,-3.3293982617844e-07,1.4476247795891e-07,-2.36889638203877e-08,1.02359415208909e-08,8.8701633648261e-08,8.29136614634177e-08,-0,-2.32934060494933e-21,0,-7.65722290970504e-07,0,0
96.16,0,0,-3.3005712745389e-07,1.43509210101267e-07,-2.34851230369357e-08,1.01482641436978e-08,8.79332500271855e-08,8.21953954898651e-08,-0,-2.24993126614424e-21,0,-7.59092363210042e-07,0,0
96.18,0,0,-3.2719938546563e-07,1.42266788625928e-07,-2.32830281858408e-08,1.00613470930368e-08,8.71715198795762e-08,8.14833504156496e-08,-0,-2.19699170694084e-21,0,-7.52519839495158e-07,0,0
96.2,0,0,-3.24366384225522e-07,1.41035119718128e-07,-2.30826641318352e-08,9.97518325581916e-09,8.6416385775752e-08,8.07774725089245e-08,-0,-2.14405214773745e-21,0,-7.46004222854138e-07,0,0
96.22,0,0,-3.21557909613592e-07,1.39814110374595e-07,-2.28840158811244e-08,9.88976559766135e-09,8.56677907770009e-08,8.00777084977084e-08,-0,-2.06464280893236e-21,0,-7.39545020616316e-07,0,0
96.24,0,0,-3.1877374936188e-07,1.38603668396509e-07,-2.26870685798223e-08,9.80508716190486e-09,8.49256784314473e-08,7.93840055660051e-08,-0,-2.01170324972896e-21,0,-7.33141744374884e-07,0,0
96.26,0,0,-3.16013693038413e-07,1.37403702382505e-07,-2.24918075124073e-08,9.72114106864546e-09,8.41899927699536e-08,7.86963113499118e-08,-0,-1.93229391092387e-21,0,-7.26793909950002e-07,0,0
96.28,0,0,-3.13277532031329e-07,1.36214121721755e-07,-2.22982181001958e-08,9.63792051377225e-09,8.34606783020576e-08,7.80145739338873e-08,-0,-1.87935435172048e-21,0,-7.20501037352245e-07,0,0
96.3,0,0,-3.10565059533135e-07,1.35034836587099e-07,-2.21062858998369e-08,9.55541876801632e-09,8.27376800119436e-08,7.73387418469449e-08,-0,-1.82641479251709e-21,0,-7.14262650746354e-07,0,0
96.32,0,0,-3.07876070525102e-07,1.3386575792824e-07,-2.19159966018243e-08,9.47362917600925e-09,8.20209433544477e-08,7.66687640589117e-08,-0,-1.74700545371199e-21,0,-7.08078278415308e-07,0,0
96.34,0,0,-3.05210361761794e-07,1.32706797465004e-07,-2.17273360290278e-08,9.3925451553512e-09,8.1310414251097e-08,7.60045899767214e-08,-0,-1.6940658945086e-21,0,-7.01947452724699e-07,0,0
96.36,0,0,-3.02567731755732e-07,1.31557867680651e-07,-2.15402901352434e-08,9.31216019568888e-09,8.0606039086181e-08,7.53461694407575e-08,-0,-1.64112633530521e-21,0,-6.95869710087427e-07,0,0
96.38,0,0,-2.99947980762194e-07,1.30418881815252e-07,-2.1354845003761e-08,9.23246785780318e-09,7.990776470286e-08,7.46934527211695e-08,-0,-1.58818677610181e-21,0,-6.89844590928684e-07,0,0
96.4,0,0,-2.97350910764142e-07,1.2928975385912e-07,-2.11709868459514e-08,9.1534617727067e-09,7.92155383993008e-08,7.40463905142778e-08,-0,-1.56171699650012e-21,0,-6.83871639651258e-07,0,0
96.42,0,0,-2.94776325457285e-07,1.281703985463e-07,-2.09887019998701e-08,9.07513564075095e-09,7.85293079248487e-08,7.34049339389928e-08,-0,-1.53524721689842e-21,0,-6.77950404601124e-07,0,0
96.44,0,0,-2.92224030235267e-07,1.27060731348119e-07,-2.08079769288795e-08,8.99748323074333e-09,7.78490214762301e-08,7.27690345332359e-08,-0,-1.48230765769503e-21,0,-6.7208043803334e-07,0,0
96.46,0,0,-2.89693832174985e-07,1.25960668466788e-07,-2.06287982202887e-08,8.92049837907395e-09,7.7174627693788e-08,7.21386442504387e-08,-0,-1.45583787809333e-21,0,-6.66261296078233e-07,0,0
96.48,0,0,-2.87185540022039e-07,1.24870126829063e-07,-2.04511525840104e-08,8.84417498885209e-09,7.65060756577481e-08,7.15137154560104e-08,-0,-1.42936809849163e-21,0,-6.60492538707882e-07,0,0
96.5,0,0,-2.84698964176296e-07,1.23789024079964e-07,-2.02750268512349e-08,8.76850702905251e-09,7.58433148845167e-08,7.08942009239175e-08,-0,-1.34995875968654e-21,0,-6.54773729702885e-07,0,0
96.52,0,0,-2.82233916677596e-07,1.22717278576542e-07,-2.01004079731214e-08,8.69348853367142e-09,7.51862953230076e-08,7.02800538331993e-08,-0,-1.29701920048315e-21,0,-6.49104436619423e-07,0,0
96.54,0,0,-2.79790211191567e-07,1.21654809381712e-07,-1.99272830195061e-08,8.61911360089218e-09,7.45349673510054e-08,6.96712277645755e-08,-0,-1.27054942088145e-21,0,-6.43484230756596e-07,0,0
96.56,0,0,-2.77367662995573e-07,1.20601536258127e-07,-1.97556391776264e-08,8.54537639226069e-09,7.38892817715517e-08,6.90676766970716e-08,-0,-1.21760986167806e-21,0,-6.37912687124052e-07,0,0
96.58,0,0,-2.74966088964776e-07,1.19557379662119e-07,-1.95854637508619e-08,8.47227113187043e-09,7.3249189809367e-08,6.84693550046353e-08,-0,-1.19114008207636e-21,0,-6.32389384409889e-07,0,0
96.6,0,0,-2.72585307558325e-07,1.1852226073768e-07,-1.94167441574918e-08,8.39979210555715e-09,7.26146431073e-08,6.7876217452841e-08,-0,-1.13820052287297e-21,0,-6.26913904948842e-07,0,0
96.62,0,0,-2.70225138805664e-07,1.1749610131051e-07,-1.92494679294675e-08,8.32793366010312e-09,7.19855937228061e-08,6.72882191955665e-08,-0,-1.11173074327127e-21,0,-6.21485834690733e-07,0,0
96.64,0,0,-2.67885404292953e-07,1.16478823882103e-07,-1.90836227112022e-08,8.25669020245096e-09,7.1361994124457e-08,6.67053157717418e-08,-0,-1.08526096366957e-21,0,-6.1610476316921e-07,0,0
96.66,0,0,-2.65565927149615e-07,1.15470351623897e-07,-1.89191962583748e-08,8.186056198927e-09,7.07437971884793e-08,6.61274631020878e-08,-0,-1.05879118406788e-21,0,-6.10770283470739e-07,0,0
96.68,0,0,-2.63266532034993e-07,1.14470608371467e-07,-1.87561764367503e-08,8.11602617447415e-09,7.01309561953189e-08,6.55546174858904e-08,-0,-1.05879118406788e-21,0,-6.0548199220388e-07,0,0
96.7,0,0,-2.60987045125123e-07,1.13479518618776e-07,-1.85945512210152e-08,8.04659471189416e-09,6.95234248262376e-08,6.49867355978232e-08,-0,-1.00585162486448e-21,0,-6.00239489468814e-07,0,0
96.72,0,0,-2.58727294099627e-07,1.12497007512465e-07,-1.84343086936275e-08,7.97775645109933e-09,6.89211571599349e-08,6.4423774484793e-08,-0,-9.79381845262785e-22,0,-5.95042378827144e-07,0,0
96.74,0,0,-2.56487108128715e-07,1.1152300084621e-07,-1.82754370436819e-08,7.90950608837347e-09,6.83241076692006e-08,6.38656915627775e-08,-0,-9.26442286059391e-22,0,-5.89890267271956e-07,0,0
96.76,0,0,-2.54266317860299e-07,1.10557425055111e-07,-1.811792456579e-08,7.84183837564234e-09,6.77322312175945e-08,6.33124446137111e-08,-0,-8.99972506457694e-22,0,-5.8478276519813e-07,0,0
96.78,0,0,-2.52064755407221e-07,1.09600207210144e-07,-1.79617596589743e-08,7.77474811975318e-09,6.71454830561505e-08,6.27639917824255e-08,-0,-8.73502726855997e-22,0,-5.79719486372919e-07,0,0
96.8,0,0,-2.49882254334592e-07,1.08651275012652e-07,-1.78069308255771e-08,7.70823018176354e-09,6.65638188201134e-08,6.22202915735465e-08,-0,-8.470329472543e-22,0,-5.74700047906775e-07,0,0
96.82,0,0,-2.47718649647236e-07,1.0771055678889e-07,-1.76534266701835e-08,7.64227947623919e-09,6.59871945256973e-08,6.16813028484908e-08,-0,-8.20563167652603e-22,0,-5.6972407022443e-07,0,0
96.84,0,0,-2.45573777777249e-07,1.06777981484613e-07,-1.75012358985577e-08,7.57689097056116e-09,6.54155665668752e-08,6.11469848224282e-08,-0,-8.20563167652603e-22,0,-5.64791177036226e-07,0,0
96.86,0,0,-2.43447476571662e-07,1.0585347865972e-07,-1.73503473165941e-08,7.51205968424175e-09,6.48488917121906e-08,6.06172970613223e-08,-0,-8.20563167652603e-22,0,-5.59900995309693e-07,0,0
96.88,0,0,-2.4133958528021e-07,1.04936978482932e-07,-1.72007498292809e-08,7.44778068824956e-09,6.4287127101602e-08,6.00921994789367e-08,-0,-7.6762360844921e-22,0,-5.55053155241374e-07,0,0
96.9,0,0,-2.39249944543209e-07,1.04028411726528e-07,-1.70524324396782e-08,7.38404910434341e-09,6.37302302433456e-08,5.95716523339264e-08,-0,-7.41153828847513e-22,0,-5.50247290228891e-07,0,0
96.92,0,0,-2.3717839637954e-07,1.03127709761121e-07,-1.69053842479084e-08,7.3208601044151e-09,6.31781590108303e-08,5.90556162268947e-08,-0,-7.41153828847513e-22,0,-5.45483036843253e-07,0,0
96.94,0,0,-2.35124784174728e-07,1.02234804550482e-07,-1.67595944501599e-08,7.25820890984089e-09,6.2630871639555e-08,5.85440520975244e-08,-0,-6.88214269644119e-22,0,-5.40760034801406e-07,0,0
96.96,0,0,-2.33088952669135e-07,1.01349628646408e-07,-1.66150523377045e-08,7.1960907908418e-09,6.20883267240518e-08,5.80369212217026e-08,-0,-6.88214269644119e-22,0,-5.36077926939018e-07,0,0
96.98,0,0,-2.31070747946252e-07,1.00472115183635e-07,-1.64717472959261e-08,7.13450106585242e-09,6.15504832148561e-08,5.75341852086772e-08,-0,-6.61744490042422e-22,0,-5.31436359183499e-07,0,0
97,0,0,-2.29070017421083e-07,9.9602197874796e-08,-1.63296688033631e-08,7.07343510089843e-09,6.10173004154985e-08,5.70358059982412e-08,-0,-6.35274710440725e-22,0,-5.26834980527253e-07,0,0
97.02,0,0,-2.27086609828647e-07,9.87398110054229e-08,-1.61888064307625e-08,7.01288830898246e-09,6.04887379795254e-08,5.65417458579371e-08,-0,-6.35274710440725e-22,0,-5.22273443001168e-07,0,0
97.04,0,0,-2.25120375212561e-07,9.78848894289921e-08,-1.60491498401467e-08,6.95285614947855e-09,5.99647559075405e-08,5.60519673802625e-08,-0,-6.08804930839028e-22,0,-5.17751401648322e-07,0,0
97.06,0,0,-2.23171164913736e-07,9.70373685620126e-08,-1.59106887838916e-08,6.89333412753481e-09,5.94453145442727e-08,5.55664334799641e-08,-0,-5.82335151237331e-22,0,-5.13268514497934e-07,0,0
97.08,0,0,-2.21238831559162e-07,9.61971843791582e-08,-1.57734131038176e-08,6.83431779348447e-09,5.89303745756685e-08,5.50851073912619e-08,-0,-5.82335151237331e-22,0,-5.08824442539523e-07,0,0
97.1,0,0,-2.19323229050795e-07,9.53642734084407e-08,-1.56373127302913e-08,6.77580274226511e-09,5.84198970260064e-08,5.46079526651643e-08,-0,-5.82335151237331e-22,0,-5.04418849697298e-07,0,0
97.12,0,0,-2.17424212554536e-07,9.45385727264263e-08,-1.55023776813393e-08,6.71778461284595e-09,5.79138432550359e-08,5.41349331667992e-08,-0,-5.82335151237331e-22,0,-5.00051402804776e-07,0,0
97.14,0,0,-2.15541638489311e-07,9.37200199534935e-08,-1.53685980617732e-08,6.66025908766328e-09,5.74121749551417e-08,5.3666013072724e-08,-0,-5.82335151237331e-22,0,-4.95721771579603e-07,0,0
97.16,0,0,-2.13675364516237e-07,9.29085532491321e-08,-1.52359640623259e-08,6.60322189206387e-09,5.69148541485293e-08,5.32011568682995e-08,-0,-5.55865371635635e-22,0,-4.9142962859861e-07,0,0
97.18,0,0,-2.11825249527891e-07,9.21041113072831e-08,-1.51044659587988e-08,6.54666879375621e-09,5.64218431844333e-08,5.27403293450897e-08,-0,-5.02925812432241e-22,0,-4.8717464927307e-07,0,0
97.2,0,0,-2.09991153637664e-07,9.13066333517193e-08,-1.49740941112199e-08,6.49059560226964e-09,5.59331047363513e-08,5.22834955982322e-08,-0,-5.02925812432241e-22,0,-4.82956511824182e-07,0,0
97.22,0,0,-2.08172938169211e-07,9.05160591314667e-08,-1.48448389630132e-08,6.43499816842122e-09,5.54486017992986e-08,5.18306210238875e-08,-0,-5.02925812432241e-22,0,-4.78774897258754e-07,0,0
97.24,0,0,-2.06370465645993e-07,8.97323289162646e-08,-1.47166910401775e-08,6.37987238379026e-09,5.49682976870843e-08,5.13816713166598e-08,-0,-4.76456032830544e-22,0,-4.74629489345109e-07,0,0
97.26,0,0,-2.04583599780906e-07,8.89553834920662e-08,-1.45896409504768e-08,6.32521418020035e-09,5.44921560296124e-08,5.0936612467105e-08,-0,-4.76456032830544e-22,0,-4.70519974589185e-07,0,0
97.28,0,0,-2.02812205466002e-07,8.81851641565782e-08,-1.44636793826407e-08,6.27101952920903e-09,5.40201407702034e-08,5.0495410759173e-08,-0,-4.49986253228847e-22,0,-4.66446042210857e-07,0,0
97.3,0,0,-2.01056148762299e-07,8.74216127148384e-08,-1.43387971055742e-08,6.21728444160473e-09,5.35522161629385e-08,5.00580327677574e-08,-0,-4.49986253228847e-22,0,-4.6240738412045e-07,0,0
97.32,0,0,-1.99315296889675e-07,8.66646714748333e-08,-1.42149849675785e-08,6.16400496691121e-09,5.30883467700264e-08,4.96244453561871e-08,-0,-4.49986253228847e-22,0,-4.58403694895465e-07,0,0
97.34,0,0,-1.97589518216859e-07,8.59142832431521e-08,-1.4092233895581e-08,6.11117719289919e-09,5.26284974591907e-08,4.91946156738049e-08,-0,-4.49986253228847e-22,0,-4.544346717575e-07,0,0
97.36,0,0,-1.95878682251494e-07,8.51703913206798e-08,-1.39705348943753e-08,6.05879724510512e-09,5.21726334010778e-08,4.87685111535164e-08,-0,-4.2351647362715e-22,0,-4.50500014549371e-07,0,0
97.38,0,0,-1.94182659630302e-07,8.4432939498327e-08,-1.38498790458704e-08,6.00686128635709e-09,5.17207200666877e-08,4.83460995094006e-08,-0,-3.97046694025453e-22,0,-4.46599425712437e-07,0,0
97.4,0,0,-1.92501322109318e-07,8.37018720527972e-08,-1.373025750835e-08,5.95536551630777e-09,5.12727232248267e-08,4.79273487342989e-08,-0,-3.70576914423756e-22,0,-4.4273261026411e-07,0,0
97.42,0,0,-1.90834542554222e-07,8.29771337423906e-08,-1.36116615157401e-08,5.90430617097422e-09,5.08286089395789e-08,4.7512227097458e-08,-0,-3.97046694025453e-22,0,-4.38899275775572e-07,0,0
97.44,0,0,-1.89182194930747e-07,8.22586698028446e-08,-1.34940823768866e-08,5.85367952228468e-09,5.03883435677996e-08,4.71007031421587e-08,-0,-3.70576914423756e-22,0,-4.35099132349673e-07,0,0
97.46,0,0,-1.87544154295171e-07,8.15464259432101e-08,-1.33775114748414e-08,5.80348187763194e-09,4.99518937566295e-08,4.66927456834111e-08,-0,-3.70576914423756e-22,0,-4.31331892599026e-07,0,0
97.48,0,0,-1.85920296784891e-07,8.0840348341764e-08,-1.32619402661576e-08,5.75370957943358e-09,4.95192264410272e-08,4.62883238056277e-08,-0,-3.4410713482206e-22,0,-4.27597271624295e-07,0,0
97.5,0,0,-1.8431049960908e-07,8.01403836419571e-08,-1.31473602801934e-08,5.70435900469871e-09,4.9090308841327e-08,4.58874068603192e-08,-0,-3.4410713482206e-22,0,-4.2389498699266e-07,0,0
97.52,0,0,-1.82714641039426e-07,7.94464789483966e-08,-1.30337631184243e-08,5.65542656460122e-09,4.86651084608097e-08,4.54899644638371e-08,-0,-3.30872245021211e-22,0,-4.20224758716479e-07,0,0
97.54,0,0,-1.81132600400943e-07,7.87585818228642e-08,-1.29211404537642e-08,5.60690870405954e-09,4.82435930833008e-08,4.50959664951135e-08,-0,-3.17637355220363e-22,0,-4.16586309232125e-07,0,0
97.56,0,0,-1.79564258062875e-07,7.80766402803687e-08,-1.28094840298949e-08,5.55880190132272e-09,4.78257307707827e-08,4.47053830934162e-08,-0,-3.04402465419514e-22,0,-4.12979363379016e-07,0,0
97.58,0,0,-1.78009495429662e-07,7.74006027852321e-08,-1.2698785660603e-08,5.51110266756281e-09,4.74114898610298e-08,4.43181846561241e-08,-0,-2.91167575618666e-22,0,-4.09403648378817e-07,0,0
97.6,0,0,-1.76468194931998e-07,7.67304182472104e-08,-1.25890372291259e-08,5.4638075464734e-09,4.70008389652606e-08,4.39343418365482e-08,-0,-2.77932685817817e-22,0,-4.05858893814827e-07,0,0
97.62,0,0,-1.74940240017961e-07,7.60660360176478e-08,-1.24802306875052e-08,5.41691311387427e-09,4.65937469658122e-08,4.35538255417374e-08,-0,-2.77932685817817e-22,0,-4.02344831611542e-07,0,0
97.64,0,0,-1.73425515144217e-07,7.5407405885664e-08,-1.23723580559481e-08,5.37041597732216e-09,4.61901830138319e-08,4.31766069302898e-08,-0,-2.77932685817817e-22,0,-3.98861196014397e-07,0,0
97.66,0,0,-1.71923905767303e-07,7.4754478074375e-08,-1.22654114221966e-08,5.32431277572736e-09,4.57901165269866e-08,4.28026574102478e-08,-0,-2.77932685817817e-22,0,-3.95407723569681e-07,0,0
97.68,0,0,-1.70435298334986e-07,7.41072032371462e-08,-1.21593829409039e-08,5.27860017897627e-09,4.53935171871946e-08,4.24319486369459e-08,-0,-2.77932685817817e-22,0,-3.91984153104623e-07,0,0
97.7,0,0,-1.68959580277694e-07,7.3465532453878e-08,-1.20542648330189e-08,5.2332748875597e-09,4.50003549383727e-08,4.20644525108968e-08,-0,-2.64697796016969e-22,0,-3.88590225707658e-07,0,0
97.72,0,0,-1.6749664000002e-07,7.28294172273244e-08,-1.19500493851777e-08,5.18833363220692e-09,4.46105999842044e-08,4.17001411756975e-08,-0,-2.64697796016969e-22,0,-3.85225684708857e-07,0,0
97.74,0,0,-1.66046366872308e-07,7.21988094794417e-08,-1.18467289491026e-08,5.1437731735253e-09,4.42242227859244e-08,4.13389870159684e-08,-0,-2.5146290621612e-22,0,-3.81890275660525e-07,0,0
97.76,0,0,-1.64608651222298e-07,7.1573661547771e-08,-1.17442959410077e-08,5.09959030164555e-09,4.38411940601232e-08,4.0980962655273e-08,-0,-2.5146290621612e-22,0,-3.78583746317976e-07,0,0
97.78,0,0,-1.63183384326853e-07,7.09539261818502e-08,-1.16427428410122e-08,5.05578183587242e-09,4.34614847765686e-08,4.06260409540791e-08,-0,-2.38228016415272e-22,0,-3.75305846620461e-07,0,0
97.8,0,0,-1.61770458403758e-07,7.0339556539658e-08,-1.15420621925604e-08,5.01234462434074e-09,4.30850661560449e-08,4.02741950077545e-08,-0,-2.38228016415272e-22,0,-3.72056328672273e-07,0,0
97.82,0,0,-1.6036976660358e-07,6.97305061840887e-08,-1.14422466018485e-08,4.96927554367688e-09,4.27119096682117e-08,3.99253981445182e-08,-0,-2.38228016415272e-22,0,-3.68834946724007e-07,0,0
97.84,0,0,-1.5898120300161e-07,6.91267290794567e-08,-1.13432887372579e-08,4.92657149866541e-09,4.23419870294784e-08,3.95796239234841e-08,-0,-2.38228016415272e-22,0,-3.65641457153987e-07,0,0
97.86,0,0,-1.57604662589867e-07,6.85281795880323e-08,-1.12451813287955e-08,4.88422942192084e-09,4.19752702008969e-08,3.92368461326685e-08,-0,-2.24993126614424e-22,0,-3.62475618449848e-07,0,0
97.88,0,0,-1.56240041269174e-07,6.79348124666068e-08,-1.11479171675403e-08,4.84224627356458e-09,4.16117313860723e-08,3.88970387870366e-08,-0,-2.24993126614424e-22,0,-3.59337191190288e-07,0,0
97.9,0,0,-1.548872358413e-07,6.73465828630873e-08,-1.10514891050966e-08,4.80061904090682e-09,4.12513430290909e-08,3.85601761265434e-08,-0,-2.11758236813575e-22,0,-3.56225938026961e-07,0,0
97.92,0,0,-1.53546144001175e-07,6.67634463131211e-08,-1.0955890053053e-08,4.75934473813343e-09,4.08940778124641e-08,3.8226232614232e-08,-0,-2.24993126614424e-22,0,-3.53141623666545e-07,0,0
97.94,0,0,-1.52216664329164e-07,6.61853587367497e-08,-1.08611129824484e-08,4.71842040599767e-09,4.05399086550904e-08,3.78951829342939e-08,-0,-2.11758236813575e-22,0,-3.5008401485295e-07,0,0
97.96,0,0,-1.50898696283417e-07,6.56122764350908e-08,-1.07671509232432e-08,4.67784311151664e-09,4.01888087102334e-08,3.7567001990203e-08,-0,-1.98523347012727e-22,0,-3.47052880349689e-07,0,0
97.98,0,0,-1.49592140192278e-07,6.50441560870495e-08,-1.06739969637978e-08,4.63760994767258e-09,3.98407513635179e-08,3.72416649028136e-08,-0,-1.98523347012727e-22,0,-3.44047990922397e-07,0,0
98,0,0,-1.48296897246762e-07,6.44809547460584e-08,-1.05816442503553e-08,4.5977180331187e-09,3.94957102309416e-08,3.69191470084977e-08,-0,-1.85288457211878e-22,0,-3.41069119321504e-07,0,0
98.02,0,0,-1.47012869493096e-07,6.39226298368448e-08,-1.04900859865316e-08,4.55816451188962e-09,3.91536591569025e-08,3.65994238573148e-08,-0,-1.85288457211878e-22,0,-3.38116040265054e-07,0,0
98.04,0,0,-1.45739959825328e-07,6.33691391522266e-08,-1.03993154328105e-08,4.5189465531163e-09,3.88145722122446e-08,3.62824712111522e-08,-0,-1.85288457211878e-22,0,-3.35188530421676e-07,0,0
98.06,0,0,-1.44478071977994e-07,6.28204408499356e-08,-1.03093259060446e-08,4.48006135074544e-09,3.84784236923184e-08,3.59682650419304e-08,-0,-1.7205356741103e-22,0,-3.32286368393703e-07,0,0
98.08,0,0,-1.43227110518852e-07,6.22764934494686e-08,-1.02201107789616e-08,4.44150612326317e-09,3.81451881150573e-08,3.56567815297883e-08,-0,-1.58818677610181e-22,0,-3.2940933470043e-07,0,0
98.1,0,0,-1.4198698084168e-07,6.17372558289649e-08,-1.01316634796765e-08,4.40327811342308e-09,3.78148402190715e-08,3.53479970612947e-08,-0,-1.58818677610181e-22,0,-3.26557211761526e-07,0,0
98.12,0,0,-1.40757589159132e-07,6.12026872221116e-08,-1.00439774912087e-08,4.36537458797847e-09,3.74873549617563e-08,3.50418882276824e-08,-0,-1.58818677610181e-22,0,-3.23729783880585e-07,0,0
98.14,0,0,-1.39538842495659e-07,6.0672747215075e-08,-9.95704635100462e-09,4.32779283741874e-09,3.7162707517416e-08,3.47384318230748e-08,-0,-1.45583787809333e-22,0,-3.20926837228816e-07,0,0
98.16,0,0,-1.38330648680486e-07,6.01473957434592e-08,-9.8708636504659e-09,4.29053017570982e-09,3.68408732754043e-08,3.4437604842767e-08,-0,-1.45583787809333e-22,0,-3.18148159828881e-07,0,0
98.18,0,0,-1.37132916340662e-07,5.96265930892898e-08,-9.78542303448213e-09,4.25358394003871e-09,3.652182783828e-08,3.41393844814688e-08,-0,-1.32348898008484e-22,0,-3.15393541538869e-07,0,0
98.2,0,0,-1.35945554894152e-07,5.9110299878025e-08,-9.70071820096908e-09,4.21695149056191e-09,3.62055470199773e-08,3.38437481316193e-08,-0,-1.32348898008484e-22,0,-3.12662774036404e-07,0,0
98.22,0,0,-1.34768474543004e-07,5.85984770755914e-08,-9.61674290041173e-09,4.18063021015773e-09,3.58920068439926e-08,3.35506733816552e-08,-0,-1.19114008207636e-22,0,-3.09955650802901e-07,0,0
98.24,0,0,-1.33601586266567e-07,5.80910859854461e-08,-9.53349093541233e-09,4.14461750418249e-09,3.55811835415848e-08,3.32601380143478e-08,-0,-1.05879118406788e-22,0,-3.07271967107949e-07,0,0
98.26,0,0,-1.32444801814769e-07,5.75880882456633e-08,-9.45095616024323e-09,4.10891080023038e-09,3.52730535499909e-08,3.29721200051304e-08,-0,-1.19114008207636e-22,0,-3.04611519993833e-07,0,0
98.28,0,0,-1.31298033701456e-07,5.70894458260473e-08,-9.36913248040448e-09,4.07350754789708e-09,3.4967593510659e-08,3.26865975204161e-08,-0,-1.05879118406788e-22,0,-3.01974108260191e-07,0,0
98.3,0,0,-1.30161195197783e-07,5.65951210252691e-08,-9.28801385218615e-09,4.03840521854699e-09,3.46647802674914e-08,3.24035489159904e-08,-0,-1.05879118406788e-22,0,-2.99359532448796e-07,0,0
98.32,0,0,-1.29034200325668e-07,5.61050764680286e-08,-9.20759428223526e-09,4.00360130508406e-09,3.43645908651065e-08,3.21229527353451e-08,-0,-1.05879118406788e-22,0,-2.96767594828484e-07,0,0
98.34,0,0,-1.27916963851298e-07,5.56192751022406e-08,-9.12786782712721e-09,3.96909332172606e-09,3.40670025471133e-08,3.18447877080869e-08,-0,-9.26442286059391e-23,0,-2.94198099380196e-07,0,0
98.36,0,0,-1.26809401278691e-07,5.51376801962456e-08,-9.04882859294178e-09,3.93487880378237e-09,3.37719927544005e-08,3.15690327483226e-08,-0,-9.26442286059391e-23,0,-2.91650851782162e-07,0,0
98.38,0,0,-1.25711428843318e-07,5.46602553360447e-08,-8.97047073484347e-09,3.90095530743511e-09,3.34795391234401e-08,3.12956669530742e-08,-0,-7.94093388050907e-23,0,-2.89125659395205e-07,0,0
98.4,0,0,-1.24622963505778e-07,5.41869644225574e-08,-8.89278845666622e-09,3.86732040952367e-09,3.3189619484605e-08,3.10246696006997e-08,-0,-9.26442286059391e-23,0,-2.86622331248178e-07,0,0
98.42,0,0,-1.23543922945523e-07,5.37177716689044e-08,-8.81577601050236e-09,3.83397170733243e-09,3.29022118605008e-08,3.07560201493224e-08,-0,-7.94093388050907e-23,0,-2.84140678023523e-07,0,0
98.44,0,0,-1.22474225554644e-07,5.32526415977128e-08,-8.73942769629583e-09,3.80090681838173e-09,3.26172944643115e-08,3.04896982352994e-08,-0,-9.26442286059391e-23,0,-2.81680512042955e-07,0,0
98.46,0,0,-1.21413790431705e-07,5.27915390384448e-08,-8.66373786143955e-09,3.76812338022198e-09,3.23348456981585e-08,3.02256836716644e-08,-0,-9.26442286059391e-23,0,-2.79241647253275e-07,0,0
98.48,0,0,-1.20362537375637e-07,5.23344291247499e-08,-8.58870090037679e-09,3.73561905023094e-09,3.20548441514745e-08,2.99639564466206e-08,-0,-9.26442286059391e-23,0,-2.76823899212296e-07,0,0
98.5,0,0,-1.19320386879677e-07,5.18812772918387e-08,-8.51431125420667e-09,3.70339150541393e-09,3.17772685993902e-08,2.97044967220148e-08,-0,-7.94093388050907e-23,0,-2.744270850749e-07,0,0
98.52,0,0,-1.18287260125362e-07,5.14320492738812e-08,-8.44056341029357e-09,3.67143844220714e-09,3.15020980011346e-08,2.94472848318502e-08,-0,-7.94093388050907e-23,0,-2.72051023579212e-07,0,0
98.54,0,0,-1.17263078976582e-07,5.09867111014256e-08,-8.36745190188046e-09,3.63975757628383e-09,3.12293114984487e-08,2.91923012807943e-08,-0,-7.94093388050907e-23,0,-2.69695535032892e-07,0,0
98.56,0,0,-1.16247765973669e-07,5.05452290988403e-08,-8.29497130770606e-09,3.60834664236342e-09,3.0958888414013e-08,2.89395267427064e-08,-0,-7.94093388050907e-23,0,-2.6736044129955e-07,0,0
98.58,0,0,-1.15241244327553e-07,5.01075698817784e-08,-8.22311625162581e-09,3.57720339402342e-09,3.06908082498874e-08,2.86889420591749e-08,-0,-6.61744490042422e-23,0,-2.65045565785271e-07,0,0
98.6,0,0,-1.14243437913958e-07,4.96737003546626e-08,-8.15188140223658e-09,3.54632560351413e-09,3.04250506859647e-08,2.84405282380739e-08,-0,-6.61744490042422e-23,0,-2.62750733425266e-07,0,0
98.62,0,0,-1.13254271267653e-07,4.92435877081936e-08,-8.081261472505e-09,3.51571106157607e-09,3.01615955784367e-08,2.81942664521201e-08,-0,-6.61744490042422e-23,0,-2.60475770670629e-07,0,0
98.64,0,0,-1.12273669576753e-07,4.88171994168779e-08,-8.01125121939951e-09,3.48535757726014e-09,2.99004229582743e-08,2.79501380374536e-08,-0,-5.29395592033938e-23,0,-2.58220505475218e-07,0,0
98.66,0,0,-1.11301558677061e-07,4.8394503236579e-08,-7.94184544352591e-09,3.45526297775031e-09,2.96415130297187e-08,2.77081244922227e-08,-0,-5.29395592033938e-23,0,-2.55984767282642e-07,0,0
98.68,0,0,-1.10337865046472e-07,4.79754672020879e-08,-7.87303898876644e-09,3.42542510818902e-09,2.93848461687866e-08,2.74682074751862e-08,-0,-5.29395592033938e-23,0,-2.53768387013364e-07,0,0
98.7,0,0,-1.09382515799416e-07,4.75600596247159e-08,-7.80482674192233e-09,3.39584183150503e-09,2.91304029217876e-08,2.72303688043164e-08,-0,-5.29395592033938e-23,0,-2.51571197051912e-07,0,0
98.72,0,0,-1.08435438681351e-07,4.7148249089907e-08,-7.73720363235982e-09,3.36651102824377e-09,2.88781640038536e-08,2.69945904554346e-08,-0,-3.97046694025453e-23,0,-2.49393031234209e-07,0,0
98.74,0,0,-1.07496562063305e-07,4.67400044548717e-08,-7.67016463165945e-09,3.33743059640015e-09,2.86281102974812e-08,2.67608545608338e-08,-0,-3.97046694025453e-23,0,-2.47233724835004e-07,0,0
98.76,0,0,-1.06565814936462e-07,4.63352948462408e-08,-7.60370475326873e-09,3.30859845125376e-09,2.83802228510865e-08,2.65291434079421e-08,-0,-3.97046694025453e-23,0,-2.45093114555412e-07,0,0
98.78,0,0,-1.05643126906802e-07,4.59340896577395e-08,-7.5378190521581e-09,3.28001252520643e-09,2.81344828775719e-08,2.62994394379537e-08,-0,-2.64697796016969e-23,0,-2.42971038510571e-07,0,0
98.8,0,0,-1.04728428189775e-07,4.55363585478812e-08,-7.47250262448009e-09,3.2516707676221e-09,2.78908717529038e-08,2.60717252445255e-08,-0,-2.64697796016969e-23,0,-2.40867336217393e-07,0,0
98.82,0,0,-1.03821649605034e-07,4.5142071437682e-08,-7.40775060723164e-09,3.2235711446689e-09,2.76493710147045e-08,2.58459835724434e-08,-0,-3.97046694025453e-23,0,-2.38781848582432e-07,0,0
98.84,0,0,-1.02922722571206e-07,4.47511985083937e-08,-7.34355817791956e-09,3.19571163916356e-09,2.74099623608548e-08,2.56221973163117e-08,-0,-3.97046694025453e-23,0,-2.3671441788985e-07,0,0
98.86,0,0,-1.02031579100707e-07,4.43637101992573e-08,-7.27992055422915e-09,3.16809025041788e-09,2.7172627648108e-08,2.54003495192655e-08,-0,-5.29395592033938e-23,0,-2.3466488778949e-07,0,0
98.88,0,0,-1.01148151794609e-07,4.39795772052754e-08,-7.21683299369578e-09,3.14070499408744e-09,2.69373488907165e-08,2.51804233716724e-08,-0,-5.29395592033938e-23,0,-2.32633103285052e-07,0,0
98.9,0,0,-1.00272373837545e-07,4.3598770475004e-08,-7.15429079337951e-09,3.1135539020223e-09,2.67041082590694e-08,2.49624022098738e-08,-0,-5.29395592033938e-23,0,-2.30618910722368e-07,0,0
98.92,0,0,-9.94041789926572e-08,4.32212612083628e-08,-7.09228928954268e-09,3.08663502211987e-09,2.64728880783419e-08,2.47462695149013e-08,-0,-5.29395592033938e-23,0,-2.28622157777789e-07,0,0
98.94,0,0,-9.85435015965964e-08,4.2847020854465e-08,-7.03082385733042e-09,3.05994641817972e-09,2.62436708271564e-08,2.45320089112398e-08,-0,-3.97046694025453e-23,0,-2.26642693446654e-07,0,0
98.96,0,0,-9.76902765545559e-08,4.24760211094654e-08,-6.96988991045407e-09,3.0334861697604e-09,2.60164391362546e-08,2.43196041655734e-08,-0,-3.97046694025453e-23,0,-2.24680368031879e-07,0,0
98.98,0,0,-9.68444393353535e-08,4.21082339144272e-08,-6.90948290087733e-09,3.00725237203817e-09,2.57911757871808e-08,2.41090391855548e-08,-0,-3.97046694025453e-23,0,-2.22735033132631e-07,0,0
99,0,0,-9.60059259665544e-08,4.17436314532069e-08,-6.84959831850542e-09,2.9812431356677e-09,2.55678637109761e-08,2.39002980185873e-08,-0,-3.97046694025453e-23,0,-2.20806541633105e-07,0,0
99.02,0,0,-9.51746730296359e-08,4.1382186150358e-08,-6.7902316908768e-09,2.95545658664457e-09,2.53464859868851e-08,2.36933648506111e-08,-0,-3.97046694025453e-23,0,-2.18894747691396e-07,0,0
99.04,0,0,-9.43506176551951e-08,4.10238706690516e-08,-6.73137858285773e-09,2.92989086616961e-09,2.51270258410715e-08,2.3488224004904e-08,-0,-3.97046694025453e-23,0,-2.16999506728473e-07,0,0
99.06,0,0,-9.35336975181962e-08,4.06686579090163e-08,-6.67303459633954e-09,2.90454413051508e-09,2.49094666453464e-08,2.32848599408825e-08,-0,-3.97046694025453e-23,0,-2.1512067541724e-07,0,0
99.08,0,0,-9.27238508332607e-08,4.03165210044949e-08,-6.61519536993851e-09,2.87941455089254e-09,2.46937919159063e-08,2.30832572529303e-08,-0,-2.64697796016969e-23,0,-2.13258111671697e-07,0,0
99.1,0,0,-9.19210163499967e-08,3.99674333222189e-08,-6.55785657869835e-09,2.85450031332255e-09,2.44799853120822e-08,2.28834006692259e-08,-0,-2.64697796016969e-23,0,-2.11411674636194e-07,0,0
99.12,0,0,-9.11251333483697e-08,3.96213684594008e-08,-6.50101393379537e-09,2.82979961850591e-09,2.42680306350994e-08,2.26852750505757e-08,-0,-3.30872245021211e-23,0,-2.09581224674779e-07,0,0
99.14,0,0,-9.03361416341127e-08,3.92783002417427e-08,-6.44466318224612e-09,2.80531068169671e-09,2.4057911826848e-08,2.24888653892692e-08,-0,-2.64697796016969e-23,0,-2.07766623360634e-07,0,0
99.16,0,0,-8.95539815341761e-08,3.89382027214634e-08,-6.38880010661756e-09,2.78103173257692e-09,2.38496129686632e-08,2.22941568079362e-08,-0,-2.64697796016969e-23,0,-2.05967733465608e-07,0,0
99.18,0,0,-8.87785938922173e-08,3.86010501753414e-08,-6.33342052473978e-09,2.7569610151326e-09,2.36431182801174e-08,2.21011345584161e-08,-0,-2.64697796016969e-23,0,-2.04184418949833e-07,0,0
99.2,0,0,-8.80099200641286e-08,3.82668171027753e-08,-6.27852028942114e-09,2.73309678753167e-09,2.34384121178203e-08,2.19097840206359e-08,-0,-2.64697796016969e-23,0,-2.02416544951443e-07,0,0
99.22,0,0,-8.7247901913604e-08,3.79354782238607e-08,-6.22409528816581e-09,2.70943732200322e-09,2.32354789742315e-08,2.17200907014971e-08,-0,-3.30872245021211e-23,0,-2.00663977776365e-07,0,0
99.24,0,0,-8.64924818077449e-08,3.76070084774834e-08,-6.17014144289377e-09,2.68598090471832e-09,2.30343034764825e-08,2.15320402337752e-08,-0,-3.30872245021211e-23,0,-1.98926584888213e-07,0,0
99.26,0,0,-8.57436026127025e-08,3.72813830194299e-08,-6.11665470966313e-09,2.66272583567228e-09,2.2834870385208e-08,2.13456183750209e-08,-0,-2.64697796016969e-23,0,-1.9720423489826e-07,0,0
99.28,0,0,-8.50012076893591e-08,3.69585772205127e-08,-6.06363107839485e-09,2.63967042856841e-09,2.26371645933878e-08,2.11608110064932e-08,-0,-2.64697796016969e-23,0,-1.95496797555501e-07,0,0
99.3,0,0,-8.42652408890458e-08,3.66385666647136e-08,-6.01106657259966e-09,2.61681301070315e-09,2.24411711251992e-08,2.09776041320589e-08,-0,-2.64697796016969e-23,0,-1.93804143736803e-07,0,0
99.32,0,0,-8.35356465492979e-08,3.63213271473411e-08,-5.95895724910741e-09,2.5941519228526e-09,2.22468751348777e-08,2.07959838771515e-08,-0,-1.98523347012727e-23,0,-1.92126145437137e-07,0,0
99.34,0,0,-8.28123694896465e-08,3.60068346732051e-08,-5.90729919779856e-09,2.57168551916041e-09,2.20542619055889e-08,2.06159364877014e-08,-0,-1.32348898008484e-23,0,-1.90462675759897e-07,0,0
99.36,0,0,-8.20953550074463e-08,3.56950654548062e-08,-5.85608854133794e-09,2.54941216702702e-09,2.1863316848309e-08,2.04374483290956e-08,-0,-1.98523347012727e-23,0,-1.88813608907299e-07,0,0
99.38,0,0,-8.13845488737405e-08,3.53859959105419e-08,-5.80532143491071e-09,2.5273302470002e-09,2.16740255007161e-08,2.02605058851341e-08,-0,-1.98523347012727e-23,0,-1.87178820170871e-07,0,0
99.4,0,0,-8.06798973291599e-08,3.50796026629268e-08,-5.75499406596052e-09,2.50543815266687e-09,2.14863735260893e-08,2.00850957570069e-08,-0,-1.98523347012727e-23,0,-1.85558185922015e-07,0,0
99.42,0,0,-7.99813470798586e-08,3.4775862536829e-08,-5.70510265392977e-09,2.48373429054618e-09,2.13003467122189e-08,1.99112046622697e-08,-0,-2.64697796016969e-23,0,-1.8395158360266e-07,0,0
99.44,0,0,-7.92888452934844e-08,3.44747525577218e-08,-5.65564345000205e-09,2.46221707998382e-09,2.11159309703248e-08,1.9738819433835e-08,-0,-2.64697796016969e-23,0,-1.8235889171599e-07,0,0
99.46,0,0,-7.86023395951842e-08,3.41762499499496e-08,-5.60661273684662e-09,2.44088495304756e-09,2.09331123339846e-08,1.9567927018963e-08,-0,-2.64697796016969e-23,0,-1.80779989817254e-07,0,0
99.48,0,0,-7.79217780636433e-08,3.38803321350096e-08,-5.55800682836504e-09,2.41973635442392e-09,2.07518769580711e-08,1.93985144782792e-08,-0,-1.98523347012727e-23,0,-1.79214758504655e-07,0,0
99.5,0,0,-7.72471092271601e-08,3.35869767298479e-08,-5.50982206943981e-09,2.39876974131609e-09,2.05722111176982e-08,1.92305689847829e-08,-0,-2.64697796016969e-23,0,-1.77663079410323e-07,0,0
99.52,0,0,-7.65782820597533e-08,3.32961615451704e-08,-5.46205483568504e-09,2.37798358334292e-09,2.0394101207177e-08,1.90640778228625e-08,-0,-1.98523347012727e-23,0,-1.76124835191355e-07,0,0
99.54,0,0,-7.59152459773043e-08,3.3007864583768e-08,-5.41470153319912e-09,2.35737636243903e-09,2.02175337389796e-08,1.88990283873414e-08,-0,-1.98523347012727e-23,0,-1.74599909520944e-07,0,0
99.56,0,0,-7.52579508337313e-08,3.27220640388563e-08,-5.36775859831943e-09,2.33694657275608e-09,2.00424953427131e-08,1.87354081825078e-08,-0,-2.64697796016969e-23,0,-1.73088187079579e-07,0,0
99.58,0,0,-7.46063469171979e-08,3.24387382924301e-08,-5.32122249737897e-09,2.31669272056504e-09,1.98689727641011e-08,1.85732048211642e-08,-0,-2.64697796016969e-23,0,-1.71589553546321e-07,0,0
99.6,0,0,-7.39603849463535e-08,3.21578659136313e-08,-5.27508972646491e-09,2.29661332415959e-09,1.96969528639747e-08,1.84124060236882e-08,-0,-2.64697796016969e-23,0,-1.70103895590158e-07,0,0
99.62,0,0,-7.33200160666066e-08,3.18794256571314e-08,-5.22935681117914e-09,2.27670691376045e-09,1.95264226172724e-08,1.82529996170896e-08,-0,-2.64697796016969e-23,0,-1.68631100861429e-07,0,0
99.64,0,0,-7.26851918464306e-08,3.16033964615276e-08,-5.18402030640064e-09,2.25697203142084e-09,1.93573691120477e-08,1.80949735340901e-08,-0,-2.64697796016969e-23,0,-1.67171057983331e-07,0,0
99.66,0,0,-7.20558642737008e-08,3.13297574477528e-08,-5.13907679604979e-09,2.23740723093285e-09,1.91897795484862e-08,1.79383158121993e-08,-0,-2.64697796016969e-23,0,-1.65723656543488e-07,0,0
99.68,0,0,-7.14319857520637e-08,3.10584879174996e-08,-5.09452289285451e-09,2.21801107773483e-09,1.90236412379309e-08,1.77830145928054e-08,-0,-3.30872245021211e-23,0,-1.64288787085605e-07,0,0
99.7,0,0,-7.08135090973372e-08,3.07895673516575e-08,-5.05035523811824e-09,2.19878214881973e-09,1.88589416019156e-08,1.76290581202678e-08,-0,-3.30872245021211e-23,0,-1.62866341101187e-07,0,0
99.72,0,0,-7.02003875339427e-08,3.05229754087634e-08,-5.0065705014898e-09,2.17971903264435e-09,1.86956681712064e-08,1.74764347410271e-08,-0,-2.64697796016969e-23,0,-1.61456211021329e-07,0,0
99.74,0,0,-6.95925746913668e-08,3.02586919234663e-08,-4.96316538073496e-09,2.16082032903957e-09,1.85338085848526e-08,1.73251329027131e-08,-0,-2.64697796016969e-23,0,-1.60058290208582e-07,0,0
99.76,0,0,-6.8990024600655e-08,2.9996696905004e-08,-4.92013660150988e-09,2.14208464912142e-09,1.83733505892446e-08,1.71751411532622e-08,-0,-1.98523347012727e-23,0,-1.58672472948884e-07,0,0
99.78,0,0,-6.83926916909347e-08,2.97369705356941e-08,-4.8774809171363e-09,2.12351061520309e-09,1.82142820371807e-08,1.70264481400521e-08,-0,-1.98523347012727e-23,0,-1.57298654443569e-07,0,0
99.8,0,0,-6.78005307859685e-08,2.94794931694371e-08,-4.83519510837842e-09,2.10509686070777e-09,1.80565908869409e-08,1.68790426090285e-08,-0,-1.98523347012727e-23,0,-1.55936730801433e-07,0,0
99.82,0,0,-6.72134971007376e-08,2.92242453302332e-08,-4.79327598322162e-09,2.08684203008238e-09,1.79002652013704e-08,1.67329134038506e-08,-0,-1.98523347012727e-23,0,-1.54586599030882e-07,0,0
99.84,0,0,-6.66315462380546e-08,2.89712077107107e-08,-4.75172037665281e-09,2.06874477871209e-09,1.77452931469695e-08,1.6588049465043e-08,-0,-1.98523347012727e-23,0,-1.53248157032135e-07,0,0
99.86,0,0,-6.60546341852051e-08,2.87203611706686e-08,-4.71052515044252e-09,2.05080377283575e-09,1.7591662992992e-08,1.64444398291459e-08,-0,-1.98523347012727e-23,0,-1.51921303589507e-07,0,0
99.88,0,0,-6.54827173106195e-08,2.84716867356306e-08,-4.66968719292866e-09,2.03301768946201e-09,1.74393631105511e-08,1.63020736278922e-08,-0,-2.64697796016969e-23,0,-1.50605938363749e-07,0,0
99.9,0,0,-6.4915752360572e-08,2.82251655954119e-08,-4.62920341880196e-09,2.01538521628633e-09,1.72883819717337e-08,1.61609400873596e-08,-0,-1.98523347012727e-23,0,-1.49301961884461e-07,0,0
99.92,0,0,-6.43536964559097e-08,2.79807791026984e-08,-4.58907076889309e-09,1.99790505160873e-09,1.71387081487217e-08,1.60210285271708e-08,-0,-1.98523347012727e-23,0,-1.48009275542564e-07,0,0
99.94,0,0,-6.3796507088809e-08,2.77385087716384e-08,-4.5492862099613e-09,1.98057590425231e-09,1.69903303129206e-08,1.58823283596629e-08,-0,-2.64697796016969e-23,0,-1.46727781582846e-07,0,0
99.96,0,0,-6.32441421195603e-08,2.74983362764457e-08,-4.50984673448486e-09,1.96339649348253e-09,1.6843237234097e-08,1.57448290890879e-08,-0,-2.64697796016969e-23,0,-1.45457383096563e-07,0,0
99.98,0,0,-6.26965597733805e-08,2.72602434500158e-08,-4.47074936045297e-09,1.94636554892718e-09,1.66974177795218e-08,1.56085203108129e-08,-0,-2.64697796016969e-23,0,-1.44197984014111e-07,0,0
100,0,0,-6.21537186372535e-08,2.70242122825526e-08,-4.4319911311593e-09,1.92948181049716e-09,1.65528609131228e-08,1.54733917105225e-08,-0,-1.98523347012727e-23,0,-1.42949489097761e-07,0,0
100.02,0,0,-6.16155776567972e-08,2.67902249202086e-08,-4.39356911499712e-09,1.91274402830791e-09,1.64095556946422e-08,1.53394330634384e-08,-0,-2.64697796016969e-23,0,-1.41711803934449e-07,0,0
100.04,0,0,-6.10820961331582e-08,2.65582636637355e-08,-4.35548040525603e-09,1.89615096260154e-09,1.62674912788042e-08,1.52066342335354e-08,-0,-2.64697796016969e-23,0,-1.4048483492864e-07,0,0
100.06,0,0,-6.05532337199334e-08,2.6328310967147e-08,-4.31772211992013e-09,1.87970138366969e-09,1.61266569144872e-08,1.50749851727692e-08,-0,-2.64697796016969e-23,0,-1.39268489295248e-07,0,0
100.08,0,0,-6.00289504201175e-08,2.61003494363931e-08,-4.28029140146784e-09,1.86339407177702e-09,1.59870419439052e-08,1.4944475920313e-08,-0,-1.98523347012727e-23,0,-1.38062675052613e-07,0,0
100.1,0,0,-5.95092065830783e-08,2.58743618280458e-08,-4.24318541667319e-09,1.8472278170854e-09,1.58486358017947e-08,1.48150966017961e-08,-0,-1.98523347012727e-23,0,-1.36867301015549e-07,0,0
100.12,0,0,-5.89939629015563e-08,2.5650331047996e-08,-4.20640135640862e-09,1.83120141957872e-09,1.57114280146099e-08,1.4686837428552e-08,-0,-1.98523347012727e-23,0,-1.35682276788443e-07,0,0
100.14,0,0,-5.84831804086922e-08,2.54282401501617e-08,-4.16993643544932e-09,1.81531368898835e-09,1.55754081997242e-08,1.45596886968723e-08,-0,-1.98523347012727e-23,0,-1.34507512758418e-07,0,0
100.16,0,0,-5.79768204750785e-08,2.52080723352075e-08,-4.13378789227897e-09,1.79956344471927e-09,1.5440566064639e-08,1.4433640787267e-08,-0,-1.98523347012727e-23,0,-1.33342920088554e-07,0,0
100.18,0,0,-5.74748448058375e-08,2.49898109492749e-08,-4.09795298889702e-09,1.78394951577676e-09,1.53068914061989e-08,1.43086841637316e-08,-0,-2.64697796016969e-23,0,-1.32188410711171e-07,0,0
100.2,0,0,-5.69772154377247e-08,2.4773439482724e-08,-4.06242901062744e-09,1.76847074069377e-09,1.51743741098142e-08,1.4184809373017e-08,-0,-1.98523347012727e-23,0,-1.31043897321163e-07,0,0
100.22,0,0,-5.64838947362563e-08,2.4558941568885e-08,-4.02721326592885e-09,1.75312596745877e-09,1.50430041486898e-08,1.40620070439146e-08,-0,-1.98523347012727e-23,0,-1.29909293369399e-07,0,0
100.24,0,0,-5.59948453928625e-08,2.43463009828219e-08,-3.99230308620615e-09,1.73791405344438e-09,1.49127715830611e-08,1.39402678865393e-08,-0,-1.32348898008484e-23,0,-1.28784513056173e-07,0,0
100.26,0,0,-5.55100304220655e-08,2.41355016401058e-08,-3.95769582562352e-09,1.7228338653364e-09,1.47836665594362e-08,1.38195826916208e-08,-0,-1.32348898008484e-23,0,-1.27669471324713e-07,0,0
100.28,0,0,-5.50294131586806e-08,2.3926527595599e-08,-3.9233888609189e-09,1.7078842790635e-09,1.46556793098451e-08,1.36999423298013e-08,-0,-6.61744490042422e-24,0,-1.26564083854751e-07,0,0
100.3,0,0,-5.45529572550435e-08,2.37193630422502e-08,-3.88937959121981e-09,1.69306417972747e-09,1.4528800151095e-08,1.35813377509444e-08,-0,-1.32348898008484e-23,0,-1.25468267056143e-07,0,0
100.32,0,0,-5.40806266782597e-08,2.3513992309899e-08,-3.85566543786056e-09,1.67837246153402e-09,1.44030194840324e-08,1.34637599834369e-08,-0,-6.61744490042422e-24,0,-1.24381938062544e-07,0,0
100.34,0,0,-5.3612385707479e-08,2.33103998640917e-08,-3.82224384420089e-09,1.66380802772413e-09,1.42783277928116e-08,1.33472001335146e-08,-0,-1.32348898008484e-23,0,-1.23305014725145e-07,0,0
100.36,0,0,-5.31481989311929e-08,2.31085703049068e-08,-3.78911227544595e-09,1.64936979050588e-09,1.41547156441689e-08,1.32316493845757e-08,-0,-1.32348898008484e-23,0,-1.22237415606453e-07,0,0
100.38,0,0,-5.2688031244556e-08,2.29084883657909e-08,-3.75626821846759e-09,1.63505667098693e-09,1.40321736867044e-08,1.31170989965161e-08,-0,-6.61744490042422e-24,0,-1.21179059974136e-07,0,0
100.4,0,0,-5.22318478467296e-08,2.27101389124042e-08,-3.7237091816271e-09,1.62086759910738e-09,1.39106926501686e-08,1.30035403050634e-08,-0,-1.32348898008484e-23,0,-1.20129867794914e-07,0,0
100.42,0,0,-5.17796142382493e-08,2.25135069414765e-08,-3.69143269459917e-09,1.60680151357329e-09,1.37902633447568e-08,1.28909647211086e-08,-0,-1.32348898008484e-23,0,-1.19089759728504e-07,0,0
100.44,0,0,-5.13312962184149e-08,2.23185775796731e-08,-3.6594363081973e-09,1.59285736179056e-09,1.3670876660408e-08,1.27793637300591e-08,-0,-6.61744490042422e-24,0,-1.18058657121625e-07,0,0
100.46,0,0,-5.08868598827029e-08,2.21253360824694e-08,-3.62771759420039e-09,1.57903409979946e-09,1.35525235661108e-08,1.26687288911906e-08,-0,-6.61744490042422e-24,0,-1.17036482002038e-07,0,0
100.48,0,0,-5.04462716202016e-08,2.1933767833037e-08,-3.59627414518073e-09,1.56533069220951e-09,1.34351951092159e-08,1.25590518369979e-08,-0,-6.61744490042422e-24,0,-1.16023157072657e-07,0,0
100.5,0,0,-5.00094981110679e-08,2.17438583411378e-08,-3.56510357433328e-09,1.55174611213496e-09,1.33188824147528e-08,1.24503242725644e-08,-0,0,0,-1.15018605705701e-07,0,0
100.52,0,0,-4.95765063240069e-08,2.15555932420286e-08,-3.5342035153062e-09,1.53827934113067e-09,1.32035766847544e-08,1.23425379749245e-08,-0,0,0,-1.14022751936894e-07,0,0
100.54,0,0,-4.91472635137726e-08,2.13689582953748e-08,-3.50357162203267e-09,1.52492936912854e-09,1.30892691975866e-08,1.2235684792441e-08,-0,0,0,-1.1303552045972e-07,0,0
100.56,0,0,-4.87217372186905e-08,2.11839393841732e-08,-3.47320556856401e-09,1.51169519437431e-09,1.29759513072833e-08,1.21297566441821e-08,-0,0,0,-1.12056836619732e-07,0,0
100.58,0,0,-4.82998952582019e-08,2.1000522513685e-08,-3.44310304890397e-09,1.4985758233649e-09,1.2863614442888e-08,1.20247455193084e-08,-0,0,0,-1.11086626408898e-07,0,0
100.6,0,0,-4.78817057304289e-08,2.08186938103772e-08,-3.4132617768444e-09,1.48557027078621e-09,1.27522501078008e-08,1.19206434764598e-08,-0,-6.61744490042422e-24,0,-1.10124816460007e-07,0,0
100.62,0,0,-4.74671370097612e-08,2.06384395208731e-08,-3.38367948580206e-09,1.47267755945125e-09,1.26418498791315e-08,1.18174426431523e-08,-0,-6.61744490042422e-24,0,-1.09171334041119e-07,0,0
100.64,0,0,-4.70561577444629e-08,2.04597460109125e-08,-3.35435392865667e-09,1.45989672023892e-09,1.2532405407057e-08,1.17151352151799e-08,-0,-1.32348898008484e-23,0,-1.08226107050065e-07,0,0
100.66,0,0,-4.66487368543009e-08,2.02825997643203e-08,-3.32528287759022e-09,1.447226792033e-09,1.24239084141862e-08,1.16137134560146e-08,-0,-6.61744490042422e-24,0,-1.0728906400899e-07,0,0
100.68,0,0,-4.62448435281932e-08,2.01069873819844e-08,-3.29646412392751e-09,1.43466682166173e-09,1.23163506949292e-08,1.15131696962272e-08,-0,-6.61744490042422e-24,0,-1.06360134058948e-07,0,0
100.7,0,0,-4.58444472218778e-08,1.9932895580842e-08,-3.2678954779778e-09,1.42221586383777e-09,1.2209724114872e-08,1.14134963328943e-08,-0,-6.61744490042422e-24,0,-1.05439246954545e-07,0,0
100.72,0,0,-4.54475176556019e-08,1.97603111928754e-08,-3.23957476887777e-09,1.4098729810986e-09,1.21040206101576e-08,1.13146858290241e-08,-0,-9.92616735063633e-24,0,-1.04526333058619e-07,0,0
100.74,0,0,-4.50540248118311e-08,1.95892211641152e-08,-3.21149984443557e-09,1.39763724374724e-09,1.19992321868712e-08,1.12167307129815e-08,-0,-6.61744490042422e-24,0,-1.03621323336982e-07,0,0
100.76,0,0,-4.46639389329779e-08,1.94196125536535e-08,-3.18366857097616e-09,1.38550772979356e-09,1.18953509204318e-08,1.11196235779172e-08,-0,-3.30872245021211e-24,0,-1.02724149353191e-07,0,0
100.78,0,0,-4.42772305191505e-08,1.92514725326649e-08,-3.15607883318769e-09,1.37348352489582e-09,1.17923689549889e-08,1.10233570812105e-08,-0,-3.30872245021211e-24,0,-1.01834743263372e-07,0,0
100.8,0,0,-4.3893870325921e-08,1.9084788383436e-08,-3.12872853396916e-09,1.36156372230274e-09,1.16902785028239e-08,1.09279239439016e-08,-0,3.30872245021211e-24,0,-1.00953037811095e-07,0,0
100.82,0,0,-4.35138293621127e-08,1.89195474984031e-08,-3.10161559427917e-09,1.34974742279591e-09,1.15890718437573e-08,1.08333169501446e-08,-0,3.30872245021211e-24,0,-1.00078966322279e-07,0,0
100.84,0,0,-4.31370788876064e-08,1.8755737379199e-08,-3.07473795298584e-09,1.33803373463257e-09,1.14887413245612e-08,1.07395289466557e-08,-0,0,0,-9.92124627001542e-08,0,0
100.86,0,0,-4.27635904111665e-08,1.8593345635707e-08,-3.04809356671785e-09,1.32642177348888e-09,1.13892793583761e-08,1.06465528421678e-08,-0,3.30872245021211e-24,0,-9.8353461420259e-08,0,0
100.88,0,0,-4.23933356882848e-08,1.84323599851239e-08,-3.02168040971664e-09,1.31491066240347e-09,1.12906784241336e-08,1.05543816068935e-08,-0,3.30872245021211e-24,0,-9.75018975254869e-08,0,0
100.9,0,0,-4.20262867190438e-08,1.82727682510305e-08,-2.99549647368973e-09,1.30349953172139e-09,1.11929310659843e-08,1.04630082719868e-08,-0,0,0,-9.66577066211719e-08,0,0
100.92,0,0,-4.16624157459983e-08,1.81145583624706e-08,-2.96953976766513e-09,1.29218751903855e-09,1.10960298927295e-08,1.03724259290171e-08,-0,0,0,-9.5820824870218e-08,0,0
100.94,0,0,-4.13016952520753e-08,1.79577183530377e-08,-2.9438083178469e-09,1.28097376914637e-09,1.09999675772592e-08,1.02826277294414e-08,-0,-3.30872245021211e-24,0,-9.49911889882708e-08,0,0
100.96,0,0,-4.09440979584917e-08,1.78022363599696e-08,-2.91830016747175e-09,1.2698574339769e-09,1.09047368559939e-08,1.01936068840813e-08,-0,-3.30872245021211e-24,0,-9.41687362389312e-08,0,0
100.98,0,0,-4.0589596822691e-08,1.76481006232511e-08,-2.8930133766668e-09,1.2588376725483e-09,1.08103305283325e-08,1.01053566626114e-08,-0,0,0,-9.33534044290099e-08,0,0
101,0,0,-4.02381650362968e-08,1.74952994847236e-08,-2.86794602230843e-09,1.24791365091066e-09,1.07167414561041e-08,1.0017870393045e-08,-0,-6.61744490042422e-24,0,-9.25451319038237e-08,0,0
101.02,0,0,-3.98897760230845e-08,1.7343821387204e-08,-2.84309619788211e-09,1.23708454209223e-09,1.06239625630247e-08,9.93114146122243e-09,-0,-6.61744490042422e-24,0,-9.17438575425319e-08,0,0
101.04,0,0,-3.95444034369711e-08,1.71936548736093e-08,-2.81846201334343e-09,1.22634952604591e-09,1.05319868341587e-08,9.84516331031835e-09,-0,-3.30872245021211e-24,0,-9.09495207535137e-08,0,0
101.06,0,0,-3.92020211600212e-08,1.70447885860904e-08,-2.7940415949801e-09,1.21570778959621e-09,1.04408073153854e-08,9.75992944033262e-09,-0,-3.30872245021211e-24,0,-9.01620614697849e-08,0,0
101.08,0,0,-3.88626033004713e-08,1.68972112651722e-08,-2.76983308527509e-09,1.20515852638649e-09,1.03504171128701e-08,9.67543340760128e-09,-0,-6.61744490042422e-24,0,-8.93814201444553e-08,0,0
101.1,0,0,-3.85261241907706e-08,1.6750911748902e-08,-2.74583464277072e-09,1.19470093682655e-09,1.02608093925393e-08,9.59166882430573e-09,-0,-3.30872245021211e-24,0,-8.86075377462244e-08,0,0
101.12,0,0,-3.81925583856395e-08,1.66058789720046e-08,-2.72204444193391e-09,1.18433422804062e-09,1.01719773795611e-08,9.50862935798863e-09,-0,-3.30872245021211e-24,0,-8.78403557549169e-08,0,0
101.14,0,0,-3.78618806601439e-08,1.64621019650453e-08,-2.69846067302238e-09,1.17405761381562e-09,1.00839143578298e-08,9.42630873106999e-09,-0,-6.61744490042422e-24,0,-8.70798161570565e-08,0,0
101.16,0,0,-3.75340660077868e-08,1.63195698535995e-08,-2.67508154195189e-09,1.16387031454983e-09,9.99661366945532e-09,9.34470072037085e-09,-0,-6.61744490042422e-24,0,-8.63258614414777e-08,0,0
101.18,0,0,-3.72090896386168e-08,1.61782718574301e-08,-2.65190527016456e-09,1.15377155720184e-09,9.91006871425654e-09,9.26379915664227e-09,-0,-6.61744490042422e-24,0,-8.55784345949769e-08,0,0
101.2,0,0,-3.68869269773519e-08,1.60381972896717e-08,-2.62893009449817e-09,1.14376057523986e-09,9.82427294925982e-09,9.18359792409285e-09,-0,-6.61744490042422e-24,0,-8.48374790979991e-08,0,0
101.22,0,0,-3.65675536615204e-08,1.58993355560215e-08,-2.60615426705645e-09,1.13383660859138e-09,9.73921988820107e-09,9.10409095992709e-09,-0,-6.61744490042422e-24,0,-8.41029389203643e-08,0,0
101.24,0,0,-3.6250945539618e-08,1.57616761539382e-08,-2.5835760550804e-09,1.12399890359314e-09,9.65490310103279e-09,9.0252722538825e-09,-0,-6.61744490042422e-24,0,-8.33747585170288e-08,0,0
101.26,0,0,-3.59370786692799e-08,1.56252086718467e-08,-2.5611937408206e-09,1.11424671294139e-09,9.57131621343527e-09,8.94713584777607e-09,-0,-6.61744490042422e-24,0,-8.26528828238848e-08,0,0
101.28,0,0,-3.562592931547e-08,1.54899227883505e-08,-2.53900562141055e-09,1.10457929564256e-09,9.48845290633192e-09,8.86967583504745e-09,-0,-6.61744490042422e-24,0,-8.19372572535954e-08,0,0
101.3,0,0,-3.53174739486847e-08,1.53558082714505e-08,-2.5170100087409e-09,1.09499591696422e-09,9.40630691540889e-09,8.7928863603138e-09,-0,-6.61744490042422e-24,0,-8.12278276914662e-08,0,0
101.32,0,0,-3.50116892431729e-08,1.52228549777703e-08,-2.49520522933475e-09,1.08549584838626e-09,9.32487203063923e-09,8.71676161892237e-09,-0,-6.61744490042422e-24,0,-8.05245404913523e-08,0,0
101.34,0,0,-3.47085520751712e-08,1.50910528517895e-08,-2.47358962422389e-09,1.0760783675526e-09,9.2441420958104e-09,8.64129585651265e-09,-0,-6.61744490042422e-24,0,-7.9827342471601e-08,0,0
101.36,0,0,-3.44080395211543e-08,1.49603919250815e-08,-2.452161548826e-09,1.066742758223e-09,9.16411100805694e-09,8.56648336857475e-09,-0,-6.61744490042422e-24,0,-7.91361809110296e-08,0,0
101.38,0,0,-3.41101288561011e-08,1.48308623155601e-08,-2.43091937282279e-09,1.0574883102253e-09,9.08477271739636e-09,8.49231850002082e-09,-0,-3.30872245021211e-24,0,-7.84510035449382e-08,0,0
101.4,0,0,-3.38147975517747e-08,1.47024542267309e-08,-2.40986148003912e-09,1.04831431940799e-09,9.00612122626958e-09,8.41879564475366e-09,-0,-3.30872245021211e-24,0,-7.77717585611562e-08,0,0
101.42,0,0,-3.35220232750185e-08,1.45751579469504e-08,-2.38898626832309e-09,1.03922008759298e-09,8.92815058908513e-09,8.34590924523999e-09,-0,-3.30872245021211e-24,0,-7.70983945961246e-08,0,0
101.44,0,0,-3.32317838860664e-08,1.44489638486906e-08,-2.36829214942701e-09,1.03020492252881e-09,8.85085491176765e-09,8.27365379209124e-09,-0,0,0,-7.64308607310105e-08,0,0
101.46,0,0,-3.29440574368678e-08,1.43238623878106e-08,-2.34777754888933e-09,1.02126813784408e-09,8.77422835131e-09,8.20202382364309e-09,-0,0,0,-7.57691064878563e-08,0,0
101.48,0,0,-3.2658822169427e-08,1.4199844102834e-08,-2.32744090591753e-09,1.0124090530012e-09,8.69826511532941e-09,8.13101392553998e-09,-0,0,0,-7.51130818257625e-08,0,0
101.5,0,0,-3.23760565141572e-08,1.40768996142332e-08,-2.30728067327187e-09,1.00362699325046e-09,8.62295946162759e-09,8.06061873032689e-09,-0,0,0,-7.44627371371023e-08,0,0
101.52,0,0,-3.20957390882487e-08,1.39550196237192e-08,-2.28729531715012e-09,9.94921289584428e-10,8.54830569775453e-09,7.99083291704187e-09,-0,0,0,-7.38180232437704e-08,0,0
101.54,0,0,-3.18178486940508e-08,1.38341949135379e-08,-2.26748331707315e-09,9.86291278692538e-10,8.4742981805763e-09,7.92165121080754e-09,-0,0,0,-7.31788913934634e-08,0,0
101.56,0,0,-3.15423643174686e-08,1.37144163457725e-08,-2.24784316577144e-09,9.77736302916117e-10,8.40093131584648e-09,7.85306838243753e-09,-0,0,0,-7.25452932559925e-08,0,0
101.58,0,0,-3.12692651263727e-08,1.35956748616519e-08,-2.22837336907252e-09,9.69255710203609e-10,8.32819955778134e-09,7.78507924803526e-09,-0,3.30872245021211e-24,0,-7.19171809196287e-08,0,0
101.6,0,0,-3.09985304690237e-08,1.34779614808649e-08,-2.20907244578921e-09,9.60848854066135e-10,8.25609740863894e-09,7.71767866860115e-09,-0,3.30872245021211e-24,0,-7.1294506887479e-08,0,0
101.62,0,0,-3.07301398725091e-08,1.33612673008808e-08,-2.18993892760889e-09,9.52515093533333e-10,8.18461941830154e-09,7.6508615496441e-09,-0,3.30872245021211e-24,0,-7.06772240738944e-08,0,0
101.64,0,0,-3.04640730411952e-08,1.32455834962752e-08,-2.17097135898351e-09,9.44253793109494e-10,8.11376018386205e-09,7.58462284079382e-09,-0,3.30872245021211e-24,0,-7.00652858009087e-08,0,0
101.66,0,0,-3.02003098551911e-08,1.31309013180625e-08,-2.15216829702056e-09,9.36064322729985e-10,8.04351434921383e-09,7.51895753541802e-09,-0,0,0,-6.94586457947084e-08,0,0
101.68,0,0,-2.99388303688268e-08,1.30172120930331e-08,-2.13352831137484e-09,9.27946057717963e-10,7.97387660464421e-09,7.45386067024355e-09,-0,-3.30872245021211e-24,0,-6.88572581821332e-08,0,0
101.7,0,0,-2.9679614809144e-08,1.29045072230975e-08,-2.11504998414122e-09,9.19898378741373e-10,7.90484168643143e-09,7.38932732497676e-09,-0,0,0,-6.82610774872064e-08,0,0
101.72,0,0,-2.94226435744009e-08,1.27927781846352e-08,-2.09673190974809e-09,9.11920671770226e-10,7.8364043764451e-09,7.32535262193622e-09,-0,0,0,-6.76700586276959e-08,0,0
101.74,0,0,-2.91678972325883e-08,1.26820165278495e-08,-2.07857269485176e-09,9.04012328034172e-10,7.76855950175059e-09,7.26193172567714e-09,-0,0,0,-6.70841569117047e-08,0,0
101.76,0,0,-2.89153565199603e-08,1.25722138761283e-08,-2.06057095823173e-09,8.96172743980351e-10,7.70130193421623e-09,7.19905984262709e-09,-0,0,0,-6.65033280342909e-08,0,0
101.78,0,0,-2.86650023395766e-08,1.24633619254095e-08,-2.04272533068671e-09,8.88401321231517e-10,7.6346265901243e-09,7.13673222072244e-09,-0,3.30872245021211e-24,0,-6.59275280741169e-08,0,0
101.8,0,0,-2.84168157598579e-08,1.23554524435532e-08,-2.02503445493156e-09,8.80697466544456e-10,7.56852842978535e-09,7.07494414904894e-09,-0,0,0,-6.53567134901282e-08,0,0
101.82,0,0,-2.81707780131538e-08,1.22484772697177e-08,-2.00749698549501e-09,8.73060591768671e-10,7.50300245715604e-09,7.01369095748192e-09,-0,0,0,-6.47908411182598e-08,0,0
101.84,0,0,-2.79268704943226e-08,1.21424283137428e-08,-1.99011158861819e-09,8.65490113805344e-10,7.43804371945989e-09,6.95296801633561e-09,-0,0,0,-6.42298681681728e-08,0,0
101.86,0,0,-2.76850747593244e-08,1.20372975555365e-08,-1.97287694215407e-09,8.57985454566584e-10,7.373647306812e-09,6.89277073600963e-09,-0,0,0,-6.36737522200172e-08,0,0
101.88,0,0,-2.74453725238253e-08,1.19330770444688e-08,-1.95579173546756e-09,8.50546040934934e-10,7.30980835184625e-09,6.83309456664192e-09,-0,0,0,-6.31224512212248e-08,0,0
101.9,0,0,-2.72077456618146e-08,1.18297588987691e-08,-1.9388546693366e-09,8.43171304723163e-10,7.24652202934653e-09,6.77393499776526e-09,-0,0,0,-6.25759234833285e-08,0,0
101.92,0,0,-2.69721762042332e-08,1.17273353049304e-08,-1.92206445585386e-09,8.35860682634325e-10,7.18378355588082e-09,6.71528755796234e-09,-0,0,0,-6.20341276788095e-08,0,0
101.94,0,0,-2.67386463376146e-08,1.16257985171174e-08,-1.9054198183294e-09,8.28613616222089e-10,7.12158818943817e-09,6.65714781453089e-09,-0,0,0,-6.14970228379721e-08,0,0
101.96,0,0,-2.65071384027371e-08,1.15251408565801e-08,-1.88891949119403e-09,8.21429551851336e-10,7.05993122906969e-09,6.59951137314405e-09,-0,0,0,-6.09645683458453e-08,0,0
101.98,0,0,-2.6277634893288e-08,1.14253547110731e-08,-1.87256221990346e-09,8.14307940659031e-10,6.99880801453161e-09,6.5423738775206e-09,-0,0,0,-6.0436723939111e-08,0,0
102,0,0,-2.60501184545393e-08,1.13264325342791e-08,-1.85634676084329e-09,8.07248238515349e-10,6.93821392593243e-09,6.48573100909331e-09,-0,0,0,-5.99134497030596e-08,0,0
102.02,0,0,-2.58245718820347e-08,1.12283668452375e-08,-1.84027188123469e-09,8.00249905985083e-10,6.87814438338256e-09,6.42957848667989e-09,-0,0,0,-5.9394706068571e-08,0,0
102.04,0,0,-2.56009781202884e-08,1.11311502277788e-08,-1.8243363590409e-09,7.93312408289302e-10,6.81859484664717e-09,6.37391206616335e-09,-0,0,0,-5.88804538091223e-08,0,0
102.06,0,0,-2.53793202614947e-08,1.10347753299626e-08,-1.80853898287451e-09,7.86435215267278e-10,6.75956081480206e-09,6.3187275401667e-09,-0,-3.30872245021211e-24,0,-5.83706540378214e-08,0,0
102.08,0,0,-2.51595815442493e-08,1.09392348635215e-08,-1.79287855190546e-09,7.7961780133868e-10,6.70103782589279e-09,6.26402073773533e-09,-0,-3.30872245021211e-24,0,-5.78652682044664e-08,0,0
102.1,0,0,-2.49417453522806e-08,1.08445216033093e-08,-1.77735387576977e-09,7.72859645466017e-10,6.64302145659622e-09,6.2097875240215e-09,-0,-3.30872245021211e-24,0,-5.73642580926299e-08,0,0
102.12,0,0,-2.47257952131938e-08,1.07506283867542e-08,-1.76196377447915e-09,7.66160231117352e-10,6.58550732188557e-09,6.15602379997146e-09,-0,-3.30872245021211e-24,0,-5.68675858167689e-08,0,0
102.14,0,0,-2.4511714797224e-08,1.06575481133168e-08,-1.74670707833115e-09,7.59519046229266e-10,6.52849107469808e-09,6.10272550201476e-09,-0,-6.61744490042422e-24,0,-5.63752138193603e-08,0,0
102.16,0,0,-2.42994879160013e-08,1.05652737439523e-08,-1.73158262782024e-09,7.52935583170087e-10,6.4719684056058e-09,6.04988860175475e-09,-0,-3.30872245021211e-24,0,-5.58871048680599e-08,0,0
102.18,0,0,-2.40890985213263e-08,1.04737983005779e-08,-1.71658927354949e-09,7.46409338703367e-10,6.41593504248892e-09,5.99750910566704e-09,-0,-3.30872245021211e-24,0,-5.54032220528874e-08,0,0
102.2,0,0,-2.3880530703956e-08,1.0383114865545e-08,-1.70172587614308e-09,7.39939813951624e-10,6.36038675021229e-09,5.94558305479513e-09,-0,-3.30872245021211e-24,0,-5.4923528783435e-08,0,0
102.22,0,0,-2.36737686924003e-08,1.02932165811148e-08,-1.68699130615942e-09,7.33526514360326e-10,6.30531933030465e-09,5.8941065244503e-09,-0,-3.30872245021211e-24,0,-5.44479887860999e-08,0,0
102.24,0,0,-2.34687968517292e-08,1.02040966489402e-08,-1.67238444400509e-09,7.27168949662145e-10,6.2507286206406e-09,5.84307562391524e-09,-0,-3.30872245021211e-24,0,-5.39765661013419e-08,0,0
102.26,0,0,-2.326559968239e-08,1.01157483295503e-08,-1.65790417984943e-09,7.20866633841443e-10,6.19661049512521e-09,5.79248649614868e-09,-0,-3.30872245021211e-24,0,-5.35092250809634e-08,0,0
102.28,0,0,-2.3064161819035e-08,1.00281649418411e-08,-1.64354941353991e-09,7.14619085099022e-10,6.14296086338186e-09,5.74233531749673e-09,-0,-3.30872245021211e-24,0,-5.3045930385414e-08,0,0
102.3,0,0,-2.28644680293588e-08,9.94133986256938e-09,-1.62931905451805e-09,7.08425825817121e-10,6.08977567044219e-09,5.6926182973982e-09,-0,-3.30872245021211e-24,0,-5.25866469811178e-08,0,0
102.32,0,0,-2.26665032129469e-08,9.85526652585144e-09,-1.61521202173625e-09,7.02286382524652e-10,6.03705089643924e-09,5.64333167810143e-09,-0,-3.30872245021211e-24,0,-5.21313401378242e-08,0,0
102.34,0,0,-2.24702524001327e-08,9.76993842266628e-09,-1.60122724357514e-09,6.96200285862701e-10,5.98478255630307e-09,5.59447173437962e-09,-0,-4.96308367531817e-24,0,-5.16799754259816e-08,0,0
102.36,0,0,-2.22757007508655e-08,9.6853491003629e-09,-1.58736365776167e-09,6.90167070550264e-10,5.93296669945899e-09,5.54603477324776e-09,-0,-4.96308367531817e-24,0,-5.12325187141336e-08,0,0
102.38,0,0,-2.20828335535883e-08,9.60149216217189e-09,-1.57362021128795e-09,6.84186275350222e-10,5.88159940952844e-09,5.49801713368309e-09,-0,-4.96308367531817e-24,0,-5.07889361663381e-08,0,0
102.4,0,0,-2.18916362241244e-08,9.51836126672132e-09,-1.55999586033064e-09,6.78257443035577e-10,5.83067680403267e-09,5.45041518634978e-09,-0,-4.96308367531817e-24,0,-5.03491942396084e-08,0,0
102.42,0,0,-2.17020943045746e-08,9.43595012755674e-09,-1.54648957017116e-09,6.72380120355918e-10,5.78019503409868e-09,5.40322533332335e-09,-0,-4.96308367531817e-24,0,-4.99132596813769e-08,0,0
102.44,0,0,-2.15141934622237e-08,9.35425251266547e-09,-1.5331003151164e-09,6.66553858004133e-10,5.73015028416802e-09,5.35644400781701e-09,-0,-4.96308367531817e-24,0,-4.948109952698e-08,0,0
102.46,0,0,-2.13279194884563e-08,9.27326224400487e-09,-1.51982707842028e-09,6.60778210583358e-10,5.6805387717079e-09,5.31006767391436e-09,-0,-3.30872245021211e-24,0,-4.9052681097166e-08,0,0
102.48,0,0,-2.11432582976819e-08,9.19297319703477e-09,-1.5066688522058e-09,6.55052736574177e-10,5.63135674692495e-09,5.2640928263016e-09,-0,-3.30872245021211e-24,0,-4.86279719956232e-08,0,0
102.5,0,0,-2.09601959262696e-08,9.11337930025395e-09,-1.49362463738786e-09,6.49376998302044e-10,5.58260049248156e-09,5.21851598999933e-09,-0,-4.96308367531817e-24,0,-4.82069401065305e-08,0,0
102.52,0,0,-2.07787185314923e-08,9.03447453474065e-09,-1.48069344359666e-09,6.43750561904959e-10,5.5342663232144e-09,5.17333372010422e-09,-0,-3.30872245021211e-24,0,-4.77895535921284e-08,0,0
102.54,0,0,-2.05988123904791e-08,8.95625293369698e-09,-1.4678742891018e-09,6.38172997301368e-10,5.48635058585566e-09,5.12854260152369e-09,-0,-1.65436122510606e-24,0,-4.7375780890312e-08,0,0
102.56,0,0,-2.04204638991774e-08,8.87870858199742e-09,-1.45516620073695e-09,6.32643878158304e-10,5.43884965875662e-09,5.08413924872328e-09,-0,-3.30872245021211e-24,0,-4.69655907122436e-08,0,0
102.58,0,0,-2.02436595713245e-08,8.8018356157411e-09,-1.44256821382522e-09,6.27162781859764e-10,5.39175995161362e-09,5.04012030546454e-09,-0,-1.65436122510606e-24,0,-4.6558952039987e-08,0,0
102.6,0,0,-2.0068386037427e-08,8.72562822180799e-09,-1.43007937210517e-09,6.21729289475315e-10,5.3450779051965e-09,4.99648244455592e-09,-0,-3.30872245021211e-24,0,-4.61558341241621e-08,0,0
102.62,0,0,-1.98946300437498e-08,8.65008063741905e-09,-1.41769872765731e-09,6.16342985728931e-10,5.29879999107919e-09,4.95322236759925e-09,-0,-3.30872245021211e-24,0,-4.57562064816192e-08,0,0
102.64,0,0,-1.97223784513134e-08,8.5751871497e-09,-1.40542534083144e-09,6.11003458968071e-10,5.25292271137295e-09,4.91033680473931e-09,-0,-3.30872245021211e-24,0,-4.5360038893134e-08,0,0
102.66,0,0,-1.95516182349007e-08,8.50094209524905e-09,-1.39325828017441e-09,6.05710301132971e-10,5.20744259846168e-09,4.86782251441865e-09,-0,-1.65436122510606e-24,0,-4.49673014011228e-08,0,0
102.68,0,0,-1.93823364820712e-08,8.42733985970824e-09,-1.38119662235857e-09,6.00463107726179e-10,5.1623562147396e-09,4.82567628313195e-09,-0,0,0,-4.45779643073765e-08,0,0
102.7,0,0,-1.92145203921848e-08,8.35437487733861e-09,-1.36923945211089e-09,5.95261477782308e-10,5.11766015235141e-09,4.78389492518228e-09,-0,1.65436122510606e-24,0,-4.41919981708155e-08,0,0
102.72,0,0,-1.90481572754334e-08,8.28204163059895e-09,-1.35738586214255e-09,5.90105013838024e-10,5.07335103293438e-09,4.74247528244096e-09,-0,1.65436122510606e-24,0,-4.38093738052628e-08,0,0
102.74,0,0,-1.88832345518815e-08,8.21033464972826e-09,-1.34563495307924e-09,5.84993321902255e-10,5.02942550736296e-09,4.70141422410792e-09,-0,1.65436122510606e-24,0,-4.34300622772376e-08,0,0
102.76,0,0,-1.8719739750514e-08,8.13924851233184e-09,-1.33398583339197e-09,5.79926011426622e-10,4.98588025549544e-09,4.66070864647658e-09,-0,0,0,-4.30540349037666e-08,0,0
102.78,0,0,-1.85576605082939e-08,8.06877784297093e-09,-1.32243761932856e-09,5.74902695276098e-10,4.94271198592293e-09,4.6203554726976e-09,-0,0,0,-4.26812632502158e-08,0,0
102.8,0,0,-1.83969845692266e-08,7.99891731275589e-09,-1.31098943484563e-09,5.69922989699888e-10,4.89991743572037e-09,4.58035165254789e-09,-0,0,0,-4.23117191281397e-08,0,0
102.82,0,0,-1.82376997834332e-08,7.92966163894301e-09,-1.29964041154123e-09,5.64986514302528e-10,4.8574933702e-09,4.54069416219777e-09,-0,0,0,-4.19453745931502e-08,0,0
102.84,0,0,-1.80797941062315e-08,7.86100558453465e-09,-1.28838968858797e-09,5.60092892015208e-10,4.81543658266662e-09,4.50138000398585e-09,-0,0,0,-4.15822019428033e-08,0,0
102.86,0,0,-1.79232555972252e-08,7.79294395788303e-09,-1.27723641266685e-09,5.55241749067307e-10,4.77374389417513e-09,4.46240620618916e-09,-0,-1.65436122510606e-24,0,-4.1222173714504e-08,0,0
102.88,0,0,-1.77680724194006e-08,7.72547161229729e-09,-1.2661797379015e-09,5.50432714958154e-10,4.73241215329038e-09,4.42376982280038e-09,-0,-1.65436122510606e-24,0,-4.08652626834302e-08,0,0
102.9,0,0,-1.76142328382317e-08,7.65858344565408e-09,-1.25521882579311e-09,5.45665422429002e-10,4.69143823584877e-09,4.38546793330441e-09,-0,-1.65436122510606e-24,0,-4.05114418604736e-08,0,0
102.92,0,0,-1.74617252207922e-08,7.59227440001144e-09,-1.24435284515588e-09,5.40939507435218e-10,4.65081904472215e-09,4.34749764245798e-09,-0,1.65436122510606e-24,0,-4.0160684490199e-08,0,0
102.94,0,0,-1.73105380348764e-08,7.52653946122607e-09,-1.23358097205295e-09,5.36254609118683e-10,4.6105515095836e-09,4.30985608007225e-09,-0,0,0,-3.98129640488209e-08,0,0
102.96,0,0,-1.71606598481263e-08,7.46137365857392e-09,-1.22290238973302e-09,5.31610369780418e-10,4.5706325866755e-09,4.27254040079203e-09,-0,0,0,-3.94682542421981e-08,0,0
102.98,0,0,-1.70120793271675e-08,7.39677206437405e-09,-1.21231628856739e-09,5.27006434853405e-10,4.5310592585793e-09,4.23554778388535e-09,-0,1.65436122510606e-24,0,-3.91265290038453e-08,0,0
103,0,0,-1.6864785236752e-08,7.33272979361574e-09,-1.20182186598761e-09,5.22442452875634e-10,4.49182853398758e-09,4.19887543302785e-09,-0,1.65436122510606e-24,0,-3.8787762492962e-08,0,0
103.02,0,0,-1.67187664389081e-08,7.2692420035889e-09,-1.19141832642363e-09,5.17918075463353e-10,4.45293744747797e-09,4.16252057609159e-09,-0,0,0,-3.84519290924785e-08,0,0
103.04,0,0,-1.65740118920986e-08,7.20630389351758e-09,-1.18110488124254e-09,5.13432957284528e-10,4.4143830592889e-09,4.12648046493588e-09,-0,0,0,-3.81190034071188e-08,0,0
103.06,0,0,-1.64305106503854e-08,7.14391070419672e-09,-1.17088074868775e-09,5.08986756032512e-10,4.37616245509761e-09,4.09075237520018e-09,-0,1.65436122510606e-24,0,-3.77889602614802e-08,0,0
103.08,0,0,-1.62882518626018e-08,7.08205771763206e-09,-1.16074515381877e-09,5.04579132399915e-10,4.3382727457997e-09,4.05533360609785e-09,-0,1.65436122510606e-24,0,-3.74617746981296e-08,0,0
103.1,0,0,-1.61472247715319e-08,7.02074025668316e-09,-1.15069732845149e-09,5.00209750052692e-10,4.30071106729101e-09,4.02022148021187e-09,-0,0,0,-3.71374219757166e-08,0,0
103.12,0,0,-1.60074187130971e-08,6.95995368470945e-09,-1.14073651109897e-09,4.95878275604419e-10,4.26347458025108e-09,3.9854133432923e-09,-0,0,0,-3.68158775671023e-08,0,0
103.14,0,0,-1.58688231155492e-08,6.89969340521948e-09,-1.1308619469127e-09,4.91584378590788e-10,4.22656046992864e-09,3.95090656405716e-09,-0,0,0,-3.64971171575046e-08,0,0
103.16,0,0,-1.57314274986717e-08,6.83995486152306e-09,-1.12107288762449e-09,4.87327731444296e-10,4.18996594592887e-09,3.91669853399254e-09,-0,0,0,-3.61811166426598e-08,0,0
103.18,0,0,-1.55952214729864e-08,6.78073353638654e-09,-1.11136859148871e-09,4.83108009469131e-10,4.15368824200268e-09,3.88278666715589e-09,-0,-1.65436122510606e-24,0,-3.58678521269999e-08,0,0
103.2,0,0,-1.54601947389682e-08,6.722024951691e-09,-1.10174832322515e-09,4.78924890816272e-10,4.1177246158376e-09,3.84916839997953e-09,-0,-1.65436122510606e-24,0,-3.55572999218457e-08,0,0
103.22,0,0,-1.53263370862662e-08,6.66382466809344e-09,-1.09221135396232e-09,4.74778056458772e-10,4.08207234885056e-09,3.81584119107945e-09,-0,0,0,-3.52494365436151e-08,0,0
103.24,0,0,-1.51936383929311e-08,6.60612828469091e-09,-1.08275696118124e-09,4.70667190167246e-10,4.04672874598263e-09,3.78280252106149e-09,-0,0,0,-3.49442387120481e-08,0,0
103.26,0,0,-1.50620886246503e-08,6.54893143868749e-09,-1.07338442865976e-09,4.66591978485559e-10,4.01169113549533e-09,3.75004989233164e-09,-0,0,0,-3.4641683348446e-08,0,0
103.28,0,0,-1.49316778339887e-08,6.49222980506429e-09,-1.06409304641732e-09,4.62552110706701e-10,3.97695686876876e-09,3.71758082890725e-09,-0,0,0,-3.4341747573926e-08,0,0
103.3,0,0,-1.48023961596364e-08,6.43601909625213e-09,-1.0548821106602e-09,4.58547278848864e-10,3.94252332010162e-09,3.68539287622974e-09,-0,0,0,-3.4044408707692e-08,0,0
103.32,0,0,-1.46742338256633e-08,6.38029506180721e-09,-1.04575092372726e-09,4.54577177631711e-10,3.90838788651278e-09,3.65348360098013e-09,-0,0,0,-3.37496442653186e-08,0,0
103.34,0,0,-1.45471811407796e-08,6.32505348808954e-09,-1.03669879403615e-09,4.50641504452829e-10,3.87454798754466e-09,3.6218505908941e-09,-0,1.65436122510606e-24,0,-3.34574319570517e-08,0,0
103.36,0,0,-1.44212284976028e-08,6.27029019794411e-09,-1.02772503603001e-09,4.46739959364384e-10,3.84100106506831e-09,3.59049145458138e-09,-0,0,0,-3.31677496861225e-08,0,0
103.38,0,0,-1.42963663719313e-08,6.21600105038491e-09,-1.01882897012454e-09,4.42872245049957e-10,3.80774458309018e-09,3.55940382134279e-09,-0,0,0,-3.28805755470769e-08,0,0
103.4,0,0,-1.41725853220242e-08,6.1621819402816e-09,-1.01000992265568e-09,4.39038066801574e-10,3.77477602756059e-09,3.52858534099444e-09,-0,-1.65436122510606e-24,0,-3.25958878241191e-08,0,0
103.42,0,0,-1.40498759878872e-08,6.10882879804898e-09,-1.00126722582762e-09,4.35237132496923e-10,3.74209290618385e-09,3.4980336836862e-09,-0,0,0,-3.23136649894693e-08,0,0
103.44,0,0,-1.39282290905649e-08,6.05593758933908e-09,-9.92600217661323e-10,4.3146915257675e-10,3.70969274822992e-09,3.46774653972967e-09,-0,0,0,-3.20338857017363e-08,0,0
103.46,0,0,-1.38076354314389e-08,6.00350431473599e-09,-9.84008241943512e-10,4.27733840022454e-10,3.6775731043479e-09,3.43772161942148e-09,-0,1.65436122510606e-24,0,-3.17565288043032e-08,0,0
103.48,0,0,-1.36880858915325e-08,5.95152500945325e-09,-9.75490648176047e-10,4.24030910333848e-10,3.64573154638101e-09,3.40795665287118e-09,-0,1.65436122510606e-24,0,-3.1481573323728e-08,0,0
103.5,0,0,-1.35695714308207e-08,5.89999574303393e-09,-9.67046791525793e-10,4.20360081507124e-10,3.6141656671832e-09,3.37844938982935e-09,-0,1.65436122510606e-24,0,-3.12089984681576e-08,0,0
103.52,0,0,-1.3452083087547e-08,5.84891261905331e-09,-9.58676032774913e-10,4.16721074012979e-10,3.58287308043739e-09,3.3491975995185e-09,-0,1.65436122510606e-24,0,-3.09387836257556e-08,0,0
103.54,0,0,-1.33356119775455e-08,5.79827177482408e-09,-9.5037773827159e-10,4.13113610774939e-10,3.55185142047515e-09,3.32019907046244e-09,-0,1.65436122510606e-24,0,-3.06709083631435e-08,0,0
103.56,0,0,-1.32201492935692e-08,5.74806938110415e-09,-9.42151279881188e-10,4.09537417147848e-10,3.52109834209813e-09,3.2914516103234e-09,-0,1.65436122510606e-24,0,-3.04053524238561e-08,0,0
103.58,0,0,-1.31056863046236e-08,5.69830164180696e-09,-9.33996034937837e-10,4.05992220896544e-10,3.49061152040091e-09,3.26295304573209e-09,-0,1.65436122510606e-24,0,-3.01420957268094e-08,0,0
103.6,0,0,-1.2992214355307e-08,5.64896479371434e-09,-9.25911386196451e-10,4.0247775217471e-10,3.46038865059546e-09,3.23470122212639e-09,-0,1.65436122510606e-24,0,-2.98811183647821e-08,0,0
103.62,0,0,-1.28797248651559e-08,5.60005510619181e-09,-9.17896721785152e-10,3.989937435039e-10,3.43042744783707e-09,3.20669400358793e-09,-0,0,0,-2.96224006029108e-08,0,0
103.64,0,0,-1.27682093279956e-08,5.55156888090638e-09,-9.09951435158129e-10,3.95539929752743e-10,3.40072564705184e-09,3.17892927267975e-09,-0,0,0,-2.93659228771971e-08,0,0
103.66,0,0,-1.26576593112978e-08,5.5035024515468e-09,-9.02074925048897e-10,3.92116048116316e-10,3.37128100276556e-09,3.1514049302884e-09,-0,0,0,-2.91116657930286e-08,0,0
103.68,0,0,-1.25480664555423e-08,5.45585218354619e-09,-8.94266595423979e-10,3.88721838095694e-10,3.34209128893423e-09,3.12411889546386e-09,-0,0,0,-2.88596101237126e-08,0,0
103.7,0,0,-1.2439422473585e-08,5.40861447380712e-09,-8.86525855436983e-10,3.85357041477668e-10,3.31315429877591e-09,3.09706910526315e-09,-0,0,0,-2.86097368090216e-08,0,0
103.72,0,0,-1.23317191500315e-08,5.36178575042908e-09,-8.78852119383093e-10,3.82021402314635e-10,3.28446784460412e-09,3.07025351459463e-09,-0,0,0,-2.83620269537528e-08,0,0
103.74,0,0,-1.22249483406157e-08,5.31536247243826e-09,-8.71244806653953e-10,3.78714666904658e-10,3.25602975766265e-09,3.04367009606286e-09,-0,0,0,-2.81164618262988e-08,0,0
103.76,0,0,-1.21191019715838e-08,5.26934112951973e-09,-8.63703341692957e-10,3.75436583771692e-10,3.22783788796176e-09,3.01731683981616e-09,-0,0,0,-2.78730228572313e-08,0,0
103.78,0,0,-1.2014172039084e-08,5.22371824175189e-09,-8.56227153950924e-10,3.7218690364598e-10,3.19989010411586e-09,2.99119175339511e-09,-0,-1.65436122510606e-24,0,-2.76316916378972e-08,0,0
103.8,0,0,-1.19101506085613e-08,5.17849035934326e-09,-8.48815677842165e-10,3.68965379444611e-10,3.17218429318263e-09,2.96529286158141e-09,-0,-1.65436122510606e-24,0,-2.73924499190264e-08,0,0
103.82,0,0,-1.18070298141572e-08,5.13365406237152e-09,-8.41468352700945e-10,3.65771766252244e-10,3.14471836050334e-09,2.93961820624877e-09,-0,-1.65436122510606e-24,0,-2.7155279609352e-08,0,0
103.84,0,0,-1.17048018581153e-08,5.08920596052486e-09,-8.34184622738316e-10,3.62605821301999e-10,3.11749022954484e-09,2.91416584621582e-09,-0,0,0,-2.69201627742421e-08,0,0
103.86,0,0,-1.16034590101914e-08,5.04514269284551e-09,-8.26963936999345e-10,3.59467303956502e-10,3.09049784174265e-09,2.88893385709956e-09,-0,0,0,-2.66870816343439e-08,0,0
103.88,0,0,-1.15029936070689e-08,5.00146092747554e-09,-8.19805749320703e-10,3.56355975689101e-10,3.06373915634564e-09,2.86392033116852e-09,-0,-1.65436122510606e-24,0,-2.64560185642394e-08,0,0
103.9,0,0,-1.14033980517796e-08,4.95815736140483e-09,-8.12709518288647e-10,3.53271600065236e-10,3.03721215026187e-09,2.83912337720086e-09,-0,-8.27180612553028e-25,0,-2.62269560911123e-08,0,0
103.92,0,0,-1.13046648131293e-08,4.91522872022125e-09,-8.05674707197357e-10,3.50213942723971e-10,3.01091481790591e-09,2.81454112033949e-09,-0,-8.27180612553028e-25,0,-2.5999876893427e-08,0,0
103.94,0,0,-1.12067864251276e-08,4.87267175786301e-09,-7.98700784007646e-10,3.47182771359685e-10,2.9848451710473e-09,2.79017170195248e-09,-0,-8.27180612553028e-25,0,-2.57747637996189e-08,0,0
103.96,0,0,-1.11097554864245e-08,4.83048325637312e-09,-7.91787221306039e-10,3.44177855703909e-10,2.9590012386605e-09,2.76601327949136e-09,-0,-8.27180612553028e-25,0,-2.55515997867957e-08,0,0
103.98,0,0,-1.10135646597496e-08,4.78866002565599e-09,-7.84933496264211e-10,3.41198967507337e-10,2.93338106677611e-09,2.74206402635299e-09,-0,-8.27180612553028e-25,0,-2.53303679794505e-08,0,0
104,0,0,-1.09182066713582e-08,4.74719890323619e-09,-7.78139090598778e-10,3.38245880521975e-10,2.90798271833328e-09,2.71832213174054e-09,-0,0,0,-2.51110516481856e-08,0,0
104.02,0,0,-1.08236743104806e-08,4.70609675401923e-09,-7.71403490531451e-10,3.35318370483454e-10,2.88280427303351e-09,2.69478580052786e-09,-0,0,0,-2.48936342084476e-08,0,0
104.04,0,0,-1.07299604287774e-08,4.66535047005442e-09,-7.64726186749537e-10,3.32416215093491e-10,2.8578438271956e-09,2.67145325312296e-09,-0,0,0,-2.46780992192731e-08,0,0
104.06,0,0,-1.06370579397986e-08,4.62495697029987e-09,-7.58106674366796e-10,3.29539194002499e-10,2.83309949361201e-09,2.6483227253351e-09,-0,-8.27180612553028e-25,0,-2.44644303820459e-08,0,0
104.08,0,0,-1.05449598184479e-08,4.5849132003894e-09,-7.51544452884633e-10,3.26687088792354e-10,2.80856940140628e-09,2.6253924682393e-09,-0,-1.65436122510606e-24,0,-2.42526115392642e-08,0,0
104.1,0,0,-1.04536591004515e-08,4.54521613240158e-09,-7.45039026153646e-10,3.23859682959303e-10,2.78425169589187e-09,2.60266074804661e-09,-0,-1.65436122510606e-24,0,-2.40426266733193e-08,0,0
104.12,0,0,-1.03631488818316e-08,4.50586276463071e-09,-7.38589902335505e-10,3.21056761897029e-10,2.76014453843203e-09,2.58012584597269e-09,-0,-2.48154183765908e-24,0,-2.38344599052837e-08,0,0
104.14,0,0,-1.0273422318384e-08,4.46685012135977e-09,-7.32196593865171e-10,3.18278112879851e-10,2.7362461063011e-09,2.55778605810625e-09,-0,-2.48154183765908e-24,0,-2.36280954937112e-08,0,0
104.16,0,0,-1.01844726251611e-08,4.42817525263542e-09,-7.25858617413453e-10,3.15523525046084e-10,2.71255459254678e-09,2.53563969528267e-09,-0,-3.30872245021211e-24,0,-2.34235178334463e-08,0,0
104.18,0,0,-1.00962930759585e-08,4.38983523404487e-09,-7.19575493849888e-10,3.1279278938153e-10,2.68906820585379e-09,2.51368508295589e-09,-0,-2.48154183765908e-24,0,-2.32207114544438e-08,0,0
104.2,0,0,-1.00088770028064e-08,4.35182716649471e-09,-7.13346748205963e-10,3.10085698703122e-10,2.66578517040856e-09,2.49192056107076e-09,-0,-1.65436122510606e-24,0,-2.30196610205998e-08,0,0
104.22,0,0,-9.9222177954656e-09,4.31414817599164e-09,-7.07171909638647e-10,3.07402047642707e-10,2.64270372576522e-09,2.47034448393908e-09,-0,-8.27180612553028e-25,0,-2.28203513285914e-08,0,0
104.24,0,0,-9.83630890092758e-09,4.27679541342517e-09,-7.01050511394259e-10,3.04741632630971e-10,2.61982212671267e-09,2.44895522011516e-09,-0,-1.65436122510606e-24,0,-2.26227673067275e-08,0,0
104.26,0,0,-9.75114382291895e-09,4.23976605435209e-09,-6.94982090772646e-10,3.02104251881502e-10,2.59713864314276e-09,2.42775115227187e-09,-0,-1.65436122510606e-24,0,-2.24268940138088e-08,0,0
104.28,0,0,-9.66671612141033e-09,4.20305729878291e-09,-6.88966189091689e-10,2.99489705374998e-10,2.57465155991974e-09,2.40673067707914e-09,-0,-1.65436122510606e-24,0,-2.22327166379985e-08,0,0
104.3,0,0,-9.58301941212933e-09,4.16666637097009e-09,-6.83002351652114e-10,2.96897794843609e-10,2.55235917675073e-09,2.38589220508311e-09,-0,-2.48154183765908e-24,0,-2.20402204957018e-08,0,0
104.32,0,0,-9.50004736607788e-09,4.13059051919811e-09,-6.77090127702617e-10,2.94328323755415e-10,2.53025980805735e-09,2.36523416058529e-09,-0,-2.48154183765908e-24,0,-2.18493910304557e-08,0,0
104.34,0,0,-9.41779370905359e-09,4.0948270155754e-09,-6.71229070405303e-10,2.91781097299045e-10,2.50835178284846e-09,2.34475498152437e-09,-0,-2.48154183765908e-24,0,-2.16602138118288e-08,0,0
104.36,0,0,-9.33625222117542e-09,4.05937315582803e-09,-6.65418736801427e-10,2.89255922368422e-10,2.48663344459398e-09,2.32445311935815e-09,-0,-2.48154183765908e-24,0,-2.14726745343293e-08,0,0
104.38,0,0,-9.25541673641333e-09,4.02422625909522e-09,-6.59658687777436e-10,2.86752607547659e-10,2.46510315109986e-09,2.30432703894611e-09,-0,-1.65436122510606e-24,0,-2.12867590163241e-08,0,0
104.4,0,0,-9.17528114212203e-09,3.98938366772655e-09,-6.53948488031319e-10,2.84270963096063e-10,2.44375927438404e-09,2.28437521843432e-09,-0,-2.48154183765908e-24,0,-2.11024531989658e-08,0,0
104.42,0,0,-9.09583937857884e-09,3.95484274708106e-09,-6.48287706039253e-10,2.81810800933299e-10,2.42260020055359e-09,2.26459614913931e-09,-0,-1.65436122510606e-24,0,-2.09197431451302e-08,0,0
104.44,0,0,-9.01708543852545e-09,3.92060088532794e-09,-6.42675914022537e-10,2.79371934624662e-10,2.40162432968281e-09,2.24498833543603e-09,-0,-8.27180612553028e-25,0,-2.07386150383618e-08,0,0
104.46,0,0,-8.93901336671373e-09,3.88665549324907e-09,-6.37112687914832e-10,2.7695417936649e-10,2.38083007569244e-09,2.22555029464286e-09,-0,-8.27180612553028e-25,0,-2.05590551818296e-08,0,0
104.48,0,0,-8.8616172594554e-09,3.85300400404319e-09,-6.31597607329682e-10,2.74557351971704e-10,2.36021586622992e-09,2.20628055691091e-09,-0,-8.27180612553028e-25,0,-2.03810499972914e-08,0,0
104.5,0,0,-8.78489126417567e-09,3.8196438731318e-09,-6.26130255528326e-10,2.72181270855477e-10,2.33978014255069e-09,2.18717766511311e-09,-0,-1.65436122510606e-24,0,-2.02045860240665e-08,0,0
104.52,0,0,-8.70882957897068e-09,3.78657257796675e-09,-6.20710219387796e-10,2.69825756021027e-10,2.31952135940043e-09,2.16824017473307e-09,-0,-1.65436122510606e-24,0,-2.00296499180186e-08,0,0
104.54,0,0,-8.63342645216883e-09,3.75378761783949e-09,-6.15337089369296e-10,2.67490629045535e-10,2.29943798489844e-09,2.14946665375727e-09,-0,-1.65436122510606e-24,0,-1.98562284505461e-08,0,0
104.56,0,0,-8.55867618189587e-09,3.72128651369191e-09,-6.10010459486863e-10,2.65175713066192e-10,2.27952850042196e-09,2.13085568256635e-09,-0,-1.65436122510606e-24,0,-1.96843085075825e-08,0,0
104.58,0,0,-8.48457311564379e-09,3.68906680792898e-09,-6.04729927276307e-10,2.62880832766369e-10,2.2597914004915e-09,2.11240585382782e-09,-0,-1.65436122510606e-24,0,-1.95138770886041e-08,0,0
104.6,0,0,-8.41111164984337e-09,3.6571260642328e-09,-5.9949509376442e-10,2.60605814361905e-10,2.2402251926572e-09,2.09411577238981e-09,-0,-1.65436122510606e-24,0,-1.93449213056475e-08,0,0
104.62,0,0,-8.33828622944053e-09,3.62546186737845e-09,-5.9430556343847e-10,2.58350485587523e-10,2.22082839738604e-09,2.07598405517629e-09,-0,-2.48154183765908e-24,0,-1.91774283823346e-08,0,0
104.64,0,0,-8.26609134747629e-09,3.5940718230513e-09,-5.8916094421595e-10,2.56114675683361e-10,2.20159954795027e-09,2.05800933108161e-09,-0,-1.65436122510606e-24,0,-1.90113856529069e-08,0,0
104.66,0,0,-8.19452154467034e-09,3.562953557666e-09,-5.84060847414611e-10,2.53898215381629e-10,2.18253719031653e-09,2.04019024086811e-09,-0,-1.65436122510606e-24,0,-1.88467805612675e-08,0,0
104.68,0,0,-8.12357140900831e-09,3.53210471818697e-09,-5.79004887722747e-10,2.5170093689338e-10,2.16363988303613e-09,2.02252543706234e-09,-0,-1.65436122510606e-24,0,-1.86836006600319e-08,0,0
104.7,0,0,-8.05323557533251e-09,3.50152297195049e-09,-5.73992683169752e-10,2.495226738954e-10,2.14490619713617e-09,2.00501358385403e-09,-0,-1.65436122510606e-24,0,-1.85218336095865e-08,0,0
104.72,0,0,-7.9835087249363e-09,3.47120600648828e-09,-5.69023855096936e-10,2.47363261517215e-10,2.12633471601162e-09,1.98765335699523e-09,-0,-1.65436122510606e-24,0,-1.83614671771558e-08,0,0
104.74,0,0,-7.91438558516188e-09,3.4411515293527e-09,-5.64098028128598e-10,2.45222536328215e-10,2.10792403531841e-09,1.97044344370013e-09,-0,-1.65436122510606e-24,0,-1.82024892358771e-08,0,0
104.76,0,0,-7.84586092900166e-09,3.41135726794332e-09,-5.59214830143358e-10,2.43100336324891e-10,2.08967276286737e-09,1.95338254254553e-09,-0,-8.27180612553028e-25,0,-1.80448877638838e-08,0,0
104.78,0,0,-7.77792957470302e-09,3.38182096933516e-09,-5.54373892245741e-10,2.40996500918188e-10,2.07157951851902e-09,1.93646936337324e-09,-0,-8.27180612553028e-25,0,-1.78886508433963e-08,0,0
104.8,0,0,-7.7105863853765e-09,3.35254040010829e-09,-5.4957484873801e-10,2.38910870920971e-10,2.05364293407947e-09,1.91970262719215e-09,-0,-1.65436122510606e-24,0,-1.77337666598207e-08,0,0
104.82,0,0,-7.6438262686074e-09,3.32351334617894e-09,-5.44817337092258e-10,2.36843288535597e-10,2.03586165319698e-09,1.90308106608188e-09,-0,-1.65436122510606e-24,0,-1.75802235008554e-08,0,0
104.84,0,0,-7.57764417607073e-09,3.29473761263215e-09,-5.40100997922738e-10,2.34793597341611e-10,2.01823433125962e-09,1.88660342309703e-09,-0,-1.65436122510606e-24,0,-1.74280097556059e-08,0,0
104.86,0,0,-7.51203510314949e-09,3.2662110235557e-09,-5.35425474958442e-10,2.32761642283537e-10,2.00075963529371e-09,1.87026845217234e-09,-0,-8.27180612553028e-25,0,-1.7277113913706e-08,0,0
104.88,0,0,-7.44699408855628e-09,3.23793142187568e-09,-5.30790415015923e-10,2.30747269658792e-10,1.98343624386315e-09,1.85407491802805e-09,-0,-8.27180612553028e-25,0,-1.71275245644483e-08,0,0
104.9,0,0,-7.38251621395814e-09,3.20989666919333e-09,-5.26195467972355e-10,2.28750327105697e-10,1.96626284696959e-09,1.83802159607708e-09,-0,-8.27180612553028e-25,0,-1.69792303959209e-08,0,0
104.92,0,0,-7.3185966036047e-09,3.18210464562338e-09,-5.21640286738837e-10,2.26770663591605e-10,1.9492381459536e-09,1.82210727233262e-09,-0,-8.27180612553028e-25,0,-1.68322201941519e-08,0,0
104.94,0,0,-7.25523042395949e-09,3.15455324963372e-09,-5.17124527233928e-10,2.24808129401128e-10,1.93236085339645e-09,1.80633074331606e-09,-0,-8.27180612553028e-25,0,-1.6686482842262e-08,0,0
104.96,0,0,-7.19241288333447e-09,3.12724039788654e-09,-5.12647848357421e-10,2.22862576124474e-10,1.91562969302298e-09,1.79069081596641e-09,-0,-1.65436122510606e-24,0,-1.65420073196232e-08,0,0
104.98,0,0,-7.13013923152773e-09,3.1001640250808e-09,-5.08209911964345e-10,2.20933856645885e-10,1.89904339960523e-09,1.77518630754985e-09,-0,-1.65436122510606e-24,0,-1.63987827010261e-08,0,0
105,0,0,-7.06840475946432e-09,3.07332208379602e-09,-5.03810382839196e-10,2.19021825132187e-10,1.88260071886678e-09,1.75981604557091e-09,-0,-1.65436122510606e-24,0,-1.62567981558533e-08,0,0
105.02,0,0,-7.00720479884018e-09,3.04671254433754e-09,-4.99448928670407e-10,2.1712633702143e-10,1.86630040738813e-09,1.74457886768349e-09,-0,-1.65436122510606e-24,0,-1.61160429472605e-08,0,0
105.04,0,0,-6.94653472176918e-09,3.02033339458301e-09,-4.95125220025029e-10,2.15247249011642e-10,1.85014123251273e-09,1.72947362160287e-09,-0,-8.27180612553028e-25,0,-1.5976506431365e-08,0,0
105.06,0,0,-6.88638994043315e-09,2.99418263983027e-09,-4.90838930323647e-10,2.13384419049677e-10,1.83412197225387e-09,1.71449916501946e-09,-0,-8.27180612553028e-25,0,-1.58381780564403e-08,0,0
105.08,0,0,-6.82676590673506e-09,2.9682583026465e-09,-4.86589735815511e-10,2.11537706320167e-10,1.81824141520246e-09,1.69965436551173e-09,-0,0,0,-1.57010473621187e-08,0,0
105.1,0,0,-6.76765811195506e-09,2.94255842271876e-09,-4.82377315553893e-10,2.09706971234572e-10,1.80249836043544e-09,1.68493810046115e-09,-0,0,0,-1.55651039785999e-08,0,0
105.12,0,0,-6.7090620864096e-09,2.91708105670569e-09,-4.78201351371658e-10,2.07892075420325e-10,1.78689161742513e-09,1.67034925696705e-09,-0,0,0,-1.54303376258672e-08,0,0
105.14,0,0,-6.65097339911348e-09,2.89182427809067e-09,-4.74061527857053e-10,2.06092881710086e-10,1.77142000594932e-09,1.65588673176279e-09,-0,0,0,-1.52967381129099e-08,0,0
105.16,0,0,-6.5933876574448e-09,2.86678617703609e-09,-4.69957532329707e-10,2.04309254131076e-10,1.75608235600206e-09,1.64154943113211e-09,-0,0,0,-1.5164295336953e-08,0,0
105.18,0,0,-6.5363005068128e-09,2.84196486023894e-09,-4.65889054816848e-10,2.02541057894524e-10,1.74087750770533e-09,1.6273362708272e-09,-0,0,0,-1.50329992826929e-08,0,0
105.2,0,0,-6.47970763032867e-09,2.81735845078773e-09,-4.61855788029727e-10,2.00788159385195e-10,1.72580431122144e-09,1.61324617598586e-09,-0,0,0,-1.49028400215404e-08,0,0
105.22,0,0,-6.42360474847905e-09,2.79296508802049e-09,-4.5785742734025e-10,1.99050426151022e-10,1.71086162666613e-09,1.59927808105103e-09,-0,0,0,-1.47738077108696e-08,0,0
105.24,0,0,-6.36798761880255e-09,2.76878292738417e-09,-4.53893670757817e-10,1.97327726892827e-10,1.69604832402253e-09,1.58543092968982e-09,-0,0,0,-1.46458925932739e-08,0,0
105.26,0,0,-6.31285203556887e-09,2.74481014029509e-09,-4.49964218906372e-10,1.95619931454136e-10,1.68136328305572e-09,1.57170367471439e-09,-0,0,0,-1.45190849958282e-08,0,0
105.28,0,0,-6.25819382946087e-09,2.72104491400078e-09,-4.46068775001641e-10,1.93926910811083e-10,1.66680539322821e-09,1.5580952780017e-09,-0,0,0,-1.43933753293571e-08,0,0
105.3,0,0,-6.20400886725928e-09,2.69748545144283e-09,-4.42207044828587e-10,1.92248537062415e-10,1.65237355361595e-09,1.54460471041622e-09,-0,-8.27180612553028e-25,0,-1.42687540877103e-08,0,0
105.32,0,0,-6.15029305153019e-09,2.67412997112108e-09,-4.38378736719054e-10,1.9058468341957e-10,1.63806667282521e-09,1.53123095173146e-09,-0,0,0,-1.41452118470434e-08,0,0
105.34,0,0,-6.09704232031524e-09,2.6509767069589e-09,-4.34583561529613e-10,1.8893522419686e-10,1.62388366891015e-09,1.51797299055311e-09,-0,-8.27180612553028e-25,0,-1.40227392651053e-08,0,0
105.36,0,0,-6.04425264682447e-09,2.62802390816965e-09,-4.308212326196e-10,1.87300034801738e-10,1.60982346929102e-09,1.50482982424294e-09,-0,-8.27180612553028e-25,0,-1.39013270805321e-08,0,0
105.38,0,0,-5.99192003913188e-09,2.60526983912433e-09,-4.27091465829353e-10,1.85678991725147e-10,1.59588501067324e-09,1.49180045884232e-09,-0,-8.27180612553028e-25,0,-1.37809661121463e-08,0,0
105.4,0,0,-5.94004053987354e-09,2.58271277922035e-09,-4.23393979458633e-10,1.84071972531963e-10,1.58206723896697e-09,1.47888390899792e-09,-0,-8.27180612553028e-25,0,-1.3661647258263e-08,0,0
105.42,0,0,-5.8886102259484e-09,2.56035102275143e-09,-4.19728494245245e-10,1.82478855851523e-10,1.56836910920752e-09,1.46607919788657e-09,-0,-8.27180612553028e-25,0,-1.35433614960014e-08,0,0
105.44,0,0,-5.83762520822167e-09,2.53818287877863e-09,-4.16094733343841e-10,1.80899521368238e-10,1.55478958547638e-09,1.45338535714198e-09,-0,0,0,-1.34260998806026e-08,0,0
105.46,0,0,-5.78708163123071e-09,2.51620667100252e-09,-4.12492422304911e-10,1.79333849812286e-10,1.54132764082302e-09,1.44080142678154e-09,-0,-8.27180612553028e-25,0,-1.33098535447529e-08,0,0
105.48,0,0,-5.73697567289353e-09,2.49442073763643e-09,-4.08921289053962e-10,1.77781722950398e-10,1.5279822571872e-09,1.42832645513293e-09,-0,0,0,-1.31946136979141e-08,0,0
105.5,0,0,-5.68730354421981e-09,2.47282343128083e-09,-4.05381063870876e-10,1.76243023576719e-10,1.51475242532215e-09,1.41595949876368e-09,-0,-4.13590306276514e-25,0,-1.30803716256577e-08,0,0
105.52,0,0,-5.63806148902437e-09,2.45141311879873e-09,-4.01871479369452e-10,1.7471763550376e-10,1.50163714471829e-09,1.40369962240857e-09,-0,-4.13590306276514e-25,0,-1.29671186890069e-08,0,0
105.54,0,0,-5.58924578364318e-09,2.43018818119225e-09,-3.98392270477133e-10,1.73205443553419e-10,1.48863542352757e-09,1.39154589889977e-09,-0,-4.13590306276514e-25,0,-1.28548463237827e-08,0,0
105.56,0,0,-5.5408527366518e-09,2.40914701348017e-09,-3.94943174414902e-10,1.71706333548097e-10,1.47574627848864e-09,1.37949740909611e-09,-0,-4.13590306276514e-25,0,-1.27435460399564e-08,0,0
105.58,0,0,-5.49287868858627e-09,2.38828802457662e-09,-3.91523930677363e-10,1.70220192301885e-10,1.46296873485246e-09,1.36755324181433e-09,-0,-4.13590306276514e-25,0,-1.26332094210081e-08,0,0
105.6,0,0,-5.44532001166637e-09,2.36760963717079e-09,-3.88134281012996e-10,1.68746907611835e-10,1.45030182630872e-09,1.35571249375992e-09,-0,-4.13590306276514e-25,0,-1.25238281232895e-08,0,0
105.62,0,0,-5.39817310952137e-09,2.34711028760762e-09,-3.84773969404579e-10,1.67286368249307e-10,1.43774459491279e-09,1.34397426945847e-09,-0,-8.27180612553028e-25,0,-1.24153938753937e-08,0,0
105.64,0,0,-5.35143441691805e-09,2.32678842576965e-09,-3.81442742049794e-10,1.65838463951395e-10,1.42529609101334e-09,1.33233768118865e-09,-0,-4.13590306276514e-25,0,-1.2307898477529e-08,0,0
105.66,0,0,-5.30510039949115e-09,2.30664251495974e-09,-3.78140347341993e-10,1.64403085412432e-10,1.41295537318059e-09,1.32080184891469e-09,-0,-4.13590306276514e-25,0,-1.22013338008995e-08,0,0
105.68,0,0,-5.25916755347612e-09,2.28667103178499e-09,-3.7486653585114e-10,1.62980124275569e-10,1.40072150813515e-09,1.30936590022015e-09,-0,-4.13590306276514e-25,0,-1.20956917870902e-08,0,0
105.7,0,0,-5.21363240544418e-09,2.26687246604145e-09,-3.71621060304919e-10,1.61569473124434e-10,1.38859357067754e-09,1.29802897024167e-09,-0,0,0,-1.19909644474573e-08,0,0
105.72,0,0,-5.16849151203968e-09,2.24724532060004e-09,-3.68403675570001e-10,1.6017102547486e-10,1.37657064361827e-09,1.28679020160391e-09,-0,-4.13590306276514e-25,0,-1.18871438625248e-08,0,0
105.74,0,0,-5.12374145971978e-09,2.22778811129327e-09,-3.65214138633493e-10,1.58784675766694e-10,1.36465181770846e-09,1.27564874435443e-09,-0,0,0,-1.1784222181385e-08,0,0
105.76,0,0,-5.07937886449628e-09,2.20849936680311e-09,-3.62052208584526e-10,1.57410319355675e-10,1.35283619157122e-09,1.26460375590019e-09,-0,0,0,-1.16821916211051e-08,0,0
105.78,0,0,-5.03540037167979e-09,2.18937762854969e-09,-3.58917646596029e-10,1.56047852505391e-10,1.34112287163349e-09,1.25365440094249e-09,-0,4.13590306276514e-25,0,-1.15810444661387e-08,0,0
105.8,0,0,-4.99180265562605e-09,2.17042145058104e-09,-3.55810215906647e-10,1.54697172379299e-10,1.32951097205851e-09,1.24279985141565e-09,-0,0,0,-1.14807730677422e-08,0,0
105.82,0,0,-4.94858241948446e-09,2.15162939946379e-09,-3.5272968180282e-10,1.53358177032831e-10,1.31799961467893e-09,1.23203928642264e-09,-0,0,0,-1.13813698433968e-08,0,0
105.84,0,0,-4.90573639494884e-09,2.13300005417476e-09,-3.49675811601028e-10,1.52030765405555e-10,1.30658792893035e-09,1.22137189217405e-09,-0,0,0,-1.12828272762346e-08,0,0
105.86,0,0,-4.86326134201023e-09,2.11453200599355e-09,-3.46648374630182e-10,1.50714837313423e-10,1.2952750517856e-09,1.21079686192667e-09,-0,0,0,-1.11851379144705e-08,0,0
105.88,0,0,-4.82115404871195e-09,2.09622385839602e-09,-3.43647142214173e-10,1.49410293441072e-10,1.2840601276895e-09,1.20031339592192e-09,-0,-4.13590306276514e-25,0,-1.10882943708388e-08,0,0
105.9,0,0,-4.77941133090674e-09,2.0780742269487e-09,-3.40671887654578e-10,1.48117035334209e-10,1.27294230849416e-09,1.18992070132584e-09,-0,0,0,-1.09922893220341e-08,0,0
105.92,0,0,-4.73803003201595e-09,2.06008173920413e-09,-3.37722386213512e-10,1.46834965392057e-10,1.26192075339496e-09,1.17961799216892e-09,-0,4.13590306276514e-25,0,-1.08971155081583e-08,0,0
105.94,0,0,-4.6970070227909e-09,2.0422450345971e-09,-3.34798415096631e-10,1.45563986859869e-10,1.25099462886691e-09,1.16940448928698e-09,-0,4.13590306276514e-25,0,-1.08027657321708e-08,0,0
105.96,0,0,-4.65633920107624e-09,2.02456276434175e-09,-3.31899753436289e-10,1.44304003821514e-10,1.24016310860177e-09,1.15927942026193e-09,-0,0,0,-1.07092328593449e-08,0,0
105.98,0,0,-4.6160234915754e-09,2.00703359132966e-09,-3.29026182274837e-10,1.43054921192125e-10,1.22942537344546e-09,1.14924201936353e-09,-0,4.13590306276514e-25,0,-1.06165098167279e-08,0,0
106,0,0,-4.57605684561804e-09,1.98965619002868e-09,-3.26177484548072e-10,1.41816644710817e-10,1.21878061133626e-09,1.13929152749146e-09,-0,4.13590306276514e-25,0,-1.05245895926063e-08,0,0
106.02,0,0,-4.53643624092956e-09,1.97242924638276e-09,-3.2335344506883e-10,1.40589080933464e-10,1.20822801724334e-09,1.12942719211827e-09,-0,4.13590306276514e-25,0,-1.0433465235976e-08,0,0
106.04,0,0,-4.49715868140252e-09,1.9553514577126e-09,-3.20553850510719e-10,1.39372137225552e-10,1.19776679310599e-09,1.11964826723204e-09,-0,8.27180612553028e-25,0,-1.03431298560159e-08,0,0
106.06,0,0,-4.45822119687013e-09,1.93842153261714e-09,-3.17778489392002e-10,1.38165721755084e-10,1.18739614777326e-09,1.10995401328001e-09,-0,8.27180612553028e-25,0,-1.02535766215676e-08,0,0
106.08,0,0,-4.41962084288166e-09,1.92163819087594e-09,-3.15027152059616e-10,1.36969743485557e-10,1.17711529694418e-09,1.10034369711323e-09,-0,8.27180612553028e-25,0,-1.01647987606184e-08,0,0
106.1,0,0,-4.38135470047978e-09,1.90500016335236e-09,-3.12299630673329e-10,1.35784112169003e-10,1.16692346310844e-09,1.09081659193028e-09,-0,1.24077091882954e-24,0,-1.00767895597892e-08,0,0
106.12,0,0,-4.34341987597985e-09,1.88850619189765e-09,-3.09595719190044e-10,1.34608738339083e-10,1.15681987548766e-09,1.08137197722319e-09,-0,8.27180612553028e-25,0,-9.98954236382713e-09,0,0
106.14,0,0,-4.30581350075114e-09,1.87215502925578e-09,-3.06915213348227e-10,1.33443533304255e-10,1.14680376997711e-09,1.07200913872218e-09,-0,8.27180612553028e-25,0,-9.90305057510204e-09,0,0
106.16,0,0,-4.26853273099989e-09,1.8559454389692e-09,-3.04257910652488e-10,1.32288409140993e-10,1.13687438908792e-09,1.06272736834229e-09,-0,8.27180612553028e-25,0,-9.81730765310764e-09,0,0
106.18,0,0,-4.23157474755428e-09,1.83987619528527e-09,-3.0162361035828e-10,1.31143278687078e-10,1.12703098188989e-09,1.0535259641296e-09,-0,4.13590306276514e-25,0,-9.73230711396696e-09,0,0
106.2,0,0,-4.19493675565127e-09,1.82394608306368e-09,-2.99012113456744e-10,1.30008055534935e-10,1.11727280395467e-09,1.04440423020804e-09,-0,8.27180612553028e-25,0,-9.64804252994202e-09,0,0
106.22,0,0,-4.15861598472527e-09,1.80815389768452e-09,-2.96423222659681e-10,1.28882654025043e-10,1.10759911729948e-09,1.03536147672706e-09,-0,8.27180612553028e-25,0,-9.56450752894778e-09,0,0
106.24,0,0,-4.12260968819864e-09,1.7924984449572e-09,-2.93856742384657e-10,1.27766989239399e-10,1.09800919033138e-09,1.02639701980915e-09,-0,8.27180612553028e-25,0,-9.48169579407029e-09,0,0
106.26,0,0,-4.08691514327403e-09,1.7769785410302e-09,-2.91312478740237e-10,1.26660976995038e-10,1.0885022977919e-09,1.01751018149841e-09,-0,8.27180612553028e-25,0,-9.39960106308898e-09,0,0
106.28,0,0,-4.05152965072845e-09,1.76159301230154e-09,-2.88790239511346e-10,1.25564533837613e-10,1.07907772070226e-09,1.0087002897092e-09,-0,1.24077091882954e-24,0,-9.31821712800317e-09,0,0
106.3,0,0,-4.01645053470921e-09,1.74634069533004e-09,-2.86289834144766e-10,1.24477577035037e-10,1.06973474630897e-09,9.99966678175255e-10,-0,8.27180612553028e-25,0,-9.23753783456259e-09,0,0
106.32,0,0,-3.98167514253156e-09,1.73122043674739e-09,-2.83811073734749e-10,1.23400024571173e-10,1.06047266803002e-09,9.91308686399335e-10,-0,8.27180612553028e-25,0,-9.15755708180201e-09,0,0
106.34,0,0,-3.94720084447813e-09,1.71623109317091e-09,-2.81353771008763e-10,1.22331795139591e-10,1.05129078540136e-09,9.82725659603461e-10,-0,4.13590306276514e-25,0,-9.07826882157987e-09,0,0
106.36,0,0,-3.91302503360005e-09,1.70137153111713e-09,-2.78917740313359e-10,1.21272808137371e-10,1.04218840402404e-09,9.74216948679101e-10,-0,4.13590306276514e-25,0,-8.99966705812097e-09,0,0
106.38,0,0,-3.87914512551985e-09,1.68664062691606e-09,-2.76502797600162e-10,1.20222983658966e-10,1.03316483551165e-09,9.65781910138368e-10,-0,8.27180612553028e-25,0,-8.92174584756303e-09,0,0
106.4,0,0,-3.84555855823605e-09,1.67203726662629e-09,-2.74108760411985e-10,1.19182242490124e-10,1.02421939743832e-09,9.57419906065254e-10,-0,8.27180612553028e-25,0,-8.84449929750725e-09,0,0
106.42,0,0,-3.81226279192938e-09,1.65756034595069e-09,-2.71735447869065e-10,1.18150506101855e-10,1.01535141328708e-09,9.49130304067391e-10,-0,4.13590306276514e-25,0,-8.76792156657268e-09,0,0
106.44,0,0,-3.77925530877079e-09,1.64320877015301e-09,-2.69382680655414e-10,1.17127696644462e-10,1.00656021239874e-09,9.40912477228303e-10,-0,0,0,-8.69200686395458e-09,0,0
106.46,0,0,-3.74653361273103e-09,1.62898145397501e-09,-2.67050281005296e-10,1.16113736941616e-10,9.97845129921213e-10,9.32765804059667e-10,-0,0,0,-8.61674944898645e-09,0,0
106.48,0,0,-3.71409522939193e-09,1.6148773215545e-09,-2.64738072689814e-10,1.15108550484492e-10,9.89205506759187e-10,9.24689668454889e-10,-0,0,0,-8.54214363070596e-09,0,0
106.5,0,0,-3.68193770575927e-09,1.60089530634394e-09,-2.62445881003625e-10,1.14112061425952e-10,9.80640689524318e-10,9.16683459642108e-10,-0,0,0,-8.46818376742458e-09,0,0
106.52,0,0,-3.65005861007731e-09,1.58703435102981e-09,-2.60173532751756e-10,1.13124194574782e-10,9.72150030485844e-10,9.08746572138179e-10,-0,0,0,-8.394864266301e-09,0,0
106.54,0,0,-3.6184555316449e-09,1.57329340745269e-09,-2.57920856236551e-10,1.12144875389978e-10,9.63732887521594e-10,9.00878405702795e-10,-0,0,0,-8.32217958291814e-09,0,0
106.56,0,0,-3.5871260806332e-09,1.55967143652799e-09,-2.55687681244714e-10,1.11174029975092e-10,9.55388624069437e-10,8.93078365293082e-10,-0,0,0,-8.25012422086394e-09,0,0
106.58,0,0,-3.55606788790499e-09,1.5461674081674e-09,-2.53473839034484e-10,1.10211585072612e-10,9.47116609079161e-10,8.8534586101877e-10,-0,0,0,-8.1786927313157e-09,0,0
106.6,0,0,-3.52527860483548e-09,1.532780301201e-09,-2.51279162322905e-10,1.0925746805841e-10,9.38916216964742e-10,8.77680308097373e-10,-0,0,0,-8.10787971262803e-09,0,0
106.62,0,0,-3.49475590313474e-09,1.51950910330006e-09,-2.49103485273215e-10,1.08311606936224e-10,9.30786827557058e-10,8.70081126810215e-10,-0,0,0,-8.0376798099244e-09,0,0
106.64,0,0,-3.46449747467165e-09,1.50635281090049e-09,-2.46946643482346e-10,1.07373930332203e-10,9.22727826056987e-10,8.62547742458282e-10,-0,0,0,-7.96808771469221e-09,0,0
106.66,0,0,-3.43450103129935e-09,1.49331042912699e-09,-2.44808473968526e-10,1.06444367489488e-10,9.14738602988926e-10,8.55079585319019e-10,-0,-4.13590306276514e-25,0,-7.89909816438132e-09,0,0
106.68,0,0,-3.40476430468224e-09,1.48038097171778e-09,-2.42688815158998e-10,1.0552284826285e-10,9.06818554154701e-10,8.47676090603197e-10,-0,-4.13590306276514e-25,0,-7.83070594200616e-09,0,0
106.7,0,0,-3.37528504612442e-09,1.46756346095008e-09,-2.40587506877833e-10,1.04609303113375e-10,8.98967080587879e-10,8.40336698412012e-10,-0,-4.13590306276514e-25,0,-7.76290587575116e-09,0,0
106.72,0,0,-3.34606102639969e-09,1.45485692756614e-09,-2.38504390333867e-10,1.03703663103188e-10,8.91183588508465e-10,8.3306085369501e-10,-0,-4.13590306276514e-25,0,-7.69569283857973e-09,0,0
106.74,0,0,-3.31709003558297e-09,1.44226041070002e-09,-2.36439308108721e-10,1.02805859890234e-10,8.83467489278023e-10,8.25848006208056e-10,-0,-4.13590306276514e-25,0,-7.62906174784647e-09,0,0
106.76,0,0,-3.28836988288316e-09,1.42977295780487e-09,-2.34392104144945e-10,1.01915825723101e-10,8.75818199355162e-10,8.18697610471526e-10,-0,-4.13590306276514e-25,0,-7.56300756491288e-09,0,0
106.78,0,0,-3.25989839647753e-09,1.41739362458095e-09,-2.32362623734254e-10,1.01033493435887e-10,8.68235140251385e-10,8.11609125729201e-10,-0,-4.13590306276514e-25,0,-7.49752529476634e-09,0,0
106.8,0,0,-3.23167342334746e-09,1.40512147490423e-09,-2.30350713505868e-10,1.00158796443118e-10,8.60717738487378e-10,8.04582015907454e-10,-0,-8.27180612553028e-25,0,-7.43260998564234e-09,0,0
106.82,0,0,-3.20369282911565e-09,1.39295558075561e-09,-2.28356221414952e-10,9.92916687347052e-11,8.5326542554961e-10,7.97615749574582e-10,-0,-8.27180612553028e-25,0,-7.36825672865009e-09,0,0
106.84,0,0,-3.17595449788472e-09,1.38089502215073e-09,-2.26378996731164e-10,9.84320448709509e-11,8.45877637847372e-10,7.90709799900631e-10,-0,-8.27180612553028e-25,0,-7.30446065740127e-09,0,0
106.86,0,0,-3.1484563320772e-09,1.36893888707045e-09,-2.24418890027291e-10,9.75798599775971e-11,8.38553816670132e-10,7.83863644617451e-10,-0,-4.13590306276514e-25,0,-7.24121694764202e-09,0,0
106.88,0,0,-3.12119625227693e-09,1.35708627139186e-09,-2.22475753167992e-10,9.67350497409178e-11,8.31293408145287e-10,7.77076765979588e-10,-0,-4.13590306276514e-25,0,-7.17852081688818e-09,0,0
106.9,0,0,-3.09417219707181e-09,1.34533627881994e-09,-2.20549439298637e-10,9.58975504028559e-11,8.24095863196303e-10,7.7034865072472e-10,-0,-8.27180612553028e-25,0,-7.1163675240636e-09,0,0
106.92,0,0,-3.06738212289794e-09,1.33368802081979e-09,-2.1863980283424e-10,9.50672987562022e-11,8.16960637501165e-10,7.63678790034885e-10,-0,-8.27180612553028e-25,0,-7.05475236914163e-09,0,0
106.94,0,0,-3.04082400388507e-09,1.32214061654943e-09,-2.1674669944849e-10,9.42442321398175e-11,8.09887191451223e-10,7.57066679498157e-10,-0,-8.27180612553028e-25,0,-6.99367069278973e-09,0,0
106.96,0,0,-3.01449583170342e-09,1.31069319279321e-09,-2.14869986062877e-10,9.34282884338968e-11,8.02874990110369e-10,7.50511819070529e-10,-0,-4.13590306276514e-25,0,-6.93311787601706e-09,0,0
106.98,0,0,-2.9883956154118e-09,1.29934488389582e-09,-2.13009520835915e-10,9.26194060552748e-11,7.95923503174597e-10,7.4401371303784e-10,-0,-4.13590306276514e-25,0,-6.87308933982527e-09,0,0
107,0,0,-2.96252138130708e-09,1.28809483169677e-09,-2.11165163152453e-10,9.18175239527739e-11,7.89032204931907e-10,7.3757186997856e-10,-0,-4.13590306276514e-25,0,-6.81358054486221e-09,0,0
107.02,0,0,-2.93687117277492e-09,1.27694218546556e-09,-2.09336773613081e-10,9.10225816025934e-11,7.82200574222529e-10,7.31185802726474e-10,-0,-4.13590306276514e-25,0,-6.75458699107863e-09,0,0
107.04,0,0,-2.91144305014185e-09,1.26588610183735e-09,-2.07524214023629e-10,9.02345190037385e-11,7.75428094399519e-10,7.24855028333855e-10,-0,-4.13590306276514e-25,0,-6.69610421738792e-09,0,0
107.06,0,0,-2.88623509052853e-09,1.25492574474915e-09,-2.0572734738476e-10,8.94532766734899e-11,7.68714253289672e-10,7.18579068034926e-10,-0,-4.13590306276514e-25,0,-6.63812780132878e-09,0,0
107.08,0,0,-2.86124538770445e-09,1.24406028537667e-09,-2.03946037881643e-10,8.8678795642914e-11,7.62058543154812e-10,7.12357447209696e-10,-0,-4.13590306276514e-25,0,-6.58065335873073e-09,0,0
107.1,0,0,-2.83647205194365e-09,1.2332889020716e-09,-2.02180150873725e-10,8.79110174524123e-11,7.55460460653366e-10,7.06189695348002e-10,-0,-6.20385459414771e-25,0,-6.52367654338264e-09,0,0
107.12,0,0,-2.81191320988196e-09,1.2226107802995e-09,-2.0042955288459e-10,8.71498841473096e-11,7.48919506802308e-10,7.00075346013941e-10,-0,-4.13590306276514e-25,0,-6.46719304670404e-09,0,0
107.14,0,0,-2.78756700437524e-09,1.21202511257823e-09,-1.98694111591901e-10,8.63953382734815e-11,7.42435186939416e-10,6.94013936810798e-10,-0,-4.13590306276514e-25,0,-6.4111985974193e-09,0,0
107.16,0,0,-2.76343159435897e-09,1.20153109841686e-09,-1.96973695817436e-10,8.56473228730208e-11,7.36007010685873e-10,6.88005009345642e-10,-0,-4.13590306276514e-25,0,-6.35568896123465e-09,0,0
107.18,0,0,-2.73950515470906e-09,1.19112794425519e-09,-1.95268175517203e-10,8.49057814799413e-11,7.29634491909163e-10,6.82048109194943e-10,-0,-4.13590306276514e-25,0,-6.30065994051798e-09,0,0
107.2,0,0,-2.71578587610383e-09,1.1808148634037e-09,-1.93577421771647e-10,8.417065811592e-11,7.23317148686307e-10,6.76142785870279e-10,-0,-2.06795153138257e-25,0,-6.2461073739814e-09,0,0
107.22,0,0,-2.69227196488714e-09,1.17059107598412e-09,-1.91901306775939e-10,8.34418972860763e-11,7.17054503267427e-10,6.7028859278405e-10,-0,-2.06795153138257e-25,0,-6.19202713636657e-09,0,0
107.24,0,0,-2.66896164293282e-09,1.16045580887039e-09,-1.90239703830346e-10,8.27194439747893e-11,7.10846082039604e-10,6.64485087215844e-10,-0,-2.06795153138257e-25,0,-6.13841513813276e-09,0,0
107.26,0,0,-2.6458531475102e-09,1.15040829563028e-09,-1.8859248733069e-10,8.20032436415504e-11,7.04691415491043e-10,6.58731830278676e-10,-0,-2.06795153138257e-25,0,-6.08526732514756e-09,0,0
107.28,0,0,-2.62294473115077e-09,1.14044777646739e-09,-1.86959532758887e-10,8.12932422168535e-11,6.98590038175587e-10,6.53028386886392e-10,-0,-2.06795153138257e-25,0,-6.03257967838037e-09,0,0
107.3,0,0,-2.60023466151608e-09,1.13057349816371e-09,-1.85340716673568e-10,8.05893860981209e-11,6.92541488677495e-10,6.4737432572005e-10,-0,0,0,-5.9803482135984e-09,0,0
107.32,0,0,-2.57772122126674e-09,1.1207847140227e-09,-1.83735916700777e-10,7.98916221456651e-11,6.86545309576552e-10,6.41769219195676e-10,-0,0,0,-5.92856898106546e-09,0,0
107.34,0,0,-2.55540270793254e-09,1.11108068381276e-09,-1.82145011524758e-10,7.91998976786851e-11,6.8060104741346e-10,6.36212643432043e-10,-0,-2.06795153138257e-25,0,-5.87723806524319e-09,0,0
107.36,0,0,-2.53327743378372e-09,1.10146067371133e-09,-1.80567880878817e-10,7.85141604712999e-11,6.74708252655555e-10,6.30704178218272e-10,-0,-2.06795153138257e-25,0,-5.82635158449507e-09,0,0
107.38,0,0,-2.51134372570334e-09,1.09192395624937e-09,-1.79004405536258e-10,7.78343587486142e-11,6.68866479662794e-10,6.25243406982256e-10,-0,0,0,-5.7759056907928e-09,0,0
107.4,0,0,-2.48959992506077e-09,1.08246981025635e-09,-1.77454467301407e-10,7.71604411828209e-11,6.63075286654068e-10,6.19829916759127e-10,-0,-2.06795153138257e-25,0,-5.72589656942537e-09,0,0
107.42,0,0,-2.46804438758626e-09,1.07309752080576e-09,-1.75917949000708e-10,7.64923568893368e-11,6.57334235673762e-10,6.14463298160025e-10,-0,-2.06795153138257e-25,0,-5.67632043871053e-09,0,0
107.44,0,0,-2.44667548324659e-09,1.06380637916097e-09,-1.74394734473896e-10,7.58300554229716e-11,6.51642892558643e-10,6.09143145340966e-10,-0,-4.13590306276514e-25,0,-5.62717354970889e-09,0,0
107.46,0,0,-2.42549159612184e-09,1.05459568272176e-09,-1.72884708565247e-10,7.51734867741312e-11,6.46000826905018e-10,6.03869055972409e-10,-0,-4.13590306276514e-25,0,-5.57845218594037e-09,0,0
107.48,0,0,-2.40449112428316e-09,1.04546473497106e-09,-1.71387757114904e-10,7.4522601365054e-11,6.40407612036178e-10,5.98640631208666e-10,-0,-4.13590306276514e-25,0,-5.53015266310318e-09,0,0
107.5,0,0,-2.38367247967166e-09,1.0364128454224e-09,-1.69903766950281e-10,7.38773500460801e-11,6.34862824970129e-10,5.93457475657798e-10,-0,-4.13590306276514e-25,0,-5.4822713287952e-09,0,0
107.52,0,0,-2.36303408797828e-09,1.02743932956762e-09,-1.6843262587753e-10,7.32376840919533e-11,6.29366046387598e-10,5.88319197351597e-10,-0,-6.20385459414771e-25,0,-5.4348045622378e-09,0,0
107.54,0,0,-2.34257438852481e-09,1.01854350882517e-09,-1.669742226731e-10,7.26035551981555e-11,6.23916860600313e-10,5.83225407716098e-10,-0,-6.20385459414771e-25,0,-5.38774877400201e-09,0,0
107.56,0,0,-2.32229183414582e-09,1.00972471048875e-09,-1.65528447075349e-10,7.19749154772722e-11,6.18514855519552e-10,5.78175721542013e-10,-0,-6.20385459414771e-25,0,-5.34110040573712e-09,0,0
107.58,0,0,-2.30218489107166e-09,1.00098226767648e-09,-1.64095189776244e-10,7.13517174553913e-11,6.13159622625001e-10,5.73169756955751e-10,-0,-6.20385459414771e-25,0,-5.29485592990156e-09,0,0
107.6,0,0,-2.28225203881251e-09,9.92315519280446e-10,-1.62674342413126e-10,7.07339140685324e-11,6.07850756933829e-10,5.68207135390465e-10,-0,-6.20385459414771e-25,0,-5.24901184949617e-09,0,0
107.62,0,0,-2.26249177004339e-09,9.83723809916746e-10,-1.61265797560545e-10,7.01214586591072e-11,6.02587856970046e-10,5.63287481557288e-10,-0,-6.20385459414771e-25,0,-5.20356469779974e-09,0,0
107.64,0,0,-2.24290259049016e-09,9.75206489875901e-10,-1.59869448722167e-10,6.95143049724106e-11,5.97370524734164e-10,5.58410423417336e-10,-0,-8.27180612553028e-25,0,-5.15851103810688e-09,0,0
107.66,0,0,-2.22348301881654e-09,9.66762915073742e-10,-1.58485190322753e-10,6.89124071531437e-11,5.92198365673086e-10,5.53575592152968e-10,-0,-6.20385459414771e-25,0,-5.11384746346809e-09,0,0
107.68,0,0,-2.20423158651209e-09,9.58392447002707e-10,-1.57112917700206e-10,6.83157197419655e-11,5.87070988650232e-10,5.48782622140525e-10,-0,-6.20385459414771e-25,0,-5.06957059643218e-09,0,0
107.7,0,0,-2.18514683778115e-09,9.5009445268356e-10,-1.55752527097683e-10,6.77241976720759e-11,5.81988005915999e-10,5.44031150922213e-10,-0,-6.20385459414771e-25,0,-5.02567708879082e-09,0,0
107.72,0,0,-2.16622732943276e-09,9.41868304617526e-10,-1.54403915655781e-10,6.71377962658275e-11,5.76949033078393e-10,5.39320819178784e-10,-0,-6.20385459414771e-25,0,-4.98216362132536e-09,0,0
107.74,0,0,-2.14747163077153e-09,9.33713380738847e-10,-1.53066981404785e-10,6.6556471231368e-11,5.71953689073973e-10,5.34651270702617e-10,-0,-6.20385459414771e-25,0,-4.93902690355584e-09,0,0
107.76,0,0,-2.12887832348946e-09,9.25629064367739e-10,-1.51741623256988e-10,6.59801786593105e-11,5.67001596139024e-10,5.30022152370418e-10,-0,-6.20385459414771e-25,0,-4.89626367349215e-09,0,0
107.78,0,0,-2.11044600155866e-09,9.17614744163767e-10,-1.50427740999074e-10,6.54088750194342e-11,5.62092379780976e-10,5.25433114116658e-10,-0,-6.20385459414771e-25,0,-4.85387069738738e-09,0,0
107.8,0,0,-2.09217327112504e-09,9.09669814079614e-10,-1.49125235284566e-10,6.48425171574126e-11,5.57225668750078e-10,5.20883808907149e-10,-0,-8.27180612553028e-25,0,-4.81184476949323e-09,0,0
107.82,0,0,-2.07405875040292e-09,9.01793673315258e-10,-1.47834007626343e-10,6.42810622915708e-11,5.5240109501132e-10,5.16373892712774e-10,-0,-8.27180612553028e-25,0,-4.77018271181764e-09,0,0
107.84,0,0,-2.0561010695705e-09,8.93985726272539e-10,-1.46553960389215e-10,6.37244680096709e-11,5.47618293716597e-10,5.11903024483293e-10,-0,-6.20385459414771e-25,0,-4.72888137388446e-09,0,0
107.86,0,0,-2.03829887066633e-09,8.86245382510123e-10,-1.45284996782572e-10,6.31726922657255e-11,5.42876903177103e-10,5.07470866121873e-10,-0,-8.27180612553028e-25,0,-4.68793763249519e-09,0,0
107.88,0,0,-2.02065080748658e-09,8.78572056698857e-10,-1.44027020853086e-10,6.26256933768384e-11,5.38176564835973e-10,5.03077082459135e-10,-0,-6.20385459414771e-25,0,-4.64734839149282e-09,0,0
107.9,0,0,-2.00315554548325e-09,8.70965168577509e-10,-1.42779937477484e-10,6.20834300200731e-11,5.33516923241163e-10,4.98721341228228e-10,-0,-8.27180612553028e-25,0,-4.60711058152767e-09,0,0
107.92,0,0,-1.98581176166324e-09,8.63424142908887e-10,-1.41543652355374e-10,6.1545861229349e-11,5.28897626018574e-10,4.94403313039146e-10,-0,-6.20385459414771e-25,0,-4.56722115982532e-09,0,0
107.94,0,0,-1.96861814448834e-09,8.55948409436345e-10,-1.40318072002147e-10,6.10129463923634e-11,5.24318323845375e-10,4.90122671354348e-10,-0,-6.20385459414771e-25,0,-4.52767710995651e-09,0,0
107.96,0,0,-1.95157339377601e-09,8.48537402840661e-10,-1.39103103741926e-10,6.04846452475413e-11,5.19778670423595e-10,4.8587909246375e-10,-0,-6.20385459414771e-25,0,-4.48847544160899e-09,0,0
107.98,0,0,-1.93467622060107e-09,8.41190562697293e-10,-1.37898655700582e-10,5.99609178810106e-11,5.15278322453919e-10,4.81672255460305e-10,-0,-6.20385459414771e-25,0,-4.44961319036144e-09,0,0
108,0,0,-1.91792534719827e-09,8.33907333433994e-10,-1.36704636798815e-10,5.94417247236046e-11,5.10816939609727e-10,4.77501842215799e-10,-0,-4.13590306276514e-25,0,-4.4110874174593e-09,0,0
108.02,0,0,-1.90131950686559e-09,8.26687164288809e-10,-1.35520956745283e-10,5.89270265478899e-11,5.06394184511345e-10,4.73367537356716e-10,-0,-4.13590306276514e-25,0,-4.3728952095925e-09,0,0
108.04,0,0,-1.88485744386852e-09,8.19529509268425e-10,-1.343475260298e-10,5.841678446522e-11,5.02009722700534e-10,4.69269028240304e-10,-0,-4.13590306276514e-25,0,-4.33503367867518e-09,0,0
108.06,0,0,-1.86853791334507e-09,8.12433827106882e-10,-1.33184255916591e-10,5.79109599228151e-11,4.97663222615178e-10,4.6520600493119e-10,-0,-4.13590306276514e-25,0,-4.29749996162728e-09,0,0
108.08,0,0,-1.85235968121164e-09,8.05399581224649e-10,-1.32031058437602e-10,5.74095147008661e-11,4.93354355564213e-10,4.61178160177592e-10,-0,-4.13590306276514e-25,0,-4.26029122015807e-09,0,0
108.1,0,0,-1.83632152406968e-09,7.98426239688047e-10,-1.30887846385868e-10,5.69124109096652e-11,4.89082795702759e-10,4.57185189388365e-10,-0,-4.13590306276514e-25,0,-4.22340464055145e-09,0,0
108.12,0,0,-1.82042222911322e-09,7.91513275169025e-10,-1.29754533308941e-10,5.64196109867596e-11,4.84848220007473e-10,4.53226790609741e-10,-0,-4.13590306276514e-25,0,-4.18683743345324e-09,0,0
108.14,0,0,-1.80466059403708e-09,7.84660164905284e-10,-1.28631033502375e-10,5.59310776941312e-11,4.80650308252113e-10,4.4930266450269e-10,-0,-4.13590306276514e-25,0,-4.1505868336602e-09,0,0
108.16,0,0,-1.78903542694605e-09,7.77866390660751e-10,-1.27517262003261e-10,5.54467741154002e-11,4.76488742983317e-10,4.4541251432011e-10,-0,-4.13590306276514e-25,0,-4.11465009991094e-09,0,0
108.18,0,0,-1.77354554626466e-09,7.71131438686386e-10,-1.26413134583826e-10,5.49666636530524e-11,4.72363209496586e-10,4.41556045884531e-10,-0,-6.20385459414771e-25,0,-4.07902451467866e-09,0,0
108.2,0,0,-1.75818978064792e-09,7.64454799681337e-10,-1.25318567745081e-10,5.44907100256916e-11,4.68273395812491e-10,4.37732967565603e-10,-0,-4.13590306276514e-25,0,-4.04370738396559e-09,0,0
108.22,0,0,-1.74296696889266e-09,7.57835968754425e-10,-1.24233478710525e-10,5.40188772653152e-11,4.64218992653054e-10,4.33942990258471e-10,-0,-4.13590306276514e-25,0,-4.00869603709928e-09,0,0
108.24,0,0,-1.72787595984977e-09,7.5127444538597e-10,-1.23157785419909e-10,5.35511297146126e-11,4.60199693418369e-10,4.30185827361395e-10,-0,-6.20385459414771e-25,0,-3.97398782653069e-09,0,0
108.26,0,0,-1.71291561233714e-09,7.44769733389936e-10,-1.22091406523042e-10,5.30874320242887e-11,4.56215194163406e-10,4.26461194754465e-10,-0,-4.13590306276514e-25,0,-3.93958012763393e-09,0,0
108.28,0,0,-1.69808479505334e-09,7.38321340876415e-10,-1.21034261373663e-10,5.26277491504085e-11,4.52265193575013e-10,4.22768810777978e-10,-0,-6.20385459414771e-25,0,-3.90547033850781e-09,0,0
108.3,0,0,-1.68338238649209e-09,7.31928780214428e-10,-1.19986270023358e-10,5.21720463517663e-11,4.48349392949132e-10,4.19108396210996e-10,-0,-8.27180612553028e-25,0,-3.87165587977907e-09,0,0
108.32,0,0,-1.66880727485748e-09,7.25591567995057e-10,-1.18947353215531e-10,5.17202891872768e-11,4.444674961682e-10,4.15479674250467e-10,-0,-6.20385459414771e-25,0,-3.83813419440732e-09,0,0
108.34,0,0,-1.65435835797981e-09,7.1930922499488e-10,-1.17917432379427e-10,5.12724435133886e-11,4.40619209678744e-10,4.11882370490165e-10,-0,-6.20385459414771e-25,0,-3.80490274749172e-09,0,0
108.36,0,0,-1.64003454323234e-09,7.13081276139742e-10,-1.16896429624212e-10,5.08284754815209e-11,4.36804242469196e-10,4.08316212899895e-10,-0,-6.20385459414771e-25,0,-3.77195902607921e-09,0,0
108.38,0,0,-1.6258347474486e-09,7.06907250468829e-10,-1.15884267733089e-10,5.03883515355215e-11,4.33022306047856e-10,4.04780931804957e-10,-0,-6.20385459414771e-25,0,-3.73930053897456e-09,0,0
108.4,0,0,-1.6117578968405e-09,7.00786681099049e-10,-1.14880870157487e-10,4.99520384091466e-11,4.2927311442108e-10,4.01276259865796e-10,-0,-6.20385459414771e-25,0,-3.70692481655195e-09,0,0
108.42,0,0,-1.59780292691714e-09,6.94719105189732e-10,-1.13886161011277e-10,4.95195031235637e-11,4.25556384071652e-10,3.97801932057639e-10,-0,-6.20385459414771e-25,0,-3.67482941056819e-09,0,0
108.44,0,0,-1.58396878240428e-09,6.8870406390763e-10,-1.12900065065056e-10,4.90907129848741e-11,4.21871833937321e-10,3.94357685650645e-10,-0,-6.20385459414771e-25,0,-3.64301189397762e-09,0,0
108.46,0,0,-1.57025441716459e-09,6.82741102392217e-10,-1.11922507740469e-10,4.86656355816582e-11,4.1821918538956e-10,3.90943260189921e-10,-0,-6.20385459414771e-25,0,-3.61146986074858e-09,0,0
108.48,0,0,-1.55665879411848e-09,6.76829769721296e-10,-1.10953415104584e-10,4.82442387825415e-11,4.14598162212482e-10,3.87558397475742e-10,-0,-6.20385459414771e-25,0,-3.58020092568143e-09,0,0
108.5,0,0,-1.54318088516572e-09,6.70969618876901e-10,-1.09992713864318e-10,4.78264907337817e-11,4.11008490581943e-10,3.84202841544171e-10,-0,-6.20385459414771e-25,0,-3.54920272422819e-09,0,0
108.52,0,0,-1.52981967110768e-09,6.65160206711489e-10,-1.09040331360906e-10,4.74123598568763e-11,4.07449899044829e-10,3.80876338647625e-10,-0,-6.20385459414771e-25,0,-3.51847291231376e-09,0,0
108.54,0,0,-1.51657414157026e-09,6.59401093914437e-10,-1.08096195564419e-10,4.70018148461912e-11,4.03922118498534e-10,3.77578637235717e-10,-0,-6.20385459414771e-25,0,-3.48800916615862e-09,0,0
108.56,0,0,-1.50344329492747e-09,6.53691844978814e-10,-1.07160235068334e-10,4.65948246666096e-11,4.00424882170591e-10,3.74309487936107e-10,-0,-4.13590306276514e-25,0,-3.45780918210316e-09,0,0
108.58,0,0,-1.49042613822569e-09,6.48032028168451e-10,-1.06232379084142e-10,4.61913585512011e-11,3.96957925598496e-10,3.71068643535883e-10,-0,-6.20385459414771e-25,0,-3.42787067643338e-09,0,0
108.6,0,0,-1.47752168710861e-09,6.42421215485296e-10,-1.05312557436012e-10,4.57913859989109e-11,3.93520986609712e-10,3.67855858962509e-10,-0,-6.20385459414771e-25,0,-3.39819138520832e-09,0,0
108.62,0,0,-1.46472896574276e-09,6.36858982637044e-10,-1.04400700555494e-10,4.53948767722685e-11,3.90113805301818e-10,3.64670891265692e-10,-0,-6.20385459414771e-25,0,-3.36876906408874e-09,0,0
108.64,0,0,-1.45204700674372e-09,6.31344909005057e-10,-1.03496739476269e-10,4.50018008951173e-11,3.86736124022876e-10,3.61513499598665e-10,-0,-6.20385459414771e-25,0,-3.3396014881675e-09,0,0
108.66,0,0,-1.43947485110298e-09,6.2587857761255e-10,-1.0260060582895e-10,4.46121286503622e-11,3.83387687351924e-10,3.58383445200204e-10,-0,-6.20385459414771e-25,0,-3.31068645180124e-09,0,0
108.68,0,0,-1.4270115481154e-09,6.20459575093066e-10,-1.01712231835916e-10,4.42258305777381e-11,3.80068242079657e-10,3.55280491376358e-10,-0,-5.16987882845642e-25,0,-3.28202176844362e-09,0,0
108.7,0,0,-1.41465615530733e-09,6.15087491659215e-10,-1.00831550306204e-10,4.38428774715965e-11,3.76777537189278e-10,3.5220440348277e-10,-0,-5.16987882845642e-25,0,-3.25360527047998e-09,0,0
108.72,0,0,-1.40240773836535e-09,6.09761921071684e-10,-9.99584946304367e-11,4.34632403787112e-11,3.7351532383751e-10,3.49154948906748e-10,-0,-5.16987882845642e-25,0,-3.2254348090634e-09,0,0
108.74,0,0,-1.39026537106558e-09,6.04482460608517e-10,-9.90929987757926e-11,4.30868905961037e-11,3.7028135533577e-10,3.46131897049761e-10,-0,-6.20385459414771e-25,0,-3.19750825395223e-09,0,0
108.76,0,0,-1.37822813520368e-09,5.99248711034665e-10,-9.82349972810272e-11,4.27137996688869e-11,3.67075387131517e-10,3.43135019309966e-10,-0,-6.20385459414771e-25,0,-3.16982349334896e-09,0,0
108.78,0,0,-1.36629512052537e-09,5.9406027657179e-10,-9.73844252515301e-11,4.23439393881268e-11,3.63897176789745e-10,3.40164089064961e-10,-0,-6.20385459414771e-25,0,-3.14237843374059e-09,0,0
108.8,0,0,-1.35446542465764e-09,5.88916764868341e-10,-9.65412183544279e-11,4.19772817887234e-11,3.60746483974649e-10,3.37218881654504e-10,-0,-6.20385459414771e-25,0,-3.11517099974024e-09,0,0
108.82,0,0,-1.34273815304048e-09,5.8381778696988e-10,-9.57053128137283e-11,4.16137991473092e-11,3.57623070431444e-10,3.34299174363772e-10,-0,-6.20385459414771e-25,0,-3.08819913393027e-09,0,0
108.84,0,0,-1.33111241885925e-09,5.78762957289672e-10,-9.48766454055063e-11,4.12534639801665e-11,3.54526699968349e-10,3.31404746406269e-10,-0,-6.20385459414771e-25,0,-3.06146079670666e-09,0,0
108.86,0,0,-1.31958734297761e-09,5.73751893579526e-10,-9.40551534531321e-11,4.08962490411618e-11,3.51457138438715e-10,3.28535378907255e-10,-0,-6.20385459414771e-25,0,-3.03495396612481e-09,0,0
108.88,0,0,-1.30816205387102e-09,5.68784216900887e-10,-9.32407748225399e-11,4.05421273196983e-11,3.48414153723319e-10,3.2569085488711e-10,-0,-5.16987882845642e-25,0,-3.0086766377466e-09,0,0
108.9,0,0,-1.29683568756089e-09,5.63859551596184e-10,-9.2433447917537e-11,4.01910720386865e-11,3.45397515712798e-10,3.22870959245054e-10,-0,-5.16987882845642e-25,0,-2.98262682448884e-09,0,0
108.92,0,0,-1.28560738754918e-09,5.58977525260419e-10,-9.16331116751547e-11,3.98430566525312e-11,3.42406996290256e-10,3.2007547874274e-10,-0,-4.13590306276514e-25,0,-2.95680255647298e-09,0,0
108.94,0,0,-1.27447630475367e-09,5.54137768713006e-10,-9.08397055610377e-11,3.94980548451366e-11,3.39442369314003e-10,3.17304201988212e-10,-0,-4.13590306276514e-25,0,-2.9312018808762e-09,0,0
108.96,0,0,-1.26344159744373e-09,5.49339915969854e-10,-9.00531695648739e-11,3.91560405279286e-11,3.36503410600449e-10,3.14556919419836e-10,-0,-4.13590306276514e-25,0,-2.90582286178366e-09,0,0
108.98,0,0,-1.2525024311767e-09,5.44583604215693e-10,-8.92734441958641e-11,3.88169878378934e-11,3.33589897907144e-10,3.11833423290546e-10,-0,-4.13590306276514e-25,0,-2.88066358004219e-09,0,0
109,0,0,-1.24165797873474e-09,5.39868473776632e-10,-8.850047047823e-11,3.84808711356336e-11,3.30701610915977e-10,3.09133507652019e-10,-0,-4.13590306276514e-25,0,-2.85572213311509e-09,0,0
109.02,0,0,-1.23090742006232e-09,5.35194168092965e-10,-8.7734189946761e-11,3.81476650034405e-11,3.27838331216502e-10,3.06456968339217e-10,-0,-5.16987882845642e-25,0,-2.8309966349383e-09,0,0
109.04,0,0,-1.22024994220418e-09,5.30560333692205e-10,-8.69745446423997e-11,3.78173442433837e-11,3.24999842289428e-10,3.03803602954921e-10,-0,-4.13590306276514e-25,0,-2.80648521577776e-09,0,0
109.06,0,0,-1.20968473924385e-09,5.25966620162355e-10,-8.62214771078655e-11,3.74898838754162e-11,3.22185929490229e-10,3.01173210854257e-10,-0,-4.13590306276514e-25,0,-2.78218602208804e-09,0,0
109.08,0,0,-1.19921101224274e-09,5.21412680125407e-10,-8.54749303833156e-11,3.71652591354964e-11,3.19396380032919e-10,2.98565593129765e-10,-0,-4.13590306276514e-25,0,-2.75809721637214e-09,0,0
109.1,0,0,-1.18882796917968e-09,5.16898169211077e-10,-8.47348480020432e-11,3.68434454737259e-11,3.16630982973949e-10,2.95980552596218e-10,-0,-4.13590306276514e-25,0,-2.73421697704257e-09,0,0
109.12,0,0,-1.17853482489106e-09,5.12422746030758e-10,-8.40011739862136e-11,3.65244185525036e-11,3.13889529196265e-10,2.93417893775731e-10,-0,-4.13590306276514e-25,0,-2.71054349828358e-09,0,0
109.14,0,0,-1.16833080101141e-09,5.07986072151711e-10,-8.32738528426367e-11,3.62081542446954e-11,3.11171811393479e-10,2.90877422882941e-10,-0,-4.13590306276514e-25,0,-2.68707498991463e-09,0,0
109.16,0,0,-1.15821512591462e-09,5.03587812071462e-10,-8.2552829558575e-11,3.58946286318198e-11,3.0847762405419e-10,2.88358947810438e-10,-0,-5.16987882845642e-25,0,-2.66380967725497e-09,0,0
109.18,0,0,-1.14818703465549e-09,4.99227633192441e-10,-8.18380495975896e-11,3.5583818002249e-11,3.05806763446446e-10,2.85862278114108e-10,-0,-5.16987882845642e-25,0,-2.64074580098949e-09,0,0
109.2,0,0,-1.13824576891196e-09,4.94905205796822e-10,-8.11294588954202e-11,3.52756988494252e-11,3.03159027602327e-10,2.83387224998917e-10,-0,-5.16987882845642e-25,0,-2.61788161703564e-09,0,0
109.22,0,0,-1.12839057692772e-09,4.90620203021596e-10,-8.04270038559018e-11,3.49702478700928e-11,3.00534216302677e-10,2.80933601304382e-10,-0,-3.10192729707385e-25,0,-2.59521539641158e-09,0,0
109.24,0,0,-1.11862071345541e-09,4.86372300833848e-10,-7.97306313469161e-11,3.4667441962545e-11,2.97932131061951e-10,2.78501221490668e-10,-0,-4.13590306276514e-25,0,-2.57274542510539e-09,0,0
109.26,0,0,-1.10893543970019e-09,4.82161178006255e-10,-7.90402886963779e-11,3.43672582248864e-11,2.9535257511321e-10,2.76089901624348e-10,-0,-3.10192729707385e-25,0,-2.55047000394549e-09,0,0
109.28,0,0,-1.09933402326394e-09,4.77986516092795e-10,-7.83559236882563e-11,3.40696739533094e-11,2.92795353393236e-10,2.73699459364667e-10,-0,-3.10192729707385e-25,0,-2.52838744847213e-09,0,0
109.3,0,0,-1.08981573808983e-09,4.73847999404664e-10,-7.76774845586298e-11,3.37746666403868e-11,2.90260272527777e-10,2.71329713949588e-10,-0,-4.13590306276514e-25,0,-2.50649608881002e-09,0,0
109.32,0,0,-1.08037986440746e-09,4.69745314986403e-10,-7.70049199917758e-11,3.34822139733774e-11,2.87747140816921e-10,2.68980486182185e-10,-0,-3.10192729707385e-25,0,-2.48479426954207e-09,0,0
109.34,0,0,-1.07102568867838e-09,4.65678152592235e-10,-7.63381791162936e-11,3.31922938325474e-11,2.85255768220595e-10,2.6665159841718e-10,-0,-2.06795153138257e-25,0,-2.46328034958415e-09,0,0
109.36,0,0,-1.06175250354216e-09,4.61646204662597e-10,-7.56772115012611e-11,3.29048842895058e-11,2.82785966344198e-10,2.64342874547425e-10,-0,-3.10192729707385e-25,0,-2.44195270206106e-09,0,0
109.38,0,0,-1.0525596077629e-09,4.57649166300888e-10,-7.50219671524244e-11,3.2619963605554e-11,2.80337548424348e-10,2.62054139990502e-10,-0,-3.10192729707385e-25,0,-2.42080971418347e-09,0,0
109.4,0,0,-1.04344630617618e-09,4.5368673525041e-10,-7.437239650842e-11,3.23375102300498e-11,2.77910329314754e-10,2.59785221675678e-10,-0,-3.10192729707385e-25,0,-2.39984978712595e-09,0,0
109.42,0,0,-1.03441190963652e-09,4.49758611871508e-10,-7.37284504370306e-11,3.20575027987852e-11,2.75504125472216e-10,2.57535948030707e-10,-0,-3.10192729707385e-25,0,-2.37907133590611e-09,0,0
109.44,0,0,-1.02545573496524e-09,4.45864499118915e-10,-7.30900802314718e-11,3.17799201323783e-11,2.73118754942738e-10,2.5530614896888e-10,-0,-2.06795153138257e-25,0,-2.35847278926467e-09,0,0
109.46,0,0,-1.01657710489883e-09,4.42004102519286e-10,-7.24572376067121e-11,3.15047412346787e-11,2.70754037347774e-10,2.53095655876229e-10,-0,-2.06795153138257e-25,0,-2.33805258954674e-09,0,0
109.48,0,0,-1.00777534803769e-09,4.38177130148931e-10,-7.18298746958237e-11,3.1231945291187e-11,2.6840979387058e-10,2.50904301598621e-10,-0,-1.03397576569128e-25,0,-2.31780919258393e-09,0,0
109.5,0,0,-9.99049798795385e-10,4.34383292611737e-10,-7.12079440463656e-11,3.0961511667488e-11,2.6608584724269e-10,2.48731920429283e-10,-0,-2.06795153138257e-25,0,-2.29774106757765e-09,0,0
109.52,0,0,-9.9039979734832e-10,4.30622303017283e-10,-7.05913986167969e-11,3.06934199076963e-11,2.63782021730508e-10,2.46578348096161e-10,-0,-1.03397576569128e-25,0,-2.27784669698333e-09,0,0
109.54,0,0,-9.81824689585826e-10,4.2689387695915e-10,-6.99801917729222e-11,3.04276497329165e-11,2.61498143122022e-10,2.44443421749554e-10,-0,-1.03397576569128e-25,0,-2.25812457639565e-09,0,0
109.56,0,0,-9.733238270607e-10,4.23197732493405e-10,-6.93742772843668e-11,3.01641810397162e-11,2.59234038713621e-10,2.42326979949722e-10,-0,-1.03397576569128e-25,0,-2.23857321443478e-09,0,0
109.58,0,0,-9.64896566940175e-10,4.19533590117289e-10,-6.87736093210825e-11,2.99029938986114e-11,2.56989537297034e-10,2.40228862654798e-10,-0,-1.03397576569128e-25,0,-2.21919113263363e-09,0,0
109.6,0,0,-9.56542271957302e-10,4.1590117274807e-10,-6.8178142449884e-11,2.9644068552566e-11,2.54764469146388e-10,2.38148911208543e-10,-0,-1.03397576569128e-25,0,-2.199976865326e-09,0,0
109.62,0,0,-9.48260310362758e-10,4.12300205702101e-10,-6.75878316310145e-11,2.93873854155037e-11,2.52558666005363e-10,2.36086968328469e-10,-0,-1.03397576569128e-25,0,-2.1809289595358e-09,0,0
109.64,0,0,-9.4005005587708e-10,4.08730416674036e-10,-6.70026322147416e-11,2.91329250708322e-11,2.50371961074469e-10,2.34042878093861e-10,-0,0,0,-2.16204597486712e-09,0,0
109.66,0,0,-9.31910887643299e-10,4.05191535716249e-10,-6.64224999379821e-11,2.88806682699808e-11,2.48204188998434e-10,2.3201648593406e-10,-0,0,0,-2.14332648339537e-09,0,0
109.68,0,0,-9.2384219017999e-10,4.01683295218409e-10,-6.58473909209557e-11,2.86305959309503e-11,2.46055185853696e-10,2.30007638616686e-10,-0,0,0,-2.12476906955923e-09,0,0
109.7,0,0,-9.15843353334733e-10,3.98205429887252e-10,-6.5277261663869e-11,2.83826891368753e-11,2.43924789136005e-10,2.280161842361e-10,-0,1.03397576569128e-25,0,-2.10637233005366e-09,0,0
109.72,0,0,-9.07913772237968e-10,3.94757676726512e-10,-6.4712069043626e-11,2.81369291345989e-11,2.41812837748133e-10,2.26041972201928e-10,-0,1.03397576569128e-25,0,-2.08813487372377e-09,0,0
109.74,0,0,-9.00052847257257e-10,3.91339775017038e-10,-6.41517703105686e-11,2.78932973332592e-11,2.39719171987686e-10,2.24084853227622e-10,-0,2.06795153138257e-25,0,-2.0700553214596e-09,0,0
109.76,0,0,-8.92259983951938e-10,3.87951466297073e-10,-6.35963230852448e-11,2.76517753028889e-11,2.37643633535032e-10,2.22144679319234e-10,-0,1.03397576569128e-25,0,-2.05213230609185e-09,0,0
109.78,0,0,-8.84534593028175e-10,3.84592494342712e-10,-6.30456853552045e-11,2.7412344773026e-11,2.3558606544133e-10,2.20221303764161e-10,-0,1.03397576569128e-25,0,-2.03436447228849e-09,0,0
109.8,0,0,-8.76876090294389e-10,3.81262605148523e-10,-6.24998154718234e-11,2.71749876313369e-11,2.33546312116647e-10,2.18314581120083e-10,-0,1.03397576569128e-25,0,-2.01675047645228e-09,0,0
109.82,0,0,-8.6928389661709e-10,3.7796154690834e-10,-6.19586721471538e-11,2.69396859222511e-11,2.31524219318203e-10,2.16424367203966e-10,-0,2.06795153138257e-25,0,-1.99928898661914e-09,0,0
109.84,0,0,-8.61757437877074e-10,3.74689069996224e-10,-6.1422214450803e-11,2.67064218456077e-11,2.295196341387e-10,2.14550519081157e-10,-0,1.03397576569128e-25,0,-1.98197868235746e-09,0,0
109.86,0,0,-8.54296144926013e-10,3.71444926947577e-10,-6.0890401806839e-11,2.64751777553137e-11,2.27532404994762e-10,2.12692895054562e-10,-0,1.03397576569128e-25,0,-1.96481825466821e-09,0,0
109.88,0,0,-8.46899453543413e-10,3.68228872440438e-10,-6.03631939907217e-11,2.62459361580138e-11,2.25562381615467e-10,2.10851354653927e-10,-0,1.03397576569128e-25,0,-1.94780640588602e-09,0,0
109.9,0,0,-8.39566804393947e-10,3.65040663276923e-10,-5.98405511262619e-11,2.60186797117709e-11,2.23609415030982e-10,2.09025758625217e-10,-0,1.03397576569128e-25,0,-1.93094184958096e-09,0,0
109.92,0,0,-8.32297642985158e-10,3.6188005836484e-10,-5.93224336826057e-11,2.57933912247592e-11,2.21673357561299e-10,2.07215968920089e-10,-0,1.03397576569128e-25,0,-1.91422331046133e-09,0,0
109.94,0,0,-8.2509141962553e-10,3.58746818699453e-10,-5.88088024712457e-11,2.55700536539673e-11,2.19754062805062e-10,2.05421848685501e-10,-0,1.03397576569128e-25,0,-1.89764952427721e-09,0,0
109.96,0,0,-8.17947589382916e-10,3.5564070734541e-10,-5.8299618643057e-11,2.5348650103913e-11,2.17851385628505e-10,2.03643262253253e-10,-0,1.03397576569128e-25,0,-1.88121923772483e-09,0,0
109.98,0,0,-8.10865612043332e-10,3.52561489418823e-10,-5.779484368536e-11,2.51291638253697e-11,2.15965182154465e-10,2.01880075129817e-10,-0,1.03397576569128e-25,0,-1.86493120835182e-09,0,0
110,0,0,-8.03844952070106e-10,3.49508932069509e-10,-5.72944394190073e-11,2.49115782141025e-11,2.14095309751506e-10,2.00132153986134e-10,-0,0,0,-1.84878420446324e-09,0,0
110.02,0,0,-7.96885078563379e-10,3.46482804463378e-10,-5.67983679954969e-11,2.4695876809616e-11,2.12241627023131e-10,1.98399366647551e-10,-0,0,0,-1.83277700502847e-09,0,0
110.04,0,0,-7.89985465219958e-10,3.43482877764979e-10,-5.63065918941096e-11,2.44820432939129e-11,2.1040399379709e-10,1.96681582083785e-10,-0,-1.03397576569128e-25,0,-1.81690839958883e-09,0,0
110.06,0,0,-7.83145590293518e-10,3.40508925120192e-10,-5.58190739190715e-11,2.42700614902625e-11,2.08582271114778e-10,1.94978670399038e-10,-0,0,0,-1.80117718816608e-09,0,0
110.08,0,0,-7.76364936555146e-10,3.37560721639078e-10,-5.53357771967407e-11,2.40599153619811e-11,2.06776321220725e-10,1.93290502822193e-10,-0,0,0,-1.78558218117167e-09,0,0
110.1,0,0,-7.69642991254226e-10,3.34638044378867e-10,-5.48566651728189e-11,2.38515890112211e-11,2.04986007552179e-10,1.91616951697068e-10,-0,-1.03397576569128e-25,0,-1.77012219931677e-09,0,0
110.12,0,0,-7.62979246079669e-10,3.31740672327099e-10,-5.4381701609586e-11,2.36450666777723e-11,2.03211194728782e-10,1.8995789047268e-10,-0,0,0,-1.75479607352311e-09,0,0
110.14,0,0,-7.5637319712147e-10,3.28868386384915e-10,-5.39108505831598e-11,2.34403327378723e-11,2.01451748542328e-10,1.88313193693831e-10,-0,0,0,-1.73960264483457e-09,0,0
110.16,0,0,-7.49824344832604e-10,3.26020969350483e-10,-5.34440764807789e-11,2.32373717030278e-11,1.9970753594661e-10,1.86682736991485e-10,-0,1.03397576569128e-25,0,-1.72454076432954e-09,0,0
110.18,0,0,-7.43332193991248e-10,3.23198205902576e-10,-5.29813439981085e-11,2.30361682188452e-11,1.97978425047363e-10,1.85066397073428e-10,-0,1.03397576569128e-25,0,-1.70960929303401e-09,0,0
110.2,0,0,-7.36896253663334e-10,3.20399882584287e-10,-5.25226181365705e-11,2.28367070638723e-11,1.96264285092295e-10,1.83464051714924e-10,-0,1.03397576569128e-25,0,-1.6948071018355e-09,0,0
110.22,0,0,-7.30516037165426e-10,3.17625787786888e-10,-5.20678642006961e-11,2.26389731484493e-11,1.94564986461185e-10,1.81875579749479e-10,-0,1.03397576569128e-25,0,-1.68013307139763e-09,0,0
110.24,0,0,-7.2419106202791e-10,3.14875711733827e-10,-5.16170477955012e-11,2.24429515135698e-11,1.92880400656092e-10,1.80300861059673e-10,-0,1.03397576569128e-25,0,-1.66558609207548e-09,0,0
110.26,0,0,-7.17920849958517e-10,3.12149446464865e-10,-5.11701348238846e-11,2.22486273297515e-11,1.91210400291633e-10,1.78739776568069e-10,-0,0,0,-1.6511650638317e-09,0,0
110.28,0,0,-7.11704926806149e-10,3.09446785820347e-10,-5.07270914840489e-11,2.20559858959169e-11,1.89554859085347e-10,1.77192208228264e-10,-0,0,0,-1.63686889615332e-09,0,0
110.3,0,0,-7.05542822525025e-10,3.06767525425617e-10,-5.02878842669437e-11,2.18650126382832e-11,1.87913651848153e-10,1.75658039015854e-10,-0,-5.16987882845642e-26,0,-1.62269650796925e-09,0,0
110.32,0,0,-6.99434071139138e-10,3.04111462675556e-10,-4.985247995373e-11,2.16756931092624e-11,1.86286654474875e-10,1.74137152919675e-10,-0,0,0,-1.6086468275686e-09,0,0
110.34,0,0,-6.93378210707015e-10,3.01478396719266e-10,-4.94208456132682e-11,2.14880129863698e-11,1.84673743934858e-10,1.72629434932996e-10,-0,5.16987882845642e-26,0,-1.59471879251956e-09,0,0
110.36,0,0,-6.87374783286784e-10,2.98868128444878e-10,-4.8992948599626e-11,2.13019580711432e-11,1.83074798262667e-10,1.7113477104486e-10,-0,0,0,-1.58091134958912e-09,0,0
110.38,0,0,-6.81423334901546e-10,2.96280460464496e-10,-4.85687565496094e-11,2.11175142880704e-11,1.81489696548863e-10,1.69653048231369e-10,-0,5.16987882845642e-26,0,-1.56722345466338e-09,0,0
110.4,0,0,-6.75523415505048e-10,2.9371519709927e-10,-4.81482373803138e-11,2.09346676835259e-11,1.79918318930857e-10,1.6818415444724e-10,-0,5.16987882845642e-26,0,-1.55365407266864e-09,0,0
110.42,0,0,-6.69674578947642e-10,2.91172144364599e-10,-4.7731359286697e-11,2.07534044247179e-11,1.78360546583847e-10,1.66727978617304e-10,-0,5.16987882845642e-26,0,-1.54020217749307e-09,0,0
110.44,0,0,-6.63876382942556e-10,2.88651109955459e-10,-4.73180907391731e-11,2.05737107986428e-11,1.76816261711833e-10,1.65284410628025e-10,-0,0,0,-1.52686675190919e-09,0,0
110.46,0,0,-6.58128389032442e-10,2.86151903231862e-10,-4.69084004812271e-11,2.03955732110499e-11,1.75285347538708e-10,1.63853341319315e-10,-0,0,0,-1.51364678749686e-09,0,0
110.48,0,0,-6.5243016255622e-10,2.83674335204441e-10,-4.65022575270499e-11,2.02189781854141e-11,1.73767688299426e-10,1.62434662476167e-10,-0,-5.16987882845642e-26,0,-1.5005412845671e-09,0,0
110.5,0,0,-6.46781272616215e-10,2.81218218520155e-10,-4.60996311591941e-11,2.00439123619186e-11,1.72263169231251e-10,1.61028266820495e-10,-0,-5.16987882845642e-26,0,-1.48754925208645e-09,0,0
110.52,0,0,-6.41181292045563e-10,2.78783367448124e-10,-4.57004909262503e-11,1.98703624964447e-11,1.70771676565075e-10,1.5963404800307e-10,-0,-5.16987882845642e-26,0,-1.47466970760205e-09,0,0
110.54,0,0,-6.35629797375916e-10,2.76369597865582e-10,-4.53048066405425e-11,1.96983154595721e-11,1.69293097516814e-10,1.58251900595432e-10,-0,-5.16987882845642e-26,0,-1.46190167716733e-09,0,0
110.56,0,0,-6.30126368805415e-10,2.73976727243951e-10,-4.49125483758444e-11,1.95277582355862e-11,1.67827320278887e-10,1.56881720081908e-10,-0,-5.16987882845642e-26,0,-1.44924419526838e-09,0,0
110.58,0,0,-6.24670590166947e-10,2.71604574635043e-10,-4.45236864651154e-11,1.93586779214955e-11,1.66374234011747e-10,1.55523402851759e-10,-0,-5.16987882845642e-26,0,-1.43669630475091e-09,0,0
110.6,0,0,-6.19262048896672e-10,2.69252960657372e-10,-4.41381914982554e-11,1.91910617260558e-11,1.64933728835512e-10,1.54176846191291e-10,-0,0,0,-1.42425705674791e-09,0,0
110.62,0,0,-6.13900336002826e-10,2.66921707482592e-10,-4.37560343198799e-11,1.90248969688039e-11,1.63505695821648e-10,1.52841948276122e-10,-0,5.16987882845642e-26,0,-1.41192551060785e-09,0,0
110.64,0,0,-6.08585046034792e-10,2.64610638822046e-10,-4.33771860271137e-11,1.88601710790998e-11,1.62090026984736e-10,1.51518608163488e-10,-0,5.16987882845642e-26,0,-1.39970073382358e-09,0,0
110.66,0,0,-6.03315777052442e-10,2.62319579913435e-10,-4.30016179674042e-11,1.8696871595176e-11,1.60686615274306e-10,1.50206725784574e-10,-0,5.16987882845642e-26,0,-1.38758180196182e-09,0,0
110.68,0,0,-5.9809213059574e-10,2.60048357507607e-10,-4.26293017363534e-11,1.85349861631962e-11,1.59295354566739e-10,1.48906201936961e-10,-0,5.16987882845642e-26,0,-1.37556779859324e-09,0,0
110.7,0,0,-5.9291371165461e-10,2.57796799855448e-10,-4.22602091755682e-11,1.83745025363215e-11,1.57916139657242e-10,1.47616938277157e-10,-0,0,0,-1.36365781522313e-09,0,0
110.72,0,0,-5.87780128639067e-10,2.55564736694901e-10,-4.18943123705303e-11,1.82154085737844e-11,1.56548866251895e-10,1.463388373131e-10,-0,0,0,-1.35185095122277e-09,0,0
110.74,0,0,-5.82690993349604e-10,2.53351999238085e-10,-4.15315836484835e-11,1.80576922399715e-11,1.55193430959763e-10,1.4507180239685e-10,-0,0,0,-1.34014631376127e-09,0,0
110.76,0,0,-5.77645920947837e-10,2.51158420158535e-10,-4.117199557634e-11,1.79013416035136e-11,1.53849731285075e-10,1.43815737717224e-10,-0,0,0,-1.32854301773806e-09,0,0
110.78,0,0,-5.726445299274e-10,2.48983833578546e-10,-4.08155209586046e-11,1.77463448363834e-11,1.52517665619477e-10,1.42570548292593e-10,-0,-5.16987882845642e-26,0,-1.31704018571599e-09,0,0
110.8,0,0,-5.67686442085102e-10,2.46828075056629e-10,-4.04621328353164e-11,1.75926902130019e-11,1.51197133234349e-10,1.41336139963674e-10,-0,-5.16987882845642e-26,0,-1.30563694785494e-09,0,0
110.82,0,0,-5.6277128249232e-10,2.44690981575077e-10,-4.01118044800091e-11,1.74403661093514e-11,1.49888034273183e-10,1.40112419386426e-10,-0,0,0,-1.29433244184607e-09,0,0
110.84,0,0,-5.57898679466652e-10,2.42572391527637e-10,-3.97645093976887e-11,1.72893610020969e-11,1.48590269744036e-10,1.38899294024993e-10,-0,0,0,-1.2831258128466e-09,0,0
110.86,0,0,-5.53068264543808e-10,2.40472144707288e-10,-3.9420221322828e-11,1.71396634677147e-11,1.47303741512045e-10,1.37696672144697e-10,-0,-5.16987882845642e-26,0,-1.27201621341516e-09,0,0
110.88,0,0,-5.48279672449747e-10,2.38390082294126e-10,-3.90789142173795e-11,1.6991262181629e-11,1.46028352292002e-10,1.36504462805056e-10,-0,-5.16987882845642e-26,0,-1.26100280344775e-09,0,0
110.9,0,0,-5.43532541073054e-10,2.36326046843356e-10,-3.8740562268805e-11,1.68441459173551e-11,1.44764005641e-10,1.35322575853033e-10,-0,-5.16987882845642e-26,0,-1.25008475011414e-09,0,0
110.92,0,0,-5.38826511437561e-10,2.34279882273382e-10,-3.8405139888122e-11,1.66983035456505e-11,1.43510605951142e-10,1.34150921916081e-10,-0,-5.16987882845642e-26,0,-1.23926122779495e-09,0,0
110.94,0,0,-5.34161227675196e-10,2.32251433854007e-10,-3.80726217079675e-11,1.65537240336738e-11,1.42268058442307e-10,1.32989412395455e-10,-0,-5.16987882845642e-26,0,-1.2285314180192e-09,0,0
110.96,0,0,-5.29536336999075e-10,2.30240548194731e-10,-3.77429825806782e-11,1.64103964441498e-11,1.41036269154986e-10,1.31837959459506e-10,-0,-5.16987882845642e-26,0,-1.21789450940241e-09,0,0
110.98,0,0,-5.24951489676823e-10,2.28247073233151e-10,-3.74161975763878e-11,1.62683099345423e-11,1.39815144943174e-10,1.3069647603704e-10,-0,-5.16987882845642e-26,0,-1.20734969758524e-09,0,0
111,0,0,-5.20406339004131e-10,2.26270858223462e-10,-3.70922419811398e-11,1.61274537562345e-11,1.3860459346733e-10,1.29564875810714e-10,-0,0,0,-1.19689618517268e-09,0,0
111.02,0,0,-5.15900541278532e-10,2.24311753725056e-10,-3.6771091295018e-11,1.59878172537156e-11,1.37404523187391e-10,1.28443073210546e-10,-0,-5.16987882845642e-26,0,-1.18653318167375e-09,0,0
111.04,0,0,-5.11433755773414e-10,2.22369611591224e-10,-3.64527212302917e-11,1.58493898637751e-11,1.36214843355856e-10,1.27330983407403e-10,-0,-1.03397576569128e-25,0,-1.17625990344172e-09,0,0
111.06,0,0,-5.07005644712255e-10,2.20444284957952e-10,-3.61371077095785e-11,1.57121611147037e-11,1.35035464010914e-10,1.26228522306596e-10,-0,-5.16987882845642e-26,0,-1.16607557361482e-09,0,0
111.08,0,0,-5.02615873243079e-10,2.18535628232813e-10,-3.58242268640213e-11,1.55761206255011e-11,1.3386629596965e-10,1.25135606541544e-10,-0,-5.16987882845642e-26,0,-1.15597942205756e-09,0,0
111.1,0,0,-4.98264109413131e-10,2.16643497083958e-10,-3.55140550314829e-11,1.54412581050909e-11,1.32707250821297e-10,1.2405215346746e-10,-0,-5.16987882845642e-26,0,-1.14597068530244e-09,0,0
111.12,0,0,-4.93950024143784e-10,2.14767748429202e-10,-3.52065687547546e-11,1.53075633515416e-11,1.3155824092055e-10,1.22978081155099e-10,-0,-5.16987882845642e-26,0,-1.13604860649222e-09,0,0
111.14,0,0,-4.89673291205644e-10,2.12908240425205e-10,-3.49017447797814e-11,1.51750262512957e-11,1.30419179380944e-10,1.21913308384541e-10,-0,-5.16987882845642e-26,0,-1.12621243532272e-09,0,0
111.16,0,0,-4.85433587193885e-10,2.11064832456742e-10,-3.45995600539022e-11,1.50436367784037e-11,1.29289980068276e-10,1.20857754639091e-10,-0,-5.16987882845642e-26,0,-1.11646142798605e-09,0,0
111.18,0,0,-4.81230591503795e-10,2.09237385126074e-10,-3.42999917241049e-11,1.4913384993766e-11,1.28170557594098e-10,1.19811340099144e-10,-0,0,0,-1.10679484711437e-09,0,0
111.2,0,0,-4.7706398630653e-10,2.07425760242402e-10,-3.40030171352975e-11,1.47842610443805e-11,1.27060827309253e-10,1.18773985636217e-10,-0,5.16987882845642e-26,0,-1.09721196172415e-09,0,0
111.22,0,0,-4.72933456525077e-10,2.05629820811421e-10,-3.37086138285929e-11,1.46562551625979e-11,1.25960705297487e-10,1.17745612806887e-10,-0,5.16987882845642e-26,0,-1.08771204716086e-09,0,0
111.24,0,0,-4.68838689810432e-10,2.03849431024958e-10,-3.34167595396099e-11,1.45293576653817e-11,1.2487010836909e-10,1.16726143846909e-10,-0,5.16987882845642e-26,0,-1.07829438504421e-09,0,0
111.26,0,0,-4.64779376517981e-10,2.02084456250701e-10,-3.3127432196788e-11,1.44035589535762e-11,1.23788954054611e-10,1.15715501665324e-10,-0,5.16987882845642e-26,0,-1.06895826321379e-09,0,0
111.28,0,0,-4.60755209684079e-10,2.00334763022022e-10,-3.28406099197168e-11,1.42788495111798e-11,1.22717160598624e-10,1.14713609838612e-10,-0,5.16987882845642e-26,0,-1.05970297567525e-09,0,0
111.3,0,0,-4.56765885002842e-10,1.98600219027878e-10,-3.25562710174808e-11,1.41552199046249e-11,1.2165464695354e-10,1.13720392604959e-10,-0,5.16987882845642e-26,0,-1.05052782254688e-09,0,0
111.32,0,0,-4.52811100803137e-10,1.96880693102811e-10,-3.22743939870171e-11,1.40326607820643e-11,1.20601332773487e-10,1.12735774858465e-10,-0,5.16987882845642e-26,0,-1.04143211000672e-09,0,0
111.34,0,0,-4.48890558025763e-10,1.95176055217028e-10,-3.19949575114886e-11,1.39111628726632e-11,1.19557138408224e-10,1.11759682143513e-10,-0,5.16987882845642e-26,0,-1.03241515024005e-09,0,0
111.36,0,0,-4.45003960200843e-10,1.93486176466565e-10,-3.17179404586707e-11,1.37907169858976e-11,1.18521984897127e-10,1.10792040649138e-10,-0,5.16987882845642e-26,0,-1.02347626138744e-09,0,0
111.38,0,0,-4.41151013425401e-10,1.91810929063541e-10,-3.14433218793519e-11,1.36713140108588e-11,1.17495793963214e-10,1.09832777203426e-10,-0,5.16987882845642e-26,0,-1.01461476749311e-09,0,0
111.4,0,0,-4.3733142634114e-10,1.90150186326497e-10,-3.11710810057484e-11,1.35529449155642e-11,1.16478488007227e-10,1.0888181926796e-10,-0,5.16987882845642e-26,0,-1.00582999845389e-09,0,0
111.42,0,0,-4.33544910112406e-10,1.88503822670811e-10,-3.09011972499326e-11,1.34356007462731e-11,1.15469990101766e-10,1.079390949324e-10,-0,1.03397576569128e-25,0,-9.97121289968488e-10,0,0
111.44,0,0,-4.29791178404348e-10,1.86871713599207e-10,-3.06336502022749e-11,1.33192726268096e-11,1.14470223985468e-10,1.07004532908987e-10,-0,5.16987882845642e-26,0,-9.88487983487303e-10,0,0
111.46,0,0,-4.26069947361269e-10,1.85253735692335e-10,-3.03684196298991e-11,1.32039517578905e-11,1.13479114057242e-10,1.06078062527165e-10,-0,5.16987882845642e-26,0,-9.79929426162586e-10,0,0
111.48,0,0,-4.22380935585153e-10,1.8364976659944e-10,-3.01054854751515e-11,1.3089629416459e-11,1.12496585370555e-10,1.05159613728272e-10,-0,5.16987882845642e-26,0,-9.71444970799098e-10,0,0
111.5,0,0,-4.18723864114393e-10,1.82059685029114e-10,-2.98448278540826e-11,1.29762969550253e-11,1.11522563627763e-10,1.04249117060192e-10,-0,5.16987882845642e-26,0,-9.63033975805159e-10,0,0
111.52,0,0,-4.15098456402694e-10,1.80483370740115e-10,-2.95864270549424e-11,1.28639458010111e-11,1.10556975174491e-10,1.03346503672127e-10,-0,1.03397576569128e-25,0,-9.54695805144131e-10,0,0
111.54,0,0,-4.11504438298157e-10,1.78920704532282e-10,-2.93302635366892e-11,1.27525674561011e-11,1.09599746994065e-10,1.02451705309415e-10,-0,1.03397576569128e-25,0,-9.46429828286328e-10,0,0
111.56,0,0,-4.07941538022553e-10,1.77371568237517e-10,-2.90763179275097e-11,1.26421534955999e-11,1.08650806701993e-10,1.01564654308322e-10,-0,1.03397576569128e-25,0,-9.38235420161325e-10,0,0
111.58,0,0,-4.04409486150768e-10,1.75835844710851e-10,-2.88245710233542e-11,1.25326955677939e-11,1.07710082540489e-10,1.00685283590951e-10,-0,1.03397576569128e-25,0,-9.30111961110702e-10,0,0
111.6,0,0,-4.00908015590431e-10,1.74313417821584e-10,-2.85750037864825e-11,1.24241853933194e-11,1.06777503373046e-10,9.9813526660171e-11,-0,1.03397576569128e-25,0,-9.22058836841175e-10,0,0
111.62,0,0,-3.97436861561713e-10,1.72804172444504e-10,-2.83275973440232e-11,1.23166147645356e-11,1.0585299867906e-10,9.89493175945931e-11,-0,1.55096364853693e-25,0,-9.14075438378153e-10,0,0
111.64,0,0,-3.9399576157731e-10,1.71307994451179e-10,-2.8082332986546e-11,1.22099755449031e-11,1.04936498548496e-10,9.80925910435636e-11,-0,1.55096364853693e-25,0,-9.06161162019679e-10,0,0
111.66,0,0,-3.90584455422589e-10,1.69824770701331e-10,-2.78391921666454e-11,1.21042596683686e-11,1.04027933676603e-10,9.72432822222369e-11,-0,1.55096364853693e-25,0,-8.98315409290786e-10,0,0
111.68,0,0,-3.87202685135913e-10,1.68354389034276e-10,-2.75981564975371e-11,1.19994591387536e-11,1.03127235358669e-10,9.64013269066963e-11,-0,1.55096364853693e-25,0,-8.90537586898235e-10,0,0
111.7,0,0,-3.83850194989134e-10,1.66896738260444e-10,-2.73592077516668e-11,1.18955660291492e-11,1.02234335484833e-10,9.55666614290474e-11,-0,2.06795153138257e-25,0,-8.82827106685653e-10,0,0
111.72,0,0,-3.80526731468252e-10,1.65451708152971e-10,-2.71223278593307e-11,1.17925724813162e-11,1.01349166534929e-10,9.47392226726695e-11,-0,1.55096364853693e-25,0,-8.75183385589055e-10,0,0
111.74,0,0,-3.7723204325425e-10,1.64019189439363e-10,-2.68874989073078e-11,1.169047070509e-11,1.00471661573382e-10,9.39189480673675e-11,-0,1.55096364853693e-25,0,-8.67605845592757e-10,0,0
111.76,0,0,-3.73965881204085e-10,1.62599073793233e-10,-2.66547031375049e-11,1.15892529777906e-11,9.96017542441468e-11,9.31057755847178e-11,-0,1.55096364853693e-25,0,-8.60093913685663e-10,0,0
111.78,0,0,-3.70727998331847e-10,1.61191253826108e-10,-2.64239229456122e-11,1.14889116436383e-11,9.87393787656931e-11,9.22996437333233e-11,-0,1.03397576569128e-25,0,-8.52647021817934e-10,0,0
111.8,0,0,-3.67518149790086e-10,1.59795623079313e-10,-2.61951408797715e-11,1.13894391131738e-11,9.78844699260275e-11,9.15004915541768e-11,-0,1.03397576569128e-25,0,-8.45264606858036e-10,0,0
111.82,0,0,-3.64336092851295e-10,1.58412076015913e-10,-2.59683396392551e-11,1.12908278626837e-11,9.70369630777636e-11,9.0708258616066e-11,-0,1.55096364853693e-25,0,-8.37946110550151e-10,0,0
111.84,0,0,-3.61181586889553e-10,1.57040508012738e-10,-2.57435020731572e-11,1.11930704336308e-11,9.61967941332339e-11,8.99228850110002e-11,-0,1.03397576569128e-25,0,-8.30690979471966e-10,0,0
111.86,0,0,-3.58054393362334e-10,1.5568081535247e-10,-2.55206111790956e-11,1.10961594320891e-11,9.53638995596459e-11,8.91443113496563e-11,-0,1.55096364853693e-25,0,-8.23498664992824e-10,0,0
111.88,0,0,-3.54954275792461e-10,1.543328952158e-10,-2.52996501019249e-11,1.10000875281847e-11,9.45382163742752e-11,8.83724787569209e-11,-0,1.55096364853693e-25,0,-8.16368623232233e-10,0,0
111.9,0,0,-3.5188099975023e-10,1.52996645673649e-10,-2.50806021324616e-11,1.09048474555399e-11,9.37196821397025e-11,8.76073288674217e-11,-0,1.55096364853693e-25,0,-8.09300315018741e-10,0,0
111.92,0,0,-3.48834332835683e-10,1.51671965679468e-10,-2.48634507062192e-11,1.08104320107239e-11,9.29082349590967e-11,8.68488038211175e-11,-0,1.29246970711411e-25,0,-8.02293205849162e-10,0,0
111.94,0,0,-3.45814044661027e-10,1.50358755061587e-10,-2.46481794021551e-11,1.07168340527064e-11,9.21038134715287e-11,8.60968462589117e-11,-0,1.55096364853693e-25,0,-7.9534676584816e-10,0,0
111.96,0,0,-3.4281990683322e-10,1.49056914515651e-10,-2.44347719414277e-11,1.06240465023179e-11,9.13063568473373e-11,8.53513993183325e-11,-0,1.55096364853693e-25,0,-7.88460469728179e-10,0,0
111.98,0,0,-3.39851692936694e-10,1.47766345597098e-10,-2.42232121861644e-11,1.05320623417128e-11,9.05158047835252e-11,8.46124066292326e-11,-0,1.55096364853693e-25,0,-7.81633796749717e-10,0,0
112,0,0,-3.36909178516239e-10,1.46486950713727e-10,-2.40134841382412e-11,1.04408746138385e-11,8.97320974992014e-11,8.38798123095069e-11,-0,1.80945758995975e-25,0,-7.74866230681955e-10,0,0
112.02,0,0,-3.33992141060026e-10,1.4521863311831e-10,-2.38055719380713e-11,1.03504764219086e-11,8.89551757310606e-11,8.31535609608917e-11,-0,1.80945758995975e-25,0,-7.68157259763714e-10,0,0
112.04,0,0,-3.31100359982781e-10,1.43961296901276e-10,-2.35994598634053e-11,1.02608609288804e-11,8.81849807289019e-11,8.24335976647629e-11,-0,1.29246970711411e-25,0,-7.61506376664759e-10,0,0
112.06,0,0,-3.28233616609106e-10,1.42714846983465e-10,-2.33951323281416e-11,1.01720213569374e-11,8.74214542511859e-11,8.17198679779753e-11,-0,1.55096364853693e-25,0,-7.54913078447435e-10,0,0
112.08,0,0,-3.25391694156943e-10,1.41479189108931e-10,-2.3192573881147e-11,1.0083950986976e-11,8.66645385606304e-11,8.1012317928769e-11,-0,1.29246970711411e-25,0,-7.48376866528633e-10,0,0
112.1,0,0,-3.22574377721178e-10,1.40254229837817e-10,-2.29917692050875e-11,9.99664315809665e-12,8.59141764198467e-11,8.03108940126689e-11,-0,1.29246970711411e-25,0,-7.41897246642087e-10,0,0
112.12,0,0,-3.19781454257394e-10,1.3903987653929e-10,-2.27927031152692e-11,9.91009126709967e-12,8.51703110870099e-11,7.96155431884384e-11,-0,1.29246970711411e-25,0,-7.35473728801002e-10,0,0
112.14,0,0,-3.17012712565758e-10,1.37836037384533e-10,-2.25953605584893e-11,9.82428876798499e-12,8.4432886311568e-11,7.89262128740866e-11,-0,1.29246970711411e-25,0,-7.29105827260997e-10,0,0
112.16,0,0,-3.14267943275052e-10,1.36642621339808e-10,-2.23997266118973e-11,9.73922917145661e-12,8.37018463299894e-11,7.82428509428817e-11,-0,1.03397576569128e-25,0,-7.22793060483376e-10,0,0
112.18,0,0,-3.11546938826838e-10,1.35459538159561e-10,-2.22057864818654e-11,9.65490604443114e-12,8.2977135861547e-11,7.75654057193823e-11,-0,1.29246970711411e-25,0,-7.16534951098714e-10,0,0
112.2,0,0,-3.08849493459766e-10,1.3428669837961e-10,-2.20135255028699e-11,9.57131300955068e-12,8.22587001041356e-11,7.68938259755992e-11,-0,1.03397576569128e-25,0,-7.10331025870756e-10,0,0
112.22,0,0,-3.06175403194011e-10,1.33124013310368e-10,-2.18229291363804e-11,9.48844374469992e-12,8.15464847301319e-11,7.62280609270426e-11,-0,1.29246970711411e-25,0,-7.04180815660634e-10,0,0
112.24,0,0,-3.03524465815849e-10,1.31971395030146e-10,-2.1633982969761e-11,9.40629198252738e-12,8.08404358822827e-11,7.55680602289358e-11,-0,1.55096364853693e-25,0,-6.98083855391389e-10,0,0
112.26,0,0,-3.00896480862369e-10,1.30828756378498e-10,-2.14466727151786e-11,9.32485150997082e-12,8.01405001696348e-11,7.49137739723935e-11,-0,1.29246970711411e-25,0,-6.92039684012804e-10,0,0
112.28,0,0,-2.98291249606308e-10,1.29696010949633e-10,-2.12609842085228e-11,9.24411616778676e-12,7.94466246634972e-11,7.4265152680632e-11,-0,1.03397576569128e-25,0,-6.86047844466538e-10,0,0
112.3,0,0,-2.9570857504103e-10,1.2857307308588e-10,-2.10769034083334e-11,9.16407985008406e-12,7.87587568934385e-11,7.36221473052487e-11,-0,1.03397576569128e-25,0,-6.80107883651565e-10,0,0
112.32,0,0,-2.93148261865623e-10,1.27459857871209e-10,-2.08944163947388e-11,9.08473650386156e-12,7.807684484332e-11,7.29847092225086e-11,-0,1.03397576569128e-25,0,-6.74219352389908e-10,0,0
112.34,0,0,-2.90610116470133e-10,1.26356281124815e-10,-2.07135093684019e-11,9.00608012854974e-12,7.74008369473624e-11,7.23527902296583e-11,-0,1.03397576569128e-25,0,-6.68381805392675e-10,0,0
112.36,0,0,-2.88093946920925e-10,1.25262259394746e-10,-2.05341686494768e-11,8.92810477555629e-12,7.67306820862463e-11,7.17263425413057e-11,-0,7.75481824268463e-26,0,-6.62594801226388e-10,0,0
112.38,0,0,-2.85599562946164e-10,1.24177709951594e-10,-2.03563806765731e-11,8.85080454781569e-12,7.60663295832474e-11,7.11053187857559e-11,-0,7.75481824268463e-26,0,-6.56857902279595e-10,0,0
112.4,0,0,-2.83126775921432e-10,1.23102550782244e-10,-2.01801320057306e-11,8.77417359934267e-12,7.54077292004039e-11,7.04896720014897e-11,-0,7.75481824268463e-26,0,-6.51170674729785e-10,0,0
112.42,0,0,-2.80675398855462e-10,1.22036700583663e-10,-2.00054093094013e-11,8.69820613478945e-12,7.47548311347172e-11,6.9879355633578e-11,-0,5.16987882845642e-26,0,-6.45532688510582e-10,0,0
112.44,0,0,-2.78245246375997e-10,1.20980078756762e-10,-1.98321993754416e-11,8.62289640900698e-12,7.41075860143879e-11,6.92743235301661e-11,-0,5.16987882845642e-26,0,-6.39943517279219e-10,0,0
112.46,0,0,-2.75836134715774e-10,1.19932605400292e-10,-1.96604891061126e-11,8.54823872660981e-12,7.3465944895081e-11,6.8674529938986e-11,-0,5.16987882845642e-26,0,-6.34402738384302e-10,0,0
112.48,0,0,-2.73447881698628e-10,1.1889420130481e-10,-1.9490265517089e-11,8.47422744154487e-12,7.28298592562256e-11,6.80799295039001e-11,-0,2.58493941422821e-26,0,-6.28909932833848e-10,0,0
112.5,0,0,-2.71080306725712e-10,1.17864787946681e-10,-1.93215157364767e-11,8.40085695666395e-12,7.21992809973469e-11,6.74904772614632e-11,-0,2.58493941422821e-26,0,-6.23464685263601e-10,0,0
112.52,0,0,-2.68733230761846e-10,1.16844287482147e-10,-1.91542270038391e-11,8.3281217232998e-12,7.1574162434426e-11,6.69061286375321e-11,-0,2.58493941422821e-26,0,-6.18066583905624e-10,0,0
112.54,0,0,-2.66406476321974e-10,1.15832622741439e-10,-1.89883866692319e-11,8.256016240846e-12,7.09544562962972e-11,6.63268394438954e-11,-0,2.58493941422821e-26,0,-6.12715220557158e-10,0,0
112.56,0,0,-2.64099867457743e-10,1.14829717222937e-10,-1.88239821922453e-11,8.18453505634042e-12,7.03401157210732e-11,6.57525658749238e-11,-0,0,0,-6.07410190549757e-10,0,0
112.58,0,0,-2.61813229744203e-10,1.13835495087389e-10,-1.86610011410563e-11,8.11367276405234e-12,6.97310942526013e-11,6.51832645042602e-11,-0,0,0,-6.02151092718686e-10,0,0
112.6,0,0,-2.59546390266609e-10,1.12849881152178e-10,-1.84994311914871e-11,8.04342400507315e-12,6.91273458369504e-11,6.46188922815366e-11,-0,0,0,-5.96937529372585e-10,0,0
112.62,0,0,-2.57299177607351e-10,1.1187280088563e-10,-1.83392601260736e-11,7.97378346691049e-12,6.8528824818928e-11,6.40594065291246e-11,-0,0,0,-5.91769106263395e-10,0,0
112.64,0,0,-2.55071421832992e-10,1.10904180401386e-10,-1.81804758331405e-11,7.90474588308603e-12,6.7935485938629e-11,6.3504764938897e-11,-0,0,0,-5.86645432556546e-10,0,0
112.66,0,0,-2.52862954481412e-10,1.09943946452806e-10,-1.80230663058855e-11,7.83630603273668e-12,6.73472843280132e-11,6.29549255690436e-11,-0,0,0,-5.81566120801404e-10,0,0
112.68,0,0,-2.50673608549076e-10,1.08992026427439e-10,-1.78670196414705e-11,7.76845874021923e-12,6.67641755075116e-11,6.24098468408851e-11,-0,-2.58493941422821e-26,0,-5.76530786901968e-10,0,0
112.7,0,0,-2.48503218478399e-10,1.08048348341526e-10,-1.77123240401214e-11,7.70119887471852e-12,6.61861153826654e-11,6.18694875357374e-11,-0,-2.58493941422821e-26,0,-5.71539050087829e-10,0,0
112.72,0,0,-2.46351620145233e-10,1.07112840834558e-10,-1.75589678042354e-11,7.63452134985889e-12,6.56130602407885e-11,6.13338067917966e-11,-0,-5.16987882845642e-26,0,-5.66590532885375e-10,0,0
112.74,0,0,-2.4421865084645e-10,1.06185433163882e-10,-1.7406939337496e-11,7.56842112331907e-12,6.50449667476656e-11,6.08027641010347e-11,-0,-5.16987882845642e-26,0,-5.61684861089244e-10,0,0
112.76,0,0,-2.42104149287642e-10,1.05266055199347e-10,-1.72562271439957e-11,7.50289319645039e-12,6.44817919442725e-11,6.02763193061574e-11,-0,-5.16987882845642e-26,0,-5.5682166373403e-10,0,0
112.78,0,0,-2.40007955570924e-10,1.04354637418006e-10,-1.71068198273665e-11,7.43793261389827e-12,6.39234932435293e-11,5.97544325975476e-11,-0,-5.16987882845642e-26,0,-5.5200057306623e-10,0,0
112.8,0,0,-2.3792991118284e-10,1.03451110898855e-10,-1.69587060899176e-11,7.37353446322704e-12,6.33700284270797e-11,5.92370645102802e-11,-0,-5.16987882845642e-26,0,-5.47221224516434e-10,0,0
112.82,0,0,-2.35869858982381e-10,1.02555407317623e-10,-1.6811874731781e-11,7.30969387454794e-12,6.28213556420988e-11,5.87241759211095e-11,-0,-5.16987882845642e-26,0,-5.42483256671758e-10,0,0
112.84,0,0,-2.33827643189095e-10,1.01667458941604e-10,-1.66663146500638e-11,7.24640602015049e-12,6.22774333981286e-11,5.82157280455262e-11,-0,-5.16987882845642e-26,0,-5.3778631124851e-10,0,0
112.86,0,0,-2.31803109371314e-10,1.00787198624536e-10,-1.65220148380089e-11,7.18366611413685e-12,6.17382205639403e-11,5.77116824348278e-11,-0,-5.16987882845642e-26,0,-5.33130033065103e-10,0,0
112.88,0,0,-2.29796104434474e-10,9.99145598015236e-11,-1.63789643841617e-11,7.12146941205957e-12,6.12036763644246e-11,5.72120009732054e-11,-0,-2.58493941422821e-26,0,-5.28514070015191e-10,0,0
112.9,0,0,-2.27806476609536e-10,9.90494764840045e-11,-1.62371524715453e-11,7.0598112105623e-12,6.06737603775077e-11,5.67166458748551e-11,-0,-5.16987882845642e-26,0,-5.23938073041045e-10,0,0
112.92,0,0,-2.25834075441508e-10,9.81918832547584e-11,-1.6096568376842e-11,6.99868684702373e-12,6.01484325310955e-11,5.62255796811319e-11,-0,-2.58493941422821e-26,0,-5.19401696107157e-10,0,0
112.94,0,0,-2.23878751778076e-10,9.73417152629611e-11,-1.59572014695819e-11,6.93809169920453e-12,5.96276531000428e-11,5.57387652577169e-11,-0,-5.16987882845642e-26,0,-5.14904596174075e-10,0,0
112.96,0,0,-2.21940357758313e-10,9.64989082192802e-11,-1.58190412113392e-11,6.87802118489746e-12,5.9111382703151e-11,5.52561657917995e-11,-0,-2.58493941422821e-26,0,-5.10446433172457e-10,0,0
112.98,0,0,-2.2001874680151e-10,9.56633983910137e-11,-1.56820771549347e-11,6.81847076158039e-12,5.85995823001871e-11,5.47777447893073e-11,-0,-5.16987882845642e-26,0,-5.06026869977364e-10,0,0
113,0,0,-2.18113773596081e-10,9.48351225972706e-11,-1.55462989436457e-11,6.75943592607239e-12,5.80922131889351e-11,5.43034660721253e-11,-0,-2.58493941422821e-26,0,-5.01645572382757e-10,0,0
113.02,0,0,-2.16225294088584e-10,9.40140182041929e-11,-1.54116963104225e-11,6.70091221419285e-12,5.75892370022678e-11,5.38332937753949e-11,-0,-5.16987882845642e-26,0,-4.9730220907623e-10,0,0
113.04,0,0,-2.14353165472819e-10,9.32000231202199e-11,-1.5278259077112e-11,6.64289520042345e-12,5.70906157052459e-11,5.33671923447563e-11,-0,-5.16987882845642e-26,0,-4.92996451613958e-10,0,0
113.06,0,0,-2.12497246179038e-10,9.2393075791392e-11,-1.51459771536873e-11,6.58538049757317e-12,5.65963115922412e-11,5.29051265337037e-11,-0,-5.16987882845642e-26,0,-4.88727974395855e-10,0,0
113.08,0,0,-2.10657395863231e-10,9.15931151966968e-11,-1.50148405374853e-11,6.52836375644608e-12,5.6106287284087e-11,5.24470614008963e-11,-0,-2.58493941422821e-26,0,-4.84496454640955e-10,0,0
113.1,0,0,-2.08833475396519e-10,9.08000808434545e-11,-1.4884839312449e-11,6.47184066551216e-12,5.56205057252502e-11,5.19929623075165e-11,-0,0,0,-4.80301572363004e-10,0,0
113.12,0,0,-2.07025346854632e-10,9.00139127627431e-11,-1.47559636483787e-11,6.41580695058083e-12,5.51389301810307e-11,5.15427949146604e-11,-0,0,0,-4.76143010346262e-10,0,0
113.14,0,0,-2.05232873507478e-10,8.92345515048641e-11,-1.46282038001874e-11,6.36025837447746e-12,5.46615242347819e-11,5.10965251807392e-11,-0,0,0,-4.72020454121514e-10,0,0
113.16,0,0,-2.03455919808803e-10,8.84619381348468e-11,-1.45015501071643e-11,6.30519073672251e-12,5.41882517851587e-11,5.06541193588896e-11,-0,0,0,-4.67933591942294e-10,0,0
113.18,0,0,-2.01694351385945e-10,8.76960142279916e-11,-1.43759929922437e-11,6.25059987321364e-12,5.37190770433872e-11,5.0215543994442e-11,-0,2.58493941422821e-26,0,-4.63882114761306e-10,0,0
113.2,0,0,-1.99948035029668e-10,8.69367218654519e-11,-1.4251522961281e-11,6.19648165591042e-12,5.32539645305569e-11,4.97807659223895e-11,-0,0,0,-4.59865716207056e-10,0,0
113.22,0,0,-1.98216838684091e-10,8.61840036298546e-11,-1.41281306023343e-11,6.14283199252185e-12,5.2792879074941e-11,4.93497522648613e-11,-0,0,0,-4.55884092560686e-10,0,0
113.24,0,0,-1.96500631436704e-10,8.54378026009578e-11,-1.40058065849526e-11,6.08964682619661e-12,5.23357858093338e-11,4.89224704286523e-11,-0,0,0,-4.51936942733003e-10,0,0
113.26,0,0,-1.94799283508464e-10,8.46980623513472e-11,-1.38845416594702e-11,6.03692213521592e-12,5.18826501684155e-11,4.84988881027626e-11,-0,0,0,-4.48023968241717e-10,0,0
113.28,0,0,-1.93112666243984e-10,8.39647269421683e-11,-1.37643266563069e-11,5.98465393268914e-12,5.14334378861391e-11,4.80789732559355e-11,-0,0,0,-4.44144873188861e-10,0,0
113.3,0,0,-1.91440652101806e-10,8.32377409188969e-11,-1.36451524852745e-11,5.93283826625196e-12,5.09881149931384e-11,4.76626941342573e-11,-0,2.58493941422821e-26,0,-4.40299364238425e-10,0,0
113.32,0,0,-1.8978311464475e-10,8.25170493071455e-11,-1.35270101348894e-11,5.88147121776723e-12,5.05466478141588e-11,4.72500192587374e-11,-0,0,0,-4.36487150594166e-10,0,0
113.34,0,0,-1.88139928530362e-10,8.18025976085063e-11,-1.34098906716909e-11,5.83054890302838e-12,5.01090029655132e-11,4.68409174229419e-11,-0,0,0,-4.32707943977623e-10,0,0
113.36,0,0,-1.86510969501427e-10,8.10943317964298e-11,-1.32937852395657e-11,5.78006747146542e-12,4.96751473525551e-11,4.64353576906234e-11,-0,0,0,-4.28961458606315e-10,0,0
113.38,0,0,-1.84896114376579e-10,8.03921983121396e-11,-1.31786850590777e-11,5.7300231058535e-12,4.92450481671777e-11,4.6033309393387e-11,-0,2.58493941422821e-26,0,-4.25247411172133e-10,0,0
113.4,0,0,-1.8329524104098e-10,7.96961440605821e-11,-1.30645814268046e-11,5.68041202202392e-12,4.88186728853316e-11,4.56347421283722e-11,-0,0,0,-4.21565520819914e-10,0,0
113.42,0,0,-1.81708228437094e-10,7.90061164064119e-11,-1.2951465714679e-11,5.63123046857777e-12,4.83959892645675e-11,4.52396257559518e-11,-0,2.58493941422821e-26,0,-4.17915509126201e-10,0,0
113.44,0,0,-1.80134956555524e-10,7.83220631700111e-11,-1.28393293693363e-11,5.58247472660197e-12,4.79769653415961e-11,4.48479303974572e-11,-0,2.58493941422821e-26,0,-4.14297100078194e-10,0,0
113.46,0,0,-1.78575306425944e-10,7.76439326235437e-11,-1.27281639114677e-11,5.53414110938776e-12,4.75615694298725e-11,4.44596264329072e-11,-0,2.58493941422821e-26,0,-4.10710020052875e-10,0,0
113.48,0,0,-1.77029160108097e-10,7.69716734870442e-11,-1.26179609351786e-11,5.48622596215172e-12,4.71497701171989e-11,4.40746844987825e-11,-0,2.58493941422821e-26,0,-4.07153997796315e-10,0,0
113.5,0,0,-1.75496400682881e-10,7.63052349245394e-11,-1.25087121073535e-11,5.43872566175911e-12,4.67415362633509e-11,4.36930754857898e-11,-0,2.58493941422821e-26,0,-4.03628764403165e-10,0,0
113.52,0,0,-1.73976912243504e-10,7.56445665402045e-11,-1.24004091670251e-11,5.39163661644966e-12,4.63368369977218e-11,4.33147705366856e-11,-0,2.58493941422821e-26,0,-4.00134053296321e-10,0,0
113.54,0,0,-1.72470579886723e-10,7.49896183745524e-11,-1.22930439247499e-11,5.34495526556575e-12,4.59356417169876e-11,4.29397410440665e-11,-0,2.58493941422821e-26,0,-3.96669600206763e-10,0,0
113.56,0,0,-1.7097728970415e-10,7.43403409006553e-11,-1.21866082619888e-11,5.29867807928294e-12,4.55379200827946e-11,4.25679586482233e-11,-0,2.58493941422821e-26,0,-3.93235143153574e-10,0,0
113.58,0,0,-1.69496928773643e-10,7.36966850204e-11,-1.20810941304932e-11,5.25280155834276e-12,4.51436420194638e-11,4.21993952349818e-11,-0,2.58493941422821e-26,0,-3.89830422424128e-10,0,0
113.6,0,0,-1.68029385150765e-10,7.30586020607749e-11,-1.1976493551696e-11,5.20732223378799e-12,4.47527777117179e-11,4.18340229335962e-11,-0,2.58493941422821e-26,0,-3.86455180554451e-10,0,0
113.62,0,0,-1.66574547860318e-10,7.24260437701894e-11,-1.18727986161085e-11,5.16223666670004e-12,4.43652976024252e-11,4.14718141146302e-11,-0,2.58493941422821e-26,0,-3.83109162309751e-10,0,0
113.64,0,0,-1.65132306887953e-10,7.1798962314825e-11,-1.17700014827223e-11,5.11754144793874e-12,4.39811723903659e-11,4.11127413878615e-11,-0,3.87740912134232e-26,0,-3.79792114665116e-10,0,0
113.66,0,0,-1.6370255317185e-10,7.11773102750187e-11,-1.16680943784159e-11,5.07323319788433e-12,4.36003730280154e-11,4.07567776002307e-11,-0,5.16987882845642e-26,0,-3.76503786786385e-10,0,0
113.68,0,0,-1.6228517859447e-10,7.05610406416765e-11,-1.15670695973674e-11,5.0293085661817e-12,4.3222870719349e-11,4.04038958337617e-11,-0,3.87740912134232e-26,0,-3.73243930011173e-10,0,0
113.7,0,0,-1.60880075974379e-10,6.99501068127191e-11,-1.14669195004713e-11,4.98576423148686e-12,4.28486369176637e-11,4.00540694035478e-11,-0,3.87740912134232e-26,0,-3.70012297830075e-10,0,0
113.72,0,0,-1.59487139058146e-10,6.93444625895575e-11,-1.1367636514761e-11,4.9425969012156e-12,4.24776433234195e-11,3.97072718557241e-11,-0,5.16987882845642e-26,0,-3.66808645868019e-10,0,0
113.74,0,0,-1.58106262512303e-10,6.87440621735998e-11,-1.12692131328361e-11,4.89980331129432e-12,4.21098618820993e-11,3.93634769654712e-11,-0,6.46234853557053e-26,0,-3.63632731865789e-10,0,0
113.76,0,0,-1.56737341915387e-10,6.81488601627879e-11,-1.11716419122946e-11,4.85738022591304e-12,4.17452647820879e-11,3.90226587350233e-11,-0,5.16987882845642e-26,0,-3.60484315661705e-10,0,0
113.78,0,0,-1.55380273750035e-10,6.75588115481641e-11,-1.10749154751701e-11,4.81532443728052e-12,4.13838244525691e-11,3.86847913917212e-11,-0,5.16987882845642e-26,0,-3.57363159173463e-10,0,0
113.8,0,0,-1.54034955395163e-10,6.69738717104677e-11,-1.09790265073739e-11,4.77363276538157e-12,4.10255135614406e-11,3.83498493860385e-11,-0,5.16987882845642e-26,0,-3.5426902638013e-10,0,0
113.82,0,0,-1.52701285118203e-10,6.63939964167608e-11,-1.08839677581417e-11,4.73230205773636e-12,4.0670305013247e-11,3.80178073896732e-11,-0,3.87740912134232e-26,0,-3.51201683304295e-10,0,0
113.84,0,0,-1.51379162067411e-10,6.58191418170836e-11,-1.07897320394857e-11,4.69132918916197e-12,4.03181719471315e-11,3.76886402936059e-11,-0,5.16987882845642e-26,0,-3.48160897994381e-10,0,0
113.86,0,0,-1.50068486264238e-10,6.52492644411383e-11,-1.06963122256505e-11,4.6507110615358e-12,3.99690877348033e-11,3.7362323206232e-11,-0,5.16987882845642e-26,0,-3.45146440507098e-10,0,0
113.88,0,0,-1.48769158595775e-10,6.46843211950021e-11,-1.06037012525748e-11,4.61044460356122e-12,3.9623025978526e-11,3.7038831451461e-11,-0,5.16987882845642e-26,0,-3.42158082890059e-10,0,0
113.9,0,0,-1.47481080807251e-10,6.41242693578686e-11,-1.05118921173565e-11,4.57052677053518e-12,3.927996050912e-11,3.67181405668447e-11,-0,6.46234853557053e-26,0,-3.39195599164542e-10,0,0
113.92,0,0,-1.46204155494611e-10,6.35690665788167e-11,-1.04208778777239e-11,4.5309545441178e-12,3.89398653839848e-11,3.6400226301751e-11,-0,3.87740912134232e-26,0,-3.362587653084e-10,0,0
113.94,0,0,-1.44938286097142e-10,6.30186708736088e-11,-1.03306516515102e-11,4.49172493210403e-12,3.86027148851361e-11,3.60850646155003e-11,-0,3.87740912134232e-26,0,-3.33347359239123e-10,0,0
113.96,0,0,-1.4368337689018e-10,6.24730406215155e-11,-1.02412066161333e-11,4.45283496819725e-12,3.82684835172619e-11,3.57726316755715e-11,-0,3.87740912134232e-26,0,-3.3046116079704e-10,0,0
113.98,0,0,-1.42439332977863e-10,6.19321345621685e-11,-1.01525360080799e-11,4.4142817117848e-12,3.79371460057938e-11,3.54629038557922e-11,-0,3.87740912134232e-26,0,-3.27599951728676e-10,0,0
114,0,0,-1.4120606028596e-10,6.13959117924403e-11,-1.00646331223937e-11,4.37606224771554e-12,3.76086772949969e-11,3.51558577345436e-11,-0,3.87740912134232e-26,0,-3.24763515670244e-10,0,0
114.02,0,0,-1.39983465554757e-10,6.08643317633513e-11,-9.97749131216901e-12,4.33817368607926e-12,3.72830525460738e-11,3.48514700930099e-11,-0,2.58493941422821e-26,0,-3.21951638131284e-10,0,0
114.04,0,0,-1.38771456332002e-10,6.03373542770038e-11,-9.89110398804744e-12,4.30061316198807e-12,3.69602471352877e-11,3.45497179133894e-11,-0,2.58493941422821e-26,0,-3.19164106478444e-10,0,0
114.06,0,0,-1.37569940965917e-10,5.98149394835417e-11,-9.80546461772012e-12,4.26337783535962e-12,3.66402366520995e-11,3.42505783771902e-11,-0,1.29246970711411e-26,0,-3.16400709919402e-10,0,0
114.08,0,0,-1.36378828598264e-10,5.92970478781374e-11,-9.72056672543352e-12,4.22646489070224e-12,3.63229968973218e-11,3.39540288634835e-11,-0,1.29246970711411e-26,0,-3.13661239486924e-10,0,0
114.1,0,0,-1.35198029157479e-10,5.87836402980044e-11,-9.6364038914998e-12,4.18987153690193e-12,3.60085038812899e-11,3.36600469471981e-11,-0,2.58493941422821e-26,0,-3.10945488023061e-10,0,0
114.12,0,0,-1.34027453351854e-10,5.82746779194362e-11,-9.55296975181141e-12,4.15359500701122e-12,3.56967338220462e-11,3.33686103974221e-11,-0,3.87740912134232e-26,0,-3.08253250163488e-10,0,0
114.14,0,0,-1.32867012662794e-10,5.77701222548698e-11,-9.47025799735981e-12,4.11763255803981e-12,3.53876631435439e-11,3.30796971757319e-11,-0,3.87740912134232e-26,0,-3.05584322321971e-10,0,0
114.16,0,0,-1.31716619338113e-10,5.72699351499759e-11,-9.38826237375843e-12,4.08198147074711e-12,3.50812684738629e-11,3.27932854345079e-11,-0,3.87740912134232e-26,0,-3.02938502674971e-10,0,0
114.18,0,0,-1.30576186385406e-10,5.67740787807734e-11,-9.30697668076974e-12,4.04663904943648e-12,3.47775266434426e-11,3.25093535152995e-11,-0,2.58493941422821e-26,0,-3.00315591146387e-10,0,0
114.2,0,0,-1.29445627565468e-10,5.62825156507692e-11,-9.22639477183638e-12,4.01160262175132e-12,3.44764146833297e-11,3.22278799471766e-11,-0,2.58493941422821e-26,0,-2.9771538939242e-10,0,0
114.22,0,0,-1.28324857385773e-10,5.5795208588123e-11,-9.14651055361644e-12,3.97686953847293e-12,3.41779098234421e-11,3.19488434451112e-11,-0,2.58493941422821e-26,0,-2.95137700786579e-10,0,0
114.24,0,0,-1.27213791094006e-10,5.53121207428361e-11,-9.06731798552265e-12,3.94243717332006e-12,3.38819894908458e-11,3.16722229083639e-11,-0,2.58493941422821e-26,0,-2.92582330404812e-10,0,0
114.26,0,0,-1.26112344671659e-10,5.48332155839648e-11,-8.98881107926566e-12,3.90830292275027e-12,3.35886313080489e-11,3.13979974188983e-11,-0,2.58493941422821e-26,0,-2.90049085010762e-10,0,0
114.28,0,0,-1.25020434827677e-10,5.43584568968585e-11,-8.91098389840122e-12,3.87446420576294e-12,3.32978130913096e-11,3.11261462397822e-11,-0,1.29246970711411e-26,0,-2.87537773041159e-10,0,0
114.3,0,0,-1.23937978992154e-10,5.38878087804203e-11,-8.83383055788131e-12,3.84091846370411e-12,3.3009512848958e-11,3.08566488136333e-11,-0,2.58493941422821e-26,0,-2.85048204591331e-10,0,0
114.32,0,0,-1.22864895310096e-10,5.3421235644393e-11,-8.75734522360913e-12,3.80766316007284e-12,3.27237087797334e-11,3.05894847610627e-11,-0,2.58493941422821e-26,0,-2.82580191400845e-10,0,0
114.34,0,0,-1.21801102635227e-10,5.29587022066674e-11,-8.68152211199796e-12,3.77469578032942e-12,3.24403792711358e-11,3.03246338791257e-11,-0,2.58493941422821e-26,0,-2.80133546839271e-10,0,0
114.36,0,0,-1.20746520523854e-10,5.25001734906142e-11,-8.60635548953387e-12,3.74201383170511e-12,3.21595028977917e-11,3.00620761398065e-11,-0,2.58493941422821e-26,0,-2.77708085892068e-10,0,0
114.38,0,0,-1.19701069228784e-10,5.20456148224396e-11,-8.53183967234214e-12,3.70961484301361e-12,3.18810584198338e-11,2.98017916884892e-11,-0,1.29246970711411e-26,0,-2.75303625146594e-10,0,0
114.4,0,0,-1.18664669693294e-10,5.15949918285625e-11,-8.45796902575754e-12,3.67749636446415e-12,3.16050247812941e-11,2.9543760842471e-11,-0,1.29246970711411e-26,0,-2.72919982778235e-10,0,0
114.42,0,0,-1.1763724354515e-10,5.11482704330161e-11,-8.38473796389823e-12,3.64565596747613e-12,3.13313811085133e-11,2.92879640894594e-11,-0,2.58493941422821e-26,0,-2.70556978536658e-10,0,0
114.44,0,0,-1.16618713090687e-10,5.07054168548704e-11,-8.31214094924341e-12,3.6140912444955e-12,3.10601067085607e-11,2.90343820861165e-11,-0,2.58493941422821e-26,0,-2.68214433732179e-10,0,0
114.46,0,0,-1.15609001308924e-10,5.0266397605678e-11,-8.24017249221463e-12,3.58279980881259e-12,3.07911810676709e-11,2.87829956565749e-11,-0,2.58493941422821e-26,0,-2.65892171222251e-10,0,0
114.48,0,0,-1.1460803184575e-10,4.98311794869418e-11,-8.16882715076066e-12,3.55177929438166e-12,3.05245838496914e-11,2.85337857909967e-11,-0,2.58493941422821e-26,0,-2.63590015398067e-10,0,0
114.5,0,0,-1.13615729008143e-10,4.93997295876043e-11,-8.09809952994608e-12,3.52102735564187e-12,3.02602948945452e-11,2.82867336441371e-11,-0,3.87740912134232e-26,0,-2.61307792171283e-10,0,0
114.52,0,0,-1.12632017758449e-10,4.89720152815592e-11,-8.0279842815433e-12,3.49054166733993e-12,2.99982942167064e-11,2.80418205339239e-11,-0,2.58493941422821e-26,0,-2.59045328960851e-10,0,0
114.54,0,0,-1.11656823708706e-10,4.8548004225184e-11,-7.95847610362818e-12,3.46031992435419e-12,2.97385620036891e-11,2.77990279400295e-11,-0,2.58493941422821e-26,0,-2.56802454679972e-10,0,0
114.56,0,0,-1.10690073115022e-10,4.81276643548944e-11,-7.88956974017916e-12,3.4303598415203e-12,2.94810786145486e-11,2.75583375024901e-11,-0,2.58493941422821e-26,0,-2.54578999723152e-10,0,0
114.58,0,0,-1.09731692871996e-10,4.77109638847194e-11,-7.82125998067983e-12,3.40065915345842e-12,2.92258245783969e-11,2.73197310202981e-11,-0,2.58493941422821e-26,0,-2.52374795953386e-10,0,0
114.6,0,0,-1.0878161050719e-10,4.7297871303898e-11,-7.75354165972497e-12,3.37121561440185e-12,2.89727805929296e-11,2.70831904500422e-11,-0,2.58493941422821e-26,0,-2.50189676689435e-10,0,0
114.62,0,0,-1.07839754175648e-10,4.68883553744961e-11,-7.68640965662997e-12,3.34202699802716e-12,2.87219275229669e-11,2.68486979045307e-11,-0,2.58493941422821e-26,0,-2.48023476693224e-10,0,0
114.64,0,0,-1.06906052654467e-10,4.64823851290446e-11,-7.61985889504366e-12,3.31309109728587e-12,2.84732463990058e-11,2.66162356514485e-11,-0,2.58493941422821e-26,0,-2.4587603215735e-10,0,0
114.66,0,0,-1.05980435337404e-10,4.60799298681973e-11,-7.55388434256448e-12,3.28440572423746e-12,2.82267184157867e-11,2.63857861120078e-11,-0,2.58493941422821e-26,0,-2.43747180692692e-10,0,0
114.68,0,0,-1.05062832229545e-10,4.56809591584097e-11,-7.48848101036e-12,3.25596870988399e-12,2.79823249308707e-11,2.61573318596234e-11,-0,1.29246970711411e-26,0,-2.41636761316131e-10,0,0
114.7,0,0,-1.04153173942007e-10,4.52854428296378e-11,-7.42364395278968e-12,3.22777790400596e-12,2.77400474632299e-11,2.59308556185948e-11,-0,1.29246970711411e-26,0,-2.39544614438377e-10,0,0
114.72,0,0,-1.0325139168669e-10,4.4893350973056e-11,-7.35936826703092e-12,3.19983117499978e-12,2.74998676918497e-11,2.57063402627985e-11,-0,0,0,-2.37470581851902e-10,0,0
114.74,0,0,-1.02357417271079e-10,4.45046539387962e-11,-7.29564909270841e-12,3.17212640971651e-12,2.72617674543439e-11,2.54837688143938e-11,-0,0,0,-2.35414506718974e-10,0,0
114.76,0,0,-1.01471183093086e-10,4.41193223337054e-11,-7.23248161152658e-12,3.14466151330208e-12,2.70257287455811e-11,2.52631244425421e-11,-0,0,0,-2.33376233559801e-10,0,0
114.78,0,0,-1.00592622135935e-10,4.37373270191226e-11,-7.16986104690535e-12,3.11743440903886e-12,2.6791733716323e-11,2.50443904621213e-11,-0,0,0,-2.31355608240769e-10,0,0
114.8,0,0,-9.97216679630993e-11,4.33586391086761e-11,-7.10778266361889e-12,3.09044303818862e-12,2.65597646718743e-11,2.48275503324832e-11,-0,-1.29246970711411e-26,0,-2.29352477962789e-10,0,0
114.82,0,0,-9.88582547132737e-11,4.29832299660985e-11,-7.04624176743767e-12,3.0636853598368e-12,2.63298040707454e-11,2.46125876561888e-11,-0,0,0,-2.27366691249743e-10,0,0
114.84,0,0,-9.80023170953955e-11,4.26110712030618e-11,-6.9852337047735e-12,3.03715935073821e-12,2.61018345233254e-11,2.43994861777737e-11,-0,0,0,-2.25398097937027e-10,0,0
114.86,0,0,-9.71537903837072e-11,4.224213467703e-11,-6.92475386232767e-12,3.01086300516403e-12,2.58758387905676e-11,2.41882297825175e-11,-0,-1.29246970711411e-26,0,-2.23446549160198e-10,0,0
114.88,0,0,-9.63126104128616e-11,4.18763924891319e-11,-6.86479766674214e-12,2.98479433475012e-12,2.56517997826851e-11,2.39788024952223e-11,-0,0,0,-2.21511897343717e-10,0,0
114.9,0,0,-9.54787135730701e-11,4.15138169820503e-11,-6.80536058425378e-12,2.95895136834665e-12,2.5429700557859e-11,2.37711884790138e-11,-0,-1.29246970711411e-26,0,-2.19593996189784e-10,0,0
114.92,0,0,-9.46520368052923e-11,4.11543807379317e-11,-6.74643812035155e-12,2.93333215186906e-12,2.52095243209573e-11,2.35653720341312e-11,-0,0,0,-2.17692700667285e-10,0,0
114.94,0,0,-9.38325175964675e-11,4.07980565763121e-11,-6.68802581943665e-12,2.90793474815026e-12,2.49912544222646e-11,2.33613375967516e-11,-0,-1.29246970711411e-26,0,-2.15807867000815e-10,0,0
114.96,0,0,-9.30200939747875e-11,4.04448175520621e-11,-6.63011926448573e-12,2.8827572367942e-12,2.47748743562232e-11,2.31590697378059e-11,-0,-2.58493941422821e-26,0,-2.13939352659811e-10,0,0
114.98,0,0,-9.22147045050104e-11,4.00946369533492e-11,-6.5727140767168e-12,2.85779771403061e-12,2.45603677601853e-11,2.29585531618123e-11,-0,-2.58493941422821e-26,0,-2.12087016347774e-10,0,0
115,0,0,-9.14162882838149e-11,3.97474882996179e-11,-6.51580591525826e-12,2.83305429257105e-12,2.43477184131746e-11,2.27597727057235e-11,-0,-2.58493941422821e-26,0,-2.10250717991581e-10,0,0
115.02,0,0,-9.06247849351945e-11,3.94033453395873e-11,-6.45939047682063e-12,2.80852510146619e-12,2.4136910234661e-11,2.25627133377785e-11,-0,-2.58493941422821e-26,0,-2.08430318730896e-10,0,0
115.04,0,0,-8.98401346058924e-11,3.90621820492657e-11,-6.40346349537122e-12,2.78420828596438e-12,2.39279272833434e-11,2.23673601563645e-11,-0,-2.58493941422821e-26,0,-2.06625680907667e-10,0,0
115.06,0,0,-8.90622779608749e-11,3.87239726299832e-11,-6.34802074181155e-12,2.76010200737132e-12,2.37207537559449e-11,2.21736983888875e-11,-0,-1.93870456067116e-26,0,-2.04836668055719e-10,0,0
115.08,0,0,-8.8291156178845e-11,3.83886915064403e-11,-6.29305802365762e-12,2.73620444291111e-12,2.35153739860181e-11,2.19817133906663e-11,-0,-1.93870456067116e-26,0,-2.0306314489043e-10,0,0
115.1,0,0,-8.7526710947794e-11,3.80563133247744e-11,-6.23857118472292e-12,2.71251378558838e-12,2.33117724427593e-11,2.17913906438129e-11,-0,-1.93870456067116e-26,0,-2.01304977298507e-10,0,0
115.12,0,0,-8.67688844605919e-11,3.7726812950642e-11,-6.18455610480416e-12,2.68902824405164e-12,2.31099337298352e-11,2.16027157561342e-11,-0,-1.29246970711411e-26,0,-1.99562032327838e-10,0,0
115.14,0,0,-8.60176194106166e-11,3.74001654673186e-11,-6.13100869936981e-12,2.66574604245789e-12,2.29098425842177e-11,2.14156744600583e-11,-0,-1.29246970711411e-26,0,-1.97834178177445e-10,0,0
115.16,0,0,-8.52728589874197e-11,3.70763461738143e-11,-6.07792491925119e-12,2.64266542033827e-12,2.27114838750302e-11,2.123025261154e-11,-0,-1.29246970711411e-26,0,-1.9612128418751e-10,0,0
115.18,0,0,-8.4534546872431e-11,3.67553305830057e-11,-6.0253007503364e-12,2.61978463246501e-12,2.25148426024037e-11,2.10464361889999e-11,-0,-1.29246970711411e-26,0,-1.94423220829499e-10,0,0
115.2,0,0,-8.38026272346995e-11,3.64370944197847e-11,-5.97313221326676e-12,2.59710194871941e-12,2.23199038963417e-11,2.08642112922551e-11,-0,-1.29246970711411e-26,0,-1.92739859696367e-10,0,0
115.22,0,0,-8.30770447266715e-11,3.61216136192222e-11,-5.92141536313599e-12,2.57461565396108e-12,2.21266530155962e-11,2.06835641414827e-11,-0,-1.29246970711411e-26,0,-1.91071073492847e-10,0,0
115.24,0,0,-8.23577444800053e-11,3.58088643247489e-11,-5.8701462891919e-12,2.55232404789822e-12,2.19350753465532e-11,2.05044810761638e-11,-0,-1.29246970711411e-26,0,-1.89416736025823e-10,0,0
115.26,0,0,-8.1644672101422e-11,3.54988228863511e-11,-5.81932111454072e-12,2.53022544495907e-12,2.1745156402127e-11,2.03269485540557e-11,-0,-6.46234853557053e-27,0,-1.87776722194789e-10,0,0
115.28,0,0,-8.09377736685923e-11,3.5191465858782e-11,-5.76893599585398e-12,2.50831817416447e-12,2.1556881820665e-11,2.01509531501732e-11,-0,-1.29246970711411e-26,0,-1.86150907982388e-10,0,0
115.3,0,0,-8.02369957260591e-11,3.48867699997892e-11,-5.71898712307793e-12,2.48660057900149e-12,2.13702373648621e-11,1.99764815557627e-11,-0,-1.29246970711411e-26,0,-1.84539170445035e-10,0,0
115.32,0,0,-7.9542285281195e-11,3.45847122683569e-11,-5.66947071914545e-12,2.46507101729823e-12,2.11852089206832e-11,1.98035205773071e-11,-0,-1.93870456067116e-26,0,-1.82941387703617e-10,0,0
115.34,0,0,-7.88535898001949e-11,3.42852698229637e-11,-5.6203830396905e-12,2.44372786109962e-12,2.10017824962967e-11,1.96320571355153e-11,-0,-2.58493941422821e-26,0,-1.81357438934282e-10,0,0
115.36,0,0,-7.81708572041039e-11,3.39884200198553e-11,-5.57172037276497e-12,2.42256949654435e-12,2.08199442210159e-11,1.94620782643478e-11,-0,-2.58493941422821e-26,0,-1.79787204359295e-10,0,0
115.38,0,0,-7.74940358648786e-11,3.36941404113319e-11,-5.52347903855809e-12,2.40159432374283e-12,2.06396803442504e-11,1.92935711100205e-11,-0,-3.23117426778526e-26,0,-1.78230565237988e-10,0,0
115.4,0,0,-7.68230746014832e-11,3.34024087440512e-11,-5.47565538911816e-12,2.38080075665626e-12,2.04609772344661e-11,1.91265229300464e-11,-0,-3.23117426778526e-26,0,-1.76687403857775e-10,0,0
115.42,0,0,-7.61579226760193e-11,3.31132029573454e-11,-5.42824580807673e-12,2.36018722297669e-12,2.02838213781542e-11,1.8960921092264e-11,-0,-3.23117426778526e-26,0,-1.75157603525254e-10,0,0
115.44,0,0,-7.5498529789889e-11,3.28265011815527e-11,-5.38124671037521e-12,2.33975216400814e-12,2.01081993788096e-11,1.8796753073888e-11,-0,-2.58493941422821e-26,0,-1.73641048557382e-10,0,0
115.46,0,0,-7.48448460799913e-11,3.25422817363642e-11,-5.3346545419938e-12,2.31949403454874e-12,1.9934097955918e-11,1.86340064605538e-11,-0,-1.93870456067116e-26,0,-1.72137624272725e-10,0,0
115.48,0,0,-7.41968221149515e-11,3.22605231291837e-11,-5.28846577968276e-12,2.29941130277396e-12,1.97615039439512e-11,1.84726689453899e-11,-0,-1.29246970711411e-26,0,-1.70647216982788e-10,0,0
115.5,0,0,-7.35544088913835e-11,3.19812040535029e-11,-5.24267693069604e-12,2.27950245012072e-12,1.9590404291372e-11,1.83127283280776e-11,-0,-1.29246970711411e-26,0,-1.6916971398342e-10,0,0
115.52,0,0,-7.29175578301837e-11,3.17043033872902e-11,-5.19728453252717e-12,2.25976597117264e-12,1.94207860596467e-11,1.81541725139271e-11,-0,-1.29246970711411e-26,0,-1.67705003546285e-10,0,0
115.54,0,0,-7.22862207728576e-11,3.14298001913932e-11,-5.15228515264753e-12,2.24020037354621e-12,1.92526364222673e-11,1.79969895129781e-11,-0,-1.29246970711411e-26,0,-1.6625297491042e-10,0,0
115.56,0,0,-7.16603499778785e-11,3.11576737079556e-11,-5.10767538824675e-12,2.22080417777794e-12,1.90859426637808e-11,1.78411674390719e-11,-0,-6.46234853557053e-27,0,-1.64813518273853e-10,0,0
115.58,0,0,-7.10398981170766e-11,3.08879033588473e-11,-5.06345186597548e-12,2.20157591721251e-12,1.89206921788281e-11,1.76866945089726e-11,-0,-6.46234853557053e-27,0,-1.63386524785305e-10,0,0
115.6,0,0,-7.04248182720607e-11,3.06204687441083e-11,-5.01961124169031e-12,2.18251413789189e-12,1.8756872471191e-11,1.75335590414609e-11,-0,-1.29246970711411e-26,0,-1.61971886535958e-10,0,0
115.62,0,0,-6.98150639306697e-11,3.03553496404063e-11,-4.97615020020094e-12,2.16361739844542e-12,1.85944711528467e-11,1.73817494564577e-11,-0,-1.29246970711411e-26,0,-1.6056949655129e-10,0,0
115.64,0,0,-6.92105889834559e-11,3.00925259995069e-11,-4.93306545501951e-12,2.14488426998086e-12,1.84334759430315e-11,1.72312542741493e-11,-0,0,0,-1.59179248782993e-10,0,0
115.66,0,0,-6.86113477201978e-11,2.98319779467583e-11,-4.89035374811215e-12,2.12631333597629e-12,1.82738746673117e-11,1.70820621141158e-11,-0,0,0,-1.57801038100946e-10,0,0
115.68,0,0,-6.80172948264436e-11,2.95736857795877e-11,-4.84801184965257e-12,2.1079031921731e-12,1.81156552566631e-11,1.69341616944726e-11,-0,0,0,-1.56434760285274e-10,0,0
115.7,0,0,-6.74283853800847e-11,2.93176299660118e-11,-4.80603655777795e-12,2.08965244646976e-12,1.79588057465588e-11,1.67875418310155e-11,-0,0,0,-1.55080312018456e-10,0,0
115.72,0,0,-6.68445748479585e-11,2.90637911431598e-11,-4.76442469834678e-12,2.07155971881664e-12,1.78033142760636e-11,1.66421914363779e-11,-0,0,0,-1.53737590877524e-10,0,0
115.74,0,0,-6.6265819082481e-11,2.88121501158089e-11,-4.7231731246989e-12,2.05362364111159e-12,1.76491690869375e-11,1.64980995191904e-11,-0,0,0,-1.52406495326307e-10,0,0
115.76,0,0,-6.56920743183083e-11,2.8562687854933e-11,-4.6822787174176e-12,2.03584285709658e-12,1.74963585227469e-11,1.6355255183248e-11,-0,0,0,-1.51086924707761e-10,0,0
115.78,0,0,-6.51232971690268e-11,2.83153854962639e-11,-4.64173838409371e-12,2.01821602225515e-12,1.73448710279825e-11,1.62136476266909e-11,-0,-6.46234853557053e-27,0,-1.49778779236352e-10,0,0
115.8,0,0,-6.45594446238729e-11,2.80702243388641e-11,-4.60154905909185e-12,2.00074180371073e-12,1.71946951471856e-11,1.6073266141182e-11,-0,-6.46234853557053e-27,0,-1.48481959990513e-10,0,0
115.82,0,0,-6.40004740444801e-11,2.78271858437137e-11,-4.5617077033186e-12,1.98341888012591e-12,1.70458195240823e-11,1.59341001111005e-11,-0,-6.46234853557053e-27,0,-1.47196368905164e-10,0,0
115.84,0,0,-6.34463431616549e-11,2.75862516323075e-11,-4.52221130399273e-12,1.96624594160253e-12,1.68982329007241e-11,1.57961390127386e-11,-0,0,0,-1.45921908764294e-10,0,0
115.86,0,0,-6.28970100721801e-11,2.73474034852657e-11,-4.48305687441742e-12,1.94922168958263e-12,1.67519241166368e-11,1.56593724135077e-11,-0,0,0,-1.44658483193611e-10,0,0
115.88,0,0,-6.23524332356466e-11,2.71106233409563e-11,-4.4442414537544e-12,1.93234483675032e-12,1.66068821079769e-11,1.55237899711449e-11,-0,0,0,-1.43405996653255e-10,0,0
115.9,0,0,-6.18125714713118e-11,2.68758932941289e-11,-4.40576210680013e-12,1.91561410693444e-12,1.64630959066945e-11,1.5389381432933e-11,-0,0,0,-1.4216435443057e-10,0,0
115.92,0,0,-6.12773839549855e-11,2.6643195594561e-11,-4.36761592376384e-12,1.89902823501205e-12,1.63205546397041e-11,1.52561366349275e-11,-0,0,0,-1.40933462632946e-10,0,0
115.94,0,0,-6.07468302159429e-11,2.64125126457154e-11,-4.32980002004755e-12,1.88258596681284e-12,1.6179247528062e-11,1.51240455011878e-11,-0,-6.46234853557053e-27,0,-1.39713228180717e-10,0,0
115.96,0,0,-6.02208701338642e-11,2.61838270034101e-11,-4.29231153602793e-12,1.86628605902428e-12,1.60391638861521e-11,1.49930980430062e-11,-0,-6.46234853557053e-27,0,-1.38503558800123e-10,0,0
115.98,0,0,-5.96994639358007e-11,2.59571213744987e-11,-4.25514763684012e-12,1.85012727909765e-12,1.59002931208767e-11,1.48632843581674e-11,-0,0,0,-1.37304363016328e-10,0,0
116,0,0,-5.91825721931672e-11,2.5732378615563e-11,-4.21830551216337e-12,1.83410840515482e-12,1.57626247308563e-11,1.47345946301884e-11,-0,0,0,-1.36115550146511e-10,0,0
116.02,0,0,-5.86701558187604e-11,2.55095817316162e-11,-4.18178237600855e-12,1.81822822589592e-12,1.56261483056349e-11,1.46070191275823e-11,-0,-6.46234853557053e-27,0,-1.34937030293002e-10,0,0
116.04,0,0,-5.8162176063803e-11,2.52887138748184e-11,-4.14557546650752e-12,1.80248554050776e-12,1.54908535248933e-11,1.44805482031178e-11,-0,-6.46234853557053e-27,0,-1.33768714336485e-10,0,0
116.06,0,0,-5.76585945150138e-11,2.5069758343202e-11,-4.1096820457043e-12,1.78687915857299e-12,1.53567301576682e-11,1.43551722930914e-11,-0,-6.46234853557053e-27,0,-1.32610513929261e-10,0,0
116.08,0,0,-5.71593730917027e-11,2.48526985794089e-11,-4.07409939934802e-12,1.77140789998021e-12,1.52237680615789e-11,1.42308819166083e-11,-0,-1.29246970711411e-26,0,-1.31462341488565e-10,0,0
116.1,0,0,-5.66644740428913e-11,2.46375181694385e-11,-4.03882483668776e-12,1.75607059483465e-12,1.50919571820599e-11,1.41076676748568e-11,-0,-1.29246970711411e-26,0,-1.30324110189945e-10,0,0
116.12,0,0,-5.61738599444576e-11,2.44242008414065e-11,-4.00385569026904e-12,1.74086608336981e-12,1.49612875516008e-11,1.39855202504061e-11,-0,-1.29246970711411e-26,0,-1.29195733960695e-10,0,0
116.14,0,0,-5.56874936963067e-11,2.42127304643143e-11,-3.96918931573216e-12,1.7257932158597e-12,1.48317492889928e-11,1.38644304064985e-11,-0,-1.93870456067116e-26,0,-1.28077127473345e-10,0,0
116.16,0,0,-5.52053385195649e-11,2.40030910468292e-11,-3.93482309161227e-12,1.71085085253201e-12,1.47033325985812e-11,1.37443889863485e-11,-0,-1.29246970711411e-26,0,-1.26968206139211e-10,0,0
116.18,0,0,-5.47273579537985e-11,2.37952667360753e-11,-3.90075441914115e-12,1.69603786348187e-12,1.45760277695245e-11,1.36253869124543e-11,-0,-1.93870456067116e-26,0,-1.25868886101998e-10,0,0
116.2,0,0,-5.4253515854257e-11,2.35892418164344e-11,-3.86698072205071e-12,1.6813531285865e-12,1.44498251750606e-11,1.35074151859068e-11,-0,-1.93870456067116e-26,0,-1.24779084231459e-10,0,0
116.22,0,0,-5.37837763891393e-11,2.3385000708358e-11,-3.83349944637819e-12,1.66679553742044e-12,1.4324715271778e-11,1.33904648857139e-11,-0,-1.29246970711411e-26,0,-1.23698718117105e-10,0,0
116.24,0,0,-5.33181040368846e-11,2.31825279671888e-11,-3.80030806027309e-12,1.65236398917171e-12,1.42006885988948e-11,1.32745271681254e-11,-0,-1.29246970711411e-26,0,-1.22627706061979e-10,0,0
116.26,0,0,-5.28564635834859e-11,2.2981808281993e-11,-3.76740405380569e-12,1.63805739255849e-12,1.40777357775432e-11,1.31595932659596e-11,-0,-1.29246970711411e-26,0,-1.21565967076474e-10,0,0
116.28,0,0,-5.23988201198275e-11,2.27828264744026e-11,-3.7347849387773e-12,1.62387466574669e-12,1.395584751006e-11,1.30456544879443e-11,-0,-1.93870456067116e-26,0,-1.2051342087221e-10,0,0
116.3,0,0,-5.19451390390448e-11,2.25855674974671e-11,-3.70244824853212e-12,1.60981473626813e-12,1.38350145792837e-11,1.2932702218059e-11,-0,-1.93870456067116e-26,0,-1.19469987855962e-10,0,0
116.32,0,0,-5.14953860339077e-11,2.23900164345163e-11,-3.67039153777071e-12,1.59587654093949e-12,1.37152278478573e-11,1.28207279148816e-11,-0,-1.29246970711411e-26,0,-1.18435589123643e-10,0,0
116.34,0,0,-5.10495270942258e-11,2.2196158498032e-11,-3.63861238236516e-12,1.5820590257819e-12,1.35964782575374e-11,1.27097231109466e-11,-0,-1.29246970711411e-26,0,-1.17410146454334e-10,0,0
116.36,0,0,-5.06075285042773e-11,2.20039790285296e-11,-3.60710837917571e-12,1.56836114594127e-12,1.34787568285095e-11,1.25996794120986e-11,-0,-6.46234853557053e-27,0,-1.16393582304372e-10,0,0
116.38,0,0,-5.01693568402587e-11,2.181346349345e-11,-3.57587714586912e-12,1.55478186560934e-12,1.33620546587083e-11,1.24905884968653e-11,-0,-6.46234853557053e-27,0,-1.15385819801485e-10,0,0
116.4,0,0,-4.97349789677577e-11,2.16245974860601e-11,-3.54491632073851e-12,1.54132015794532e-12,1.32463629231454e-11,1.23824421158194e-11,-0,-1.29246970711411e-26,0,-1.14386782738978e-10,0,0
116.42,0,0,-4.93043620392473e-11,2.1437366724364e-11,-3.51422356252478e-12,1.52797500499827e-12,1.31316728732411e-11,1.22752320909611e-11,-0,-6.46234853557053e-27,0,-1.13396395569973e-10,0,0
116.44,0,0,-4.88774734916025e-11,2.12517570500224e-11,-3.48379655023959e-12,1.51474539763018e-12,1.30179758361632e-11,1.21689503150996e-11,-0,-6.46234853557053e-27,0,-1.12414583401693e-10,0,0
116.46,0,0,-4.84542810436369e-11,2.10677544272824e-11,-3.45363298298989e-12,1.50163033543965e-12,1.29052632141716e-11,1.20635887512364e-11,-0,-6.46234853557053e-27,0,-1.114412719898e-10,0,0
116.48,0,0,-4.80347526936626e-11,2.08853449419157e-11,-3.42373057980388e-12,1.48862882668629e-12,1.27935264839671e-11,1.19591394319584e-11,-0,-1.29246970711411e-26,0,-1.10476387732782e-10,0,0
116.5,0,0,-4.76188567170695e-11,2.0704514800167e-11,-3.39408707945863e-12,1.47573988821569e-12,1.26827571960478e-11,1.18555944588378e-11,-0,-1.29246970711411e-26,0,-1.09519857666385e-10,0,0
116.52,0,0,-4.72065616639267e-11,2.05252503277102e-11,-3.36470024030903e-12,1.46296254538516e-12,1.25729469740698e-11,1.17529460018338e-11,-0,-1.29246970711411e-26,0,-1.08571609458095e-10,0,0
116.54,0,0,-4.67978363566041e-11,2.03475379686149e-11,-3.33556784011832e-12,1.45029583199e-12,1.24640875142133e-11,1.16511862986983e-11,-0,-6.46234853557053e-27,0,-1.07631571401673e-10,0,0
116.56,0,0,-4.6392649887415e-11,2.01713642843213e-11,-3.30668767589009e-12,1.43773879019047e-12,1.23561705845557e-11,1.15503076543941e-11,-0,-6.46234853557053e-27,0,-1.06699672411726e-10,0,0
116.58,0,0,-4.59909716162783e-11,1.99967159526234e-11,-3.27805756370164e-12,1.42529047043939e-12,1.22491880244482e-11,1.14503024405065e-11,-0,-6.46234853557053e-27,0,-1.05775842018337e-10,0,0
116.6,0,0,-4.55927711684023e-11,1.98235797666623e-11,-3.24967533853891e-12,1.41294993141034e-12,1.2143131743899e-11,1.13511630946699e-11,-0,-6.46234853557053e-27,0,-1.04860010361733e-10,0,0
116.62,0,0,-4.51980184319869e-11,1.96519426339271e-11,-3.22153885413276e-12,1.4007162399265e-12,1.20379937229618e-11,1.12528821199974e-11,-0,-6.46234853557053e-27,0,-1.03952108187003e-10,0,0
116.64,0,0,-4.48066835559474e-11,1.9481791575265e-11,-3.19364598279667e-12,1.3885884708901e-12,1.19337660111289e-11,1.11554520845114e-11,-0,-6.46234853557053e-27,0,-1.03052066838862e-10,0,0
116.66,0,0,-4.44187369476565e-11,1.93131137238995e-11,-3.16599461526586e-12,1.37656570721249e-12,1.18304407267301e-11,1.10588656205793e-11,-0,-6.46234853557053e-27,0,-1.02159818256457e-10,0,0
116.68,0,0,-4.40341492707069e-11,1.9145896324458e-11,-3.13858266053783e-12,1.36464703974483e-12,1.17280100563368e-11,1.09631154243635e-11,-0,-3.23117426778526e-27,0,-1.01275294968222e-10,0,0
116.7,0,0,-4.36528914426927e-11,1.89801267320067e-11,-3.11140804571421e-12,1.35283156720931e-12,1.16264662541709e-11,1.08681942552632e-11,-0,0,0,-1.00398430086776e-10,0,0
116.72,0,0,-4.32749346330102e-11,1.88157924110948e-11,-3.08446871584406e-12,1.34111839613102e-12,1.15258016415195e-11,1.07740949353693e-11,-0,-3.23117426778526e-27,0,-9.95291573038646e-11,0,0
116.74,0,0,-4.29002502606781e-11,1.86528809348061e-11,-3.05776263376846e-12,1.32950664077046e-12,1.14260086061537e-11,1.06808103489183e-11,-0,-3.23117426778526e-27,0,-9.86674108853448e-11,0,0
116.76,0,0,-4.25288099921755e-11,1.84913799838198e-11,-3.0312877799665e-12,1.3179954230565e-12,1.13270796017536e-11,1.05883334417585e-11,-0,-3.23117426778526e-27,0,-9.78131256662155e-11,0,0
116.78,0,0,-4.21605857393e-11,1.83312773454786e-11,-3.00504215240256e-12,1.30658387252008e-12,1.12290071473368e-11,1.0496657220817e-11,-0,-3.23117426778526e-27,0,-9.69662370456893e-11,0,0
116.8,0,0,-4.17955496570433e-11,1.81725609128652e-11,-2.97902376637491e-12,1.29527112622832e-12,1.11317838266934e-11,1.04057747535645e-11,-0,-3.23117426778526e-27,0,-9.61266809823073e-11,0,0
116.82,0,0,-4.14336741414858e-11,1.8015218683887e-11,-2.95323065436567e-12,1.28405632871933e-12,1.1035402287825e-11,1.03156791674977e-11,-0,0,0,-9.52943939890963e-11,0,0
116.84,0,0,-4.10749318277089e-11,1.78592387603682e-11,-2.92766086589205e-12,1.27293863193754e-12,1.09398552423883e-11,1.02263636496176e-11,-0,-3.23117426778526e-27,0,-9.44693131287682e-11,0,0
116.86,0,0,-4.07192955877261e-11,1.77046093471502e-11,-2.90231246735881e-12,1.26191719516955e-12,1.08451354651449e-11,1.01378214459128e-11,-0,-3.23117426778526e-27,0,-9.36513760089603e-11,0,0
116.88,0,0,-4.0366738528431e-11,1.75513187511998e-11,-2.8771835419121e-12,1.25099118498063e-12,1.07512357934139e-11,1.0050045860849e-11,-0,0,0,-9.28405207775178e-11,0,0
116.9,0,0,-4.00172339895642e-11,1.73993553807246e-11,-2.85227218929451e-12,1.24015977515163e-12,1.06581491265307e-11,9.96303025686569e-12,-0,0,0,-9.20366861178157e-11,0,0
116.92,0,0,-3.96707555416972e-11,1.7248707744297e-11,-2.82757652570136e-12,1.22942214661661e-12,1.05658684253103e-11,9.87676805387017e-12,-0,3.23117426778526e-27,0,-9.12398112441229e-11,0,0
116.94,0,0,-3.93272769842333e-11,1.70993644499846e-11,-2.8030946836383e-12,1.21877748740083e-12,1.04743867115146e-11,9.7912527287436e-12,-0,3.23117426778526e-27,0,-9.04498358970051e-11,0,0
116.96,0,0,-3.89867723434269e-11,1.69513142044891e-11,-2.77882481178006e-12,1.20822499255942e-12,1.03836970673247e-11,9.70647781484382e-12,-0,3.23117426778526e-27,0,-8.9666700338768e-11,0,0
116.98,0,0,-3.86492158704191e-11,1.68045458122923e-11,-2.75476507483046e-12,1.19776386411651e-12,1.02937926348183e-11,9.62243690152026e-12,-0,0,0,-8.88903453489404e-11,0,0
117,0,0,-3.83145820392907e-11,1.66590481748094e-11,-2.73091365338368e-12,1.1873933110049e-12,1.02046666154503e-11,9.53912363362573e-12,-0,3.23117426778526e-27,0,-8.81207122197954e-11,0,0
117.02,0,0,-3.79828455451318e-11,1.65148102895498e-11,-2.70726874378663e-12,1.17711254900626e-12,1.01163122695393e-11,9.45653171103909e-12,-0,3.23117426778526e-27,0,-8.73577427519112e-11,0,0
117.04,0,0,-3.76539813021281e-11,1.6371821249285e-11,-2.68382855800262e-12,1.16692080069183e-12,1.00287229157577e-11,9.37465488818529e-12,-0,0,0,-8.66013792497703e-11,0,0
117.06,0,0,-3.73279644416646e-11,1.62300702412239e-11,-2.66059132347611e-12,1.15681729536364e-12,9.94189193062659e-12,9.29348697356759e-12,-0,0,0,-8.5851564517396e-11,0,0
117.08,0,0,-3.70047703104441e-11,1.6089546546195e-11,-2.63755528299869e-12,1.14680126899628e-12,9.8558127480147e-12,9.2130218292941e-12,-0,3.23117426778526e-27,0,-8.51082418540278e-11,0,0
117.1,0,0,-3.66843744686236e-11,1.59502395378361e-11,-2.61471869457625e-12,1.13687196417907e-12,9.77047885864187e-12,9.13325337061883e-12,-0,0,0,-8.43713550498336e-11,0,0
117.12,0,0,-3.63667526879661e-11,1.58121386817903e-11,-2.59207983129718e-12,1.12702863005889e-12,9.68588380958712e-12,9.05417556547568e-12,-0,3.23117426778526e-27,0,-8.36408483816588e-11,0,0
117.14,0,0,-3.60518809500081e-11,1.56752335349099e-11,-2.56963698120186e-12,1.11727052228332e-12,9.60202120380014e-12,8.9757824340287e-12,-0,6.46234853557053e-27,0,-8.2916666608813e-11,0,0
117.16,0,0,-3.57397354442435e-11,1.55395137444662e-11,-2.54738844715316e-12,1.10759690294442e-12,9.51888469961822e-12,8.89806804821685e-12,-0,3.23117426778526e-27,0,-8.21987549688922e-11,0,0
117.18,0,0,-3.54302925663234e-11,1.54049690473671e-11,-2.52533254670816e-12,1.09800704052293e-12,9.43646801028616e-12,8.82102653130335e-12,-0,0,0,-8.14870591736383e-11,0,0
117.2,0,0,-3.51235289162705e-11,1.52715892693805e-11,-2.50346761199087e-12,1.08850020983298e-12,9.35476490348102e-12,8.74465205743402e-12,-0,-3.23117426778526e-27,0,-8.07815254048332e-11,0,0
117.22,0,0,-3.48194212967104e-11,1.51393643243655e-11,-2.48179198956616e-12,1.07907569196722e-12,9.27376920084081e-12,8.66893885119889e-12,-0,0,0,-8.00821003102296e-11,0,0
117.24,0,0,-3.45179467111165e-11,1.50082842135092e-11,-2.46030404031469e-12,1.0697327742425e-12,9.19347477749738e-12,8.59388118719036e-12,-0,0,0,-7.93887309995161e-11,0,0
117.26,0,0,-3.42190823620718e-11,1.48783390245708e-11,-2.43900213930901e-12,1.06047075014598e-12,9.11387556161323e-12,8.51947338957409e-12,-0,0,0,-7.87013650403181e-11,0,0
117.28,0,0,-3.39228056495445e-11,1.47495189311319e-11,-2.41788467569068e-12,1.05128891928174e-12,9.03496553392224e-12,8.44570983165772e-12,-0,3.23117426778526e-27,0,-7.80199504542323e-11,0,0
117.3,0,0,-3.36290941691792e-11,1.46218141918539e-11,-2.39695005254843e-12,1.04218658731777e-12,8.95673872727453e-12,8.37258493546642e-12,-0,6.46234853557053e-27,0,-7.73444357128968e-11,0,0
117.32,0,0,-3.33379257106025e-11,1.44952151497407e-11,-2.37619668679743e-12,1.03316306593354e-12,8.87918922618535e-12,8.30009317132129e-12,-0,3.23117426778526e-27,0,-7.66747697340939e-11,0,0
117.34,0,0,-3.30492782557439e-11,1.43697122314088e-11,-2.35562300905959e-12,1.0242176727679e-12,8.80231116638764e-12,8.22822905742084e-12,-0,3.23117426778526e-27,0,-7.60109018778876e-11,0,0
117.36,0,0,-3.27631299771701e-11,1.42452959463634e-11,-2.33522746354488e-12,1.01534973136754e-12,8.72609873438874e-12,8.15698715942428e-12,-0,3.23117426778526e-27,0,-7.53527819427943e-11,0,0
117.38,0,0,-3.24794592364351e-11,1.41219568862806e-11,-2.31500850793367e-12,1.00655857113582e-12,8.6505461670304e-12,8.08636209004541e-12,-0,3.23117426778526e-27,0,-7.47003601619864e-11,0,0
117.4,0,0,-3.21982445824433e-11,1.39996857242959e-11,-2.29496461326014e-12,9.97843527282098e-13,8.57564775105322e-12,8.01634850864015e-12,-0,6.46234853557053e-27,0,-7.40535871995289e-11,0,0
117.42,0,0,-3.1919464749828e-11,1.38784732142991e-11,-2.27509426379662e-12,9.89203940771407e-13,8.5013978226647e-12,7.94694112080653e-12,-0,6.46234853557053e-27,0,-7.34124141466489e-11,0,0
117.44,0,0,-3.16430986573428e-11,1.3758310190235e-11,-2.25539595693901e-12,9.80639158274689e-13,8.42779076711062e-12,7.87813467798251e-12,-0,3.23117426778526e-27,0,-7.27767925180368e-11,0,0
117.46,0,0,-3.13691254062676e-11,1.36391875654102e-11,-2.23586820309315e-12,9.72148532119372e-13,8.35482101825088e-12,7.80992397704864e-12,-0,3.23117426778526e-27,0,-7.21466742481801e-11,0,0
117.48,0,0,-3.10975242788284e-11,1.3521096331806e-11,-2.21650952556216e-12,9.63731420240406e-13,8.28248305813823e-12,7.74230385993671e-12,-0,0,0,-7.15220116877286e-11,0,0
117.5,0,0,-3.08282747366305e-11,1.34040275593975e-11,-2.19731846043481e-12,9.55387186131724e-13,8.21077141660129e-12,7.67526921323642e-12,-0,0,0,-7.09027575998912e-11,0,0
117.52,0,0,-3.05613564191053e-11,1.32879723954778e-11,-2.17829355647478e-12,9.47115198798111e-13,8.13968067083049e-12,7.60881496781114e-12,-0,0,0,-7.02888651568639e-11,0,0
117.54,0,0,-3.02967491419709e-11,1.31729220639888e-11,-2.15943337501095e-12,9.38914832707496e-13,8.06920544496837e-12,7.54293609841583e-12,-0,0,0,-6.96802879362886e-11,0,0
117.56,0,0,-3.00344328957054e-11,1.30588678648578e-11,-2.14073648982863e-12,9.30785467743662e-13,7.99934040970301e-12,7.47762762331214e-12,-0,0,0,-6.90769799177426e-11,0,0
117.58,0,0,-2.97743878440342e-11,1.29458011733391e-11,-2.12220148706165e-12,9.2272648915936e-13,7.93008028186476e-12,7.41288460389823e-12,-0,0,0,-6.84788954792589e-11,0,0
117.6,0,0,-2.95165943224296e-11,1.28337134393625e-11,-2.1038269650855e-12,9.14737287529825e-13,7.86141982402711e-12,7.34870214432917e-12,-0,0,0,-6.78859893938758e-11,0,0
117.62,0,0,-2.9261032836624e-11,1.27225961868858e-11,-2.08561153441133e-12,9.06817258706705e-13,7.79335384411035e-12,7.28507539115005e-12,-0,0,0,-6.72982168262173e-11,0,0
117.64,0,0,-2.90076840611357e-11,1.26124410132548e-11,-2.06755381758087e-12,8.98965803772381e-13,7.72587719498901e-12,7.22199953292884e-12,-0,0,0,-6.67155333291021e-11,0,0
117.66,0,0,-2.87565288378077e-11,1.25032395885672e-11,-2.04965244906226e-12,8.91182328994681e-13,7.65898477410274e-12,7.15946979989152e-12,-0,0,0,-6.61378948401833e-11,0,0
117.68,0,0,-2.85075481743585e-11,1.23949836550431e-11,-2.03190607514682e-12,8.83466245781993e-13,7.59267152307024e-12,7.09748146356304e-12,-0,3.23117426778526e-27,0,-6.55652576786157e-11,0,0
117.7,0,0,-2.82607232429463e-11,1.22876650264003e-11,-2.01431335384667e-12,8.75816970638758e-13,7.52693242730701e-12,7.03602983640647e-12,-0,3.23117426778526e-27,0,-6.4997578541753e-11,0,0
117.72,0,0,-2.80160353787452e-11,1.21812755872355e-11,-1.99687295479323e-12,8.68233925121357e-13,7.46176251564592e-12,6.97511027147326e-12,-0,3.23117426778526e-27,0,-6.44348145018733e-11,0,0
117.74,0,0,-2.77734660785335e-11,1.20758072924102e-11,-1.97958355913665e-12,8.60716535794374e-13,7.39715685996144e-12,6.91471816204589e-12,-0,3.23117426778526e-27,0,-6.38769230029327e-11,0,0
117.76,0,0,-2.75329969992949e-11,1.1971252166443e-11,-1.96244385944607e-12,8.53264234187238e-13,7.3331105747969e-12,6.85484894129698e-12,-0,3.23117426778526e-27,0,-6.33238618573474e-11,0,0
117.78,0,0,-2.72946099568311e-11,1.18676023029057e-11,-1.94545255961074e-12,8.45876456751245e-13,7.26961881699501e-12,6.79549808193591e-12,-0,6.46234853557053e-27,0,-6.27755892428036e-11,0,0
117.8,0,0,-2.70582869243869e-11,1.17648498638261e-11,-1.92860837474204e-12,8.38552644816941e-13,7.20667678533171e-12,6.73666109587356e-12,-0,6.46234853557053e-27,0,-6.22320636990945e-11,0,0
117.82,0,0,-2.68240100312866e-11,1.16629870790948e-11,-1.91191003107628e-12,8.31292244551888e-13,7.14427972015311e-12,6.67833353387736e-12,-0,3.23117426778526e-27,0,-6.16932441249855e-11,0,0
117.84,0,0,-2.65917615615835e-11,1.15620062458781e-11,-1.8953562658784e-12,8.24094706918787e-13,7.08242290301555e-12,6.62051098523851e-12,-0,6.46234853557053e-27,0,-6.11590897751059e-11,0,0
117.86,0,0,-2.63615239527193e-11,1.14618997280349e-11,-1.8789458273465e-12,8.16959487633966e-13,7.02110165632859e-12,6.56318907743701e-12,-0,6.46234853557053e-27,0,-6.0629560256868e-11,0,0
117.88,0,0,-2.61332797941964e-11,1.13626599555399e-11,-1.86267747451714e-12,8.09886047126221e-13,6.96031134300159e-12,6.50636347581089e-12,-0,3.23117426778526e-27,0,-6.01046155274123e-11,0,0
117.9,0,0,-2.59070118262615e-11,1.12642794239107e-11,-1.84654997717152e-12,8.02873850496026e-13,6.90004736609295e-12,6.45002988322826e-12,-0,3.23117426778526e-27,0,-5.95842158905797e-11,0,0
117.92,0,0,-2.56827029386002e-11,1.11667506936405e-11,-1.83056211574246e-12,7.95922367475085e-13,6.84030516846239e-12,6.39418403976374e-12,-0,3.23117426778526e-27,0,-5.90683219939094e-11,0,0
117.94,0,0,-2.54603361690431e-11,1.10700663896356e-11,-1.81471268122217e-12,7.89031072386236e-13,6.78108023242643e-12,6.33882172237539e-12,-0,3.23117426778526e-27,0,-5.85568948256636e-11,0,0
117.96,0,0,-2.52398947022832e-11,1.09742192006575e-11,-1.79900047507082e-12,7.8219944410371e-13,6.72236807941683e-12,6.28393874458343e-12,-0,6.46234853557053e-27,0,-5.80498957118769e-11,0,0
117.98,0,0,-2.50213618686045e-11,1.08792018787701e-11,-1.7834243091259e-12,7.75426966013722e-13,6.66416426964166e-12,6.22953095615863e-12,-0,6.46234853557053e-27,0,-5.75472863134322e-11,0,0
118,0,0,-2.48047211426211e-11,1.07850072387917e-11,-1.7679830055124e-12,7.68713125975412e-13,6.60646440174993e-12,6.17559424280259e-12,-0,6.46234853557053e-27,0,-5.70490286231613e-11,0,0
118.02,0,0,-2.45899561420277e-11,1.06916281577515e-11,-1.75267539655371e-12,7.6205741628212e-13,6.54926411249844e-12,6.12212452584148e-12,-0,3.23117426778526e-27,0,-5.65550849629706e-11,0,0
118.04,0,0,-2.43770506263608e-11,1.05990575743511e-11,-1.73750032468332e-12,7.55459333622999e-13,6.49255907642201e-12,6.06911776191434e-12,-0,3.23117426778526e-27,0,-5.60654179809924e-11,0,0
118.06,0,0,-2.41659884957709e-11,1.05072884884306e-11,-1.72245664235732e-12,7.48918379044954e-13,6.43634500550635e-12,6.01656994266922e-12,-0,3.23117426778526e-27,0,-5.55799906487601e-11,0,0
118.08,0,0,-2.39567537898043e-11,1.0416313960439e-11,-1.70754321196759e-12,7.42434057914923e-13,6.38061764886379e-12,5.96447709445897e-12,-0,3.23117426778526e-27,0,-5.50987662584079e-11,0,0
118.1,0,0,-2.37493306861968e-11,1.03261271109095e-11,-1.69275890575578e-12,7.36005879882468e-13,6.32537279241179e-12,5.91283527804163e-12,-0,3.23117426778526e-27,0,-5.46217084198953e-11,0,0
118.12,0,0,-2.35437034996771e-11,1.02367211199395e-11,-1.67810260572802e-12,7.29633358842705e-13,6.27060625855435e-12,5.86164058828114e-12,-0,3.23117426778526e-27,0,-5.41487810582552e-11,0,0
118.14,0,0,-2.33398566807805e-11,1.01480892266746e-11,-1.66357320357042e-12,7.23316012899542e-13,6.21631390586603e-12,5.81088915385444e-12,-0,3.23117426778526e-27,0,-5.36799484108659e-11,0,0
118.16,0,0,-2.31377748146733e-11,1.00602247287975e-11,-1.6491696005652e-12,7.17053364329246e-13,6.16249162877883e-12,5.76057713695616e-12,-0,3.23117426778526e-27,0,-5.32151750247465e-11,0,0
118.18,0,0,-2.29374426199867e-11,9.97312098202125e-12,-1.63489070750764e-12,7.10844939544321e-13,6.1091353572717e-12,5.71070073300969e-12,-0,3.23117426778526e-27,0,-5.27544257538766e-11,0,0
118.2,0,0,-2.2738844947662e-11,9.88677139958646e-12,-1.6207354446237e-12,7.04690269057692e-13,6.05624105656273e-12,5.66125617037997e-12,-0,0,0,-5.22976657565378e-11,0,0
118.22,0,0,-2.25419667798041e-11,9.80116945176362e-12,-1.6067027414884e-12,6.98588887447214e-13,6.00380472680412e-12,5.61223971008711e-12,-0,-3.23117426778526e-27,0,-5.18448604926796e-11,0,0
118.24,0,0,-2.23467932285466e-11,9.7163086653591e-12,-1.59279153694482e-12,6.92540333320471e-13,5.95182240277967e-12,5.56364764552401e-12,-0,0,0,-5.13959757213069e-11,0,0
118.26,0,0,-2.21533095349256e-11,9.63218262322569e-12,-1.57900077902388e-12,6.86544149279898e-13,5.90029015360489e-12,5.51547630217592e-12,-0,0,0,-5.09509774978914e-11,0,0
118.28,0,0,-2.19615010677637e-11,9.54878496377737e-12,-1.56532942486482e-12,6.80599881888182e-13,5.8492040824298e-12,5.46772203734449e-12,-0,0,0,-5.05098321718042e-11,0,0
118.3,0,0,-2.17713533225637e-11,9.46610938050819e-12,-1.55177644063628e-12,6.7470708163399e-13,5.79856032614428e-12,5.42038123986831e-12,-0,-1.61558713389263e-27,0,-5.00725063837712e-11,0,0
118.32,0,0,-2.15828519204117e-11,9.38414962151545e-12,-1.53834080145816e-12,6.68865302897969e-13,5.7483550550859e-12,5.37345032985491e-12,-0,-1.61558713389263e-27,0,-4.96389670633508e-11,0,0
118.34,0,0,-2.13959826068897e-11,9.30289948902683e-12,-1.52502149132411e-12,6.63074103919057e-13,5.69858447275024e-12,5.32692575840436e-12,-0,0,0,-4.92091814264328e-11,0,0
118.36,0,0,-2.12107312509977e-11,9.22235283893183e-12,-1.51181750302471e-12,6.57333046761072e-13,5.64924481550396e-12,5.28080400734674e-12,-0,0,0,-4.87831169727593e-11,0,0
118.38,0,0,-2.10270838440853e-11,9.14250358031707e-12,-1.49872783807126e-12,6.51641697279605e-13,5.60033235230016e-12,5.2350815889715e-12,-0,0,0,-4.83607414834673e-11,0,0
118.4,0,0,-2.08450264987922e-11,9.06334567500572e-12,-1.48575150662033e-12,6.45999625089191e-13,5.55184338439606e-12,5.18975504576543e-12,-0,1.61558713389263e-27,0,-4.79420230186522e-11,0,0
118.42,0,0,-2.0664545447998e-11,8.98487313710091e-12,-1.47288752739887e-12,6.40406403530759e-13,5.50377424507354e-12,5.14482095015254e-12,-0,1.61558713389263e-27,0,-4.75269299149522e-11,0,0
118.44,0,0,-2.04856270437812e-11,8.90708003253306e-12,-1.46013492763003e-12,6.34861609639377e-13,5.45612129936175e-12,5.10027590423223e-12,-0,3.23117426778526e-27,0,-4.71154307831543e-11,0,0
118.46,0,0,-2.03082577563874e-11,8.82996047861116e-12,-1.44749274295956e-12,6.29364824112263e-13,5.40888094376216e-12,5.05611653952463e-12,-0,1.61558713389263e-27,0,-4.67074945058208e-11,0,0
118.48,0,0,-2.01324241732057e-11,8.7535086435779e-12,-1.43496001738293e-12,6.23915631277084e-13,5.36204960597628e-12,5.01233951671425e-12,-0,1.61558713389263e-27,0,-4.63030902349356e-11,0,0
118.5,0,0,-1.99581129977548e-11,8.67771874616871e-12,-1.42253580317301e-12,6.18513619060522e-13,5.31562374463528e-12,4.96894152539834e-12,-0,0,0,-4.59021873895719e-11,0,0
118.52,0,0,-1.97853110486772e-11,8.60258505517454e-12,-1.4102191608084e-12,6.13158378957113e-13,5.26959984903235e-12,4.92591928383685e-12,-0,0,0,-4.55047556535799e-11,0,0
118.54,0,0,-1.9614005258743e-11,8.5281018890085e-12,-1.39800915890239e-12,6.07849505998361e-13,5.22397443885712e-12,4.8832695387034e-12,-0,-1.61558713389263e-27,0,-4.51107649732937e-11,0,0
118.56,0,0,-1.94441826738612e-11,8.4542636152762e-12,-1.38590487413252e-12,6.02586598722111e-13,5.17874406393268e-12,4.84098906483866e-12,-0,0,0,-4.47201855552591e-11,0,0
118.58,0,0,-1.92758304521002e-11,8.38106465034984e-12,-1.37390539117078e-12,5.97369259142195e-13,5.13390530395431e-12,4.79907466500933e-12,-0,0,0,-4.43329878639805e-11,0,0
118.6,0,0,-1.91089358627171e-11,8.30849945894598e-12,-1.36200980261436e-12,5.92197092718335e-13,5.08945476823126e-12,4.75752316966307e-12,-0,0,0,-4.39491426196874e-11,0,0
118.62,0,0,-1.89434862851945e-11,8.23656255370696e-12,-1.35021720891706e-12,5.8706970832631e-13,5.04538909543003e-12,4.71633143669138e-12,-0,0,0,-4.35686207961203e-11,0,0
118.64,0,0,-1.87794692082863e-11,8.16524849478591e-12,-1.33852671832122e-12,5.81986718228382e-13,5.00170495332034e-12,4.67549635118968e-12,-0,0,0,-4.31913936183359e-11,0,0
118.66,0,0,-1.8616872229072e-11,8.09455188943547e-12,-1.32693744679036e-12,5.76947738043974e-13,4.95839903852318e-12,4.6350148252237e-12,-0,0,0,-4.28174325605308e-11,0,0
118.68,0,0,-1.8455683052018e-11,8.02446739159992e-12,-1.31544851794223e-12,5.71952386720605e-13,4.91546807626083e-12,4.59488379759464e-12,-0,1.61558713389263e-27,0,-4.24467093438847e-11,0,0
118.7,0,0,-1.82958894880486e-11,7.95498970151094e-12,-1.30405906298264e-12,5.67000286505075e-13,4.87290882010934e-12,4.55510023360862e-12,-0,0,0,-4.20791959344218e-11,0,0
118.72,0,0,-1.81374794536238e-11,7.88611356528686e-12,-1.29276822063967e-12,5.62091062914898e-13,4.83071805175311e-12,4.5156611248472e-12,-0,0,0,-4.17148645408909e-11,0,0
118.74,0,0,-1.79804409698258e-11,7.8178337745353e-12,-1.2815751370986e-12,5.57224344709989e-13,4.78889258074143e-12,4.47656348893812e-12,-0,0,0,-4.13536876126639e-11,0,0
118.76,0,0,-1.78247621614529e-11,7.75014516595941e-12,-1.27047896593732e-12,5.52399763864591e-13,4.74742924424717e-12,4.43780436933298e-12,-0,0,0,-4.09956378376524e-11,0,0
118.78,0,0,-1.76704312561216e-11,7.68304262096732e-12,-1.25947886806231e-12,5.47616955539439e-13,4.70632490682768e-12,4.39938083508026e-12,-0,1.61558713389263e-27,0,-4.06406881402423e-11,0,0
118.8,0,0,-1.75174365833766e-11,7.61652106528516e-12,-1.24857401164522e-12,5.42875558054177e-13,4.6655764601877e-12,4.3612899806065e-12,-0,0,0,-4.02888116792466e-11,0,0
118.82,0,0,-1.7365766573808e-11,7.55057546857328e-12,-1.23776357205994e-12,5.38175212860007e-13,4.62518082294427e-12,4.32352892549415e-12,-0,0,0,-3.99399818458753e-11,0,0
118.84,0,0,-1.72154097581765e-11,7.4852008440459e-12,-1.22704673182023e-12,5.33515564512576e-13,4.58513494039376e-12,4.28609481426659e-12,-0,0,0,-3.95941722617235e-11,0,0
118.86,0,0,-1.70663547665462e-11,7.42039224809398e-12,-1.21642268051794e-12,5.28896260645096e-13,4.54543578428081e-12,4.24898481616844e-12,-0,0,0,-3.92513567767765e-11,0,0
118.88,0,0,-1.69185903274247e-11,7.3561447799114e-12,-1.20589061476168e-12,5.243169519417e-13,4.50608035256941e-12,4.21219612495577e-12,-0,0,0,-3.89115094674327e-11,0,0
118.9,0,0,-1.67721052669106e-11,7.29245358112437e-12,-1.19544973811612e-12,5.19777292111026e-13,4.46706566921583e-12,4.17572595867987e-12,-0,1.61558713389263e-27,0,-3.85746046345428e-11,0,0
118.92,0,0,-1.66268885078491e-11,7.22931383542403e-12,-1.1850992610417e-12,5.15276937860032e-13,4.42838878394359e-12,4.13957155948027e-12,-0,0,0,-3.82406168014668e-11,0,0
118.94,0,0,-1.64829290689935e-11,7.16672076820223e-12,-1.17483840083497e-12,5.10815548868033e-13,4.39004677202039e-12,4.10373019337379e-12,-0,0,0,-3.79095207121472e-11,0,0
118.96,0,0,-1.63402160641758e-11,7.10466964619051e-12,-1.16466638156938e-12,5.06392787760973e-13,4.35203673403694e-12,4.06819915004929e-12,-0,0,0,-3.75812913291994e-11,0,0
118.98,0,0,-1.61987387014824e-11,7.04315577710214e-12,-1.1545824340366e-12,5.02008320085905e-13,4.31435579568762e-12,4.03297574266158e-12,-0,-1.61558713389263e-27,0,-3.72559038320181e-11,0,0
119,0,0,-1.60584862824391e-11,6.98217450927728e-12,-1.14458579568838e-12,4.97661814285707e-13,4.27700110755325e-12,3.99805730762825e-12,-0,-1.61558713389263e-27,0,-3.69333336149008e-11,0,0
119.02,0,0,-1.59194482012011e-11,6.92172123133128e-12,-1.13467571057884e-12,4.93352941674001e-13,4.2399698448855e-12,3.96344120443012e-12,-0,-1.61558713389263e-27,0,-3.66135562851864e-11,0,0
119.04,0,0,-1.57816139437518e-11,6.8617913718059e-12,-1.12485142930734e-12,4.89081376410305e-13,4.20325920739337e-12,3.92912481540966e-12,-0,-1.61558713389263e-27,0,-3.62965476614116e-11,0,0
119.06,0,0,-1.56449730871071e-11,6.80238039882367e-12,-1.1151122089618e-12,4.84846795475389e-13,4.1668664190314e-12,3.89510554557299e-12,-0,-1.61558713389263e-27,0,-3.59822837714814e-11,0,0
119.08,0,0,-1.55095152985278e-11,6.74348381974516e-12,-1.1054573130625e-12,4.80648878646849e-13,4.13078872778974e-12,3.86138082239495e-12,-0,0,0,-3.56707408508568e-11,0,0
119.1,0,0,-1.53752303347377e-11,6.68509718082924e-12,-1.09588601150641e-12,4.76487308474889e-13,4.09502340548606e-12,3.82794809562446e-12,-0,0,0,-3.53618953407578e-11,0,0
119.12,0,0,-1.52421080411494e-11,6.62721606689634e-12,-1.08639758051198e-12,4.72361770258323e-13,4.05956774755934e-12,3.79480483708941e-12,-0,0,0,-3.50557238863817e-11,0,0
119.14,0,0,-1.51101383510962e-11,6.56983610099451e-12,-1.07699130256439e-12,4.6827195202077e-13,4.02441907286511e-12,3.76194854050871e-12,-0,0,0,-3.47522033351369e-11,0,0
119.16,0,0,-1.49793112850708e-11,6.51295294406849e-12,-1.06766646636129e-12,4.64217544487064e-13,3.98957472347295e-12,3.72937672129993e-12,-0,0,0,-3.44513107348925e-11,0,0
119.18,0,0,-1.48496169499709e-11,6.45656229463155e-12,-1.05842236675901e-12,4.60198241059869e-13,3.95503206446532e-12,3.69708691639342e-12,-0,1.61558713389263e-27,0,-3.41530233322423e-11,0,0
119.2,0,0,-1.47210455383511e-11,6.40065988844023e-12,-1.04925830471927e-12,4.56213737796486e-13,3.92078848373834e-12,3.66507668404574e-12,-0,1.61558713389263e-27,0,-3.38573185707845e-11,0,0
119.22,0,0,-1.45935873276809e-11,6.3452414981719e-12,-1.04017358725626e-12,4.52263733385874e-13,3.88684139180444e-12,3.63334360365397e-12,-0,1.61558713389263e-27,0,-3.35641740894156e-11,0,0
119.24,0,0,-1.44672326796098e-11,6.29030293310506e-12,-1.03116752738427e-12,4.48347929125867e-13,3.85318822159636e-12,3.60188527557389e-12,-0,1.61558713389263e-27,0,-3.32735677206398e-11,0,0
119.26,0,0,-1.43419720392384e-11,6.23584003880244e-12,-1.02223944406576e-12,4.44466028900582e-13,3.81982642827307e-12,3.57069932093658e-12,-0,3.23117426778526e-27,0,-3.29854774888927e-11,0,0
119.28,0,0,-1.42177959343957e-11,6.18184869679685e-12,-1.01338866215978e-12,4.40617739158025e-13,3.78675348902732e-12,3.53978338147187e-12,-0,1.61558713389263e-27,0,-3.26998816088792e-11,0,0
119.3,0,0,-1.4094694974923e-11,6.12832482427977e-12,-1.00461451237102e-12,4.36802768887896e-13,3.75396690289491e-12,3.5091351193262e-12,-0,1.61558713389263e-27,0,-3.24167584839264e-11,0,0
119.32,0,0,-1.39726598519638e-11,6.07526437379256e-12,-9.95916331199117e-13,4.3302082959958e-13,3.72146419056556e-12,3.47875221688895e-12,-0,1.61558713389263e-27,0,-3.21360867043505e-11,0,0
119.34,0,0,-1.38516813372599e-11,6.02266333292043e-12,-9.87293460888496e-13,4.2927163530033e-13,3.68924289419539e-12,3.44863237661516e-12,-0,1.61558713389263e-27,0,-3.18578450458374e-11,0,0
119.36,0,0,-1.37317502824533e-11,5.97051772398898e-12,-9.78745249378656e-13,4.25554902473643e-13,3.65730057722108e-12,3.41877332085276e-12,-0,1.61558713389263e-27,0,-3.15820124678383e-11,0,0
119.38,0,0,-1.36128576183947e-11,5.91882360376348e-12,-9.70271050254836e-13,4.21870350057816e-13,3.62563482417564e-12,3.38917279167e-12,-0,3.23117426778526e-27,0,-3.13085681119781e-11,0,0
119.4,0,0,-1.34949943544575e-11,5.8675770631506e-12,-9.61870222699138e-13,4.18217699424693e-13,3.59424324050567e-12,3.35982855068552e-12,-0,3.23117426778526e-27,0,-3.10374913004785e-11,0,0
119.42,0,0,-1.33781515778583e-11,5.81677422690287e-12,-9.53542131442069e-13,4.14596674358597e-13,3.56312345239044e-12,3.33073837889727e-12,-0,1.61558713389263e-27,0,-3.0768761534594e-11,0,0
119.44,0,0,-1.32623204529822e-11,5.76641125332561e-12,-9.45286146714498e-13,4.11007001035439e-13,3.53227310656223e-12,3.30190007651625e-12,-0,1.61558713389263e-27,0,-3.0502358493062e-11,0,0
119.46,0,0,-1.31474922207154e-11,5.7164843339864e-12,-9.37101644200032e-13,4.0744840800201e-13,3.50168987012841e-12,3.27331146279973e-12,-0,3.23117426778526e-27,0,-3.02382620305663e-11,0,0
119.48,0,0,-1.30336581977824e-11,5.66698969342714e-12,-9.28988004987805e-13,4.03920626155457e-13,3.47137143039511e-12,3.24497037588668e-12,-0,3.23117426778526e-27,0,-2.99764521762132e-11,0,0
119.5,0,0,-1.29208097760897e-11,5.6179235888785e-12,-9.20944615525675e-13,4.00423388722928e-13,3.44131549469228e-12,3.21687467263353e-12,-0,1.61558713389263e-27,0,-2.97169091320216e-11,0,0
119.52,0,0,-1.28089384220742e-11,5.56928230997692e-12,-9.12970867573826e-13,3.96956431241403e-13,3.41151979020027e-12,3.18902222845261e-12,-0,1.61558713389263e-27,0,-2.94596132714263e-11,0,0
119.54,0,0,-1.2698035676059e-11,5.52106217848403e-12,-9.05066158158767e-13,3.9351949153769e-13,3.38198206377805e-12,3.16141093715134e-12,-0,1.61558713389263e-27,0,-2.92045451377929e-11,0,0
119.56,0,0,-1.25880931516124e-11,5.47325954800849e-12,-8.97229889527743e-13,3.90112309708604e-13,3.35270008179276e-12,3.13403871077317e-12,-0,3.23117426778526e-27,0,-2.89516854429473e-11,0,0
119.58,0,0,-1.24791025349148e-11,5.42587080373027e-12,-8.89461469103523e-13,3.86734628101305e-13,3.32367162995084e-12,3.10690347943967e-12,-0,1.61558713389263e-27,0,-2.87010150657169e-11,0,0
119.6,0,0,-1.23710555841293e-11,5.37889236212729e-12,-8.81760309439593e-13,3.83386191293822e-13,3.29489451313062e-12,3.08000319119359e-12,-0,1.61558713389263e-27,0,-2.84525150504845e-11,0,0
119.62,0,0,-1.2263944128779e-11,5.33232067070441e-12,-8.7412582817573e-13,3.80066746075731e-13,3.26636655521621e-12,3.05333581184376e-12,-0,1.61558713389263e-27,0,-2.8206166605755e-11,0,0
119.64,0,0,-1.21577600691285e-11,5.28615220772484e-12,-8.66557447993967e-13,3.76776041429009e-13,3.23808559893304e-12,3.02689932481218e-12,-0,1.61558713389263e-27,0,-2.79619511027344e-11,0,0
119.66,0,0,-1.20524953755722e-11,5.2403834819438e-12,-8.59054596574927e-13,3.7351382850905e-13,3.2100495056847e-12,3.00069173098022e-12,-0,1.61558713389263e-27,0,-2.77198500739213e-11,0,0
119.68,0,0,-1.19481420880263e-11,5.1950110323445e-12,-8.51616706554551e-13,3.70279860625848e-13,3.18225615539122e-12,2.97471104853871e-12,-0,1.61558713389263e-27,0,-2.74798452117099e-11,0,0
119.7,0,0,-1.18446923153274e-11,5.15003142787645e-12,-8.4424321548119e-13,3.67073893225339e-13,3.15470344632881e-12,2.94895531283665e-12,-0,1.61558713389263e-27,0,-2.72419183670061e-11,0,0
119.72,0,0,-1.17421382346357e-11,5.10544126719596e-12,-8.36933565773069e-13,3.63895683870913e-13,3.1273892949708e-12,2.92342257623406e-12,-0,1.61558713389263e-27,0,-2.70060515478546e-11,0,0
119.74,0,0,-1.16404720908433e-11,5.06123717840901e-12,-8.29687204676124e-13,3.60744992225073e-13,3.10031163583019e-12,2.89811090795348e-12,-0,1.61558713389263e-27,0,-2.67722269180788e-11,0,0
119.76,0,0,-1.15396861959876e-11,5.01741581881616e-12,-8.22503584222203e-13,3.57621580031263e-13,3.07346842130346e-12,2.87301839393532e-12,-0,0,0,-2.65404267959317e-11,0,0
119.78,0,0,-1.14397729286704e-11,4.97397387465988e-12,-8.15382161187625e-13,3.54525211095853e-13,3.04685762151563e-12,2.84814313669163e-12,-0,0,0,-2.63106336527592e-11,0,0
119.8,0,0,-1.13407247334812e-11,4.93090806087388e-12,-8.08322397052101e-13,3.51455651270274e-13,3.02047722416688e-12,2.82348325516372e-12,-0,0,0,-2.60828301116739e-11,0,0
119.82,0,0,-1.12425341204262e-11,4.88821512083478e-12,-8.01323757958012e-13,3.48412668433311e-13,2.99432523438033e-12,2.79903688457911e-12,-0,1.61558713389263e-27,0,-2.58569989462419e-11,0,0
119.84,0,0,-1.11451936643613e-11,4.84589182611574e-12,-7.94385714670033e-13,3.4539603247355e-13,2.96839967455113e-12,2.77480217631164e-12,-0,8.07793566946316e-28,0,-2.56331230791795e-11,0,0
119.86,0,0,-1.10486960044314e-11,4.80393497624244e-12,-7.87507742535117e-13,3.42405515271975e-13,2.94269858419706e-12,2.75077729774027e-12,-0,1.61558713389263e-27,0,-2.54111855810621e-11,0,0
119.88,0,0,-1.09530338435131e-11,4.76234139845097e-12,-7.80689321442818e-13,3.39440890684719e-13,2.91722001981012e-12,2.72696043211173e-12,-0,1.61558713389263e-27,0,-2.51911696690441e-11,0,0
119.9,0,0,-1.08581999476633e-11,4.72110794744795e-12,-7.73929935785955e-13,3.3650193452596e-13,2.89196205470967e-12,2.7033497784022e-12,-0,2.42338070083895e-27,0,-2.49730587055894e-11,0,0
119.92,0,0,-1.0764187145572e-11,4.68023150517269e-12,-7.67229074421628e-13,3.33588424550969e-13,2.86692277889668e-12,2.67994355118164e-12,-0,3.23117426778526e-27,0,-2.47568361972138e-11,0,0
119.94,0,0,-1.06709883280202e-11,4.63970898056136e-12,-7.60586230632558e-13,3.30700140439302e-13,2.84210029890936e-12,2.65673998047927e-12,-0,4.03896783473158e-27,0,-2.45424857932373e-11,0,0
119.96,0,0,-1.0578596447342e-11,4.59953730931331e-12,-7.54000902088774e-13,3.27836863778139e-13,2.81749273767989e-12,2.63373731164799e-12,-0,4.03896783473158e-27,0,-2.43299912845479e-11,0,0
119.98,0,0,-1.04870045168917e-11,4.55971345365929e-12,-7.4747259080962e-13,3.24998378045767e-13,2.79309823439255e-12,2.61093380523373e-12,-0,3.23117426778526e-27,0,-2.41193366023758e-11,0,0
120,0,0,-1.0396205610516e-11,4.52023440213177e-12,-7.41000803126102e-13,3.22184468595207e-13,2.76891494434299e-12,2.58832773684262e-12,-0,4.03896783473158e-27,0,-2.39105058170785e-11,0,0
