Time_s,Target_m,GovernedReference_m,Altitude_m,VerticalSpeed_m_s,Pitch_deg,PitchRate_deg_s,Elevator_deg,RawCommand_deg,Gust_m_s2,EstimatedGust_m_s2,GovernorInfeasible,IntegralError_m_s,SafetyActive,SafetyInfeasible
0,100,1.2984615122528,0,0,0,0,0,0,-0,0,0,0,0,0
0.02,100,1.2984615122528,9.14842989304104e-09,1.80438967304906e-06,1.47999930929667e-06,0.000289274806664528,0.0180792234575747,0.554015155548872,-0,0,0,0.0259692302450559,0,0
0.04,100,1.2984615122528,1.43368948278087e-07,1.42380158719291e-05,2.28615398457625e-05,0.00225836842216256,0.0705629396080481,1.10218380484265,-0,0,0,0.0519384594090446,0,0
0.06,100,1.2984615122528,7.17135313771775e-07,4.73933805809658e-05,0.00011327167856325,0.00743165831941617,0.154669412798936,1.63884293815116,-0,0,0,0.0779076821822598,0,0
0.08,100,1.2984615122528,2.24104510873288e-06,0.000110793009935114,0.000350582977340599,0.0171584200084862,0.267438834730898,2.1585752519249,-0,5.42101086242752e-20,0,0.103876884985274,0,0
0.1,100,1.2984615122528,5.41056963933687e-06,0.000213403955005408,0.000837862980674327,0.0326082496787202,0.405762206905317,2.65625616531041,-0,0,0,0.129846042159448,0,0
0.12,100,1.2984615122528,1.10950684209917e-05,0.000363649801112541,0.00169974847794132,0.0547681223628402,0.56641127468732,3.12709715787309,-0,0,0,0.155815112379711,0,0
0.14,100,1.2984615122528,2.03270215222295e-05,0.000569420496151707,0.00307877734610508,0.0844410914057475,0.746069196006774,3.56668507097399,-0,1.0842021724855e-19,0,0.181784035284801,0,0
0.16,100,1.2984615122528,3.42914392551271e-05,0.000838080308523364,0.00513171071962742,0.122246618601019,0.941361626595691,3.97101706143195,-0,0,0,0.207752728321029,0,0
0.18,100,1.2984615122528,5.4315414892696e-05,0.00117647422290604,0.00802587786077185,0.168622508356803,1.14888790566137,4.33653094447137,-0,0,0,0.233721083796351,0,0
0.2,100,1.2984615122528,8.18577922145803e-05,0.00159093307732708,0.0119355754153123,0.223828403818431,1.36525203094315,4.66013071299542,-0,0,1,0.259688966142214,0,0
0.22,100,1.2984615122528,0.000118498925684066,0.00208727773785764,0.0170385517486437,0.287950788147578,1.58709312009127,4.93920707141492,-0,4.33680868994202e-19,0,0.285656209381079,0,0
0.24,100,1.2984615122528,0.00016593051689574,0.00267082259787301,0.0235126057808904,0.360909420267824,1.81111506610605,5.17165287408242,-0,8.67361737988404e-19,0,0.311622614797965,0,0
0.26,100,1.2984615122528,0.000225945516560177,0.00334637867729494,0.0315323281947916,0.442465121453878,2.03411510802743,5.35587341031019,-0,8.67361737988404e-19,0,0.337587948814584,0,0
0.28,100,1.2984615122528,0.000300428086668271,0.00411825658370225,0.041266011097163,0.532228817274982,2.25301105398798,5.49079152948164,-0,8.67361737988404e-19,0,0.363551941064843,0,0
0.3,100,1.2984615122528,0.000391343622564695,0.00499026958181424,0.0528727501958854,0.629671728697953,2.46486691193492,5.57584765039977,-0,8.67361737988404e-19,0,0.389514282670497,0,0
0.32,100,1.2984615122528,0.000500728839422036,0.00596573700078436,0.066499761333744,0.734136596694908,2.66691670357001,5.61099474827741,-0,3.46944695195361e-18,0,0.415474624715731,0,0
0.34,100,1.2984615122528,0.000630681932012578,0.0070474881901739,0.0822799308236357,0.84484981655394,2.85658625911252,5.59668846020372,-0,3.46944695195361e-18,0,0.441432576919302,0,0
0.36,100,1.2984615122528,0.000783352820695356,0.00823786721559968,0.10032961648353,0.960934351312921,3.03151281411296,5.53387249509248,-0,3.46944695195361e-18,0,0.467387706502639,0,0
0.38,100,1.2984615122528,0.000960933500147825,0.00953873846407058,0.120746713601915,1.08142328836791,3.18956225447178,5.42395957662819,-0,0,0,0.493339537252035,0,0
0.4,100,2.20428997102664,0.00116564851055444,0.0109514933071568,0.143608997303745,1.20527389937418,3.32884388178163,5.26880818721118,-0,0,0,0.519287548772672,0,0
0.42,100,2.20428997102664,0.00139975193580037,0.0124783167199916,0.168973782434266,1.3315838640128,3.46033496637492,5.45718565163123,-0,0,0,0.563347745107283,0,0
0.44,100,2.20428997102664,0.0016655862952952,0.014125835229792,0.196887628032198,1.4601723691903,3.5940543207492,5.6011881035828,-0,0,0,0.607402946084773,0,0
0.46,100,2.20428997102664,0.00196563754958773,0.015901114162987,0.227395151297842,1.59091992253047,3.7269633497915,5.69988391797227,-0,0,0,0.651452492462431,0,0
0.48,100,2.20428997102664,0.00230252461378627,0.0178103876026295,0.260537166070049,1.72356747992276,3.85617529844358,5.75283016920195,-0,0,0,0.695495673921078,0,0
0.5,100,2.20428997102664,0.00267898296823159,0.0198590818784456,0.296348002834735,1.85772769348863,3.97897679617373,5.76006633158933,-0,0,0,0.739531726570657,0,0
0.52,100,2.20428997102664,0.00309784873588102,0.022051838783762,0.334853061918848,1.99289696197572,4.09284745697022,5.72210344565458,-0,0,0,0.783559830778924,0,0
0.54,100,2.20428997102664,0.00356204322302566,0.0243925387243005,0.37606661468739,2.1284681596,4.1954773737432,5.63990893794424,-0,0,0,0.827579109313962,0,0
0.56,100,2.20428997102664,0.00407455792385236,0.0268843239826896,0.419989865032843,2.26374391471536,4.2847823698059,5.51488732116421,-0,0,0,0.871588625791247,0,0
0.58,100,2.20428997102664,0.00463843999282158,0.0295296222606675,0.46660928083884,2.39795030640351,4.35891689478354,5.34885703755399,-0,-6.93889390390723e-18,0,0.915587383415949,0,0
0.6,100,3.43034209620743,0.00525677819184825,0.0323301706385458,0.515895202440232,2.53025084515272,4.4162844776123,5.14402374134592,-0,-6.93889390390723e-18,0,0.959574324011056,0,0
0.62,100,3.43034209620743,0.00593269796010007,0.0352887438357119,0.567802129883511,2.66003374646963,4.47261670106285,5.4260705554645,-0,0,0,1.02806936982534,0,0
0.64,100,3.43034209620743,0.0066694405241368,0.0384141045230544,0.622282495032131,2.78769279039314,4.54225143966102,5.66924413109919,-0,0,0,1.09655029457251,0,0
0.66,100,3.43034209620743,0.00747043699178433,0.0417155971499208,0.679299112756725,2.91372786623056,4.62175036848255,5.8713736639401,-0,0,0,1.16501584779718,0,0
0.68,100,3.43034209620743,0.00833929402187513,0.0452014393586527,0.738823063389446,3.03846705220913,4.70777263562519,6.03077195314003,-0,0,0,1.23346470862873,0,0
0.7,100,3.43034209620743,0.00927977170133314,0.048878763020623,0.800830345631439,3.16207571303545,4.79709996044185,6.14624060662187,-0,0,0,1.30189548249289,0,0
0.72,100,3.43034209620743,0.010295762226778,0.0527536537000032,0.865298722168402,3.28456665623253,4.88666029272358,6.21707046840078,-0,1.38777878078145e-17,0,1.37030669825765,0,0
0.74,100,3.43034209620743,0.0113912693620153,0.0568311888233722,0.932204778125017,3.40581124137433,4.97354981988636,6.24303734877932,-0,1.38777878078145e-17,0,1.43869680579783,0,0
0.76,100,3.43034209620743,0.012570388648151,0.0611154748139109,1.00152121029123,3.52555132852292,5.05505312962729,6.22439318283585,-0,0,0,1.50706417396279,0,0
0.78,100,3.43034209620743,0.0138372883480383,0.0656096834283934,1.07321436271187,3.64341194563276,5.12866135741912,6.16185278512896,-0,0,0,1.57540708893272,0,0
0.8,100,4.17424613438892,0.0151961911113165,0.0703160875136657,1.14724202177198,3.75891454945889,5.19208817136721,6.05657640860777,-0,-1.38777878078145e-17,0,1.6437237529487,0,0
0.82,100,4.17424613438892,0.0166513615916574,0.0752371301333049,1.22355232926881,3.87165647959378,5.25364127317761,6.22755022247487,-0,0,0,1.72689036416605,0,0
0.84,100,4.17424613438892,0.0182071454593166,0.080378448070457,1.30209098372161,3.98179021703264,5.32087104938841,6.35600610816073,-0,1.38777878078145e-17,0,1.81002687317916,0,0
0.86,100,4.17424613438892,0.0198680057632688,0.0857456110685123,1.38280775248302,4.08948338526324,5.39063765946009,6.44105350458654,-0,0,0,1.89313122327558,0,0
0.88,100,4.17424613438892,0.0216385060265688,0.0913431041782267,1.4656542614076,4.19475608027377,5.45996199845246,6.48228173262013,-0,0,0,1.97620126744099,0,0
0.9,100,4.17424613438892,0.0235232889908424,0.0971743713728913,1.55058115931791,4.29749250573505,5.52604606988989,6.47975282227593,-0,-2.77555756156289e-17,0,2.05923476656371,0,0
0.92,100,4.17424613438892,0.025527056220778,0.103241857973978,1.63753552280322,4.39745335128222,5.58629143808035,6.43398995021207,-0,-2.77555756156289e-17,0,2.14222938805569,0,0
0.94,100,4.17424613438892,0.0276545485471991,0.10954705212048,1.72645851500636,4.49428879243798,5.63831560665676,6.34596167834393,-0,-2.77555756156289e-17,0,2.22518270487303,0,0
0.96,100,4.17424613438892,0.0299105273317372,0.116090525493042,1.81728330958034,4.5875519864249,5.67996619354073,6.21706222204444,-0,-2.77555756156289e-17,0,2.30809219491936,0,0
0.98,100,4.17424613438892,0.032299756540125,0.122871973481213,1.90993328844881,4.67671293514573,5.70933279678301,6.04908801111194,-0,0,0,2.39095524081581,0,0
1,100,5.46988586794408,0.0348269856146609,0.129890254958974,2.00432051941204,4.76117258497255,5.72475647056006,5.84421083817693,-0,-2.77555756156289e-17,0,2.47376913002156,0,0
1.02,100,5.46988586794408,0.0374969422680167,0.137145232278686,2.1003459938101,4.8405656788312,5.742876689965,6.15775910320319,-0,-2.77555756156289e-17,0,2.58244384996005,0,0
1.04,100,5.46988586794408,0.0403144143521512,0.144643015396988,2.19791409944308,4.91558516834611,5.77884582899582,6.43391777047803,-0,0,0,2.69106370370091,0,0
1.06,100,5.46988586794408,0.0432843266753822,0.152390260931603,2.2969456819562,4.98703091186519,5.82901589468793,6.67014376542702,-0,-2.77555756156289e-17,0,2.79962569190948,0,0
1.08,100,5.46988586794408,0.0464117246104187,0.16039237791617,2.39737569449322,5.05551516674594,5.88982593534236,6.86437981216822,-0,0,0,2.90812671550773,0,0
1.1,100,5.46988586794408,0.0497017496863767,0.168653581746765,2.4991495316719,5.12147138394062,5.95782805335306,7.0150627020793,-0,0,0,3.01656357350878,0,0
1.12,100,5.46988586794408,0.0531596162354495,0.177176945755273,2.60221955085132,5.18516412655691,6.02971211501456,7.12112670154001,-0,0,0,3.12493296132908,0,0
1.14,100,5.46988586794408,0.0567905890499726,0.185964450726604,2.7065418021749,5.24670001126427,6.10232892930747,7.18200215109441,-0,0,0,3.23323146955741,0,0
1.16,100,5.46988586794408,0.060599962011766,0.195017032657158,2.81207298676107,5.30603956270287,6.17271168724886,7.19760935449686,-0,0,0,3.34145558316097,0,0
1.18,100,5.46988586794408,0.0645930376613815,0.204334629031027,2.91876766013987,5.36300986359459,6.23809547464418,7.16834790049742,-0,-5.55111512312578e-17,0,3.44960168110946,0,0
1.2,100,6.08756154546822,0.0687751076801912,0.213916223868494,3.02657569562432,5.41731787710549,6.29593469374923,7.09508160238732,-0,-5.55111512312578e-17,0,3.55766603639857,0,0
1.22,100,6.08756154546822,0.0731514386150099,0.223760750123251,3.13544072381859,5.46870192067522,6.35251850548972,7.24266323813277,-0,-5.55111512312578e-17,0,3.67799833000538,0,0
1.24,100,6.08756154546822,0.0777273005645535,0.233869614220387,3.24530550479148,5.51733220884243,6.41354906678411,7.34649838918024,-0,-5.55111512312578e-17,0,3.79824111049141,0,0
1.26,100,6.08756154546822,0.0825079939411134,0.24424400212014,3.35611678130002,5.56336520303885,6.4758971215134,7.40601905969277,-0,-5.55111512312578e-17,0,3.91839033427191,0,0
1.28,100,6.08756154546822,0.0874988322694527,0.25488404737703,3.46782294495098,5.60681135272168,6.53661435922108,7.42113931762716,-0,-5.55111512312578e-17,0,4.03844185158768,0,0
1.3,100,6.08756154546822,0.0927051216292674,0.265788879945817,3.58037124010424,5.64754762919894,6.59295251464082,7.39224474001862,-0,0,0,4.15839140645003,0,0
1.32,100,6.08756154546822,0.0981321410595281,0.276956673604563,3.69370522522129,5.68533071568408,6.64238041332413,7.32017755446419,-0,0,0,4.27823463698719,0,0
1.34,100,6.08756154546822,0.103785123899429,0.288384692229534,3.80776250353043,5.71981072762695,6.68259882526813,7.20621769776544,-0,0,0,4.39796707617328,0,0
1.36,100,6.08756154546822,0.109669240045133,0.300069335133262,3.92247273232543,5.75054533398699,6.7115530127898,7.05206004866508,-0,0,0,4.51758415292127,0,0
1.38,100,6.08756154546822,0.115789579105498,0.312006181653225,4.03775591760518,5.77701414807983,6.72744288388657,6.85978812439911,-0,0,0,4.6370811935217,0,0
1.4,100,7.07061426275044,0.122151134443451,0.324190035154397,4.15352099812505,5.79863325593435,6.72873068770849,6.63184456012697,-0,0,0,4.75645342340956,0,0
1.42,100,7.07061426275044,0.128758795018936,0.336616332670789,4.26966584078708,5.81498875789842,6.72783382041231,6.79043825957004,-0,0,0,4.89535702358709,0,0
1.44,100,7.07061426275044,0.135617405085585,0.349285137163318,4.3860881109902,5.82646593277063,6.73611200871516,6.91476453179135,-0,0,0,5.03412596913857,0,0
1.46,100,7.07061426275044,0.142731820318885,0.362196825111086,4.50269514369496,5.83353096272438,6.75072967815828,7.00385195881164,-0,0,0,5.17275519253014,0,0
1.48,100,7.07061426275044,0.150106893483381,0.375350738067909,4.61940218971749,5.83651083068495,6.76898460298509,7.05713120672388,-0,0,0,5.31123952910903,0,0
1.5,100,7.07061426275044,0.157747454274296,0.388745236322213,4.7361297289564,5.83560315599033,6.78832511229805,7.07443056214714,-0,0,0,5.44957371736514,0,0
1.52,100,7.07061426275044,0.165658290212039,0.402377750566481,4.85280098689208,5.8308866700352,6.8063657777515,7.055967780915,-0,0,0,5.58775239958526,0,0
1.54,100,7.07061426275044,0.173844128552186,0.416244831814298,4.96933966618489,5.82233223381477,6.82090144738128,7.00233839265314,-0,0,0,5.72577012287905,0,0
1.56,100,7.07061426275044,0.182309619178127,0.430342199783599,5.0856679031947,5.80981429523545,6.82991950922852,6.91450063705375,-0,0,0,5.8636213405571,0,0
1.58,100,7.07061426275044,0.191059318447707,0.444664789944821,5.20170445717036,5.79312268110496,6.83161028824289,6.79375723748291,-0,-1.11022302462516e-16,0,6.00130041384142,0,0
1.6,100,7.07061426275044,0.200097673968982,0.459206799412326,5.31736313773524,5.77197461686156,6.82437550033993,6.64173424481628,-0,0,1,6.13880161388977,0,0
1.62,100,7.07061426275044,0.209429010283572,0.473961731836935,5.43255147414733,5.74602686634861,6.8068347082305,6.46035720887007,-0,-1.11022302462516e-16,0,6.27611912411525,0,0
1.64,100,7.07061426275044,0.219057515439036,0.488922441436795,5.54716962765945,5.71488788427214,6.77782974452743,6.25182495628558,-0,-1.11022302462516e-16,0,6.41324704278348,0,0
1.66,100,7.07061426275044,0.228987228434232,0.504081176283342,5.66110954617053,5.67812987537228,6.73642708845975,6.018581272091,-0,0,0,6.55017938586935,0,0
1.68,100,7.07061426275044,0.239222027523781,0.51942962093886,5.77425435826186,5.63530065675943,6.68191820308538,5.76328479727346,-0,0,0,6.68691009015648,0,0
1.7,100,7.07061426275044,0.249765619369433,0.534958938522377,5.88647800167364,5.58593522327041,6.61381785999427,5.48877746646507,-0,0,0,6.8234330165619,0,0
1.72,100,7.07061426275044,0.260621529027554,0.550659812261359,5.99764507931624,5.52956692003525,6.53186049794688,5.19805181822683,-0,1.11022302462516e-16,0,6.95974195366948,0,0
1.74,100,7.07061426275044,0.271793090762822,0.566522486568189,6.10761093404492,5.46573813165326,6.4359946805208,4.89421751538075,-0,0,0,7.09583062145527,0,0
1.76,100,7.07061426275044,0.283283439678904,0.582536807662731,6.21622193167381,5.39401040338767,6.32637573547413,4.58046741441296,-0,-1.11022302462516e-16,0,7.23169267518833,0,0
1.78,100,7.07061426275044,0.295095504157099,0.598692263745573,6.32331594007903,5.31397391652918,6.20335667502452,4.26004352119267,-0,0,0,7.36732170949096,0,0
1.8,100,7.07061426275044,0.307231999093861,0.614978024710979,6.42872299075709,5.22525624746893,6.06747751144788,3.93620316520771,-0,0,1,7.50271126254205,0,0
1.82,100,7.07061426275044,0.31969541992779,0.631382981374123,6.53226610787402,5.12753034797681,5.91945309619642,3.61218571631203,-0,-1.11022302462516e-16,0,7.63785482040784,0,0
1.84,100,7.07061426275044,0.332488037445994,0.647895784174075,6.63376228867415,5.02052169261187,5.76015962301259,3.291180156758,-0,-1.11022302462516e-16,0,7.77274582148432,0,0
1.86,100,7.07061426275044,0.345611893358855,0.664504881302225,6.73302361812371,4.90401454800736,5.59061994618389,2.97629380720982,-0,-2.22044604925031e-16,0,7.90737766103574,0,0
1.88,100,7.07061426275044,0.359068796631127,0.681198556195482,6.82985849984993,4.77785732787862,5.41198787406684,2.67052248869353,-0,-2.22044604925031e-16,0,8.0417436958141,0,0
1.9,100,7.07061426275044,0.372860320555965,0.697964964324707,6.92407298480583,4.64196700690388,5.22553160525279,2.37672238325093,-0,0,0,8.17583724874459,0,0
1.92,100,7.07061426275044,0.386987800557049,0.714792169201453,7.01547217864822,4.49633257603028,5.03261648021366,2.09758383465944,-0,0,0,8.30965161366211,0,0
1.94,100,7.07061426275044,0.401452332702324,0.731668177520249,7.10386170856115,4.34101753116588,4.83468722493291,1.8356073072084,-0,0,0,8.4431800600848,0,0
1.96,100,7.07061426275044,0.416254772911238,0.748580973349333,7.18904923019023,4.17616139654147,4.63324986489357,1.59308169545176,-0,0,0,8.57641583801013,0,0
1.98,100,7.07061426275044,0.431395736835513,0.765518551279948,7.27084595547022,4.00198029317245,4.42985348787621,1.37206515136086,-0,0,0,8.70935218272023,0,0
2,100,7.07061426275044,0.446875600391739,0.782468948443027,7.34906818242673,3.81876657173534,4.2260720323487,1.17436856766919,-0,0,1,8.84198231958296,0,0
2.02,100,7.07061426275044,0.462694500922215,0.799420275302233,7.42353880850481,3.6268875377127,4.02348627485431,1.00154182771987,-0,0,0,8.97429946883601,0,0
2.04,100,7.07061426275044,0.478852338958659,0.816360745133952,7.49408880961645,3.42678330477766,3.82366618479127,0.854862903096286,-0,2.22044604925031e-16,0,9.10629685034178,0,0
2.06,100,7.07061426275044,0.495348780561675,0.83327870210771,7.56055866789555,3.2189638200118,3.62815380840439,0.735329851024165,-0,2.22044604925031e-16,0,9.23796768830109,0,0
2.08,100,7.07061426275044,0.512183260207131,0.850162647884776,7.62279973209213,3.0040051116139,3.43844683577088,0.643655734278814,-0,4.44089209850063e-16,0,9.36930521591464,0,0
2.1,100,7.07061426275044,0.529354984189053,0.867001266658059,7.68067549561666,2.78254481620102,3.2559829951651,0.58026645739083,-0,4.44089209850063e-16,0,9.50030267998153,0,0
2.12,100,7.07061426275044,0.546862934507138,0.883783448562998,7.73406277844597,2.55527704857787,3.08212540854654,0.545301484604,-0,4.44089209850063e-16,0,9.63095334542477,0,0
2.14,100,7.07061426275044,0.564705873205655,0.900498311396622,7.78285280041155,2.3229466819092,2.91814903016073,0.538617377556654,-0,2.22044604925031e-16,0,9.7612504997345,0,0
2.16,100,7.07061426275044,0.582882347129361,0.917135220590412,7.82695213479445,2.0863431105381,2.76522827750854,0.5597940642935,-0,4.44089209850063e-16,0,9.89118745732025,0,0
2.18,100,7.07061426275044,0.601390693061018,0.933683807391793,7.86628353263189,1.84629357122113,2.6244259503689,0.608143726203552,-0,4.44089209850063e-16,0,10.0207575637641,0,0
2.2,100,7.07061426275044,0.620229043204328,0.950133985218952,7.90078660968535,1.6036561012796,2.49668351930184,0.682722166033701,-0,2.22044604925031e-16,1,10.1499541999677,0,0
2.22,100,7.07061426275044,0.63939533097548,0.966475964164106,7.93041838960978,1.35931221408248,2.38281285026509,0.782342498462546,-0,2.22044604925031e-16,0,10.2787707861863,0,0
2.24,100,7.07061426275044,0.658887297066121,0.982700263631136,7.95515369848486,1.11415937337699,2.28348941680276,0.905590984996842,-0,2.22044604925031e-16,0,10.4072007859446,0,0
2.26,100,7.07061426275044,0.678702495740386,0.998797723104635,7.97498540750332,0.869103348271259,2.19924703586509,1.05084481734156,-0,2.22044604925031e-16,0,10.535237709828,0,0
2.28,100,7.07061426275044,0.69883830132869,1.01475951105868,7.98992452224386,0.62505053016285,2.13047414784836,1.21629163802436,-0,2.22044604925031e-16,0,10.6628751191474,0,0
2.3,100,7.07061426275044,0.71929191488124,1.03057713202495,8.00000011857036,0.382900291615757,2.07741164605633,1.39995057403186,-0,2.22044604925031e-16,0,10.7901066294708,0,0
2.32,100,7.07061426275044,0.74006037094475,1.04624243185096,8.00525912678008,0.143537465144362,2.04015224562886,1.59969454862791,-0,4.44089209850063e-16,0,10.9169259140215,0,0
2.34,100,7.07061426275044,0.761140544426571,1.06174760119028,8.00576596715586,-0.0921749829004045,2.01864136720278,1.81327362842467,-0,6.66133814775094e-16,0,11.0433267069401,0,0
2.36,100,7.07061426275044,0.78252915751136,1.07708517727731,8.00160204154851,-0.32340301159001,2.01267949630274,2.0383391572061,-0,2.22044604925031e-16,0,11.1693028064075,0,0
2.38,100,7.07061426275044,0.804222786596617,1.09224804404913,7.99286508701018,-0.549348230145164,2.02192596583596,2.27246842496122,-0,2.22044604925031e-16,0,11.2948480776306,0,0
2.4,100,7.76311428868144,0.826217869214719,1.10722943068713,7.97966839880808,-0.76925422511035,2.04590409620554,2.51318962005905,-0,2.22044604925031e-16,0,11.4199564556882,0,0
2.42,100,7.76311428868144,0.848510715789731,1.12202387098322,7.96214072067518,-0.982258155088675,2.09364969013298,3.05347611096518,-0,2.22044604925031e-16,0,11.5584719487587,0,0
2.44,100,7.76311428868144,0.87109756850842,1.13662998082501,7.94043347930491,-1.18696305926423,2.17314114505104,3.59224525001049,-0,2.22044604925031e-16,0,11.6965386385586,0,0
2.46,100,7.76311428868144,0.893974656969695,1.15104738441373,7.914727011673,-1.38195862408186,2.2820533687563,4.12400652570101,-0,2.22044604925031e-16,0,11.8341506826565,0,0
2.48,100,7.76311428868144,0.917138203468553,1.16527572732761,7.88522831605436,-1.56599016277373,2.41786271488275,4.64344908265689,-0,2.22044604925031e-16,0,11.9713023141028,0,0
2.5,100,7.76311428868144,0.940584423425219,1.17931467627303,7.85216787665893,-1.73796464698781,2.57787294911465,5.1454895339577,-0,2.22044604925031e-16,0,12.1079878415716,0,0
2.52,100,7.76311428868144,0.964309525785722,1.19316391652442,7.81579638283544,-1.89695521330653,2.75924252639924,5.62531670393472,-0,0,0,12.2442016494936,0,0
2.54,100,7.76311428868144,0.988309713350522,1.20682314733666,7.77638137359555,-2.04220412228397,2.95901288396706,6.07843291909729,-0,0,0,12.3799381981827,0,0
2.56,100,7.76311428868144,1.0125811829935,1.22029207561711,7.73420383850005,-2.17312416341503,3.17413745066817,6.50069150580226,-0,-2.22044604925031e-16,0,12.5151920239563,0,0
2.58,100,7.76311428868144,1.03712012573937,1.23357040814455,7.68955480592428,-2.2892985149992,3.40151107183567,6.88833019677151,-0,-2.22044604925031e-16,0,12.6499577392529,0,0
2.6,100,7.78075896865963,1.06192272667335,1.2466578426206,7.64273194938863,-2.39047908302464,3.63799955055172,7.23800019416238,-0,-2.22044604925031e-16,0,12.7842300327494,0,0
2.62,100,7.78075896865963,1.08698516318424,1.25955379999532,7.5940360028619,-2.47662464474435,3.87799955055172,7.55447336491258,-0,-2.22044604925031e-16,0,12.9183565630822,0,0
2.64,100,7.78075896865963,1.11230359273969,1.27225693949362,7.54376563966572,-2.54796913665104,4.11799955055172,7.82830142496223,-0,-4.44089209850063e-16,0,13.0519792783295,0,0
2.66,100,7.78075896865963,1.13787414937147,1.28476644018602,7.49221396485375,-2.6048048267477,4.35799955055172,8.05775530066724,-0,-4.44089209850063e-16,0,13.1850930972627,0,0
2.68,100,7.78075896865963,1.16369295901835,1.29708230955976,7.43966820102355,-2.64742764646655,4.59799955055172,8.24110460251025,-0,-4.44089209850063e-16,0,13.317693016081,0,0
2.7,100,7.78075896865963,1.18975615584593,1.30920532902383,7.38640961780844,-2.67614171185709,4.83712273209377,8.37663431307751,-0,-4.44089209850063e-16,0,13.4497741084094,0,0
2.72,100,7.78075896865963,1.21605988880246,1.32113583817447,7.33271198048404,-2.69144889685179,5.06848540207476,8.46329744004979,-0,-4.44089209850063e-16,0,13.5813315250185,0,0
2.74,100,7.78075896865963,1.24260030237009,1.33287328922249,7.27883606856611,-2.694104859898,5.28891786592919,8.50096591858268,-0,-2.22044604925031e-16,0,13.7123604937268,0,0
2.76,100,7.78075896865963,1.2693735290105,1.34441702774676,7.22502639390334,-2.68497844263583,5.49597442132227,8.49000022056171,-0,-4.44089209850063e-16,0,13.8428563195756,0,0
2.78,100,7.78075896865963,1.29637568706251,1.35576629462937,7.17150907698103,-2.66503785887578,5.6874057591677,8.43123111398151,-0,0,0,13.9728143850949,0,0
2.8,100,8.32157843534376,1.32360287857647,1.36692021907747,7.11848998649501,-2.6353378956035,5.86117609107739,8.3259424863077,-0,0,0,14.1022301506068,0,0
2.82,100,8.32157843534376,1.35105119083165,1.37787856443943,7.0661537567297,-2.59688611189059,6.02300806891571,8.40660176263002,-0,4.44089209850063e-16,0,14.241915543908,0,0
2.84,100,8.32157843534376,1.37871673460464,1.38864389638444,7.01466889871393,-2.55029094003389,6.17813443962578,8.44214466394571,-0,4.44089209850063e-16,0,14.3810497922142,0,0
2.86,100,8.32157843534376,1.4065956799279,1.39921918393327,6.96419248092655,-2.49615068969539,6.32408016470086,8.43271323924025,-0,8.88178419700125e-16,0,14.5196285892936,0,0
2.88,100,8.32157843534376,1.43468425257048,1.40960703273743,6.9148685409411,-2.43516817501768,6.45855369290834,8.3788983788437,-0,8.88178419700125e-16,0,14.6576477049444,0,0
2.9,100,8.32157843534376,1.46297872683287,1.41980969138954,6.86682611547859,-2.36813860359468,6.57946360930698,8.28172490312495,-0,8.88178419700125e-16,0,14.7951029839521,0,0
2.92,100,8.32157843534376,1.49147541847378,1.42982905833226,6.8201775180763,-2.29593694679949,6.68493311958587,8.14263272609295,-0,4.44089209850063e-16,0,14.93199034519,0,0
2.94,100,8.32157843534376,1.52017067778233,1.4396666895063,6.77501687348125,-2.21950491829103,6.77331226434028,7.96345434927154,-0,8.88178419700125e-16,0,15.0683057808597,0,0
2.96,100,8.32157843534376,1.54906088281151,1.44932380685648,6.73141891532121,-2.13983768922519,6.84318778220074,7.74638897241784,-0,8.88178419700125e-16,0,15.2040453558679,0,0
2.98,100,8.32157843534376,1.57814243279127,1.45880130779389,6.6894380510294,-2.05797046910464,6.89339056536846,7.49397353547411,-0,8.88178419700125e-16,0,15.339205207338,0,0
3,100,9.70743652923855,1.60741174174096,1.46809977569008,6.64910769542707,-1.97496508033315,6.92300067583667,7.20905103037927,-0,8.88178419700125e-16,0,15.4737815442501,0,0
3.02,100,9.70743652923855,1.63686524206676,1.47722141729752,6.61044145144046,-1.89158790717208,6.9506460112786,7.48604113604299,-0,8.88178419700125e-16,0,15.6354878090857,0,0
3.04,100,9.70743652923855,1.66649948283547,1.48617564260075,6.57344947732226,-1.80743018431302,6.99333434023474,7.7307500593486,-0,1.33226762955019e-15,0,15.7966031909272,0,0
3.06,100,9.70743652923855,1.69631122206785,1.49497293864114,6.53815329989981,-1.72192784556846,7.04793000736062,7.94068282499724,-0,1.33226762955019e-15,0,15.9571241077353,0,0
3.08,100,9.70743652923855,1.72629741877841,1.50362292316041,6.50458409500517,-1.63467902320532,7.11135235633989,8.11376610601557,-0,1.33226762955019e-15,0,16.1170470402711,0,0
3.1,100,9.70743652923855,1.7564552159077,1.51213437613863,6.47277950931473,-1.54543728277697,7.18059974179555,8.24835872370645,-0,1.33226762955019e-15,0,16.2763685282485,0,0
3.12,100,9.70743652923855,1.78678192386883,1.5205152697283,6.44278062830183,-1.45410379024021,7.25277252850406,8.34325781400848,-0,8.88178419700125e-16,0,16.4350851668207,0,0
3.14,100,9.70743652923855,1.81727500467896,1.52877279685379,6.4146291108299,-1.36071849553436,7.32509486405591,8.3977006770353,-0,8.88178419700125e-16,0,16.5931936033909,0,0
3.16,100,9.70743652923855,1.8479320566515,1.53691339873019,6.38836450914353,-1.26545042529364,7.39493502735692,8.41136236859715,-0,8.88178419700125e-16,0,16.7506905347336,0,0
3.18,100,9.70743652923855,1.87875079962991,1.54494279153814,6.36402179108532,-1.16858718477809,7.45982417323493,8.38434913316972,-0,8.88178419700125e-16,0,16.9075727044179,0,0
3.2,100,10.1622577571272,1.9097290607484,1.55286599247321,6.34162907929993,-1.07052377539097,7.51747331270303,8.31718781670688,-0,8.88178419700125e-16,0,17.0638369005195,0,0
3.22,100,10.1622577571272,1.94086476391344,1.56068797740571,6.32120613841609,-0.971649512944578,7.57212112541698,8.40487021175527,-0,8.88178419700125e-16,0,17.2285763781713,0,0
3.24,100,10.1622577571272,1.97215595078706,1.56841553332655,6.30276799952073,-0.872051391725058,7.62759990647517,8.45261076176317,-0,8.88178419700125e-16,0,17.3926915837726,0,0
3.26,100,10.1622577571272,2.00360080022673,1.57605526856325,6.28632823786497,-0.771840402577068,7.68126812563584,8.4601136030569,-0,4.44089209850063e-16,0,17.5561794260812,0,0
3.28,100,10.1622577571272,2.03519761523479,1.58361299444164,6.27189699626739,-0.671246973580651,7.73064953873093,8.42751099372613,-0,4.44089209850063e-16,0,17.7190368490095,0,0
3.3,100,10.1622577571272,2.06694480732554,1.5910937558756,6.25947870804307,-0.570609701036873,7.77344980284026,8.35535237030059,-0,4.44089209850063e-16,0,17.8812608292991,0,0
3.32,100,10.1622577571272,2.09884088149765,1.59850186134881,6.24907005104155,-0.470363526433992,7.80757118925304,8.24458960635394,-0,4.44089209850063e-16,0,18.0428483745022,0,0
3.34,100,10.1622577571272,2.13088442180172,1.60584091247271,6.24065814273117,-0.371027474209902,7.83112527867072,8.09655868463926,-0,8.88178419700125e-16,0,18.2037965212568,0,0
3.36,100,10.1622577571272,2.16307407749613,1.61311383328389,6.23421898394337,-0.273192067686156,7.84244354523856,7.91295802561617,-0,4.44089209850063e-16,0,18.3641023338451,0,0
3.38,100,10.1622577571272,2.19540854978738,1.62032289942339,6.2297161565275,-0.177506541898857,7.84008575861962,7.69582374352203,-0,4.44089209850063e-16,0,18.5237629030234,0,0
3.4,100,11.4526796604818,2.22788657915398,1.62746976731886,6.22709977778867,-0.0846659722019513,7.82284615621371,7.44750212625384,-0,4.44089209850063e-16,0,18.68277534511,0,0
3.42,100,11.4526796604818,2.26050694234652,1.63455729668734,6.22630718304784,0.00488904723039408,7.80772464392531,7.72120454909056,-0,0,0,18.8669452393897,0,0
3.44,100,11.4526796604818,2.29326853790579,1.64159476377376,6.22727775862995,0.0917920586982774,7.81021807874284,7.96341039163163,-0,0,0,19.0504613124099,0,0
3.46,100,11.4526796604818,2.32617046645679,1.64859217387528,6.22996633912863,0.17680172206271,7.82707408529066,8.17158050968169,-0,0,0,19.2333207488507,0,0
3.48,100,11.4526796604818,2.35921201798182,1.65555846507349,6.23434122305972,0.260506849168225,7.85510001504601,8.34359888702046,-0,-4.44089209850063e-16,0,19.4155207494504,0,0
3.5,100,11.4526796604818,2.39239265092694,1.66250155292714,6.24038084443238,0.343333439354447,7.89118674559439,8.47778303964393,-0,-4.44089209850063e-16,0,19.5970585274292,0,0
3.52,100,11.4526796604818,2.42571197218003,1.66942837298536,6.24807059572579,0.425552771331172,7.93233147503669,8.57289009580409,-0,-4.44089209850063e-16,0,19.777931305321,0,0
3.54,100,11.4526796604818,2.45916971787979,1.67634492141171,6.25739982257665,0.507290467713377,7.9756592977875,8.62811856850394,-0,-4.44089209850063e-16,0,19.9581363121983,0,0
3.56,100,11.4526796604818,2.49276573502056,1.68325629399354,6.26835900872205,0.588536440018824,8.01844336423923,8.64310587906591,-0,-4.44089209850063e-16,0,20.1376707812721,0,0
3.58,100,11.4526796604818,2.52649996382341,1.69016672379271,6.28093716782219,0.669155614515788,8.05812344461785,8.61792173099935,-0,-4.44089209850063e-16,0,20.3165319478527,0,0
3.6,100,11.9243598861672,2.56037242084856,1.69707961767552,6.29511945673054,0.748899333023702,8.09232273662134,8.5530574722705,-0,-4.44089209850063e-16,0,20.4947170476549,0,0
3.62,100,11.9243598861672,2.59438318615238,1.70399824740367,6.31088556023364,0.827522399865573,8.12543025087963,8.65066363423017,-0,-8.88178419700125e-16,0,20.6816569199478,0,0
3.64,100,11.9243598861672,2.62853242329024,1.71092767934845,6.32821339871735,0.905090461389974,8.16140909088772,8.70865198293727,-0,-4.44089209850063e-16,0,20.8679151925737,0,0
3.66,100,11.9243598861672,2.66282039788643,1.71787271911479,6.3470824709584,0.981641319587562,8.1975035549922,8.72662053492616,-0,-4.44089209850063e-16,0,21.0534890935999,0,0
3.68,100,11.9243598861672,2.69724746266835,1.72483727801915,6.36747174223301,1.05708566534103,8.23112387754859,8.70459953738793,-0,-4.44089209850063e-16,0,21.2383758448805,0,0
3.7,100,11.9243598861672,2.73181403997313,1.7318244121331,6.38935721492969,1.13121846590995,8.25986308683451,8.64304112138655,-0,-4.44089209850063e-16,0,21.4225726604904,0,0
3.72,100,11.9243598861672,2.76652060502431,1.73883636029234,6.41270973278405,1.20373092091002,8.2815119822292,8.54280511504476,-0,-4.44089209850063e-16,0,21.6060767455016,0,0
3.74,100,11.9243598861672,2.80136766996017,1.74587458127389,6.4374930289679,1.27422287246215,8.29407211084916,8.40514122308152,-0,-4.44089209850063e-16,0,21.7888852950865,0,0
3.76,100,11.9243598861672,2.83635576859876,1.75293979032331,6.4636620259486,1.34221555240037,8.29576664591963,8.23166781091985,-0,-4.44089209850063e-16,0,21.9709954939331,0,0
3.78,100,11.9243598861672,2.87148544192836,1.76003199519235,6.49116139267464,1.40716454785537,8.28504909178631,8.02434756048523,-0,-4.44089209850063e-16,0,22.152404515958,0,0
3.8,100,13.2111550534383,2.90675722431492,1.76715053182539,6.519924362264,1.46847286616354,8.26060976339914,7.78546029057361,-0,-4.44089209850063e-16,0,22.3331095243016,0,0
3.82,100,13.2111550534383,2.94217163948701,1.77429588798932,6.54987327769904,1.52579065661796,8.23929679735578,8.0666107279738,-0,-8.88178419700125e-16,0,22.5388435749383,0,0
3.84,100,13.2111550534383,2.97772928491165,1.78147490778918,6.58093425320476,1.57983282014086,8.23646313403711,8.3157902321173,-0,-4.44089209850063e-16,0,22.7438679060879,0,0
3.86,100,13.2111550534383,3.01343091107631,1.7886951258016,6.61305040922724,1.63143292824483,8.24876909860149,8.53043131029734,-0,-8.88178419700125e-16,0,22.9481796458916,0,0
3.88,100,13.2111550534383,3.04927740812089,1.79596298119061,6.64617977456023,1.68124936849496,8.27293877374543,8.70839659978355,-0,-8.88178419700125e-16,0,23.1517759060481,0,0
3.9,100,13.2111550534383,3.08526978443009,1.80328386733539,6.68029185390995,1.72977265227924,8.3057839871584,8.84798915762218,-0,-4.44089209850063e-16,0,23.3546537792358,0,0
3.92,100,13.2111550534383,3.12140914619343,1.81066217902398,6.71536435236796,1.77733378445169,8.34422727280091,8.9479583710443,-0,-8.88178419700125e-16,0,23.5568103369542,0,0
3.94,100,13.2111550534383,3.15769667788739,1.81810135751592,6.75138007719381,1.82411360975631,8.38532359013328,9.00750150742599,-0,-4.44089209850063e-16,0,23.7582426277643,0,0
3.96,100,13.2111550534383,3.19413362363984,1.82560393375997,6.78832403552003,1.87015304238282,8.42628060195727,9.02626096519585,-0,-4.44089209850063e-16,0,23.9589476759107,0,0
3.98,100,13.2111550534383,3.23072126944267,1.8331715700345,6.82618074464226,1.91536407754323,8.46447732969551,9.00431732813862,-0,-4.44089209850063e-16,0,24.1589224803078,0,0
4,100,13.3143376454998,3.26746092618349,1.84080510025881,6.86493176947047,1.95954147764445,8.49748102451679,8.94217836484564,-0,-4.44089209850063e-16,0,24.3581640138736,0,0
4.02,100,13.3143376454998,3.30435391419921,1.84850471258969,6.90455361712357,2.00239800780526,8.52449878384016,8.88478911502772,-0,0,0,24.5587328750361,0,0
4.04,100,13.3143376454998,3.34140155563552,1.85627040223348,6.94501699218787,2.04364165500529,8.54481440472438,8.78897386807708,-0,0,0,24.7585623321044,0,0
4.06,100,13.3143376454998,3.37860516710019,1.8641015519049,6.9862861744178,2.08291177077709,8.55642018069148,8.6559682717808,-0,0,0,24.9576492788237,0,0
4.08,100,13.3143376454998,3.41596604557722,1.87199682286023,7.02831740959051,2.1197677476373,8.55752964202384,8.48737421540742,-0,-4.44089209850063e-16,0,25.1559905827788,0,0
4.1,100,13.3143376454998,3.45348545437662,1.87995419270575,7.07105743954227,2.15370196642703,8.54658613432631,8.28513562653005,-0,0,0,25.3535830859293,0,0
4.12,100,13.3143376454998,3.49116460983538,1.88797099272235,7.11444229229911,2.18415283878308,8.52226918960632,8.05151145646234,-0,4.44089209850063e-16,0,25.5504236054164,0,0
4.14,100,13.3143376454998,3.52900466876111,1.8960439448277,7.15839633302975,2.21051782749424,8.48349866102023,7.78904616733465,-0,0,0,25.7465089346297,0,0
4.16,100,13.3143376454998,3.56700671661211,1.90416919827608,7.20283157422144,2.23216632946241,8.42943661511353,7.50053805258895,-0,0,0,25.941835844517,0,0
4.18,100,13.3143376454998,3.60517175640956,1.91234236617422,7.24764724120261,2.24845230905972,8.35948699769105,7.18900573780912,-0,0,0,26.1364010851235,0,0
4.2,100,13.3143378182515,3.64350069837863,1.92055856187121,7.29272958693184,2.25872657379922,8.27329311117994,6.85765322026409,-0,0,0,26.3302013873452,0,0
4.22,100,13.3143378182515,3.68199435031643,1.92881243526015,7.33795194786068,2.26234858939584,8.17073296469724,6.50983388699958,-0,0,0,26.5232334683375,0,0
4.24,100,13.3143378182515,3.7206534086854,1.93709820901029,7.3831750306789,2.25869773733329,8.05191256814982,6.14901351229445,-0,0,0,26.7154940232889,0,0
4.26,100,13.3143378182515,3.75947845043052,1.94540971472752,7.42824741787674,2.2471839246095,7.91715727333873,5.77873334438001,-0,-4.44089209850063e-16,0,26.9069797380958,0,0
4.28,100,13.3143378182515,3.79846992551895,1.95374042902809,7.47300627833336,2.22725746362362,7.76700128167157,5.40257290910654,-0,-4.44089209850063e-16,0,27.0976872883737,0,0
4.3,100,13.3143378182515,3.83762815020003,1.96208350949186,7.51727826757998,2.19841814813095,7.60217544229796,5.02411326018546,-0,-8.88178419700125e-16,0,27.2876133420652,0,0
4.32,100,13.3143378182515,3.8769533009827,1.97043183044671,7.56088060099205,2.16022346011454,7.42359348880077,4.64690095234759,-0,-4.44089209850063e-16,0,27.4767545621759,0,0
4.34,100,13.3143378182515,3.9164454093265,1.97877801852288,7.60362228195552,2.11229585186076,7.23233687282284,4.2744130739874,-0,-8.88178419700125e-16,0,27.6651076096236,0,0
4.36,100,13.3143378182515,3.95610435704064,1.98711448790395,7.64530546603567,2.05432905730536,7.02963836397786,3.91002365932897,-0,-8.88178419700125e-16,0,27.8526691461862,0,0
4.38,100,13.3143378182515,3.99592987238445,1.99543347519109,7.68572694135793,1.98609339677386,6.81686459449588,3.55697178080961,-0,-1.33226762955019e-15,0,28.039435837535,0,0
4.4,100,13.3143387846118,4.03592152686048,2.0037270737884,7.72467970479523,1.90744004947162,6.59549773423606,3.21833160042901,-0,-1.33226762955019e-15,0,28.2254043563389,0,0
4.42,100,13.3143387846118,4.07607873268969,2.01198726771179,7.7619546131473,1.81830427859637,6.36711650038042,2.89698504688562,-0,-1.33226762955019e-15,0,28.4105714047531,0,0
4.44,100,13.3143387846118,4.11640074095619,2.02020596471798,7.79734208830162,1.7187076041745,6.13337665425376,2.5955952807563,-0,-1.33226762955019e-15,0,28.594933659643,0,0
4.46,100,13.3143387846118,4.15688664040678,2.0283750286349,7.83063385534501,1.60875892697348,5.89599121073957,2.31658528424553,-0,-8.88178419700125e-16,0,28.7784878338011,0,0
4.48,100,13.3143387846118,4.19753535688831,2.03648631079445,7.8616246927969,1.48865462027962,5.65671058020877,2.06211760972336,-0,-8.88178419700125e-16,0,28.9612306598738,0,0
4.5,100,13.3143387846118,4.23834565340375,2.04453168045546,7.89011417455228,1.35867761383933,5.4173027941071,1.83407749313939,-0,-1.33226762955019e-15,0,29.1431588936195,0,0
4.52,100,13.3143387846118,4.27931613076569,2.05250305410598,7.91590838369672,1.2191955034775,5.17953401609884,1.63405902866383,-0,-1.77635683940025e-15,0,29.32426931716,0,0
4.54,100,13.3143387846118,4.32044522882387,2.06039242353832,7.93882157911715,1.07065772881617,4.94514952045308,1.463354481325,-0,-1.77635683940025e-15,0,29.5045587422131,0,0
4.56,100,13.3143387846118,4.36173122824092,2.06819188259382,7.95867779676287,0.913591869632487,4.71585531154785,1.32294678236244,-0,-1.77635683940025e-15,0,29.6840240132946,0,0
4.58,100,13.3143387846118,4.40317225278905,2.07589365248053,7.97531236849784,0.748599118873597,4.49330054899548,1.21350522011398,-0,-1.33226762955019e-15,0,29.8626620108806,0,0
4.6,100,13.3143997767673,4.44476627213795,2.08349010557289,7.98857334271469,0.576348997124656,4.2790609320823,1.13538430783055,-0,-1.33226762955019e-15,0,30.0404696545175,0,0
4.62,100,13.3143997767673,4.48651110510327,2.09097378769579,7.99832279230775,0.397573392940956,4.07462403432771,1.08865180269389,-0,-1.33226762955019e-15,0,30.2174451257158,0,0
4.64,100,13.3143997767673,4.52840442332662,2.0983374388946,8.0044379975906,0.213060016060843,3.88137408638376,1.07301540476317,-0,-8.88178419700125e-16,0,30.3935842114017,0,0
4.66,100,13.3143997767673,4.5704437553485,2.10557401195195,8.00681249198577,0.0236452358066229,3.70057821862157,1.08790909666348,-0,-4.44089209850063e-16,0,30.5688839663498,0,0
4.68,100,13.3143997767673,4.61262649103474,2.11267668929697,8.005356960038,-0.169793496833509,3.5333758500235,1.13247791639733,-0,-8.88178419700125e-16,0,30.7433414961583,0,0
4.7,100,13.3143997767673,4.6549498863241,2.1196388981683,7.9999999803324,-0.36634557344958,3.38076871435744,1.20559140180556,-0,-8.88178419700125e-16,0,30.9169539599754,0,0
4.72,100,13.3143997767673,4.69741106826064,2.12645432391345,7.99068860705802,-0.565075424611481,3.24361247813278,1.30585950191778,-0,-1.33226762955019e-15,0,31.0897185731282,0,0
4.74,100,13.3143997767673,4.74000704027316,2.13311692140681,7.97738878566557,-0.765030899170999,3.12261000028026,1.43165075272647,-0,-1.33226762955019e-15,0,31.261632609648,0,0
4.76,100,13.3143997767673,4.78273468766421,2.13962092458075,7.96008559985423,-0.965251737222798,3.01830626660767,1.58111249657105,-0,-4.44089209850063e-16,0,31.432693404688,0,0
4.78,100,13.3143997767673,4.82559078327089,2.14596085407701,7.93878334890053,-1.16477804836597,2.93108501518104,1.75219290848012,-0,-8.88178419700125e-16,0,31.6028983568298,0,0
4.8,100,13.9729948022629,4.86857199326003,2.15213152303814,7.91350545609272,-1.3626587086335,2.86116705203081,1.94266457957807,-0,-8.88178419700125e-16,0,31.7722449302744,0,0
4.82,100,13.9729948022629,4.91167488766103,2.15812895627891,7.88429496141662,-1.55781286839217,2.81778023596223,2.43115243190691,-0,-4.44089209850063e-16,0,31.9539025574272,0,0
4.84,100,13.9729948022629,4.95489599583734,2.16395303811744,7.85122194354655,-1.74862608447402,2.80910148570835,2.93118510541883,-0,-4.44089209850063e-16,0,32.1346969387758,0,0
4.86,100,13.9729948022629,4.99823185901602,2.1696045949384,7.81438992420831,-1.93344867731519,2.83345832874821,3.43728921452469,-0,-8.88178419700125e-16,0,32.31462574466,0,0
4.88,100,13.9729948022629,5.04167903502965,2.17508446191695,7.77393414774088,-2.11075969393085,2.88893462965242,3.94404500983235,-0,-8.88178419700125e-16,0,32.4936867144294,0,0
4.9,100,13.9729948022629,5.08523409854258,2.18039348758295,7.73001891309737,-2.27917603510268,2.97339144211441,4.44613757296751,-0,-8.88178419700125e-16,0,32.6718776561088,0,0
4.92,100,13.9729948022629,5.12889364134048,2.18553253562638,7.6828347367162,-2.43746023036113,3.08448975732284,4.93840607793928,-0,-8.88178419700125e-16,0,32.8491964460592,0,0
4.94,100,13.9729948022629,5.17265427263051,2.19050248419783,7.63259537390608,-2.58452680330234,3.21971488692691,5.41589067147848,-0,-4.44089209850063e-16,0,33.0256410286322,0,0
4.96,100,13.9729948022629,5.21651261930459,2.19530422296639,7.5795347273871,-2.71944718486789,3.37640220787486,5.87387655643492,-0,-4.44089209850063e-16,0,33.2012094158185,0,0
4.98,100,13.9729948022629,5.26046532612372,2.19993864820283,7.52390367232553,-2.84145314742914,3.55176398829866,6.30793489745739,-0,-4.44089209850063e-16,0,33.3758996868928,0,0
5,100,13.9729948022629,5.30450905578637,2.20440665615995,7.46596682759133,-2.94993874770683,3.74291700840236,6.71396020638505,-0,0,1,33.5497099880551,0,0
5.02,100,13.9729948022629,5.34864048884982,2.20870913502319,7.40599930305575,-3.04446078157231,3.94691068798477,7.08820390563127,-0,4.44089209850063e-16,0,33.7226385320724,0,0
5.04,100,13.9729948022629,5.39285632347844,2.21284695570366,7.3442834525382,-3.12473776847666,4.16075543275837,7.42730381086162,-0,4.44089209850063e-16,0,33.8946835979241,0,0
5.06,100,13.9729948022629,5.43715327499852,2.21682096174283,7.28110566151317,-3.1906474974997,4.38145091495764,7.72830931904646,-0,0,0,34.0658435304539,0,0
5.08,100,13.9729948022629,5.48152807524446,2.22063195859259,7.21675319791038,-3.24222318067252,4.60601400977676,7.98870213397623,-0,0,0,34.2361167400322,0,0
5.1,100,13.9729948022629,5.52597747168656,2.2242807025272,7.15151115329768,-3.27964827218185,4.83150611782991,8.2064124081408,-0,0,0,34.405501702235,0,0
5.12,100,13.9729948022629,5.57049822633534,2.22776788943422,7.08565950044094,-3.30325002419904,5.05505961495374,8.37983022699581,-0,0,0,34.5739969575416,0,0
5.14,100,13.9729948022629,5.61508711442251,2.23109414372012,7.01947029170685,-3.31349186128748,5.27390318411693,8.50781240859773,-0,-4.44089209850063e-16,0,34.7416011110561,0,0
5.16,100,13.9729948022629,5.65974092286302,2.23426000755352,6.95320502103161,-3.31096466553789,5.48538579979118,8.58968463795294,-0,-4.44089209850063e-16,0,34.9083128322588,0,0
5.18,100,13.9729948022629,5.70445644850713,2.23726593065406,6.88711217024271,-3.29637707368008,5.68699915268025,8.62523900072675,-0,0,0,35.0741308547891,0,0
5.2,100,14.2554461406711,5.74923049619533,2.24011226081914,6.82142495841461,-3.27054489535436,5.87639832198991,8.61472702479022,-0,0,0,35.239053976266,0,0
5.22,100,14.2554461406711,5.79405987862264,2.24279962786788,6.75635963262711,-3.2343168431585,6.05535325501884,8.67936201921833,-0,0,0,35.4087300849176,0,0
5.24,100,14.2554461406711,5.83894143528871,2.24533007078839,6.69211703361211,-3.18838591511477,6.22545117518903,8.69849092792642,-0,0,0,35.5775090789468,0,0
5.26,100,14.2554461406711,5.88387205003688,2.24770578005799,6.62888403722949,-3.13348733637817,6.38433628526664,8.67242756367233,-0,0,0,35.7453899461033,0,0
5.28,100,14.2554461406711,5.9288486479893,2.24992869294435,6.56683182968127,-3.07045287116206,6.52983950274691,8.60192946210621,-0,4.44089209850063e-16,0,35.912371736039,0,0
5.3,100,14.2554461406711,5.97386819047734,2.25200049311576,6.50611409734222,-3.00019867051201,6.65999452881312,8.48818169956602,-0,4.44089209850063e-16,0,36.0784535595324,0,0
5.32,100,14.2554461406711,6.01892766997355,2.25392261120408,6.44686546468096,-2.92371263659122,6.77305171042576,8.33277686011073,-0,4.44089209850063e-16,0,36.2436345878159,0,0
5.34,100,14.2554461406711,6.06402410504544,2.25569622644248,6.38920018866638,-2.84204143129568,6.86748959802851,8.13769141792166,-0,4.44089209850063e-16,0,36.4079140520029,0,0
5.36,100,14.2554461406711,6.1091545353536,2.25732226947922,6.33321111548281,-2.75627725829379,6.94202412581157,7.90525883136419,-0,4.44089209850063e-16,0,36.5712912426164,0,0
5.38,100,14.2554461406711,6.15431601671856,2.25880142644753,6.27896890279351,-2.66754454756979,6.99561536618279,7.63813967169488,-0,4.44089209850063e-16,0,36.7337655092162,0,0
5.4,100,15.6592157712085,6.19950561628211,2.26013414435055,6.22652150822149,-2.57698667026712,7.02747183481721,7.33928913244773,-0,0,0,36.8953362601248,0,0
5.42,100,15.6592157712085,6.24472041768019,2.26132258852883,6.17589554221396,-2.48544007347526,7.05659783585827,7.61086930235025,-0,4.44089209850063e-16,0,37.0840783548586,0,0
5.44,100,15.6592157712085,6.28995762201841,2.26237628987059,6.12711299640384,-2.39254357887645,7.10035120219602,7.85105082346489,-0,8.88178419700125e-16,0,37.2719159250412,0,0
5.46,100,15.6592157712085,6.33521464269685,2.26330593491972,6.08020639002237,-2.2977718211697,7.15567993110736,8.05733489356747,-0,8.88178419700125e-16,0,37.458848548836,0,0
5.48,100,15.6592157712085,6.3804890985968,2.26412139002867,6.03521716138037,-2.20075728516285,7.21958104751788,8.22763432120598,-0,4.44089209850063e-16,0,37.6448758540565,0,0
5.5,100,15.6592157712085,6.42577879795764,2.26483172915857,5.99219257299584,-2.10128390948534,7.28912436847014,8.36028449278859,-0,4.44089209850063e-16,0,37.8299975142183,0,0
5.52,100,15.6592157712085,6.47108172279464,2.26544526023059,5.95118275540628,-1.99927962720793,7.36147530354851,8.45405008383178,-0,4.44089209850063e-16,0,38.014213244909,0,0
5.54,100,15.6592157712085,6.51639601383161,2.26596955028889,5.912237910128,-1.89480792481968,7.43391647907239,8.5081275246502,-0,4.44089209850063e-16,0,38.1975228004643,0,0
5.56,100,15.6592157712085,6.56171995592694,2.26641144972065,5.87540569050917,-1.78805850950328,7.50386798957489,8.52214327221426,-0,4.44089209850063e-16,0,38.3799259709399,0,0
5.58,100,15.6592157712085,6.60705196397651,2.26677711576201,5.84072877734837,-1.67933718208891,7.56890609740849,8.49614798005267,-0,4.44089209850063e-16,0,38.5614225793709,0,0
5.6,100,16.0912655999283,6.6523905692814,2.26707203550171,5.80824266413737,-1.56905501940129,7.62678022006494,8.43060669659879,-0,4.44089209850063e-16,0,38.7420124793084,0,0
5.62,100,16.0912655999283,6.69773440941628,2.26730164896767,5.77797415711379,-1.4576207216614,7.68144374201852,8.51072815299801,-0,8.88178419700125e-16,0,38.9303365491976,0,0
5.64,100,16.0912655999283,6.74308224799037,2.26747310727935,5.74994476039562,-1.34515856149294,7.73646788941107,8.55147350558473,-0,4.44089209850063e-16,0,39.117753700359,0,0
5.66,100,16.0912655999283,6.78843299291235,2.26759338103956,5.72417373735398,-1.23181806711357,7.78927877168561,8.55257085949698,-0,0,0,39.304263863977,0,0
5.68,100,16.0912655999283,6.83378568376364,2.26766867161227,5.70067618696749,-1.11786436059623,7.83746473754939,8.51416938414319,-0,4.44089209850063e-16,0,39.4898669917357,0,0
5.7,100,16.0912655999283,6.87913947669285,2.2677044389447,5.67946084146161,-1.00366710621867,7.87879273360678,8.43682844511864,-0,0,0,39.6745630533371,0,0
5.72,100,16.0912655999283,6.92449362986156,2.26770542891949,5.66052809061679,-0.889688913817965,7.91122278418058,8.32150299917321,-0,0,0,39.8583520343163,0,0
5.74,100,16.0912655999283,6.96984748943395,2.26767570041275,5.64386824251779,-0.776473310423295,7.93292047913846,8.16952546159675,-0,4.44089209850063e-16,0,40.0412339341422,0,0
5.76,100,16.0912655999283,7.01520047610602,2.26761865221346,5.62946002822415,-0.664632395926355,7.94226737836055,7.98258428610664,-0,4.44089209850063e-16,0,40.2232087645932,0,0
5.78,100,16.0912655999283,7.06055207217292,2.26753704993931,5.61726935551168,-0.554834299842959,7.93786926378215,7.76269952509974,-0,0,0,40.4042765483965,0,0
5.8,100,17.3681707852454,7.10590180913545,2.26743305306334,5.60724831449066,-0.447790556332481,7.9185621924964,7.51219566279306,-0,-4.44089209850063e-16,0,40.5844373181214,0,0
5.82,100,17.3681707852454,7.15124926484571,2.26731001657907,5.59933589100105,-0.343959041165449,7.90119540935001,7.77848974296474,-0,-8.88178419700125e-16,0,40.7892292190205,0,0
5.84,100,17.3681707852454,7.19659414820942,2.2671776479822,5.59347267995397,-0.24273301532705,7.90112903431267,8.01385713780186,-0,-8.88178419700125e-16,0,40.9931141962146,0,0
5.86,100,17.3681707852454,7.24193637868689,2.26704637781188,5.58961417572122,-0.143380316643677,7.91516849918974,8.21578117031571,-0,-4.44089209850063e-16,0,41.1960923023038,0,0
5.88,100,17.3681707852454,7.28727607371708,2.26692558072885,5.58772883976735,-0.0453353485671675,7.94017647198102,8.38216180713866,-0,-4.44089209850063e-16,0,41.3981635894841,0,0
5.9,100,17.3681707852454,7.33261352803216,2.26682361835456,5.58779483603031,0.0518077698102209,7.97309639956352,8.5113261028762,-0,-4.44089209850063e-16,0,41.599328105796,0,0
5.92,100,17.3681707852454,7.37794919380754,2.26674788003319,5.5897969138999,0.148303100623752,8.01097506655624,8.60203437815984,-0,0,0,41.7995858917784,0,0
5.94,100,17.3681707852454,7.42328366160878,2.26670482180028,5.593723458924,0.244261748701263,8.050983958927,8.65348214620099,-0,0,0,41.9989369775117,0,0
5.96,100,17.3681707852454,7.46861764210221,2.2667000038257,5.5995637296404,0.339661596921531,8.09043923684948,8.66529784408809,-0,0,0,42.1973813800344,0,0
5.98,100,17.3681707852454,7.51395194850116,2.26673812658127,5.607305297043,0.434357817405976,8.12682013887024,8.63753646520055,-0,0,0,42.394919101117,0,0
6,100,17.8330474389775,7.55928747972485,2.2668230659649,5.61693170116536,0.528094054240926,8.15778565839954,8.5706692275291,-0,-8.88178419700125e-16,0,42.5915501253817,0,0
6.02,100,17.8330474389775,7.60462520752639,2.26695855360354,5.62842086699683,0.620617734830091,8.18766209763849,8.66391857934287,-0,-8.88178419700125e-16,0,42.7965719518248,0,0
6.04,100,17.8330474389775,7.64996619597708,2.26715007797049,5.64174876566369,0.711982974737268,8.22035519668988,8.71809992338379,-0,-8.88178419700125e-16,0,43.0006869929705,0,0
6.06,100,17.8330474389775,7.69531161952377,2.2674028579494,5.65689271524094,0.802216741777014,8.25314812043849,8.73280681267462,-0,-1.33226762955019e-15,0,43.2038951720355,0,0
6.08,100,17.8330474389775,7.74066274798063,2.26772121779655,5.67382930492584,0.8912209924174,8.28348700826529,8.70805994331057,-0,-1.33226762955019e-15,0,43.406196387764,0,0
6.1,100,17.8330474389775,7.78602092901715,2.26810862501965,5.69253200578109,0.978783872253131,8.30899770227843,8.64429704253987,-0,-1.33226762955019e-15,0,43.6075905126968,0,0
6.12,100,17.8330474389775,7.83138757139377,2.26856772728714,5.71296901133262,1.06459148248481,8.32750061964143,8.54235895678115,-0,-1.33226762955019e-15,0,43.8080773917829,0,0
6.14,100,17.8330474389775,7.87676412892754,2.26910038856639,5.73510131821843,1.14824009947455,8.33702365005852,8.4034721426656,-0,-1.33226762955019e-15,0,44.0076568413198,0,0
6.16,100,17.8330474389775,7.92215208517446,2.26970772466852,5.75888105479651,1.2292487316644,8.33581298128887,8.22922779572476,-0,-1.33226762955019e-15,0,44.2063286482059,0,0
6.18,100,17.8330474389775,7.96755293881798,2.27039013835636,5.78425006328775,1.30707189655992,8.32234177790694,8.021557879991,-0,-1.33226762955019e-15,0,44.4040925694938,0,0
6.2,100,19.1080777503024,8.0129681897566,2.27114735415069,5.81113873867797,1.38111250008856,8.29531666117777,7.78270834730487,-0,-8.88178419700125e-16,0,44.6009483322273,0,0
6.22,100,19.1080777503024,8.05839933486869,2.27198022477727,5.83946657854732,1.45101875616346,8.2714349380711,8.05922761191265,-0,-8.88178419700125e-16,0,44.8223962397777,0,0
6.24,100,19.1080777503024,8.10384795135048,2.2728958876313,5.8691567183323,1.51749426364827,8.26591133683394,8.3041408334678,-0,-8.88178419700125e-16,0,45.0429353524685,0,0
6.26,100,19.1080777503024,8.14931577499777,2.27390215028553,5.90014905212481,1.58136052218078,8.2754378951121,8.51489109604035,-0,-8.88178419700125e-16,0,45.2625653037748,0,0
6.28,100,19.1080777503024,8.19480468667658,2.27500572054587,5.93239815979212,1.64326571605599,8.29676892703483,8.68934799887018,-0,-4.44089209850063e-16,0,45.4812856909683,0,0
6.3,100,19.1080777503024,8.24031669082025,2.27621225527477,5.9658699108202,1.70369191176635,8.32674487395871,8.82581797914103,-0,-8.88178419700125e-16,0,45.6990960724329,0,0
6.32,100,19.1080777503024,8.28585389487878,2.27752640683877,6.00053822281066,1.76296331256598,8.36231514102464,8.9230502872955,-0,-8.88178419700125e-16,0,45.9159959653999,0,0
6.34,100,19.1080777503024,8.33141848967581,2.27895186747904,6.03638199494418,1.82125548576338,8.40055970490639,8.98023863271279,-0,-1.33226762955019e-15,0,46.131984844086,0,0
6.36,100,19.1080777503024,8.37701273063468,2.28049141188746,6.07338223494978,1.87860546992935,8.43870929450222,8.99701855974228,-0,-8.88178419700125e-16,0,46.3470621382148,0,0
6.38,100,19.1080777503024,8.4226389198402,2.28214693825191,6.11151939618763,1.93492266177565,8.47416396431368,8.97346065488517,-0,-8.88178419700125e-16,0,46.5612272319055,0,0
6.4,100,19.5859912583709,8.46829938890816,2.2839195080159,6.15077093938265,1.99000037616648,8.50450989966506,8.91005972495115,-0,-1.33226762955019e-15,0,46.7744794629127,0,0
6.42,100,19.5859912583709,8.51399648600615,2.28581004870335,6.19110967609325,2.04363443848771,8.53418857707028,9.01163169371441,-0,-8.88178419700125e-16,0,46.9963763923612,0,0
6.44,100,19.5859912583709,8.55973259620507,2.28782131159315,6.23250750533011,2.0959346158111,8.56720980768453,9.07340870163104,-0,-4.44089209850063e-16,0,47.2173589937581,0,0
6.46,100,19.5859912583709,8.60551016042643,2.28995579150227,6.27493878018796,2.14698143625529,8.60077549630216,9.09497151623787,-0,-4.44089209850063e-16,0,47.4374264625155,0,0
6.48,100,19.5859912583709,8.65133166045587,2.29221508707853,6.3183781472677,2.19672558479919,8.63225519942564,9.07633601968304,-0,-4.44089209850063e-16,0,47.6565779447883,0,0
6.5,100,19.5859912583709,8.69719960143812,2.29459994241671,6.36279806383153,2.24499940950994,8.65920305814863,9.01794284673839,-0,-4.44089209850063e-16,0,47.874812536834,0,0
6.52,100,19.5859912583709,8.74311649519212,2.29711028750001,6.40816655097998,2.29152899867872,8.67937284375738,8.92064316038881,-0,-4.44089209850063e-16,0,48.0921292847131,0,0
6.54,100,19.5859912583709,8.78908484432498,2.29974527767603,6.4544451931265,2.33594671406401,8.69073099523585,8.78568077195742,-0,-4.44089209850063e-16,0,48.308527184316,0,0
6.56,100,19.5859912583709,8.83510712712743,2.30250333235549,6.50158739171931,2.37780406261977,8.69146755005877,8.61467084476768,-0,-4.44089209850063e-16,0,48.5240051816996,0,0
6.58,100,19.5859912583709,8.88118578323686,2.3053821730998,6.54953687878966,2.41658478748504,8.68000489239628,8.40957544944437,-0,-4.44089209850063e-16,0,48.7385621737184,0,0
6.6,100,20.3035965125618,8.92732320005717,2.30837886124174,6.59822649351523,2.45171805862211,8.65500426590122,8.17267626489543,-0,-8.88178419700125e-16,0,48.9521970089343,0,0
6.62,100,20.3035965125618,8.97352170498345,2.31149083237207,6.64757804053472,2.48275151435653,8.62536165040914,8.21272569711435,-0,-8.88178419700125e-16,0,49.1792605938749,0,0
6.64,100,20.3035965125618,9.01978360726782,2.31471881607316,6.69751013753777,2.50981305212037,8.59924877173925,8.22314085493119,-0,-4.44089209850063e-16,0,49.4053995786079,0,0
6.66,100,20.3035965125618,9.06611123738997,2.31806369345266,6.74794538307683,2.53308895300117,8.57452251777335,8.20384505668727,-0,0,0,49.6306126719109,0,0
6.68,100,20.3035965125618,9.11250693510297,2.32152551832042,6.79880908669249,2.55266557245311,8.54918366769339,8.15508587756309,-0,-4.44089209850063e-16,0,49.8548985358315,0,0
6.7,100,20.3035965125618,9.15897303333683,2.32510356189068,6.85002736408817,2.56853877318247,8.5213881969299,8.07742463836911,-0,-4.44089209850063e-16,0,50.0782557856644,0,0
6.72,100,20.3035965125618,9.20551184298157,2.32879635605498,6.90152542452556,2.58062369981701,8.48945708372948,7.97172311863358,-0,-4.44089209850063e-16,0,50.3006829902414,0,0
6.74,100,20.3035965125618,9.25212563852286,2.33260173539652,6.95322605639786,2.58876480719762,8.45188454062977,7.83912767163711,-0,-1.33226762955019e-15,0,50.5221786725176,0,0
6.76,100,20.3035965125618,9.29881664450671,2.33651687809962,7.00504831515974,2.59274605279984,8.40734461127239,7.68105094128848,-0,-8.88178419700125e-16,0,50.7427413104354,0,0
6.78,100,20.3035965125618,9.34558702281235,2.34053834589007,7.05690641599757,2.59230116337771,8.35469609037892,7.49915140061411,-0,-4.44089209850063e-16,0,50.9623693380528,0,0
6.8,100,20.3035967654326,9.39243886071535,2.34466212312492,7.10870883182852,2.58712388641242,8.29298574218842,7.29531094897545,-0,-4.44089209850063e-16,0,51.1810611469168,0,0
6.82,100,20.3035967654326,9.4393741597248,2.34888365513288,7.16035759544154,2.57687813837506,8.22144981355503,7.07161092772836,-0,-4.44089209850063e-16,0,51.3988150927261,0,0
6.84,100,20.3035967654326,9.48639482518053,2.35319788588965,7.21174780285511,2.56120796402384,8.1395138405972,6.83030627751098,-0,-4.44089209850063e-16,0,51.6156294819793,0,0
6.86,100,20.3035967654326,9.53350265659779,2.3575992950923,7.26276731327379,2.5397472234976,8.04679078325496,6.57379919247787,-0,-4.44089209850063e-16,0,51.8315025891685,0,0
6.88,100,20.3035967654326,9.58069933874778,2.36208193468658,7.3132966394069,2.51212892869274,7.9430775369438,6.30461146834399,-0,-1.33226762955019e-15,0,52.0464326539285,0,0
6.9,100,20.3035967654326,9.62798643346367,2.36663946488197,7.36320902038232,2.47799415438583,7.8283498685553,6.02535636757126,-0,-8.88178419700125e-16,0,52.260417883415,0,0
6.92,100,20.3035967654326,9.67536537216185,2.37126518967449,7.41237066804744,2.43700045474969,7.70275585301052,5.73871017717373,-0,-8.88178419700125e-16,0,52.4734564548396,0,0
6.94,100,20.3035967654326,9.7228374490689,2.37595209188376,7.46064117611985,2.38882972174068,7.56660789643302,5.44738374032365,-0,-8.88178419700125e-16,0,52.6855465181465,0,0
6.96,100,20.3035967654326,9.77040381514432,2.38069286769755,7.50787408044204,2.33319542813158,7.42037344444803,5.15409423809304,-0,-1.33226762955019e-15,0,52.8966861988186,0,0
6.98,100,20.3035967654326,9.8180654726891,2.38547996070529,7.55391755751662,2.26984920471618,7.26466448535228,4.86153749016918,-0,-8.88178419700125e-16,0,53.1068736007977,0,0
7,100,20.3035981799704,9.86582327062961,2.39030559539079,7.59861524756007,2.19858670834315,7.10022596784733,4.57236103341155,-0,-4.44089209850063e-16,0,53.316106809506,0,0
7.02,100,20.3035981799704,9.91367790046564,2.3951618100468,7.64180718752142,2.11925274518564,6.92792328131078,4.28913882832536,-0,-4.44089209850063e-16,0,53.5243839232461,0,0
7.04,100,20.3035981799704,9.96162989287059,2.40004048906519,7.68333083888256,2.03174562125026,6.74872887305202,4.01434480140626,-0,-4.44089209850063e-16,0,53.7317029715123,0,0
7.06,100,20.3035981799704,10.0096796149306,2.40493339453188,7.72302219453892,1.93602069716897,6.56370818770043,3.7503314935891,-0,-8.88178419700125e-16,0,53.9380620031076,0,0
7.08,100,20.3035981799704,10.0578272680082,2.4098321970812,7.76071694873071,1.83209313734824,6.37400511090246,3.49930795713849,-0,-8.88178419700125e-16,0,54.1434590611479,0,0
7.1,100,20.3035981799704,10.1060728862152,2.41472850594155,7.79625171385272,1.72003984836252,6.18082700526717,3.26332010246684,-0,-8.88178419700125e-16,0,54.347892186392,0,0
7.12,100,20.3035981799704,10.1544163354778,2.4196138981006,7.82946526793994,1.60000060929785,5.98542950840454,3.04423304735158,-0,-8.88178419700125e-16,0,54.5513594205975,0,0
7.14,100,20.3035981799704,10.2028573131756,2.42447994651828,7.86019981676217,1.47217840468062,5.7891012420198,2.84371560216769,-0,-8.88178419700125e-16,0,54.7538588098886,0,0
7.16,100,20.3035981799704,10.2513953483343,2.42931824731496,7.88830225474688,1.3368389779878,5.59314857928152,2.66322700142657,-0,-8.88178419700125e-16,0,54.9553884081262,0,0
7.18,100,20.3035981799704,10.3000298023522,2.43412044586204,7.91362540938144,1.19430963079321,5.39888061452181,2.50400596798335,-0,-4.44089209850063e-16,0,55.1559462802688,0,0
7.2,100,20.3036874588629,10.3487598702362,2.4388782617043,7.93602925431376,1.04497729929394,5.20759447481329,2.36706217190992,-0,-4.44089209850063e-16,0,55.3555305057132,0,0
7.22,100,20.3036874588629,10.397584582325,2.44358351236942,7.95538207717083,0.889285966113348,5.02056235024889,2.25320821419291,-0,-4.44089209850063e-16,0,55.5541409671838,0,0
7.24,100,20.3036874588629,10.4465028064788,2.44822813611039,7.9715615896913,0.727733467220996,4.83901651982338,2.16294128302455,-0,0,0,55.7517739972714,0,0
7.26,100,20.3036874588629,10.4955132507033,2.45280421253198,7.98445596675947,0.560867584722394,4.66413526882521,2.09655661688987,-0,4.44089209850063e-16,0,55.9484277383907,0,0
7.28,100,20.3036874588629,10.5446144661731,2.45730398206995,7.99396480207075,0.389281646871204,4.49703213135662,2.05411058631507,-0,4.44089209850063e-16,0,56.1441003603699,0,0
7.3,100,20.3036874588629,10.5938048506322,2.46171986413285,7.99999997121106,0.213609668758578,4.33874476325791,2.03542420954536,-0,8.88178419700125e-16,0,56.3387900635541,0,0
7.32,100,20.3036874588629,10.6430826521424,2.46604447373781,8.00248639325664,0.0345210741134034,4.1902248336505,2.04008893115156,-0,8.88178419700125e-16,0,56.5324950818367,0,0
7.34,100,20.3036874588629,10.6924459731492,2.47027063660675,8.00136268315269,-0.147284937751143,4.05232901220274,2.06747456380667,-0,1.33226762955019e-15,0,56.7252136856132,0,0
7.36,100,20.3036874588629,10.7418927748335,2.47439140269802,7.99658168843241,-0.331085313695513,3.92581111717997,2.11673927421172,-0,8.88178419700125e-16,0,56.9169441846502,0,0
7.38,100,20.3036874588629,10.7914208817187,2.4784000581568,7.98811090517626,-0.516139289633481,3.81131547688241,2.1868414764227,-0,1.33226762955019e-15,0,57.1076849308652,0,0
7.4,100,21.169704250111,10.8410279865007,2.48229013567696,7.97593276947176,-0.701694686199329,3.70937154432848,2.27655347976076,-0,8.88178419700125e-16,0,57.2974343210115,0,0
7.42,100,21.169704250111,10.8907116611707,2.48605662672469,7.96004580909701,-0.886801355204335,3.63244784002192,2.75398049677932,-0,8.88178419700125e-16,0,57.5035111350904,0,0
7.44,100,21.169704250111,10.9404694273092,2.48969946762565,7.94047499240138,-1.06977601165304,3.59172128276483,3.24416660612312,-0,8.88178419700125e-16,0,57.7085935306391,0,0
7.46,100,21.169704250111,10.9902988226053,2.49321970834275,7.91728081743951,-1.24885381745875,3.58550195167264,3.74164567875997,-0,8.88178419700125e-16,0,57.9126800504864,0,0
7.48,100,21.169704250111,11.0401974046454,2.49661829097542,7.89055778800961,-1.42240065964867,3.61185762105121,4.24099797800479,-0,1.33226762955019e-15,0,58.1157692865048,0,0
7.5,100,21.169704250111,11.0901627488844,2.49989606206268,7.86043170592183,-1.58892225809385,3.66863405263162,4.73690121440497,-0,1.33226762955019e-15,0,58.3178598792331,0,0
7.52,100,21.169704250111,11.1401924468315,2.50305378178525,7.82705679427135,-1.74707194615684,3.75347721405685,5.2241797538648,-0,1.33226762955019e-15,0,58.5189505175376,0,0
7.54,100,21.169704250111,11.1902841043912,2.50609213032979,7.79061267887828,-1.89565706467966,3.8638571654887,5.69785152990363,-0,1.77635683940025e-15,0,58.7190399383078,0,0
7.56,100,21.169704250111,11.2404353403053,2.50901171168614,7.75130125609881,-2.03364392469341,3.99709334487319,6.15317224179921,-0,1.33226762955019e-15,0,58.9181269261841,0,0
7.58,100,21.169704250111,11.2906437846476,2.51181305515444,7.70934347595347,-2.16016130933752,4.15038097391054,6.5856764547688,-0,1.33226762955019e-15,0,59.1162103133163,0,0
7.6,100,21.169704250111,11.3409070773286,2.51449661484258,7.66497606995756,-2.27450250058141,4.32081830115347,6.9912152558281,-0,1.77635683940025e-15,1,59.3132889791521,0,0
7.62,100,21.169704250111,11.3912228665713,2.51706276743555,7.61844825317676,-2.37612583129675,4.50543439590525,7.3659901591641,-0,1.33226762955019e-15,0,59.5093618502547,0,0
7.64,100,21.169704250111,11.4415888073289,2.51951180851755,7.57001842987303,-2.46465377789144,4.70121720668263,7.70658299728347,-0,1.77635683940025e-15,0,59.7044279001535,0,0
7.66,100,21.169704250111,11.4920025596155,2.52184394772466,7.51995093165831,-2.53987062294954,4.90514160089268,8.00998157841745,-0,1.77635683940025e-15,0,59.8984861492248,0,0
7.68,100,21.169704250111,11.5424617867311,2.52405930300027,7.46851281634706,-2.60171873099296,5.11419710796875,8.27360093621293,-0,1.77635683940025e-15,0,60.0915356646091,0,0
7.7,100,21.169704250111,11.5929641533648,2.52615789421855,7.41597075470502,-2.65029349346949,5.32541509641302,8.4953000441267,-0,1.33226762955019e-15,0,60.2835755601634,0,0
7.72,100,21.169704250111,11.6435073235666,2.52813963643157,7.36258803104647,-2.68583701126158,5.53589512587419,8.67339391372651,-0,1.77635683940025e-15,0,60.4746049964542,0,0
7.74,100,21.169704250111,11.6940889585817,2.53000433298461,7.30862168215155,-2.70873059429869,5.74283022839691,8.80666104279561,-0,1.77635683940025e-15,0,60.6646231807909,0,0
7.76,100,21.169704250111,11.7447067145483,2.53175166873127,7.2543197972793,-2.71948616814919,5.94353088814676,8.89434622530584,-0,1.77635683940025e-15,0,60.8536293673055,0,0
7.78,100,21.169704250111,11.7953582400626,2.53338120356518,7.19991900016005,-2.71873668668345,6.13544750604954,8.93615878049889,-0,2.22044604925031e-15,0,61.0416228570782,0,0
7.8,100,21.4369398711026,11.8460411736189,2.53489236646946,7.14564213178688,-2.70722565796853,6.31619115468574,8.93226630211681,-0,1.77635683940025e-15,0,61.2286029983141,0,0
7.82,100,21.4369398711026,11.8967531428204,2.53628482162783,7.09169645520923,-2.68573636193669,6.48727332386678,8.99730561299783,-0,2.22044604925031e-15,0,61.4199138989915,0,0
7.84,100,21.4369398711026,11.9474917817032,2.5375595375576,7.03827496953134,-2.65491283433226,6.65004090022695,9.01710013068186,-0,2.22044604925031e-15,0,61.6102102896626,0,0
7.86,100,21.4369398711026,11.9982547467779,2.53871759975837,6.98555761803422,-2.61544654502371,6.80211941435178,8.99194684988553,-0,1.77635683940025e-15,0,61.7994916604049,0,0
7.88,100,21.4369398711026,12.0490397136281,2.53975983027793,6.93370951297,-2.56812714863051,6.94132119016678,8.92258524860209,-0,1.77635683940025e-15,0,61.9877575479662,0,0
7.9,100,21.4369398711026,12.0998443716596,2.5406867897079,6.88287909258649,-2.51383032201468,7.06566133238864,8.81018121590516,-0,2.22044604925031e-15,0,62.1750075354356,0,0
7.92,100,21.4369398711026,12.1506664188982,2.54149877999422,6.83319652642001,-2.45350512097166,7.17337151991492,8.65630714273516,-0,2.22044604925031e-15,0,62.3612412520192,0,0
7.94,100,21.4369398711026,12.2015035568525,2.54219584818996,6.78477237720404,-2.38816098326761,7.26291150764554,8.46291844013852,-0,2.22044604925031e-15,0,62.5464583729195,0,0
7.96,100,21.4369398711026,12.2523534854623,2.54277779125646,6.73769652518352,-2.31885450646421,7.33297826357317,8.23232677951374,-0,2.22044604925031e-15,0,62.7306586193159,0,0
7.98,100,21.4369398711026,12.3032138981543,2.54324416199789,6.69203735805347,-2.24667612897847,7.38251269258246,7.96717037605652,-0,2.66453525910038e-15,0,62.9138417584463,0,0
8,100,22.8340364663635,12.354082477028,2.54359427619309,6.64784122718224,-2.17273684156886,7.4107039230136,7.67038165958383,-0,2.22044604925031e-15,0,63.0960076037851,0,0
8.02,100,22.8340364663635,12.4049568980403,2.54382916242377,6.60513376068325,-2.09784380495578,7.43644373265675,7.94125252677849,-0,1.77635683940025e-15,0,63.3050979472224,0,0
8.04,100,22.8340364663635,12.4558349315696,2.54395718400373,6.56393648021492,-2.02161381667167,7.47698621996931,8.18080777570894,-0,1.77635683940025e-15,0,63.5131707625497,0,0
8.06,100,22.8340364663635,12.5067145368884,2.54398786007311,6.52428184466568,-1.94350177138553,7.5292736354884,8.38655472838357,-0,1.33226762955019e-15,0,63.7202259982413,0,0
8.08,100,22.8340364663635,12.5575938555098,2.54392990051729,6.48621161986,-1.86312110211688,7.59029799099487,8.55641132265704,-0,8.88178419700125e-16,0,63.9262636417368,0,0
8.1,100,22.8340364663635,12.6084711952947,2.54379123491979,6.4497737702716,-1.78023734988123,7.65712470999554,8.68871700477167,-0,1.33226762955019e-15,0,64.1312837159558,0,0
8.12,100,22.8340364663635,12.659345015122,2.54357903998848,6.41501949004513,-1.69476067594694,7.72691531718199,8.78223938071736,-0,1.77635683940025e-15,0,64.3352862761257,0,0
8.14,100,22.8340364663635,12.7102139100953,2.54329976571839,6.38200039367745,-1.60673739787521,7.79694895543567,8.83617663688451,-0,2.22044604925031e-15,0,64.5382714069096,0,0
8.16,100,22.8340364663635,12.761076597261,2.5429591605389,6.35076588499967,-1.51634063897354,7.86464253461235,8.85015578178047,-0,1.77635683940025e-15,0,64.7402392198257,0,0
8.18,100,22.8340364663635,12.8119319018219,2.54256229567692,6.32136072123268,-1.4238601882028,7.92756933361652,8.82422680059746,-0,1.33226762955019e-15,0,64.9411898509474,0,0
8.2,100,23.2637450995,12.8627787438321,2.54211358894994,6.29382278688331,-1.32969167388687,7.98347589596764,8.75885285278968,-0,1.33226762955019e-15,0,65.1411234588735,0,0
8.22,100,23.2637450995,12.9136161283908,2.54161742532352,6.26818157991361,-1.23422942807634,8.03628015841584,8.83824065434802,-0,1.33226762955019e-15,0,65.3486343956233,0,0
8.24,100,23.2637450995,12.964443165583,2.54107990631994,6.24446155783796,-1.13758589862319,8.08952100731241,8.87835654588769,-0,1.33226762955019e-15,0,65.5551286867749,0,0
8.26,100,23.2637450995,13.0152590889481,2.54050696938307,6.22268516310672,-1.0398995902262,8.14062653737703,8.87893342716661,-0,1.33226762955019e-15,0,65.7606065471382,0,0
8.28,100,23.2637450995,13.066063243237,2.53990380301153,6.2028708917504,-0.941424850619621,8.18718721404051,8.84012373194158,-0,1.33226762955019e-15,0,65.9650682057152,0,0
8.3,100,23.2637450995,13.1168550697172,2.5392748750402,6.18503108605354,-0.842520817947218,8.22697212414172,8.76248853922528,-0,1.33226762955019e-15,0,66.1685139036238,0,0
8.32,100,23.2637450995,13.1676340920381,2.53862396040214,6.1691699538679,-0.743639827972017,8.25794335400463,8.64698296482148,-0,1.33226762955019e-15,0,66.3709438923096,0,0
8.34,100,23.2637450995,13.2183999026473,2.53795416854822,6.15528182424498,-0.645315393965619,8.27826838241352,8.49493804214553,-0,1.33226762955019e-15,0,66.5723584320349,0,0
8.36,100,23.2637450995,13.2691521497537,2.53726797068151,6.14334964678434,-0.548149874582117,8.28633039774889,8.30803933188985,-0,1.77635683940025e-15,0,66.7727577906345,0,0
8.38,100,23.2637450995,13.319890524834,2.53656722694307,6.13334373977325,-0.452801946296204,8.28073647076622,8.08830252772407,-0,1.33226762955019e-15,0,66.9721422425256,0,0
8.4,100,24.5338113393107,13.3706147506845,2.53585321366487,6.12522078985898,-0.359973997082724,8.26032353696746,7.83804634975797,-0,4.44089209850063e-16,0,67.1705120679635,0,0
8.42,100,24.5338113393107,13.4213245789664,2.53512841571565,6.11892455130398,-0.270116608127092,8.24184602482098,8.10176277058904,-0,4.44089209850063e-16,0,67.3932688773259,0,0
8.44,100,24.5338113393107,13.4720198748462,2.53440165615347,6.11440047110378,-0.182621897293109,8.24057795107659,8.33466759243743,-0,8.88178419700125e-16,0,67.6150116353782,0,0
8.46,100,24.5338113393107,13.5227006964678,2.53368249717155,6.11160889961573,-0.0967576398970648,8.25333871209468,8.53426448080769,-0,8.88178419700125e-16,0,67.8357406325059,0,0
8.48,100,24.5338113393107,13.5733672828449,2.5329794709223,6.11052316074576,-0.0119576559029088,8.2770052765624,8.69847141491796,-0,8.88178419700125e-16,0,68.0554561560884,0,0
8.5,100,24.5338113393107,13.6240200336927,2.53230012231135,6.11112629774387,0.0721850381363645,8.30853555188129,8.82563100293022,-0,4.44089209850063e-16,0,68.2741584870852,0,0
8.52,100,24.5338113393107,13.6746594900923,2.53165104969316,6.11340796647236,0.155926115414733,8.34499077066135,8.91451655802649,-0,0,0,68.4918478970161,0,0
8.54,100,24.5338113393107,13.7252863159521,2.53103794375178,6.11736149610859,0.239378781635689,8.38355668739531,8.96433395059173,-0,0,0,68.7085246453208,0,0
8.56,100,24.5338113393107,13.7759012802293,2.53046562483464,6.12298113552175,0.322523483998123,8.42156339125814,8.97471929291256,-0,0,0,68.9241889770813,0,0
8.58,100,24.5338113393107,13.8265052398863,2.5299380789894,6.13025950168449,0.40521838890595,8.45650355843746,8.94573255267023,-0,-4.44089209850063e-16,0,69.1388411210925,0,0
8.6,100,24.9951649588918,13.8770991235554,2.5294584929358,6.13918524446619,0.48721052471243,8.48604898625276,8.87784722964454,-0,-4.44089209850063e-16,0,69.352481288267,0,0
8.62,100,24.9951649588918,13.9276839191454,2.52902992929921,6.14974146588423,0.568250262387957,8.51448896208523,8.96878222189061,-0,-4.44089209850063e-16,0,69.5743367427502,0,0
8.64,100,24.9951649588918,13.9782606935607,2.52865721338048,6.16190934571616,0.648391966279984,8.54569608443751,9.02086899744945,-0,0,0,69.7951805833923,0,0
8.66,100,24.9951649588918,14.028830611005,2.52834492211226,6.17567141028419,0.727662727732897,8.57697122507789,9.03371099122581,-0,-4.44089209850063e-16,0,70.0150129591274,0,0
8.68,100,24.9951649588918,14.0793949184702,2.52809676376999,6.19100946611945,0.8059652807045,8.60577762562422,9.00733571250002,-0,-4.44089209850063e-16,0,70.2338339947488,0,0
8.7,100,24.9951649588918,14.1299549287414,2.52791561555336,6.20790222330133,0.88308915278221,8.62975746680252,8.94218463623759,-0,0,0,70.4516437894243,0,0
8.72,100,24.9951649588918,14.1805120041427,2.52780356018472,6.2263231475957,0.958722375674807,8.6467465932493,8.83909932444127,-0,4.44089209850063e-16,0,70.6684424155438,0,0
8.74,100,24.9951649588918,14.2310675410065,2.52776192172246,6.24623855146546,1.03246364301761,8.65478727609317,8.69930397973504,-0,8.88178419700125e-16,0,70.8842299178859,0,0
8.76,100,24.9951649588918,14.2816229548539,2.52779130076682,6.26760593175428,1.10383480058363,8.65213891721986,8.5243846646169,-0,8.88178419700125e-16,0,71.0990063130861,0,0
8.78,100,24.9951649588918,14.3321796662729,2.52789160921431,6.29037255952855,1.17229355243895,8.63728662131955,8.31626544822283,-0,4.44089209850063e-16,0,71.312771589396,0,0
8.8,100,26.2601717401813,14.38273908749,2.52806210469594,6.31447432522776,1.23724626620944,8.60894758431035,8.07718176774336,-0,4.44089209850063e-16,0,71.5255257067173,0,0
8.82,100,26.2601717401813,14.4333026185394,2.52830318271266,6.33983628181019,1.29834258308955,8.5836886833756,8.3493923241404,-0,4.44089209850063e-16,0,71.7625687325233,0,0
8.84,100,26.2601717401813,14.4838717303158,2.52862149243715,6.36638706385363,1.35627914857612,8.57660625621313,8.59022891585096,-0,0,0,71.9986004344721,0,0
8.86,100,26.2601717401813,14.5344480426074,2.52902436621973,6.39407190372963,1.4118695177984,8.58441990384832,8.79716104173011,-0,0,0,72.233620684996,0,0
8.88,100,26.2601717401813,14.5850333110365,2.52951806340454,6.42285057390816,1.46575524579226,8.60391130860326,8.96808097699659,-0,4.44089209850063e-16,0,72.4676293227371,0,0
8.9,100,26.2601717401813,14.6356294060868,2.53010781860249,6.45269401670366,1.51841304296793,8.63194785192761,9.10131396835954,-0,0,0,72.7006261500425,0,0
8.92,100,26.2601717401813,14.6862382930708,2.53079788759458,6.48358112772446,1.57016297682527,8.66550522612554,9.19562412143125,-0,4.44089209850063e-16,0,72.9326109308686,0,0
8.94,100,26.2601717401813,14.7368620129954,2.53159159116296,6.51549571312975,1.62117763634756,8.70168882740576,9.25021599837834,-0,8.88178419700125e-16,0,73.1635833890776,0,0
8.96,100,26.2601717401813,14.7875026642847,2.53249135713033,6.54842363904089,1.67149216707144,8.73775373391735,9.2647319855333,-0,4.44089209850063e-16,0,73.3935432071073,0,0
8.98,100,26.2601717401813,14.8381623853284,2.53349876087002,6.58235018953809,1.72101507747378,8.77112309027415,9.23924553110268,-0,8.88178419700125e-16,0,73.6224900249993,0,0
9,100,26.733366547831,14.8888433378268,2.53461456453041,6.61725764762268,1.76953971108772,8.79940473931162,9.17425039178927,-0,8.88178419700125e-16,0,73.8504234397669,0,0
9.02,100,26.733366547831,14.9395476942438,2.53583941276591,6.65312365071224,1.81686169333187,8.82699452462506,9.27254430445169,-0,4.44089209850063e-16,0,74.0868069012424,0,0
9.04,100,26.733366547831,14.9902776582575,2.53717577091714,6.68992488653488,1.86308731218276,8.85786127054713,9.33138546238897,-0,0,0,74.322176023228,0,0
9.06,100,26.733366547831,15.0410354838177,2.53862586515784,6.72764042316795,1.90829374934591,8.88923348376087,9.35036319494824,-0,4.44089209850063e-16,0,74.5565302711065,0,0
9.08,100,26.733366547831,15.0918234606007,2.5401910489193,6.76624956689728,1.95242949167152,8.91850602256901,9.32949776228611,-0,4.44089209850063e-16,0,74.7898690647955,0,0
9.1,100,26.733366547831,15.1426438969669,2.54187184390266,6.80572940142521,1.99532574486563,8.94325684555647,9.26923005379933,-0,4.44089209850063e-16,0,75.0221917782043,0,0
9.12,100,26.733366547831,15.1934991037261,2.54366797992012,6.84605256117946,2.03670841121498,8.96126189001492,9.17040746272083,-0,0,0,75.2534977390244,0,0
9.14,100,26.733366547831,15.2443913786903,2.5455784337732,6.88718524887129,2.07621051760208,8.9705079606514,9.03426614216779,-0,-4.44089209850063e-16,0,75.4837862288358,0,0
9.16,100,26.733366547831,15.2953229919953,2.54760146735469,6.92908550514755,2.11338497730237,8.96920353109724,8.86240987963387,-0,-4.44089209850063e-16,0,75.7130564835152,0,0
9.18,100,26.733366547831,15.3462961721786,2.54973466513944,6.97170173583294,2.1477175674798,8.95578738325997,8.65678585572539,-0,0,0,75.9413076939299,0,0
9.2,100,27.00337215478,15.3973130930017,2.55197497120738,7.01497149989141,2.17864000392233,8.92893503239144,8.41965757859412,-0,0,0,76.1685390069031,0,0
9.22,100,27.00337215478,15.4483758629121,2.55431910112981,7.05882086662794,2.20560314795325,8.89132235138877,8.26877872122647,-0,4.44089209850063e-16,0,76.4001496385735,0,0
9.24,100,27.00337215478,15.4994865336342,2.55676466304276,7.10316694016622,2.22825877296438,8.84550333765143,8.09053538903184,-0,4.44089209850063e-16,0,76.6307385392168,0,0
9.26,100,27.00337215478,15.5506471082703,2.55930899765571,7.14792028699037,2.24627106269707,8.79030137022108,7.8867766710883,-0,4.44089209850063e-16,0,76.8603047306971,0,0
9.28,100,27.00337215478,15.6018595305371,2.56194883228108,7.19298434379325,2.2592646826304,8.72474284447827,7.65958910825555,-0,8.88178419700125e-16,0,77.08884719539,0,0
9.3,100,27.00337215478,15.65312567289,2.56468031992794,7.2382547363959,2.26683567981188,8.64805854166554,7.41127031197699,-0,1.33226762955019e-15,0,77.3163648774902,0,0
9.32,100,27.00337215478,15.7044473254229,2.56749907782251,7.28361881463704,2.26856216486441,8.55968315829789,7.14430108603961,-0,1.33226762955019e-15,0,77.5428566845491,0,0
9.34,100,27.00337215478,15.7558261855337,2.57040022541964,7.32895539797752,2.26401468696133,8.45925302723792,6.86131634860634,-0,8.88178419700125e-16,0,77.7683214892264,0,0
9.36,100,27.00337215478,15.8072638483446,2.57337842195224,7.37413472482212,2.25276621682247,8.34660207956102,6.56507515816339,-0,1.33226762955019e-15,0,77.9927581312416,0,0
9.38,100,27.00337215478,15.8587617978704,2.5764279035488,7.41901859691066,2.23440165781099,8.22175611287222,6.25843015025346,-0,1.33226762955019e-15,0,78.2161654195084,0,0
9.4,100,27.0033726196983,15.9103213989231,2.5795425199337,7.46346070858862,2.2085268109391,8.08492544731501,5.94429669203487,-0,1.77635683940025e-15,0,78.4385421344395,0,0
9.42,100,27.0033726196983,15.9619438897482,2.58271577071055,7.5073071493465,2.17477672605518,7.93649607147139,5.6256222572379,-0,1.77635683940025e-15,0,78.6598870397037,0,0
9.44,100,27.0033726196983,16.0136303753811,2.58594084121511,7.55039706673298,2.13282337838344,7.77701936710327,5.30535532601509,-0,1.77635683940025e-15,0,78.8801988569298,0,0
9.46,100,27.0033726196983,16.0653818217166,2.58921063790576,7.59256347559159,2.08238261607706,7.60720054814896,4.98641608956134,-0,2.22044604925031e-15,0,79.0994762963263,0,0
9.48,100,27.0033726196983,16.117199050281,2.59251782325868,7.6336341985786,2.02322033393868,7.42788595756768,4.67166724802802,-0,2.22044604925031e-15,0,79.3177180502194,0,0
9.5,100,27.0033726196983,16.1690827336974,2.59585485011845,7.67343292209592,1.95515783557148,7.2400493428154,4.36388616051627,-0,2.22044604925031e-15,0,79.5349227959868,0,0
9.52,100,27.0033726196983,16.2210333918307,2.599213995446,7.7117803510992,1.87807635457956,7.0447772647619,4.06573839748321,-0,1.77635683940025e-15,0,79.7510891990755,0,0
9.54,100,27.0033726196983,16.273051388603,2.60258739339892,7.74849544574006,1.79192071402411,6.84325379399928,3.77975292600938,-0,1.77635683940025e-15,0,79.9662159160899,0,0
9.56,100,27.0033726196983,16.3251369294614,2.60596706767301,7.78339672247073,1.6967021118769,6.63674465277711,3.50829913820781,-0,1.77635683940025e-15,0,80.1803015979368,0,0
9.58,100,27.0033726196983,16.3772900594858,2.60934496302903,7.81630360207944,1.59250002871866,6.42658096345258,3.25356591120157,-0,2.22044604925031e-15,0,80.3933448930154,0,0
9.6,100,27.0033782137291,16.429510662118,2.61271297592539,7.84703778713402,1.47946326232469,6.21414276536721,3.01754286381107,-0,1.77635683940025e-15,0,80.6053444504379,0,0
9.62,100,27.0033782137291,16.4817984584942,2.61606298418301,7.87542465149284,1.35781010322815,6.00084253936665,2.80200633740681,-0,2.22044604925031e-15,0,80.8162990351507,0,0
9.64,100,27.0033782137291,16.5341530073599,2.61938687560736,7.9012946249264,1.22782767304407,5.78810865791076,2.6084982569771,-0,1.77635683940025e-15,0,81.0262071955406,0,0
9.66,100,27.0033782137291,16.5865737055463,2.6226765754241,7.92448455626358,1.08987044400419,5.57736909028506,2.4383219060302,-0,1.77635683940025e-15,0,81.2350676023203,0,0
9.68,100,27.0033782137291,16.639059788983,2.62592407251304,7.94483903912346,0.944357985754699,5.37003565889425,2.29253073313439,-0,2.22044604925031e-15,0,81.4428789398773,0,0
9.7,100,27.0033782137291,16.6916103342227,2.62912144435502,7.96221168519414,0.791771980147543,5.16748875274191,2.17192218596792,-0,1.77635683940025e-15,0,81.6496399094768,0,0
9.72,100,27.0033782137291,16.7442242604514,2.63226088061147,7.97646633087307,0.632652551154931,4.97106271555928,2.07703419584946,-0,2.22044604925031e-15,0,81.8553492324308,0,0
9.74,100,27.0033782137291,16.7969003319561,2.63533470526979,7.98747816410293,0.467593963937211,4.78203203561744,2.00814429646617,-0,1.77635683940025e-15,0,82.0600056532208,0,0
9.76,100,27.0033782137291,16.8496371610199,2.63833539729387,7.99513475936838,0.297239752065142,4.60159845418212,1.96527133509008,-0,1.77635683940025e-15,0,82.2636079425678,0,0
9.78,100,27.0033782137291,16.9024332112156,2.64125560972622,7.99933701004331,0.12227733620619,4.43087909853205,1.94817971006142,-0,1.33226762955019e-15,0,82.46615490044,0,0
9.8,100,27.999178291924,16.9552868010649,2.64408818719603,7.99999994858155,-0.0565677987996387,4.27089573358994,1.95638604489485,-0,1.77635683940025e-15,0,82.6676453589912,0,0
9.82,100,27.999178291924,17.0081961150477,2.6468275655965,7.99705458143592,-0.238316451583583,4.13643030857164,2.41404665304467,-0,1.77635683940025e-15,0,82.8879941869859,0,0
9.84,100,27.999178291924,17.0611592827668,2.649473786545,7.99046031951693,-0.421119474029072,4.04080646126267,2.89084960156821,-0,1.77635683940025e-15,0,83.1072842870576,0,0
9.86,100,27.999178291924,17.1141744538931,2.65202809805577,7.98021597449492,-0.603006425995025,3.98257437387371,3.38128779647644,-0,1.77635683940025e-15,0,83.3255146006767,0,0
9.88,100,27.999178291924,17.1672398011002,2.65449155610165,7.9663585601964,-0.782129373362391,3.960021923538,3.87984333144188,-0,1.33226762955019e-15,0,83.5426841060834,0,0
9.9,100,27.999178291924,17.2203535164328,2.65686504490556,7.94896073585791,-0.956773349700216,3.97119263085238,4.38104033979131,-0,1.33226762955019e-15,0,83.7587918178653,0,0
9.92,100,27.999178291924,17.2735138080449,2.65914929364916,7.9281280525021,-1.12536556847323,4.01390581877807,4.87949651781594,-0,1.33226762955019e-15,0,83.9738367866026,0,0
9.94,100,27.999178291924,17.3267188972376,2.66134488985862,7.9039960282123,-1.28648330948889,4.08577873781813,5.36997283765536,-0,8.88178419700125e-16,0,84.1878180985764,0,0
9.96,100,27.999178291924,17.3799670157345,2.66345228973808,7.87672707946145,-1.43886041800104,4.18425039891167,5.84742099476956,-0,4.44089209850063e-16,0,84.4007348755331,0,0
9.98,100,27.999178291924,17.4332564031351,2.66547182572898,7.84650733673299,-1.58139236992297,4.30660684379666,6.30702816570157,-0,8.88178419700125e-16,0,84.6125862745017,0,0
10,100,27.999178291924,17.4865853044944,2.66740371157964,7.81354337345032,-1.71313987180313,4.4500075737577,6.74425868610511,-0,8.88178419700125e-16,1,84.8233714876607,0,0
10.02,100,27.999178291924,17.5399519679808,2.66924804521289,7.77805887770615,-1.83333097942969,4.61151285172488,7.15489229645112,-0,0,0,85.0330897422525,0,0
10.04,100,27.999178291924,17.5933546425724,2.67100480968088,7.7402912964547,-1.941361734008,4.78811158963012,7.53505864302856,-0,0,0,85.2417403005442,0,0
10.06,100,27.999178291924,17.6467915757551,2.67267387249543,7.70048848170218,-2.03679532965238,4.97674953273543,7.88126776434679,-0,0,0,85.4493224598345,0,0
10.08,100,27.999178291924,17.7002610111938,2.67425498361923,7.65890536781156,-2.11935984031217,5.17435745527053,8.19043633739294,-0,-8.88178419700125e-16,0,85.6558355525065,0,0
10.1,100,27.999178291924,17.7537611863523,2.67574777239751,7.61580070833602,-2.18894454807865,5.37787908707962,8.45990950392989,-0,-8.88178419700125e-16,0,85.8612789461281,0,0
10.12,100,27.999178291924,17.8072903300435,2.67715174370315,7.57143389982373,-2.24559492796987,5.58429849897386,8.68747814363551,-0,-8.88178419700125e-16,0,86.0656520436003,0,0
10.14,100,27.999178291924,17.8608466598969,2.67846627355804,7.52606191880972,-2.28950635664898,5.79066668499162,8.87139150797712,-0,-8.88178419700125e-16,0,86.2689542833553,0,0
10.16,100,27.999178291924,17.9144283797351,2.67969060448281,7.47993639674532,-2.32101662399231,5.99412709263315,9.01036517570523,-0,0,0,86.4711851396064,0,0
10.18,100,27.999178291924,17.968033676857,2.68082384081378,7.43330085593081,-2.34059733689146,6.19193986719094,9.10358433743524,-0,0,0,86.672344122651,0,0
10.2,100,28.1373361920021,18.0216607192285,2.68186494421119,7.38638812763367,-2.34884431406502,6.38150459335321,9.15070246234168,-0,0,0,86.8724307792292,0,0
10.22,100,28.1373361920021,18.0753076535611,2.6828129215562,7.33941812898838,-2.346436299704,6.5623049877,9.21078333741186,-0,8.88178419700125e-16,0,87.0742078509406,0,0
10.24,100,28.1373361920021,18.1289726127273,2.68366737644456,7.2925973457672,-2.33403727119563,6.73381778691671,9.22482507771246,-0,0,0,87.2749118005991,0,0
10.26,100,28.1373361920021,18.182653722492,2.68442789434121,7.24611836731324,-2.31238741231981,6.89368349059944,9.19323096994805,-0,0,0,87.4745422864363,0,0
10.28,100,28.1373361920021,18.2363490981738,2.68509384522836,7.20015799333302,-2.28232347746381,7.03973538480222,9.11684977979809,-0,0,0,87.6730990042663,0,0
10.3,100,28.1373361920021,18.2900568403417,2.68566438436962,7.15487542597091,-2.24476635554869,7.17001530118309,8.99695860559011,-0,0,0,87.8705816877369,0,0
10.32,100,28.1373361920021,18.343775030536,2.68613845396728,7.11041071542722,-2.20070817312396,7.28278712747903,8.83524189487465,-0,8.88178419700125e-16,0,88.0669901086675,0,0
10.34,100,28.1373361920021,18.3975017270314,2.68651478583621,7.06688346704575,-2.1511990659921,7.37654797566508,8.63376689892454,-0,8.88178419700125e-16,0,88.2623240774727,0,0
10.36,100,28.1373361920021,18.4512349606661,2.68679190519645,7.02439181519681,-2.09733374975567,7.45003693891844,8.39495586994181,-0,8.88178419700125e-16,0,88.456583443669,0,0
10.38,100,28.1373361920021,18.504972730757,2.68696813566498,6.98301166667472,-2.0402380194103,7.50224139348248,8.1215553320143,-0,8.88178419700125e-16,0,88.6497680964645,0,0
10.4,100,29.5625225511976,18.5587130011284,2.68704160550592,6.94279621373925,-1.9810553065631,7.53240082646148,7.816602779376,-0,1.77635683940025e-15,0,88.8418779654295,0,0
10.42,100,29.5625225511976,18.6124537063193,2.68701223566787,6.90377733882651,-1.92061591316289,7.55985188132644,8.09147607695403,-0,1.77635683940025e-15,0,89.0614167484286,0,0
10.44,100,29.5625225511976,18.6661928550689,2.68688747377871,6.86598262768219,-1.85853281549288,7.60225845926081,8.33518433326917,-0,1.77635683940025e-15,0,89.2798807297063,0,0
10.46,100,29.5625225511976,18.7199286275683,2.68667599006059,6.82945077429872,-1.79425098582368,7.65656161302391,8.5452023845585,-0,1.77635683940025e-15,0,89.4972699588785,0,0
10.48,100,29.5625225511976,18.7736593695347,2.68638567180773,6.79422997276361,-1.72737447930749,7.71975009593321,8.71941442863218,-0,2.66453525910038e-15,0,89.713584520276,0,0
10.5,100,29.5625225511976,18.8273835768417,2.68602365200096,6.76037479716127,-1.65766009474451,7.78888407614555,8.85612527972441,-0,1.77635683940025e-15,0,89.9288245297887,0,0
10.52,100,29.5625225511976,18.8810998807061,2.68559633637202,6.72794321902092,-1.58500997183249,7.86111790926022,8.95406738443702,-0,8.88178419700125e-16,0,90.1429901320111,0,0
10.54,100,29.5625225511976,18.9348070334023,2.68510942918216,6.69699378279216,-1.50946320526452,7.93372175659489,9.01240360562718,-0,8.88178419700125e-16,0,90.3560814976795,0,0
10.56,100,29.5625225511976,18.9885038944824,2.68456795796465,6.66758295813561,-1.43118656458427,8.00410185199461,9.03072582246135,-0,8.88178419700125e-16,0,90.5680988213896,0,0
10.58,100,29.5625225511976,19.0421894174818,2.68397629746441,6.63976268596103,-1.35046441620943,8.06981923717579,9.00904943498988,-0,8.88178419700125e-16,0,90.779042319584,0,0
10.6,100,29.9800192293023,19.0958626370978,2.68333819299051,6.61357813315096,-1.26768795043779,8.12860680417823,8.9478039001081,-0,8.88178419700125e-16,0,90.9889122288024,0,0
10.62,100,29.9800192293023,19.1495226597727,2.68265736354767,6.58906614466419,-1.18325081046514,8.18419754870765,9.02595295716235,-0,8.88178419700125e-16,0,91.2060587377442,0,0
10.64,100,29.9800192293023,19.2031686831818,2.68193920171918,6.56625842328615,-1.09727617567213,8.23996082523536,9.06469742909022,-0,8.88178419700125e-16,0,91.4221321849786,0,0
10.66,100,29.9800192293023,19.2568000142952,2.68118894665619,6.54518440404011,-1.00991562862458,8.29333398724214,9.06379428983024,-0,8.88178419700125e-16,0,91.6371328575959,0,0
10.68,100,29.9800192293023,19.3104160576039,2.6804111160041,6.52586931934887,-0.921436050424568,8.34191770737564,9.02341979737015,-0,8.88178419700125e-16,0,91.8510610555478,0,0
10.7,100,29.9800192293023,19.3640163009679,2.67960953355075,6.50833200299099,-0.832208529740916,8.38349214416529,8.94415840084627,-0,8.88178419700125e-16,0,92.0639170898393,0,0
10.72,100,29.9800192293023,19.4176003020107,2.67878735637315,6.49258292140874,-0.742696737155364,8.41603122861102,8.82698793571753,-0,8.88178419700125e-16,0,92.2757012809984,0,0
10.74,100,29.9800192293023,19.471167675054,2.67794710165905,6.47862244193605,-0.653444877894044,8.43771495920994,8.67326131781579,-0,8.88178419700125e-16,0,92.4864139578123,0,0
10.76,100,29.9800192293023,19.5247180785865,2.67709067335941,6.46643934522681,-0.56506533841513,8.44693961577303,8.48468497746671,-0,8.88178419700125e-16,0,92.6960554563196,0,0
10.78,100,29.9800192293023,19.5782512032652,2.67621938880739,6.45600958684064,-0.478226143537174,8.4423258246347,8.26329430240366,-0,8.88178419700125e-16,0,92.9046261190479,0,0
10.8,100,31.2508336699579,19.6317667604502,2.67533400541861,6.44729531060733,-0.393638340829793,8.42272443034712,8.01142638254612,-0,8.88178419700125e-16,0,93.1121262944861,0,0
10.82,100,31.2508336699579,19.6852644802278,2.67443651353704,6.44024556255256,-0.311760312354403,8.40491442889386,8.27390933786676,-0,8.88178419700125e-16,0,93.3439726255934,0,0
10.84,100,31.2508336699579,19.7387441965692,2.67353526856552,6.43481093874906,-0.231990652891632,8.40419352126544,8.50565170403008,-0,8.88178419700125e-16,0,93.5747491822113,0,0
10.86,100,31.2508336699579,19.7922059273063,2.67263938807994,6.43095681758914,-0.153602856620559,8.4173937924741,8.70416754637423,-0,8.88178419700125e-16,0,93.8044563245343,0,0
10.88,100,31.2508336699579,19.8456498624642,2.67175698108768,6.42866144232933,-0.0760358963924729,8.4414046998313,8.86738362896824,-0,0,0,94.0330944106447,0,0
10.9,100,31.2508336699579,19.8990763445169,2.67089519033202,6.42791267799176,0.00111260224833718,8.47319634679809,8.99364969322571,-0,0,0,94.2606637932675,0,0
10.92,100,31.2508336699579,19.9524858494674,2.67006023250479,6.42870491525462,0.0780942211704195,8.50984178108598,9.08174451384331,-0,0,0,94.4871648169122,0,0
10.94,100,31.2508336699579,20.0058789687131,2.66925743664994,6.43103614121386,0.155018562369782,8.54853810787503,9.13087774722127,-0,0,0,94.7125978153844,0,0
10.96,100,31.2508336699579,20.0592563916643,2.66849128102515,6.43490519518274,0.231862923454225,8.58662622482408,9.1406876285212,-0,0,0,94.9369631096537,0,0
10.98,100,31.2508336699579,20.1126188890858,2.66776542867095,6.44030922582485,0.308482738788809,8.62160900294015,9.11123461320498,-0,0,0,95.1602610060604,0,0
11,100,31.7086430165971,20.1659672971395,2.66708276191883,6.44724136391042,0.384622683026994,8.65116775615107,9.04299109692555,-0,-8.88178419700125e-16,0,95.3824917948498,0,0
11.02,100,31.7086430165971,20.2193025053332,2.66644605223892,6.45568914468356,0.460030320745132,8.67955120416893,9.13216110279524,-0,-8.88178419700125e-16,0,95.6128119359503,0,0
11.04,100,31.7086430165971,20.272625476332,2.66585983231446,6.46563809757941,0.534754497584741,8.71059538080008,9.18260019248628,-0,-1.33226762955019e-15,0,95.8420654969393,0,0
11.06,100,31.7086430165971,20.3259372643611,2.66532840024578,6.47707498286931,0.608816670058891,8.74161592178897,9.19392177795867,-0,-1.33226762955019e-15,0,96.0702527121618,0,0
11.08,100,31.7086430165971,20.3792390010416,2.66485520382432,6.48998573520605,0.682114619057358,8.77009046045772,9.16616139118139,-0,-1.33226762955019e-15,0,96.2973737940761,0,0
11.1,100,31.7086430165971,20.4325318787573,2.6644428776233,6.50435310027335,0.754433567576411,8.79367509409693,9.0997665530623,-0,-1.33226762955019e-15,0,96.5234289318731,0,0
11.12,100,31.7086430165971,20.485817134753,2.66409327911404,6.52015449952351,0.82545785351237,8.81021901172082,8.99558289169664,-0,-8.88178419700125e-16,0,96.7484182904218,0,0
11.14,100,31.7086430165971,20.5390960359469,2.66380752400473,6.53736013299314,0.894783045785507,8.81777716628065,8.85483671180595,-0,-8.88178419700125e-16,0,96.9723420095247,0,0
11.16,100,31.7086430165971,20.5923698644436,2.66358602097829,6.55593132792213,0.961928389347122,8.81462089601721,8.67911424830195,-0,-1.33226762955019e-15,0,97.1952002034704,0,0
11.18,100,31.7086430165971,20.6456399037372,2.66342850598477,6.57581913859582,1.02634946309473,8.79924642174,8.4703378651599,-0,-8.88178419700125e-16,0,97.4169929608692,0,0
11.2,100,32.9680582617795,20.6989074255967,2.6633340762226,6.59696320050447,1.08745093437037,8.77038116922286,8.23073948589929,-0,-8.88178419700125e-16,0,97.6377203447577,0,0
11.22,100,32.9680582617795,20.7521736865026,2.66330297405136,6.61929227508851,1.14487987049893,8.74452344829223,8.50018683111722,-0,-8.88178419700125e-16,0,97.8825706978617,0,0
11.24,100,32.9680582617795,20.8054400105753,2.66334167988309,6.64273860915943,1.19932591860501,8.73670759209983,8.73841575843241,-0,-8.88178419700125e-16,0,98.1263557274397,0,0
11.26,100,32.9680582617795,20.8587078675009,2.66345736601623,6.66725089760923,1.25159532181522,8.74367244977771,8.94291178240968,-0,-8.88178419700125e-16,0,98.3690754177706,0,0
11.28,100,32.9680582617795,20.9119788597615,2.66365614792293,6.69279223885381,1.30232328432636,8.76221866407627,9.11158075160269,-0,-4.44089209850063e-16,0,98.6107297223766,0,0
11.3,100,32.9680582617795,20.9652547019803,2.66394313201999,6.71933678345615,1.35198109115639,8.78923214794913,9.24275897778599,-0,-4.44089209850063e-16,0,98.851318561575,0,0
11.32,100,32.9680582617795,21.0185372011987,2.66432246108348,6.74686653567392,1.40088426776142,8.82170656071246,9.33521908259767,-0,-8.88178419700125e-16,0,99.0908418204346,0,0
11.34,100,32.9680582617795,21.0718282380397,2.66479735760272,6.77536832791286,1.44920169643109,8.85676457245952,9.38817157948552,-0,-8.88178419700125e-16,0,99.3292993471166,0,0
11.36,100,32.9680582617795,21.1251297487213,2.66537016535293,6.80483098631981,1.49696559799119,8.89167772155421,9.40126225039139,-0,-4.44089209850063e-16,0,99.5666909515847,0,0
11.38,100,32.9680582617795,21.1784437078845,2.66604238944759,6.83524270384502,1.54408228002993,8.92388468776603,9.37456541676535,-0,-4.44089209850063e-16,0,99.8030164046658,0,0
11.4,100,33.4099580424315,21.2317721122102,2.66681473511293,6.8665886350638,1.59034354667303,8.95100782273976,9.30857324298004,-0,0,0,100.038275437447,0,0
11.42,100,33.4099580424315,21.2851169679132,2.66768775948696,6.89884922857755,1.63553710754388,8.97702062359262,9.39272682407736,-0,0,0,100.281305736606,0,0
11.44,100,33.4099580424315,21.338480309094,2.66866368364642,6.93200356148853,1.67973531930908,9.00551064590958,9.43777166254169,-0,0,0,100.523268957223,0,0
11.46,100,33.4099580424315,21.3918642148291,2.66974447097288,6.9660323475355,1.72297866268832,9.03378437551659,9.44342514603972,-0,8.88178419700125e-16,0,100.764164708864,0,0
11.48,100,33.4099580424315,21.4452707949201,2.67093123743835,7.00091585058861,1.76518352729511,9.05931762598957,9.40982764501601,-0,0,0,101.003992559177,0,0
11.5,100,33.4099580424315,21.4987021733504,2.6722242918428,7.03663151636956,1.80615366245739,9.07977155037911,9.33753123367276,-0,8.88178419700125e-16,0,101.242752033446,0,0
11.52,100,33.4099580424315,21.5521604725345,2.67362317494353,7.07315183861899,1.84559215253413,9.09300677052367,9.22748469069216,-0,8.88178419700125e-16,0,101.480442614464,0,0
11.54,100,33.4099580424315,21.6056477983407,2.67512669767653,7.11044246907413,1.88311380354682,9.09709551216298,9.08101499166558,-0,8.88178419700125e-16,0,101.717063742718,0,0
11.56,100,33.4099580424315,21.6591662258708,2.6767329786488,7.14846057833015,1.91825782553935,9.09033165595293,8.89980553571881,-0,8.88178419700125e-16,0,101.952614816862,0,0
11.58,100,33.4099580424315,21.7127177859835,2.67843948105904,7.18715347233288,1.95050069386575,9.07123863683451,8.6858713763532,-0,8.88178419700125e-16,0,102.187095194468,0,0
11.6,100,33.4099584253085,21.7663044525517,2.68024304918278,7.2264574669122,1.97926907257332,9.03857514679452,8.44153175097435,-0,8.88178419700125e-16,0,102.420504193042,0,0
11.62,100,33.4099584253085,21.8199281304462,2.68213994453674,7.26629702043848,2.00395268426071,8.99133862398179,8.16938038796516,-0,8.88178419700125e-16,0,102.652841098937,0,0
11.64,100,33.4099584253085,21.8735906442399,2.68412588181591,7.30658412239442,2.02391701302706,8.92876651168515,7.87225310589877,-0,8.88178419700125e-16,0,102.884105145883,0,0
11.66,100,33.4099584253085,21.92729372763,2.68619606467114,7.34721793340888,2.03851572971608,8.85033532105847,7.55319469083295,-0,8.88178419700125e-16,0,103.114295539663,0,0
11.68,100,33.4099584253085,21.9810390135733,2.68834522138327,7.38808467013916,2.04710273442137,8.75575755086039,7.2154237702622,-0,8.88178419700125e-16,0,103.343411452381,0,0
11.7,100,33.4099584253085,22.0348280251355,2.69056764046486,7.42905772633356,2.04904371572756,8.644976511735,6.86229686639749,-0,8.88178419700125e-16,0,103.571452024565,0,0
11.72,100,33.4099584253085,22.088662167051,2.69285720620212,7.46999801945447,2.04372713240484,8.51815914388906,6.49727183248283,-0,8.88178419700125e-16,0,103.798416367451,0,0
11.74,100,33.4099584253085,22.1425427179933,2.69520743413195,7.5107545504273,2.03057453041023,8.37568692974675,6.12387103852637,-0,8.88178419700125e-16,0,104.024303565429,0,0
11.76,100,33.4099584253085,22.1964708235541,2.69761150643241,7.5511651624141,2.00905011582856,8.21814502012105,5.74564466858854,-0,8.88178419700125e-16,0,104.249112678637,0,0
11.78,100,33.4099584253085,22.2504474899294,2.70006230718937,7.59105748300686,1.97866951280976,8.04630970791755,5.36613448400907,-0,8.88178419700125e-16,0,104.472842745682,0,0
11.8,100,33.4099605670882,22.3044735783084,2.70255245748782,7.63025003290521,1.9390076445315,7.86113439725625,4.98883839593817,-0,8.88178419700125e-16,0,104.69549278649,0,0
11.82,100,33.4099605670882,22.3585497999626,2.70507435026648,7.66855348300011,1.88970568511592,7.66373425787816,4.61717709016269,-0,0,0,104.917061848091,0,0
11.84,100,33.4099605670882,22.4126767120292,2.70762018486305,7.70577204084932,1.83047704010972,7.455369642888,4.25445843738709,-0,0,0,105.137548879152,0,0
11.86,100,33.4099605670882,22.4668547139809,2.71018200114081,7.74170494672844,1.76111231897364,7.23742851536248,3.90384914864578,-0,0,0,105.356952861606,0,0
11.88,100,33.4099605670882,22.5210840447736,2.71275171312797,7.77614805889043,1.68148328100999,7.0114081250665,3.56834477777396,-0,0,0,105.575272770995,0,0
11.9,100,33.4099605670882,22.5753647806616,2.71532114206642,7.80889550736303,1.59154574175652,6.77889603438216,3.25074289501927,-0,0,0,105.792507579707,0,0
11.92,100,33.4099605670882,22.6296968336661,2.71788204876216,7.83974139544662,1.49134143710623,6.54155071744339,2.95361873652301,-0,0,0,106.008656260246,0,0
11.94,100,33.4099605670882,22.6840799510591,2.72042621896817,7.86848158880974,1.38100745479834,6.30168480654427,2.67927405575722,-0,8.88178419700125e-16,0,106.223717788525,0,0
11.96,100,33.4099605670882,22.7385137182577,2.72294572313331,7.89491595075448,1.26081207260359,6.06168480654427,2.42959202401041,-0,0,0,106.437691147136,0,0
11.98,100,33.4099605670882,22.7929975619697,2.72543248604916,7.9188504806118,1.13107800100915,5.82168480654427,2.20626933089564,-0,0,0,106.650575328545,0,0
12,100,33.4099605670882,22.8475307427914,2.72787799804915,7.94009762857166,0.992131184505485,5.58215826480498,2.01098278789127,-0,0,1,106.862369338332,0,0
12.02,100,33.4099605670882,22.9021123510125,2.73027388687432,7.95847704096082,0.844387971669927,5.34627290460356,1.84508798250242,-0,0,0,107.073072198576,0,0
12.04,100,33.4099605670882,22.9567413142145,2.73261217832716,7.97381806069233,0.6883879320565,5.11588495385401,1.7094796287243,-0,8.88178419700125e-16,0,107.282682951187,0,0
12.06,100,33.4099605670882,23.0114164018378,2.73488503599573,7.985961550972,0.524742564495955,4.89261380525929,1.60474029676535,-0,8.88178419700125e-16,0,107.491200661108,0,0
12.08,100,33.4099605670882,23.0661362281586,2.73708478354591,7.99476127840037,0.354129748186631,4.67800180254341,1.53114050045079,-0,8.88178419700125e-16,0,107.698624419453,0,0
12.1,100,33.4099605670882,23.1208992557066,2.73920392609793,8.00008518068683,0.177287649229545,4.47349915841254,1.48864147791065,-0,8.88178419700125e-16,0,107.904953346574,0,0
12.12,100,33.4099605670882,23.1757037990942,2.74123516993166,8.00181650650077,-0.00499195907889405,4.28045012285957,1.47690097141799,-0,1.77635683940025e-15,0,108.110186595055,0,0
12.14,100,33.4099605670882,23.2305480292222,2.74317144045955,7.99985481653663,-0.191870881395027,4.10008051104355,1.49528189293929,-0,1.77635683940025e-15,0,108.314323352637,0,0
12.16,100,33.4099605670882,23.2854299778273,2.74500589841725,7.99411683652006,-0.382472106839265,3.93348668475635,1.54286373589062,-0,1.77635683940025e-15,0,108.517362845037,0,0
12.18,100,33.4099605670882,23.3403475423356,2.74673195423323,7.98453715458952,-0.575887750393958,3.78162606562833,1.61845656939001,-0,1.77635683940025e-15,0,108.719304338694,0,0
12.2,100,34.187959047989,23.3952984909846,2.74834328055028,7.97106875723363,-0.771187241196873,3.64530924189176,1.72061742911367,-0,1.77635683940025e-15,0,108.920147143396,0,0
12.22,100,34.187959047989,23.4502804736584,2.74983490401963,7.95368428650275,-0.967252344478989,3.53602623240824,2.17961785956657,-0,1.77635683940025e-15,0,109.135450584432,0,0
12.24,100,34.187959047989,23.5052910859318,2.75120633940326,7.93238550675783,-1.16229905578684,3.4640584649901,2.65811453322019,-0,1.77635683940025e-15,0,109.349654095513,0,0
12.26,100,34.187959047989,23.5603279297641,2.75245814960982,7.9072115859874,-1.3544656579922,3.42807844989005,3.15063140388538,-0,1.77635683940025e-15,0,109.562757128044,0,0
12.28,100,34.187959047989,23.6153886178721,2.7535908497495,7.87823778870046,-1.54200612229095,3.42649018325717,3.65167177625003,-0,8.88178419700125e-16,0,109.774759181285,0,0
12.3,100,34.187959047989,23.6704707728996,2.75460491913247,7.84557305162548,-1.72330096175157,3.45744687083501,4.15577145021177,-0,1.77635683940025e-15,0,109.985659802141,0,0
12.32,100,34.187959047989,23.7255720267941,2.75550081002428,7.80935735464091,-1.89686684035553,3.51887089781679,4.65755061076648,-0,1.77635683940025e-15,0,110.195458584968,0,0
12.34,100,34.187959047989,23.7806900203281,2.75627895340239,7.76975891263589,-2.06136485907608,3.60847580311153,5.15176397723931,-0,1.77635683940025e-15,0,110.404155171396,0,0
12.36,100,34.187959047989,23.835822402708,2.75693976196949,7.72697121542313,-2.21560745520961,3.72379000134015,5.63334875183407,-0,1.77635683940025e-15,0,110.611749250154,0,0
12.38,100,34.187959047989,23.8909668312181,2.75748363068765,7.68120994395165,-2.35856386618289,3.86218198372597,6.09746993754534,-0,1.77635683940025e-15,0,110.818240556904,0,0
12.4,100,34.187959047989,23.9461209708519,2.75791093510431,7.6327097918913,-2.48936412425744,4.02088671973837,6.53956262932504,-0,1.77635683940025e-15,1,111.023628874088,0,0
12.42,100,34.187959047989,24.0012824938913,2.75822202774556,7.58172122217962,-2.6073015637873,4.19703297492821,6.95537091936007,-0,1.77635683940025e-15,0,111.227914030771,0,0
12.44,100,34.187959047989,24.0564490793957,2.75841723285414,7.52850718833738,-2.71183383780925,4.3876712568716,7.34098309719849,-0,2.66453525910038e-15,0,111.431095902506,0,0
12.46,100,34.187959047989,24.1116184125722,2.75849683974962,7.47333985027405,-2.80258245560943,4.58980210049095,7.69286286768399,-0,2.66453525910038e-15,0,111.6331744112,0,0
12.48,100,34.187959047989,24.1667881840013,2.75846109508584,7.41649731392634,-2.87933086737717,4.80040440620712,8.00787635377522,-0,2.66453525910038e-15,0,111.834149525003,0,0
12.5,100,34.187959047989,24.221956088699,2.75831019427614,7.3582604234102,-2.94202113599226,5.01646354931541,8.28331469697031,-0,2.66453525910038e-15,0,112.034021258207,0,0
12.52,100,34.187959047989,24.2771198250011,2.7580442723502,7.29890963343198,-2.99074924926865,5.23499898657603,8.51691211461427,-0,2.66453525910038e-15,0,112.232789671166,0,0
12.54,100,34.187959047989,24.3322770932616,2.75766339449765,7.23872198851143,-3.02575913847991,5.45309109613991,8.70685932046696,-0,2.66453525910038e-15,0,112.430454870247,0,0
12.56,100,34.187959047989,24.3874255943603,2.75716754654298,7.17796823413497,-3.04743548061074,5.66790699944878,8.85181226204521,-0,2.66453525910038e-15,0,112.627017007802,0,0
12.58,100,34.187959047989,24.4425630280218,2.75655662558371,7.11691008330085,-3.05629537241804,5.87672512848842,8.95089617496034,-0,2.66453525910038e-15,0,112.822476282174,0,0
12.6,100,34.3012230996183,24.4976870909496,2.7558304310099,7.05579766005837,-3.05297897395909,6.07695831854789,9.00370500031256,-0,1.77635683940025e-15,0,113.016832937737,0,0
12.62,100,34.3012230996183,24.5527954755857,2.75498881350297,6.9948672687034,-3.03821399440404,6.26775226552223,9.05862267941622,-0,2.66453525910038e-15,0,113.212352546012,0,0
12.64,100,34.3012230996183,24.6078858764264,2.75403212240229,6.93434059649945,-3.01273377020607,6.44827504950765,9.06732435347039,-0,2.66453525910038e-15,0,113.406770162596,0,0
12.66,100,34.3012230996183,24.6629559956844,2.75296069719956,6.87442399728204,-2.97734987013812,6.61622098231881,9.03026784759634,-0,2.66453525910038e-15,0,113.600086170154,0,0
12.68,100,34.3012230996183,24.7180035406106,2.75177470163559,6.8153066450332,-2.93296669194412,6.76947715877586,8.94835486656506,-0,2.66453525910038e-15,0,113.792300997251,0,0
12.7,100,34.3012230996183,24.7730262199464,2.75047412056987,6.75715880036662,-2.88056906964057,6.90613910181675,8.82291351036507,-0,1.77635683940025e-15,0,113.983415118285,0,0
12.72,100,34.3012230996183,24.8280217403238,2.74905875795292,6.70013032961678,-2.82120942728029,7.02452414505384,8.65567697057782,-0,1.77635683940025e-15,0,114.173429053495,0,0
12.74,100,34.3012230996183,24.8829878026366,2.74752823601536,6.64434948430771,-2.75599460894395,7.12318246128179,8.44875868564682,-0,1.77635683940025e-15,0,114.362343369039,0,0
12.76,100,34.3012230996183,24.9379220984092,2.74588199576651,6.58992194617055,-2.68607251563812,7.20090567026044,8.20462426265819,-0,1.77635683940025e-15,0,114.550158677145,0,0
12.78,100,34.3012230996183,24.9928223061885,2.7441192988742,6.5369301402671,-2.61261867939021,7.25673298410067,7.92606049917736,-0,1.77635683940025e-15,0,114.736875636333,0,0
12.8,100,35.7319309259314,25.0476860879874,2.74223923097602,6.48543281618531,-2.53682290317091,7.28995487352503,7.6161418609042,-0,1.77635683940025e-15,0,114.922494951712,0,0
12.82,100,35.7319309259314,25.1025110958903,2.74024269461535,6.43546652546195,-2.45955735538035,7.32003482756156,7.88863553887276,-0,1.77635683940025e-15,0,115.135631531872,0,0
12.84,100,35.7319309259314,25.1572950762575,2.73813816279867,6.38706276498467,-2.38046901979567,7.36475495297987,8.13019976232882,-0,1.77635683940025e-15,0,115.347672018547,0,0
12.86,100,35.7319309259314,25.2120359676212,2.73593534797857,6.34026350292568,-2.29903323756589,7.42109191403279,8.33831133972124,-0,1.77635683940025e-15,0,115.558617253227,0,0
12.88,100,35.7319309259314,25.2667318949553,2.73364318638879,6.29511962251947,-2.21488222161092,7.48606781330567,8.51085361902209,-0,2.66453525910038e-15,0,115.768468116739,0,0
12.9,100,35.7319309259314,25.3213811544178,2.73126986452525,6.251687844785,-2.1277988575112,7.55677387445379,8.64612788571617,-0,1.77635683940025e-15,0,115.977225525676,0,0
12.92,100,35.7319309259314,25.3759821986091,2.72882284419241,6.21002778599715,-2.03770944021589,7.6303931951529,8.74286054078453,-0,1.77635683940025e-15,0,116.184890429118,0,0
12.94,100,35.7319309259314,25.4305336223185,2.72630888637416,6.17019917040873,-1.94467542627853,7.70422235800944,8.80020606379252,-0,8.88178419700125e-16,0,116.391463805647,0,0
12.96,100,35.7319309259314,25.4850341487386,2.72373407417347,6.13225921704352,-1.84888428987406,7.77569170254439,8.81774580740824,-0,1.77635683940025e-15,0,116.596946660645,0,0
12.98,100,35.7319309259314,25.5394826161308,2.72110383504917,6.09626021753864,-1.75063957836071,7.84238407836369,8.79548270970637,-0,1.77635683940025e-15,0,116.801340023856,0,0
13,100,36.144989297145,25.593877964931,2.718422962561,6.06224732003323,-1.65035026956934,7.90205191805918,8.73383204901951,-0,1.77635683940025e-15,0,117.004644947215,0,0
13.02,100,36.144989297145,25.6482192281961,2.71569621181707,6.03025700281019,-1.54842751601726,7.95838373636837,8.80984820300652,-0,1.77635683940025e-15,0,117.215123670356,0,0
13.04,100,36.144989297145,25.7025055506252,2.71292998009802,6.00032022530919,-1.44501462566589,8.01470823266841,8.84662875166607,-0,2.66453525910038e-15,0,117.424516116322,0,0
13.06,100,36.144989297145,25.7567362061447,2.71013049816385,5.97246527721278,-1.3402827390777,8.06848531296058,8.8439320893137,-0,2.66453525910038e-15,0,117.632823391399,0,0
13.08,100,36.144989297145,25.8109105859562,2.70730326719464,5.94671586974425,-1.23451678025812,8.11733678652126,8.80193428064487,-0,2.66453525910038e-15,0,117.840046615195,0,0
13.1,100,36.144989297145,25.8650281842091,2.70445308519857,5.92308896902605,-1.12810445554382,8.15906252242791,8.72121804831672,-0,2.66453525910038e-15,0,118.046186918443,0,0
13.12,100,36.144989297145,25.9190885841985,2.7015840730001,5.90159285500026,-1.02152471701402,8.19165473214735,8.60275805890455,-0,2.66453525910038e-15,0,118.25124544108,0,0
13.14,100,36.144989297145,25.9730914450784,2.69869969998052,5.88222541549845,-0.915335803151523,8.21331026698473,8.44790271708029,-0,2.66453525910038e-15,0,118.455223330594,0,0
13.16,100,36.144989297145,26.02703648909,2.69580280972341,5.86497268276748,-0.810162971880864,8.22244084090124,8.25835270819546,-0,2.66453525910038e-15,0,118.65812174064,0,0
13.18,100,36.144989297145,26.0809234893018,2.69289564569687,5.84980761744156,-0.706686042328295,8.21768111138165,8.03613655690253,-0,2.66453525910038e-15,0,118.8599418299,0,0
13.2,100,37.4150216337392,26.1347522578658,2.68997987708393,5.83668914262113,-0.605626861692781,8.19789457344395,7.7835834937459,-0,1.77635683940025e-15,0,119.060684761183,0,0
13.22,100,37.4150216337392,26.1885226437397,2.68705838973561,5.82556287599625,-0.507453871233667,8.17986063206944,8.04517920905968,-0,1.77635683940025e-15,0,119.285752347493,0,0
13.24,100,37.4150216337392,26.2422346174757,2.68414041441421,5.81637578590106,-0.411575550815994,8.1788771372582,8.27615999265069,-0,1.77635683940025e-15,0,119.50974511032,0,0
13.26,100,37.4150216337392,26.2958883508154,2.68123592668524,5.80908943129775,-0.31727459703279,8.19178655688603,8.4740332465419,-0,1.77635683940025e-15,0,119.732664216524,0,0
13.28,100,37.4150216337392,26.3494842046858,2.67835387665037,5.8036780600534,-0.223998387220848,8.21548761098624,8.63671845138342,-0,8.88178419700125e-16,0,119.9545108276,0,0
13.3,100,37.4150216337392,26.4030227091105,2.6755022306637,5.80012538115056,-0.13135221796706,8.24695858129084,8.76255755087264,-0,1.77635683940025e-15,0,120.175286096104,0,0
13.32,100,37.4150216337392,26.4565045439351,2.67268801100781,5.79842148262503,-0.0390915066739221,8.28327964958197,8.85032111449856,-0,1.77635683940025e-15,0,120.39499116246,0,0
13.34,100,37.4150216337392,26.5099305203271,2.66991733381042,5.79855991517111,0.0528869624848375,8.32165405545936,8.89921029281349,-0,1.77635683940025e-15,0,120.613627152154,0,0
13.36,100,37.4150216337392,26.5633015630199,2.66719544546597,5.80053495964275,0.144554658546263,8.35942787989284,8.90885462040916,-0,1.77635683940025e-15,0,120.83119517328,0,0
13.38,100,37.4150216337392,26.6166186932711,2.66452675780992,5.80433909481107,0.235761692714369,8.39410827827923,8.8793057615372,-0,1.33226762955019e-15,0,121.047696314448,0,0
13.4,100,37.8732578919717,26.6698830125151,2.66191488227477,5.80996067973549,0.326247873137061,8.42338000546446,8.81102733132923,-0,1.77635683940025e-15,0,121.263131643012,0,0
13.42,100,37.8732578919717,26.7230956899177,2.65936330002015,5.81738238529247,0.415756404427659,8.45150038103718,8.9003968313625,-0,1.33226762955019e-15,0,121.486666928793,0,0
13.44,100,37.8732578919717,26.7762579818166,2.6568772354505,5.82658479678268,0.504332504160516,8.4823127375336,8.9510772801599,-0,1.77635683940025e-15,0,121.709138467063,0,0
13.46,100,37.8732578919717,26.8293712497463,2.6544616582935,5.83754966211208,0.591994376636855,8.51313306553799,8.96267204731293,-0,1.77635683940025e-15,0,121.930547252081,0,0
13.48,100,37.8732578919717,26.8824369458616,2.65212066707162,5.85025784098082,0.678636790525137,8.5414386969226,8.93520707539316,-0,1.33226762955019e-15,0,122.150894249943,0,0
13.5,100,37.8732578919717,26.9354565958839,2.64985752603381,5.86468694600416,0.764042164460265,8.5648848457962,8.86912084014307,-0,1.33226762955019e-15,0,122.370180396936,0,0
13.52,100,37.8732578919717,26.9884317827776,2.64767470114481,5.88080921132094,0.847892211879048,8.58131931162904,8.76525055175423,-0,8.88178419700125e-16,0,122.588406598235,0,0
13.54,100,37.8732578919717,27.0413641311377,2.64557389532791,5.89858959876205,0.929780033303063,8.58879522704444,8.62481479847743,-0,1.33226762955019e-15,0,122.805573726913,0,0
13.56,100,37.8732578919717,27.0942552922766,2.64355608313648,5.91798414938597,1.00922254153609,8.58558175435709,8.4493928650389,-0,1.33226762955019e-15,0,123.021682623261,0,0
13.58,100,37.8732578919717,27.1471069299998,2.64162154500848,5.93893858588051,1.0856731036862,8.57017265705534,8.24090098660586,-0,8.88178419700125e-16,0,123.236734094393,0,0
13.6,100,39.1358582902823,27.1999207070634,2.63976990123736,5.96138716900222,1.15853428354496,8.54129269484195,8.00156582433034,-0,1.33226762955019e-15,0,123.45072891414,0,0
13.62,100,39.1358582902823,27.2526982812057,2.63800190032707,5.98525324802585,1.227451854209,8.5154817219668,8.27260974842171,-0,1.77635683940025e-15,0,123.688919831157,0,0
13.64,100,39.1358582902823,27.3054413878877,2.63632452471994,6.01046366003066,1.29311696463447,8.50781124319497,8.51239182882309,-0,1.33226762955019e-15,0,123.926055544383,0,0
13.66,100,39.1358582902823,27.3581519180179,2.63474543058478,6.03696172824154,1.35633778079476,8.51501040382314,8.71838119315599,-0,1.77635683940025e-15,0,124.162136724515,0,0
13.68,100,39.1358582902823,27.4108319047522,2.63327119468579,6.06470521452462,1.41775109398102,8.53386976154056,8.88846884956301,-0,2.22044604925031e-15,0,124.39716400297,0,0
13.7,100,39.1358582902823,27.463483502389,2.63190736230115,6.09366296120992,1.47782943309139,8.56126489100117,9.02097792516054,-0,2.22044604925031e-15,0,124.631137969258,0,0
13.72,100,39.1358582902823,27.516108966199,2.63065849280065,6.12381168575397,1.53688922323993,8.59417898615084,9.11466960313134,-0,2.22044604925031e-15,0,124.864059168762,0,0
13.74,100,39.1358582902823,27.5687106331454,2.62952820317839,6.15513294835051,1.59509990733188,8.62972424788046,9.16874477585755,-0,2.22044604925031e-15,0,125.095928100908,0,0
13.76,100,39.1358582902823,27.621290903457,2.62851920981923,6.18761031084377,1.65249393881847,8.6651618607642,9.18284147322563,-0,2.22044604925031e-15,0,125.326745217722,0,0
13.78,100,39.1358582902823,27.6738522230206,2.6276333687604,6.22122670338766,1.7089775464864,8.69792038043657,9.1570281655894,-0,2.22044604925031e-15,0,125.55651092274,0,0
13.8,100,39.6087012031808,27.7263970665664,2.62687171469017,6.25596201324751,1.76434216590363,8.72561237235736,9.09179307954816,-0,2.22044604925031e-15,0,125.785225570264,0,0
13.82,100,39.6087012031808,27.7789279249531,2.62623515598587,6.29179144693121,1.81838176831285,8.75263282584122,9.1897777988472,-0,2.22044604925031e-15,0,126.022346323206,0,0
13.84,100,39.6087012031808,27.8314473254245,2.62572641129688,6.32868922815239,1.87120098303185,8.78294952416096,9.24838582921085,-0,2.22044604925031e-15,0,126.258416577817,0,0
13.86,100,39.6087012031808,27.8839578504696,2.62534795108654,6.36663192964878,1.92287555410356,8.81379446805719,9.26720129102751,-0,2.22044604925031e-15,0,126.493436537513,0,0
13.88,100,39.6087012031808,27.9364621231031,2.62510136440887,6.40559633636471,1.9733528004129,8.84256543790398,9.24623891788648,-0,2.22044604925031e-15,0,126.727406353626,0,0
13.9,100,39.6087012031808,27.9889627896488,2.62498739978873,6.44555698973123,2.02246299745472,8.8668427608936,9.1859338200605,-0,2.22044604925031e-15,0,126.960326124765,0,0
13.92,100,39.6087012031808,28.0414625033273,2.62500600494814,6.48648396542334,2.06993132465445,8.88440421100454,9.08712742468966,-0,2.22044604925031e-15,0,127.192195896519,0,0
13.94,100,39.6087012031808,28.0939639086294,2.62515636558613,6.5283408947749,2.11539026464205,8.8932379220948,8.95104979732375,-0,2.22044604925031e-15,0,127.423015661473,0,0
13.96,100,39.6087012031808,28.146469626457,2.62543694339777,6.57108323773011,2.1583923380821,8.89155321642735,8.7792985812259,-0,2.22044604925031e-15,0,127.652785359534,0,0
13.98,100,39.6087012031808,28.1989822400184,2.62584551349704,6.61465681286445,2.19842305607292,8.87778927343773,8.57381481963991,-0,1.77635683940025e-15,0,127.881504878545,0,0
14,100,40.422003763824,28.2515042814662,2.62637920138585,6.65899658764227,2.23491397173736,8.85062158636119,8.33685595192331,-1.2,1.77635683940025e-15,0,128.109174055176,0,0
14.02,100,40.422003763824,28.3037989685712,2.6031505237714,6.70404117736063,2.27014338483182,8.96112082359261,12.8081846563781,-1.2,-0.0354653594999985,0,128.352060323919,0,0
14.04,100,40.422003763824,28.3556329360587,2.58031360315156,6.74985731824587,2.31306731152185,9.20112082359261,17.1653786669801,-1.2,-0.0698825592296117,0,128.593905318918,0,0
14.06,100,40.422003763824,28.4070142088802,2.55788115431783,6.79662681572425,2.36543308304761,9.44112082359261,21.402197121206,-1.2,-0.103282576991397,0,128.834718174998,0,0
14.08,100,40.422003763824,28.4579508840394,2.53585401929668,6.8445357477293,2.4269647545133,9.68112082359261,25.5190041774855,-1.2,-0.135695475055492,0,129.074507865109,0,0
14.1,100,40.422003763824,28.508451080425,2.51423354111052,6.89376467102734,2.49738618605247,9.92112082359261,29.5161115176408,-1.2,-0.167150427217687,0,129.313283200062,0,0
14.12,100,40.422003763824,28.5585229486248,2.49302154325796,6.94448861922299,2.57642123268357,10.1611208235926,33.3937804593194,-1.2,-0.197675745057809,0,129.551052827987,0,0
14.14,100,40.422003763824,28.6081746803318,2.47222030938826,6.99687710452368,2.66379393036063,10.4011208235926,37.1522240061196,-1.2,-0.227298903422054,0,129.787825233606,0,0
14.16,100,40.422003763824,28.6574145173458,2.45183256317884,7.05109412318683,2.75922867816655,10.6411208235926,40.7916088368661,-1.2,-0.256046565152204,0,130.023608737321,0,0
14.18,100,40.422003763824,28.7062507601741,2.43186144842452,7.1072981645718,2.86245041660018,10.8811208235926,44.312057235458,-1.2,-0.283944605083985,0,130.258411494128,0,0
14.2,100,40.422003763824,28.7546917762369,2.41231050934671,7.16564222371822,2.97318480191221,11.1211208235926,47.7136489626975,-1.2,-0.311018133336161,1,130.492241492352,0,0
14.22,100,40.422003763824,28.8027460076807,2.39318367113064,7.22627381737112,3.09115837644833,11.3611208235926,50.9964230714425,-1.2,-0.337291517911339,0,130.725106552239,0,0
14.24,100,40.422003763824,28.8504219761307,2.37448469322549,7.28933457072835,3.2160141720018,11.5953989538521,54.1606674877601,-1.2,-0.362788406628817,0,130.957014324381,0,0
14.26,100,40.422003763824,28.8977282560796,2.35621486161447,7.35495489892008,3.3469524632454,11.814971903132,57.208183982102,-1.2,-0.387531748409214,0,131.187972288341,0,0
14.28,100,40.422003763824,28.9446734346131,2.33837467455338,7.42324685643184,3.48302428831388,12.0203839332904,60.1413912398918,-1.2,-0.411543813930051,0,131.417987752039,0,0
14.3,100,40.422003763824,28.9912661135538,2.32096509739588,7.49430415683751,3.62334420511097,12.2125483245425,62.9626190069452,-1.2,-0.434846215670859,0,131.647067851517,0,0
14.32,100,40.422003763824,29.0375149181404,2.303987495693,7.56820340841108,3.76708651851516,12.3923194569188,65.6741129753993,-1.2,-0.457459927365874,0,131.87521955056,0,0
14.34,100,40.422003763824,29.0834285044048,2.28744357325519,7.64500527341281,3.91348175276034,12.5604966089149,68.2780393655378,-1.2,-0.479405302881812,0,132.102449640152,0,0
14.36,100,40.422003763824,29.1290155653556,2.27133531472555,7.72475555903561,4.06181334264937,12.7178275111553,70.776489231196,-1.2,-0.500702094537721,0,132.328764737794,0,0
14.38,100,40.422003763824,29.1742848360558,2.25566493238667,7.80748624424539,4.2114145294434,12.86501167087,73.1714825053495,-1.2,-0.521369470883402,0,132.554171286717,0,0
14.4,100,43.4009035756328,29.2192450976774,2.24043481694076,7.8932164464748,4.36166544819011,13.0027034819665,75.4649718015001,-1.2,-0.541426033952398,1,132.778675554992,0,0
14.42,100,43.4009035756328,29.2639051806082,2.22564749201897,7.98195333187425,4.51199039411415,13.1315151345234,78.9321133163914,-1.2,-0.560889836005079,0,133.061861630818,0,0
14.44,100,43.4009035756328,29.3082739666858,2.21130557219074,8.07369297258414,4.66185525649853,13.2520193366418,82.3014681933362,-1.2,-0.579778395776899,0,133.344157432801,0,0
14.46,100,43.4009035756328,29.3523603906229,2.1974117242584,8.16842115426902,4.81076510923806,13.3647518607571,85.5748076680058,-1.2,-0.598108714246432,0,133.62556869762,0,0
14.48,100,43.4009035756328,29.3961734406915,2.18396863163535,8.26611413694461,4.95826194795051,13.4702139257307,88.7538486998859,-1.2,-0.615897289937406,0,133.906100982724,0,0
14.5,100,43.4009035756328,29.4397221587231,2.17097896161859,8.36673937193332,5.10392256418983,13.568874425314,91.840256755232,-1.2,-0.633160133768484,0,134.185759665261,0,0
14.52,100,43.4009035756328,29.4830156394815,2.1584453353779,8.47025617760096,5.24735654792157,13.6611720128916,94.835648421355,-1.2,-0.649912783464178,0,134.464549941011,0,0
14.54,100,43.4009035756328,29.5260630294618,2.14637030049496,8.57661637635616,5.38820440999708,13.7475170517738,97.741593862286,-1.2,-0.666170317539842,0,134.74247682334,0,0
14.56,100,43.4009035756328,29.5688735251644,2.1347563058958,8.68576489523458,5.52613581690201,13.828293439708,100.559619125261,-1.2,-0.681947368873359,0,135.01954514218,0,0
14.58,100,43.4009035756328,29.6114563708892,2.12360567902937,8.79764033224019,5.66084793055841,13.9038603157227,103.291208306926,-1.2,-0.697258137875715,0,135.295759543051,0,0
14.6,100,46.2308583968512,29.6538208560965,2.11292060515422,8.91217549047652,5.79206384643138,13.9745536568917,105.937805587579,-1.2,-0.712116405272329,1,135.571124486131,0,0
14.62,100,46.2308583968512,29.6959763123717,2.10270310860324,9.02929788197022,5.91953112363187,14.0406877721177,109.710421105673,-1.2,-0.726535544506636,0,135.902243341806,0,0
14.64,100,46.2308583968512,29.737932110036,2.09295503590456,9.14893020296712,6.04302040111971,14.1025566995783,113.4008208582,-1.2,-0.740528533777089,0,136.232521100588,0,0
14.66,100,46.2308583968512,29.7796976544352,2.08367804064392,9.27099078236717,6.16232409449625,14.1604355140456,117.010340277381,-1.2,-0.754107967718413,0,136.561961661652,0,0
14.68,100,46.2308583968512,29.8212823819437,2.07487356996047,9.39539400485789,6.27725516823676,14.2145815498932,120.540281846716,-1.2,-0.767286068737623,0,136.890568735747,0,0
14.7,100,46.2308583968512,29.8626957557133,2.06654285257469,9.52205071020657,6.38764597854989,14.2652355452282,123.991916584254,-1.2,-0.780074698015022,0,137.21834584462,0,0
14.72,100,46.2308583968512,29.9039472611969,2.05868688825296,9.65086857007809,6.49334718236649,14.3126227122335,127.366485434521,-1.2,-0.792485366180058,0,137.545296320525,0,0
14.74,100,46.2308583968512,29.9450464014758,2.05130643861894,9.78175244365866,6.59422670825531,14.3569537384821,130.665200574548,-1.2,-0.804529243671671,0,137.871423305823,0,0
14.76,100,46.2308583968512,29.9860026924152,2.04440201922728,9.91460471328412,6.69016878533846,14.3984257236725,133.889246639097,-1.2,-0.816217170792438,0,138.196729752675,0,0
14.78,100,46.2308583968512,30.0268256576736,2.03797389281995,10.0493256011958,6.78107302653722,14.4372230559513,137.039781869913,-1.2,-0.827559667465583,0,138.521218422841,0,0
14.8,100,48.9193154770086,30.0675248235881,2.03202206369047,10.185813468476,6.86685356272004,14.4735182317198,140.117939193531,-1.2,-0.83856694270361,1,138.844891887571,0,0
14.82,100,48.9193154770086,30.1081097139585,2.02654627308514,10.3239650971481,6.94743822454956,14.5074726225681,144.27395099803,-1.2,-0.84924890379711,0,139.221521669209,0,0
14.84,100,48.9193154770086,30.1485898447478,2.02154599557503,10.4636759563661,7.02276776903617,14.5392371927476,148.359778782097,-1.2,-0.859615165231989,0,139.597340816485,0,0
14.86,100,48.9193154770086,30.1889747187202,2.01702043633584,10.6048404535585,7.09279514800267,14.5689531703719,152.376485341521,-1.2,-0.869675057343152,0,139.972351329536,0,0
14.88,100,48.9193154770086,30.2292738200335,2.01296852927652,10.7473521713388,7.15748481584851,14.596752675329,156.325111835334,-1.2,-0.879437634712437,0,140.346555018622,0,0
14.9,100,48.9193154770086,30.269496608801,2.00938893596103,10.8911040909434,7.21681207417402,14.6227593066984,160.206678565642,-1.2,-0.888911684318348,0,140.71995350455,0,0
14.92,100,48.9193154770086,30.3096525156408,2.00628004527043,11.0359888029125,7.27076245098624,14.647088692284,164.022185708169,-1.2,-0.898105733444931,0,141.092548219212,0,0
14.94,100,48.9193154770086,30.349750936224,2.00363997375588,11.1818987056818,7.31933111235767,14.6698490027048,167.772613996499,-1.2,-0.907028057356901,0,141.464340406226,0,0
14.96,100,48.9193154770086,30.3898012258373,2.00146656663551,11.328726192716,7.36252230455041,14.691141432332,171.458925362832,-1.2,-0.915686686747943,0,141.835331121692,0,0
14.98,100,48.9193154770086,30.4298126939713,1.99975739939102,11.476363828774,7.40034882474871,14.7110606492076,175.082063537901,-1.2,-0.924089414968877,0,142.205521235056,0,0
15,100,48.9193154770086,30.4697945989461,1.99850977992218,11.6247045158597,7.43283151866629,14.7296952159473,178.642954612548,-1.2,-0.932243805042197,1,142.574911430072,0,0
15.02,100,48.9193154770086,30.5097561425862,1.99772075121974,11.7736416493802,7.45999880340881,14.7471279834976,182.142507563323,-1.2,-0.940157196469305,0,142.943502205887,0,0
15.04,100,48.9193154770086,30.5497064649527,1.99738709451954,11.9230692650018,7.48188621407941,14.7634364594985,185.581614744322,-1.2,-0.947836711836559,0,143.311293878221,0,0
15.06,100,48.9193154770086,30.5896546391432,1.99750533290227,12.072882176663,7.49853597271508,14.7786931528896,188.961152347363,-1.2,-0.955289263226074,0,143.678286580652,0,0
15.08,100,48.9193154770086,30.6296096661689,1.99807173530588,12.2229761061785,7.50999657823497,14.792965896291,192.281980832484,-1.2,-0.962521558437072,0,144.044480266009,0,0
15.1,100,48.9193154770086,30.6695804699143,1.99908232091878,12.3732478048422,7.51632241616933,14.8063181475935,195.544945330615,-1.2,-0.969540107023346,0,144.409874707863,0,0
15.12,100,48.9193154770086,30.7095758921896,2.00053286392412,12.5235951674133,7.51757338701912,14.8188092720978,198.750876020203,-1.2,-0.976351226152303,0,144.774469502122,0,0
15.14,100,48.9193154770086,30.7496046878807,2.00241889856688,12.6739173388457,7.5138145521724,14.830494806458,201.900588479429,-1.2,-0.982961046290838,0,145.138264068717,0,0
15.16,100,48.9193154770086,30.7896755202031,2.00473572451697,12.8241148141043,7.505115796375,14.8414267056027,204.994884015612,-1.2,-0.989375516723171,0,145.501257653391,0,0
15.18,100,48.9193154770086,30.8297969560672,2.00747841250301,12.9740895313875,7.49155150581902,14.8516535737308,208.034549973253,-1.2,-0.9956004109056,0,145.863449329578,0,0
15.2,100,51.4733497031582,30.8699774615568,2.01064181019284,13.1237449590604,7.47320026097497,14.8612208804107,211.020360022134,-1.2,-1.001641331663,1,146.224838000374,0,0
15.22,100,51.4733497031582,30.9102253975298,2.014220548298,13.2729861765857,7.45014454335108,14.8701711627415,215.044742004609,-1.2,-1.00750371623176,0,146.636503085123,0,0
15.24,100,51.4733497031582,30.9505490153405,2.01820904688061,13.4217199497223,7.42247045541732,14.8785442144771,219.016775454193,-1.2,-1.01319284115364,0,147.047362467991,0,0
15.26,100,51.4733497031582,30.9909564526924,2.02260152184228,13.5698548002477,7.39026745298207,14.8863772629526,222.937194564907,-1.2,-1.01871382702503,0,147.457414553774,0,0
15.28,100,51.4733497031582,31.0314557296205,2.0273919915757,13.7173010704479,7.35362808935655,14.8937051346006,226.806720834205,-1.2,-1.02407164310581,0,147.86665758568,0,0
15.3,100,51.4733497031582,31.0720547446092,2.0325742837605,13.8639709826022,7.31264777068576,14.9005604097922,230.626063269658,-1.2,-1.02927111179206,0,148.275089647727,0,0
15.32,100,51.4733497031582,31.1127612708467,2.03814204228602,14.0097786936822,7.26742452186576,14.9069735676927,234.395918582581,-1.2,-1.0343169129565,0,148.682708667209,0,0
15.34,100,51.4733497031582,31.15358295262,2.04408873428461,14.1546403454696,7.21805876250528,14.9129731217743,238.11697136951,-1.2,-1.03921358816072,0,149.089512417243,0,0
15.36,100,51.4733497031582,31.1945273018502,2.05040765725954,14.2984741102905,7.16465309242526,14.9185857465899,241.789894282416,-1.2,-1.04396554474288,0,149.495498519374,0,0
15.38,100,51.4733497031582,31.2356016947723,2.057091946293,14.4412002325504,7.10731208622303,14.9238363963701,245.415348188492,-1.2,-1.04857705978462,0,149.900664446261,0,0
15.4,100,53.8996822180003,31.2768133687593,2.06413458131987,14.5827410662473,7.04614209645885,14.9287484159724,248.993982320295,-1.2,-1.05305228396069,1,150.305007524424,0,0
15.42,100,53.8996822180003,31.3181694192926,2.07152839445407,14.723021108632,6.98125106505142,14.9333436446743,253.563518615906,-1.2,-1.05739524527489,0,150.757051587344,0,0
15.44,100,53.8996822180003,31.3596767970786,2.07926607735475,14.8619670301743,6.91274834249569,14.9376425132727,258.087499255138,-1.2,-1.0616098526855,0,151.208267027443,0,0
15.46,100,53.8996822180003,31.4013423053144,2.08734018862035,14.9995077009894,6.8407445145415,14.9416641349208,262.566539381806,-1.2,-1.06569989962364,0,151.658650749895,0,0
15.48,100,53.8996822180003,31.4431725970999,2.09574316119915,15.1355742138694,6.76535123599477,14.9454263901074,267.001243023319,-1.2,-1.06966906740758,0,152.108199525309,0,0
15.5,100,53.8996822180003,31.4851741729995,2.1044673098055,15.2700999040591,6.68668107132478,14.9489460061548,271.392203202848,-1.2,-1.07352092855622,0,152.556909992752,0,0
15.52,100,53.8996822180003,31.5273533787511,2.11350483833159,15.4030203659104,6.60484734178119,14.9522386315899,275.740002045703,-1.2,-1.07725895000453,0,153.004778662823,0,0
15.54,100,53.8996822180003,31.5697164031241,2.1228478472449,15.5342734665408,6.51996397874343,14.9553189057194,280.045210880423,-1.2,-1.08088649622411,0,153.451801920776,0,0
15.56,100,53.8996822180003,31.6122692759242,2.13248834096233,15.6637993566194,6.43214538304239,14.9582005237167,284.308390335067,-1.2,-1.08440683225138,0,153.897976029673,0,0
15.58,100,53.8996822180003,31.6550178661466,2.14241823519226,15.7915404783973,6.3415062900108,14.9608962975126,288.530090429175,-1.2,-1.08782312662634,0,154.343297133587,0,0
15.6,100,53.8996822180003,31.6979678802739,2.15262936423628,15.9174415710943,6.2481616400338,14.9634182127581,292.710850661829,-1.2,-1.09113845424449,1,154.787761260831,0,0
15.62,100,53.8996822180003,31.7411248607216,2.16311348824277,16.0414496737492,6.15222645438522,14.9657774821132,296.851200096209,-1.2,-1.09435579912444,0,155.231364327229,0,0
15.64,100,53.8996822180003,31.7844941844265,2.17386230040522,16.1635141256389,6.0538157161483,14.9679845951001,300.951657441039,-1.2,-1.09747805709373,0,155.674102139408,0,0
15.66,100,53.8996822180003,31.8280810615793,2.18486743409794,16.2835865643646,5.95304425603166,14.9700493647401,305.012731129279,-1.2,-1.10050803839524,0,156.115970398122,0,0
15.68,100,53.8996822180003,31.8718905344988,2.19612046994302,16.4016209217016,5.8500266429026,14.9719809711831,309.034919394395,-1.2,-1.10344847021663,0,156.556964701599,0,0
15.7,100,53.8996822180003,31.9159274766473,2.207612942802,16.5175734173065,5.74487707887053,14.9737880025239,313.018710344521,-1.2,-1.106301999145,0,156.997080548907,0,0
15.72,100,53.8996822180003,31.9601965917841,2.21933634868669,16.6314025503691,5.63770929876269,14.975478492985,316.964582034828,-1.2,-1.10907119354896,0,157.436313343339,0,0
15.74,100,53.8996822180003,32.0047024132574,2.23128215158343,16.7430690892972,5.52863647384382,14.9770599586379,320.87300253834,-1.2,-1.11175854589037,0,157.874658395818,0,0
15.76,100,53.8996822180003,32.049449303431,2.2434417901858,16.8525360595166,5.4177711196394,14.9785394308198,324.744430015501,-1.2,-1.1143664749677,0,158.312110928309,0,0
15.78,100,53.8996822180003,32.094441453245,2.25580668453082,16.9597687294683,5.30522500773018,14.9799234873963,328.579312782691,-1.2,-1.11689732809314,0,158.748666077242,0,0
15.8,100,56.2046981071003,32.1396828819082,2.26836824253417,17.064734594879,5.19110908139274,14.9812182820062,332.378089379956,-1.2,-1.11935338320529,1,159.184318896945,0,0
15.82,100,56.2046981071003,32.1851774367203,2.28111786642006,17.1674033613833,5.07553337496762,14.9824295714221,337.126418627117,-1.2,-1.12173685091953,0,159.665164680864,0,0
15.84,100,56.2046981071003,32.2309287930212,2.29404695904195,17.2677469255681,4.9586069368426,14.9835627411447,341.839489723533,-1.2,-1.12404987651765,0,160.145098011655,0,0
15.86,100,56.2046981071003,32.276940454266,2.30714693009023,17.3657393545134,4.84043775594472,14.9846228293477,346.517712281576,-1.2,-1.12629454187879,0,160.624113717966,0,0
15.88,100,56.2046981071003,32.3232157522229,2.32040920218355,17.4613568638961,4.72113269163955,14.9856145492778,351.161486404108,-1.2,-1.12847286735328,0,161.102206560095,0,0
15.9,100,56.2046981071003,32.3697578472916,2.33382521684046,17.5545777947254,4.60079740694145,14.9865423102105,355.771202751042,-1.2,-1.13058681358104,0,161.579371233418,0,0
15.92,100,56.2046981071003,32.4165697289401,2.3473864403286,17.6453825887753,4.47953630494297,14.9874102370535,360.347242606165,-1.2,-1.13263828325637,0,162.055602371815,0,0
15.94,100,56.2046981071003,32.4636542162568,2.36108436938844,17.7337537627757,4.3574524683757,14.988222188687,364.889977944338,-1.2,-1.13462912284041,0,162.530894551079,0,0
15.96,100,56.2046981071003,32.5110139586166,2.3749105368293,17.819675881427,4.23464760221884,14.9889817751205,369.399771499197,-1.2,-1.13656112422315,0,163.005242292321,0,0
15.98,100,56.2046981071003,32.5586514364569,2.38885651699526,17.9031355292959,4.11122197927528,14.989692373543,373.876976831472,-1.2,-1.13843602633624,0,163.478640065355,0,0
16,100,58.3944632017453,32.6065689621618,2.40291393109881,17.9841212816514,3.98727438863836,14.9903571433385,378.321938398027,-1.2,-1.1402555167181,1,163.951082292068,0,0
16.02,100,58.3944632017453,32.654768681052,2.41707445242048,18.0626236742989,3.86290208697529,14.9909790401328,383.670960111239,-1.2,-1.14202123303288,0,164.466358651665,0,0
16.04,100,58.3944632017453,32.7032525724764,2.43132981137268,18.1386351724677,3.73820075255654,14.9915608289347,388.988399941113,-1.2,-1.14373476454442,0,164.98066817832,0,0
16.06,100,58.3944632017453,32.7520224510051,2.44567180042617,18.2121501388056,3.61326444196245,14.9921050964289,394.274575455607,-1.2,-1.14539765354674,0,165.494005170164,0,0
16.08,100,58.3944632017453,32.8010799677178,2.46009227889802,18.283164800534,3.4881855494012,14.9926142624774,399.529795403817,-1.2,-1.14701139675217,0,166.006363890671,0,0
16.1,100,58.3944632017453,32.8504266115882,2.47458317759973,18.3516772158147,3.36305476857434,14.9930905908778,404.754359789804,-1.2,-1.14857744663849,0,166.517738571921,0,0
16.12,100,58.3944632017453,32.9000637109586,2.48913650334459,18.4176872393794,3.23796105702795,14.9935361994288,409.948559947563,-1.2,-1.1500972127563,0,167.028123417819,0,0
16.14,100,58.3944632017453,32.9499924351043,2.50374434331341,18.4811964874704,3.11299160292966,14.9939530693456,415.112678617173,-1.2,-1.15157206299768,0,167.537512607299,0,0
16.16,100,58.3944632017453,33.000213795883,2.51839886927806,18.5422083021406,2.98823179421326,14.9943430540692,420.246990022175,-1.2,-1.15300332482737,0,168.045900297487,0,0
16.18,100,58.3944632017453,33.050728649468,2.53309234168213,18.6007277149593,2.86376519003434,14.9947078875064,425.351759948214,-1.2,-1.15439228647762,0,168.553280626829,0,0
16.2,100,60.474740041658,33.1015376981611,2.54781711357846,18.6567614101702,2.73967349448174,14.9950491917392,430.427245822954,-1.2,-1.15574019810766,1,169.059647718192,0,0
16.22,100,60.474740041658,33.1526414922829,2.56256563442325,18.7103176873458,2.61603653249112,14.9953684842368,436.362866862367,-1.2,-1.15704827292892,0,169.606601218717,0,0
16.24,100,60.474740041658,33.2040404321378,2.57733045372669,18.761406423581,2.4929322279081,14.9956671846019,442.269693958092,-1.2,-1.15831768829702,0,170.152529692446,0,0
16.26,100,60.474740041658,33.2557347700504,2.59210422456006,18.8100390352698,2.37043658364945,14.9959466208832,448.147959956491,-1.2,-1.15954958677147,0,170.697427233696,0,0
16.28,100,60.474740041658,33.3077246124701,2.60687970691956,18.8562284395053,2.24862366391219,14.9962080354793,453.997889678794,-1.2,-1.16074507714403,0,171.2412879332,0,0
16.3,100,60.474740041658,33.3600099221429,2.62164977094703,18.8999890151441,2.127565578381,14.9964525906627,459.819700007648,-1.2,-1.16190523543672,0,171.784105881003,0,0
16.32,100,60.474740041658,33.4125905203445,2.63640740000808,18.9413365635744,2.00733246838574,14.9966813737477,465.613599974985,-1.2,-1.16303110587031,0,172.325875169312,0,0
16.34,100,60.474740041658,33.4654660891749,2.65114569362804,18.9802882692264,1.8879924949612,14.9968954019243,471.379790851226,-1.2,-1.16412370180416,0,172.866589895308,0,0
16.36,100,60.474740041658,33.5186361739097,2.66585787028639,19.0168626598625,1.76961182876238,14.9970956267807,477.118466235795,-1.2,-1.16518400664837,0,173.406244163897,0,0
16.38,100,60.474740041658,33.5721001854056,2.68053727007036,19.051079566684,1.65225464178921,14.9972829385347,482.829812148924,-1.2,-1.16621297474884,0,173.944832090432,0,0
16.4,100,62.4510030395751,33.6258574025585,2.69517735718863,19.0829600842899,1.535983100875,14.997458169991,488.514007124754,-1.2,-1.16721153224631,1,174.48234780337,0,0
16.42,100,62.4510030395751,33.6799069748092,2.70977172234581,19.1125265305228,1.4208573628941,14.9976221002442,495.01593386749,-1.2,-1.16818057790993,0,175.058310706849,0,0
16.44,100,62.4510030395751,33.7342479246967,2.72431408497907,19.139802406236,1.30693557164422,14.997775458143,501.491044661557,-1.2,-1.16912098394618,0,175.633189703373,0,0
16.46,100,62.4510030395751,33.7888791504534,2.73879829535761,19.1648123550143,1.19427385635985,14.9979189255301,507.939496153825,-1.2,-1.17003359678398,0,176.206978976203,0,0
16.48,100,62.4510030395751,33.8437994286421,2.75321833654657,19.1875821228808,1.08292633181357,14.9980531402744,514.361437889766,-1.2,-1.17091923783646,0,176.779672731855,0,0
16.5,100,62.4510030395751,33.89900741683,2.76756832623629,19.2081385180222,0.972945099962417,14.9981786991067,520.757012412571,-1.2,-1.17177870424035,0,177.351265202509,0,0
16.52,100,62.4510030395751,33.9545016562988,2.78184251843854,19.2265093705611,0.864380253097118,14.9982961602727,527.126355363375,-1.2,-1.17261276957341,0,177.921750648359,0,0
16.54,100,62.4510030395751,34.0102805747866,2.79603530505102,19.2427234924065,0.757279878452391,14.9984060460153,533.46959558256,-1.2,-1.17342218455073,0,178.491123359917,0,0
16.56,100,62.4510030395751,34.0663424892606,2.81014121729161,19.2568106372107,0.651690064236795,14.9985088448962,539.78685521209,-1.2,-1.17420767770043,0,179.05937766025,0,0
16.58,100,62.4510030395751,34.1226856087163,2.82415492700406,19.2688014604602,0.547654907041188,14.9986050139684,546.078249798834,-1.2,-1.17496995601934,0,179.626507907171,0,0
16.6,100,66.2059027356176,34.1793080370025,2.83807124783659,19.2787274797294,0.445216520585118,14.9986949808083,552.343888398863,-1.2,-1.1757097056094,1,180.192508495368,0,0
16.62,100,66.2059027356176,34.2362077756676,2.85188513629528,19.2866210351208,0.344415045760897,14.9987791454164,560.188825650069,-1.2,-1.17642759229517,0,180.832471852403,0,0
16.64,100,66.2059027356176,34.293382726827,2.86559169267383,19.2925152499195,0.245288661935449,14.9988578819961,568.008205975912,-1.2,-1.17712426222311,0,181.471294458962,0,0
16.66,100,66.2059027356176,34.3508306960461,2.8791861618617,19.2964439914863,0.147873599470393,14.9989315406172,575.802119594608,-1.2,-1.17780034244318,0,182.108970832581,0,0
16.68,100,66.2059027356176,34.4085493952404,2.89266393403224,19.2984418324122,0.0522041534211346,14.9990004487726,583.570650659337,-1.2,-1.17845644147321,0,182.745495535627,0,0
16.7,100,66.2059027356176,34.4665364455863,2.9060205452131,19.298544011959,-0.0416873016238594,14.999064912834,591.313877366603,-1.2,-1.17909314984659,0,183.380863177139,0,0
16.72,100,66.2059027356176,34.5247893804432,2.91925167774047,19.2967863978077,-0.133770295602155,14.9991252194144,599.031872065278,-1.2,-1.17971104064385,0,184.015068414617,0,0
16.74,100,66.2059027356176,34.5833056482833,2.9323531605995,19.293205448136,-0.224016245972977,14.9991816366424,606.724701366255,-1.2,-1.18031067000839,0,184.648105955746,0,0
16.76,100,66.2059027356176,34.6420826156269,2.94532096965281,19.2878381740466,-0.312398439687221,14.9992344153537,614.392426252684,-1.2,-1.18089257764711,0,185.279970560068,0,0
16.78,100,66.2059027356176,34.7011175699814,2.95815122775921,19.2807221023659,-0.398892014169363,14.9992837902075,622.035102190714,-1.2,-1.18145728731616,0,185.910657040589,0,0
16.8,100,67.8956075988367,34.7604077227817,2.97084020478477,19.271895238833,-0.48347393734843,14.9993299807286,629.652779240712,-1.2,-1.18200530729236,1,186.54016026533,0,0
16.82,100,67.8956075988367,34.8199502123292,2.98338431750842,19.2613960316963,-0.566122986774875,14.9993731922842,637.96773055423,-1.2,-1.18253713083067,0,187.202269256082,0,0
16.84,100,67.8956075988367,34.8797421067286,2.99578012942425,19.249263335738,-0.646819727859829,14.9994136169968,646.257767329963,-1.2,-1.18305323660816,0,187.863184898053,0,0
16.86,100,67.8956075988367,34.939780406819,3.0080243504429,19.2355363767407,-0.725546491272886,14.9994514345982,654.522924082078,-1.2,-1.18355408915487,0,188.522902233025,0,0
16.88,100,67.8956075988367,35.0000620490988,3.020113836494,19.2202547164157,-0.802287349534196,14.999486813229,662.76323036742,-1.2,-1.18404013927189,0,189.181416363417,0,0
16.9,100,67.8956075988367,35.0605839086413,3.03204558903229,19.2034582178064,-0.877028092836308,14.9995199101855,670.978710898261,-1.2,-1.18451182443714,0,189.838722453533,0,0
16.92,100,67.8956075988367,35.121342801999,3.04381675444949,19.1851870111823,-0.949756204130828,14.9995508726199,679.169385655196,-1.2,-1.18496956919908,0,190.494815730768,0,0
16.94,100,67.8956075988367,35.1823354900962,3.05542462339434,19.1654814604395,-1.0204608335146,14.9995798381939,687.335270000131,-1.2,-1.18541378555891,0,191.149691486745,0,0
16.96,100,67.8956075988367,35.2435586811064,3.06686663000325,19.1443821300189,-1.08913277194971,14.9996069356909,695.476374789312,-1.2,-1.18584487334132,0,191.803345078403,0,0
16.98,100,67.8956075988367,35.3050090333135,3.07814035104369,19.1219297523574,-1.15576442435135,14.999632285589,703.592706486347,-1.2,-1.18626322055442,0,192.455771929019,0,0
17,100,71.106046838953,35.3666831579556,3.08924350497297,19.0981651958829,-1.22034978207696,14.9996560005961,711.684267275143,-1.2,-1.18666920373893,1,193.106967529182,0,0
17.02,100,71.106046838953,35.428577622048,3.10017395091465,19.0731294335652,-1.28288439484995,14.999678186151,721.123289104901,-1.2,-1.18706318830711,0,193.821136222503,0,0
17.04,100,71.106046838953,35.4906889511863,3.11092968755501,19.0468635120339,-1.34336534215068,14.9996989408929,730.537532006297,-1.2,-1.18744552887168,0,194.534064852069,0,0
17.06,100,71.106046838953,35.5530136323255,3.12150885196198,19.0194085212736,-1.40179120410715,14.9997183570992,739.926986000388,-1.2,-1.18781656956492,0,195.245749115647,0,0
17.08,100,71.106046838953,35.6155481165354,3.13190971832905,18.9908055649062,-1.45816203191718,14.9997365210959,749.291637278619,-1.2,-1.18817664434853,0,195.956184781628,0,0
17.1,100,71.106046838953,35.6782888217299,3.14213069664641,18.9610957310684,-1.51247931783385,14.999753513642,758.631468314646,-1.2,-1.18852607731409,0,196.665367689719,0,0
17.12,100,71.106046838953,35.7412321353692,3.15217033130189,18.9303200638947,-1.56474596474498,14.9997694102877,767.946457975803,-1.2,-1.18886518297487,0,197.373293751578,0,0
17.14,100,71.106046838953,35.8043744171329,3.16202729961408,18.8985195356117,-1.61496625537763,14.9997842817109,777.236581634131,-1.2,-1.18919426654884,0,198.079958951394,0,0
17.16,100,71.106046838953,35.8677120015637,3.17170041030005,18.8657350192525,-1.6631458211576,14.9997981940314,786.501811276926,-1.2,-1.18951362423342,0,198.78535934642,0,0
17.18,100,71.106046838953,35.9312412006793,3.18118860188001,18.8320072619963,-1.70929161075374,14.9998112091046,795.742115616784,-1.2,-1.1898235434721,0,199.489491067446,0,0
17.2,100,75.4401398131101,35.994958306552,3.19049094102156,18.797376859141,-1.75341185833646,14.9998233847966,804.957460201055,-1.2,-1.1901243032131,1,200.192350319228,0,0
17.22,100,75.4401398131101,36.0588595938548,3.19960662082563,18.7618842287126,-1.79551605157921,14.9998347752416,816.00032332911,-1.2,-1.19041617416049,0,200.98061524034,0,0
17.24,100,75.4401398131101,36.1229413223724,3.20853495905675,18.7255695867166,-1.8356148994313,14.9998454310827,827.018148735273,-1.2,-1.1906994190178,0,201.76760032505,0,0
17.26,100,75.4401398131101,36.1871997394762,3.21727539631997,18.6884729230373,-1.87372029968996,14.9998553996965,838.010893121545,-1.2,-1.19097429272455,0,202.55330200204,0,0
17.28,100,75.4401398131101,36.2516310825625,3.22582749418675,18.650633977986,-1.90984530639904,14.9998647254045,848.978510455907,-1.2,-1.1912410426856,0,203.33771677515,0,0
17.3,100,75.4401398131101,36.3162315814529,3.23419093327228,18.6120922195031,-1.94400409710136,14.9998734496695,859.920952078252,-1.2,-1.19149990899394,0,204.120841223553,0,0
17.32,100,75.4401398131101,36.380997460755,3.24236551126651,18.5728868210175,-1.97621193997098,14.9998816112805,870.838166805467,-1.2,-1.1917511246467,0,204.902672001878,0,0
17.34,100,75.4401398131101,36.4459249421846,3.25035114092129,18.5330566399626,-2.00648516085146,14.9998892465247,881.73010103565,-1.2,-1.19199491575493,0,205.683205840298,0,0
17.36,100,75.4401398131101,36.5110102468458,3.25814784799588,18.4926401969536,-2.03484111022546,14.999896389349,892.596698851394,-1.2,-1.19223150174708,0,206.462439544561,0,0
17.38,100,75.4401398131101,36.5762495974707,3.26575576916321,18.451675655625,-2.06129813014057,14.9999030715111,903.437902122124,-1.2,-1.19246109556651,0,207.240369995977,0,0
17.4,100,79.1241188411436,36.6416392206161,3.27317514987909,18.4102008031309,-2.08587552111592,14.9999093227206,914.253650605433,-1.2,-1.19268390386315,1,208.016994151372,0,0
17.42,100,79.1241188411436,36.707175348818,3.28040634221669,18.3682530313056,-2.10859350905322,14.9999151707707,926.618520484533,-1.2,-1.1929001271795,0,208.865988623541,0,0
17.44,100,79.1241188411436,36.7728542227015,3.28744980266852,18.3258693184874,-2.12947321217582,14.9999206416626,938.957809156028,-1.2,-1.19310996013116,0,209.713670939432,0,0
17.46,100,79.1241188411436,36.8386720930473,3.2943060899181,18.283086212002,-2.14853660801844,14.9999257597201,951.271450639502,-1.2,-1.19331359158192,0,210.560038281642,0,0
17.48,100,79.1241188411436,36.9046252228128,3.30097586258354,18.2399398113058,-2.16580650049003,14.9999305476988,963.559377237355,-1.2,-1.19351120481385,0,211.405087907634,0,0
17.5,100,79.1241188411436,36.9707098891082,3.30745987693526,18.196465751787,-2.18130648703138,14.9999350268864,975.821519630618,-1.2,-1.19370297769218,0,212.248817149474,0,0
17.52,100,79.1241188411436,37.0369223851266,3.31375898458979,18.1526991892227,-2.19506092588889,14.9999392171976,988.057806973564,-1.2,-1.19388908282545,0,213.091223413527,0,0
17.54,100,79.1241188411436,37.1032590220271,3.31987413018206,18.1086747848885,-2.20709490352504,14.9999431372632,1000.26816698709,-1.2,-1.19406968772084,0,213.932304180119,0,0
17.56,100,79.1241188411436,37.1697161307724,3.32580634901801,18.0644266913191,-2.21743420218584,14.9999468045119,1012.45252605085,-1.2,-1.19424495493495,0,214.772057003157,0,0
17.58,100,79.1241188411436,37.2362900639184,3.33155676470967,18.0199885387154,-2.22610526764482,14.9999502352487,1024.61080929405,-1.2,-1.19441504222009,0,215.610479509717,0,0
17.6,100,84.3430891308577,37.3029771973564,3.33712658679487,17.975393421995,-2.23313517714267,14.999953444727,1036.74294068497,-1.2,-1.19458010266631,1,216.447569399591,0,0
17.62,100,84.3430891308577,37.3697739320076,3.34251710834327,17.9306738884814,-2.23855160754109,14.9999564472164,1051.07958090512,-1.2,-1.19474028483913,0,217.387703850602,0,0
17.64,100,84.3430891308577,37.4366766954701,3.34772970355103,17.8858619262284,-2.24238280370874,14.9999592560663,1065.38991407811,-1.2,-1.19489573291334,0,218.326501300702,0,0
17.66,100,84.3430891308577,37.503681943617,3.35276582532579,17.840988952974,-2.24465754715688,14.999961883765,1079.67386121296,-1.2,-1.19504658680268,0,219.263959664803,0,0
17.68,100,84.3430891308577,37.5707861621465,3.35762700286396,17.7960858057188,-2.24540512494156,14.9999643419955,1093.93134250211,-1.2,-1.19519298228585,0,220.200076928406,0,0
17.7,100,84.3430891308577,37.6379858680833,3.36231483922227,17.7511827309241,-2.24465529884862,14.9999666416873,1108.16227740403,-1.2,-1.19533505112864,0,221.134851146986,0,0
17.72,100,84.3430891308577,37.7052776112317,3.36683100888517,17.7063093753224,-2.24243827487748,14.9999687930651,1122.36658472424,-1.2,-1.19547292120262,0,222.068280445354,0,0
17.74,100,84.3430891308577,37.7726579755796,3.37117725533019,17.6614947773364,-2.23878467303893,14.9999708056941,1136.54418269502,-1.2,-1.19560671660015,0,223.000363016983,0,0
17.76,100,84.3430891308577,37.8401235806541,3.3753553885928,17.6167673590975,-2.23372549748155,14.9999726885226,1150.6949890535,-1.2,-1.19573655774612,0,223.931097123314,0,0
17.78,100,84.3430891308577,37.9076710828282,3.37936728283253,17.5721549190591,-2.22729210696115,14.9999744499218,1164.81892111828,-1.2,-1.19586256150632,0,224.860481093031,0,0
17.8,100,89.0401623916004,37.9752971765793,3.38321487390216,17.527684625197,-2.21951618566678,14.9999760977231,1178.91589586457,-1.2,-1.19598484129264,1,225.788513321312,0,0
17.82,100,89.0401623916004,38.0429985956984,3.38690015692147,17.4833830087891,-2.21042971441639,14.9999776392527,1194.99349400511,-1.2,-1.19610350716515,0,226.80913373427,0,0
17.84,100,89.0401623916004,38.1107721144514,3.39042518385732,17.4392759587678,-2.20006494223482,14.9999790813645,1211.04396804008,-1.2,-1.19621866593113,0,227.828399392507,0,0
17.86,100,89.0401623916004,38.1786145486919,3.39379206111147,17.3953887166369,-2.18845435832612,14.9999804304702,1227.06723434967,-1.2,-1.19633042124125,0,228.846308885943,0,0
17.88,100,89.0401623916004,38.246522756926,3.39700294711791,17.351745871945,-2.17563066445179,14.9999816925679,1243.0632092556,-1.2,-1.19643887368282,0,229.862860867754,0,0
17.9,100,89.0401623916004,38.3144936413286,3.4000600499509,17.3083713583067,-2.16162674772582,14.9999828732692,1259.03180908842,-1.2,-1.19654412087038,0,230.878054053513,0,0
17.92,100,89.0401623916004,38.3825241487128,3.40296562494557,17.2652884499645,-2.14647565383719,14.9999839778235,1274.97295025321,-1.2,-1.19664625753348,0,231.891887220303,0,0
17.94,100,89.0401623916004,38.4506112714514,3.40572197233205,17.2225197588811,-2.13021056070964,14.9999850111418,1290.88654929373,-1.2,-1.19674537560202,0,232.904359205818,0,0
17.96,100,89.0401623916004,38.5187520483509,3.40833143488496,17.1800872323546,-2.11286475260822,14.9999859778183,1306.7725229549,-1.2,-1.19684156428894,0,233.915468907441,0,0
17.98,100,89.0401623916004,38.5869435654794,3.4107963955893,17.1380121511468,-2.09447159470164,14.9999868821509,1322.6307882437,-1.2,-1.19693491017057,0,234.925215281307,0,0
18,100,95.0680730762202,38.6551829569476,3.41311927532418,17.0963151281155,-2.0750645080887,14.9999877281604,1338.4612624885,-1.2,-1.19702549726448,1,235.93359734135,0,0
18.02,100,95.0680730762202,38.7234674056433,3.41530253056561,17.0550161073418,-2.05467694529688,14.9999885196082,1356.84036553948,-1.2,-1.19711340710519,0,237.061172372031,0,0
18.04,100,95.0680730762202,38.791794143921,3.41734865110969,17.0141343637428,-2.03334236626048,14.9999892600132,1375.19151339634,-1.2,-1.19719871881748,0,238.187381286271,0,0
18.06,100,95.0680730762202,38.8601604542455,3.41926015781717,16.973688503159,-2.01109421478522,14.9999899526672,1393.5146246911,-1.2,-1.19728150918765,0,239.312223265537,0,0
18.08,100,95.0680730762202,38.9285636697907,3.42103960038079,16.9336964629087,-1.9879658955059,14.9999906006499,1411.80961859814,-1.2,-1.19736185273261,0,240.435697545143,0,0
18.1,100,95.0680730762202,38.9970011749943,3.42268955511629,16.8941755127975,-1.96399075134294,14.9999912068422,1430.07641488536,-1.2,-1.19743982176699,0,241.557803413225,0,0
18.12,100,95.0680730762202,39.0654704060685,3.42421262277833,16.8551422565739,-1.93920204146343,14.9999917739394,1448.31493396381,-1.2,-1.19751548646817,0,242.678540209715,0,0
18.14,100,95.0680730762202,39.1339688514667,3.42561142640228,16.8166126338202,-1.9136329197518,14.9999923044627,1466.52509693565,-1.2,-1.19758891493949,0,243.797907325298,0,0
18.16,100,95.0680730762202,39.2024940523083,3.42688860917277,16.7786019222696,-1.88731641379447,14.999992800771,1484.70682564047,-1.2,-1.19766017327154,0,244.915904200365,0,0
18.18,100,95.0680730762202,39.2710436027601,3.4280468323202,16.7411247405376,-1.86028540438292,14.9999932650709,1502.86004270012,-1.2,-1.19772932560162,0,246.032530323954,0,0
18.2,100,100,39.3396151503767,3.42908877304592,16.704195051259,-1.8325726055386,14.9999936994268,1520.98467156179,-1.2,-1.19779643417149,1,247.147785232686,0,0
18.22,100,100,39.4082063963994,3.43001712247698,16.6678261646182,-1.80421054506311,14.9999941057696,1541.18868374737,-1.2,-1.1978615593834,0,248.36030704817,0,0
18.24,100,100,39.4768150960146,3.43083458365138,16.6320307422639,-1.7752315456164,14.9999944859063,1561.36395727017,-1.2,-1.19792475985443,0,249.571456860502,0,0
18.26,100,100,39.5454390585719,3.4315438695346,16.5968208015967,-1.74566770632532,14.9999948415267,1581.51041829658,-1.2,-1.19798609246927,0,250.781234342607,0,0
18.28,100,100,39.6140761477631,3.432147701068,16.5622077204193,-1.71555088492465,14.9999951742122,1601.62799397514,-1.2,-1.19804561243142,0,251.989639210679,0,0
18.3,100,100,39.6827242817628,3.43264880525013,16.5282022419386,-1.68491268043195,14.9999954854417,1621.71661247182,-1.2,-1.19810337331285,0,253.196671223095,0,0
18.32,100,100,39.7513814333301,3.43304991325129,16.4948144801083,-1.65378441635756,14.9999957765992,1641.77620300376,-1.2,-1.19815942710227,0,254.402330179322,0,0
18.34,100,100,39.8200456298741,3.43335375856227,16.4620539253033,-1.62219712445044,14.999996048979,1661.80669587146,-1.2,-1.19821382425186,0,255.606615918825,0,0
18.36,100,100,39.8887149534815,3.43356307517769,16.4299294503123,-1.5901815289802,14.9999963037922,1681.80802248943,-1.2,-1.19826661372272,0,256.809528319976,0,0
18.38,100,100,39.9573875409092,3.43368059581462,16.3984493166405,-1.55776803155528,14.9999965421717,1701.78011541539,-1.2,-1.19831784302895,0,258.011067298958,0,0
18.4,100,100,40.026061583541,3.43370905016696,16.3676211811098,-1.52498669647698,14.9999967651775,1721.72290837791,-1.2,-1.19836755828038,1,259.211232808669,0,0
18.42,100,100,40.0947353273102,3.43365116319612,16.3374521027475,-1.49186723662848,14.9999969738009,1741.63633630258,-1.2,-1.19841580422409,0,260.410024837639,0,0
18.44,100,100,40.1634070725878,3.43350965345846,16.3079485499508,-1.45843899989783,14.9999971689696,1761.52033533675,-1.2,-1.19846262428468,0,261.60744340893,0,0
18.46,100,100,40.2320751740384,3.43328723146985,16.2791164079183,-1.42473095613332,14.9999973515512,1781.37484287275,-1.2,-1.19850806060337,0,262.803488579057,0,0
18.48,100,100,40.3007380404432,3.43298659810789,16.2509609863367,-1.39077168462954,14.9999975223576,1801.19979756975,-1.2,-1.19855215407592,0,263.998160436899,0,0
18.5,100,100,40.3693941344914,3.43261044305196,16.2234870273128,-1.356589362142,14.9999976821482,1820.99513937416,-1.2,-1.19859494438942,0,265.191459102619,0,0
18.52,100,100,40.4380419725412,3.43216144326164,16.1966987135395,-1.32221175142767,14.9999978316335,1840.7608095386,-1.2,-1.19863647005804,0,266.383384726589,0,0
18.54,100,100,40.5066801243503,3.4316422614936,16.1705996766861,-1.2876661903089,14.9999979714779,1860.49675063956,-1.2,-1.19867676845769,0,267.573937488321,0,0
18.56,100,100,40.5753072127776,3.43105554485736,16.1451930060021,-1.25297958125743,14.9999981023034,1880.20290659361,-1.2,-1.19871587585965,0,268.7631175954,0,0
18.58,100,100,40.6439219134557,3.43040392341002,16.1204812571239,-1.21817838149524,14.9999982246916,1899.87922267235,-1.2,-1.19875382746321,0,269.950925282425,0,0
18.6,100,100,40.7125229544368,3.42969000879032,16.0964664610747,-1.1832885936085,14.9999983391865,1919.52564551592,-1.2,-1.19879065742739,1,271.137360809956,0,0
18.62,100,100,40.7811091158101,3.42891639289202,16.0731501334467,-1.14833575667061,14.9999984462974,1939.14212314536,-1.2,-1.19882639890164,0,272.322424463473,0,0
18.64,100,100,40.849679229295,3.42808564657688,16.0505332837559,-1.11334493787022,14.9999985465003,1958.72860497351,-1.2,-1.19886108405569,0,273.506116552338,0,0
18.66,100,100,40.918232177807,3.42720031842721,16.0286164249595,-1.07834072463963,14.9999986402409,1978.28504181476,-1.2,-1.19889474410853,0,274.688437408763,0,0
18.68,100,100,40.9867668950006,3.42626293353819,16.0073995831253,-1.0433472172788,14.9999987279358,1997.81138589353,-1.2,-1.19892740935647,0,275.869387386796,0,0
18.7,100,100,41.0552823647872,3.42527599234994,15.9868823072444,-1.00838802207008,14.9999988099751,2017.30759085148,-1.2,-1.19895910920045,0,277.048966861307,0,0
18.72,100,100,41.1237776208316,3.42424196951927,15.967063679176,-0.97348624487831,14.9999988867234,2036.7736117536,-1.2,-1.19898987217245,0,278.22717622699,0,0
18.74,100,100,41.1922517460242,3.42316331283133,15.9479423237161,-0.938664485230814,14.9999989585219,2056.20940509303,-1.2,-1.19901972596124,0,279.404015897373,0,0
18.76,100,100,41.260703871934,3.42204244215088,15.9295164187792,-0.903944830871666,14.99999902569,2075.61492879479,-1.2,-1.19904869743723,0,280.579486303838,0,0
18.78,100,100,41.3291331782395,3.42088174841318,15.9117837056844,-0.869348852784251,14.9999990885262,2094.99014221833,-1.2,-1.19907681267672,0,281.753587894653,0,0
18.8,100,100,41.3975388921406,3.41968359265454,15.8947414995372,-0.83489760067603,14.9999991473098,2114.33500615903,-1.2,-1.19910409698531,1,282.926321134017,0,0
18.82,100,100,41.465920287751,3.41845030508223,15.8783866996955,-0.800611598919192,14.9999992023024,2133.64948284852,-1.2,-1.19913057492072,0,284.097686501115,0,0
18.84,100,100,41.5342766854729,3.41718418418367,15.8627158003138,-0.766510842940685,14.9999992537483,2152.93353595401,-1.2,-1.19915627031488,0,285.267684489185,0,0
18.86,100,100,41.6026074513539,3.41588749587476,15.8477249009542,-0.732614796054954,14.9999993018763,2172.18713057657,-1.2,-1.19918120629538,0,286.4363156046,0,0
18.88,100,100,41.6709119964275,3.41456247268717,15.8334097172567,-0.698942386732518,14.9999993469004,2191.41023324835,-1.2,-1.19920540530629,0,287.603580365961,0,0
18.9,100,100,41.7391897760372,3.41321131299427,15.81976559166,-0.665512006297389,14.9999993890208,2210.60281192886,-1.2,-1.19922888912835,0,288.769479303204,0,0
18.92,100,100,41.8074402891466,3.41183618027558,15.8067875041637,-0.63234150704614,14.9999994284247,2229.76483600023,-1.2,-1.19925167889858,0,289.93401295672,0,0
18.94,100,100,41.875663077634,3.41043920241939,15.7944700831243,-0.599448200781319,14.9999994652873,2248.89627626158,-1.2,-1.19927379512932,0,291.097181876493,0,0
18.96,100,100,41.9438577255737,3.40902247106334,15.7828076160765,-0.566848857751735,14.9999994997725,2267.99710492242,-1.2,-1.19929525772666,0,292.258986621242,0,0
18.98,100,100,42.0120238585056,3.40758804097261,15.7717940605711,-0.534559705992053,14.9999995320337,2287.06729559521,-1.2,-1.19931608600839,0,293.419427757593,0,0
19,100,100,42.0801611426908,3.40613792945537,15.7614230550233,-0.502596431053952,14.9999995622142,2306.10682328698,-1.2,-1.19933629872137,1,294.578505859249,0,0
19.02,100,100,42.1482692843576,3.40467411581527,15.7516879295611,-0.470974176121052,14.9999995904483,2325.11566439015,-1.2,-1.19935591405841,0,295.73622150619,0,0
19.04,100,100,42.216348028936,3.4031985408404,15.7425817168689,-0.439707542499657,14.9999996168616,2344.09379667258,-1.2,-1.19937494967464,0,296.892575283877,0,0
19.06,100,100,42.2843971602827,3.40171310632857,15.7340971630169,-0.408810590477288,14.9999996415713,2363.04119926667,-1.2,-1.19939342270338,0,298.047567782476,0,0
19.08,100,100,42.3524164998967,3.40021967464838,15.7262267382698,-0.378296840540878,14.9999996646874,2381.95785265786,-1.2,-1.19941134977162,0,299.201199596098,0,0
19.1,100,100,42.4204059061267,3.3987200683356,15.7189626478678,-0.348179274946427,14.9999996863128,2400.8437386723,-1.2,-1.19942874701493,0,300.353471322056,0,0
19.12,100,100,42.4883652733706,3.39721606972465,15.7122968427727,-0.318470339631824,14.9999997065434,2419.69884046378,-1.2,-1.199445630092,0,301.504383560133,0,0
19.14,100,100,42.5562945312683,3.39570942061453,15.7062210303722,-0.289181946464485,14.9999997254693,2438.52314250002,-1.2,-1.19946201419873,0,302.653936911869,0,0
19.16,100,100,42.6241936438877,3.39420182196879,15.7007266851362,-0.260325475815387,14.9999997431746,2457.31663054826,-1.2,-1.19947791408194,0,303.802131979869,0,0
19.18,100,100,42.6920626089054,3.39269493364914,15.6958050592182,-0.231911779451031,14.999999759738,2476.07929166019,-1.2,-1.19949334405258,0,304.948969367116,0,0
19.2,100,100,42.7599014567824,3.39119037418209,15.6914471929962,-0.203951183734806,14.9999997752333,2494.8111141563,-1.2,-1.19950831799868,1,306.094449676312,0,0
19.22,100,100,42.8277102499348,3.38968972055824,15.6876439255458,-0.176453493129202,14.9999997897291,2513.51208760959,-1.2,-1.1995228493978,0,307.238573509227,0,0
19.24,100,100,42.8954890819021,3.38819450806364,15.6843859050412,-0.149427993990263,14.9999998032901,2532.18220282873,-1.2,-1.19953695132917,0,308.381341466073,0,0
19.26,100,100,42.9632380765111,3.38670623014259,15.6816635990766,-0.122883458645679,14.9999998159765,2550.82145184065,-1.2,-1.19955063648548,0,309.522754144884,0,0
19.28,100,100,43.0309573870382,3.38522633829162,15.6794673049039,-0.0968281497478387,14.9999998278448,2569.42982787265,-1.2,-1.1995639171843,0,310.662812140922,0,0
19.3,100,100,43.0986471953697,3.38375624198379,15.6777871595805,-0.0712698248932242,14.9999998389476,2588.00732533397,-1.2,-1.19957680537916,0,311.801516046099,0,0
19.32,100,100,43.1663077111606,3.38229730862297,15.6766131500219,-0.0462157414994444,14.9999998493343,2606.55393979687,-1.2,-1.1995893126703,0,312.938866448406,0,0
19.34,100,100,43.2339391709931,3.38085086352739,15.6759351229548,-0.0216726619312619,14.9999998590512,2625.06966797734,-1.2,-1.19960145031513,0,314.074863931374,0,0
19.36,100,100,43.3015418375351,3.37941818994198,15.6757427947642,0.00235314113306326,14.9999998681414,2643.55450771523,-1.2,-1.19961322923834,0,315.209509073536,0,0
19.38,100,100,43.369115998699,3.37800052907886,15.6760257612321,0.0258558791037652,14.9999998766454,2662.00845795418,-1.2,-1.19962466004176,0,316.342802447922,0,0
19.4,100,100,43.4366619668014,3.37659908018544,15.6767735071615,0.0488302416585395,14.9999998846009,2680.43151872094,-1.2,-1.19963575301389,1,317.474744621555,0,0
19.42,100,100,43.5041800777253,3.37521500063939,15.6779754158811,0.071271390707102,14.9999998920433,2698.82369110453,-1.2,-1.19964651813915,0,318.605336154977,0,0
19.44,100,100,43.5716706900833,3.3738494060701,15.6796207786286,0.0931749541499344,14.9999998990058,2717.18497723494,-1.2,-1.19965696510687,0,319.734577601782,0,0
19.46,100,100,43.6391341843845,3.37250337050583,15.681698803806,0.114537019439771,14.9999999055192,2735.51538026153,-1.2,-1.19966710332004,0,320.862469508173,0,0
19.48,100,100,43.7065709622038,3.37117792654592,15.6841986261046,0.135354126954349,14.9999999116125,2753.8149043312,-1.2,-1.19967694190374,0,321.989012412528,0,0
19.5,100,100,43.7739814453557,3.36987406555763,15.6871093154964,0.155623263188901,14.9999999173129,2772.08355456621,-1.2,-1.19968648971334,0,323.114206844994,0,0
19.52,100,100,43.8413660750711,3.36859273789681,15.6904198860859,0.17534185377682,14.9999999226457,2790.3213370418,-1.2,-1.19969575534253,0,324.238053327081,0,0
19.54,100,100,43.9087253111802,3.36733485315172,15.6941193048227,0.194507756346871,14.9999999276345,2808.52825876357,-1.2,-1.19970474713099,0,325.360552371292,0,0
19.56,100,100,43.9760596312996,3.36610128040966,15.6981965000679,0.21311925322527,14.9999999323015,2826.70432764464,-1.2,-1.19971347317194,0,326.48170448075,0,0
19.58,100,100,44.0433695300247,3.36489284854533,15.7026403700146,0.231175043990894,14.9999999366676,2844.84955248265,-1.2,-1.19972194131941,0,327.601510148858,0,0
19.6,100,100,44.1106555181291,3.36371034653073,15.7074397909564,0.2486742378918,14.9999999407521,2862.96394293656,-1.2,-1.1997301591953,1,328.719969858962,0,0
19.62,100,100,44.1779181217695,3.36255452376558,15.7125836254047,0.265616346131182,14.9999999445732,2881.04750950331,-1.2,-1.19973813419625,0,329.837084084038,0,0
19.64,100,100,44.2451578816976,3.36142609042793,15.7180607300493,0.282001274030813,14.9999999481478,2899.1002634944,-1.2,-1.19974587350031,0,330.952853286391,0,0
19.66,100,100,44.3123753524798,3.36032571784401,15.7238599635613,0.297829313079925,14.9999999514919,2917.12221701228,-1.2,-1.19975338407337,0,332.067277917371,0,0
19.68,100,100,44.3795711017234,3.35925403887698,15.7299701942363,0.313101132877421,14.9999999546204,2935.11338292676,-1.2,-1.19976067267545,0,333.180358417109,0,0
19.7,100,100,44.446745709312,3.35821164833367,15.7363803074751,0.327817772975207,14.999999957547,2953.07377485121,-1.2,-1.19976774586679,0,334.292095214253,0,0
19.72,100,100,44.5138997666482,3.35719910338884,15.7430792131004,0.341980634630354,14.999999960285,2971.00340711885,-1.2,-1.19977461001373,0,335.402488725744,0,0
19.74,100,100,44.5810338759053,3.35621692402625,15.7500558525076,0.355591472473692,14.9999999628463,2988.90229475892,-1.2,-1.19978127129447,0,336.51153935658,0,0
19.76,100,100,44.6481486492884,3.35526559349589,15.7572992056486,0.368652386102357,14.9999999652424,3006.77045347287,-1.2,-1.19978773570462,0,337.619247499619,0,0
19.78,100,100,44.715244708304,3.35434555878674,15.7647982978463,0.3811658116037,14.9999999674841,3024.60789961052,-1.2,-1.19979400906257,0,338.725613535376,0,0
19.8,100,100,44.7823226830399,3.35345723111444,15.772542206439,0.39313451301786,14.9999999695811,3042.41465014629,-1.2,-1.19980009701478,1,339.830637831853,0,0
19.82,100,100,44.8493832114546,3.3526009864232,15.7805200672541,0.404561573746219,14.9999999715429,3060.19072265539,-1.2,-1.19980600504081,0,340.934320744368,0,0
19.84,100,100,44.9164269386771,3.35177716590136,15.7887210809083,0.415450387912807,14.9999999733782,3077.93613529018,-1.2,-1.19981173845828,0,342.036662615407,0,0
19.86,100,100,44.983454516317,3.35098607650992,15.7971345189359,0.425804651685658,14.9999999750951,3095.65090675646,-1.2,-1.19981730242767,0,343.137663774488,0,0
19.88,100,100,45.0504666017854,3.35022799152343,15.8057497297425,0.435628354564969,14.9999999767013,3113.33505628992,-1.2,-1.1998227019569,0,344.237324538038,0,0
19.9,100,100,45.1174638576265,3.34950315108268,15.8145561443842,0.444925770644813,14.9999999782039,3130.98860363271,-1.2,-1.19982794190593,0,345.335645209283,0,0
19.92,100,100,45.1844469508608,3.34881176275847,15.8235432821717,0.453701449855035,14.9999999796096,3148.61156901005,-1.2,-1.19983302699107,0,346.432626078153,0,0
19.94,100,100,45.2514165523391,3.34815400212589,15.8327007560999,0.461960209189829,14.9999999809247,3166.20397310703,-1.2,-1.19983796178922,0,347.528267421196,0,0
19.96,100,100,45.3183733361088,3.34753001334856,15.842018278101,0.469707123929395,14.9999999821549,3183.76583704552,-1.2,-1.19984275074206,0,348.622569501512,0,0
19.98,100,100,45.3853179787913,3.34693990977214,15.8514856641222,0.47694751886091,14.9999999833058,3201.29718236123,-1.2,-1.19984739815994,0,349.715532568693,0,0
20,100,100,45.4522511589718,3.34638377452655,15.8610928390288,0.483686959504958,14.9999999843824,3218.79803098096,-0,-1.19985190822587,1,350.807156858778,0,0
20.02,100,100,45.5194128859282,3.369761124115,15.8708271134099,0.489523165486854,14.9999999853896,3231.87037570925,-0,-1.16439092549922,0,351.897440997579,0,0
20.04,100,100,45.5870404973519,3.39297247879338,15.8806651821299,0.494071854153673,14.9999999863319,3244.9594182678,-0,-1.12997797318974,0,352.986377237462,0,0
20.06,100,100,45.6551306885124,3.41601934133922,15.8905816228652,0.497365844650117,14.9999999872134,3258.0632381726,-0,-1.09658207731786,0,354.073956293837,0,0
20.08,100,100,45.7236801839035,3.43890313181644,15.9005516706089,0.499438045579656,14.9999999880381,3271.17997435329,-0,-1.06417317932342,0,355.160168947909,0,0
20.1,100,100,45.792685735615,3.46162519022127,15.9105512192253,0.500321431586374,14.9999999888095,3284.30782332993,-0,-1.03272210901095,0,356.24500604612,0,0
20.12,100,100,45.8621441217579,3.48418677910704,15.9205568225399,0.500049020354364,14.9999999895312,3297.44503744342,-0,-1.00220055829455,0,357.328458499603,0,0
20.14,100,100,45.9320521449415,3.50658908618682,15.9305456949737,0.498653850032312,14.9999999902064,3310.58992313817,-0,-0.972581055718706,0,358.410517283683,0,0
20.16,100,100,46.0024066308024,3.52883322691282,15.9404957117307,0.496168957090473,14.999999990838,3323.74083929549,-0,-0.943836941732079,0,359.4911734374,0,0
20.18,100,100,46.0732044265853,3.55092024703139,15.950385408546,0.492627354616784,14.9999999914289,3336.89619561616,-0,-0.915942344692154,0,360.570418063063,0,0
20.2,100,100,46.1444423997734,3.57285112511268,15.9601939810054,0.488062011058412,14.9999999919817,3350.05445105095,-0,-0.888872157579004,1,361.648242325831,0,0
20.22,100,100,46.2161174367708,3.59462677505395,15.9699012834431,0.482505829414587,14.9999999924988,3363.21411227753,-0,-0.862602015397271,0,362.724637453323,0,0
20.24,100,100,46.2882264416332,3.61624804855555,15.9794878274293,0.475991626886161,14.9999999929826,3376.37373222252,-0,-0.83710827324603,0,363.79959473525,0,0
20.26,100,100,46.3607663348489,3.6377157375687,15.9889347798536,0.468552114986868,14.9999999934351,3389.53190862745,-0,-0.812367985036785,0,364.873105523077,0,0
20.28,100,100,46.433734052168,3.65903057671413,15.9982239606171,0.460219880120853,14.9999999938585,3402.68728265724,-0,-0.788358882840434,0,365.945161229704,0,0
20.3,100,100,46.5071265434794,3.68019324567079,16.0073378399395,0.45102736463063,14.9999999942546,3415.83853755007,-0,-0.765059356844638,0,367.015753329172,0,0
20.32,100,100,46.5809407717361,3.70120437153375,16.0162595352922,0.441006848319188,14.9999999946252,3428.98439730748,-0,-0.742448435903527,0,368.084873356392,0,0
20.34,100,100,46.6551737119264,3.72206453114065,16.024972807967,0.430190430449572,14.9999999949718,3442.12362542346,-0,-0.72050576866225,0,369.152512906896,0,0
20.36,100,100,46.7298223500919,3.74277425336569,16.0334620592892,0.418610012224866,14.9999999952961,3455.25502365145,-0,-0.699211605239391,0,370.218663636601,0,0
20.38,100,100,46.804883682391,3.76333402138083,16.0417123264851,0.406297279751097,14.9999999955994,3468.37743080822,-0,-0.678546779450736,0,371.283317261603,0,0
20.4,100,100,46.8803547142072,3.78374427488317,16.0497092782138,0.393283687485205,14.9999999958832,3481.48972161352,-0,-0.658492691558413,1,372.34646555798,0,0
20.42,100,100,46.9562324593014,3.80400541228809,16.0574392097729,0.379600442169827,14.9999999961488,3494.59080556444,-0,-0.639031291529879,0,373.408100361618,0,0
20.44,100,100,47.0325139390078,3.82411779288748,16.0648890379871,0.365278487256268,14.9999999963971,3507.67962584362,-0,-0.620145062791664,0,374.468213568048,0,0
20.46,100,100,47.1091961814734,3.8440817389725,16.0720462957917,0.350348487816679,14.9999999966295,3520.75515826013,-0,-0.601817006463284,0,375.526797132309,0,0
20.48,100,100,47.186276220938,3.8638975379203,16.078899126517,0.334840815946072,14.9999999968469,3533.81641022236,-0,-0.584030626057089,0,376.583843068812,0,0
20.5,100,100,47.2637510970571,3.88356544424424,16.0854362778878,0.318785536654477,14.9999999970502,3546.8624197417,-0,-0.56676991263032,0,377.63934345123,0,0
20.52,100,100,47.3416178542646,3.90308568160717,16.0916470957442,0.302212394249157,14.9999999972405,3559.89225446642,-0,-0.550019330375971,0,378.693290412392,0,0
20.54,100,100,47.4198735411757,3.92245844479724,16.0975215174958,0.28515079920651,14.9999999974184,3572.90501074467,-0,-0.533763802639527,0,379.745676144197,0,0
20.56,100,100,47.4985152100288,3.94168390166591,16.1030500653175,0.267629815532897,14.9999999975849,3585.8998127158,-0,-0.517988698348946,0,380.796492897534,0,0
20.58,100,100,47.5775399161657,3.96076219502774,16.108223839098,0.249678148613344,14.9999999977407,3598.87581142938,-0,-0.502679818845711,0,381.845732982215,0,0
20.6,100,100,47.6569447175498,3.97969344452175,16.1130345091499,0.231324133546733,14.9999999978864,3611.83218399084,-0,-0.487823385105079,1,382.89338876692,0,0
20.62,100,100,47.7367266743207,3.9984777484338,16.1174743086914,0.212595723965799,14.9999999980227,3624.76813273316,-0,-0.47340602533403,0,383.939452679145,0,0
20.64,100,100,47.8168828483851,4.01711518547994,16.121536026109,0.19352048133991,14.9999999981502,3637.68288441377,-0,-0.459414762935749,0,384.983917205166,0,0
20.66,100,100,47.8974103030429,4.03560581655041,16.1252129970115,0.174125564758363,14.9999999982695,3650.57568943609,-0,-0.445837004829813,0,386.026774890007,0,0
20.68,100,100,47.9783061026476,4.05394968641403,16.1284990960843,0.15443772119159,14.9999999983811,3663.44582109472,-0,-0.43266053011757,0,387.068018337412,0,0
20.7,100,100,48.059567312301,4.07214682538279,16.1313887287531,0.134483276227425,14.9999999984855,3676.2925748439,-0,-0.419873479082503,0,388.107640209834,0,0
20.72,100,100,48.1411909975801,4.09019725093661,16.1338768226681,0.114288125279277,14.9999999985832,3689.11526758838,-0,-0.40746434251569,0,389.145633228416,0,0
20.74,100,100,48.2231742242964,4.10810096930798,16.1359588190163,0.0938777252628203,14.9999999986746,3701.91323699615,-0,-0.395421951356732,0,390.181990172988,0,0
20.76,100,100,48.3055140582864,4.12585797702647,16.137630663672,0.0732770867375236,14.9999999987601,3714.68584083231,-0,-0.383735466640851,0,391.216703882062,0,0
20.78,100,100,48.3882075652328,4.14346826242302,16.1388887981951,0.0525107665091221,14.99999999884,3727.43245631358,-0,-0.372394369743085,0,392.249767252837,0,0
20.8,100,100,48.4712518105152,4.16093180709397,16.1397301506862,0.0316028606888613,14.9999999989148,3740.15247948282,-0,-0.361388452910823,1,393.281173241197,0,0
20.82,100,100,48.5546438590895,4.17824858732477,16.1401521265062,0.0105769982051334,14.9999999989848,3752.8453246029,-0,-0.350707810076131,0,394.310914861727,0,0
20.84,100,100,48.6383807753961,4.19541857547349,16.1401525988724,-0.0105436652371133,14.9999999990503,3765.51042356944,-0,-0.340342827939624,0,395.338985187715,0,0
20.86,100,100,48.7224596232942,4.212441741314,16.139729899337,-0.0317364527540246,14.9999999991115,3778.14722534195,-0,-0.330284177317853,0,396.365377351167,0,0
20.88,100,100,48.8068774660236,4.229318053339,16.138882808158,-0.0529791714425993,14.9999999991688,3790.75519539264,-0,-0.320522804746402,0,397.390084542817,0,0
20.9,100,100,48.8916313661918,4.24604748002299,16.1376105445722,-0.0742501171078003,14.9999999992224,3803.33381517255,-0,-0.31104992433117,0,398.413100012143,0,0
20.92,100,100,48.9767183857858,4.26262999104519,16.1359127569768,-0.0955280785624658,14.9999999992726,3815.88258159443,-0,-0.301857009840458,0,399.434417067373,0,0
20.94,100,100,49.062135586208,4.27906555847264,16.1337895130301,-0.116792341505648,14.9999999993195,3828.40100653195,-0,-0.292935787030802,0,400.454029075506,0,0
20.96,100,100,49.1478800283357,4.29535415790358,16.1312412896785,-0.138022691985189,14.9999999993634,3840.88861633465,-0,-0.284278226199583,0,401.471929462313,0,0
20.98,100,100,49.2339487726028,4.31149576957132,16.1282689631179,-0.159199419450527,14.9999999994045,3853.34495135823,-0,-0.275876534957758,0,402.488111712358,0,0
21,100,100,49.3203388791029,4.32749037940875,16.124873798699,-0.180303319401855,14.9999999994429,3865.76956550987,-0,-0.267723151216182,1,403.502569368994,0,0
21.02,100,100,49.407047407714,4.34333798007379,16.1210574407828,-0.201315695641966,14.9999999994788,3878.16202580781,-0,-0.259810736379221,0,404.515296034379,0,0
21.04,100,100,49.4940714182427,4.35903857193595,16.1168219025555,-0.222218362137212,14.9999999995124,3890.52191195517,-0,-0.252132168739514,0,405.526285369473,0,0
21.06,100,100,49.5814079705879,4.3745921640243,16.1121695558095,-0.242993644494177,14.9999999995439,3902.84881592727,-0,-0.244680537067963,0,406.535531094038,0,0
21.08,100,100,49.6690541249236,4.38999877493709,16.1071031206994,-0.263624381058804,14.9999999995733,3915.14234157224,-0,-0.237449134393155,0,407.543026986636,0,0
21.1,100,100,49.7570069418984,4.40525843371343,16.101625655479,-0.2840939236448,14.9999999996008,3927.40210422446,-0,-0.230431451964641,0,408.548766884623,0,0
21.12,100,100,49.8452634828535,4.42037118066718,16.095740546228,-0.304386137898329,14.9999999996265,3939.62773033046,-0,-0.223621173394614,0,409.552744684134,0,0
21.14,100,100,49.9338208100553,4.43533706818353,16.0894514965741,-0.324485403306044,14.9999999996506,3951.81885708693,-0,-0.217012168972737,0,410.554954340068,0,0
21.16,100,100,50.0226759869453,4.45015616147857,16.0827625174199,-0.344376612853666,14.9999999996732,3963.97513209048,-0,-0.210598490148993,0,411.555389866068,0,0
21.18,100,100,50.1118260784037,4.46482853932225,16.0756779166783,-0.364045172342393,14.9999999996942,3976.09621299873,-0,-0.204374364179584,0,412.554045334494,0,0
21.2,100,100,50.2012681510272,4.47935429472502,16.0682022890266,-0.383476999370505,14.999999999714,3988.18176720257,-0,-0.198334188931073,1,413.550914876392,0,0
21.22,100,100,50.2909992734207,4.49373353558868,16.0603405056827,-0.402658521987645,14.9999999997324,4000.23147150902,-0,-0.192472527838089,0,414.545992681456,0,0
21.24,100,100,50.3810165165011,4.50796638532186,16.052097704213,-0.421576677029289,14.9999999997497,4012.2450118346,-0,-0.186784105010045,0,415.539272997985,0,0
21.26,100,100,50.4713169538135,4.52205298342038,16.0434792783754,-0.440218908139029,14.9999999997658,4024.22208290873,-0,-0.181263800482489,0,416.530750132836,0,0
21.28,100,100,50.5618976618585,4.53599348601318,16.0344908680055,-0.458573163486327,14.9999999997809,4036.16238798697,-0,-0.175906645608782,0,417.520418451363,0,0
21.3,100,100,50.6527557204295,4.54978806637412,16.0251383489516,-0.47662789318747,14.999999999795,4048.06563857371,-0,-0.170707818587986,0,418.50827237736,0,0
21.32,100,100,50.7438882129613,4.56343691540017,16.015427823064,-0.494372046437496,14.9999999998083,4059.93155415415,-0,-0.165662640124916,0,419.494306392988,0,0
21.34,100,100,50.8352922268863,4.57694024205649,16.0053656082442,-0.511795068360918,14.9999999998206,4071.75986193511,-0,-0.160766569218458,0,420.478515038701,0,0
21.36,100,100,50.9269648540004,4.59029827378887,15.9949582285602,-0.528886896589083,14.9999999998322,4083.55029659463,-0,-0.156015199074363,0,421.460892913161,0,0
21.38,100,100,51.0189031908365,4.60351125690405,15.9842124044328,-0.545637957572074,14.999999999843,4095.30260003987,-0,-0.151404253138833,0,422.441434673146,0,0
21.4,100,100,51.1111043390451,4.61657945691846,15.9731350428983,-0.562039162633046,14.9999999998531,4107.01652117322,-0,-0.146929581249335,1,423.420135033454,0,0
21.42,100,100,51.2035654057819,4.62950315887588,15.9617332279528,-0.578081903772929,14.9999999998626,4118.69181566628,-0,-0.142587155899174,0,424.396988766797,0,0
21.44,100,100,51.296283504101,4.6422826676345,15.9500142109819,-0.593758049233453,14.9999999998715,4130.3282457415,-0,-0.138373068612468,0,425.371990703682,0,0
21.46,100,100,51.3892557533543,4.65491830812414,15.9379854012832,-0.609059938826414,14.9999999998798,4141.92557996127,-0,-0.134283526426252,0,426.345135732297,0,0
21.48,100,100,51.4824792795944,4.66741042557385,15.9256543566826,-0.623980379037163,14.9999999998875,4153.48359302419,-0,-0.130314848476556,0,427.316418798372,0,0
21.5,100,100,51.5759512159837,4.6797593857108,15.9130287742522,-0.638512637910235,14.9999999998948,4165.00206556826,-0,-0.126463462685382,0,428.285834905049,0,0
21.52,100,100,51.6696687032052,4.69196557493079,15.9001164811318,-0.652650439725069,14.9999999999016,4176.48078398091,-0,-0.122725902545588,0,429.253379112732,0,0
21.54,100,100,51.7636288898779,4.704029400441,15.8869254254592,-0.666387959469731,14.9999999999079,4187.91954021553,-0,-0.119098804000804,0,430.219046538929,0,0
21.56,100,100,51.857828932974,4.71595129037572,15.8734636674126,-0.67971981712054,14.9999999999138,4199.31813161435,-0,-0.115578902417545,0,431.182832358098,0,0
21.58,100,100,51.9522659982384,4.72773169388539,15.8597393703702,-0.692641071735479,14.9999999999194,4210.67636073742,-0,-0.112163029646834,0,432.144731801468,0,0
21.6,100,100,52.0469372606098,4.73937108119976,15.8457607921885,-0.705147215369212,14.9999999999246,4221.99403519764,-0,-0.10884811117264,1,433.10474015686,0,0
21.62,100,100,52.1418399046424,4.75086994366566,15.8315362766053,-0.717234166817542,14.9999999999295,4233.27096750143,-0,-0.105631163344611,0,434.062852768504,0,0
21.64,100,100,52.2369711249288,4.76222879376004,15.817074244768,-0.728898265199056,14.999999999934,4244.50697489509,-0,-0.102509290692595,0,435.019065036838,0,0
21.66,100,100,52.3323281265225,4.77344816507877,15.8023831868933,-0.740136263381694,14.9999999999383,4255.70187921646,-0,-0.09947968332051,0,435.973372418304,0,0
21.68,100,100,52.4279081253597,4.78452861230202,15.7874716540589,-0.750945321261901,14.9999999999422,4266.85550675185,-0,-0.0965396143772539,0,436.925770425135,0,0
21.7,100,100,52.5237083486804,4.7954707111366,15.7723482501314,-0.761322998904001,14.999999999946,4277.96768809809,-0,-0.0936864376023543,0,437.876254625133,0,0
21.72,100,100,52.6197260354486,4.80627505823601,15.7570216238326,-0.771267249547342,14.9999999999495,4289.03825802936,-0,-0.0909175849441519,0,438.824820641438,0,0
21.74,100,100,52.71595843677,4.81694227109881,15.7415004609467,-0.78077641248871,14.9999999999527,4300.06705536883,-0,-0.0882305642483887,0,439.771464152292,0,0
21.76,100,100,52.8124028163076,4.82747298794588,15.725793476672,-0.78984920584746,14.9999999999558,4311.05392286491,-0,-0.0856229570150902,0,440.716180890787,0,0
21.78,100,100,52.909056450695,4.83786786757719,15.709909408117,-0.798484719220725,14.9999999999586,4321.99870707181,-0,-0.0830924162217634,0,441.658966644614,0,0
21.8,100,100,53.0059166299461,4.84812758920876,15.6938570069457,-0.806682406235983,14.9999999999613,4332.90125823456,-0,-0.0806366642109069,1,442.599817255801,0,0
21.82,100,100,53.1029806578618,4.85825285229036,15.6776450321718,-0.814442077008215,14.9999999999638,4343.76143017803,-0,-0.0782534906399732,0,443.538728620433,0,0
21.84,100,100,53.2002458524329,4.86824437630458,15.6612822431055,-0.821763890508781,14.9999999999661,4354.57908020001,-0,-0.0759407504919105,0,444.475696688383,0,0
21.86,100,100,53.2977095462379,4.87810290054793,15.6447773924532,-0.828648346853058,14.9999999999683,4365.35406896822,-0,-0.0736963621444975,0,445.410717463016,0,0
21.88,100,100,53.395369086838,4.88782918389452,15.6281392195723,-0.835096279513818,14.9999999999703,4376.08626042095,-0,-0.071518305496749,0,446.343787000897,0,0
21.9,100,100,53.4932218371651,4.89742400454303,15.6113764438827,-0.841108847467211,14.9999999999723,4386.77552167142,-0,-0.0694046201506868,0,447.274901411486,0,0
21.92,100,100,53.5912651759063,4.90688815974745,15.5944977584355,-0.846687527278139,14.999999999974,4397.42172291557,-0,-0.0673534036468499,0,448.20405685683,0,0
21.94,100,100,53.6894964978818,4.9162224655323,15.577511823641,-0.851834105131701,14.9999999999757,4408.02473734328,-0,-0.065362809751945,0,449.131249551237,0,0
21.96,100,100,53.7879132144179,4.92542775639296,15.5604272611566,-0.856550668817303,14.9999999999773,4418.58444105278,-0,-0.0634310467971257,0,450.05647576096,0,0
21.98,100,100,53.8865127537124,4.93450488498154,15.5432526479347,-0.860839599671915,14.9999999999788,4429.1007129683,-0,-0.0615563760653579,0,450.979731803852,0,0
22,100,100,53.9852925611954,4.94345472177917,15.525996510433,-0.864703564488862,14.9999999999801,4439.57343476067,-0,-0.0597371102264619,1,451.901014049033,0,0
22.02,100,100,54.0842500998818,4.952278154755,15.5086673189864,-0.868145507398414,14.9999999999814,4450.00249077087,-0,-0.0579716118184015,0,452.820318916539,0,0
22.04,100,100,54.183382850718,4.96097608901279,15.4912734823416,-0.871168641726366,14.9999999999826,4460.38776793649,-0,-0.0562582917734566,0,453.737642876967,0,0
22.06,100,100,54.2826883129208,4.96954944642541,15.4738233423548,-0.873776441836636,14.9999999999837,4470.72915572081,-0,-0.0545956079879559,0,454.652982451112,0,0
22.08,100,100,54.3821640043089,4.97799916525807,15.4563251688529,-0.875972634963864,14.9999999999848,4481.02654604457,-0,-0.0529820639342784,0,455.566334209599,0,0
22.1,100,100,54.4818074616269,4.98632619978068,15.438787154657,-0.877761193041812,14.9999999999858,4491.27983322027,-0,-0.0514162073138769,0,456.47769477251,0,0
22.12,100,100,54.581616240862,4.99453151987008,15.4212174107709,-0.879146324533297,14.9999999999867,4501.4889138889,-0,-0.0498966287501164,0,457.387060808999,0,0
22.14,100,100,54.681587917551,5.00261611060245,15.4036239617319,-0.880132466267261,14.9999999999875,4511.65368695909,-0,-0.0484219605197316,0,458.294429036904,0,0
22.16,100,100,54.7817200870813,5.01058097183686,15.386014741125,-0.880724275288448,14.9999999999883,4521.77405354838,-0,-0.0469908753217929,0,459.199796222356,0,0
22.18,100,100,54.8820103649815,5.01842711779002,15.3683975872599,-0.880926620725057,14.9999999999891,4531.84991692691,-0,-0.0456020850830363,0,460.103159179376,0,0
22.2,100,100,54.9824563872044,5.02615557660328,15.3507802390103,-0.880744575679601,14.9999999999898,4541.88118246296,-0,-0.0442543397985204,1,461.004514769472,0,0
22.22,100,100,55.0830558104015,5.03376738990202,15.3331703318159,-0.8801834091481,14.9999999999905,4551.86775757075,-0,-0.0429464264065293,0,461.903859901226,0,0
22.24,100,100,55.1838063121877,5.0412636123482,15.3155753938442,-0.879248577972593,14.9999999999911,4561.80955165999,-0,-0.0416771676967382,0,462.801191529877,0,0
22.26,100,100,55.2847055913978,5.04864531118654,15.2980028423144,-0.877945718831838,14.9999999999916,4571.7064760875,-0,-0.0404454212506504,0,463.696506656901,0,0
22.28,100,100,55.3857513683336,5.05591356578478,15.2804599799803,-0.876280640274944,14.9999999999922,4581.55844411043,-0,-0.0392500784133301,0,464.589802329582,0,0
22.3,100,100,55.4869413850014,5.06306946716868,15.2629539917718,-0.874259314802549,14.9999999999927,4591.36537084145,-0,-0.0380900632955541,0,465.481075640582,0,0
22.32,100,100,55.5882734053409,5.0701141175521,15.2454919415949,-0.871887871000041,14.9999999999932,4601.12717320535,-0,-0.036964331805426,0,466.370323727503,0,0
22.34,100,100,55.6897452154439,5.07704862986281,15.2280807692884,-0.869172585727168,14.9999999999936,4610.84376989749,-0,-0.035871870708629,0,467.257543772449,0,0
22.36,100,100,55.7913546237638,5.08387412726439,15.2107272877357,-0.866119876368293,14.999999999994,4620.51508134363,-0,-0.0348116967164458,0,468.142733001576,0,0
22.38,100,100,55.8930994613159,5.09059174267481,15.1934381801311,-0.862736293147377,14.9999999999944,4630.14102966127,-0,-0.0337828556007347,0,469.025888684649,0,0
22.4,100,100,55.9949775818671,5.0972026182821,15.1762199974,-0.859028511511684,14.9999999999948,4639.72153862246,-0,-0.0327844213350534,1,469.907008134583,0,0
22.42,100,100,56.0969868621169,5.10370790505759,15.1590791557692,-0.855003324588055,14.9999999999951,4649.25653361795,-0,-0.0318154952611822,0,470.786088706989,0,0
22.44,100,100,56.1991252018678,5.1101087622672,15.1420219344887,-0.850667635715455,14.9999999999954,4658.74594162259,-0,-0.0308752052802586,0,471.663127799714,0,0
22.46,100,100,56.3013905241867,5.11640635698117,15.1250544737009,-0.846028451057412,14.9999999999957,4668.18969116206,-0,-0.0299627050678426,0,472.538122852377,0,0
22.48,100,100,56.4037807755557,5.12260186358276,15.1081827724581,-0.841092872297784,14.999999999996,4677.5877122808,-0,-0.0290771733121566,0,473.4110713459,0,0
22.5,100,100,56.5062939260137,5.12869646327626,15.0914126868835,-0.835868089423202,14.9999999999962,4686.939936511,-0,-0.0282178129748551,0,474.281970802041,0,0
22.52,100,100,56.6089279692876,5.13469134359477,15.0747499284773,-0.830361373595407,14.9999999999965,4696.24629684282,-0,-0.0273838505736412,0,475.15081878292,0,0
22.54,100,100,56.7116809229143,5.1405876979082,15.0582000625633,-0.824580070116527,14.9999999999967,4705.50672769553,-0,-0.0265745354860671,0,476.017612890547,0,0
22.56,100,100,56.8145508283525,5.1463867249318,15.0417685068757,-0.818531591490282,14.9999999999969,4714.72116488982,-0,-0.0257891392739342,0,476.882350766338,0,0
22.58,100,100,56.9175357510842,5.15208962823571,15.0254605302839,-0.812223410581922,14.9999999999971,4723.88954562089,-0,-0.0250269550276467,0,477.745030090644,0,0
22.6,100,100,57.0206337807077,5.15769761575586,15.0092812516524,-0.8056630538796,14.9999999999973,4733.01180843263,-0,-0.0242872967299412,1,478.605648582262,0,0
22.62,100,100,57.1238430310193,5.16321189930659,14.9932356388351,-0.79885809485976,14.9999999999975,4742.08789319258,-0,-0.0235694986384329,0,479.464203997958,0,0
22.64,100,100,57.2271616400865,5.16863369409541,14.9773285078012,-0.791816147458981,14.9999999999976,4751.11774106779,-0,-0.0228729146863937,0,480.320694131977,0,0
22.66,100,100,57.3305877703107,5.17396421824014,14.9615645218899,-0.784544859654614,14.9999999999978,4760.10129450141,-0,-0.0221969179012564,0,481.17511681556,0,0
22.68,100,100,57.4341196084809,5.17920469228896,14.9459481911933,-0.7770519071564,14.9999999999979,4769.03849719015,-0,-0.0215408998402893,0,482.027469916458,0,0
22.7,100,100,57.5377553658173,5.18435633874348,14.9304838720636,-0.769344987211169,14.9999999999981,4777.92929406238,-0,-0.0209042700429647,0,482.87775133844,0,0
22.72,100,100,57.6414932780059,5.18942038158537,14.9151757667434,-0.761431812522559,14.9999999999982,4786.77363125699,-0,-0.0202864554994999,0,483.725959020807,0,0
22.74,100,100,57.7453316052228,5.19439804580672,14.9000279231167,-0.753320105287619,14.9999999999983,4795.5714561029,-0,-0.019686900135107,0,484.5720909379,0,0
22.76,100,100,57.8492686321507,5.19929055694448,14.885044234577,-0.745017591351992,14.9999999999984,4804.32271709916,-0,-0.019105064309497,0,485.416145098613,0,0
22.78,100,100,57.9533026679843,5.2040991406193,14.8702284400127,-0.736531994485311,14.9999999999985,4813.02736389572,-0,-0.0185404243311584,0,486.258119545901,0,0
22.8,100,100,58.0574320464277,5.20882502207905,14.8555841239041,-0.727871030778273,14.9999999999986,4821.68534727472,-0,-0.0179924719860018,1,487.09801235629,0,0
22.82,100,100,58.1616551256827,5.21346942574725,14.8411147165322,-0.71904240316278,14.9999999999987,4830.29661913235,-0,-0.0174607140799372,0,487.935821639386,0,0
22.84,100,100,58.2659702884275,5.21803357477675,14.8268234942958,-0.7100537960564,14.9999999999988,4838.86113246125,-0,-0.0169446719949606,0,488.771545537386,0,0
22.86,100,100,58.3703759417869,5.22251869060884,14.8127135801341,-0.700912870132299,14.9999999999989,4847.37884133332,-0,-0.0164438812583683,0,489.605182224592,0,0
22.88,100,100,58.4748705172938,5.22692599253816,14.798787944053,-0.691627257215689,14.9999999999989,4855.84970088311,-0,-0.0159578911246987,0,490.436729906914,0,0
22.9,100,100,58.5794524708421,5.23125669728344,14.7850494037519,-0.682204555307709,14.999999999999,4864.27366729154,-0,-0.0154862641700317,0,491.266186821393,0,0
22.92,100,100,58.6841202826305,5.23551201856454,14.771500625349,-0.672652323737574,14.9999999999991,4872.65069777011,-0,-0.0150285758982802,0,492.093551235706,0,0
22.94,100,100,58.788872457099,5.23969316668587,14.7581441242019,-0.662978078443697,14.9999999999991,4880.98075054551,-0,-0.0145844143591081,0,492.918821447683,0,0
22.96,100,100,58.8937075228557,5.24380134812635,14.7449822658218,-0.653189287384409,14.9999999999992,4889.26378484454,-0,-0.0141533797771567,0,493.741995784827,0,0
22.98,100,100,58.9986240325969,5.24783776513629,14.7320172668778,-0.643293366078776,14.9999999999992,4897.49976087945,-0,-0.0137350841922093,0,494.563072603823,0,0
23,100,100,59.1036205630184,5.25180361534121,14.7192511962892,-0.633297673277933,14.9999999999993,4905.6886398336,-0,-0.0133291511100095,1,495.382050290065,0,0
23.02,100,100,59.2086957147188,5.25570009135287,14.7066859764031,-0.623209506767237,14.9999999999993,4913.8303838474,-0,-0.0129352151633872,0,496.198927257173,0,0
23.04,100,100,59.3138481120958,5.25952838038764,14.6943233842544,-0.613036099299457,14.9999999999994,4921.92495600458,-0,-0.0125529217834046,0,497.013701946518,0,0
23.06,100,100,59.4190764032341,5.26328966389243,14.6821650529062,-0.602784614659119,14.9999999999994,4929.97232031876,-0,-0.0121819268802179,0,497.826372826744,0,0
23.08,100,100,59.5243792597869,5.26698511717823,14.6702124728676,-0.592462143858039,14.9999999999995,4937.97244172023,-0,-0.0118218965333758,0,498.636938393299,0,0
23.1,100,100,59.6297553768489,5.27061590906155,14.6584669935857,-0.582075701461959,14.9999999999995,4945.92528604305,-0,-0.0114725066912698,0,499.445397167962,0,0
23.12,100,100,59.7352034728237,5.27418320151373,14.6469298250105,-0.571632222048152,14.9999999999995,4953.83082001229,-0,-0.0111334428794603,0,500.251747698379,0,0
23.14,100,100,59.8407222892826,5.27768814931843,14.6356020392288,-0.561138556793736,14.9999999999996,4961.68901123158,-0,-0.0108043999176317,0,501.055988557592,0,0
23.16,100,100,59.9463105908181,5.28113189973722,14.6244845721654,-0.550601470194384,14.9999999999996,4969.49982817083,-0,-0.0104850816449149,0,501.858118343586,0,0
23.18,100,100,60.0519671648901,5.28451559218355,14.6135782253482,-0.540027636913,14.9999999999996,4977.26324015411,-0,-0.0101752006533111,0,502.658135678822,0,0
23.2,100,100,60.1576908216653,5.28784035790511,14.6028836677356,-0.529423638757877,14.9999999999996,4984.9792173478,-0,-0.00987447802901542,1,503.456039209785,0,0
23.22,100,100,60.2634803938514,5.29110731967468,14.5924014376027,-0.518795961789769,14.9999999999997,4992.64773074879,-0,-0.00958264310137036,0,504.251827606532,0,0
23.24,100,100,60.3693347365242,5.29431759148957,14.5821319444837,-0.508150993557207,14.9999999999997,5000.26875217297,-0,-0.00929943319924575,0,505.04549956224,0,0
23.26,100,100,60.4752527269492,5.29747227827977,14.5720754711692,-0.497495020459356,14.9999999999997,5007.84225424374,-0,-0.00902459341461448,0,505.837053792765,0,0
23.28,100,100,60.5812332643977,5.30057247562475,14.5622321757545,-0.486834225235585,14.9999999999997,5015.36821038077,-0,-0.00875787637312264,0,506.626489036194,0,0
23.3,100,100,60.6872752699564,5.30361926947911,14.5526020937365,-0.476174684580903,14.9999999999997,5022.84659478878,-0,-0.00849904201143215,0,507.413804052414,0,0
23.32,100,100,60.7933776863329,5.30661373590709,14.5431851401575,-0.465522366886308,14.9999999999998,5030.27738244659,-0,-0.0082478573611473,0,508.198997622669,0,0
23.34,100,100,60.899539477655,5.30955694082587,14.533981111793,-0.454883130103032,14.9999999999998,5037.66054909609,-0,-0.00800409633913279,0,508.982068549139,0,0
23.36,100,100,61.0057596292652,5.31244993975793,14.5249896893809,-0.444262719729631,14.9999999999998,5044.99607123149,-0,-0.00776753954401599,0,509.763015654506,0,0
23.38,100,100,61.1120371475106,5.31529377759224,14.5162104398894,-0.43366676692075,14.9999999999998,5052.28392608856,-0,-0.00753797405871737,0,510.541837781536,0,0
23.4,100,100,61.2183710595278,5.31808948835452,14.5076428188218,-0.423100786716401,14.9999999999998,5059.524091634,-0,-0.00731519325880559,1,511.318533792659,0,0
23.42,100,100,61.3247604130235,5.32083809498642,14.4992861725557,-0.412570176390464,14.9999999999998,5066.71654655489,-0,-0.00709899662652624,0,512.093102569556,0,0
23.44,100,100,61.4312042760504,5.32354060913377,14.4911397407138,-0.402080213917117,14.9999999999998,5073.86127024822,-0,-0.0068891895703187,0,512.865543012752,0,0
23.46,100,100,61.5377017367797,5.32619803094374,14.4832026585642,-0.391636056553817,14.9999999999998,5080.95824281048,-0,-0.00668558324967261,0,513.635854041208,0,0
23.48,100,100,61.6442519032688,5.32881134887111,14.4754739594479,-0.381242739539415,14.9999999999999,5088.00744502732,-0,-0.00648799440515813,0,514.40403459192,0,0
23.5,100,100,61.7508539032258,5.3313815394934,14.4679525772313,-0.370905174905919,14.9999999999999,5095.0088583633,-0,-0.00629624519348049,0,515.170083619531,0,0
23.52,100,100,61.8575068837701,5.33390956733506,14.4606373487814,-0.360628150402404,14.9999999999999,5101.96246495166,-0,-0.0061101630274063,0,515.934000095932,0,0
23.54,100,100,61.9642100111895,5.33639638470054,14.4535270164612,-0.350416328529484,14.9999999999999,5108.86824758416,-0,-0.00592958042043179,0,516.695783009878,0,0
23.56,100,100,62.0709624706947,5.3388429315163,14.4466202306431,-0.340274245682738,14.9999999999999,5115.72618970099,-0,-0.00575433483601984,0,517.455431366614,0,0
23.58,100,100,62.1777634661695,5.34125013518168,14.4399155522394,-0.330206311403435,14.9999999999999,5122.53627538068,-0,-0.00558426854131611,0,518.212944187488,0,0
23.6,100,100,62.2846122199196,5.3436189104286,14.4334114552453,-0.320216807734864,14.9999999999999,5129.29848933012,-0,-0.00541922846518261,1,518.968320509589,0,0
23.62,100,100,62.3915079724172,5.34595015919002,14.4271063292947,-0.310309888682531,14.9999999999999,5136.01281687453,-0,-0.00525906606040749,0,519.721559385376,0,0
23.64,100,100,62.4984499820445,5.34824477047716,14.4209984822255,-0.300489579776449,14.9999999999999,5142.67924394759,-0,-0.00510363717001994,0,520.472659882321,0,0
23.66,100,100,62.6054375248336,5.35050362026537,14.4150861426529,-0.290759777733727,14.9999999999999,5149.29775708149,-0,-0.00495280189752556,0,521.22162108255,0,0
23.68,100,100,62.7124698942047,5.35272757138857,14.4093674625476,-0.281124250219605,14.9999999999999,5155.86834339708,-0,-0.00480642448100177,0,521.968442082493,0,0
23.7,100,100,62.8195464007027,5.35491747344228,14.403840519819,-0.271586635705077,14.9999999999999,5162.39099059407,-0,-0.00466437317089508,0,522.713121992543,0,0
23.72,100,100,62.9266663717312,5.35707416269509,14.3985033208994,-0.262150443419193,14.9999999999999,5168.86568694117,-0,-0.00452652011143861,0,523.455659936711,0,0
23.74,100,100,63.0338291512851,5.35919846200844,14.3933538033287,-0.252819053394136,14.9999999999999,5175.29242126637,-0,-0.0043927412255762,0,524.196055052293,0,0
23.76,100,100,63.141034099682,5.36129118076479,14.3883898383371,-0.243595716601092,14.9999999999999,5181.67118294721,-0,-0.00426291610327922,0,524.934306489543,0,0
23.78,100,100,63.2482805932917,5.36335311480398,14.3836092334241,-0.234483555174979,14.9999999999999,5188.00196190101,-0,-0.00413692789317821,0,525.670413411347,0,0
23.8,100,100,63.3555680242652,5.36538504636759,14.3790097349323,-0.225485562726004,14.9999999999999,5194.28474857526,-0,-0.00401466319737942,1,526.404374992904,0,0
23.82,100,100,63.4628958002615,5.36738774405149,14.3745890306143,-0.21660460473606,15,5200.51953393793,-0,-0.00389601196940781,0,527.136190421418,0,0
23.84,100,100,63.5702633441751,5.36936196276617,14.3703447521901,-0.207843419037927,15,5206.70630946785,-0,-0.00378086741514672,0,527.865858895783,0,0
23.86,100,100,63.6776700938613,5.37130844370496,14.3662744778954,-0.199204616375219,15,5212.84506714514,-0,-0.00366912589672985,0,528.593379626287,0,0
23.88,100,100,63.7851155018621,5.37322791431987,14.3623757350162,-0.190690681041029,15,5218.9357994416,-0,-0.00356068683924704,0,529.318751834314,0,0
23.9,100,100,63.8925990351308,5.37512108830514,14.3586460024116,-0.182303971593191,15,5224.97849931122,-0,-0.00345545264022995,0,530.041974752052,0,0
23.92,100,100,64.0001201747572,5.37698866558815,14.35508271302,-0.174046721644081,15,5230.97316018064,-0,-0.00335332858179704,0,530.763047622208,0,0
23.94,100,100,64.1076784156917,5.37883133232776,14.3516832563503,-0.165921040722856,15,5236.91977593968,-0,-0.00325422274540088,0,531.481969697727,0,0
23.96,100,100,64.2152732664703,5.38064976091984,14.3484449809536,-0.157928915208042,15,5242.81834093191,-0,-0.00315804592910141,0,532.198740241522,0,0
23.98,100,100,64.3229042489395,5.38244461000999,14.3453651968768,-0.150072209328347,15,5248.66884994519,-0,-0.00306471156727284,0,532.913358526198,0,0
24,100,100,64.4305708979811,5.38421652451312,14.3424411780949,-0.142352666229612,15,5254.47129820236,-0,-0.00297413565269267,1,533.625823833794,0,0
24.02,100,100,64.5382727612384,5.38596613564002,14.3396701649215,-0.134771909105762,15,5260.22568135182,-0,-0.00288623666092036,0,534.336135455524,0,0
24.04,100,100,64.6460093988421,5.38769406093055,14.3370493663957,-0.127331442391664,15,5265.93199545825,-0,-0.00280093547693383,0,535.044292691523,0,0
24.06,100,100,64.753780383137,5.38940090429351,14.3345759626453,-0.120032653015767,15,5271.59023699333,-0,-0.00271815532391351,0,535.750294850599,0,0
24.08,100,100,64.8615852984106,5.39108725605289,14.3322471072237,-0.112876811710407,15,5277.2004028265,-0,-0.00263782169412963,0,536.454141249997,0,0
24.1,100,100,64.9694237406212,5.39275369300046,14.3300599294203,-0.105865074377689,15,5282.76249021576,-0,-0.0025598622818972,0,537.155831215156,0,0
24.12,100,100,65.0772953171282,5.39440077845455,14.3280115365429,-0.0989984835088121,15,5288.2764967985,-0,-0.00248420691848317,0,537.855364079483,0,0
24.14,100,100,65.1851996464229,5.39602906232488,14.3260990161714,-0.0922779696547694,15,5293.7424205824,-0,-0.00241078750895163,0,538.552739184125,0,0
24.16,100,100,65.2931363578618,5.39763908118321,14.3243194383815,-0.0857043529463088,15,5299.16025993633,-0,-0.00233953797088304,0,539.247955877751,0,0
24.18,100,100,65.4011050913996,5.39923135833982,14.3226698579374,-0.0792783446610859,15,5304.53001358136,-0,-0.00227039417488228,0,539.941013516336,0,0
24.2,100,100,65.5091054973255,5.40080640392552,14.3211473164529,-0.0730005488359324,15,5309.85168058174,-0,-0.00220329388686658,1,540.631911462952,0,0
24.22,100,100,65.6171372360003,5.40236471497918,14.3197488445197,-0.0668714639221787,15,5315.12526033599,-0,-0.00213817671204986,0,541.320649087564,0,0
24.24,100,100,65.7251999775953,5.40390677554048,14.3184714638023,-0.0608914844819825,15,5320.35075256803,-0,-0.00207498404057738,0,542.007225766831,0,0
24.26,100,100,65.8332934018334,5.40543305674791,14.3173121890983,-0.0550609029236293,15,5325.52815731831,-0,-0.00201365899478034,0,542.691640883914,0,0
24.28,100,100,65.9414171977322,5.40694401694166,14.316268030364,-0.0493799112737834,15,5330.65747493509,-0,-0.00195414637797953,0,543.373893828285,0,0
24.3,100,100,66.049571063349,5.40844010177151,14.315335994704,-0.0438486029846835,15,5335.73870606568,-0,-0.00189639262480235,0,544.053983995545,0,0
24.32,100,100,66.1577547055281,5.40992174430925,14.3145130883242,-0.0384669747742992,15,5340.77185164781,-0,-0.00184034575297609,0,544.731910787246,0,0
24.34,100,100,66.2659678396504,5.41138936516579,14.313796318448,-0.0332349284974729,15,5345.75691290103,-0,-0.00178595531652981,0,545.407673610716,0,0
24.36,100,100,66.3742101893855,5.41284337261261,14.3131826951944,-0.028152273046101,15,5350.69389131816,-0,-0.00173317236040482,0,546.081271878893,0,0
24.38,100,100,66.482481486446,5.41428416270741,14.3126692334182,-0.02321872627642,15,5355.58278865681,-0,-0.00168194937637267,0,546.752705010162,0,0
24.4,100,100,66.5907814703446,5.41571211942398,14.3122529545113,-0.0184339169614895,15,5360.42360693103,-0,-0.00163224026029418,1,547.421972428194,0,0
24.42,100,100,66.6991098881538,5.41712761478586,14.3119308881644,-0.0137973867669807,15,5365.21634840291,-0,-0.00158400027060956,0,548.089073561793,0,0
24.44,100,100,66.8074664942683,5.41853100900388,14.3117000740894,-0.00930859224840752,15,5369.96101557436,-0,-0.00153718598807195,0,548.75400784475,0,0
24.46,100,100,66.9158510501697,5.41992265061732,14.3115575637013,-0.00496690686795487,15,5374.65761117889,-0,-0.00149175527666578,0,549.416774715695,0,0
24.48,100,100,67.0242633241954,5.42130287663852,14.31150042176,-0.000771623029087403,15,5379.30613817349,-0,-0.00144766724568868,0,550.077373617959,0,0
24.5,100,100,67.1327030913085,5.42267201270086,14.3115257279706,0.0032780458728563,15,5383.90659973061,-0,-0.00140488221293289,0,550.735803999443,0,0
24.52,100,100,67.2411701328726,5.42403037320991,14.3116305785434,0.00718296338584975,15,5388.45899923017,-0,-0.00136336166898587,0,551.392065312481,0,0
24.54,100,100,67.3496642364282,5.4253782614976,14.3118120877118,0.010944067923889,15,5392.9633402517,-0,-0.00132306824255402,0,552.046157013718,0,0
24.56,100,100,67.4581851954731,5.42671596997926,14.3120673892087,0.0145623706789388,15,5397.4196265665,-0,-0.00128396566683442,0,552.69807856399,0,0
24.58,100,100,67.5667328092456,5.42804378031343,14.3123936377009,0.0180389535238041,15,5401.82786212994,-0,-0.00124601874686725,0,553.347829428204,0,0
24.6,100,100,67.6753068825109,5.42936196356424,14.3127880101824,0.0213749669075821,15,5406.18805107381,-0,-0.00120919332786684,1,553.995409075227,0,0
24.62,100,100,67.783907225351,5.43067078036619,14.3132477073239,0.024571627745327,15,5410.50019769881,-0,-0.00117345626446763,0,554.640816977776,0,0
24.64,100,100,67.8925336529574,5.43197048109127,14.3137699547818,0.0276302173035252,15,5414.76430646703,-0,-0.00113877539090446,0,555.284052612317,0,0
24.66,100,100,68.0011859854282,5.43326130601821,14.3143520044635,0.0305520790829527,15,5418.98038199462,-0,-0.00110511949204728,0,555.925115458962,0,0
24.68,100,100,68.1098640475673,5.43454348550374,14.3149911357512,0.0333386167004524,15,5423.14842904447,-0,-0.00107245827531699,0,556.564005001372,0,0
24.7,100,100,68.2185676686881,5.43581724015569,14.3156846566829,0.0359912917711418,15,5427.26845251908,-0,-0.00104076234341477,0,557.200720726668,0,0
24.72,100,100,68.3272966824201,5.43708278100784,14.3164299050913,0.0385116217925274,15,5431.34045745342,-0,-0.00101000316786326,0,557.835262125342,0,0
24.74,100,100,68.4360509265192,5.43834030969633,14.3172242497001,0.0409011780319711,15,5435.36444900795,-0,-0.000980153063325773,0,558.467628691171,0,0
24.76,100,100,68.5448302426814,5.43959001863755,14.3180650911788,0.0431615834189241,15,5439.34043246171,-0,-0.000951185162694657,0,559.097819921137,0,0
24.78,100,100,68.6536344763605,5.44083209120728,14.3189498631542,0.0452945104433076,15,5443.26841320553,-0,-0.000923073392906204,0,559.725835315349,0,0
24.8,100,100,68.7624634765889,5.44206670192104,14.3198760331813,0.0473016790613895,15,5447.14839673536,-0,-0.000895792451469646,1,560.351674376974,0,0
24.82,100,100,68.871317095802,5.44329401661553,14.3208411036716,0.0491848546104739,15,5450.98038864558,-0,-0.000869317783696033,0,560.975336612161,0,0
24.84,100,100,68.980195189667,5.44451419263086,14.3218426127794,0.0509458457336847,15,5454.76439462262,-0,-0.000843625560596806,0,561.596821529979,0,0
24.86,100,100,69.0890976169141,5.44572737899369,14.3228781352483,0.0525865023160922,15,5458.50042043846,-0,-0.000818692657437836,0,562.216128642353,0,0
24.88,100,100,69.1980242391728,5.44693371660095,14.3239452832144,0.0541087134334002,15,5462.18847194444,-0,-0.00079449663292408,0,562.833257464004,0,0
24.9,100,100,69.3069749208105,5.44813333840409,14.3250417069706,0.0555144053143729,15,5465.828555065,-0,-0.000771015709002398,0,563.448207512392,0,0
24.92,100,100,69.4159495287758,5.4493263695938,14.3261650956889,0.0568055393181521,15,5469.42067579164,-0,-0.000748228751252356,0,564.060978307664,0,0
24.94,100,100,69.5249479324451,5.45051292778493,14.3273131781029,0.0579841099275763,15,5472.96484017695,-0,-0.000726115249875647,0,564.671569372604,0,0
24.96,100,100,69.6339700034728,5.45169312320164,14.3284837231507,0.0590521427595839,15,5476.46105432874,-0,-0.000704655301229096,0,565.279980232585,0,0
24.98,100,100,69.7430156156454,5.45286705886259,14.3296745405776,0.0600116925937453,15,5479.90932440432,-0,-0.00068382958991009,0,565.886210415526,0,0
25,100,100,69.8520846447394,5.45403483076602,14.3308834814998,0.0608648414199344,15,5483.30965660481,-0,-0.000663619371374935,1,566.490259451848,0,0
25.02,100,100,69.9611769683825,5.45519652807474,14.3321084389293,0.0616136965061208,15,5486.66205716968,-0,-0.000644006455061685,0,567.09212687444,0,0
25.04,100,100,70.0702924659188,5.45635223330073,14.3333473482603,0.0622603884872222,15,5489.96653237127,-0,-0.000624973188021016,0,567.691812218621,0,0
25.06,100,100,70.1794310182778,5.45750202248944,14.3345981877174,0.0628070694759285,15,5493.2230885095,-0,-0.000606502439028489,0,568.289315022105,0,0
25.08,100,100,70.2885925078467,5.4586459654035,14.3358589787671,0.0632559111963733,15,5496.43173190671,-0,-0.000588577583163996,0,568.884634824975,0,0
25.1,100,100,70.3977768183465,5.45978412570592,14.3371277864908,0.0636091031414935,15,5499.59246890255,-0,-0.000571182486845956,0,569.477771169652,0,0
25.12,100,100,70.5069838347124,5.46091656114252,14.3384027199222,0.0638688507548844,15,5502.70530584903,-0,-0.0005543014933167,0,570.06872360087,0,0
25.14,100,100,70.6162134429763,5.46204332372355,14.3396819323487,0.0640373736379257,15,5505.77024910565,-0,-0.000537919408541754,0,570.657491665652,0,0
25.16,100,100,70.725465530155,5.46316445990449,14.3409636215764,0.0641169037829179,15,5508.78730503466,-0,-0.00052202148753544,0,571.244074913292,0,0
25.18,100,100,70.83473998414,5.46428001076574,14.3422460301606,0.0641096838329363,15,5511.75647999649,-0,-0.000506593421102153,0,571.828472895334,0,0
25.2,100,100,70.9440366935922,5.46539001219133,14.3435274456018,0.0640179653690771,15,5514.67778034514,-0,-0.000491621322936453,1,572.410685165557,0,0
25.22,100,100,71.0533555478399,5.4664944950464,14.3448062005073,0.0638440072257361,15,5517.5512124239,-0,-0.00047709171714061,0,572.990711279959,0,0
25.24,100,100,71.1626964367798,5.46759348535344,14.3460806727199,0.0635900738345287,15,5520.37678256098,-0,-0.00046299152608853,0,573.568550796746,0,0
25.26,100,100,71.272059250782,5.46868700446718,14.3473492854133,0.0632584335974266,15,5523.15449706537,-0,-0.000449308058655618,0,574.144203276321,0,0
25.28,100,100,71.3814438805987,5.46977506924808,14.3486105071557,0.0628513572896556,15,5525.88436222282,-0,-0.000436028998800353,0,574.717668281276,0,0
25.3,100,100,71.4908502172756,5.47085769223424,14.3498628519416,0.0623711164928655,15,5528.56638429184,-0,-0.000423142394470943,0,575.288945376385,0,0
25.32,100,100,71.6002781520676,5.47193488181184,14.351104879192,0.0618199820590521,15,5531.20056949995,-0,-0.000410636646854812,0,575.858034128598,0,0
25.34,100,100,71.7097275763569,5.47300664238387,14.3523351937255,0.0612002226056808,15,5533.7869240399,-0,-0.000398500499933618,0,576.424934107039,0,0
25.36,100,100,71.8191983815755,5.47407297453709,14.353552445698,0.0605141030424287,15,5536.32545406611,-0,-0.000386723030356251,0,576.989644883004,0,0
25.38,100,100,71.9286904591305,5.47513387520731,14.3547553305148,0.0597638831299326,15,5538.8161656912,-0,-0.000375293637608465,0,577.55216602996,0,0
25.4,100,100,72.0382037003321,5.47618933784268,14.3559425887129,0.0589518160709001,15,5541.25906498257,-0,-0.00036420203446319,1,578.112497123548,0,0
25.42,100,100,72.1477379963265,5.4772393525652,14.3571130058165,0.0580801471339108,15,5543.6541579592,-0,-0.000353438237729264,0,578.670637741581,0,0
25.44,100,100,72.2572932380301,5.47828390633007,14.3582654121645,0.0571511123102027,15,5546.00145058843,-0,-0.00034299255926129,0,579.226587464056,0,0
25.46,100,100,72.366869316068,5.47932298308317,14.3593986827119,0.0561669370037163,15,5548.30094878301,-0,-0.000332855597243054,0,579.780345873151,0,0
25.48,100,100,72.4764661207155,5.48035656391636,14.3605117368053,0.0551298347546318,15,5550.55265839811,-0,-0.000323018227728511,0,580.331912553236,0,0
25.5,100,100,72.5860835418425,5.48138462722059,14.361603537933,0.0540420059966127,15,5552.75658522852,-0,-0.000313471596419035,0,580.881287090879,0,0
25.52,100,100,72.6957214688611,5.48240714883686,14.3626730934509,0.0529056368479394,15,5554.91273500596,-0,-0.000304207110703558,0,581.428469074856,0,0
25.54,100,100,72.8053797906757,5.48342410220495,14.3637194542841,0.0517228979366871,15,5557.02111339644,-0,-0.000295216431917211,0,581.973458096159,0,0
25.56,100,100,72.9150583956367,5.48443545850978,14.3647417146061,0.0504959432600785,15,5559.08172599784,-0,-0.000286491467843319,0,582.516253748008,0,0
25.58,100,100,73.0247571714973,5.48544118682544,14.3657390114946,0.049226909078113,15,5561.09457833746,-0,-0.000278024365428564,0,583.056855625861,0,0
25.6,100,100,73.1344760053716,5.48644125425691,14.3667105245663,0.0479179128415486,15,5563.05967586975,-0,-0.000269807503702424,1,583.595263327427,0,0
25.62,100,100,73.2442147836978,5.48743562607926,14.3676554755899,0.0465710521542886,15,5564.97702397417,-0,-0.000261833486939977,0,584.131476452682,0,0
25.64,100,100,73.3539733922022,5.48842426587444,14.3685731280797,0.045188403770197,15,5566.8466279531,-0,-0.000254095137988131,0,584.665494603878,0,0
25.66,100,100,73.4637517158669,5.48940713566555,14.369462786868,0.0437720226243449,15,5568.66849302985,-0,-0.000246585491806783,0,585.197317385559,0,0
25.68,100,100,73.5735496389002,5.49038419604861,14.3703237976603,0.0423239408986658,15,5570.44262434685,-0,-0.000239297789210724,0,585.72694440458,0,0
25.7,100,100,73.6833670447088,5.49135540632175,14.3711555465704,0.040846167121971,15,5572.16902696381,-0,-0.000232225470776726,0,586.254375270118,0,0
25.72,100,100,73.7932038158738,5.49232072461182,14.3719574596388,0.0393406853042588,15,5573.84770585612,-0,-0.000225362170938936,0,586.779609593689,0,0
25.74,100,100,73.9030598341278,5.49328010799838,14.3727290023343,0.0378094541052221,15,5575.47866591328,-0,-0.000218701712265457,0,587.302646989168,0,0
25.76,100,100,74.0129349803358,5.49423351263508,14.3734696790386,0.0362544060368429,15,5577.06191193736,-0,-0.000212238099889461,0,587.823487072804,0,0
25.78,100,100,74.1228291344776,5.49518089386835,14.3741790325158,0.034677446699938,15,5578.5974486417,-0,-0.000205965516128614,0,588.342129463235,0,0
25.8,100,100,74.2327421756326,5.49612220635347,14.3748566433668,0.0330804540544977,15,5580.08528064961,-0,-0.000199878315234159,1,588.858573781511,0,0
25.82,100,100,74.3426739819676,5.49705740416787,14.3755021294693,0.0314652777236427,15,5581.52541249316,-0,-0.000193971018312311,0,589.372819651108,0,0
25.84,100,100,74.4526244307258,5.4979864409218,14.3761151454049,0.0298337383310017,15,5582.91784861213,-0,-0.000188238308398425,0,589.884866697949,0,0
25.86,100,100,74.5625933982192,5.49890926986625,14.3766953818721,0.0281876268712932,15,5584.26259335294,-0,-0.000182675025666157,0,590.39471455042,0,0
25.88,100,100,74.6725807598218,5.49982584399813,14.3772425650881,0.0265287041138783,15,5585.55965096782,-0,-0.000177276162785844,0,590.902362839392,0,0
25.9,100,100,74.7825863899661,5.50073611616275,14.3777564561785,0.0248587000390296,15,5586.8090256139,-0,-0.000172036860416114,0,591.407811198237,0,0
25.92,100,100,74.8926101621405,5.50164003915349,14.3782368505561,0.0231793133066468,15,5588.01072135253,-0,-0.000166952402830489,0,591.911059262846,0,0
25.94,100,100,75.0026519488899,5.50253756580885,14.3786835772898,0.0214922107571315,15,5589.16474214861,-0,-0.000162018213675452,0,592.412106671653,0,0
25.96,100,100,75.112711621817,5.50342864910658,14.3790964984627,0.0197990269441159,15,5590.27109186997,-0,-0.000157229851847518,0,592.910953065649,0,0
25.98,100,100,75.2227890515863,5.50431324225518,14.3794755085229,0.0181013636987257,15,5591.32977428697,-0,-0.000152583007499985,0,593.407598088401,0,0
26,100,100,75.3328841079296,5.50519129878264,14.3798205336243,0.0164007897250407,15,5592.34079307202,-0,-0.000148073498154488,1,593.902041386074,0,0
26.02,100,100,75.4429966596528,5.50606277262238,14.3801315309605,0.0146988402264039,15,5593.30415179926,-0,-0.000143697264949338,0,594.394282607448,0,0
26.04,100,100,75.5531265746457,5.5069276181965,14.3804084880912,0.0129970165622125,15,5594.21985394434,-0,-0.000139450368983773,0,594.884321403933,0,0
26.06,100,100,75.6632737198918,5.50778579049624,14.3806514222623,0.0112967859348121,15,5595.08790288419,-0,-0.00013532898775992,0,595.372157429593,0,0
26.08,100,100,75.773437961481,5.50863724515977,14.3808603797198,0.00959958110610319,15,5595.90830189698,-0,-0.000131329411759751,0,595.857790341161,0,0
26.1,100,100,75.8836191646226,5.50948193854724,14.3810354350183,0.00790680014345325,15,5596.68105416203,-0,-0.000127448041091327,0,596.341219798056,0,0
26.12,100,100,75.9938171936616,5.51031982781309,14.381176690325,0.00621980619449881,15,5597.40616275988,-0,-0.00012368138226293,0,596.822445462403,0,0
26.14,100,100,76.104031912094,5.51115087097575,14.3812842747193,0.00453992729040811,15,5598.0836306724,-0,-0.000120026045024701,0,597.301466999047,0,0
26.16,100,100,76.2142631825857,5.51197502698451,14.3813583434882,0.00286845617716459,15,5598.71346078297,-0,-0.000116478739327519,0,597.778284075572,0,0
26.18,100,100,76.3245108669914,5.51279225578393,14.3813990774201,0.00120665017442097,15,5599.29565587669,-0,-0.000113036272356482,0,598.252896362317,0,0
26.2,100,100,76.4347748263751,5.51360251837543,14.3814066820942,-0.000444268938536569,15,5599.83021864073,-0,-0.000109695545660315,1,598.725303532392,0,0
26.22,100,100,76.5450549210318,5.5144057768763,14.3813813871693,-0.00208311501018412,15,5600.31715166469,-0,-0.000106453552357166,0,599.195505261693,0,0
26.24,100,100,76.6553510105108,5.5152019945762,14.3813234456704,-0.00370873757799423,15,5600.756457441,-0,-0.000103307374436312,0,599.663501228918,0,0
26.26,100,100,76.765662953639,5.51599113599089,14.3812331332743,-0.00532002190399656,15,5601.14813836545,-0,-0.000100254180125603,0,600.129291115581,0,0
26.28,100,100,76.8759906085464,5.51677316691357,14.3811107475957,-0.00691588898516023,15,5601.49219673773,-0,-9.72912213423882e-05,0,600.592874606027,0,0
26.3,100,100,76.9863338326923,5.51754805446359,14.3809566074716,-0.00849529553909998,15,5601.78863476202,-0,-9.44158312261578e-05,0,601.054251387444,0,0
26.32,100,100,77.0966924828917,5.51831576713265,14.3807710522481,-0.0100572339656167,15,5602.03745454766,-0,-9.16254217280255e-05,0,601.513421149879,0,0
26.34,100,100,77.2070664153436,5.51907627482852,14.3805544410668,-0.0116007322845884,15,5602.23865810985,-0,-8.89174812943594e-05,0,601.970383586246,0,0
26.36,100,100,77.3174554856599,5.51982954891633,14.3803071521535,-0.0131248540507336,15,5602.39224737044,-0,-8.62895725948221e-05,0,602.425138392346,0,0
26.38,100,100,77.4278595488945,5.52057556225736,14.3800295821082,-0.0146286982457745,15,5602.49822415872,-0,-8.37393303338985e-05,0,602.877685266867,0,0
26.4,100,100,77.5382784595737,5.52131428924551,14.3797221451985,-0.0161113991485333,15,5602.55659021228,-0,-8.12644591228207e-05,1,603.328023911406,0,0
26.42,100,100,77.6487120717274,5.52204570584132,14.3793852726542,-0.0175721261834988,15,5602.56734717793,-0,-7.88627314083357e-05,0,603.776154030474,0,0
26.44,100,100,77.7591602389209,5.52276978960368,14.379019411967,-0.0190100837484029,15,5602.53049661262,-0,-7.65319854743041e-05,0,604.222075331504,0,0
26.46,100,100,77.8696228142864,5.52348651971923,14.3786250261922,-0.0204245110213544,15,5602.4460399845,-0,-7.42701234930365e-05,0,604.665787524862,0,0
26.48,100,100,77.9800996505567,5.52419587702952,14.3782025932556,-0.0218146817480759,15,5602.31397867387,-0,-7.20751096352501e-05,0,605.107290323859,0,0
26.5,100,100,78.090590600098,5.52489784405585,14.3777526052643,-0.0231799040097954,15,5602.13431397432,-0,-6.99449682386444e-05,0,605.546583444752,0,0
26.52,100,100,78.2010955149442,5.52559240502195,14.3772755678227,-0.0245195199723454,15,5601.90704709382,-0,-6.78777820350973e-05,0,605.983666606753,0,0
26.54,100,100,78.3116142468305,5.52627954587451,14.3767719993529,-0.0258329056170244,15,5601.63217915583,-0,-6.5871690416941e-05,0,606.41853953204,0,0
26.56,100,100,78.4221466472287,5.5269592543015,14.376242430422,-0.0271194704537758,15,5601.30971120058,-0,-6.39248877671861e-05,0,606.851201945756,0,0
26.58,100,100,78.5326925673817,5.52763151974849,14.3756874030737,-0.0283786572172431,15,5600.93964418619,-0,-6.20356218306028e-05,0,607.281653576019,0,0
26.6,100,100,78.6432518583392,5.52829633343281,14.3751074701677,-0.0296099415462579,15,5600.52197898994,-0,-6.02021921380924e-05,1,607.709894153922,0,0
26.62,100,100,78.753824370993,5.52895368835576,14.3745031947247,-0.0308128316473183,15,5600.05671640961,-0,-5.84229484825727e-05,0,608.135923413541,0,0
26.64,100,100,78.8644099561127,5.5296035793128,14.3738751492783,-0.0319868679426165,15,5599.5438571647,-0,-5.66962894232859e-05,0,608.559741091933,0,0
26.66,100,100,78.975008464382,5.5302460029018,14.3732239152348,-0.0331316227031711,15,5598.98340189782,-0,-5.50206608505022e-05,0,608.981346929142,0,0
26.68,100,100,79.0856197464347,5.5308809575294,14.3725500822395,-0.0342466996676222,15,5598.37535117602,-0,-5.3394554587527e-05,0,609.400740668199,0,0
26.7,100,100,79.1962436528906,5.53150844341548,14.3718542475518,-0.0353317336472415,15,5597.71970549221,-0,-5.18165070264587e-05,0,609.817922055122,0,0
26.72,100,100,79.3068800343923,5.53212846259582,14.3711370154273,-0.0363863901177123,15,5597.0164652665,-0,-5.02850978190139e-05,0,610.232890838917,0,0
26.74,100,100,79.4175287416411,5.53274101892296,14.370398996509,-0.0374103647982303,15,5596.26563084769,-0,-4.87989485922213e-05,0,610.645646771575,0,0
26.76,100,100,79.5281896254336,5.53334611806538,14.3696408072268,-0.0384033832184717,15,5595.46720251469,-0,-4.73567217120774e-05,0,611.056189608074,0,0
26.78,100,100,79.638862536698,5.53394376750486,14.3688630692056,-0.0393652002739776,15,5594.62118047798,-0,-4.59571190809527e-05,0,611.464519106374,0,0
26.8,100,100,79.7495473265301,5.53453397653233,14.3680664086822,-0.0402955997704949,15,5593.72756488108,-0,-4.45988809563147e-05,1,611.870635027416,0,0
26.82,100,100,79.8602438462295,5.53511675624194,14.3672514559325,-0.0411943939578135,15,5592.78635580208,-0,-4.32807848333994e-05,0,612.274537135114,0,0
26.84,100,100,79.9709519473359,5.53569211952371,14.3664188447066,-0.0420614230536367,15,5591.79755325511,-0,-4.20016443385407e-05,0,612.676225196357,0,0
26.86,100,100,80.0816714816645,5.53626008105455,14.3655692116747,-0.0428965547580161,15,5590.76115719187,-0,-4.0760308159804e-05,0,613.075698980999,0,0
26.88,100,100,80.1924023013418,5.53682065728781,14.3647031958825,-0.0436996837588769,15,5589.6771675032,-0,-3.95556590078172e-05,0,613.472958261855,0,0
26.9,100,100,80.3031442588411,5.53737386644142,14.3638214382158,-0.044470731229159,15,5588.54558402057,-0,-3.83866126192345e-05,0,613.868002814694,0,0
26.92,100,100,80.4138972070177,5.53791972848457,14.3629245808768,-0.0452096443160904,15,5587.36640651764,-0,-3.72521167726347e-05,0,614.260832418231,0,0
26.94,100,100,80.5246609991435,5.53845826512306,14.3620132668691,-0.0459163956231061,15,5586.13963471187,-0,-3.61511503452761e-05,0,614.65144685412,0,0
26.96,100,100,80.6354354889418,5.53898949978335,14.3610881394939,-0.0465909826849207,15,5584.86526826599,-0,-3.50827223911665e-05,0,615.039845906947,0,0
26.98,100,100,80.7462205306216,5.5395134575953,14.3601498418571,-0.0472334274362565,15,5583.54330678968,-0,-3.40458712582148e-05,0,615.426029364217,0,0
27,100,100,80.8570159789112,5.54003016537369,14.3591990163863,-0.0478437756747232,15,5582.17374984103,-0,-3.30396637053809e-05,1,615.809997016345,0,0
27.02,100,100,80.9678216890919,5.54053965159853,14.3582363043589,-0.0484220965183405,15,5580.7565969282,-0,-3.2063194080223e-05,0,616.191748656648,0,0
27.04,100,100,81.0786375170313,5.54104194639431,14.3572623454414,-0.0489684818581853,15,5579.29184751097,-0,-3.11155834928911e-05,0,616.57128408133,0,0
27.06,100,100,81.1894633192156,5.54153708150799,14.3562777772394,-0.0494830458066445,15,5577.77950100227,-0,-3.01959790292017e-05,0,616.948603089472,0,0
27.08,100,100,81.3002989527819,5.5420250902861,14.3552832348585,-0.0499659241417406,15,5576.21955676983,-0,-2.93035529868035e-05,0,617.323705483019,0,0
27.1,100,100,81.4111442755501,5.54250600765068,14.3542793504768,-0.0504172737479967,15,5574.6120141377,-0,-2.84375021202266e-05,0,617.696591066767,0,0
27.12,100,100,81.5219991460541,5.54297987007432,14.3532667529285,-0.0508372720542968,15,5572.95687238784,-0,-2.75970469232334e-05,0,618.067259648346,0,0
27.14,100,100,81.6328634235726,5.54344671555424,14.3522460672982,-0.0512261164691913,15,5571.25413076166,-0,-2.67814309307113e-05,0,618.435711038211,0,0
27.16,100,100,81.7437369681591,5.54390658358547,14.3512179145275,-0.05158402381409,15,5569.50378846162,-0,-2.59899200347746e-05,0,618.801945049623,0,0
27.18,100,100,81.854619640672,5.54435951513321,14.350182911032,-0.0519112297547776,15,5567.70584465276,-0,-2.52218018221839e-05,0,619.165961498633,0,0
27.2,100,100,81.9655113028032,5.54480555260431,14.3491416683304,-0.0522079882316788,15,5565.86029846422,-0,-2.44763849295282e-05,1,619.527760204066,0,0
27.22,100,100,82.076411817107,5.54524473981805,14.3480947926845,-0.052474570889292,15,5563.96714899084,-0,-2.37529984374873e-05,0,619.887340987507,0,0
27.24,100,100,82.1873210470281,5.54567712197615,14.3470428847511,-0.0527112665052032,15,5562.02639529462,-0,-2.30509912455545e-05,0,620.244703673278,0,0
27.26,100,100,82.2982388569286,5.54610274563207,14.3459865392447,-0.0529183804190835,15,5560.03803640631,-0,-2.2369731503602e-05,0,620.599848088426,0,0
27.28,100,100,82.4091651121151,5.54652165865972,14.3449263446122,-0.0530962339620648,15,5558.00207132684,-0,-2.17086060274596e-05,0,620.9527740627,0,0
27.3,100,100,82.5200996788645,5.54693391022148,14.3438628827187,-0.0532451638868806,15,5555.91849902888,-0,-2.10670197642315e-05,0,621.303481428532,0,0
27.32,100,100,82.6310424244496,5.54733955073572,14.3427967285449,-0.053365521799151,15,5553.7873184583,-0,-2.04443952398492e-05,0,621.65197002102,0,0
27.34,100,100,82.7419932171639,5.54773863184372,14.3417284498954,-0.0534576735901798,15,5551.60852853563,-0,-1.98401720510333e-05,0,621.998239677907,0,0
27.36,100,100,82.8529519263456,5.54813120637612,14.3406586071188,-0.0535219988716277,15,5549.38212815752,-0,-1.92538063554792e-05,0,622.342290239558,0,0
27.38,100,100,82.9639184224011,5.54851732831892,14.3395877528392,-0.0535588904124113,15,5547.10811619821,-0,-1.86847703851356e-05,0,622.684121548941,0,0
27.4,100,100,83.0748925768278,5.54889705277903,14.3385164316983,-0.0535687535781734,15,5544.78649151092,-0,-1.81325519719167e-05,1,623.023733451607,0,0
27.42,100,100,83.1858742622364,5.54927043594944,14.3374451801091,-0.0535520057736605,15,5542.41725292929,-0,-1.75966540769679e-05,0,623.361125795662,0,0
27.44,100,100,83.2968633523716,5.54963753507406,14.3363745260208,-0.0535090758883307,15,5540.00039926873,-0,-1.70765943572349e-05,0,623.696298431753,0,0
27.46,100,100,83.4078597221335,5.5499984084122,14.3353049886946,-0.0534404037455129,15,5537.53592932786,-0,-1.65719047249269e-05,0,624.029251213037,0,0
27.48,100,100,83.5188632475972,5.55035311520281,14.3342370784903,-0.0533464395554227,15,5535.02384188981,-0,-1.60821309265202e-05,0,624.359983995164,0,0
27.5,100,100,83.629873806032,5.55070171562844,14.3331712966643,-0.0532276433723364,15,5532.46413572359,-0,-1.56068321306435e-05,0,624.688496636247,0,0
27.52,100,100,83.74089127592,5.55104427077902,14.3321081351779,-0.0530844845562127,15,5529.8568095854,-0,-1.51455805372791e-05,0,625.014788996847,0,0
27.54,100,100,83.851915536974,5.55138084261538,14.3310480765168,-0.052917441239044,15,5527.20186221996,-0,-1.4697960988741e-05,0,625.338860939937,0,0
27.56,100,100,83.9629464701541,5.55171149393278,14.3299915935203,-0.0527269997962086,15,5524.49929236172,-0,-1.42635705984162e-05,0,625.660712330888,0,0
27.58,100,100,84.0739839576847,5.5520362883241,14.3289391492226,-0.0525136543230886,15,5521.7490987362,-0,-1.38420183812826e-05,0,625.980343037436,0,0
27.6,100,100,84.1850278830695,5.55235529014317,14.3278911967028,-0.0522779061172072,15,5518.95128006119,-0,-1.34329249164011e-05,1,626.297752929662,0,0
27.62,100,100,84.2960781311067,5.55266856446787,14.3268481789465,-0.0520202631661308,15,5516.10583504796,-0,-1.30359219916443e-05,0,626.612941879963,0,0
27.64,100,100,84.407134587903,5.55297617706329,14.3258105287166,-0.0517412396413716,15,5513.21276240248,-0,-1.26506522750702e-05,0,626.925909763027,0,0
27.66,100,100,84.5181971408868,5.55327819434493,14.3247786684353,-0.05144135539852,15,5510.27206082658,-0,-1.22767690005077e-05,0,627.236656455806,0,0
27.68,100,100,84.6292656788212,5.55357468334178,14.3237530100746,-0.0511211354838222,15,5507.28372901909,-0,-1.19139356460352e-05,0,627.545181837492,0,0
27.7,100,100,84.7403400918156,5.55386571165966,14.3227339550579,-0.0507811096474162,15,5504.24776567701,-0,-1.15618256391059e-05,0,627.851485789487,0,0
27.72,100,100,84.8514202713371,5.55415134744449,14.3217218941705,-0.0504218118634227,15,5501.16416949655,-0,-1.12201220527908e-05,0,628.155568195377,0,0
27.74,100,100,84.9625061102206,5.55443165934577,14.3207172074801,-0.0500437798570862,15,5498.03293917427,-0,-1.08885173339957e-05,0,628.457428940905,0,0
27.76,100,100,85.0735975026789,5.55470671648013,14.319720264266,-0.0496475546391468,15,5494.85407340811,-0,-1.05667130156917e-05,0,628.757067913945,0,0
27.78,100,100,85.1846943443114,5.55497658839512,14.3187314229585,-0.0492336800476186,15,5491.62757089843,-0,-1.02544194540144e-05,0,629.054485004471,0,0
27.8,100,100,85.2957965321126,5.55524134503313,14.3177510310864,-0.0488027022971386,15,5488.35343034899,-0,-9.9513555600339e-06,1,629.349680104532,0,0
27.82,100,100,85.4069039644794,5.55550105669556,14.3167794252343,-0.0483551695360441,15,5485.031650468,-0,-9.65724855994665e-06,0,629.642653108223,0,0
27.84,100,100,85.5180165412179,5.55575579400722,14.3158169310081,-0.0478916314113267,15,5481.66222996901,-0,-9.37183373217465e-06,0,629.933403911658,0,0
27.86,100,100,85.6291341635499,5.55600562788099,14.3148638630093,-0.0474126386416024,15,5478.24516757189,-0,-9.09485419064993e-06,0,630.221932412938,0,0
27.88,100,100,85.7402567341179,5.55625062948275,14.3139205248178,-0.046918742598229,15,5474.78046200373,-0,-8.82606062901914e-06,0,630.508238512129,0,0
27.9,100,100,85.8513841569899,5.55649087019665,14.3129872089831,-0.0464104948946948,15,5471.26811199969,-0,-8.5652111181389e-06,0,630.792322111226,0,0
27.92,100,100,85.9625163376635,5.55672642159067,14.3120641970232,-0.0458884469843926,15,5467.70811630393,-0,-8.3120708751494e-06,0,631.074183114131,0,0
27.94,100,100,86.0736531830694,5.55695735538256,14.311151759432,-0.0453531497668849,15,5464.10047367038,-0,-8.06641205741698e-06,0,631.353821426622,0,0
27.96,100,100,86.1847946015737,5.5571837434061,14.3102501556942,-0.0448051532027616,15,5460.44518286358,-0,-7.82801355470042e-06,0,631.631236956322,0,0
27.98,100,100,86.29594050298,5.55740565757778,14.3093596343078,-0.0442450059371771,15,5456.74224265947,-0,-7.5966607919753e-06,0,631.906429612674,0,0
28,100,100,86.4070907985309,5.55762316986388,14.308480432814,-0.0436732549321529,15,5452.9916518461,-0,-7.37214553758747e-06,1,632.179399306909,0,0
28.02,100,100,86.5182454009085,5.55783635224797,14.3076127778347,-0.0430904451077179,15,5449.19340922445,-0,-7.15426571140654e-06,0,632.450145952021,0,0
28.04,100,100,86.6294042242346,5.55804527669879,14.3067568851168,-0.0424971189919563,15,5445.34751360905,-0,-6.94282520719014e-06,0,632.718669462734,0,0
28.06,100,100,86.7405671840697,5.55825001513868,14.3059129595834,-0.0418938163800202,15,5441.45396382871,-0,-6.73763371317193e-06,0,632.984969755476,0,0
28.08,100,100,86.8517341974124,5.55845063941241,14.3050811953916,-0.0412810740021612,15,5437.51275872717,-0,-6.53850654508403e-06,0,633.249046748349,0,0
28.1,100,100,86.9629051826968,5.55864722125648,14.3042617759975,-0.0406594252008251,15,5433.52389716375,-0,-6.34526447562678e-06,0,633.5109003611,0,0
28.12,100,100,87.0740800597905,5.55883983226899,14.3034548742267,-0.0400293996168478,15,5429.48737801389,-0,-6.15773357104388e-06,0,633.770530515096,0,0
28.14,100,100,87.1852587499916,5.55902854387991,14.3026606523515,-0.0393915228847821,15,5425.40320016983,-0,-5.97574504368481e-06,0,634.027937133289,0,0
28.16,100,100,87.2964411760247,5.559213427322,14.3018792621742,-0.038746316337381,15,5421.27136254108,-0,-5.79913508857999e-06,0,634.283120140192,0,0
28.18,100,100,87.4076272620369,5.55939455360213,14.3011108451158,-0.0380942967192522,15,5417.091864055,-0,-5.62774474666128e-06,0,634.536079461849,0,0
28.2,100,100,87.5188169335929,5.55957199347326,14.3003555323106,-0.0374359759096957,15,5412.86470365731,-0,-5.46141975377168e-06,1,634.786815025807,0,0
28.22,100,100,87.6300101176698,5.55974581740691,14.2996134447062,-0.0367718606547273,15,5408.58988031254,-0,-5.30001040743855e-06,0,635.035326761089,0,0
28.24,100,100,87.7412067426509,5.5599160955662,14.2988846931686,-0.0361024523082848,15,5404.26739300453,-0,-5.14337143009413e-06,0,635.281614598162,0,0
28.26,100,100,87.8524067383196,5.56008289777948,14.2981693785932,-0.035428246582608,15,5399.89724073682,-0,-4.99136183229609e-06,0,635.525678468913,0,0
28.28,100,100,87.9636100358524,5.56024629351454,14.297467592019,-0.0347497333077788,15,5395.47942253311,-0,-4.8438447972643e-06,0,635.767518306618,0,0
28.3,100,100,88.0748165678111,5.56040635185344,14.2967794147496,-0.0340673962003963,15,5391.0139374376,-0,-4.70068754943043e-06,0,636.007134045916,0,0
28.32,100,100,88.1860262681353,5.56056314146786,14.2961049184771,-0.0333817126413629,15,5386.5007845154,-0,-4.56176123719843e-06,0,636.244525622783,0,0
28.34,100,100,88.2972390721335,5.56071673059515,14.2954441654111,-0.0326931534627474,15,5381.93996285283,-0,-4.42694081925765e-06,0,636.479692974501,0,0
28.36,100,100,88.4084549164747,5.56086718701494,14.2947972084117,-0.0320021827436856,15,5377.33147155777,-0,-4.29610494556698e-06,0,636.71263603963,0,0
28.38,100,100,88.5196737391783,5.56101457802635,14.2941640911268,-0.0313092576152747,15,5372.67530975993,-0,-4.16913585610246e-06,0,636.943354757987,0,0
28.4,100,100,88.6308954796052,5.56115897042592,14.2935448481325,-0.0306148280744129,15,5367.97147661115,-0,-4.04591927249953e-06,1,637.171849070612,0,0
28.42,100,100,88.7421200784467,5.56130043048603,14.2929395050779,-0.0299193368065278,15,5363.2199712856,-0,-3.92634428791894e-06,0,637.398118919747,0,0
28.44,100,100,88.8533474777143,5.56143902393407,14.2923480788328,-0.0292232190171346,15,5358.42079298009,-0,-3.81030327645249e-06,0,637.622164248805,0,0
28.46,100,100,88.9645776207281,5.56157481593219,14.2917705776393,-0.0285269022721608,15,5353.5739409142,-0,-3.69769179542345e-06,0,637.843985002347,0,0
28.48,100,100,89.0758104521061,5.56170787105771,14.2912070012655,-0.0278308063469649,15,5348.6794143305,-0,-3.58840848946329e-06,0,638.063581126054,0,0
28.5,100,100,89.1870459177514,5.56183825328415,14.2906573411632,-0.0271353430839779,15,5343.73721249471,-0,-3.48235499281202e-06,0,638.280952566702,0,0
28.52,100,100,89.2982839648408,5.56196602596293,14.290121580628,-0.0264409162588879,15,5338.74733469586,-0,-3.37943584938216e-06,0,638.496099272135,0,0
28.54,100,100,89.4095245418114,5.56209125180569,14.2895996949615,-0.0257479214552848,15,5333.70978024638,-0,-3.27955842571725e-06,0,638.709021191243,0,0
28.56,100,100,89.5207675983482,5.56221399286728,14.2890916516365,-0.0250567459476778,15,5328.62454848224,-0,-3.18263282750308e-06,0,638.919718273933,0,0
28.58,100,100,89.6320130853704,5.5623343105294,14.2885974104645,-0.0243677685927966,15,5323.49163876302,-0,-3.0885718125262e-06,0,639.128190471107,0,0
28.6,100,100,89.7432609550183,5.56245226548484,14.2881169237648,-0.0236813597290783,15,5318.31105047194,-0,-2.99729072139598e-06,1,639.334437734635,0,0
28.62,100,100,89.8545111606388,5.56256791772244,14.2876501365357,-0.0229978810842434,15,5313.08278301598,-0,-2.90870739227955e-06,0,639.538460017334,0,0
28.64,100,100,89.9657636567713,5.56268132651263,14.2871969866282,-0.0223176856908589,15,5307.80683582585,-0,-2.82274209872924e-06,0,639.74025727294,0,0
28.66,100,100,90.0770183991336,5.56279255039366,14.2867574049198,-0.0216411178097807,15,5302.48320835601,-0,-2.73931746264111e-06,0,639.939829456089,0,0
28.68,100,100,90.1882753446067,5.56290164715842,14.2863313154913,-0.0209685128613683,15,5297.11190008468,-0,-2.65835839741158e-06,0,640.137176522288,0,0
28.7,100,100,90.2995344512198,5.56300867384197,14.285918635804,-0.0203001973643584,15,5291.69291051381,-0,-2.57979203333036e-06,0,640.332298427897,0,0
28.72,100,100,90.4107956781354,5.56311368670967,14.2855192768783,-0.0196364888822827,15,5286.22623916899,-0,-2.50354765718441e-06,0,640.525195130104,0,0
28.74,100,100,90.5220589856331,5.56321674124592,14.2851331434732,-0.0189776959773118,15,5280.71188559949,-0,-2.42955664120359e-06,0,640.715866586902,0,0
28.76,100,100,90.6333243350947,5.56331789214357,14.2847601342669,-0.0183241181714036,15,5275.14984937807,-0,-2.35775239154634e-06,0,640.904312757067,0,0
28.78,100,100,90.7445916889877,5.56341719329394,14.2844001420377,-0.0176760459146341,15,5269.54013010098,-0,-2.28807027902178e-06,0,641.090533600136,0,0
28.8,100,100,90.8558610108492,5.5635146977775,14.2840530538459,-0.0170337605605829,15,5263.88272738781,-0,-2.22044758224627e-06,1,641.274529076388,0,0
28.82,100,100,90.9671322652699,5.56361045785507,14.2837187512159,-0.0163975343486471,15,5258.17764088136,-0,-2.15482343968176e-06,0,641.456299146819,0,0
28.84,100,100,91.0784054178773,5.56370452495976,14.2833971103185,-0.0157676303931516,15,5252.42487024754,-0,-2.09113878213429e-06,0,641.635843773123,0,0
28.86,100,100,91.1896804353195,5.56379694968942,14.2830880021535,-0.0151443026791242,15,5246.62441517517,-0,-2.02933629189772e-06,0,641.813162917672,0,0
28.88,100,100,91.3009572852479,5.56388778179974,14.2827912927323,-0.0145277960646003,15,5240.77627537588,-0,-1.96936034058126e-06,0,641.988256543494,0,0
28.9,100,100,91.4122359363006,5.56397707019795,14.2825068432602,-0.0139183462893225,15,5234.88045058385,-0,-1.91115694647692e-06,0,642.161124614255,0,0
28.92,100,100,91.5235163580853,5.56406486293707,14.2822345103191,-0.0133161799896953,15,5228.9369405557,-0,-1.85467372304515e-06,0,642.331767094238,0,0
28.94,100,100,91.6347985211621,5.56415120721079,14.2819741460487,-0.0127215147198574,15,5222.94574507023,-0,-1.79985983272957e-06,0,642.500183948324,0,0
28.96,100,100,91.7460823970266,5.56423614934889,14.2817255983285,-0.0121345589787295,15,5216.90686392823,-0,-1.74666593544259e-06,0,642.666375141973,0,0
28.98,100,100,91.8573679580921,5.56431973481325,14.2814887109579,-0.0115555122428961,15,5210.82029695226,-0,-1.6950441548147e-06,0,642.830340641208,0,0
29,100,100,91.9686551776724,5.56440200819444,14.2812633238371,-0.0109845650051781,15,5204.68604398637,-0,-1.64494803023274e-06,1,642.992080412593,0,0
29.02,100,100,92.0799440299646,5.56448301320879,14.2810492731457,-0.0104218988187523,15,5198.50410489589,-0,-1.59633246887836e-06,0,643.151594423217,0,0
29.04,100,100,92.1912344900311,5.56456279269612,14.2808463915213,-0.00986768634667201,15,5192.27447956715,-0,-1.54915371375353e-06,0,643.308882640677,0,0
29.06,100,100,92.3025265337824,5.56464138861791,14.2806545082367,-0.00932209141664362,15,5185.99716790722,-0,-1.50336930282435e-06,0,643.463945033059,0,0
29.08,100,100,92.4138201379597,5.56471884205605,14.2804734493759,-0.00878526908091231,15,5179.67216984364,-0,-1.45893802638852e-06,0,643.616781568923,0,0
29.1,100,100,92.5251152801166,5.56479519321209,14.2803030380091,-0.00825736568110935,15,5173.29948532407,-0,-1.4158198897718e-06,0,643.767392217287,0,0
29.12,100,100,92.6364119386023,5.56487048140702,14.2801430943662,-0.0077385189179145,15,5166.87911431607,-0,-1.37397608845902e-06,0,643.91577694761,0,0
29.14,100,100,92.7477100925433,5.56494474508154,14.2799934360091,-0.00722885792538457,15,5160.41105680676,-0,-1.33336895835612e-06,0,644.061935729774,0,0
29.16,100,100,92.8590097218263,5.56501802179683,14.2798538780018,-0.0067285033498011,15,5153.89531280247,-0,-1.29396195092113e-06,0,644.205868534073,0,0
29.18,100,100,92.9703108070804,5.56509034823583,14.2797242330794,-0.00623756743288776,15,5147.33188232849,-0,-1.25571959763704e-06,0,644.347575331195,0,0
29.2,100,100,93.0816133296597,5.56516176020492,14.279604311816,-0.00575615409925089,15,5140.72076542865,-0,-1.2186074727083e-06,1,644.487056092208,0,0
29.22,100,100,93.1929172716255,5.56523229263617,14.279493922789,-0.0052843590478935,15,5134.06196216506,-0,-1.18259218062633e-06,0,644.624310788546,0,0
29.24,100,100,93.3042226157291,5.56530197958994,14.2793928727439,-0.00482226984765631,15,5127.35547261774,-0,-1.1476412993261e-06,0,644.759339391996,0,0
29.26,100,100,93.4155293453944,5.56537085425804,14.2793009667548,-0.00436996603643662,15,5120.60129688424,-0,-1.11372337308069e-06,0,644.892141874681,0,0
29.28,100,100,93.5268374447002,5.56543894896721,14.2792180083847,-0.00392751922403998,15,5113.79943507932,-0,-1.08080787519782e-06,0,645.022718209049,0,0
29.3,100,100,93.6381468983636,5.56550629518314,14.2791437998429,-0.00349499319851593,15,5106.94988733457,-0,-1.04886517426905e-06,0,645.151068367864,0,0
29.32,100,100,93.7494576917221,5.56557292351478,14.2790781421401,-0.00307244403583302,15,5100.05265379805,-0,-1.01786652351166e-06,0,645.277192324184,0,0
29.34,100,100,93.8607698107171,5.56563886371917,14.2790208352417,-0.00265992021274697,15,5093.10773463392,-0,-9.87784021688753e-07,0,645.401090051358,0,0
29.36,100,100,93.9720832418766,5.56570414470663,14.2789716782186,-0.00225746272271803,15,5086.11513002206,-0,-9.58590593569397e-07,0,645.522761523008,0,0
29.38,100,100,94.0833979722982,5.56576879454627,14.2789304693957,-0.00186510519473295,15,5079.07484015769,-0,-9.30259959730506e-07,0,645.642206713021,0,0
29.4,100,100,94.1947139896328,5.56583284047198,14.2788970064978,-0.0014828740148891,15,5071.98686525097,-0,-9.02766624122364e-07,1,645.759425595537,0,0
29.42,100,100,94.3060312820675,5.5658963088887,14.2788710867937,-0.00111078845059907,15,5064.85120552664,-0,-8.76085838541485e-07,0,645.874418144936,0,0
29.44,100,100,94.4173498383093,5.56595922537908,14.2788525072367,-0.000748860777274524,15,5057.66786122364,-0,-8.50193588419756e-07,0,645.987184335829,0,0
29.46,100,100,94.5286696475687,5.5660216147105,14.2788410646035,-0.000397096407349444,15,5050.43683259465,-0,-8.2506657150816e-07,0,646.09772414305,0,0
29.48,100,100,94.6399906995435,5.56608350084234,14.2788365556301,-5.54940215057423e-05,15,5043.15811990578,-0,-8.00682169455058e-07,0,646.206037541642,0,0
29.5,100,100,94.7513129844026,5.56614490693369,14.2788387771452,0.000275954298037735,15,5035.83172343612,-0,-7.77018433595345e-07,0,646.312124506849,0,0
29.52,100,100,94.8626364927701,5.56620585535126,14.2788475262006,0.000597262932306981,15,5028.45764347735,-0,-7.54054068963228e-07,0,646.415985014109,0,0
29.54,100,100,94.9739612157098,5.56626636767768,14.2788626001992,0.000908452588560451,15,5021.03588033336,-0,-7.31768404094169e-07,0,646.517619039042,0,0
29.56,100,100,95.0852871447091,5.56632646471998,14.2788837970202,0.00120955016161533,15,5013.56643431981,-0,-7.10141378590379e-07,0,646.617026557441,0,0
29.58,100,100,95.196614271664,5.56638616651848,14.2789109151414,0.00150058859364288,15,5006.04930576379,-0,-6.89153528909969e-07,0,646.714207545267,0,0
29.6,100,100,95.3079425888638,5.56644549235583,14.2789437537587,0.00178160673256368,15,4998.48449500334,-0,-6.6878596527431e-07,1,646.809161978639,0,0
29.62,100,100,95.4192720889758,5.56650446076637,14.278982112903,0.0020526491891691,15,4990.87200238713,-0,-6.49020353904461e-07,0,646.901889833827,0,0
29.64,100,100,95.5306027650307,5.56656308954571,14.2790257935535,0.0023137661930965,15,4983.21182827397,-0,-6.29838904586677e-07,0,646.992391087241,0,0
29.66,100,100,95.6419346104076,5.56662139576056,14.2790745977494,0.00256501344778211,15,4975.5039730325,-0,-6.11224351132478e-07,0,647.08066571543,0,0
29.68,100,100,95.7532676188201,5.56667939575877,14.2791283286971,0.00280645198451363,15,4967.74843704073,-0,-5.93159942496868e-07,0,647.166713695071,0,0
29.7,100,100,95.8646017843012,5.56673710517961,14.2791867908759,0.00303814801570407,15,4959.94522068563,-0,-5.75629416132983e-07,0,647.250535002963,0,0
29.72,100,100,95.9759371011901,5.56679453896417,14.2792497901399,0.00326017278750414,15,4952.09432436281,-0,-5.58616996215733e-07,0,647.332129616023,0,0
29.74,100,100,96.0872735641176,5.5668517113661,14.2793171338172,0.00347260243187183,15,4944.19574847602,-0,-5.42107370549161e-07,0,647.411497511276,0,0
29.76,100,100,96.198611167993,5.56690863596236,14.2793886308062,0.00367551781821236,15,4936.24949343684,-0,-5.26085676355592e-07,0,647.488638665852,0,0
29.78,100,100,96.3099499079905,5.56696532566429,14.2794640916687,0.00386900440470161,15,4928.25555966423,-0,-5.10537496722918e-07,0,647.563553056982,0,0
29.8,100,100,96.4212897795357,5.56702179272874,14.2795433287206,0.00405315208940376,15,4920.21394758417,-0,-4.95448832182888e-07,1,647.636240661989,0,0
29.82,100,100,96.5326307782932,5.5670780487694,14.2796261561186,0.00422805506129162,15,4912.12465762927,-0,-4.80806107816534e-07,0,647.706701458286,0,0
29.84,100,100,96.6439729001532,5.56713410476825,14.2797123899449,0.00439381165127566,15,4903.98769023838,-0,-4.66596141279751e-07,0,647.77493542337,0,0
29.86,100,100,96.7553161412197,5.56718997108716,14.2798018482887,0.00455052418334573,15,4895.80304585618,-0,-4.5280614102694e-07,0,647.840942534819,0,0
29.88,100,100,96.8666604977975,5.56724565747961,14.2798943513242,0.00469829882592824,15,4887.57072493288,-0,-4.3942369742922e-07,0,647.904722770285,0,0
29.9,100,100,96.9780059663807,5.56730117310247,14.2799897213862,0.00483724544355693,15,4879.29072792373,-0,-4.26436765010862e-07,0,647.966276107494,0,0
29.92,100,100,97.0893525436406,5.56735652652796,14.2800877830426,0.00496747744895639,15,4870.96305528874,-0,-4.13833653567508e-07,0,648.025602524238,0,0
29.94,100,100,97.2007002264142,5.56741172575567,14.2801883631637,0.00508911165563185,15,4862.58770749229,-0,-4.01603021060737e-07,0,648.082701998378,0,0
29.96,100,100,97.3120490116928,5.56746677822461,14.2802912909889,0.00520226813105897,15,4854.16468500274,-0,-3.89733857630858e-07,0,648.137574507832,0,0
29.98,100,100,97.423398896611,5.56752169082543,14.2803963981902,0.00530707005056388,15,4845.69398829208,-0,-3.78215480267841e-07,0,648.190220030579,0,0
30,100,100,97.534749878436,5.56757646991263,14.2805035189332,0.00540364355198146,15,4837.1756178356,-0,-3.67037525705882e-07,1,648.240638544655,0,0
30.02,100,100,97.6461019545566,5.56763112131686,14.2806124899343,0.00549211759117784,15,4828.60957411149,-0,-3.56189925554418e-07,0,648.288830028147,0,0
30.04,100,100,97.7574551224732,5.56768565035725,14.2807231505165,0.00557262379852025,15,4819.99585760055,-0,-3.45662924061685e-07,0,648.334794459194,0,0
30.06,100,100,97.8688093797875,5.56774006185378,14.2808353426605,0.00564529633637567,15,4811.33446878579,-0,-3.35447039034875e-07,0,648.378531815985,0,0
30.08,100,100,97.9801647241929,5.56779436013968,14.2809489110545,0.00571027175771675,15,4802.62540815214,-0,-3.25533081380058e-07,0,648.420042076755,0,0
30.1,100,100,98.0915211534644,5.56784854907388,14.2810637031408,0.00576768886591122,15,4793.86867618608,-0,-3.15912124904116e-07,0,648.459325219785,0,0
30.12,100,100,98.2028786654497,5.5679026320534,14.2811795691587,0.00581768857576874,15,4785.06427337537,-0,-3.06575511643814e-07,0,648.496381223399,0,0
30.14,100,100,98.31423725806,5.56795661202582,14.281296362186,0.00586041377591662,15,4776.21220020864,-0,-2.9751483410223e-07,0,648.531210065963,0,0
30.16,100,100,98.425596929261,5.56801049150171,14.2814139381769,0.00589600919257398,15,4767.31245717516,-0,-2.88721942354186e-07,0,648.563811725886,0,0
30.18,100,100,98.5369576770643,5.56806427256705,14.2815321559971,0.00592462125479026,15,4758.36504476446,-0,-2.80188919177249e-07,0,648.594186181615,0,0
30.2,100,100,98.648319499519,5.56811795689563,14.2816508774572,0.00594639796121305,15,4749.36996346609,-0,-2.71908087157158e-07,1,648.622333411639,0,0
30.22,100,100,98.7596823947039,5.56817154576142,14.281769967342,0.005961488748447,15,4740.32721376928,-0,-2.63871987371544e-07,0,648.648253394483,0,0
30.24,100,100,98.8710463607192,5.56822504005093,14.2818892934386,0.00597004436106329,15,4731.23679616263,-0,-2.56073390048073e-07,0,648.671946108712,0,0
30.26,100,100,98.982411395679,5.56827844027549,14.2820087265608,0.00597221672331703,15,4722.09871113388,-0,-2.4850527680087e-07,0,648.693411532928,0,0
30.28,100,100,99.0937774977043,5.56833174658351,14.2821281405718,0.00596815881262701,15,4712.91295916957,-0,-2.41160837077814e-07,0,648.712649645771,0,0
30.3,100,100,99.2051446649151,5.56838495877268,14.2822474124038,0.00595802453487112,15,4703.67954075481,-0,-2.34033457502392e-07,0,648.729660425918,0,0
30.32,100,100,99.3165128954243,5.5684380763021,14.2823664220751,0.00594196860154642,15,4694.39845637298,-0,-2.27116723650056e-07,0,648.744443852086,0,0
30.34,100,100,99.4278821873305,5.56849109830435,14.2824850527057,0.00592014640884272,15,4685.06970650549,-0,-2.20404411166442e-07,0,648.756999903025,0,0
30.36,100,100,99.5392525387119,5.56854402359745,14.2826031905292,0.00589271391867447,15,4675.69329163148,-0,-2.13890476885581e-07,0,648.767328557529,0,0
30.38,100,100,99.65062394762,5.5685968506968,14.282720724903,0.00585982754171446,15,4666.26921222764,-0,-2.07569057053547e-07,0,648.775429794427,0,0
30.4,100,100,99.7619964120735,5.56864957782701,14.2828375483164,0.00582164402247005,15,4656.79746876791,-0,-2.0143446377574e-07,1,648.781303592587,0,0
30.42,100,100,99.873369930053,5.5687022029336,14.282953556396,0.00577832032644119,15,4647.27806172326,-0,-1.95481176135104e-07,0,648.78494993092,0,0
30.44,100,100,99.9847444994953,5.56875472369462,14.2830686479088,0.0057300135293955,15,4637.71099156146,-0,-1.89703834863053e-07,0,648.786368788375,0,0
30.46,100,100,100.096120118288,5.56880713753223,14.2831827247637,0.00567688070879538,15,4628.09625874687,-0,-1.84097240563119e-07,0,648.785560143945,0,0
30.48,100,100,100.207496784265,5.56885944162407,14.2832956920102,0.00561907883740958,15,4618.43386374017,-0,-1.78656344829164e-07,0,648.782523976663,0,0
30.5,100,100,100.318874495201,5.56891163291455,14.2834074578354,0.00555676467913763,15,4608.72380699822,-0,-1.7337625202174e-07,0,648.777260265608,0,0
30.52,100,100,100.430253248808,5.56896370812608,14.2835179335587,0.00549009468707586,15,4598.96608897381,-0,-1.68252210386299e-07,0,648.769768989903,0,0
30.54,100,100,100.541633042729,5.56901566377011,14.2836270336246,0.00541922490385053,15,4589.16071011549,-0,-1.63279604947775e-07,0,648.76005012872,0,0
30.56,100,100,100.653013874537,5.56906749615802,14.2837346755935,0.00534431086424095,15,4579.30767086733,-0,-1.58453962839644e-07,0,648.748103661275,0,0
30.58,100,100,100.764395741728,5.56911920141199,14.2838407801307,0.00526550750011391,15,4569.4069716688,-0,-1.53770942645792e-07,0,648.733929566836,0,0
30.6,100,100,100.875778641719,5.56917077547558,14.2839452709933,0.00518296904768951,15,4559.45861295454,-0,-1.49226325518725e-07,1,648.717527824721,0,0
30.62,100,100,100.987162571844,5.5692222141243,14.2840480750154,0.00509684895715467,15,4549.4625951542,-0,-1.44816020508642e-07,0,648.6988984143,0,0
30.64,100,100,101.098547529352,5.56927351297599,14.2841491220917,0.00500729980464026,15,4539.41891869232,-0,-1.40536059234364e-07,0,648.678041314998,0,0
30.66,100,100,101.209933511401,5.56932466750098,14.2842483451586,0.00491447320657479,15,4529.32758398809,-0,-1.36382590554263e-07,0,648.654956506295,0,0
30.68,100,100,101.321320515059,5.56937567303222,14.2843456801747,0.00481851973642614,15,4519.18859145528,-0,-1.32351875237191e-07,0,648.629643967731,0,0
30.7,100,100,101.432708537298,5.56942652477519,14.2844410660992,0.0047195888438411,15,4509.00194150203,-0,-1.2844028773884e-07,0,648.602103678902,0,0
30.72,100,100,101.544097574992,5.56947721781761,14.284534444868,0.00461782877618975,15,4498.76763453076,-0,-1.24644303767241e-07,0,648.572335619469,0,0
30.74,100,100,101.655487624919,5.5695277471391,14.2846257613696,0.00451338650252097,15,4488.48567093801,-0,-1.2096050738819e-07,0,648.540339769154,0,0
30.76,100,100,101.766878683752,5.56957810762055,14.2847149634183,0.00440640763993288,15,4478.15605111431,-0,-1.17385585696184e-07,0,648.506116107746,0,0
30.78,100,100,101.878270748063,5.56962829405341,14.2848020017267,0.00429703638236014,15,4467.77877544409,-0,-1.13916316379914e-07,0,648.469664615101,0,0
30.8,100,100,101.989663814319,5.56967830114878,14.2848868298765,0.0041854154317795,15,4457.35384430553,-0,-1.10549580156771e-07,1,648.430985271144,0,0
30.82,100,100,102.101057878878,5.56972812354632,14.2849694042878,0.00407168593183099,15,4446.8812580705,-0,-1.07282348338344e-07,0,648.390078055873,0,0
30.84,100,100,102.212452937993,5.56977775582302,14.2850496841878,0.00395598740385295,15,4436.36101710439,-0,-1.04111675724994e-07,0,648.346942949358,0,0
30.86,100,100,102.323848987807,5.56982719250173,14.285127631577,0.00383845768532649,15,4425.7931217661,-0,-1.01034711263992e-07,0,648.301579931748,0,0
30.88,100,100,102.435246024352,5.56987642805956,14.2852032111956,0.00371923287072228,15,4415.17757240788,-0,-9.80486838386696e-08,0,648.253988983268,0,0
30.9,100,100,102.546644043552,5.5699254569361,14.2852763904875,0.00359844725474263,15,4404.51436937529,-0,-9.51509075974855e-08,0,648.204170084223,0,0
30.92,100,100,102.658043041215,5.56997427354146,14.2853471395644,0.00347623327795022,15,4393.8035130071,-0,-9.23387712958856e-08,0,648.152123215003,0,0
30.94,100,100,102.769443013041,5.57002287226408,14.2854154311675,0.00335272147477194,15,4383.04500363525,-0,-8.96097471780877e-08,0,648.09784835608,0,0
30.96,100,100,102.880843954615,5.5700712474784,14.2854812406295,0.00322804042386633,15,4372.23884158476,-0,-8.69613803189395e-08,0,648.041345488016,0,0
30.98,100,100,102.992245861412,5.57011939355235,14.2855445458345,0.00310231670084078,15,4361.38502717366,-0,-8.4391283294849e-08,0,647.98261459146,0,0
31,100,100,103.103648728792,5.57016730485463,14.2856053271777,0.00297567483330399,15,4350.48356071298,-0,-8.18971450655681e-08,1,647.921655647155,0,0
31.02,100,100,103.215052552004,5.5702149757618,14.2856635675242,0.00284823725823732,15,4339.53444250666,-0,-7.9476718539695e-08,0,647.858468635936,0,0
31.04,100,100,103.326457326183,5.5702624006652,14.2857192521666,0.00272012428166784,15,4328.53767285155,-0,-7.71278259037445e-08,0,647.793053538735,0,0
31.06,100,100,103.437863046353,5.57030957397768,14.2857723687816,0.0025914540406238,15,4317.49325203733,-0,-7.48483532930777e-08,0,647.725410336583,0,0
31.08,100,100,103.549269707427,5.57035649014012,14.2858229073872,0.00246234246735326,15,4306.40118034651,-0,-7.26362490155452e-08,0,647.655539010609,0,0
31.1,100,100,103.660677304207,5.57040314362778,14.2858708602973,0.00233290325578457,15,4295.2614580544,-0,-7.04895235514869e-08,0,647.583439542047,0,0
31.12,100,100,103.772085831385,5.57044952895648,14.2859162220773,0.00220324783020607,15,4284.07408542907,-0,-6.84062442246614e-08,0,647.509111912238,0,0
31.14,100,100,103.883495283542,5.57049564068853,14.2859589894979,0.00207348531614264,15,4272.83906273138,-0,-6.63845352022463e-08,0,647.432556102625,0,0
31.16,100,100,103.994905655152,5.57054147343853,14.2859991614893,0.0019437225134038,15,4261.55639021491,-0,-6.44225757184813e-08,0,647.353772094766,0,0
31.18,100,100,104.106316940584,5.57058702187895,14.2860367390941,0.00181406387127831,15,4250.22606812601,-0,-6.2518600074668e-08,0,647.272759870327,0,0
31.2,100,100,104.217729134097,5.57063228074554,14.2860717254204,0.00168461146584922,15,4238.84809670378,-0,-6.06708958628133e-08,1,647.189519411089,0,0
31.22,100,100,104.329142229848,5.57067724484253,14.2861041255936,0.00155546497940169,15,4227.42247618004,-0,-5.88778004129153e-08,0,647.104050698948,0,0
31.24,100,100,104.440556221891,5.57072190904767,14.2861339467088,0.00142672168189541,15,4215.94920677941,-0,-5.71376972402504e-08,0,647.01635371592,0,0
31.26,100,100,104.551971104177,5.57076626831706,14.2861611977824,0.00129847641447283,15,4204.42828871926,-0,-5.5449021374443e-08,0,646.926428444138,0,0
31.28,100,100,104.663386870558,5.5708103176898,14.286185889703,0.00117082157497299,15,4192.85972220977,-0,-5.38102558067521e-08,0,646.834274865858,0,0
31.3,100,100,104.774803514786,5.57085405229246,14.2862080351826,0.00104384710542056,15,4181.24350745393,-0,-5.22199243846444e-08,0,646.739892963463,0,0
31.32,100,100,104.886221030519,5.57089746734336,14.2862276487075,0.000917640481458234,15,4169.57964464758,-0,-5.06765935881504e-08,0,646.643282719457,0,0
31.34,100,100,104.997639411319,5.57094055815669,14.2862447464888,0.000792286703691142,15,4157.86813397943,-0,-4.91788743062216e-08,0,646.544444116475,0,0
31.36,100,100,105.109058650653,5.5709833201464,14.2862593464128,0.000667868290909373,15,4146.10897563111,-0,-4.77254165076602e-08,0,646.443377137281,0,0
31.38,100,100,105.220478741902,5.57102574882995,14.2862714679912,0.000544465275156123,15,4134.30216977719,-0,-4.63149181229028e-08,0,646.340081764769,0,0
31.4,100,100,105.331899678355,5.57106783983189,14.2862811323115,0.000422155198606766,15,4122.44771658524,-0,-4.49461037277388e-08,1,646.23455798197,0,0
31.42,100,100,105.443321453216,5.57110958888723,14.2862883619871,0.00030101311222477,15,4110.54561621588,-0,-4.36177458595921e-08,0,646.126805772046,0,0
31.44,100,100,105.554744059603,5.57115099184461,14.2862931811077,0.000181111576158827,15,4098.59586882282,-0,-4.2328647253953e-08,0,646.016825118297,0,0
31.46,100,100,105.666167490555,5.57119204466941,14.286295615189,6.25206618454653e-05,15,4086.59847455291,-0,-4.10776461734486e-08,0,645.904616004164,0,0
31.48,100,100,105.77759173903,5.57123274344656,14.2862956911236,-5.46920442181867e-05,15,4074.55343354621,-0,-3.98636181841994e-08,0,645.790178413225,0,0
31.5,100,100,105.889016797908,5.57127308438323,14.2862934371307,-0.000170461435068737,15,4062.46074593604,-0,-3.86854708267492e-08,0,645.6735123292,0,0
31.52,100,100,106.000442659995,5.57131306381138,14.2862888827072,-0.000284724876275067,15,4050.32041184907,-0,-3.75421418397082e-08,0,645.554617735954,0,0
31.54,100,100,106.111869318026,5.57135267819009,14.2862820585778,-0.000397422197377358,15,4038.13243140533,-0,-3.6432604488823e-08,0,645.433494617494,0,0
31.56,100,100,106.223296764666,5.57139192410779,14.2862729966463,-0.000508495681805627,15,4025.89680471835,-0,-3.53558569088364e-08,0,645.310142957975,0,0
31.58,100,100,106.334724992512,5.57143079828424,14.286261729946,-0.000617890055313847,15,4013.61353189519,-0,-3.43109345379844e-08,0,645.184562741699,0,0
31.6,100,100,106.446153994098,5.57146929757245,14.2862482925918,-0.000725552472970253,15,4001.28261303654,-0,-3.32968923544286e-08,1,645.056753953117,0,0
31.62,100,100,106.557583761896,5.57150741896036,14.286232719731,-0.00083143250473963,15,3988.90404823676,-0,-3.23128226398239e-08,0,644.926716576827,0,0
31.64,100,100,106.669014288318,5.57154515957241,14.2862150474957,-0.00093548211969818,15,3976.477837584,-0,-3.1357835439394e-08,0,644.794450597583,0,0
31.66,100,100,106.780445565722,5.57158251667095,14.2861953129546,-0.00103765566891862,15,3964.00398116028,-0,-3.04310709964284e-08,0,644.659956000288,0,0
31.68,100,100,106.891877586411,5.5716194876575,14.2861735540659,-0.0011379098670647,15,3951.48247904156,-0,-2.95316979759264e-08,0,644.523232769999,0,0
31.7,100,100,107.003310342638,5.57165607007383,14.2861498096299,-0.00123620377273443,15,3938.91333129782,-0,-2.86589045828123e-08,0,644.384280891928,0,0
31.72,100,100,107.114743826608,5.57169226160295,14.2861241192424,-0.00133249876759053,15,3926.29653799319,-0,-2.78119056673631e-08,0,644.243100351442,0,0
31.74,100,100,107.226178030481,5.57172806006993,14.2860965232486,-0.00142675853431763,15,3913.63209918601,-0,-2.69899391724948e-08,0,644.099691134064,0,0
31.76,100,100,107.337612946376,5.57176346344256,14.2860670626974,-0.00151894903344554,15,3900.92001492891,-0,-2.61922661337621e-08,0,643.954053225476,0,0
31.78,100,100,107.449048566372,5.5717984698319,14.2860357792955,-0.00160903847907697,15,3888.16028526898,-0,-2.5418168903002e-08,0,643.806186611515,0,0
31.8,100,100,107.560484882511,5.57183307749269,14.2860027153635,-0.00169699731355939,15,3875.35291024775,-0,-2.46669475956196e-08,1,643.65609127818,0,0
31.82,100,100,107.671921886803,5.57186728482363,14.2859679137907,-0.00178279818114026,15,3862.49788990142,-0,-2.39379307487297e-08,0,643.503767211627,0,0
31.84,100,100,107.783359571226,5.57190109036751,14.2859314179918,-0.0018664159006438,15,3849.59522426086,-0,-2.32304575575881e-08,0,643.349214398174,0,0
31.86,100,100,107.89479792773,5.57193449281125,14.2858932718637,-0.00194782743720884,15,3836.64491335176,-0,-2.25438938628031e-08,0,643.192432824297,0,0
31.88,100,100,108.006236948243,5.57196749098578,14.2858535197428,-0.00202701187312605,15,3823.64695719471,-0,-2.18776197158377e-08,0,643.033422476638,0,0
31.9,100,100,108.117676624668,5.57200008386583,14.2858122063628,-0.00210395037781348,15,3810.60135580535,-0,-2.12310382607939e-08,0,642.872183341995,0,0
31.92,100,100,108.22911694889,5.57203227056957,14.2857693768135,-0.00217862617696799,15,3797.50810919443,-0,-2.06035668526283e-08,0,642.708715407332,0,0
31.94,100,100,108.340557912778,5.57206405035817,14.2857250764999,-0.00225102452093166,15,3784.36721736791,-0,-1.99946388335093e-08,0,642.543018659775,0,0
31.96,100,100,108.451999508187,5.57209542263523,14.2856793511019,-0.00232113265231049,15,3771.17868032714,-0,-1.9403708861887e-08,0,642.375093086611,0,0
31.98,100,100,108.563441726963,5.57212638694608,14.2856322465349,-0.00238893977288305,15,3757.94249806887,-0,-1.88302440307098e-08,0,642.204938675292,0,0
32,100,100,108.674884560943,5.57215694297704,14.2855838089112,-0.00245443700983655,15,3744.65867058544,-0,-1.82737256437804e-08,1,642.032555413431,0,0
32.02,100,100,108.786328001959,5.57218709055447,14.2855340845014,-0.00251761738136805,15,3731.32719786485,-0,-1.7733654544827e-08,0,641.857943288807,0,0
32.04,100,100,108.897772041842,5.57221682964384,14.2854831196969,-0.00257847576168602,15,3717.94807989089,-0,-1.72095457884325e-08,0,641.68110228936,0,0
32.06,100,100,109.009216672422,5.57224616034864,14.2854309609739,-0.00263700884545045,15,3704.52131664324,-0,-1.67009268636775e-08,0,641.502032403195,0,0
32.08,100,100,109.120661885535,5.57227508290916,14.2853776548562,-0.00269321511168639,15,3691.04690809758,-0,-1.62073394704976e-08,0,641.32073361858,0,0
32.1,100,100,109.23210767302,5.57230359770125,14.285323247881,-0.00274709478720708,15,3677.52485422572,-0,-1.57283395196828e-08,0,641.137205923945,0,0
32.12,100,100,109.343554026728,5.57233170523498,14.2852677865634,-0.00279864980958207,15,3663.95515499568,-0,-1.5263497132878e-08,0,640.951449307884,0,0
32.14,100,100,109.455000938519,5.57235940615316,14.2852113173631,-0.0028478837896852,15,3650.33781037184,-0,-1.48123930898691e-08,0,640.763463759155,0,0
32.16,100,100,109.566448400268,5.57238670122984,14.2851538866513,-0.00289480197385665,15,3636.67282031503,-0,-1.437462060494e-08,0,640.573249266677,0,0
32.18,100,100,109.677896403868,5.57241359136869,14.285095540678,-0.00293941120571336,15,3622.96018478266,-0,-1.3949787103229e-08,0,640.380805819532,0,0
32.2,100,100,109.78934494123,5.57244007760133,14.2850363255409,-0.00298171988764183,15,3609.19990372881,-0,-1.35375071153021e-08,1,640.186133406964,0,0
32.22,100,100,109.900794004287,5.57246616108558,14.2849762871542,-0.00302173794200559,15,3595.39197710435,-0,-1.31374147116503e-08,0,639.989232018378,0,0
32.24,100,100,110.012243584997,5.57249184310362,14.2849154712189,-0.00305947677210096,15,3581.53640485707,-0,-1.27491439627647e-08,0,639.790101643342,0,0
32.26,100,100,110.123693675344,5.57251712506011,14.2848539231933,-0.00309494922289233,15,3567.63318693177,-0,-1.23723484790617e-08,0,639.588742271581,0,0
32.28,100,100,110.235144267342,5.57254200848023,14.284791688265,-0.00312816954155935,15,3553.68232327039,-0,-1.20066907527416e-08,0,639.385153892984,0,0
32.3,100,100,110.346595353037,5.57256649500766,14.2847288113226,-0.00315915333788734,15,3539.68381381211,-0,-1.16518403814325e-08,0,639.179336497596,0,0
32.32,100,100,110.458046924508,5.57259058640252,14.2846653369294,-0.00318791754453048,15,3525.63765849345,-0,-1.13074758445464e-08,0,638.971290075624,0,0
32.34,100,100,110.569498973872,5.57261428453921,14.2846013092973,-0.00321448037717918,15,3511.54385724841,-0,-1.097328983235e-08,0,638.76101461743,0,0
32.36,100,100,110.680951493281,5.57263759140423,14.2845367722611,-0.00323886129466046,15,3497.40241000856,-0,-1.06489785878239e-08,0,638.548510113535,0,0
32.38,100,100,110.792404474933,5.57266050909397,14.2844717692545,-0.00326108095900042,15,3483.21331670314,-0,-1.03342561175168e-08,0,638.333776554617,0,0
32.4,100,100,110.903857911065,5.57268303981239,14.2844063432863,-0.00328116119547713,15,3468.97657725918,-0,-1.0028832875264e-08,1,638.116813931508,0,0
32.42,100,100,111.015311793961,5.57270518586871,14.2843405369172,-0.00329912495269265,15,3454.69219160164,-0,-9.73243530211221e-09,0,637.897622235196,0,0
32.44,100,100,111.126766115952,5.57272694967505,14.2842743922384,-0.0033149962626899,15,3440.36015965344,-0,-9.44479694453548e-09,0,637.676201456822,0,0
32.46,100,100,111.238220869417,5.572748333744,14.2842079508497,-0.00332880020114261,15,3425.98048133563,-0,-9.16566200714897e-09,0,637.452551587681,0,0
32.48,100,100,111.349676046787,5.57276934068617,14.2841412538395,-0.00334056284764359,15,3411.55315656748,-0,-8.89477647092463e-09,0,637.22667261922,0,0
32.5,100,100,111.461131640548,5.57278997320774,14.2840743417647,-0.00335031124611712,15,3397.07818526658,-0,-8.63189519861862e-09,0,636.998564543034,0,0
32.52,100,100,111.572587643238,5.57281023410791,14.284007254632,-0.00335807336537999,15,3382.55556734891,-0,-8.37678371112816e-09,0,636.768227350872,0,0
32.54,100,100,111.684044047454,5.5728301262764,14.28394003188,-0.00336387805987623,15,3367.98530272902,-0,-8.12921463477778e-09,0,636.535661034628,0,0
32.56,100,100,111.795500845851,5.57284965269083,14.2838727123616,-0.00336775503060808,15,3353.36739132004,-0,-7.88896059589206e-09,0,636.300865586346,0,0
32.58,100,100,111.906958031144,5.57286881641417,14.2838053343273,-0.00336973478628754,15,3338.70183303383,-0,-7.65580487893658e-09,0,636.063840998214,0,0
32.6,100,100,112.01841559611,5.57288762059214,14.2837379354101,-0.00336984860472966,15,3323.9886277811,-0,-7.42954142651797e-09,1,635.824587262569,0,0
32.62,100,100,112.129873533592,5.57290606845052,14.2836705526097,-0.00336812849451055,15,3309.22777547143,-0,-7.20996418124287e-09,0,635.583104371887,0,0
32.64,100,100,112.241331836495,5.57292416329255,14.2836032222789,-0.00336460715691003,15,3294.41927601344,-0,-6.99687774385893e-09,0,635.339392318789,0,0
32.66,100,100,112.352790497792,5.57294190849626,14.2835359801096,-0.00335931794816074,15,3279.56312931485,-0,-6.79008849147067e-09,0,635.093451096037,0,0
32.68,100,100,112.464249510527,5.5729593075118,14.2834688611206,-0.00335229484202262,15,3264.65933528257,-0,-6.58941168296678e-09,0,634.845280696534,0,0
32.7,100,100,112.575708867808,5.57297636385871,14.2834018996452,-0.00334357239270261,15,3249.7078938228,-0,-6.39466612994966e-09,0,634.59488111332,0,0
32.72,100,100,112.68716856282,5.57299308112332,14.2833351293202,-0.00333318569813786,15,3234.70880484112,-0,-6.20567597309218e-09,0,634.34225233957,0,0
32.74,100,100,112.798628588817,5.57300946295595,14.2832685830752,-0.00332117036366071,15,3219.66206824257,-0,-6.02227068213779e-09,0,634.0873943686,0,0
32.76,100,100,112.910088939127,5.5730255130683,14.283202293123,-0.00330756246606259,15,3204.56768393174,-0,-5.8442850559004e-09,0,633.830307193856,0,0
32.78,100,100,113.021549607154,5.57304123523068,14.2831362909504,-0.00329239851807397,15,3189.42565181287,-0,-5.67155922226448e-09,0,633.570990808917,0,0
32.8,100,100,113.133010586376,5.57305663326937,14.28307060731,-0.00327571543327596,15,3174.2359717899,-0,-5.50393863818499e-09,1,633.309445207495,0,0
32.82,100,100,113.244471870349,5.57307171106388,14.2830052722123,-0.00325755049145943,15,3158.99864376658,-0,-5.34127231333059e-09,0,633.04567038343,0,0
32.84,100,100,113.355933452709,5.57308647254429,14.2829403149189,-0.0032379413044463,15,3143.71366764656,-0,-5.18341458644045e-09,0,632.779666330692,0,0
32.86,100,100,113.467395327169,5.57310092168853,14.2828757639359,-0.00321692578238736,15,3128.3810433334,-0,-5.03022157261057e-09,0,632.511433043375,0,0
32.88,100,100,113.578857487521,5.57311506251975,14.2828116470088,-0.00319454210055039,15,3113.00077073076,-0,-4.88155471600749e-09,0,632.240970515699,0,0
32.9,100,100,113.690319927641,5.57312889910362,14.282747991117,-0.00317082866661085,15,3097.57284974235,-0,-4.73728256622508e-09,0,631.968278742009,0,0
32.92,100,100,113.801782641485,5.57314243554571,14.2826848224698,-0.00314582408845838,15,3082.0972802721,-0,-4.59727544921407e-09,0,631.693357716769,0,0
32.94,100,100,113.91324562309,5.5731556759888,14.2826221665026,-0.00311956714253082,15,3066.5740622242,-0,-4.46140724363886e-09,0,631.416207434564,0,0
32.96,100,100,114.024708866579,5.57316862461033,14.2825600478739,-0.00309209674268609,15,3051.00319550314,-0,-4.32955182816386e-09,0,631.136827890099,0,0
32.98,100,100,114.136172366157,5.57318128561975,14.2824984904625,-0.00306345190962313,15,3035.38468001382,-0,-4.2015937395945e-09,0,630.855219078194,0,0
33,100,100,114.247636116114,5.57319366325593,14.2824375173664,-0.00303367174086215,15,3019.7185156616,-0,-4.07741751473623e-09,1,630.571380993784,0,0
33.02,100,100,114.359100110826,5.57320576178462,14.2823771509009,-0.00300279538129263,15,3004.00470235236,-0,-3.95691301946499e-09,0,630.285313631918,0,0
33.04,100,100,114.470564344753,5.5732175854959,14.282317412598,-0.00297086199429885,15,2988.24323999257,-0,-3.83996834329992e-09,0,629.997016987756,0,0
33.06,100,100,114.582028812443,5.57322913870167,14.2822583232069,-0.0029379107334705,15,2972.43412848934,-0,-3.72648045754431e-09,0,629.706491056569,0,0
33.08,100,100,114.693493508527,5.57324042573313,14.2821999026937,-0.0029039807149061,15,2956.57736775049,-0,-3.6163463335015e-09,0,629.413735833736,0,0
33.1,100,100,114.804958427727,5.57325145093834,14.282142170243,-0.0028691109901169,15,2940.67295768463,-0,-3.50946649518846e-09,0,629.118751314741,0,0
33.12,100,100,114.916423564848,5.57326221867977,14.282085144259,-0.00283334051953647,15,2924.72089820115,-0,-3.40574501933588e-09,0,628.821537495174,0,0
33.14,100,100,115.027888914786,5.5732727333319,14.2820288423681,-0.00279670814664324,15,2908.72118921033,-0,-3.30509131174495e-09,0,628.522094370728,0,0
33.16,100,100,115.139354472523,5.57328299927883,14.2819732814211,-0.00275925257270086,15,2892.67383062339,-0,-3.20741300186e-09,0,628.220421937197,0,0
33.18,100,100,115.250820233129,5.57329302091191,14.2819184774962,-0.00272101233212111,15,2876.5788223525,-0,-3.11261949548225e-09,0,627.916520190475,0,0
33.2,100,100,115.36228619176,5.57330280262748,14.2818644459032,-0.00268202576845391,15,2860.43616431088,-0,-3.02062730384023e-09,1,627.610389126552,0,0
33.22,100,100,115.473752343664,5.57331234882455,14.2818112011867,-0.00264233101100812,15,2844.24585641281,-0,-2.93135471451933e-09,0,627.302028741516,0,0
33.24,100,100,115.585218684173,5.57332166390253,14.2817587571313,-0.00260196595210647,15,2828.00789857367,-0,-2.8447182387481e-09,0,626.991439031548,0,0
33.26,100,100,115.696685208708,5.57333075225908,14.2817071267662,-0.00256096822497731,15,2811.72229071004,-0,-2.76064504589613e-09,0,626.678619992922,0,0
33.28,100,100,115.808151912781,5.57333961828787,14.2816563223709,-0.00251937518228586,15,2795.38903273965,-0,-2.67905519990563e-09,0,626.363571622003,0,0
33.3,100,100,115.919618791987,5.5733482663765,14.2816063554805,-0.00247722387530599,15,2779.00812458151,-0,-2.59987764650305e-09,0,626.046293915243,0,0
33.32,100,100,116.031085842012,5.57335670090433,14.2815572368926,-0.00243455103373474,15,2762.57956615589,-0,-2.52303955505795e-09,0,625.726786869185,0,0
33.34,100,100,116.142553058629,5.5733649262405,14.2815089766733,-0.00239139304614944,15,2746.10335738437,-0,-2.44847342401044e-09,0,625.405050480452,0,0
33.36,100,100,116.254020437696,5.57337294674184,14.2814615841646,-0.00234778594110886,15,2729.57949818989,-0,-2.3761099754438e-09,0,625.081084745757,0,0
33.38,100,100,116.365487975162,5.57338076675092,14.2814150679919,-0.00230376536889754,15,2713.00798849676,-0,-2.30588526051179e-09,0,624.754889661889,0,0
33.4,100,100,116.476955667058,5.57338839059412,14.2813694360711,-0.00225936658391294,15,2696.38882823071,-0,-2.2377353303682e-09,1,624.426465225721,0,0
33.42,100,100,116.588423509506,5.57339582257969,14.2813246956174,-0.0022146244276947,15,2679.72201731889,-0,-2.17159978888048e-09,0,624.095811434203,0,0
33.44,100,100,116.699891498711,5.57340306699594,14.2812808531535,-0.00216957331259444,15,2663.00755568996,-0,-2.10742001627295e-09,0,623.762928284362,0,0
33.46,100,100,116.811359630964,5.57341012810941,14.2812379145179,-0.00212424720608404,15,2646.24544327402,-0,-2.0451373927699e-09,0,623.427815773301,0,0
33.48,100,100,116.922827902642,5.57341701016308,14.2811958848749,-0.00207867961570073,15,2629.43568000273,-0,-1.98469507495247e-09,0,623.090473898194,0,0
33.5,100,100,117.034296310205,5.57342371737468,14.2811547687227,-0.00203290357462607,15,2612.57826580928,-0,-1.92603977211547e-09,0,622.750902656289,0,0
33.52,100,100,117.145764850199,5.57343025393497,14.2811145699043,-0.00198695162789573,15,2595.67320062842,-0,-1.86911464084005e-09,0,622.409102044903,0,0
33.54,100,100,117.257233519253,5.57343662400615,14.2810752916164,-0.0019408558192371,15,2578.72048439646,-0,-1.81387349584838e-09,0,622.065072061421,0,0
33.56,100,100,117.368702314077,5.57344283172021,14.2810369364201,-0.00189464767853019,15,2561.72011705136,-0,-1.76026659914896e-09,0,621.718812703294,0,0
33.58,100,100,117.480171231466,5.57344888117742,14.2809995062512,-0.00184835820988885,15,2544.67209853263,-0,-1.70824243639345e-09,0,621.370323968041,0,0
33.6,100,100,117.591640268296,5.57345477644483,14.2809630024305,-0.00180201788035692,15,2527.57642878147,-0,-1.65775659866085e-09,1,621.01960585324,0,0
33.62,100,100,117.703109421523,5.57346052155479,14.2809274256752,-0.00175565660921491,15,2510.43310774068,-0,-1.60876112431652e-09,0,620.666658356533,0,0
33.64,100,100,117.814578688184,5.57346612050357,14.2808927761097,-0.00170930375789216,15,2493.24213535474,-0,-1.56121515715313e-09,0,620.311481475622,0,0
33.66,100,100,117.926048065395,5.57347157724996,14.2808590532765,-0.00166298812047902,15,2476.00351156979,-0,-1.51507606460655e-09,0,619.954075208269,0,0
33.68,100,100,118.037517550352,5.57347689571398,14.2808262561483,-0.00161673791483298,15,2458.71723633364,-0,-1.47029766139894e-09,0,619.594439552288,0,0
33.7,100,100,118.148987140328,5.5734820797756,14.2807943831392,-0.0015705807742735,15,2441.38330959578,-0,-1.42684442039354e-09,0,619.232574505554,0,0
33.72,100,100,118.260456832673,5.5734871332735,14.2807634321163,-0.00152454373985811,15,2424.00173130739,-0,-1.38467548538301e-09,0,618.868480065993,0,0
33.74,100,100,118.371926624814,5.5734920600039,14.2807334004123,-0.00147865325323448,15,2406.57250142136,-0,-1.34375177651691e-09,0,618.502156231582,0,0
33.76,100,100,118.483396514253,5.57349686371946,14.2807042848366,-0.00143293515006075,15,2389.09561989224,-0,-1.30403776665844e-09,0,618.133603000352,0,0
33.78,100,100,118.594866498567,5.57350154812811,14.2806760816885,-0.00138741465398678,15,2371.57108667631,-0,-1.26549792867081e-09,0,617.76282037038,0,0
33.8,100,100,118.706336575407,5.57350611689209,14.2806487867687,-0.00134211637119019,15,2353.99890173153,-0,-1.22809673541724e-09,1,617.389808339792,0,0
33.82,100,100,118.817806742496,5.57351057362692,14.280622395392,-0.00129706428545831,15,2336.37906501757,-0,-1.19180043611777e-09,0,617.014566906762,0,0
33.84,100,100,118.929276997629,5.57351492190043,14.2805969023999,-0.00125228175380859,15,2318.7115764958,-0,-1.15657883270615e-09,0,616.637096069505,0,0
33.86,100,100,119.040747338672,5.5735191652319,14.280572302173,-0.00120779150264049,15,2300.99643612926,-0,-1.12239639804557e-09,0,616.257395826284,0,0
33.88,100,100,119.152217763562,5.57352330709116,14.2805485886436,-0.00116361562440878,15,2283.23364388271,-0,-1.08922648678345e-09,0,615.8754661754,0,0
33.9,100,100,119.263688270302,5.5735273508978,14.2805257553088,-0.00111977557481142,15,2265.42319972257,-0,-1.05703357178299e-09,0,615.491307115196,0,0
33.92,100,100,119.375158856967,5.57353130002039,14.2805037952426,-0.00107629217048228,15,2247.56510361696,-0,-1.0257945604053e-09,0,615.104918644055,0,0
33.94,100,100,119.486629521694,5.57353515777575,14.2804827011095,-0.001033185587181,15,2229.65935553566,-0,-9.95477478227258e-10,0,614.716300760397,0,0
33.96,100,100,119.59810026269,5.57353892742828,14.2804624651764,-0.000990475358469931,15,2211.70595545009,-0,-9.66057456253111e-10,0,614.325453462679,0,0
33.98,100,100,119.709571078225,5.57354261218932,14.2804430793265,-0.000948180374870057,15,2193.70490333338,-0,-9.37506072773431e-10,0,613.932376749392,0,0
34,100,100,119.821041966633,5.57354621521655,14.2804245350711,-0.000906318883485832,15,2175.65619916024,-0,-9.09796682435626e-10,1,613.537070619064,0,0
34.02,100,100,119.93251292631,5.57354973961344,14.2804068235635,-0.000864908488089981,15,2157.55984290704,-0,-8.82907968957625e-10,0,613.139535070252,0,0
34.04,100,100,120.043983955714,5.57355318842875,14.2803899356109,-0.000823966149658749,15,2139.41583455178,-0,-8.56815063343674e-10,0,612.739770101547,0,0
34.06,100,100,120.155455053363,5.57355656465604,14.280373861688,-0.000783508187348027,15,2121.22417407404,-0,-8.31493096598024e-10,0,612.337775711568,0,0
34.08,100,100,120.266926217836,5.5735598712333,14.2803585919493,-0.000743550279899822,15,2102.98486145501,-0,-8.06918976081761e-10,0,611.933551898967,0,0
34.1,100,100,120.378397447767,5.57356311104248,14.2803441162424,-0.000704107467471028,15,2084.69789667744,-0,-7.83071385512812e-10,0,611.527098662419,0,0
34.12,100,100,120.489868741851,5.57356628690923,14.2803304241203,-0.000665194153872031,15,2066.36327972565,-0,-7.59927232252267e-10,0,611.118416000628,0,0
34.14,100,100,120.601340098836,5.57356940160255,14.2803175048541,-0.00062682410920769,15,2047.98101058549,-0,-7.37468752731729e-10,0,610.707503912325,0,0
34.16,100,100,120.712811517526,5.57357245783454,14.2803053474462,-0.000589010472908535,15,2029.55108924436,-0,-7.15672854312288e-10,0,610.294362396264,0,0
34.18,100,100,120.824282996777,5.5735754582602,14.2802939406421,-0.000551765757143759,15,2011.07351569113,-0,-6.9451999706871e-10,0,609.878991451221,0,0
34.2,100,100,120.935754535501,5.57357840547717,14.2802832729435,-0.000515101850604185,15,1992.54828991619,-0,-6.7399419378944e-10,1,609.461391075996,0,0
34.22,100,100,121.047226132659,5.57358130202569,14.2802733326205,-0.00047903002264615,15,1973.97541191139,-0,-6.54075904549245e-10,0,609.041561269411,0,0
34.24,100,100,121.158697787261,5.57358415038839,14.280264107724,-0.000443560927785654,15,1955.35488167002,-0,-6.34745589422891e-10,0,608.619502030307,0,0
34.26,100,100,121.270169498369,5.57358695299029,14.2802555860979,-0.000408704610531821,15,1936.6866991868,-0,-6.15985484841985e-10,0,608.195213357544,0,0
34.28,100,100,121.381641265091,5.57358971219871,14.2802477553911,-0.000374470510550744,15,1917.97086445784,-0,-5.97779603594972e-10,0,607.768695250001,0,0
34.3,100,100,121.493113086583,5.57359243032331,14.2802406030701,-0.000340867468147428,15,1899.20737748067,-0,-5.80111958470297e-10,0,607.339947706575,0,0
34.32,100,100,121.604584962046,5.57359510961607,14.2802341164301,-0.000307903730057047,15,1880.39623825415,-0,-5.62968338613246e-10,0,606.908970726178,0,0
34.34,100,100,121.716056890724,5.57359775227143,14.2802282826075,-0.000275586955534605,15,1861.53744677847,-0,-5.46330980455423e-10,0,606.475764307739,0,0
34.36,100,100,121.827528871906,5.57360036042632,14.2802230885912,-0.000243924222732265,15,1842.63100305516,-0,-5.30183896785275e-10,0,606.040328450199,0,0
34.38,100,100,121.939000904925,5.57360293616034,14.2802185212346,-0.00021292203535462,15,1823.67690708702,-0,-5.14512876748086e-10,0,605.602663152517,0,0
34.4,100,100,122.05047298915,5.57360548149589,14.2802145672663,-0.000182586329580741,15,1804.67515887812,-0,-4.99309038559659e-10,1,605.162768413661,0,0
34.42,100,100,122.161945123995,5.5736079983984,14.2802112133021,-0.000152922481243607,15,1785.62575843376,-0,-4.84551065937922e-10,0,604.720644232613,0,0
34.44,100,100,122.273417308909,5.57361048877653,14.2802084458555,-0.000123935313255741,15,1766.52870576046,-0,-4.70231853455516e-10,0,604.276290608368,0,0
34.46,100,100,122.384889543382,5.57361295448244,14.2802062513495,-9.56291032716786e-05,15,1747.38400086593,-0,-4.56333637544049e-10,0,603.829707539927,0,0
34.48,100,100,122.496361826936,5.57361539731208,14.2802046161265,-6.80075915761859e-05,15,1728.19164375904,-0,-4.42847536419322e-10,0,603.380895026305,0,0
34.5,100,100,122.607834159133,5.57361781900547,14.2802035264595,-4.10739891888662e-05,15,1708.95163444979,-0,-4.29759339226621e-10,0,602.929853066525,0,0
34.52,100,100,122.719306539567,5.5736202212471,14.2802029685626,-1.483098617444e-05,15,1689.66397294929,-0,-4.17058387824909e-10,0,602.476581659618,0,0
34.54,100,100,122.830778967864,5.57362260566625,14.2802029286012,1.07192398511799e-05,15,1670.32865926972,-0,-4.04730471359471e-10,0,602.021080804623,0,0
34.56,100,100,122.942251443685,5.5736249738374,14.2802033927023,3.55750150285383e-05,15,1650.94569342434,-0,-3.9276848440295e-10,0,601.563350500587,0,0
34.58,100,100,123.05372396672,5.57362732728066,14.280204346964,5.97351603864664e-05,15,1631.5150754274,-0,-3.81159992457469e-10,0,601.103390746561,0,0
34.6,100,100,123.165196536688,5.57362966746221,14.2802057774663,8.31989828076743e-05,15,1612.03680529418,-0,-3.69894337381993e-10,1,600.641201541605,0,0
34.62,100,100,123.276669153339,5.57363199579474,14.2802076702795,0.00010596626583788,15,1592.51088304091,-0,-3.58962637392324e-10,0,600.176782884782,0,0
34.64,100,100,123.38814181645,5.573634313638,14.2802100114747,0.000128037260347915,15,1572.93730868476,-0,-3.48354234347426e-10,0,599.710134775162,0,0
34.66,100,100,123.499614525823,5.57363662229927,14.2802127871325,0.000149412675058743,15,1553.31608224384,-0,-3.38060246463101e-10,0,599.241257211816,0,0
34.68,100,100,123.611087281289,5.57363892303389,14.280215983352,0.000170093666938179,15,1533.64720373712,-0,-3.28068239241475e-10,0,598.770150193821,0,0
34.7,100,100,123.7225600827,5.57364121704585,14.28021958626,0.000190081831479674,15,1513.93067318443,-0,-3.18371107255189e-10,0,598.296813720258,0,0
34.72,100,100,123.834032929934,5.57364350548835,14.2802235820196,0.000209379192871027,15,1494.16649060643,-0,-3.08961745076886e-10,0,597.821247790208,0,0
34.74,100,100,123.94550582289,5.5736457894644,14.2802279568385,0.000227988194063382,15,1474.3546560246,-0,-2.99831270922368e-10,0,597.343452402756,0,0
34.76,100,100,124.05697876149,5.57364807002741,14.2802326969771,0.000245911686749,15,1454.49516946116,-0,-2.9097080300744e-10,0,596.863427556988,0,0
34.78,100,100,124.168451745675,5.57365034818188,14.2802377887573,0.000263152921256467,15,1434.5880309391,-0,-2.82371459547903e-10,0,596.381173251992,0,0
34.8,100,100,124.279924775407,5.57365262488397,14.2802432185696,0.000279715536372075,15,1414.63324048211,-0,-2.74024358759561e-10,1,595.896689486858,0,0
34.82,100,100,124.391397850667,5.57365490104224,14.2802489728812,0.000295603549096947,15,1394.63079811458,-0,-2.65925947928736e-10,0,595.409976260673,0,0
34.84,100,100,124.502870971451,5.57365717751828,14.2802550382433,0.000310821344346963,15,1374.58070386154,-0,-2.58067345271229e-10,0,594.921033572527,0,0
34.86,100,100,124.614344137775,5.57365945512745,14.2802614012983,0.000325373664604821,15,1354.48295774866,-0,-2.50439669002844e-10,0,594.429861421511,0,0
34.88,100,100,124.725817349669,5.57366173463953,14.2802680487871,0.000339265599532308,15,1334.33755980222,-0,-2.43037590053063e-10,0,593.936459806713,0,0
34.9,100,100,124.837290607178,5.5736640167795,14.2802749675557,0.000352502575550438,15,1314.14451004907,-0,-2.35854002994529e-10,0,593.44082872722,0,0
34.92,100,100,124.948763910362,5.57366630222826,14.2802821445619,0.000365090345396082,15,1293.90380851661,-0,-2.28883578756722e-10,0,592.942968182121,0,0
34.94,100,100,125.060237259294,5.57366859162336,14.2802895668818,0.000377034977661801,15,1273.61545523274,-0,-2.22119211912286e-10,0,592.442878170501,0,0
34.96,100,100,125.171710654057,5.57367088555977,14.2802972217158,0.000388342846328176,15,1253.27945022587,-0,-2.15557349747542e-10,0,591.940558691444,0,0
34.98,100,100,125.28318409475,5.57367318459066,14.2803050963948,0.000399020620294077,15,1232.89579352488,-0,-2.09185557764613e-10,0,591.436009744032,0,0
35,100,100,125.394657581478,5.57367548922817,14.2803131783861,0.000409075252914249,15,1212.46448515907,-0,-2.030038359635e-10,1,590.929231327347,0,0
35.02,100,100,125.50613111436,5.57367779994418,14.2803214552987,0.000418513971549667,15,1191.98552515816,-0,-1.97003302560006e-10,0,590.420223440465,0,0
35.04,100,100,125.61760469352,5.57368011717114,14.2803299148887,0.000427344267138918,15,1171.45891355225,-0,-1.91180404840452e-10,0,589.908986082464,0,0
35.06,100,100,125.729078319092,5.57368244130286,14.2803385450647,0.000435573883796601,15,1150.8846503718,-0,-1.85531590091159e-10,0,589.395519252415,0,0
35.08,100,100,125.84055199122,5.57368477269531,14.2803473338926,0.000443210808446371,15,1130.2627356476,-0,-1.80047976527931e-10,0,588.87982294939,0,0
35.1,100,100,125.952025710051,5.57368711166744,14.2803562696004,0.000450263260494232,15,1109.59316941076,-0,-1.74727787793927e-10,0,588.361897172455,0,0
35.12,100,100,126.063499475739,5.57368945850203,14.2803653405827,0.000456739681549047,15,1088.87595169263,-0,-1.6956391846179e-10,0,587.841741920676,0,0
35.14,100,100,126.174973288445,5.57369181344647,14.2803745354051,0.00046264872519597,15,1068.11108252486,-0,-1.64552815817842e-10,0,587.319357193112,0,0
35.16,100,100,126.286447148333,5.57369417671364,14.2803838428082,0.000467999246829958,15,1047.2985619393,-0,-1.59689150791564e-10,0,586.794742988823,0,0
35.18,100,100,126.39792105557,5.57369654848272,14.2803932517117,0.000472800293553792,15,1026.43838996802,-0,-1.54969370669278e-10,0,586.267899306863,0,0
35.2,100,100,126.50939501033,5.57369892890004,14.2804027512182,0.000477061094147292,15,1005.53056664328,-0,-1.50391699094143e-10,1,585.738826146284,0,0
35.22,100,100,126.620869012785,5.5737013180799,14.2804123306164,0.000480791049113172,15,984.575091997464,-0,-1.45947254281964e-10,0,585.207523506132,0,0
35.24,100,100,126.732343063112,5.57370371610543,14.2804219793848,0.000483999720804563,15,963.571966063117,-0,-1.4163603623274e-10,0,584.673991385453,0,0
35.26,100,100,126.843817161488,5.57370612302946,14.2804316871947,0.000486696823639625,15,942.521188872886,-0,-1.37447386805434e-10,0,584.138229783287,0,0
35.28,100,100,126.955291308092,5.57370853887532,14.2804414439129,0.000488892214408559,15,921.422760459508,-0,-1.33384858713725e-10,0,583.600238698672,0,0
35.3,100,100,127.066765503103,5.57371096363771,14.280451239605,0.000490595882677214,15,900.276680855781,-0,-1.29443122887096e-10,0,583.060018130641,0,0
35.32,100,100,127.178239746697,5.57371339728353,14.2804610645374,0.000491817941293193,15,879.082950094549,-0,-1.25616850255028e-10,0,582.517568078224,0,0
35.34,100,100,127.289714039053,5.57371583975275,14.2804709091801,0.000492568616997431,15,857.841568208673,-0,-1.21904264460682e-10,0,581.972888540448,0,0
35.36,100,100,127.401188380346,5.57371829095923,14.2804807642084,0.000492858241147215,15,836.552535231016,-0,-1.18301812790378e-10,0,581.425979516336,0,0
35.38,100,100,127.512662770749,5.57372075079159,14.2804906205055,0.000492697240553324,15,815.215851194427,-0,-1.14805942530438e-10,0,580.876841004907,0,0
35.4,100,100,127.624137210434,5.573723219114,14.2805004691639,0.000492096128437248,15,793.831516131698,-0,-1.11411324610344e-10,1,580.325473005177,0,0
35.42,100,100,127.735611699569,5.57372569576705,14.2805103014871,0.000491065495509939,15,772.399530075575,-0,-1.08119735386936e-10,0,579.77187551616,0,0
35.44,100,100,127.847086238319,5.57372818056859,14.2805201089913,0.000489616001178198,15,750.919893058714,-0,-1.04924069432855e-10,0,579.216048536864,0,0
35.46,100,100,127.958560826845,5.57373067331452,14.2805298834062,0.000487758364880651,15,729.392605113675,-0,-1.01822550391262e-10,0,578.657992066295,0,0
35.48,100,100,128.070035465303,5.57373317377967,14.2805396166767,0.000485503357557328,15,707.817666272894,-0,-9.88134019053177e-11,0,578.097706103457,0,0
35.5,100,100,128.181510153846,5.57373568171856,14.2805493009634,0.000482861793256207,15,686.195076568679,-0,-9.58930712613437e-11,0,577.535190647349,0,0
35.52,100,100,128.29298489262,5.57373819686624,14.2805589286437,0.000479844520879267,15,664.524836033173,-0,-9.30580057456609e-11,0,576.970445696968,0,0
35.54,100,100,128.404459681766,5.5737407189391,14.280568492312,0.000476462416071292,15,642.806944698355,-0,-9.03064290014299e-11,0,576.403471251308,0,0
35.56,100,100,128.515934521421,5.57374324763568,14.2805779847807,0.000472726373254379,15,621.041402596011,-0,-8.76365646718114e-11,0,575.834267309361,0,0
35.58,100,100,128.627409411714,5.57374578263744,14.2805873990801,0.000468647297810395,15,599.228209757716,-0,-8.50466363999658e-11,0,575.262833870114,0,0
35.6,100,100,128.738884352767,5.57374832360957,14.2805967284585,0.000464236098413781,15,577.367366214833,-0,-8.25330914722144e-11,1,574.689170932554,0,0
35.62,100,100,128.850359344696,5.57375087020174,14.2806059663826,0.000459503679517109,15,555.45887199848,-0,-8.00941535317179e-11,0,574.113278495664,0,0
35.64,100,100,128.96183438761,5.57375342204894,14.2806151065368,0.000454460933991979,15,533.502727139528,-0,-7.77298225784762e-11,0,573.535156558426,0,0
35.66,100,100,129.07330948161,5.57375597877215,14.2806241428236,0.00044911873592627,15,511.498931668578,-0,-7.54329931851316e-11,0,572.954805119819,0,0
35.68,100,100,129.184784626791,5.57375853997917,14.2806330693623,0.000443487933580317,15,489.447485615953,-0,-7.32018889948449e-11,0,572.37222417882,0,0
35.7,100,100,129.296259823237,5.57376110526536,14.280641880489,0.000437579342503404,15,467.348389011677,-0,-7.10400627212948e-11,0,571.787413734406,0,0
35.72,100,100,129.407735071026,5.57376367421434,14.2806505707559,0.000431403738812254,15,445.201641885462,-0,-6.89404089371237e-11,0,571.200373785549,0,0
35.74,100,100,129.519210370227,5.57376624639874,14.28065913493,0.00042497185263258,15,423.007244266716,-0,-6.69011512854922e-11,0,570.611104331222,0,0
35.76,100,100,129.6306857209,5.57376882138094,14.2806675679927,0.000418294361705553,15,400.765196184494,-0,-6.49240661232398e-11,0,570.019605370397,0,0
35.78,100,100,129.742161123098,5.57377139871375,14.280675865138,0.000411381885159535,15,378.475497667519,-0,-6.30056007366875e-11,0,569.425876902043,0,0
35.8,100,100,129.853636576861,5.57377397794114,14.2806840217719,0.000404244977448556,15,356.138148744156,-0,-6.1143978768996e-11,1,568.829918925129,0,0
35.82,100,100,129.965112082225,5.57377655859888,14.2806920335108,0.000396894122458301,15,333.753149442396,-0,-5.93356475064866e-11,0,568.231731438624,0,0
35.84,100,100,130.076587639212,5.5737791402153,14.2806998961799,0.000389339727780093,15,311.32049978986,-0,-5.75806069491591e-11,0,567.631314441496,0,0
35.86,100,100,130.188063247837,5.57378172231186,14.2807076058119,0.000381592119153873,15,288.840199813775,-0,-5.58770807401743e-11,0,567.028667932711,0,0
35.88,100,100,130.299538908104,5.57378430440389,14.2807151586449,0.000373661535079573,15,266.312249540974,-0,-5.4225068879532e-11,0,566.423791911238,0,0
35.9,100,100,130.41101462001,5.57378688600118,14.2807225511211,0.000365558121598889,15,243.736648997895,-0,-5.2622795010393e-11,0,565.816686376043,0,0
35.92,100,100,130.522490383538,5.57378946660864,14.2807297798846,0.000357291927246107,15,221.113398210537,-0,-5.10684827759178e-11,0,565.207351326094,0,0
35.94,100,100,130.633966198664,5.57379204572694,14.2807368417794,0.000348872898168562,15,198.442497204494,-0,-4.95585794624276e-11,0,564.595786760357,0,0
35.96,100,100,130.745442065354,5.57379462285308,14.2807437338473,0.000340310873417141,15,175.723946004927,-0,-4.80930850699224e-11,0,563.981992677803,0,0
35.98,100,100,130.856917983561,5.573797197481,14.2807504533259,0.000331615580405839,15,152.957744636559,-0,-4.66719995984022e-11,0,563.3659690774,0,0
36,100,100,130.968393953233,5.57379976910218,14.2807569976462,0.000322796630540653,15,130.143893123657,-0,-4.52917703341882e-11,1,562.747715958118,0,0
36.02,100,100,131.079869974302,5.57380233720623,14.2807633644301,0.000313863515017262,15,107.282391490054,-0,-4.39541736341198e-11,0,562.127233318928,0,0
36.04,100,100,131.191346046694,5.57380490128141,14.2807695514882,0.000304825600786797,15,84.3732397591145,-0,-4.26556567845182e-11,0,561.504521158803,0,0
36.06,100,100,131.302822170323,5.57380746081518,14.2807755568171,0.000295692126689617,15,61.4164379537385,-0,-4.1394443428544e-11,0,560.879579476719,0,0
36.08,100,100,131.414298345093,5.57381001529481,14.280781378597,0.000286472199755517,15,38.4119860963673,-0,-4.01705335661973e-11,0,560.25240827165,0,0
36.1,100,100,131.525774570898,5.57381256420779,14.2807870151887,0.000277174791670478,15,15.3598842089653,-0,-3.89839271974779e-11,0,559.623007542575,0,0
36.12,100,100,131.637250728938,5.5737913031251,14.2807732651311,-0.00354894726459177,14.8,-7.72688051194183,-0,-3.78310716087071e-11,0,558.991377288474,0,0
36.14,100,100,131.748725742294,5.57369787781509,14.2805697337955,-0.0186619192656215,14.56,-30.8213753991496,-0,-3.6711966799885e-11,0,558.357517520645,0,0
36.16,100,100,131.860198152395,5.57353065302418,14.279953416207,-0.0447805845681631,14.32,-53.9219593354975,-0,-3.56266127710114e-11,0,557.721428276119,0,0
36.18,100,100,131.971666461768,5.57328738182861,14.2787070225967,-0.0816223111026932,14.08,-77.0269943679408,-0,-3.45732331652471e-11,0,557.083109621862,0,0
36.2,100,100,132.08312912216,5.57296523692548,14.2766189284421,-0.12890324282317,13.84,-100.134846167006,-0,-3.35518279825919e-11,1,556.442561655277,0,0
36.22,100,100,132.194584523152,5.57256083239591,14.2734831967681,-0.186338516931106,13.6,-123.243884494993,-0,-3.25606208662066e-11,0,555.799784505334,0,0
36.24,100,100,132.306030981198,5.57207024531951,14.2690995961401,-0.253642477421111,13.36,-146.352483662504,-0,-3.15978354592517e-11,0,555.154778333927,0,0
36.26,100,100,132.417466729105,5.57148903722912,14.2632736144247,-0.330528884873778,13.12,-169.45902297326,-0,-3.06634717617271e-11,0,554.507543337438,0,0
36.28,100,100,132.528889905931,5.57081227539535,14.2558164683911,-0.416711122425892,12.88,-192.561887157016,-0,-2.9757529773633e-11,0,553.858079748515,0,0
36.3,100,100,132.640298547313,5.57003455393049,14.246545109233,-0.51190239785208,12.64,-215.659466790637,-0,-2.88764567812905e-11,0,553.206387838043,0,0
36.32,100,100,132.751690576215,5.56915001470202,14.2352822240877,-0.615815941696045,12.4,-238.750158707162,-0,-2.80238054983784e-11,0,552.552467917307,0,0
36.34,100,100,132.863063794086,5.56815236804586,14.221856233633,-0.728165201393576,12.16,-261.832366392907,-0,-2.71960232112178e-11,0,551.896320340332,0,0
36.36,100,100,132.974415872439,5.56703491327029,14.2061012858416,-0.8486640313335,11.92,-284.904500372474,-0,-2.63913335629695e-11,0,551.237945506399,0,0
36.38,100,100,133.085744344831,5.56579055894141,14.1878572459761,-0.977026878806661,11.68,-307.964978581724,-0,-2.56115129104728e-11,0,550.577343862729,0,0
36.4,100,100,133.197046599252,5.56441184294151,14.1669696829058,-1.11296896579693,11.44,-331.012226728613,-0,-2.48547848968883e-11,1,549.91451590731,0,0
36.42,100,100,133.308319870907,5.56289095229206,14.1432898518298,-1.25620646657207,11.2,-354.044678641943,-0,-2.4121149522216e-11,0,549.24946219189,0,0
36.44,100,100,133.419561235397,5.56121974273322,14.1166746734909,-1.40645668103608,10.96,-377.060776608007,-0,-2.34070540727771e-11,0,548.582183325097,0,0
36.46,100,100,133.530767602284,5.55938975805233,14.0869867099649,-1.56343820380839,10.72,-400.058971695093,-0,-2.2714274905411e-11,0,547.912679975698,0,0
36.48,100,100,133.641935709048,5.55739224915381,14.0540941371113,-1.72687108899898,10.48,-423.037724065913,-0,-2.20428120201177e-11,0,547.240952875976,0,0
36.5,100,100,133.753062115415,5.55521819286364,14.017870713772,-1.89647701065205,10.24,-445.995503277978,-0,-2.13908890600578e-11,0,546.567002825238,0,0
36.52,100,100,133.864143198059,5.55285831046146,13.9781957478041,-2.07197941883463,9.99999999999999,-468.9307885719,-0,-2.07585060252313e-11,0,545.890830693415,0,0
36.54,100,100,133.975175145679,5.5503030859341,13.9349540590352,-2.2531036913498,9.75999999999999,-491.842069147707,-0,-2.01456629156382e-11,0,545.212437424777,0,0
36.56,100,100,134.08615395443,5.54754278394429,13.8880359392282,-2.43957728105789,9.51999999999999,-514.727844429203,-0,-1.95505833744392e-11,0,544.531824041739,0,0
36.58,100,100,134.197075423714,5.54456746750877,13.8373371091436,-2.63112985879224,9.27999999999999,-537.586624316416,-0,-1.89732674016341e-11,0,543.848991648753,0,0
36.6,100,100,134.307935152323,5.54136701538043,13.7827586727875,-2.82749345185963,9.03999999999999,-560.416929426205,-0,-1.84119386403836e-11,1,543.163941436282,0,0
36.62,100,100,134.418728534924,5.53793113912916,13.7242070689344,-3.02840257811857,8.79999999999999,-583.217291321101,-0,-1.78683734475271e-11,0,542.476674684852,0,0
36.64,100,100,134.529450758881,5.5342493999167,13.6615940200117,-3.23359437563208,8.55999999999999,-605.986252726421,-0,-1.73390191093858e-11,0,541.78719276916,0,0
36.66,100,100,134.640096801419,5.53031122496077,13.5948364784365,-3.44280872789454,8.31999999999999,-628.722367735792,-0,-1.68256519827992e-11,0,541.095497162255,0,0
36.68,100,100,134.750661427098,5.52610592368437,13.523856570491,-3.6557883846355,8.07999999999999,-651.424202005117,-0,-1.63282720677671e-11,0,540.401589439764,0,0
36.7,100,100,134.861139185626,5.52162270354615,13.4485815378272,-3.87227907820605,7.83999999999999,-674.09033293512,-0,-1.58451030074502e-11,0,539.705471284166,0,0
36.72,100,100,134.971524409965,5.51685068554827,13.3689436766869,-4.09202963555681,7.59999999999999,-696.719349842549,-0,-1.5377921158688e-11,0,539.007144489113,0,0
36.74,100,100,135.081811214762,5.51177891941834,13.2848802749267,-4.31479208581893,7.35999999999999,-719.309854120131,-0,-1.49249501646409e-11,0,538.306610963776,0,0
36.76,100,100,135.19199349507,5.50639639846228,13.1963335469353,-4.5403217635027,7.11999999999999,-741.860459385431,-0,-1.44844136684696e-11,0,537.60387273723,0,0
36.78,100,100,135.302064925364,5.50069207408544,13.10325056653,-4.76837740733102,6.87999999999999,-764.369791618683,-0,-1.40563116701742e-11,0,536.89893196285,0,0
36.8,100,100,135.412018958847,5.49465486997924,13.0055831979205,-4.99872125472771,6.63999999999999,-786.836489289771,-0,-1.36406441697545e-11,1,536.191790922737,0,0
36.82,100,100,135.521848827034,5.48827369597127,12.9032880248263,-5.23111913198306,6.39999999999999,-809.259203474414,-0,-1.32356348103713e-11,0,535.482452032142,0,0
36.84,100,100,135.631547539613,5.48153746153672,12.796326277833,-5.46534054012197,6.15999999999999,-831.63659795978,-0,-1.28448363057032e-11,0,534.770917843904,0,0
36.86,100,100,135.741107884564,5.47443508896945,12.684663760075,-5.70115873650206,5.91999999999999,-853.967349339572,-0,-1.24646959420716e-11,0,534.057191052885,0,0
36.88,100,100,135.850522428553,5.46695552621136,12.568270771328,-5.93835081217194,5.67999999999999,-876.250147098806,-0,-1.20952137194763e-11,0,533.341274500405,0,0
36.9,100,100,135.959783517561,5.45908775933864,12.4471220305968,-6.17669776502181,5.43999999999999,-898.483693688386,-0,-1.17381659947569e-11,0,532.623171178654,0,0
36.92,100,100,136.068883277776,5.45082082470418,12.3211965972816,-6.41598456876126,5.19999999999999,-920.666704589618,-0,-1.13900000542344e-11,0,531.902884235106,0,0
36.94,100,100,136.177813616716,5.44214382073529,12.1904777910065,-6.65600023776083,4.95999999999999,-942.797908368864,-0,-1.10542686115878e-11,0,531.180416976897,0,0
36.96,100,100,136.286566224579,5.43304591938637,12.054953110192,-6.89653788779651,4.71999999999999,-964.876046722444,-0,-1.07291953099775e-11,0,530.455772875191,0,0
36.98,100,100,136.395132575836,5.42351637724627,11.9146141494534,-7.13739479273811,4.47999999999999,-986.899874511969,-0,-1.04112274357249e-11,0,529.728955569505,0,0
37,100,100,136.503503931021,5.41354454630041,11.7694565159052,-7.37837243722449,4.23999999999999,-1008.86815979029,-0,-1.01039177025086e-11,1,528.999968872013,0,0
37.02,100,100,136.611671338753,5.40311988434791,11.6194797444524,-7.61927656537063,3.99999999999999,-1030.77968381821,-0,-9.80726611032878e-12,0,528.268816771797,0,0
37.04,100,100,136.719625637946,5.39223196507416,11.4646872121463,-7.85991722555331,3.75999999999999,-1052.63324107207,-0,-9.51594358866714e-12,0,527.53550343907,0,0
37.06,100,100,136.82735746023,5.38087048777965,11.3050860516841,-8.10010881132394,3.51999999999999,-1074.42763924257,-0,-9.2335028512025e-12,0,526.800033229344,0,0
37.08,100,100,136.934857232555,5.36902528676591,11.140687064128,-8.33967009849881,3.27999999999999,-1096.16169922475,-0,-8.96172025477426e-12,0,526.062410687548,0,0
37.1,100,100,137.042115179982,5.35668634037967,10.9715046309203,-8.57842427847869,3.03999999999999,-1117.83425509954,-0,-8.69526672886423e-12,0,525.322640552097,0,0
37.12,100,100,137.149121328654,5.34384377971669,10.7975566252698,-8.81619898785122,2.79999999999999,-1139.44415410687,-0,-8.43947134399059e-12,0,524.580727758897,0,0
37.14,100,100,137.255865508932,5.33048789698672,10.6188643229825,-9.0528263343311,2.55999999999999,-1160.99025661073,-0,-8.18989320805485e-12,0,523.836677445299,0,0
37.16,100,100,137.3623373587,5.31660915354131,10.4354523128098,-9.28814291909438,2.31999999999999,-1182.4714360561,-0,-7.94742049947672e-12,0,523.090494953971,0,0
37.18,100,100,137.468526326823,5.30219818756658,10.2473484063853,-9.52198985556478,2.07999999999999,-1203.88657891823,-0,-7.71205321825619e-12,0,522.342185836724,0,0
37.2,100,100,137.574421676764,5.2872458214428,10.0545835478214,-9.75421278471097,1.83999999999999,-1225.23458464424,-0,-7.48379136439326e-12,1,521.591755858251,0,0
37.22,100,100,137.680012490329,5.27174306877331,9.85719172303419,-9.98466188691507,1.59999999999999,-1246.51436558732,-0,-7.26263493788792e-12,0,520.839210999796,0,0
37.24,100,100,137.785287671569,5.25568114108518,9.65520986886402,-10.213191890474,1.35999999999999,-1267.72484693375,-0,-7.04680758190079e-12,0,520.084557462755,0,0
37.26,100,100,137.890235950796,5.23905145420423,9.44867778206035,-10.4396620767957,1.11999999999999,-1288.86496662281,-0,-6.83897383169096e-12,0,519.327801672185,0,0
37.28,100,100,137.994845888732,5.22184563430722,9.23763802819434,-10.6639362823551,0.87999999999999,-1309.93367525997,-0,-6.63735733041904e-12,0,518.568950280239,0,0
37.3,100,100,138.099105880775,5.20405552365431,9.02213585056461,-10.8858828974719,0.63999999999999,-1330.92993602337,-0,-6.44106989966531e-12,0,517.808010169518,0,0
37.32,100,100,138.203004161374,5.18567318600472,8.80221907915846,-11.1053748619785,0.39999999999999,-1351.85272456387,-0,-6.25099971784948e-12,0,517.044988456329,0,0
37.34,100,100,138.306528808511,5.16669091171906,8.57793803973042,-11.3222896578424,0.15999999999999,-1372.70102889888,-0,-6.06625860655186e-12,0,516.279892493867,0,0
37.36,100,100,138.40966774828,5.14710122255158,8.34934546305818,-11.5365092988101,-0.0800000000000103,-1393.47384930013,-0,-5.88684656577243e-12,0,515.512729875288,0,0
37.38,100,100,138.512408759565,5.12689687613608,8.11649639443486,-11.7479203171417,-0.32000000000001,-1414.17019817559,-0,-5.71365177393091e-12,0,514.743508436712,0,0
37.4,100,100,138.614739478794,5.10607087016904,7.8794481034552,-11.9564137475026,-0.56000000000001,-1434.78909994575,-0,-5.54489787418788e-12,1,513.972236260108,0,0
37.42,100,100,138.716647404783,5.08461644629384,7.6382599941516,-12.1618851080834,-0.80000000000001,-1455.32959091445,-0,-5.37969668812366e-12,0,513.198921676106,0,0
37.44,100,100,138.818119903649,5.06252709369005,7.39299351553511,-12.3642343790148,-1.04000000000001,-1475.79071913442,-0,-5.21982457257764e-12,0,512.423573266692,0,0
37.46,100,100,138.919144213799,5.03979655237179,7.14371207259439,-12.5633659781506,-1.28000000000001,-1496.17154426779,-0,-5.06616970596951e-12,0,511.646199867815,0,0
37.48,100,100,139.01970745097,5.01641881619942,6.89048093780492,-12.7591887342864,-1.52000000000001,-1516.47113744175,-0,-4.91695573145989e-12,0,510.866810571893,0,0
37.5,100,100,139.119796613341,4.99238813560879,6.63336716319874,-12.9516158578861,-1.76000000000001,-1536.68858109949,-0,-4.77129447062907e-12,0,510.085414730211,0,0
37.52,100,100,139.219398586684,4.96769902006245,6.3724394930441,-13.1405649093871,-2.00000000000001,-1556.82296884672,-0,-4.63185045873615e-12,0,509.302021955225,0,0
37.54,100,100,139.318500149569,4.94234624022735,6.10776827718256,-13.3259577651551,-2.24000000000001,-1576.87340529387,-0,-4.49329462526293e-12,0,508.516642122756,0,0
37.56,100,100,139.417087978609,4.91632482988352,5.83942538506994,-13.5077205811601,-2.48000000000001,-1596.83900589427,-0,-4.36006786230791e-12,0,507.72928537408,0,0
37.58,100,100,139.515148653737,4.88963008756851,5.56748412056591,-13.685783754445,-2.72000000000001,-1616.71889677832,-0,-4.2312819914514e-12,0,506.939962117919,0,0
37.6,100,100,139.612668663515,4.8622575779623,5.29201913751573,-13.8600818824587,-2.96000000000001,-1636.51221458408,-0,-4.10604883427368e-12,1,506.148683032317,0,0
37.62,100,100,139.709634410471,4.83420313301741,5.01310635616603,-14.0305537203249,-3.20000000000001,-1656.21810628427,-0,-3.98436839077476e-12,0,505.355459066417,0,0
37.64,100,100,139.806032216452,4.80546285283931,4.73082288045532,-14.1971421361187,-3.44000000000001,-1675.83572900999,-0,-3.86624066095465e-12,0,504.560301442128,0,0
37.66,100,100,139.901848327993,4.77603310632194,4.44524691621823,-14.3597940642222,-3.68000000000001,-1695.36424987124,-0,-3.75255382323303e-12,0,503.763221655682,0,0
37.68,100,100,139.9970689217,4.74591053154339,4.1564576903413,-14.518460456831,-3.92000000000001,-1714.8028457746,-0,-3.64153152077051e-12,0,502.96423147909,0,0
37.7,100,100,140.091680109633,4.71509203592694,3.86453537090653,-14.6730962336819,-4.16000000000001,-1734.15070323799,-0,-3.5331737535671e-12,0,502.163342961484,0,0
37.72,100,100,140.185667944693,4.6835747961725,3.56956098835758,-14.8236602300738,-4.40000000000001,-1753.40701820299,-0,-3.42925687846218e-12,0,501.360568430359,0,0
37.74,100,100,140.279018426007,4.65135625796362,3.27161635772194,-14.9701151432527,-4.64000000000001,-1772.57099584464,-0,-3.32800453861637e-12,0,500.555920492693,0,0
37.76,100,100,140.371717504301,4.61843413545547,2.97078400192134,-15.1124274772296,-4.88000000000001,-1791.64185037908,-0,-3.22941673402966e-12,0,499.74941203598,0,0
37.78,100,100,140.463751087261,4.58480641054891,2.66714707620074,-15.250567486104,-5.12000000000001,-1810.61880486912,-0,-3.13438164312174e-12,0,498.941056229134,0,0
37.8,100,100,140.555105044884,4.55047133195599,2.36078929370528,-15.3845091159603,-5.36000000000001,-1829.50109102788,-0,-3.04112290905323e-12,1,498.130866523305,0,0
37.82,100,100,140.645765214797,4.51542741406234,2.05179485223297,-15.5142299454083,-5.60000000000001,-1848.28794902082,-0,-2.95141688866352e-12,0,497.318856652574,0,0
37.84,100,100,140.735717407563,4.47967343559168,1.74024836218959,-15.639711124835,-5.84000000000001,-1866.97862726615,-0,-2.8643754035329e-12,0,496.505040634548,0,0
37.86,100,100,140.824947411948,4.44320843807791,1.42623477577081,-15.7609373144376,-6.08000000000001,-1885.57238223387,-0,-2.77999845366139e-12,0,495.68943277085,0,0
37.88,100,100,140.913441000165,4.40603172415025,1.10983931739536,-15.8778966211043,-6.32000000000001,-1904.06847824368,-0,-2.69828603904898e-12,0,494.872047647503,0,0
37.9,100,100,141.001183933073,4.36814285563673,0.791147415411462,-15.9905805342106,-6.56000000000001,-1922.46618726175,-0,-2.61923815969567e-12,0,494.052900135207,0,0
37.92,100,100,141.088161965344,4.32954165149161,0.470244635097654,-16.0989838603976,-6.80000000000001,-1940.76478869666,-0,-2.54196663718176e-12,0,493.232005389516,0,0
37.94,100,100,141.17436085058,4.29022818555207,0.147216612977706,-16.2031046573984,-7.04000000000001,-1958.96356919457,-0,-2.46647147150725e-12,0,492.409378850908,0,0
37.96,100,100,141.25976634639,4.25020278412968,-0.177851007532052,-16.3029441669776,-7.28000000000001,-1977.0618224339,-0,-2.39364084109184e-12,0,491.585036244759,0,0
37.98,100,100,141.344364219412,4.20946602344207,-0.504872639125849,-16.3985067470485,-7.52000000000001,-1995.05884891947,-0,-2.32347474593553e-12,0,490.758993581211,0,0
38,100,100,141.428140250285,4.16801872689027,-0.833762812246249,-16.4897998030322,-7.76000000000001,-2012.95395577642,-0,-2.25508500761862e-12,1,489.931267154939,0,0
38.02,100,100,141.511080238565,4.12586196218713,-1.16443623534204,-16.5768337185206,-8.00000000000001,-2030.74645654408,-0,-2.18847162614111e-12,0,489.101873544828,0,0
38.04,100,100,141.593170007579,4.08299703834222,-1.49680785373296,-16.6596217853067,-8.24000000000001,-2048.43567096968,-0,-2.123634601503e-12,0,488.27082961354,0,0
38.06,100,100,141.674395409221,4.03942550250874,-1.83079290706921,-16.7381801328431,-8.48000000000001,-2066.02092480236,-0,-2.06057393370429e-12,0,487.438152506992,0,0
38.08,100,100,141.754742328683,3.99514913669765,-2.16630698537492,-16.8125276571891,-8.72000000000001,-2083.50154958746,-0,-2.00017780116468e-12,0,486.603859653739,0,0
38.1,100,100,141.834196689118,3.9501699543645,-2.50326608366593,-16.8826859495061,-8.96000000000001,-2100.87688246111,-0,-1.94066984704477e-12,0,485.76796876426,0,0
38.12,100,100,141.912744456231,3.90449019687432,-2.84158665513346,-16.9486792241602,-9.20000000000001,-2118.14626594557,-0,-1.88293824976427e-12,0,484.930497830154,0,0
38.14,100,100,141.990371642806,3.85811232984978,-3.18118566288643,-17.0105342464898,-9.44000000000001,-2135.30904774503,-0,-1.82787118774286e-12,0,484.091465123242,0,0
38.16,100,100,142.067064313147,3.81103903940802,-3.52198063024617,-17.0682802602952,-9.68000000000001,-2152.3645805425,-0,-1.77458048256085e-12,0,483.25088919458,0,0
38.18,100,100,142.142808587458,3.76327322829129,-3.86388968958867,-17.1219489151054,-9.92000000000001,-2169.31222179733,-0,-1.72217795579854e-12,0,482.408788873388,0,0
38.2,100,100,142.217590646127,3.71481801189671,-4.2068316297304,-17.1715741932788,-10.16,-2186.151333544,-0,-1.67155178587564e-12,1,481.565183265887,0,0
38.22,100,100,142.291396733944,3.6656767142102,-4.55072594185491,-17.217192336989,-10.4,-2202.88128219201,-0,-1.62181379437243e-12,0,480.720091754053,0,0
38.24,100,100,142.36421316423,3.61585286364985,-4.89549286397842,-17.2588417751511,-10.64,-2219.50143832701,-0,-1.57296398128892e-12,0,479.873533994286,0,0
38.26,100,100,142.436026322885,3.56535018882367,-5.24105342395383,-17.2965630503397,-10.88,-2236.01117651336,-0,-1.52589052504482e-12,0,479.025529916002,0,0
38.28,100,100,142.506822672344,3.51417261420686,-5.58732948101339,-17.3303987457478,-11.12,-2252.40987509821,-0,-1.48148160405981e-12,0,478.176099720142,0,0
38.3,100,100,142.576588755456,3.4623242557435,-5.93424376585138,-17.3603934122393,-11.36,-2268.69691601712,-0,-1.4379608614945e-12,0,477.325263877597,0,0
38.32,100,100,142.645311201902,3.40980993656233,-6.28171949258252,-17.3865101009633,-11.5943387654321,-2284.87196844598,-0,-1.3953282973489e-12,0,476.473043127567,0,0
38.34,100,100,142.712976765301,3.35663747178505,-6.62967509380713,-17.408270700713,-11.8139800894482,-2300.9362520359,-0,-1.35447209004269e-12,0,475.619458475505,0,0
38.36,100,100,142.779572373941,3.30281598100692,-6.97801704730466,-17.4250457858692,-12.0194560846506,-2316.89165001647,-0,-1.31361588273649e-12,0,474.764531190088,0,0
38.38,100,100,142.845085138556,3.24835459524203,-7.32663988264733,-17.4362696206696,-12.2116803156488,-2332.73999347811,-0,-1.27453603226968e-12,0,473.908282799609,0,0
38.4,100,100,142.909502352985,3.1932625009328,-7.67542741807121,-17.441436163277,-12.3915074285262,-2348.48306452333,-0,-1.23723253864227e-12,1,473.050735088316,0,0
38.42,100,100,142.972811495681,3.1375489792137,-8.02425391651152,-17.4400953199521,-12.5597369506728,-2364.12259916495,-0,-1.19992904501487e-12,0,472.191910092737,0,0
38.44,100,100,143.035000231962,3.08122344089536,-8.37298516898064,-17.4318494227201,-12.7171168455553,-2379.6602899979,-0,-1.16440190822686e-12,0,471.331830097969,0,0
38.46,100,100,143.096056416919,3.02429545745678,-8.72147950961607,-17.4163499164245,-12.8643468382295,-2395.09778866046,-0,-1.12976294985856e-12,0,470.470517633907,0,0
38.48,100,100,143.155968098911,2.96677478831579,-9.06958876645269,-17.393294241977,-13.0020815263803,-2410.43670809922,-0,-1.09601216990995e-12,0,469.607995471421,0,0
38.5,100,100,143.214723523565,2.90867140463123,-9.4171591517185,-17.3624229034683,-13.1309332907213,-2425.67862465163,-0,-1.06314956838105e-12,0,468.744286618444,0,0
38.52,100,100,143.272311138222,2.84999550987495,-9.76403209521447,-17.323516707608,-13.2514750176945,-2440.82507995879,-0,-1.03206332369155e-12,0,467.879414315991,0,0
38.54,100,100,143.328719596765,2.79075755739722,-10.110045024116,-17.276394164707,-13.3642426465739,-2455.87758272045,-0,-1.00097707900204e-12,0,467.013402034072,0,0
38.56,100,100,143.383937764769,2.73096826519537,-10.4550320923248,-17.2209090411201,-13.4697375522999,-2470.83761030342,-0,-9.71667191151937e-13,0,466.14627346751,0,0
38.58,100,100,143.437954724917,2.67063862808294,-10.7988248623055,-17.1569480537181,-13.5684287746368,-2485.70661021381,-0,-9.43245481721533e-13,0,465.278052531656,0,0
38.6,100,100,143.490759782641,2.60977992744448,-11.1412529421572,-17.0844286975721,-13.6607551035654,-2500.48600144295,-0,-9.15267861500979e-13,1,464.408763357988,0,0
38.62,100,100,143.542342471929,2.54840373875003,-11.4821445805026,-17.0032971986063,-13.7471270301824,-2515.17717569612,-0,-8.88178419700125e-13,0,463.538430289602,0,0
38.64,100,100,143.592692561269,2.48652193699272,-11.821327221615,-16.9135265835095,-13.8279285717807,-2529.78149851261,-0,-8.61533067109121e-13,0,462.667077876576,0,0
38.66,100,100,143.641800059673,2.42414670020309,-12.1586280230548,-16.8151148596945,-13.9035189792242,-2544.30031028523,-0,-8.35775892937818e-13,0,461.794730871226,0,0
38.68,100,100,143.68965522276,2.3612905111845,-12.4938743379504,-16.7080832985669,-13.9742343342094,-2558.73492718672,-0,-8.11350986396064e-13,0,460.92141422323,0,0
38.7,100,100,143.736248558854,2.29796615760524,-12.8268941639239,-16.5924748157967,-14.0403890435145,-2573.08664201002,-0,-7.87370169064161e-13,0,460.047153074638,0,0
38.72,100,100,143.781570835073,2.23418673057479,-13.1575165605427,-16.4683524426989,-14.1022772368801,-2587.35672492906,-0,-7.63833440942108e-13,0,459.171972754754,0,0
38.74,100,100,143.825613083367,2.16996562182424,-13.4855720370643,-16.3357978832091,-14.1601740747363,-2601.54642418615,-0,-7.41628980449605e-13,0,458.295898774903,0,0
38.76,100,100,143.868366606493,2.10531651960322,-13.8108929121324,-16.1949101512995,-14.2143369715904,-2615.6569667117,-0,-7.19868609166952e-13,0,457.418956823072,0,0
38.78,100,100,143.909822983897,2.04025340339951,-14.1333136469862,-16.0458042840119,-14.2650067405148,-2629.68955868167,-0,-6.98996416303999e-13,0,456.541172758437,0,0
38.8,100,100,143.949974077475,1.97479053758071,-14.4526711536479,-15.8886101255981,-14.3124086638235,-2643.64538601772,-0,-6.78124223441046e-13,1,455.662572605767,0,0
38.82,100,100,143.988812037197,1.90894246405164,-14.7688050794691,-15.7234711785507,-14.3567534946971,-2657.52561483477,-0,-6.58140208997793e-13,0,454.783182549725,0,0
38.84,100,100,144.02632930658,1.8427239940154,-15.0815580693337,-15.5505435175762,-14.3982383942107,-2671.33139184035,-0,-6.3860028376439e-13,0,453.903028929046,0,0
38.86,100,100,144.062518627982,1.77615019892083,-15.3907760067384,-15.3699947628223,-14.4370478079293,-2685.06384468978,-0,-6.19504447740837e-13,0,453.022138230616,0,0
38.88,100,100,144.097373047713,1.70923640067418,-15.6963082349016,-15.182003108904,-14.4733542859692,-2698.7240823011,-0,-6.01296790136985e-13,0,452.140537083441,0,0
38.9,100,100,144.130885920937,1.64199816118807,-15.9980077589837,-14.9867564064995,-14.5073192501714,-2712.31319513316,-0,-5.83533221742982e-13,0,451.258252252524,0,0
38.92,100,100,144.163050916367,1.57445127133644,-16.2957314304395,-14.7844512934928,-14.5390937117976,-2725.83225543034,-0,-5.6665783176868e-13,0,450.375310632631,0,0
38.94,100,100,144.193862020726,1.50661173938019,-16.5893401144654,-14.5752923728345,-14.5688189429394,-2739.28231743699,-0,-5.49782441794378e-13,0,449.491739241987,0,0
38.96,100,100,144.223313542975,1.43849577892415,-16.8786988414485,-14.3594914344738,-14.5966271046268,-2752.66441758425,-0,-5.33795230239775e-13,0,448.607565215863,0,0
38.98,100,100,144.251400118299,1.37011979646252,-17.1636769432746,-14.1372667188844,-14.6226418344281,-2765.97957465242,-0,-5.17808018685173e-13,0,447.722815800097,0,0
39,100,100,144.278116711835,1.30150037856637,-17.4441481753031,-13.9088422198649,-14.6469787961532,-2779.22878991083,-0,-5.02486940945346e-13,1,446.837518344527,0,0
39.02,100,100,144.30345862214,1.23265427876359,-17.7199908247722,-13.674447024442,-14.6697461941057,-2792.41304723803,-0,-4.87831997020294e-13,0,445.951700296364,0,0
39.04,100,100,144.327421484405,1.16359840415872,-17.9910878063565,-13.4343146878445,-14.6910452541683,-2805.53331322418,-0,-4.73177053095242e-13,0,445.065389193483,0,0
39.06,100,100,144.350001273381,1.09434980183693,-18.2573267455588,-13.188682641642,-14.7109706738626,-2818.59053725782,-0,-4.59632332194815e-13,0,444.178612657666,0,0
39.08,100,100,144.371194306049,1.02492564509401,-18.518600050581,-12.9377916332669,-14.7296110433826,-2831.58565159878,-0,-4.46087611294388e-13,0,443.291398387781,0,0
39.1,100,100,144.390997244001,0.955343219531537,-18.7748049732854,-12.6818851952468,-14.7470492394745,-2844.51957143917,-0,-4.32764934998886e-13,0,442.403774152914,0,0
39.12,100,100,144.409407095547,0.885619909053875,-19.0258436598252,-12.4212091425822,-14.763362793914,-2857.39319495388,-0,-4.20108392518159e-13,0,441.515767785457,0,0
39.14,100,100,144.426421217542,0.815773181801542,-19.2716231914906,-12.1560110968003,-14.7786242382199,-2870.20740334219,-0,-4.07895939247283e-13,0,440.62740717415,0,0
39.16,100,100,144.442037316927,0.745820576053194,-19.5120556162922,-11.8865400353107,-14.7929014261354,-2882.96306086192,-0,-3.95905530581331e-13,0,439.738720257101,0,0
39.18,100,100,144.456253451996,0.675779686126508,-19.747057971773,-11.6130458647701,-14.8062578353119,-2895.66101485735,-0,-3.84137166520304e-13,0,438.849735014764,0,0
39.2,100,100,144.469068033367,0.605668148306254,-19.9765522995183,-11.3357790172449,-14.8187528495364,-2908.30209578214,-0,-3.72701869366665e-13,1,437.960479462908,0,0
39.22,100,100,144.480479824692,0.535503626826097,-20.2004656518067,-11.0549900680375,-14.8304420227571,-2920.88711721836,-0,-3.61710661422876e-13,0,437.070981645559,0,0
39.24,100,100,144.490487943067,0.465303799928852,-20.4187300908255,-10.7709293741065,-14.8413773260812,-2933.41687589266,-0,-3.50941498084012e-13,0,436.181269627936,0,0
39.26,100,100,144.499091859179,0.395086346028373,-20.6312826808522,-10.4838467320802,-14.8516073788431,-2945.89215169048,-0,-3.40505401652536e-13,0,435.291371489381,0,0
39.28,100,100,144.506291397172,0.324868929994637,-20.8380654737844,-10.1939910549218,-14.86117766477,-2958.31370766919,-0,-3.30513394430909e-13,0,434.401315316286,0,0
39.3,100,100,144.512086734235,0.25466918958216,-21.0390254883814,-9.90161006636106,-14.8701307342073,-2970.68229007101,-0,-3.20798942965439e-13,0,433.51112919503,0,0
39.32,100,100,144.516478399934,0.184504722020476,-21.234114683566,-9.60695001225994,-14.8785063933005,-2982.99862833635,-0,-3.11362047256125e-13,0,432.620841204921,0,0
39.34,100,100,144.519467275259,0.114393070784106,-21.4232899261161,-9.31025538813001,-14.8863418809773,-2995.26343511826,-0,-3.02091685000505e-13,0,431.730479411163,0,0
39.36,100,100,144.521054591426,0.0443517125581686,-21.6065129530615,-9.01176868206359,-14.8936720345152,-3007.47740629865,-0,-2.9316826744008e-13,0,430.840071857833,0,0
39.38,100,100,144.521241928409,-0.0256019555853496,-21.7837503290885,-8.71173013238487,-14.9005294444308,-3019.64122100681,-0,-2.84508527848004e-13,0,429.949646560894,0,0
39.4,100,100,144.520031213223,-0.095450628786834,-21.9549733992383,-8.41037749936661,-14.9069445993804,-3031.75554164069,-0,-2.76112466224276e-13,1,429.059231501237,0,0
39.42,100,100,144.517424717954,-0.165177106760973,-22.1201582371762,-8.10794585039535,-14.9129460217155,-3043.8210138914,-0,-2.67924571417666e-13,0,428.168854617757,0,0
39.44,100,100,144.513425057546,-0.234764305909609,-22.2792855892928,-7.80466735800278,-14.9185603942953,-3055.83826677147,-0,-2.60014232367212e-13,0,427.278543800476,0,0
39.46,100,100,144.508035187351,-0.304195271174679,-22.4323408148905,-7.50077111021356,-14.9238126791211,-3067.80791264701,-0,-2.52353693497298e-13,0,426.388326883709,0,0
39.48,100,100,144.501258400439,-0.373453187621351,-22.5793138226956,-7.19648293268996,-14.9287262283201,-3079.73054727427,-0,-2.45026221534772e-13,0,425.49823163928,0,0
39.5,100,100,144.493098324683,-0.442521391742309,-22.7201990039269,-6.8920252221819,-14.9333228879704,-3091.60674984092,-0,-2.37698749572246e-13,0,424.608285769802,0,0
39.52,100,100,144.483558919619,-0.51138338247498,-22.8549951621428,-6.58761679081738,-14.9376230952309,-3103.43708301205,-0,-2.30704344517108e-13,0,423.718516902005,0,0
39.54,100,100,144.472644473091,-0.58002283192428,-22.9837054400788,-6.28347272079275,-14.9416459692068,-3115.22209298141,-0,-2.23931984066894e-13,0,422.828952580142,0,0
39.56,100,100,144.460359597684,-0.648423595784204,-23.1063372436791,-5.97980422904526,-14.9454093959549,-3126.96230952798,-0,-2.17270645919143e-13,0,421.939620259453,0,0
39.58,100,100,144.446709226945,-0.71656972345229,-23.2229021635187,-5.67681854151153,-14.9489301080063,-3138.65824607787,-0,-2.10720330073855e-13,0,421.050547299714,0,0
39.6,100,100,144.431698611417,-0.784445467831679,-23.3334158938026,-5.37471877659566,-14.9522237587608,-3150.31039977198,-0,-2.04503081135954e-13,1,420.161760958849,0,0
39.62,100,100,144.415333314468,-0.852035294816123,-23.4378981491243,-5.07370383748919,-14.9553049920836,-3161.91925153927,-0,-1.98285832198053e-13,0,419.273288386639,0,0
39.64,100,100,144.397619207946,-0.919323892453916,-23.5363725791555,-4.77396831300242,-14.9581875074131,-3173.48526617584,-0,-1.92512672470002e-13,0,418.385156618504,0,0
39.66,100,100,144.378562467636,-0.986296179787301,-23.6288666814357,-4.47570238658288,-14.9608841206696,-3185.00889242997,-0,-1.86739512741951e-13,0,417.497392569381,0,0
39.68,100,100,144.358169568568,-1.05293731536448,-23.7154117124207,-4.17909175321175,-14.9634068212362,-3196.49056309296,-0,-1.81188397618826e-13,0,416.610023027689,0,0
39.7,100,100,144.336447280132,-1.11923270542184,-23.7960425969459,-3.88431754388313,-14.9657668252648,-3207.93069509591,-0,-1.7608137170555e-13,0,415.723074649396,0,0
39.72,100,100,144.313402661053,-1.18516801173461,-23.8707978362523,-3.59155625738422,-14.9679746255439,-3219.32968961254,-0,-1.70752301187349e-13,0,414.83657395218,0,0
39.74,100,100,144.289043054203,-1.25072915913446,-23.939719414719,-3.30097969910669,-14.9700400381505,-3230.68793216788,-0,-1.65867319878998e-13,0,413.950547309695,0,0
39.76,100,100,144.263376081266,-1.3159023426933,-24.0028527054399,-3.01275492663111,-14.9719722460933,-3242.00579275279,-0,-1.60982338570648e-13,0,413.065020945939,0,0
39.78,100,100,144.236409637262,-1.38067403457266,-24.0602463747782,-2.72704420183688,-14.9737798401414,-3253.28362594452,-0,-1.55875312657372e-13,0,412.180020929735,0,0
39.8,100,100,144.208151884948,-1.44503099053859,-24.1119522860259,-2.44400494930019,-14.975470857019,-3264.52177103293,-0,-1.51434420558871e-13,1,411.295573169318,0,0
39.82,100,100,144.178611249073,-1.50896025614261,-24.1580254022925,-2.16378972075186,-14.9770528151383,-3275.72055215256,-0,-1.46993528460371e-13,0,410.411703407038,0,0
39.84,100,100,144.147796410529,-1.57244917256914,-24.1985236887411,-1.88654616537569,-14.978532748026,-3286.88027842027,-0,-1.4255263636187e-13,0,409.52843721418,0,0
39.86,100,100,144.115716300384,-1.63548538215071,-24.2335080142882,-1.61241700573611,-14.9799172355959,-3298.00124407859,-0,-1.38111744263369e-13,0,408.645799985899,0,0
39.88,100,100,144.082380093803,-1.69805683355225,-24.2630420528754,-1.34154001913164,-14.9812124334032,-3309.08372864447,-0,-1.34114941374719e-13,0,407.763816936275,0,0
39.9,100,100,144.047797203872,-1.76015178662621,-24.2871921844218,-1.07404802417778,-14.9824241000131,-3320.12799706339,-0,-1.29674049276218e-13,0,406.882513093499,0,0
39.92,100,100,144.011977275333,-1.82175881694061,-24.3060273955579,-0.810068872429708,-14.9835576226033,-3331.13429986885,-0,-1.26121335597418e-13,0,406.001913295171,0,0
39.94,100,100,143.974930178222,-1.88286681998227,-24.3196191802415,-0.549725444861567,-14.9846180409164,-3342.10287334684,-0,-1.22568621918617e-13,0,405.122042183733,0,0
39.96,100,100,143.936666001434,-1.94346501503791,-24.32804144035,-0.293135653024925,-14.9856100696669,-3353.03393970547,-0,-1.19015908239817e-13,0,404.242924202027,0,0
39.98,100,100,143.897195046212,-2.00354294875598,-24.3313703863411,-0.040412444714644,-14.9865381195031,-3363.92770724939,-0,-1.15463194561016e-13,0,403.364583588981,0,0
40,100,100,143.856527819562,-2.0630904983923,-24.3296844380707,0.208336186024358,-14.9874063166173,-3374.78437055895,-0,-1.11910480882216e-13,1,402.487044375433,0,0
40.02,100,100,143.814675027617,-2.12209787474299,-24.3230641258531,0.453007184711063,-14.9882185210916,-3385.60411067397,-0,-1.08801856413265e-13,0,401.610330380076,0,0
40.04,100,100,143.771647568935,-2.18055562476815,-24.3115919918449,0.693502418219952,-14.9889783440593,-3396.38709528192,-0,-1.05693231944315e-13,0,400.734465205545,0,0
40.06,100,100,143.727456527754,-2.23845463391016,-24.2953524918327,0.929728652702788,-14.9896891637612,-3407.1334789104,-0,-1.03028696685215e-13,0,399.859472234637,0,0
40.08,100,100,143.682113167202,-2.29578612811066,-24.274431897499,1.16159752778896,-14.9903541405652,-3417.84340312372,-0,-9.9475983006414e-14,0,398.985374626662,0,0
40.1,100,100,143.635628922466,-2.35254167553026,-24.2489181992411,1.38902552720883,-14.9909762310174,-3428.5169967234,-0,-9.63673585374636e-14,0,398.112195313937,0,0
40.12,100,100,143.588015393938,-2.40871318797546,-24.2189010096113,1.61193394598085,-14.9915582009876,-3439.15437595253,-0,-9.37028232783632e-14,0,397.239956998412,0,0
40.14,100,100,143.539284340328,-2.46429292203735,-24.184471467447,1.83024885429955,-14.992102637966,-3449.75564470369,-0,-9.05941988094128e-14,0,396.368682148433,0,0
40.16,100,100,143.489447671756,-2.51927347994664,-24.1457221427545,2.04390105825829,-14.9926119625682,-3460.32089473028,-0,-8.79296635503124e-14,0,395.498392995647,0,0
40.18,100,100,143.43851744284,-2.57364781015,-24.1027469424096,2.25282605753731,-14.9930884392967,-3470.85020586126,-0,-8.57092175010621e-14,0,394.629111532043,0,0
40.2,100,100,143.386505845761,-2.62740920761262,-24.0556410167331,2.45696400018477,-14.9935341866095,-3481.34364621881,-0,-8.30446822419617e-14,1,393.760859507129,0,0
40.22,100,100,143.333425203336,-2.68055131385215,-24.0045006669988,2.65625963461516,-14.9939511863391,-3491.80127243903,-0,-7.99360577730113e-14,0,392.893658425252,0,0
40.24,100,100,143.279287962089,-2.73306811670919,-23.9494232539288,2.85066225894725,-14.9943412925035,-3502.22312989535,-0,-7.8159700933611e-14,0,392.027529543055,0,0
40.26,100,100,143.224106685325,-2.78495394985967,-23.8905071072268,3.0401256678004,-14.9947062395493,-3512.60925292451,-0,-7.63833440942108e-14,0,391.162493867069,0,0
40.28,100,100,143.167894046225,-2.83620349207469,-23.8278514362012,3.22460809666599,-14.9950476500639,-3522.95966505492,-0,-7.46069872548105e-14,0,390.29857215145,0,0
40.3,100,100,143.110662820953,-2.88681176623315,-23.7615562415223,3.404072163968,-14.9953670419887,-3533.27437923723,-0,-7.19424519957101e-14,0,389.435784895849,0,0
40.32,100,100,143.052425881781,-2.93677413809296,-23.6917222281624,3.57848481092441,-14.9956658353688,-3543.55339807697,-0,-6.92779167366098e-14,0,388.574152343422,0,0
40.34,100,100,142.993196190253,-2.98608631482645,-23.6184507195583,3.74781723931878,-14.9959453586662,-3553.79671406901,-0,-6.75015598972095e-14,0,387.713694478975,0,0
40.36,100,100,142.932986790365,-3.03474434332575,-23.5418435730389,3.91204484728913,-14.9962068546664,-3564.00430983372,-0,-6.57252030578093e-14,0,386.854431027245,0,0
40.38,100,100,142.871810801797,-3.08274460828406,-23.462003096556,4.07114716323902,-14.996451486004,-3574.17615835463,-0,-6.3948846218409e-14,0,385.996381451325,0,0
40.4,100,100,142.809681413174,-3.1300838300586,-23.3790319667551,4.22510777797375,-14.9966803403317,-3584.31222321746,-0,-6.21724893790088e-14,1,385.13956495121,0,0
40.42,100,100,142.746611875376,-3.17675906232121,-23.2930331484193,4.37391427516224,-14.9968944351564,-3594.41245885025,-0,-6.03961325396085e-14,0,384.284000462492,0,0
40.44,100,100,142.682615494898,-3.22276768950263,-23.2041098153214,4.51755816022352,-14.9970947223626,-3604.47681076453,-0,-5.86197757002083e-14,0,383.429706655175,0,0
40.46,100,100,142.617705627262,-3.26810742403647,-23.112365272512,4.65603478773441,-14.9972820924453,-3614.50521579732,-0,-5.6843418860808e-14,0,382.576701932636,0,0
40.48,100,100,142.551895670484,-3.31277630340889,-23.0179028800738,4.78934328745334,-14.9974573784684,-3624.49760235373,-0,-5.59552404411079e-14,0,381.725004430701,0,0
40.5,100,100,142.485199058608,-3.35677268702007,-22.9208259783689,4.91748648905321,-14.9976213597693,-3634.4538906501,-0,-5.32907051820075e-14,0,380.874632016869,0,0
40.52,100,100,142.417629255298,-3.40009525286368,-22.8212378148032,5.04047084565429,-14.9977747654235,-3644.37399295745,-0,-5.15143483426073e-14,0,380.025602289648,0,0
40.54,100,100,142.349199747499,-3.44274299403026,-22.719241472131,5.15830635624652,-14.9979182774862,-3654.25781384509,-0,-4.9737991503207e-14,0,379.177932578031,0,0
40.56,100,100,142.279924039176,-3.48471521504085,-22.6149397983225,5.27100648708854,-14.9980525340248,-3664.10525042424,-0,-4.88498130835069e-14,0,378.331639941092,0,0
40.58,100,100,142.209815645121,-3.52601152801685,-22.5084353380123,5.37858809216918,-14.998178131956,-3673.91619259151,-0,-4.79616346638068e-14,0,377.486741167707,0,0
40.6,100,100,142.138888084838,-3.56663184869226,-22.3998302655469,5.48107133281531,-14.9982956296992,-3683.69052327202,-0,-4.61852778244065e-14,1,376.643252776397,0,0
40.62,100,100,142.067154876519,-3.60657639227447,-22.2892263196488,5.57847959652813,-14.99840554966,-3693.42811866218,-0,-4.52970994047064e-14,0,375.801191015298,0,0
40.64,100,100,141.994629531088,-3.64584566915966,-22.1767247397105,5.67083941512845,-14.9985083805524,-3703.12884847174,-0,-4.44089209850063e-14,0,374.960571862244,0,0
40.66,100,100,141.921325546349,-3.68444048050885,-22.0624262037313,5.75818038228972,-14.9986045795716,-3712.79257616517,-0,-4.2632564145606e-14,0,374.121411024974,0,0
40.68,100,100,141.847256401213,-3.72236191369078,-21.9464307679101,5.84053507053571,-14.998694574427,-3722.4191592021,-0,-4.17443857259059e-14,0,373.283723941448,0,0
40.7,100,100,141.772435550019,-3.75961133759756,-21.8288378079018,5.91793894777843,-14.9987787652438,-3732.00844927681,-0,-4.08562073062058e-14,0,372.447525780284,0,0
40.72,100,100,141.696876416953,-3.79619039783916,-21.7097459617479,5.99043029346986,-14.998857526342,-3741.5602925564,-0,-3.99680288865056e-14,0,371.612831441308,0,0
40.74,100,100,141.620592390563,-3.83210101182263,-21.5892530744863,6.05805011443965,-14.9989312079003,-3751.07452991785,-0,-3.90798504668055e-14,0,370.779655556207,0,0
40.76,100,100,141.543596818374,-3.86734536372216,-21.4674561444479,6.12084206048922,-14.9990001375136,-3760.55099718348,-0,-3.81916720471054e-14,0,369.9480124893,0,0
40.78,100,100,141.4659030016,-3.90192589934562,-21.3444512712427,6.17885233981093,-14.9990646216491,-3769.98952535498,-0,-3.64153152077051e-14,0,369.117916338409,0,0
40.8,100,100,141.387524189968,-3.9358453209037,-21.2203336054384,6.23212963429979,-14.9991249470089,-3779.38994084564,-0,-3.5527136788005e-14,1,368.289380935838,0,0
40.82,100,100,141.30847357664,-3.96910658168728,-21.0951972999341,6.28072501482291,-14.999181381805,-3788.75206571087,-0,-3.37507799486048e-14,0,367.462419849455,0,0
40.84,100,100,141.228764293248,-4.0017128806588,-20.9691354630277,6.324691856511,-14.9992341769517,-3798.0757178768,-0,-3.28626015289046e-14,0,366.637046383871,0,0
40.86,100,100,141.14840940503,-4.03366765696341,-20.8422401131771,6.364085754134,-14.9992835671807,-3807.36071136673,-0,-3.19744231092045e-14,0,365.813273581719,0,0
40.88,100,100,141.067421906091,-4.06497458436541,-20.7146021354527,6.3989644376218,-14.9993297720854,-3816.60685652562,-0,-3.10862446895044e-14,0,364.991114225033,0,0
40.9,100,100,140.985814714756,-4.09563756561569,-20.5863112396771,6.4293876877892,-14.9993729970971,-3825.81396024215,-0,-3.01980662698043e-14,0,364.170580836715,0,0
40.92,100,100,140.903600669056,-4.12566072675559,-20.4574559202481,6.45541725232259,-14.9994134343979,-3834.98182616857,-0,-2.8421709430404e-14,0,363.351685682093,0,0
40.94,100,100,140.820792522315,-4.15504841136258,-20.328123417639,6.47711676208463,-14.9994512637757,-3844.110254938,-0,-2.75335310107039e-14,0,362.534440770578,0,0
40.96,100,100,140.737402938859,-4.18380517474332,-20.1983996815687,6.49455164779115,-14.9994866534233,-3853.19904437923,-0,-2.57571741713036e-14,0,361.718857857395,0,0
40.98,100,100,140.653444489838,-4.21193577807919,-20.0683693358342,6.50778905711338,-14.9995197606861,-3862.24798972887,-0,-2.57571741713036e-14,0,360.904948445408,0,0
41,100,100,140.568929649171,-4.23944518252961,-19.9381156447973,6.51689777225681,-14.9995507327622,-3871.25688384076,-0,-2.48689957516035e-14,1,360.092723787024,0,0
41.02,100,100,140.483870789601,-4.26633854329831,-19.8077204815128,6.5219481280664,-14.999579707356,-3880.22551739259,-0,-2.48689957516035e-14,0,359.282194886176,0,0
41.04,100,100,140.398280178878,-4.29262120366764,-19.6772642974907,6.52301193070671,-14.9996068132912,-3889.15367908957,-0,-2.39808173319034e-14,0,358.473372500388,0,0
41.06,100,100,140.312169976054,-4.31829868900575,-19.5468260940774,6.52016237696334,-14.9996321710832,-3898.04115586519,-0,-2.39808173319034e-14,0,357.666267142907,0,0
41.08,100,100,140.225552227904,-4.34337670075184,-19.4164833954449,6.51347397421128,-14.9996558934751,-3906.88773307887,-0,-2.30926389122033e-14,0,356.860889084918,0,0
41.1,100,100,140.138438865464,-4.36786111038396,-19.2863122231736,6.50302246109361,-14.9996780859386,-3915.69319471053,-0,-2.1316282072803e-14,0,356.057248357821,0,0
41.12,100,100,140.050841700689,-4.39175795337433,-19.1563870724134,6.48888472895301,-14.9996988471435,-3924.45732355192,-0,-2.1316282072803e-14,0,355.255354755581,0,0
41.14,100,100,139.962772423237,-4.41507342313677,-19.0267808896096,6.47113874405657,-14.9997182693959,-3933.17990139478,-0,-2.04281036531029e-14,0,354.455217837142,0,0
41.16,100,100,139.874242597366,-4.43781386497074,-18.8975650517745,6.44986347065342,-14.9997364390489,-3941.86070921558,-0,-2.04281036531029e-14,0,353.656846928904,0,0
41.18,100,100,139.785263658963,-4.45998577000648,-18.7688093472904,6.42513879490271,-14.9997534368864,-3950.49952735694,-0,-2.04281036531029e-14,0,352.860251127259,0,0
41.2,100,100,139.695846912681,-4.48159576915567,-18.6405819582244,6.39704544970839,-14.9997693384823,-3959.09613570565,-0,-1.95399252334028e-14,1,352.065439301191,0,0
41.22,100,100,139.606003529211,-4.50265062707181,-18.5129494441376,6.36566494049555,-14.9997842145365,-3967.65031386715,-0,-1.86517468137026e-14,0,351.272420094925,0,0
41.24,100,100,139.51574454266,-4.52315723612453,-18.3859767273684,6.33107947196181,-14.9997981311893,-3976.16184133649,-0,-1.86517468137026e-14,0,350.481201930633,0,0
41.26,100,100,139.425080848064,-4.54312261039197,-18.2597270797716,6.29337187583566,-14.9998111503154,-3984.6304976658,-0,-1.86517468137026e-14,0,349.691793011194,0,0
41.28,100,100,139.334023199007,-4.56255387967508,-18.1342621108912,6.25262553967235,-14.9998233297988,-3993.05606262802,-0,-1.86517468137026e-14,0,348.904201322995,0,0
41.3,100,100,139.242582205372,-4.58145828353795,-18.0096417575473,6.20892433671638,-14.9998347237909,-4001.43831637708,-0,-1.86517468137026e-14,0,348.118434638784,0,0
41.32,100,100,139.150768331202,-4.59984316537766,-17.8859242748144,6.16235255685852,-14.9998453829501,-4009.77703960439,-0,-1.86517468137026e-14,0,347.334500520568,0,0
41.34,100,100,139.058591892681,-4.61771596652768,-17.76316622837,6.11299483871348,-14.9998553546681,-4018.07201369153,-0,-1.77635683940025e-14,0,346.552406322549,0,0
41.36,100,100,138.966063056238,-4.6350842203981,-17.6414224881891,6.06093610284339,-14.9998646832801,-4026.32302085929,-0,-1.77635683940025e-14,0,345.772159194097,0,0
41.38,100,100,138.873191836762,-4.65195554665645,-17.5207462235639,6.00626148615074,-14.9998734102619,-4034.52984431292,-0,-1.68753899743024e-14,0,344.993766082768,0,0
41.4,100,100,138.779988095932,-4.66833764545226,-17.4011888994231,5.94905627746288,-14.9998815744144,-4042.69226838354,-0,-1.59872115546023e-14,1,344.21723373735,0,0
41.42,100,100,138.686461540668,-4.68423829168886,-17.2828002739271,5.88940585432928,-14.9998892120362,-4050.81007866583,-0,-1.50990331349021e-14,0,343.442568710941,0,0
41.44,100,100,138.592621721692,-4.69966532934545,-17.1656283973155,5.82739562105103,-14.9998963570848,-4058.88306215179,-0,-1.50990331349021e-14,0,342.669777364061,0,0
41.46,100,100,138.498478032202,-4.71462666585262,-17.0497196119817,5.7631109479611,-14.9999030413277,-4066.91100736075,-0,-1.50990331349021e-14,0,341.898865867789,0,0
41.48,100,100,138.40403970666,-4.72913026652428,-16.9351185537483,5.69663711197222,-14.9999092944838,-4074.8937044655,-0,-1.4210854715202e-14,0,341.129840206925,0,0
41.5,100,100,138.309315819689,-4.74318414904884,-16.8218681543199,5.62805923840845,-14.999915144355,-4082.83094541457,-0,-1.4210854715202e-14,0,340.362706183176,0,0
41.52,100,100,138.21431528508,-4.75679637804249,-16.7100096448854,5.55746224413481,-14.9999206169505,-4090.72252405061,-0,-1.33226762955019e-14,0,339.597469418365,0,0
41.54,100,100,138.119046854905,-4.76997505966725,-16.5995825608451,5.48493078199838,-14.9999257366018,-4098.56823622498,-0,-1.33226762955019e-14,0,338.834135357653,0,0
41.56,100,100,138.023519118745,-4.7827283363163,-16.4906247476357,5.41054918659306,-14.9999305260715,-4106.36787990845,-0,-1.33226762955019e-14,0,338.072709272785,0,0
41.58,100,100,137.927740503012,-4.79506438136913,-16.3831723676263,5.33440142135886,-14.9999350066538,-4114.12125529801,-0,-1.24344978758018e-14,0,337.313196265343,0,0
41.6,100,100,137.831719270386,-4.80699139401892,-16.2772599080598,5.25657102702542,-14.99993919827,-4121.82816491988,-0,-1.24344978758018e-14,1,336.555601270019,0,0
41.62,100,100,137.735463519345,-4.8185175941743,-16.1729201900108,5.17714107140856,-14.9999431195562,-4129.48841372865,-0,-1.15463194561016e-14,0,335.799929057892,0,0
41.64,100,100,137.638981183805,-4.82965121743781,-16.0701843783352,5.09619410056712,-14.9999467879469,-4137.1018092026,-0,-1.06581410364015e-14,0,335.046184239717,0,0
41.66,100,100,137.542280032856,-4.84040051016305,-15.9690819925817,5.01381209132658,-14.999950219752,-4144.66816143521,-0,-9.76996261670138e-15,0,334.294371269218,0,0
41.68,100,100,137.445367670589,-4.85077372459254,-15.8696409188405,4.93007640517465,-14.9999534302298,-4152.18728322284,-0,-9.76996261670138e-15,0,333.544494446387,0,0
41.7,100,100,137.348251536037,-4.86077911407812,-15.7718874224992,4.845067743533,-14.9999564336542,-4159.65899014866,-0,-9.76996261670138e-15,0,332.796557920785,0,0
41.72,100,100,137.250938903191,-4.87042492838575,-15.6758461618799,4.75886610440833,-14.9999592433787,-4167.0831006628,-0,-9.76996261670138e-15,0,332.050565694842,0,0
41.74,100,100,137.15343688112,-4.87971940908629,-15.5815402027298,4.67155074042476,-14.9999618718956,-4174.45943615878,-0,-8.88178419700125e-15,0,331.30652162716,0,0
41.76,100,100,137.055752414184,-4.88867078503403,-15.4889910335367,4.58320011823863,-14.9999643308916,-4181.78782104617,-0,-8.88178419700125e-15,0,330.564429435805,0,0
41.78,100,100,136.957892282328,-4.89728726793421,-15.3982185816427,4.49389187933583,-14.9999666312996,-4189.06808281965,-0,-8.88178419700125e-15,0,329.824292701601,0,0
41.8,100,100,136.859863101473,-4.90557704800118,-15.3092412301284,4.4037028022107,-14.9999687833473,-4196.30005212435,-0,-7.99360577730113e-15,1,329.086114871414,0,0
41.82,100,100,136.761671323982,-4.91354828970835,-15.2220758354392,4.31270876592469,-14.999970796603,-4203.48356281755,-0,-7.105427357601e-15,0,328.349899261429,0,0
41.84,100,100,136.663323239225,-4.92120912763123,-15.1367377457268,4.22098471504186,-14.9999726800178,-4210.61845202681,-0,-7.105427357601e-15,0,327.615649060413,0,0
41.86,100,100,136.564824974211,-4.92856766238459,-15.0532408198787,4.12860462593778,-14.9999744419655,-4217.70456020459,-0,-7.105427357601e-15,0,326.883367332972,0,0
41.88,100,100,136.466182494311,-4.93563195665493,-14.9715974472072,4.03564147447691,-14.99997609028,-4224.7417311792,-0,-6.21724893790088e-15,0,326.153057022788,0,0
41.9,100,100,136.367401604052,-4.94241003132905,-14.8918185677714,3.94216720505328,-14.9999776322896,-4231.72981220243,-0,-5.32907051820075e-15,0,325.424720955846,0,0
41.92,100,100,136.268487947993,-4.94890986171965,-14.8139136933053,3.84825270098801,-14.9999790748505,-4238.66865399361,-0,-5.32907051820075e-15,0,324.698361843642,0,0
41.94,100,100,136.169447011676,-4.95513937388878,-14.7378909287235,3.75396775627664,-14.9999804243762,-4245.55811078032,-0,-5.32907051820075e-15,0,323.973982286373,0,0
41.96,100,100,136.070284122641,-4.96110644106969,-14.6637569941795,3.65938104867824,-14.999981686867,-4252.3980403357,-0,-5.32907051820075e-15,0,323.251584776106,0,0
41.98,100,100,135.971004451521,-4.96681888018783,-14.5915172476482,3.56456011413778,-14.999982867936,-4259.18830401249,-0,-5.32907051820075e-15,0,322.531171699928,0,0
42,100,100,135.871613013205,-4.97228444848142,-14.5211757080068,3.46957132253206,-14.9999839728342,-4265.92876677376,-0,-4.44089209850063e-15,1,321.812745343074,0,0
42.02,100,100,135.772114668057,-4.97751084022214,-14.4527350785882,3.37447985472925,-14.9999850064743,-4272.61929722039,-0,-4.44089209850063e-15,0,321.096307892026,0,0
42.04,100,100,135.672514123214,-4.9825056835361,-14.3861967711792,3.27934968095099,-14.9999859734518,-4279.25976761538,-0,-4.44089209850063e-15,0,320.381861437598,0,0
42.06,100,100,135.572815933939,-4.9872765373256,-14.3215609304393,3.18424354042553,-14.9999868780661,-4285.85005390513,-0,-5.32907051820075e-15,0,319.669407977977,0,0
42.08,100,100,135.473024505032,-4.99183088829176,-14.2588264587132,3.08922292231962,-14.999987724339,-4292.39003573742,-0,-4.44089209850063e-15,0,318.958949421755,0,0
42.1,100,100,135.373144092306,-4.99617614805811,-14.1979910412126,2.99434804793633,-14.9999885160333,-4298.87959647661,-0,-4.44089209850063e-15,0,318.250487590919,0,0
42.12,100,100,135.273178804116,-5.00031965039536,-14.1390511715405,2.89967785416516,-14.9999892566688,-4305.31862321565,-0,-4.44089209850063e-15,0,317.544024223817,0,0
42.14,100,100,135.17313260294,-5.00426864854708,-14.0820021775348,2.80526997817046,-14.9999899495385,-4311.70700678532,-0,-4.44089209850063e-15,0,316.839560978093,0,0
42.16,100,100,135.07300930702,-5.00803031265647,-14.026838247406,2.71118074330338,-14.9999905977229,-4318.04464176051,-0,-5.32907051820075e-15,0,316.137099433585,0,0
42.18,100,100,134.972812592048,-5.01161172729387,-13.9735524561438,2.61746514622219,-14.999991204104,-4324.33142646371,-0,-5.32907051820075e-15,0,315.436641095194,0,0
42.2,100,100,134.872545992898,-5.01501988908483,-13.9221367921701,2.52417684520504,-14.9999917713778,-4330.56726296578,-0,-4.44089209850063e-15,1,314.73818739572,0,0
42.22,100,100,134.772212905411,-5.01826170443848,-13.8725821842138,2.43136814963911,-14.9999923020663,-4336.75205708394,-0,-4.44089209850063e-15,0,314.041739698657,0,0
42.24,100,100,134.671816588218,-5.02134398737584,-13.8248785283837,2.33909001066916,-14.9999927985292,-4342.88571837718,-0,-4.44089209850063e-15,0,313.347299300959,0,0
42.26,100,100,134.571360164615,-5.02427345745758,-13.7790147154173,2.24739201298837,-14.9999932629737,-4348.96816013908,-0,-4.44089209850063e-15,0,312.654867435763,0,0
42.28,100,100,134.470846624464,-5.02705673781081,-13.7349786580831,2.15632236775375,-14.9999936974648,-4354.99929938805,-0,-3.5527136788005e-15,0,311.964445275078,0,0
42.3,100,100,134.370278826147,-5.0297003532543,-13.6927573187121,2.065927906608,-14.9999941039342,-4360.97905685519,-0,-2.66453525910038e-15,0,311.276033932433,0,0
42.32,100,100,134.269659498546,-5.03221072852168,-13.6523367368397,1.97625407678938,-14.9999944841892,-4366.90735696964,-0,-3.5527136788005e-15,0,310.589634465489,0,0
42.34,100,100,134.168991243064,-5.03459418658164,-13.6137020569329,1.8873449373106,-14.9999948399204,-4372.78412784168,-0,-3.5527136788005e-15,0,309.905247878607,0,0
42.36,100,100,134.068276535675,-5.03685694705479,-13.5768375561849,1.79924315618757,-14.9999951727094,-4378.60930124345,-0,-4.44089209850063e-15,0,309.222875125377,0,0
42.38,100,100,133.967517729008,-5.03900512472615,-13.5417266723538,1.71199000869845,-14.9999954840359,-4384.38281258756,-0,-4.44089209850063e-15,0,308.542517111107,0,0
42.4,100,100,133.866717054455,-5.04104472815253,-13.5083520316265,1.62562537665295,-14.999995775284,-4390.1046009034,-0,-3.5527136788005e-15,1,307.864174695269,0,0
42.42,100,100,133.76587662431,-5.04298165836396,-13.476695476487,1.54018774865189,-14.9999960477486,-4395.77460881145,-0,-3.5527136788005e-15,0,307.187848693901,0,0
42.44,100,100,133.664998433933,-5.04482170765817,-13.4467380935699,1.4557142213164,-14.9999963026412,-4401.39278249551,-0,-2.66453525910038e-15,0,306.513539881967,0,0
42.46,100,100,133.564084363932,-5.04657055848727,-13.4184602414799,1.37224050146604,-14.999996541095,-4406.95907167294,-0,-2.66453525910038e-15,0,305.841248995678,0,0
42.48,100,100,133.463136182377,-5.04823378243547,-13.3918415785579,1.28980090922499,-14.9999967641701,-4412.47342956301,-0,-3.5527136788005e-15,0,305.170976734758,0,0
42.5,100,100,133.36215554702,-5.04981683928691,-13.366861090577,1.20842838203496,-14.9999969728585,-4417.9358128534,-0,-3.5527136788005e-15,0,304.502723764681,0,0
42.52,100,100,133.261144007542,-5.0513250761824,-13.3434971183479,1.12815447955355,-14.999997168088,-4423.34618166483,-0,-3.5527136788005e-15,0,303.836490718846,0,0
42.54,100,100,133.160103007817,-5.05276372686405,-13.3217273852188,1.04900938941651,-14.9999973507265,-4428.70449951407,-0,-3.5527136788005e-15,0,303.172278200722,0,0
42.56,100,100,133.059033888181,-5.05413791100647,-13.301529024451,0.971021933842051,-14.9999975215861,-4434.01073327523,-0,-3.5527136788005e-15,0,302.510086785942,0,0
42.58,100,100,132.957937887723,-5.05545263363342,-13.2828786064543,0.894219577055478,-14.9999976814265,-4439.26485313938,-0,-4.44089209850063e-15,0,301.849917024345,0,0
42.6,100,100,132.856816146583,-5.05671278461864,-13.2657521658664,0.818628433512101,-14.9999978309582,-4444.46683257275,-0,-4.44089209850063e-15,1,301.191769441983,0,0
42.62,100,100,132.755669708257,-5.05792313826957,-13.2501252284588,0.744273276896314,-14.9999979708463,-4449.61664827334,-0,-4.44089209850063e-15,0,300.535644543077,0,0
42.64,100,100,132.654499521914,-5.05908835299258,-13.2359728378567,0.671177549874687,-14.9999981017125,-4454.71428012618,-0,-4.44089209850063e-15,0,299.881542811921,0,0
42.66,100,100,132.553306444717,-5.06021297103854,-13.2232695820551,0.599363374580798,-14.9999982241387,-4459.75971115714,-0,-4.44089209850063e-15,0,299.229464714755,0,0
42.68,100,100,132.452091244146,-5.06130141832708,-13.2119896197191,0.528851563809508,-14.9999983386694,-4464.75292748556,-0,-4.44089209850063e-15,0,298.579410701573,0,0
42.7,100,100,132.350854600327,-5.06235800434841,-13.2021067062529,0.459661632898327,-14.9999984458136,-4469.69391827551,-0,-4.44089209850063e-15,0,297.931381207896,0,0
42.72,100,100,132.249597108362,-5.06338692214106,-13.1935942196244,0.391811812273501,-14.9999985460477,-4474.58267568598,-0,-5.32907051820075e-15,0,297.285376656501,0,0
42.74,100,100,132.148319280654,-5.06439224834423,-13.1864251859327,0.325319060638458,-14.9999986398175,-4479.41919481985,-0,-5.32907051820075e-15,0,296.641397459088,0,0
42.76,100,100,132.047021549239,-5.06537794332313,-13.1805723047055,0.260199078782234,-14.9999987275397,-4484.2034736719,-0,-5.32907051820075e-15,0,295.999444017922,0,0
42.78,100,100,131.945704268103,-5.066347851366,-13.1760079739143,0.196466323985566,-14.9999988096045,-4488.93551307571,-0,-5.32907051820075e-15,0,295.359516727408,0,0
42.8,100,100,131.844367715509,-5.06730570095102,-13.1727043146958,0.134134025002326,-14.9999988863767,-4493.61531664972,-0,-6.21724893790088e-15,1,294.721615975633,0,0
42.82,100,100,131.743012096304,-5.06825510508186,-13.1706331957676,0.0732141975940955,-14.9999989581976,-4498.24289074227,-0,-5.32907051820075e-15,0,294.085742145858,0,0
42.84,100,100,131.641637544226,-5.06919956169013,-13.1697662575289,0.0137176605956689,-14.9999990253866,-4502.81824437598,-0,-6.21724893790088e-15,0,293.451895617961,0,0
42.86,100,100,131.540244124201,-5.07014245410317,-13.1700749358335,-0.0443459475105625,-14.9999990882423,-4507.34138919119,-0,-6.21724893790088e-15,0,292.820076769837,0,0
42.88,100,100,131.438831834631,-5.07108705157566,-13.1715304854273,-0.100968151533359,-14.9999991470443,-4511.81233938878,-0,-6.21724893790088e-15,0,292.190285978753,0,0
42.9,100,100,131.33740060967,-5.07203650988345,-13.1741040030398,-0.156141622046377,-14.999999202054,-4516.23111167231,-0,-6.21724893790088e-15,0,291.562523622653,0,0
42.92,100,100,131.235950321482,-5.0729938719779,-13.1777664501201,-0.209860157418665,-14.9999992535159,-4520.59772518951,-0,-6.21724893790088e-15,0,290.936790081421,0,0
42.94,100,100,131.134480782498,-5.07396206869921,-13.1824886752097,-0.262118665423535,-14.9999993016589,-4524.91220147326,-0,-6.21724893790088e-15,0,290.3130857381,0,0
42.96,100,100,131.032991747645,-5.07494391954709,-13.1882414359433,-0.312913144447257,-14.999999346697,-4529.17456438206,-0,-6.21724893790088e-15,0,289.691410980062,0,0
42.98,100,100,130.931482916567,-5.07594213350712,-13.19499542067,-0.362240664318908,-14.9999993888305,-4533.38484004,-0,-6.21724893790088e-15,0,289.071766200139,0,0
43,100,100,130.829953935827,-5.07695930993109,-13.2027212696877,-0.410099346782487,-14.9999994282467,-4537.54305677644,-0,-6.21724893790088e-15,1,288.454151797702,0,0
43.02,100,100,130.728404401089,-5.07799793946982,-13.2113895960828,-0.456488345632263,-14.9999994651208,-4541.64924506518,-0,-5.32907051820075e-15,0,287.838568179705,0,0
43.04,100,100,130.626833859282,-5.07906040505672,-13.2209710061702,-0.501407826532103,-14.9999994996167,-4545.70343746353,-0,-5.32907051820075e-15,0,287.225015761679,0,0
43.06,100,100,130.525241810746,-5.08014898294034,-13.2314361195265,-0.544858946539331,-14.9999995318879,-4549.70566855094,-0,-5.32907051820075e-15,0,286.613494968686,0,0
43.08,100,100,130.423627711353,-5.08126584376452,-13.2427555886104,-0.586843833353461,-14.9999995620779,-4553.65597486754,-0,-4.44089209850063e-15,0,286.004006236231,0,0
43.1,100,100,130.32199097461,-5.08241305369416,-13.2549001179665,-0.627365564309907,-14.9999995903208,-4557.55439485253,-0,-4.44089209850063e-15,0,285.396550011125,0,0
43.12,100,100,130.220330973735,-5.08359257558523,-13.2678404830055,-0.666428145138559,-14.9999996167422,-4561.40096878241,-0,-3.5527136788005e-15,0,284.791126752319,0,0
43.14,100,100,130.118647043712,-5.08480627019719,-13.2815475483578,-0.704036488506843,-14.9999996414597,-4565.19573870917,-0,-3.5527136788005e-15,0,284.187736931683,0,0
43.16,100,100,130.016938483321,-5.08605589744627,-13.2959922857966,-0.740196392366663,-14.999999664583,-4568.93874839847,-0,-2.66453525910038e-15,0,283.586381034753,0,0
43.18,100,100,129.915204557139,-5.08734311769796,-13.3111457917249,-0.774914518124339,-14.9999996862151,-4572.63004326786,-0,-3.5527136788005e-15,0,282.987059561437,0,0
43.2,100,100,129.813444497524,-5.08866949309694,-13.3269793042254,-0.808198368652394,-14.999999706452,-4576.26967032506,-0,-2.66453525910038e-15,1,282.389773026673,0,0
43.22,100,100,129.711657506559,-5.09003648893304,-13.3434642196685,-0.840056266161773,-14.9999997253838,-4579.85767810629,-0,-3.5527136788005e-15,0,281.794521961062,0,0
43.24,100,100,129.609842757979,-5.09144547504146,-13.3605721088771,-0.870497329952789,-14.9999997430946,-4583.39411661491,-0,-3.5527136788005e-15,0,281.201306911446,0,0
43.26,100,100,129.507999399065,-5.09289772723559,-13.3782747328446,-0.899531454062791,-14.9999997596632,-4586.87903726006,-0,-3.5527136788005e-15,0,280.610128441464,0,0
43.28,100,100,129.40612655251,-5.09439442877104,-13.3965440580056,-0.927169284828279,-14.9999997751633,-4590.3124927957,-0,-3.5527136788005e-15,0,280.020987132055,0,0
43.3,100,100,129.304223318254,-5.09593667183898,-13.4153522710571,-0.953422198378852,-14.9999997896637,-4593.69453725981,-0,-3.5527136788005e-15,0,279.433883581936,0,0
43.32,100,100,129.202288775292,-5.09752545908752,-13.4346717933285,-0.978302278080104,-14.9999998032289,-4597.02522591395,-0,-3.5527136788005e-15,0,278.848818408038,0,0
43.34,100,100,129.10032198345,-5.0991617051693,-13.4544752947006,-1.00182229194223,-14.9999998159192,-4600.30461518316,-0,-2.66453525910038e-15,0,278.265792245907,0,0
43.36,100,100,128.998321985124,-5.1008462383139,-13.4747357070727,-1.02399567001085,-14.9999998277912,-4603.53276259622,-0,-3.5527136788005e-15,0,277.684805750068,0,0
43.38,100,100,128.896287807001,-5.10257980192347,-13.4954262373766,-1.04483648175606,-14.9999998388974,-4606.70972672635,-0,-2.66453525910038e-15,0,277.105859594359,0,0
43.4,100,100,128.79421846173,-5.10436305619,-13.5165203801397,-1.06435941347577,-14.9999998492874,-4609.83556713234,-0,-3.5527136788005e-15,1,276.528954472228,0,0
43.42,100,100,128.69211294958,-5.1061965797328,-13.5379919295953,-1.08257974572848,-14.9999998590073,-4612.91034430015,-0,-2.66453525910038e-15,0,275.954091096996,0,0
43.44,100,100,128.589970260044,-5.10808087125467,-13.5598149913429,-1.09951333081091,-14.9999998681004,-4615.93411958507,-0,-2.66453525910038e-15,0,275.381270202088,0,0
43.46,100,100,128.48778937343,-5.1100163512152,-13.5819639935581,-1.11517657029512,-14.999999876607,-4618.90695515435,-0,-3.5527136788005e-15,0,274.810492541236,0,0
43.48,100,100,128.385569262404,-5.11200336351989,-13.604413697754,-1.12958639263962,-14.999999884565,-4621.82891393046,-0,-2.66453525910038e-15,0,274.241758888643,0,0
43.5,100,100,128.283308893506,-5.11404217722347,-13.6271392090956,-1.14276023088863,-14.9999998920097,-4624.70005953492,-0,-2.66453525910038e-15,0,273.675070039123,0,0
43.52,100,100,128.181007228627,-5.11613298824616,-13.6501159862699,-1.15471600047308,-14.9999998989743,-4627.52045623276,-0,-3.5527136788005e-15,0,273.110426808208,0,0
43.54,100,100,128.078663226458,-5.11827592110133,-13.673319850912,-1.16547207712698,-14.9999999054898,-4630.29016887762,-0,-2.66453525910038e-15,0,272.547830032225,0,0
43.56,100,100,127.9762758439,-5.12047103063325,-13.6967269965919,-1.17504727493202,-14.999999911585,-4633.00926285758,-0,-1.77635683940025e-15,0,271.987280568351,0,0
43.58,100,100,127.873844037438,-5.12271830376355,-13.7203139973624,-1.18346082450315,-14.9999999172872,-4635.67780404162,-0,-1.77635683940025e-15,0,271.428779294629,0,0
43.6,100,100,127.771366764484,-5.12501766124501,-13.7440578158736,-1.19073235132756,-14.9999999226216,-4638.29585872685,-0,-1.77635683940025e-15,1,270.872327109965,0,0
43.62,100,100,127.668842984682,-5.12736895942146,-13.7679358110548,-1.19688185426887,-14.9999999276119,-4640.86349358648,-0,-1.77635683940025e-15,0,270.317924934097,0,0
43.64,100,100,127.566271661177,-5.1297719919923,-13.7919257453682,-1.20192968424825,-14.9999999322805,-4643.38077561855,-0,-1.77635683940025e-15,0,269.765573707538,0,0
43.66,100,100,127.463651761854,-5.13222649178063,-13.8160057916392,-1.20589652311378,-14.9999999366479,-4645.84777209545,-0,-8.88178419700125e-16,0,269.215274391491,0,0
43.68,100,100,127.360982260534,-5.13473213250344,-13.8401545394645,-1.20880336270873,-14.9999999407337,-4648.26455051427,-0,-8.88178419700125e-16,0,268.667027967747,0,0
43.7,100,100,127.25826213814,-5.13728853054289,-13.8643510012049,-1.21067148414953,-14.9999999445559,-4650.63117854794,-0,-8.88178419700125e-16,0,268.120835438548,0,0
43.72,100,100,127.155490383827,-5.13989524671728,-13.8885746175651,-1.21152243732346,-14.9999999481317,-4652.94772399725,-0,-8.88178419700125e-16,0,267.576697826439,0,0
43.74,100,100,127.052665996074,-5.1425517880507,-13.9128052627661,-1.21137802061588,-14.9999999514768,-4655.21425474371,-0,0,0,267.03461617409,0,0
43.76,100,100,126.949787983743,-5.14525760953997,-13.9370232493147,-1.21026026087647,-14.9999999546062,-4657.43083870328,-0,-8.88178419700125e-16,0,266.494591544099,0,0
43.78,100,100,126.846855367099,-5.14801211591806,-13.961209332374,-1.20819139363357,-14.9999999575338,-4659.59754378102,-0,-8.88178419700125e-16,0,265.956625018776,0,0
43.8,100,100,126.743867178805,-5.15081466341252,-13.9853447137415,-1.20519384356535,-14.9999999602726,-4661.71443782663,-0,-8.88178419700125e-16,1,265.4207176999,0,0
43.82,100,100,126.640822464867,-5.15366456149814,-14.0094110454391,-1.20129020523613,-14.9999999628347,-4663.78158859089,-0,-8.88178419700125e-16,0,264.886870708469,0,0
43.84,100,100,126.537720285554,-5.15656107464262,-14.0333904329203,-1.19650322410592,-14.9999999652316,-4665.79906368304,-0,-8.88178419700125e-16,0,264.355085184416,0,0
43.86,100,100,126.434559716282,-5.15950342404426,-14.0572654379007,-1.19085577782085,-14.9999999674739,-4667.76693052913,-0,-8.88178419700125e-16,0,263.825362286322,0,0
43.88,100,100,126.331339848463,-5.16249078936069,-14.0810190808167,-1.18437085779168,-14.9999999695716,-4669.68525633128,-0,-1.77635683940025e-15,0,263.297703191098,0,0
43.9,100,100,126.228059790315,-5.16552231042757,-14.1046348429196,-1.17707155106757,-14.9999999715341,-4671.55410802792,-0,-1.77635683940025e-15,0,262.772109093662,0,0
43.92,100,100,126.124718667642,-5.16859708896649,-14.1280966680089,-1.16898102251145,-14.9999999733699,-4673.373552255,-0,-8.88178419700125e-16,0,262.248581206592,0,0
43.94,100,100,126.021315624584,-5.17171419028097,-14.1513889638135,-1.16012249728344,-14.9999999750874,-4675.14365530814,-0,-8.88178419700125e-16,0,261.727120759769,0,0
43.96,100,100,125.917849824323,-5.17487264493967,-14.1744966030249,-1.15051924363825,-14.9999999766941,-4676.86448310584,-0,0,0,261.207729000001,0,0
43.98,100,100,125.814320449763,-5.17807145044613,-14.1974049239894,-1.14019455604193,-14.9999999781971,-4678.53610115361,-0,-8.88178419700125e-16,0,260.690407190636,0,0
44,100,100,125.710726704175,-5.18130957289391,-14.2200997310668,-1.12917173861353,-14.9999999796033,-4680.15857450908,-0,-8.88178419700125e-16,1,260.175156611162,0,0
44.02,100,100,125.60706781181,-5.1845859486066,-14.2425672946601,-1.11747408889628,-14.9999999809187,-4681.73196774822,-0,-1.77635683940025e-15,0,259.661978556792,0,0
44.04,100,100,125.503343018473,-5.18789948576165,-14.2647943509247,-1.10512488196305,-14.9999999821493,-4683.25634493239,-0,-1.77635683940025e-15,0,259.150874338041,0,0
44.06,100,100,125.399551592078,-5.19124906599746,-14.2867681011629,-1.09214735486034,-14.9999999833006,-4684.73176957657,-0,-8.88178419700125e-16,0,258.641845280286,0,0
44.08,100,100,125.295692823155,-5.19463354600288,-14.3084762109104,-1.07856469139461,-14.9999999843776,-4686.15830461845,-0,-8.88178419700125e-16,0,258.134892723321,0,0
44.1,100,100,125.191766025338,-5.19805175908842,-14.3299068087228,-1.06440000726469,-14.9999999853851,-4687.53601238864,-0,-8.88178419700125e-16,0,257.630018020899,0,0
44.12,100,100,125.087770535816,-5.20150251673854,-14.3510484846669,-1.04967633554346,-14.9999999863277,-4688.8649545818,-0,-8.88178419700125e-16,0,257.127222540266,0,0
44.14,100,100,124.983705715752,-5.2049846101443,-14.3718902885267,-1.03441661251196,-14.9999999872094,-4690.14519222884,-0,0,0,256.626507661683,0,0
44.16,100,100,124.879570950679,-5.20849681171581,-14.3924217277284,-1.01864366384832,-14.9999999880343,-4691.37678567009,-0,0,0,256.127874777949,0,0
44.18,100,100,124.775365650853,-5.21203787657378,-14.4126327649932,-1.00238019117419,-14.999999988806,-4692.55979452946,-0,8.88178419700125e-16,0,255.631325293902,0,0
44.2,100,100,124.67108925159,-5.2156065440197,-14.4325138157248,-0.985648758960593,-14.999999989528,-4693.69427768969,-0,8.88178419700125e-16,1,255.136860625925,0,0
44.22,100,100,124.566741213567,-5.219201538984,-14.4520557451386,-0.968471781794959,-14.9999999902033,-4694.78029326848,-0,0,0,254.644482201444,0,0
44.24,100,100,124.462321023094,-5.22282157345177,-14.4712498651394,-0.950871512010945,-14.9999999908352,-4695.81789859572,-0,0,0,254.154191458413,0,0
44.26,100,100,124.357828192357,-5.22646534786543,-14.4900879309555,-0.93287002768218,-14.9999999914262,-4696.80715019162,-0,-8.88178419700125e-16,0,253.665989844803,0,0
44.28,100,100,124.253262259639,-5.23013155250397,-14.5085621375372,-0.914489220980902,-14.9999999919792,-4697.74810374589,-0,-1.77635683940025e-15,0,253.17987881808,0,0
44.3,100,100,124.148622789508,-5.23381886883823,-14.5266651157248,-0.895750786902138,-14.9999999924965,-4698.64081409789,-0,0,0,252.695859844682,0,0
44.32,100,100,124.043909372977,-5.23752597086194,-14.5443899281954,-0.876676212353832,-14.9999999929804,-4699.48533521777,-0,-8.88178419700125e-16,0,252.213934399491,0,0
44.34,100,100,123.939121627647,-5.24125152639789,-14.5617300651953,-0.857286765613042,-14.9999999934331,-4700.2817201885,-0,-8.88178419700125e-16,0,251.734103965303,0,0
44.36,100,100,123.834259197809,-5.24499419837911,-14.578679440065,-0.83760348614809,-14.9999999938566,-4701.03002118897,-0,-8.88178419700125e-16,0,251.256370032296,0,0
44.38,100,100,123.729321754538,-5.24875264610452,-14.595232384564,-0.817647174806286,-14.9999999942528,-4701.73028947798,-0,-1.77635683940025e-15,0,250.780734097495,0,0
44.4,100,100,123.624308995747,-5.25252552646887,-14.6113836440036,-0.797438384366591,-14.9999999946235,-4702.38257537918,-0,-1.77635683940025e-15,1,250.307197664233,0,0
44.42,100,100,123.519220646224,-5.25631149516657,-14.6271283721941,-0.776997410456366,-14.9999999949702,-4702.98692826696,-0,-8.88178419700125e-16,0,249.835762241618,0,0
44.44,100,100,123.414056457647,-5.26010920786917,-14.6424621262138,-0.756344282831094,-14.9999999952946,-4703.54339655328,-0,-1.77635683940025e-15,0,249.366429343993,0,0
44.46,100,100,123.308816208571,-5.26391732137624,-14.6573808610074,-0.735498757015751,-14.9999999955981,-4704.05202767539,-0,-2.66453525910038e-15,0,248.899200490397,0,0
44.48,100,100,123.203499704394,-5.26773449473946,-14.6718809238207,-0.714480306306261,-14.999999995882,-4704.51286808447,-0,-1.77635683940025e-15,0,248.434077204032,0,0
44.5,100,100,123.098106777302,-5.27155939035966,-14.6859590484796,-0.693308114129262,-14.9999999961476,-4704.92596323521,-0,-1.77635683940025e-15,0,247.971061011722,0,0
44.52,100,100,122.992637286189,-5.2753906750566,-14.6996123495183,-0.672001066758195,-14.999999996396,-4705.29135757618,-0,-1.77635683940025e-15,0,247.510153443382,0,0
44.54,100,100,122.887091116561,-5.27922702111148,-14.7128383161673,-0.650577746383514,-14.9999999966284,-4705.60909454117,-0,-1.77635683940025e-15,0,247.05135603148,0,0
44.56,100,100,122.781468180414,-5.28306710728183,-14.7256348062048,-0.629056424534625,-14.9999999968459,-4705.87921654136,-0,-2.66453525910038e-15,0,246.594670310511,0,0
44.58,100,100,122.675768416098,-5.28690961978886,-14.7380000396808,-0.607455055850949,-14.9999999970493,-4706.10176495834,-0,-8.88178419700125e-16,0,246.140097816465,0,0
44.6,100,100,122.569991788154,-5.29075325327705,-14.7499325925199,-0.585791272199335,-14.9999999972396,-4706.27678013795,-0,-1.77635683940025e-15,1,245.687640086305,0,0
44.62,100,100,122.464138287139,-5.29459671174596,-14.7614313900099,-0.564082377134847,-14.9999999974176,-4706.40430138503,-0,-2.66453525910038e-15,0,245.237298657441,0,0
44.64,100,100,122.358207929429,-5.29843870945416,-14.7724957001829,-0.542345340701774,-14.9999999975842,-4706.48436695885,-0,-3.5527136788005e-15,0,244.789075067212,0,0
44.66,100,100,122.252200757003,-5.30227797179536,-14.7831251270959,-0.520596794571554,-14.99999999774,-4706.51701406947,-0,-3.5527136788005e-15,0,244.342970852376,0,0
44.68,100,100,122.146116837217,-5.30611323614653,-14.7933196040179,-0.498853027514112,-14.9999999978857,-4706.5022788748,-0,-3.5527136788005e-15,0,243.898987548595,0,0
44.7,100,100,122.03995626255,-5.30994325268825,-14.8030793865287,-0.477129981198973,-14.9999999980221,-4706.44019647851,-0,-2.66453525910038e-15,0,243.457126689934,0,0
44.72,100,100,121.933719150344,-5.31376678519711,-14.8124050455381,-0.455443246322333,-14.9999999981496,-4706.3308009286,-0,-3.5527136788005e-15,0,243.017389808357,0,0
44.74,100,100,121.827405642523,-5.31758261181034,-14.8212974602302,-0.433808059056164,-14.999999998269,-4706.17412521683,-0,-2.66453525910038e-15,0,242.579778433238,0,0
44.76,100,100,121.721015905298,-5.32138952576268,-14.8297578109401,-0.412239297815213,-14.9999999983806,-4705.97020127879,-0,-2.66453525910038e-15,0,242.144294090866,0,0
44.78,100,100,121.614550128859,-5.32518633609554,-14.837787571969,-0.39075148033771,-14.9999999984851,-4705.71905999471,-0,-1.77635683940025e-15,0,241.710938303967,0,0
44.8,100,100,121.508008527051,-5.32897186833861,-14.8453885043442,-0.369358761075373,-14.9999999985828,-4705.42073119101,-0,-2.66453525910038e-15,1,241.279712591227,0,0
44.82,100,100,121.401391337038,-5.33274496516401,-14.8525626485295,-0.348074928888258,-14.9999999986742,-4705.0752436425,-0,-2.66453525910038e-15,0,240.850618466819,0,0
44.84,100,100,121.294698818954,-5.33650448701304,-14.8593123170933,-0.326913405039811,-14.9999999987597,-4704.68262507522,-0,-1.77635683940025e-15,0,240.423657439945,0,0
44.86,100,100,121.187931255542,-5.34024931269587,-14.8656400873387,-0.305887241487409,-14.9999999988397,-4704.24290217003,-0,-1.77635683940025e-15,0,239.998831014376,0,0
44.88,100,100,121.08108895178,-5.34397833996403,-14.8715487939026,-0.285009119463557,-14.9999999989145,-4703.75610056673,-0,-3.5527136788005e-15,0,239.576140688005,0,0
44.9,100,100,120.974172234496,-5.34769048605623,-14.8770415213301,-0.264291348342788,-14.9999999989845,-4703.22224486886,-0,-1.77635683940025e-15,0,239.155587952407,0,0
44.92,100,100,120.867181451975,-5.35138468821735,-14.8821215966274,-0.243745864789236,-14.99999999905,-4702.64135864914,-0,0,0,238.737174292405,0,0
44.94,100,100,120.760116973553,-5.35505990419111,-14.8867925818021,-0.223384232179756,-14.9999999991113,-4702.01346445543,-0,0,0,238.320901185645,0,0
44.96,100,100,120.652979189202,-5.35871511268646,-14.8910582663937,-0.203217640297357,-14.9999999991686,-4701.33858381726,-0,1.77635683940025e-15,0,237.90677010218,0,0
44.98,100,100,120.545768509107,-5.36234931381793,-14.8949226600007,-0.183256905289668,-14.9999999992222,-4700.61673725305,-0,0,0,237.49478250406,0,0
45,100,100,120.438485363232,-5.36596152952033,-14.8983899848099,-0.163512469887049,-14.9999999992724,-4699.8479442777,0,0,1,237.084939844932,0,0
45.02,100,100,120.331130200881,-5.36955080393783,-14.9014646681324,-0.143994403874901,-14.9999999993193,-4699.03222341083,0,0,0,236.677243569651,0,0
45.04,100,100,120.22370349025,-5.37311620378796,-14.9041513349512,-0.124712404814672,-14.9999999993632,-4698.16959218545,0,0,0,236.271695113896,0,0
45.06,100,100,120.116205717975,-5.37665681870055,-14.906454800486,-0.105675799007972,-14.9999999994043,-4697.26006715719,0,0,0,235.868295903795,0,0
45.08,100,100,120.008637388663,-5.3801717615321,-14.90838006278,-0.0868935426981846,-14.9999999994427,-4696.30366391398,0,0,0,235.467047355567,0,0
45.1,100,100,119.900999024431,-5.38366016865581,-14.9099322953123,-0.0683742235038785,-14.9999999994786,-4695.30039708618,0,-1.77635683940025e-15,0,235.067950875158,0,0
45.12,100,100,119.793291164433,-5.38712120022756,-14.911116839642,-0.0501260620783138,-14.9999999995123,-4694.25028035715,0,-1.77635683940025e-15,0,234.671007857904,0,0
45.14,100,100,119.685514364378,-5.3905540404282,-14.9119391980866,-0.0321569139892645,-14.9999999995437,-4693.15332647429,0,0,0,234.27621968819,0,0
45.16,100,100,119.577669196049,-5.39395789768255,-14.912405026442,-0.0144742718133633,-14.9999999995731,-4692.00954726046,0,-1.77635683940025e-15,0,233.883587739126,0,0
45.18,100,100,119.469756246818,-5.39733200485526,-14.9125201267442,0.00291473256086358,-14.9999999996007,-4690.81895362579,0,0,0,233.493113372229,0,0
45.2,100,100,119.361776119153,-5.40067561942413,-14.9122904400812,0.0200033254271278,-14.9999999996264,-4689.5815555799,0,0,1,233.104797937118,0,0
45.22,100,100,119.253729430124,-5.40398802363109,-14.9117220394554,0.0367850885585577,-14.9999999996505,-4688.29736224445,0,0,0,232.718642771214,0,0
45.24,100,100,119.14561681091,-5.40726852461122,-14.910821122703,0.0532539563138168,-14.9999999996731,-4686.96638186607,0,0,0,232.334649199455,0,0
45.26,100,100,119.037438906294,-5.41051645450026,-14.9095940054728,0.0694042125580728,-14.9999999996941,-4685.58862182961,0,0,0,231.952818534021,0,0
45.28,100,100,118.929196374169,-5.41373117052096,-14.9080471142681,0.0852304874047328,-14.9999999997139,-4684.16408867168,0,1.77635683940025e-15,0,231.573152074061,0,0
45.3,100,100,118.820889885031,-5.41691205504861,-14.9061869795559,0.100727753783865,-14.9999999997323,-4682.69278809452,0,1.77635683940025e-15,0,231.195651105441,0,0
45.32,100,100,118.712520121474,-5.42005851565624,-14.9040202289463,0.115891323843229,-14.9999999997496,-4681.17472498018,0,0,0,230.820316900495,0,0
45.34,100,100,118.604087777693,-5.42316998513981,-14.9015535804456,0.130716845187821,-14.9999999997657,-4679.60990340489,0,0,0,230.44715071779,0,0
45.36,100,100,118.49559355897,-5.42624592152387,-14.8987938357857,0.145200296963863,-14.9999999997808,-4677.99832665378,0,0,0,230.076153801893,0,0
45.38,100,100,118.387038181178,-5.42928580804803,-14.8957478738341,0.159337985793098,-14.999999999795,-4676.33999723574,0,0,0,229.707327383164,0,0
45.4,100,100,118.278422370272,-5.43228915313471,-14.8924226440861,0.173126541563308,-14.9999999998082,-4674.63491689859,0,1.77635683940025e-15,1,229.340672677539,0,0
45.42,100,100,118.169746861786,-5.4352554903386,-14.8888251602425,0.186562913080875,-14.9999999998206,-4672.8830866444,0,3.5527136788005e-15,0,228.976190886342,0,0
45.44,100,100,118.061012400334,-5.43818437827821,-14.8849624938763,0.199644363591256,-14.9999999998321,-4671.08450674505,0,1.77635683940025e-15,0,228.613883196092,0,0
45.46,100,100,117.952219739106,-5.44107540054996,-14.8808417681892,0.212368466173147,-14.999999999843,-4669.23917675791,0,1.77635683940025e-15,0,228.253750778332,0,0
45.48,100,100,117.843369639374,-5.44392816562527,-14.8764701518625,0.224733099012144,-14.9999999998531,-4667.34709554177,0,1.77635683940025e-15,0,227.895794789456,0,0
45.5,100,100,117.734462869988,-5.44674230673106,-14.8718548530028,0.236736440559613,-14.9999999998626,-4665.40826127281,0,1.77635683940025e-15,0,227.540016370558,0,0
45.52,100,100,117.625500206892,-5.44951748171408,-14.8670031131863,0.248376964582504,-14.9999999998714,-4663.42267146081,0,1.77635683940025e-15,0,227.186416647285,0,0
45.54,100,100,117.516482432625,-5.45225337288957,-14.8619222016026,0.25965343510975,-14.9999999998797,-4661.39032296542,0,0,0,226.834996729694,0,0
45.56,100,100,117.407410335838,-5.45494968687462,-14.8566194093012,0.270564901280889,-14.9999999998875,-4659.31121201255,0,0,0,226.485757712133,0,0
45.58,100,100,117.298284710807,-5.45760615440673,-14.851102043541,0.281110692102468,-14.9999999998947,-4657.18533421088,0,0,0,226.138700673118,0,0
45.6,100,100,117.189106356953,-5.46022253014798,-14.8453774222468,0.291290411117775,-14.9999999999015,-4655.01268456843,0,0,1,225.793826675229,0,0
45.62,100,100,117.07987607837,-5.4627985924753,-14.8394528685719,0.301103930995344,-14.9999999999079,-4652.79325750918,0,-1.77635683940025e-15,0,225.451136765008,0,0
45.64,100,100,116.970594683344,-5.46533414325718,-14.8333357055708,0.310551388041673,-14.9999999999138,-4650.52704688981,0,-1.77635683940025e-15,0,225.110631972873,0,0
45.66,100,100,116.861262983895,-5.46782900761746,-14.8270332509817,0.319633176643503,-14.9999999999194,-4648.21404601639,0,-1.77635683940025e-15,0,224.772313313039,0,0
45.68,100,100,116.751881795308,-5.47028303368643,-14.8205528121211,0.32834994364496,-14.9999999999246,-4645.85424766119,0,-1.77635683940025e-15,0,224.436181783446,0,0
45.7,100,100,116.642451935676,-5.47269609233976,-14.8139016808913,0.336702582664792,-14.9999999999294,-4643.44764407947,0,-1.77635683940025e-15,0,224.102238365701,0,0
45.72,100,100,116.532974225454,-5.47506807692587,-14.8070871289023,0.344692228358874,-14.999999999934,-4640.99422702625,0,0,0,223.770484025024,0,0
45.74,100,100,116.423449487002,-5.47739890298189,-14.8001164027088,0.352320250633086,-14.9999999999382,-4638.49398777313,0,-1.77635683940025e-15,0,223.440919710206,0,0
45.76,100,100,116.313878544154,-5.47968850793883,-14.7929967191634,0.359588248811593,-14.9999999999422,-4635.94691712505,0,-1.77635683940025e-15,0,223.113546353574,0,0
45.78,100,100,116.204262221777,-5.48193685081648,-14.7857352608871,0.366498045765494,-14.999999999946,-4633.35300543703,0,-1.77635683940025e-15,0,222.78836487097,0,0
45.8,100,100,116.094601345345,-5.48414391190822,-14.7783391718568,0.373051682006717,-14.9999999999494,-4630.71224263093,0,0,1,222.46537616173,0,0
45.82,100,100,115.984896740516,-5.48630969245641,-14.7708155531127,0.379251409751984,-14.9999999999527,-4628.02461821201,0,0,0,222.144581108679,0,0
45.84,100,100,115.875149232716,-5.48843421431871,-14.763171458583,0.385099686961578,-14.9999999999558,-4625.29012128566,0,-1.77635683940025e-15,0,221.825980578129,0,0
45.86,100,100,115.765359646731,-5.49051751962574,-14.755413891029,0.390599171357561,-14.9999999999586,-4622.50874057381,0,-1.77635683940025e-15,0,221.509575419891,0,0
45.88,100,100,115.655528806305,-5.4925596704305,-14.7475497981102,0.395752714426021,-14.9999999999613,-4619.68046443145,0,-1.77635683940025e-15,0,221.195366467289,0,0
45.9,100,100,115.545657533744,-5.49456074835009,-14.7395860685685,0.400563355407842,-14.9999999999638,-4616.80528086298,0,-3.5527136788005e-15,0,220.883354537186,0,0
45.92,100,100,115.435746649529,-5.49652085419996,-14.7315295285339,0.40503431528241,-14.9999999999661,-4613.88317753843,0,-1.77635683940025e-15,0,220.573540430016,0,0
45.94,100,100,115.325796971936,-5.49844010762129,-14.7233869379492,0.409168990748565,-14.9999999999683,-4610.91414180968,0,-1.77635683940025e-15,0,220.265924929826,0,0
45.96,100,100,115.215809316663,-5.50031864670179,-14.7151649871166,0.412970948207045,-14.9999999999703,-4607.89816072643,0,-1.77635683940025e-15,0,219.960508804321,0,0
45.98,100,100,115.105784496465,-5.5021566275904,-14.706870293363,0.416443917748576,-14.9999999999722,-4604.83522105215,0,-1.77635683940025e-15,0,219.657292804924,0,0
46,100,100,114.995723320798,-5.50395422410628,-14.6985093978268,0.419591787151658,-14.999999999974,-4601.72530927983,0,0,1,219.356277666831,0,0
46.02,100,100,114.885626595466,-5.50571162734243,-14.6900887623639,0.422418595894024,-14.9999999999757,-4598.56841164763,0,0,0,219.057464109087,0,0
46.04,100,100,114.775495122282,-5.50742904526446,-14.6816147665734,0.42492852918165,-14.9999999999773,-4595.36451415435,0,0,0,218.760852834662,0,0
46.06,100,100,114.665329698737,-5.50910670230477,-14.6730937049425,0.427125911999114,-14.9999999999787,-4592.11360257475,0,0,0,218.466444530529,0,0
46.08,100,100,114.555131117668,-5.51074483895263,-14.6645317841104,0.429015203184979,-14.9999999999801,-4588.81566247471,0,-1.77635683940025e-15,0,218.17423986776,0,0
46.1,100,100,114.444900166949,-5.51234371134048,-14.6559351202501,0.430600989535836,-14.9999999999814,-4585.47067922624,0,-1.77635683940025e-15,0,217.884239501617,0,0
46.12,100,100,114.334637629176,-5.51390359082683,-14.6473097365681,0.43188797994248,-14.9999999999826,-4582.07863802225,0,-1.77635683940025e-15,0,217.596444071659,0,0
46.14,100,100,114.224344281369,-5.51542476357618,-14.6386615609206,0.432880999561671,-14.9999999999837,-4578.63952389116,0,-1.77635683940025e-15,0,217.310854201847,0,0
46.16,100,100,114.114020894682,-5.51690753013626,-14.6299964235464,0.433584984026776,-14.9999999999848,-4575.1533217114,0,-1.77635683940025e-15,0,217.027470500661,0,0
46.18,100,100,114.003668234116,-5.51835220501298,-14.6213200549148,0.434004973700526,-14.9999999999858,-4571.62001622557,0,0,0,216.746293561216,0,0
46.2,100,100,113.893287058246,-5.51975911624348,-14.6126380836879,0.434146107973032,-14.9999999999867,-4568.03959205447,0,0,1,216.467323961394,0,0
46.22,100,100,113.782878118957,-5.52112860496754,-14.6039560347971,0.434013619608073,-14.9999999999875,-4564.41203371096,0,0,0,216.190562263972,0,0
46.24,100,100,113.672442161179,-5.5224610249978,-14.5952793276315,0.433612829140616,-14.9999999999883,-4560.73732561352,0,-1.77635683940025e-15,0,215.916009016755,0,0
46.26,100,100,113.561979922648,-5.52375674238899,-14.5866132743379,0.432949139328405,-14.9999999999891,-4557.01545209967,0,-1.77635683940025e-15,0,215.643664752725,0,0
46.28,100,100,113.451492133655,-5.52501613500665,-14.5779630782318,0.432028029660367,-14.9999999999898,-4553.24639743909,0,0,0,215.373529990182,0,0
46.3,100,100,113.340979516824,-5.52623959209554,-14.5693338323167,0.430855050924493,-14.9999999999904,-4549.43014584656,0,0,0,215.105605232894,0,0
46.32,100,100,113.23044278688,-5.52742751384814,-14.5607305179123,0.429435819837745,-14.9999999999911,-4545.56668149469,0,0,0,214.839890970258,0,0
46.34,100,100,113.11988265044,-5.52858031097346,-14.5521580033888,0.427776013740459,-14.9999999999916,-4541.65598852631,0,0,0,214.576387677457,0,0
46.36,100,100,113.009299805805,-5.52969840426661,-14.5436210430073,0.425881365357609,-14.9999999999922,-4537.69805106677,0,0,0,214.315095815624,0,0
46.38,100,100,112.898694942764,-5.53078222417919,-14.5351242758633,0.423757657629197,-14.9999999999927,-4533.69285323584,0,0,0,214.05601583201,0,0
46.4,100,100,112.788068742401,-5.5318322103911,-14.5266722249344,0.421410718611957,-14.9999999999932,-4529.6403791595,0,0,1,213.799148160157,0,0
46.42,100,100,112.677421876921,-5.53284881138369,-14.5182692962273,0.418846416454458,-14.9999999999936,-4525.54061298135,0,1.77635683940025e-15,0,213.544493220076,0,0
46.44,100,100,112.566755009473,-5.53383248401494,-14.5099197780267,0.41607065444758,-14.999999999994,-4521.39353887389,0,3.5527136788005e-15,0,213.292051418422,0,0
46.46,100,100,112.456068793988,-5.53478369309647,-14.5016278402402,0.413089366152281,-14.9999999999944,-4517.19914104945,0,3.5527136788005e-15,0,213.041823148679,0,0
46.48,100,100,112.345363875027,-5.53570291097312,-14.4933975338418,0.409908510606445,-14.9999999999948,-4512.95740377091,0,3.5527136788005e-15,0,212.793808791347,0,0
46.5,100,100,112.234640887631,-5.53659061710495,-14.4852327904092,0.406534067612528,-14.9999999999951,-4508.66831136217,0,5.32907051820075e-15,0,212.548008714129,0,0
46.52,100,100,112.123900457184,-5.53744729765214,-14.477137421755,0.402972033107628,-14.9999999999954,-4504.33184821828,0,3.5527136788005e-15,0,212.304423272123,0,0
46.54,100,100,112.013143199283,-5.53827344506298,-14.4691151196499,0.399228414617506,-14.9999999999957,-4499.94799881542,0,3.5527136788005e-15,0,212.063052808019,0,0
46.56,100,100,111.902369719617,-5.53906955766519,-14.4611694556353,0.395309226795989,-14.999999999996,-4495.51674772051,0,3.5527136788005e-15,0,211.823897652292,0,0
46.58,100,100,111.791580613853,-5.53983613926065,-14.4533038809246,0.391220487051138,-14.9999999999962,-4491.03807960064,0,5.32907051820075e-15,0,211.586958123403,0,0
46.6,100,100,111.68077646753,-5.54057369872406,-14.4455217263915,0.386968211259406,-14.9999999999965,-4486.51197923214,0,5.32907051820075e-15,1,211.352234528002,0,0
46.62,100,100,111.569957855963,-5.54128274960543,-14.4378262026425,0.382558409568995,-14.9999999999967,-4481.9384315095,0,5.32907051820075e-15,0,211.119727161131,0,0
46.64,100,100,111.459125344153,-5.5419638097368,-14.4302204001727,0.377997082293492,-14.9999999999969,-4477.31742145391,0,5.32907051820075e-15,0,210.889436306426,0,0
46.66,100,100,111.348279486703,-5.5426174008433,-14.4227072896028,0.373290215896779,-14.9999999999971,-4472.64893422156,0,5.32907051820075e-15,0,210.66136223633,0,0
46.68,100,100,111.237420827746,-5.54324404815879,-14.4152897219955,0.368443779070168,-14.9999999999973,-4467.93295511173,0,3.5527136788005e-15,0,210.435505212296,0,0
46.7,100,100,111.126549900881,-5.54384428004621,-14.4079704292492,0.363463718902568,-14.9999999999975,-4463.16946957456,0,5.32907051820075e-15,0,210.211865485,0,0
46.72,100,100,111.015667229108,-5.54441862762283,-14.4007520245682,0.358355957144462,-14.9999999999976,-4458.3584632185,0,5.32907051820075e-15,0,209.990443294554,0,0
46.74,100,100,110.904773324783,-5.54496762439066,-14.3936370030052,0.353126386566371,-14.9999999999978,-4453.49992181763,0,5.32907051820075e-15,0,209.771238870714,0,0
46.76,100,100,110.793868689569,-5.54549180587199,-14.386627742077,0.347780867412384,-14.9999999999979,-4448.59383131857,0,5.32907051820075e-15,0,209.554252433096,0,0
46.78,100,100,110.682953814403,-5.5459917092504,-14.3797265024498,0.342325223949298,-14.9999999999981,-4443.64017784719,0,5.32907051820075e-15,0,209.339484191391,0,0
46.8,100,100,110.572029179463,-5.5464678730173,-14.3729354286921,0.336765241111791,-14.9999999999982,-4438.63894771507,0,7.105427357601e-15,1,209.126934345579,0,0
46.82,100,100,110.46109525415,-5.54692083662414,-14.3662565500943,0.331106661243998,-14.9999999999983,-4433.59012742563,0,5.32907051820075e-15,0,208.916603086142,0,0
46.84,100,100,110.350152497066,-5.54735114014043,-14.3596917815523,0.325355180937794,-14.9999999999984,-4428.49370368007,0,5.32907051820075e-15,0,208.708490594285,0,0
46.86,100,100,110.239201356009,-5.54775932391772,-14.3532429245133,0.319516447967979,-14.9999999999985,-4423.34966338297,0,5.32907051820075e-15,0,208.502597042147,0,0
46.88,100,100,110.128242267972,-5.54814592825967,-14.3469116679819,0.313596058324536,-14.9999999999986,-4418.15799364772,0,3.5527136788005e-15,0,208.298922593019,0,0
46.9,100,100,110.017275659142,-5.54851149309819,-14.3406995895848,0.30759955334202,-14.9999999999987,-4412.91868180159,0,3.5527136788005e-15,0,208.097467401561,0,0
46.92,100,100,109.906301944916,-5.54885655767602,-14.3346081566918,0.301532416926091,-14.9999999999988,-4407.6317153906,0,3.5527136788005e-15,0,207.898231614016,0,0
46.94,100,100,109.795321529915,-5.54918166023551,-14.3286387275912,0.29540007287714,-14.9999999999989,-4402.29708218413,0,3.5527136788005e-15,0,207.70121536843,0,0
46.96,100,100,109.684334808006,-5.54948733771406,-14.3227925527179,0.289207882310859,-14.9999999999989,-4396.91477017929,0,3.5527136788005e-15,0,207.50641879486,0,0
46.98,100,100,109.573342162337,-5.54977412544595,-14.3170707759323,0.28296114117558,-14.999999999999,-4391.48476760496,0,3.5527136788005e-15,0,207.313842015595,0,0
47,100,100,109.462343965363,-5.55004255687092,-14.3114744358473,0.276665077866132,-14.9999999999991,-4386.0070629257,0,1.77635683940025e-15,1,207.123485145369,0,0
47.02,100,100,109.351340578894,-5.55029316324945,-14.3060044672024,0.270324850933873,-14.9999999999991,-4380.4816448453,0,3.5527136788005e-15,0,206.935348291572,0,0
47.04,100,100,109.24033235414,-5.55052647338476,-14.3006617022833,0.263945546892554,-14.9999999999992,-4374.90850231016,0,3.5527136788005e-15,0,206.749431554463,0,0
47.06,100,100,109.129319631758,-5.55074301335172,-14.2954468723832,0.257532178119548,-14.9999999999992,-4369.2876245124,0,3.5527136788005e-15,0,206.565735027384,0,0
47.08,100,100,109.018302741918,-5.55094330623264,-14.2903606093057,0.25108968085197,-14.9999999999993,-4363.61900089272,0,3.5527136788005e-15,0,206.38425879697,0,0
47.1,100,100,108.907282004356,-5.55112787185999,-14.2854034469073,0.24462291327713,-14.9999999999993,-4357.90262114305,0,3.5527136788005e-15,0,206.205002943353,0,0
47.12,100,100,108.796257728447,-5.55129722656611,-14.2805758226763,0.23813665371671,-14.9999999999994,-4352.13847520896,0,3.5527136788005e-15,0,206.027967540379,0,0
47.14,100,100,108.68523021328,-5.55145188293996,-14.2758780793478,0.231635598904026,-14.9999999999994,-4346.32655329182,0,3.5527136788005e-15,0,205.853152655805,0,0
47.16,100,100,108.574199747726,-5.55159234959097,-14.2713104665518,0.225124362353642,-14.9999999999995,-4340.46684585075,0,1.77635683940025e-15,0,205.680558351511,0,0
47.18,100,100,108.463166610529,-5.55171913091987,-14.2668731424927,0.218607472822599,-14.9999999999995,-4334.55934360436,0,3.5527136788005e-15,0,205.510184683701,0,0
47.2,100,100,108.352131070389,-5.55183272689674,-14.2625661756601,0.212089372862441,-14.9999999999995,-4328.60403753221,0,1.77635683940025e-15,1,205.342031703104,0,0
47.22,100,100,108.241093386051,-5.55193363284608,-14.2583895465655,0.205574417461187,-14.9999999999996,-4322.60091887618,0,3.5527136788005e-15,0,205.176099455175,0,0
47.24,100,100,108.130053806403,-5.55202233923914,-14.2543431495072,0.199066872774357,-14.9999999999996,-4316.54997914144,0,3.5527136788005e-15,0,205.012387980292,0,0
47.26,100,100,108.019012570573,-5.55209933149323,-14.2504267943585,0.192570914944099,-14.9999999999996,-4310.45121009741,0,1.77635683940025e-15,0,204.850897313955,0,0
47.28,100,100,107.907969908033,-5.55216508977828,-14.2466402083793,0.186090629005447,-14.9999999999996,-4304.30460377835,0,1.77635683940025e-15,0,204.691627486975,0,0
47.3,100,100,107.796926038707,-5.5522200888305,-14.2429830380481,0.179630007878675,-14.9999999999997,-4298.11015248387,0,1.77635683940025e-15,0,204.534578525673,0,0
47.32,100,100,107.685881173077,-5.55226479777314,-14.2394548509142,0.173192951446686,-14.9999999999997,-4291.86784877916,0,1.77635683940025e-15,0,204.379750452064,0,0
47.34,100,100,107.574835512304,-5.55229967994435,-14.2360551374665,0.166783265716342,-14.9999999999997,-4285.57768549506,0,0,0,204.227143284046,0,0
47.36,100,100,107.463789248339,-5.55232519273218,-14.232783313019,0.160404662062593,-14.9999999999997,-4279.23965572794,0,0,0,204.076757035588,0,0
47.38,100,100,107.352742564045,-5.55234178741657,-14.2296387196099,0.15406075655423,-14.9999999999997,-4272.8537528394,0,0,0,203.928591716909,0,0
47.4,100,100,107.241695633326,-5.55234990901838,-14.2266206279146,0.147755069360072,-14.9999999999998,-4266.41997045576,0,0,1,203.782647334664,0,0
47.42,100,100,107.130648621244,-5.5523499961555,-14.2237282391681,0.141491024234339,-14.9999999999998,-4259.93830246741,0,0,0,203.638923892114,0,0
47.44,100,100,107.019601684158,-5.55234248090578,-14.2209606870982,0.135271948079951,-14.9999999999998,-4253.40874302794,0,1.77635683940025e-15,0,203.497421389309,0,0
47.46,100,100,106.908554969851,-5.55232778867702,-14.2183170398664,0.129101070588461,-14.9999999999998,-4246.83128655316,0,0,0,203.358139823258,0,0
47.48,100,100,106.797508617663,-5.5523063380837,-14.2157963020147,0.122981523955304,-14.9999999999998,-4240.2059277199,0,-1.77635683940025e-15,0,203.221079188096,0,0
47.5,100,100,106.686462758635,-5.55227854083064,-14.2133974164182,0.116916342669012,-14.9999999999998,-4233.53266146468,0,-1.77635683940025e-15,0,203.086239475259,0,0
47.52,100,100,106.575417515639,-5.55224480160336,-14.2111192662403,0.110908463373027,-14.9999999999998,-4226.8114829822,0,-1.77635683940025e-15,0,202.95362067364,0,0
47.54,100,100,106.464373003529,-5.55220551796521,-14.2089606768907,0.104960724798722,-14.9999999999998,-4220.04238772371,0,-1.77635683940025e-15,0,202.823222769756,0,0
47.56,100,100,106.353329329277,-5.55216108026106,-14.2069204179837,0.0990758677682185,-14.9999999999999,-4213.22537139522,0,-1.77635683940025e-15,0,202.695045747908,0,0
47.58,100,100,106.242286592122,-5.55211187152765,-14.2049972052955,0.0932565352655643,-14.9999999999999,-4206.36042995552,0,-1.77635683940025e-15,0,202.569089590334,0,0
47.6,100,100,106.131244883714,-5.55205826741048,-14.2031897027201,0.0875052725748228,-14.9999999999999,-4199.44755961415,0,-1.77635683940025e-15,1,202.445354277361,0,0
47.62,100,100,106.020204288269,-5.55200063608705,-14.2014965242211,0.0818245274836065,-14.9999999999999,-4192.48675682915,0,-3.5527136788005e-15,0,202.323839787561,0,0
47.64,100,100,105.909164882711,-5.55193933819656,-14.1999162357791,0.0762166505505727,-14.9999999999999,-4185.47801830472,0,-3.5527136788005e-15,0,202.204546097894,0,0
47.66,100,100,105.798126736827,-5.55187472677586,-14.1984473573332,0.0706838954353819,-14.9999999999999,-4178.42134098877,0,-3.5527136788005e-15,0,202.087473183851,0,0
47.68,100,100,105.687089913423,-5.55180714720168,-14.1970883647151,0.0652284192896097,-14.9999999999999,-4171.31672207028,0,-3.5527136788005e-15,0,201.9726210196,0,0
47.7,100,100,105.576054468471,-5.55173693713887,-14.1958376915746,0.0598522832070922,-14.9999999999999,-4164.16415897665,0,-3.5527136788005e-15,0,201.859989578121,0,0
47.72,100,100,105.46502045127,-5.55166442649485,-14.1946937312965,0.0545574527321712,-14.9999999999999,-4156.96364937082,0,-3.5527136788005e-15,0,201.749578831339,0,0
47.74,100,100,105.353987904597,-5.5515899373799,-14.193654838905,0.0493457984242997,-14.9999999999999,-4149.71519114835,0,-3.5527136788005e-15,0,201.641388750263,0,0
47.76,100,100,105.242956864865,-5.55151378407339,-14.1927193329582,0.0442190964774589,-14.9999999999999,-4142.41878243439,0,-5.32907051820075e-15,0,201.535419305106,0,0
47.78,100,100,105.131927362282,-5.55143627299571,-14.1918854974283,0.0391790293928319,-14.9999999999999,-4135.07442158054,0,-3.5527136788005e-15,0,201.431670465417,0,0
47.8,100,100,105.020899421003,-5.55135770268603,-14.1911515835684,0.0342271867031746,-14.9999999999999,-4127.6821071616,0,-3.5527136788005e-15,1,201.330142200203,0,0
47.82,100,100,104.909873059294,-5.55127836378547,-14.1905158117643,0.0293650657473179,-14.9999999999999,-4120.24183797225,0,-3.5527136788005e-15,0,201.230834478043,0,0
47.84,100,100,104.798848289686,-5.55119853902591,-14.18997637337,0.0245940724932381,-14.9999999999999,-4112.75361302363,0,-3.5527136788005e-15,0,201.133747267214,0,0
47.86,100,100,104.687825119135,-5.5511185032241,-14.1895314325267,0.0199155224081211,-14.9999999999999,-4105.21743153984,0,-3.5527136788005e-15,0,201.038880535793,0,0
47.88,100,100,104.57680354918,-5.55103852328112,-14.1891791279638,0.0153306413738573,-14.9999999999999,-4097.63329295437,0,-3.5527136788005e-15,0,200.946234251775,0,0
47.9,100,100,104.465783576101,-5.55095885818694,-14.1889175747807,0.0108405666463931,-15,-4090.00119690642,0,-3.5527136788005e-15,0,200.855808383177,0,0
47.92,100,100,104.354765191075,-5.55087975903017,-14.18874486621,0.00644634785737529,-15,-4082.32114323721,0,-5.32907051820075e-15,0,200.767602898141,0,0
47.94,100,100,104.243748380341,-5.55080146901268,-14.1886590753587,0.00214894805652247,-15,-4074.59313198614,0,-5.32907051820075e-15,0,200.681617765036,0,0
47.96,100,100,104.132733125347,-5.55072422346916,-14.1886582569303,-0.00205075520683782,-15,-4066.817163387,0,-5.32907051820075e-15,0,200.597852952553,0,0
47.98,100,100,104.021719402918,-5.55064824989138,-14.1887404489224,-0.00615196876462152,-15,-4058.99323786397,0,-5.32907051820075e-15,0,200.516308429802,0,0
48,100,100,103.910707185403,-5.55057376795713,-14.1889036743039,-0.0101539826747812,-15,-4051.12135602773,0,-5.32907051820075e-15,1,200.436984166401,0,0
48.02,100,100,103.799696440838,-5.55050098956367,-14.1891459426671,-0.0140561690315831,-15,-4043.20151867138,0,-5.32907051820075e-15,0,200.359880132564,0,0
48.04,100,100,103.688687133098,-5.55043011886563,-14.1894652518564,-0.017857980742906,-15,-4035.23372676641,0,-5.32907051820075e-15,0,200.284996299186,0,0
48.06,100,100,103.577679222052,-5.55036135231719,-14.1898595895718,-0.0215589502760869,-15,-4027.21798145857,0,-7.105427357601e-15,0,200.212332637927,0,0
48.08,100,100,103.466672663715,-5.55029487871844,-14.190326934948,-0.0251586883738357,-15,-4019.15428406371,0,-5.32907051820075e-15,0,200.141889121284,0,0
48.1,100,100,103.355667410405,-5.5502308792659,-14.1908652601062,-0.0286568827417232,-15,-4011.04263606361,0,-5.32907051820075e-15,0,200.073665722676,0,0
48.12,100,100,103.244663410888,-5.55016952760689,-14.1914725316801,-0.0320532967087425,-15,-4002.88303910175,0,-5.32907051820075e-15,0,200.007662416507,0,0
48.14,100,100,103.133660610536,-5.55011098989784,-14.1921467123149,-0.0353477678624276,-15,-3994.67549497907,0,-5.32907051820075e-15,0,199.943879178244,0,0
48.16,100,100,103.02265895147,-5.55005542486627,-14.1928857621388,-0.0385402066600017,-15,-3986.42000564969,0,-5.32907051820075e-15,0,199.882315984476,0,0
48.18,100,100,102.911658372711,-5.55000298387645,-14.1936876402057,-0.0416305950170151,-15,-3978.1165732166,0,-7.105427357601e-15,0,199.822972812981,0,0
48.2,100,100,102.800658810324,-5.5499538109985,-14.1945503059109,-0.0446189848749168,-15,-3969.76519992738,0,-7.105427357601e-15,1,199.76584964279,0,0
48.22,100,100,102.689660197567,-5.54990804308092,-14.1954717203765,-0.0475054967489895,-15,-3961.36588816984,0,-5.32907051820075e-15,0,199.710946454236,0,0
48.24,100,100,102.578662465032,-5.54986580982634,-14.1964498478083,-0.0502903182580641,-15,-3952.91864046769,0,-5.32907051820075e-15,0,199.658263229018,0,0
48.26,100,100,102.467665540788,-5.54982723387049,-14.1974826568232,-0.0529737026374093,-15,-3944.42345947621,0,-5.32907051820075e-15,0,199.607799950245,0,0
48.28,100,100,102.356669350521,-5.54979243086413,-14.1985681217467,-0.0555559672361796,-15,-3935.88034797788,0,-7.105427357601e-15,0,199.559556602492,0,0
48.3,100,100,102.245673817672,-5.54976150955794,-14.1997042238794,-0.0580374920007843,-15,-3927.28930887803,0,-5.32907051820075e-15,0,199.51353317184,0,0
48.32,100,100,102.134678863577,-5.54973457189023,-14.2008889527344,-0.0604187179455229,-15,-3918.65034520047,0,-5.32907051820075e-15,0,199.469729645925,0,0
48.34,100,100,102.0236844076,-5.54971171307728,-14.2021203072428,-0.0627001456118154,-15,-3909.96346008319,0,-5.32907051820075e-15,0,199.428146013975,0,0
48.36,100,100,101.912690367267,-5.54969302170632,-14.2033962969287,-0.0648823335173324,-15,-3901.22865677395,0,-5.32907051820075e-15,0,199.388782266849,0,0
48.38,100,100,101.801696658398,-5.54967857983093,-14.2047149430537,-0.0669658965963157,-15,-3892.44593862602,0,-5.32907051820075e-15,0,199.351638397074,0,0
48.4,100,100,101.690703195236,-5.54966846306879,-14.2060742797289,-0.0689515046323554,-15,-3883.61530909382,0,-3.5527136788005e-15,1,199.316714398874,0,0
48.42,100,100,101.579709890576,-5.54966274070167,-14.2074723549966,-0.0708398806848711,-15,-3874.73677172861,0,-3.5527136788005e-15,0,199.284010268207,0,0
48.44,100,100,101.468716655889,-5.54966147577751,-14.2089072318799,-0.0726317995105227,-15,-3865.81033017424,0,-3.5527136788005e-15,0,199.253526002784,0,0
48.46,100,100,101.357723401446,-5.54966472521459,-14.2103769894006,-0.0743280859807562,-15,-3856.83598816288,0,-1.77635683940025e-15,0,199.225261602102,0,0
48.48,100,100,101.246730036442,-5.5496725399075,-14.2118797235662,-0.0759296134966653,-15,-3847.81374951075,0,-1.77635683940025e-15,0,199.199217067463,0,0
48.5,100,100,101.135736469111,-5.54968496483494,-14.2134135483241,-0.0774373024023298,-15,-3838.74361811397,0,-1.77635683940025e-15,0,199.175392401993,0,0
48.52,100,100,101.024742606849,-5.54970203916921,-14.2149765964848,-0.0788521183977678,-15,-3829.62559794429,0,0,0,199.153787610664,0,0
48.54,100,100,100.913748356322,-5.54972379638728,-14.2165670206132,-0.0801750709526165,-15,-3820.45969304504,0,-1.77635683940025e-15,0,199.134402700307,0,0
48.56,100,100,100.802753623585,-5.54975026438327,-14.218182993888,-0.0814072117216318,-15,-3811.2459075269,0,-1.77635683940025e-15,0,199.117237679626,0,0
48.58,100,100,100.691758314189,-5.54978146558235,-14.2198227109298,-0.082549632963075,-15,-3801.98424556393,0,-1.77635683940025e-15,0,199.102292559208,0,0
48.6,100,100,100.580762333291,-5.54981741705584,-14.221484388597,-0.0836034659610289,-15,-3792.67471138942,0,0,1,199.089567351535,0,0
48.62,100,100,100.469765585757,-5.54985813063753,-14.2231662667511,-0.0845698794526649,-15,-3783.31730929197,0,0,0,199.079062070987,0,0
48.64,100,100,100.35876797627,-5.54990361304099,-14.2248666089897,-0.0854500780614535,-15,-3773.91204361147,0,0,0,199.070776733851,0,0
48.66,100,100,100.247769409429,-5.54995386597784,-14.2265837033487,-0.0862453007372913,-15,-3764.45891873518,0,0,0,199.064711358319,0,0
48.68,100,100,100.136769789846,-5.55000888627687,-14.2283158629734,-0.0869568192044892,-15,-3754.9579390939,0,-1.77635683940025e-15,0,199.060865964492,0,0
48.7,100,100,100.025769022246,-5.55006866600398,-14.2300614267583,-0.0875859364185425,-15,-3745.40910915808,0,-1.77635683940025e-15,0,199.059240574378,0,0
48.72,100,100,99.9147670115575,-5.55013319258262,-14.2318187599567,-0.088133985032581,-15,-3735.81243343411,0,-1.77635683940025e-15,0,199.059835211889,0,0
48.74,100,100,99.8037636630081,-5.55020244891499,-14.2335862547592,-0.0886023258743674,-15,-3726.16791646053,0,0,0,199.062649902835,0,0
48.76,100,100,99.6927588822101,-5.55027641350352,-14.2353623308421,-0.088992346434693,-15,-3716.47556280436,0,0,0,199.067684674918,0,0
48.78,100,100,99.5817525752491,-5.55035506057287,-14.2371454358855,-0.0893054593679885,-15,-3706.73537705754,0,0,0,199.074939557722,0,0
48.8,100,100,99.4707446487679,-5.55043836019209,-14.2389340460621,-0.0895431010059467,-15,-3696.94736383328,0,0,1,199.084414582705,0,0
48.82,100,100,99.3597350100486,-5.55052627839711,-14.2407266664954,-0.0897067298849281,-15,-3687.11152776259,0,0,0,199.096109783186,0,0
48.84,100,100,99.2487235670918,-5.55061877731325,-14.2425218316898,-0.089797825287891,-15,-3677.22787349083,0,0,0,199.110025194332,0,0
48.86,100,100,99.1377102286937,-5.55071581527773,-14.2443181059307,-0.0898178858015692,-15,-3667.29640567431,0,0,0,199.126160853139,0,0
48.88,100,100,99.0266949045206,-5.55081734696224,-14.2461140836562,-0.0897684278895878,-15,-3657.31712897696,0,1.77635683940025e-15,0,199.144516798423,0,0
48.9,100,100,98.915677505181,-5.55092332349525,-14.2479083898009,-0.0896509844821887,-15,-3647.29004806702,0,1.77635683940025e-15,0,199.165093070793,0,0
48.92,100,100,98.8046579422952,-5.55103369258415,-14.2496996801109,-0.0894671035832064,-15,-3637.21516761388,0,1.77635683940025e-15,0,199.18788971264,0,0
48.94,100,100,98.6936361285627,-5.5511483986371,-14.2514866414317,-0.0892183468949156,-15,-3627.09249228494,0,1.77635683940025e-15,0,199.212906768108,0,0
48.96,100,100,98.5826119778267,-5.55126738288448,-14.2532679919686,-0.0889062884613398,-15,-3616.92202674245,0,1.77635683940025e-15,0,199.240144283078,0,0
48.98,100,100,98.4715854051365,-5.55139058349989,-14.2550424815198,-0.0885325133305932,-15,-3606.70377564058,0,1.77635683940025e-15,0,199.269602305142,0,0
49,100,100,98.3605563268077,-5.55151793572068,-14.2568088916837,-0.0880986162367959,-15,-3596.43774362242,0,1.77635683940025e-15,1,199.301280883577,0,0
49.02,100,100,98.2495246604793,-5.55164937196778,-14.2585660360393,-0.0876062003020821,-15,-3586.12393531711,0,1.77635683940025e-15,0,199.335180069324,0,0
49.04,100,100,98.1384903251692,-5.55178482196497,-14.2603127603014,-0.0870568757591967,-15,-3575.76235533702,0,0,0,199.371299914952,0,0
49.06,100,100,98.0274532413267,-5.55192421285737,-14.26204794245,-0.0864522586951455,-15,-3565.353008275,0,0,0,199.409640474641,0,0
49.08,100,100,97.9164133308831,-5.55206746932913,-14.2637704928349,-0.0857939698163506,-15,-3554.89589870168,0,0,0,199.450201804144,0,0
49.1,100,100,97.8053705172995,-5.55221451372027,-14.2654793542564,-0.0850836332357255,-15,-3544.39103116292,0,-1.77635683940025e-15,0,199.492983960761,0,0
49.12,100,100,97.6943247256128,-5.55236526614259,-14.267173502021,-0.0843228752820719,-15,-3533.83841017717,0,-1.77635683940025e-15,0,199.537987003307,0,0
49.14,100,100,97.5832758824791,-5.55251964459466,-14.2688519439741,-0.0835133233321691,-15,-3523.23804023309,0,-1.77635683940025e-15,0,199.58521099208,0,0
49.16,100,100,97.4722239162145,-5.55267756507562,-14.2705137205098,-0.0826566046659076,-15,-3512.58992578709,0,-1.77635683940025e-15,0,199.63465598883,0,0
49.18,100,100,97.3611687568341,-5.55283894169806,-14.2721579045574,-0.0817543453447929,-15,-3501.89407126101,0,-1.77635683940025e-15,0,199.68632205672,0,0
49.2,100,100,97.2501103360891,-5.55300368679963,-14.2737836015458,-0.0808081691141237,-15,-3491.15048103987,0,-1.77635683940025e-15,1,199.7402092603,0,0
49.22,100,100,97.1390485875002,-5.55317171105351,-14.2753899493471,-0.0798196963291261,-15,-3480.35915946966,0,-3.5527136788005e-15,0,199.796317665463,0,0
49.24,100,100,97.0279834463909,-5.55334292357755,-14.2769761181975,-0.0787905429053014,-15,-3469.52011085523,0,-1.77635683940025e-15,0,199.854647339418,0,0
49.26,100,100,96.9169148499167,-5.55351723204224,-14.2785413105987,-0.0777223192932262,-15,-3458.63333945826,0,-3.5527136788005e-15,0,199.915198350644,0,0
49.28,100,100,96.8058427370934,-5.55369454277718,-14.2800847611984,-0.0766166294780171,-15,-3447.69884949522,0,-3.5527136788005e-15,0,199.977970768864,0,0
49.3,100,100,96.6947670488226,-5.55387476087627,-14.2816057366511,-0.0754750700036552,-15,-3436.71664513552,0,-1.77635683940025e-15,0,200.042964664998,0,0
49.32,100,100,96.5836877279156,-5.5540577903014,-14.2831035354601,-0.0742992290223412,-15,-3425.68673049965,0,-1.77635683940025e-15,0,200.11018011113,0,0
49.34,100,100,96.4726047191149,-5.55424353398471,-14.2845774877996,-0.0730906853690322,-15,-3414.60910965741,0,-1.77635683940025e-15,0,200.179617180468,0,0
49.36,100,100,96.3615179691139,-5.55443189392927,-14.2860269553204,-0.0718510076612907,-15,-3403.48378662622,0,-1.77635683940025e-15,0,200.251275947308,0,0
49.38,100,100,96.2504274265744,-5.55462277130829,-14.2874513309356,-0.0705817534245567,-15,-3392.31076536948,0,-1.77635683940025e-15,0,200.325156486989,0,0
49.4,100,100,96.1393330421421,-5.55481606656264,-14.2888500385913,-0.0692844682429308,-15,-3381.09004979502,0,-1.77635683940025e-15,1,200.401258875859,0,0
49.42,100,100,96.0282347684604,-5.55501167949687,-14.2902225330185,-0.0679606849355411,-15,-3369.82164375363,0,-3.5527136788005e-15,0,200.479583191232,0,0
49.44,100,100,95.9171325601823,-5.55520950937342,-14.2915682994706,-0.0666119227585433,-15,-3358.50555103759,0,-1.77635683940025e-15,0,200.560129511352,0,0
49.46,100,100,95.8060263739802,-5.5554094550053,-14.292886853444,-0.0652396866327879,-15,-3347.14177537938,0,-1.77635683940025e-15,0,200.642897915346,0,0
49.48,100,100,95.6949161685538,-5.55561141484697,-14.2941777403838,-0.0638454663971675,-15,-3335.73032045035,0,-1.77635683940025e-15,0,200.727888483189,0,0
49.5,100,100,95.5838019046369,-5.55581528708346,-14.2954405353751,-0.0624307360876384,-15,-3324.27118985955,0,-1.77635683940025e-15,0,200.815101295661,0,0
49.52,100,100,95.4726835450011,-5.5560209697178,-14.2966748428197,-0.0609969532418979,-15,-3312.76438715251,0,0,0,200.904536434309,0,0
49.54,100,100,95.3615610544594,-5.5562283606566,-14.2978802961,-0.0595455582296737,-15,-3301.20991581026,0,-1.77635683940025e-15,0,200.996193981402,0,0
49.56,100,100,95.2504343998669,-5.55643735779384,-14.2990565572283,-0.0580779736085714,-15,-3289.60777924823,0,-1.77635683940025e-15,0,201.090074019892,0,0
49.58,100,100,95.13930355012,-5.55664785909282,-14.3002033164849,-0.0565956035054058,-15,-3277.95798081532,0,-1.77635683940025e-15,0,201.186176633376,0,0
49.6,100,100,95.0281684761548,-5.55685976266631,-14.3013202920434,-0.0550998330229274,-15,-3266.26052379304,0,-1.77635683940025e-15,1,201.28450190605,0,0
49.62,100,100,94.9170291509427,-5.55707296685476,-14.3024072295844,-0.0535920276718364,-15,-3254.5154113947,0,-1.77635683940025e-15,0,201.385049922672,0,0
49.64,100,100,94.8058855494857,-5.55728737030267,-14.3034639018983,-0.0520735328279669,-15,-3242.72264676457,0,-1.77635683940025e-15,0,201.487820768522,0,0
49.66,100,100,94.694737648809,-5.55750287203308,-14.3044901084773,-0.0505456732145019,-15,-3230.88223297729,0,-1.77635683940025e-15,0,201.592814529356,0,0
49.68,100,100,94.5835854279529,-5.55771937152011,-14.3054856750975,-0.0490097524090713,-15,-3218.99417303717,0,-1.77635683940025e-15,0,201.700031291372,0,0
49.7,100,100,94.4724288679634,-5.55793676875967,-14.3064504533909,-0.0474670523755662,-15,-3207.05846987763,0,-1.77635683940025e-15,0,201.809471141166,0,0
49.72,100,100,94.3612679518806,-5.55815496433812,-14.3073843204094,-0.0459188330204919,-15,-3195.0751263607,0,0,0,201.921134165695,0,0
49.74,100,100,94.2501026647264,-5.55837385949912,-14.3082871781784,-0.0443663317736674,-15,-3183.04414527656,0,0,0,202.035020452233,0,0
49.76,100,100,94.1389329934908,-5.55859335620846,-14.3091589532442,-0.0428107631930659,-15,-3170.96552934315,0,0,0,202.151130088334,0,0
49.78,100,100,94.0277589271166,-5.55881335721703,-14.3099995962124,-0.0412533185935787,-15,-3158.8392812058,0,0,0,202.269463161795,0,0
49.8,100,100,93.9165804564833,-5.55903376612173,-14.3108090812792,-0.039695165699473,-15,-3146.66540343703,0,0,1,202.390019760612,0,0
49.82,100,100,93.8053975743895,-5.55925448742458,-14.3115874057571,-0.0381374483203008,-15,-3134.44389853622,0,-1.77635683940025e-15,0,202.512799972946,0,0
49.84,100,100,93.6942102755344,-5.55947542658974,-14.312334589593,-0.0365812860500081,-15,-3122.17476892951,0,-1.77635683940025e-15,0,202.637803887083,0,0
49.86,100,100,93.5830185564976,-5.55969649009871,-14.3130506748809,-0.0350277739889768,-15,-3109.85801696968,0,-1.77635683940025e-15,0,202.765031591394,0,0
49.88,100,100,93.4718224157184,-5.5599175855035,-14.3137357253701,-0.0334779824887276,-15,-3097.49364493603,0,0,0,202.894483174302,0,0
49.9,100,100,93.3606218534743,-5.56013862147792,-14.3143898259672,-0.0319329569189982,-15,-3085.08165503445,0,0,0,203.026158724243,0,0
49.92,100,100,93.2494168718572,-5.5603595078669,-14.3150130822349,-0.030393717456901,-15,-3072.62204939739,0,-1.77635683940025e-15,0,203.160058329627,0,0
49.94,100,100,93.1382074747504,-5.5605801557339,-14.3156056198857,-0.0288612588978583,-15,-3060.11483008398,0,-3.5527136788005e-15,0,203.296182078806,0,0
49.96,100,100,93.0269936678032,-5.56080047740641,-14.3161675842727,-0.0273365504880008,-15,-3047.55999908014,0,-3.5527136788005e-15,0,203.434530060037,0,0
49.98,100,100,92.9157754584053,-5.56102038651954,-14.3166991398775,-0.0258205357777086,-15,-3034.95755829881,0,-3.5527136788005e-15,0,203.575102361444,0,0
50,100,100,92.8045528556604,-5.56123979805769,-14.3172004697944,-0.0243141324959634,-15,-3022.30750958011,0,-3.5527136788005e-15,1,203.71789907099,0,0
50.02,100,100,92.6933258703585,-5.56145862839433,-14.3176717752133,-0.0228182324451785,-15,-3009.6098546917,0,-3.5527136788005e-15,0,203.862920276436,0,0
50.04,100,100,92.5820945149481,-5.56167679532998,-14.3181132749002,-0.0213337014161565,-15,-2996.864595329,0,-1.77635683940025e-15,0,204.010166065311,0,0
50.06,100,100,92.470858803507,-5.56189421812817,-14.318525204676,-0.0198613791228285,-15,-2984.07173311565,0,-1.77635683940025e-15,0,204.159636524879,0,0
50.08,100,100,92.359618751713,-5.56211081754974,-14.3189078168951,-0.0184020791564109,-15,-2971.23126960384,0,-1.77635683940025e-15,0,204.311331742107,0,0
50.1,100,100,92.2483743768131,-5.56232651588514,-14.319261379922,-0.0169565889586217,-15,-2958.34320627479,0,0,0,204.465251803632,0,0
50.12,100,100,92.1371256975933,-5.56254123698503,-14.3195861776083,-0.0155256698135795,-15,-2945.40754453922,0,-1.77635683940025e-15,0,204.621396795731,0,0
50.14,100,100,92.0258727343466,-5.56275490628901,-14.3198825087703,-0.0141100568580142,-15,-2932.42428573787,0,-1.77635683940025e-15,0,204.779766804289,0,0
50.16,100,100,91.9146155088409,-5.56296745085259,-14.3201506866652,-0.0127104591094071,-15,-2919.39343114209,0,0,0,204.940361914773,0,0
50.18,100,100,91.803354044287,-5.56317879937241,-14.3203910384701,-0.0113275595116736,-15,-2906.31498195439,0,0,0,205.103182212197,0,0
50.2,100,100,91.6920883653049,-5.56338888220969,-14.3206039047607,-0.00996201499800085,-15,-2893.18893930909,0,0,1,205.268227781098,0,0
50.22,100,100,91.5808184978905,-5.56359763141196,-14.3207896389917,-0.00861445657044516,-15,-2880.01530427298,0,0,0,205.435498705508,0,0
50.24,100,100,91.4695444693819,-5.5638049807331,-14.3209486069795,-0.0072854893958919,-15,-2866.79407784606,0,0,0,205.604995068924,0,0
50.26,100,100,91.3582663084248,-5.56401086565168,-14.3210811863864,-0.00597569291797769,-15,-2853.5252609622,0,0,0,205.776716954284,0,0
50.28,100,100,91.246984044938,-5.56421522338768,-14.3211877662074,-0.0046856209845705,-15,-2840.20885448992,0,0,0,205.950664443938,0,0
50.3,100,100,91.1356977100783,-5.56441799291751,-14.3212687462595,-0.00341580199040257,-15,-2826.84485923322,0,0,0,206.126837619629,0,0
50.32,100,100,91.0244073362053,-5.56461911498746,-14.3213245366746,-0.00216673903444632,-15,-2813.43327593235,0,-1.77635683940025e-15,0,206.305236562462,0,0
50.34,100,100,90.913112956846,-5.5648185321256,-14.3213555573948,-0.000938910091623615,-15,-2799.97410526466,0,0,0,206.485861352885,0,0
50.36,100,100,90.8018146066587,-5.56501618865203,-14.3213622376724,0.000267231801562893,-15,-2786.4673478455,0,0,0,206.668712070661,0,0
50.38,100,100,90.6905123213975,-5.56521203068763,-14.3213450155721,0.00145125834789143,-15,-2772.91300422907,0,0,0,206.853788794853,0,0
50.4,100,100,90.579206137876,-5.56540600616136,-14.3213043374795,0.00261276577718807,-15,-2759.31107490938,0,0,1,207.041091603794,0,0
50.42,100,100,90.4678960939309,-5.56559806481598,-14.3212406576117,0.00375137462141499,-15,-2745.66156032115,0,1.77635683940025e-15,0,207.230620575075,0,0
50.44,100,100,90.356582228386,-5.56578815821238,-14.3211544375345,0.00486672947749457,-15,-2731.96446084081,0,1.77635683940025e-15,0,207.422375785515,0,0
50.46,100,100,90.2452645810159,-5.56597623973247,-14.3210461456829,0.00595849875828554,-15,-2718.21977678746,0,1.77635683940025e-15,0,207.616357311152,0,0
50.48,100,100,90.1339431925089,-5.56616226458062,-14.3209162568879,0.00702637443212481,-15,-2704.42750842386,0,1.77635683940025e-15,0,207.812565227216,0,0
50.5,100,100,90.0226181044313,-5.56634618978381,-14.3207652519075,0.00807007175135058,-15,-2690.58765595749,0,1.77635683940025e-15,0,208.010999608116,0,0
50.52,100,100,89.9112893591905,-5.5665279741904,-14.3205936169645,0.00908932897022002,-15,-2676.70021954153,0,1.77635683940025e-15,0,208.21166052742,0,0
50.54,100,100,89.7999569999989,-5.56670757846753,-14.3204018432888,0.0100839070526342,-15,-2662.76519927598,0,0,0,208.414548057842,0,0
50.56,100,100,89.6886210708372,-5.56688496509733,-14.3201904266665,0.0110535893700813,-15,-2648.78259520866,0,1.77635683940025e-15,0,208.61966227122,0,0
50.58,100,100,89.5772816164184,-5.56706009837185,-14.3199598669949,0.0119981813902083,-15,-2634.75240733634,0,1.77635683940025e-15,0,208.82700323851,0,0
50.6,100,100,89.4659386821517,-5.56723294438668,-14.3197106678433,0.0129175103564286,-15,-2620.6746356058,0,1.77635683940025e-15,1,209.036571029763,0,0
50.62,100,100,89.3545923141064,-5.56740347103351,-14.3194433360215,0.013811424958971,-15,-2606.54927991497,0,1.77635683940025e-15,0,209.248365714116,0,0
50.64,100,100,89.2432425589759,-5.56757164799142,-14.3191583811537,0.0146797949977749,-15,-2592.37634011401,0,1.77635683940025e-15,0,209.46238735978,0,0
50.66,100,100,89.1318894640426,-5.56773744671711,-14.3188563152597,0.0155225110376303,-15,-2578.15581600647,0,1.77635683940025e-15,0,209.678636034023,0,0
50.68,100,100,89.0205330771416,-5.56790084043396,-14.3185376523435,0.0163394840559629,-15,-2563.88770735041,0,1.77635683940025e-15,0,209.897111803165,0,0
50.7,100,100,88.9091734466264,-5.56806180412005,-14.3182029079884,0.0171306450836572,-15,-2549.57201385954,0,1.77635683940025e-15,0,210.117814732562,0,0
50.72,100,100,88.7978106213332,-5.56822031449518,-14.3178525989595,0.0178959448393119,-15,-2535.20873520437,0,0,0,210.340744886598,0,0
50.74,100,100,88.6864446505466,-5.5683763500068,-14.3174872428137,0.0186353533573135,-15,-2520.79787101338,0,0,0,210.565902328679,0,0
50.76,100,100,88.5750755839652,-5.56852989081504,-14.3171073575174,0.0193488596101148,-15,-2506.33942087416,0,0,0,210.793287121215,0,0
50.78,100,100,88.4637034716673,-5.56868091877673,-14.3167134610711,0.0200364711250971,-15,-2491.83338433462,0,0,0,211.022899325625,0,0
50.8,100,100,88.3523283640771,-5.56882941742852,-14.3163060711427,0.0206982135963958,-15,-2477.27976090409,0,0,1,211.254739002318,0,0
50.82,100,100,88.2409503119318,-5.56897537196916,-14.3158857047075,0.0213341304920597,-15,-2462.67855005454,0,1.77635683940025e-15,0,211.488806210692,0,0
50.84,100,100,88.1295693662477,-5.56911876924087,-14.3154528776974,0.021944282656913,-15,-2448.02975122175,0,1.77635683940025e-15,0,211.725101009131,0,0
50.86,100,100,88.0181855782884,-5.5692595977099,-14.3150081046567,0.0225287479114846,-15,-2433.33336380648,0,1.77635683940025e-15,0,211.963623454991,0,0
50.88,100,100,87.9067989995318,-5.56939784744635,-14.3145518984068,0.0230876206473631,-15,-2418.58938717562,0,1.77635683940025e-15,0,212.204373604605,0,0
50.9,100,100,87.7954096816386,-5.56953351010311,-14.3140847697194,0.0236210114193315,-15,-2403.7978206634,0,1.77635683940025e-15,0,212.447351513271,0,0
50.92,100,100,87.684017676421,-5.56966657889423,-14.3136072269964,0.0241290465346317,-15,-2388.95866357254,0,1.77635683940025e-15,0,212.692557235255,0,0
50.94,100,100,87.5726230358111,-5.56979704857245,-14.3131197759598,0.0246118676397018,-15,-2374.07191517541,0,1.77635683940025e-15,0,212.939990823783,0,0
50.96,100,100,87.4612258118312,-5.56992491540615,-14.3126229193486,0.0250696313047266,-15,-2359.13757471522,0,1.77635683940025e-15,0,213.189652331045,0,0
50.98,100,100,87.3498260565629,-5.57005017715562,-14.3121171566246,0.025502508606333,-15,-2344.15564140716,0,1.77635683940025e-15,0,213.441541808185,0,0
51,100,100,87.2384238221182,-5.57017283304873,-14.3116029836867,0.0259106847087594,-15,-2329.12611443957,0,1.77635683940025e-15,1,213.69565930531,0,0
51.02,100,100,87.1270191606097,-5.57029288375601,-14.3110808925929,0.0262943584438215,-15,-2314.04899297508,0,0,0,213.952004871481,0,0
51.04,100,100,87.0156121241227,-5.57041033136526,-14.3105513712915,0.0266537418899894,-15,-2298.92427615178,0,1.77635683940025e-15,0,214.210578554719,0,0
51.06,100,100,86.9042027646866,-5.57052517935549,-14.3100149033602,0.0269890599508893,-15,-2283.75196308431,0,0,0,214.471380402002,0,0
51.08,100,100,86.7927911342477,-5.57063743257054,-14.3094719677541,0.0273005499335321,-15,-2268.53205286504,0,0,0,214.734410459271,0,0
51.1,100,100,86.6813772846418,-5.57074709719209,-14.3089230385613,0.027588461126569,-15,-2253.26454456518,0,0,0,214.999668771427,0,0
51.12,100,100,86.5699612675681,-5.57085418071236,-14.3083685847682,0.0278530543788664,-15,-2237.94943723587,0,1.77635683940025e-15,0,215.267155382335,0,0
51.14,100,100,86.4585431345629,-5.57095869190633,-14.3078090700319,0.0280946016786858,-15,-2222.58672990932,0,0,0,215.53687033483,0,0
51.16,100,100,86.3471229369745,-5.57106064080361,-14.3072449524619,0.0283133857337506,-15,-2207.17642159987,0,0,0,215.808813670717,0,0
51.18,100,100,86.2357007259384,-5.57116003865997,-14.3066766844098,0.0285096995524708,-15,-2191.71851130511,0,0,0,216.082985430774,0,0
51.2,100,100,86.1242765523527,-5.57125689792854,-14.3061047122675,0.0286838460265958,-15,-2176.21299800693,0,0,1,216.359385654763,0,0
51.22,100,100,86.012850466855,-5.57135123223072,-14.3055294762737,0.0288361375155545,-15,-2160.65988067259,0,1.77635683940025e-15,0,216.638014381426,0,0
51.24,100,100,85.9014225197988,-5.5714430563268,-14.3049514103289,0.0289668954327373,-15,-2145.05915825578,0,0,0,216.918871648499,0,0
51.26,100,100,85.7899927612314,-5.57153238608643,-14.3043709418179,0.0290764498339686,-15,-2129.41082969762,0,0,0,217.201957492711,0,0
51.28,100,100,85.6785612408718,-5.57161923845873,-14.3037884914415,0.0291651390084099,-15,-2113.71489392776,0,1.77635683940025e-15,0,217.487271949794,0,0
51.3,100,100,85.5671280080896,-5.57170363144236,-14.3032044730559,0.02923330907213,-15,-2097.9713498653,0,0,0,217.774815054492,0,0
51.32,100,100,85.4556931118838,-5.57178558405532,-14.3026192935198,0.0292813135645675,-15,-2082.18019641987,0,1.77635683940025e-15,0,218.06458684056,0,0
51.34,100,100,85.3442566008636,-5.5718651163047,-14.3020333525505,0.0293095130481105,-15,-2066.34143249255,0,1.77635683940025e-15,0,218.356587340782,0,0
51.36,100,100,85.2328185232282,-5.57194224915621,-14.3014470425869,0.0293182747110039,-15,-2050.4550569769,0,3.5527136788005e-15,0,218.65081658697,0,0
51.38,100,100,85.1213789267479,-5.57201700450374,-14.3008607486614,0.0293079719737972,-15,-2034.52106875984,0,1.77635683940025e-15,0,218.947274609978,0,0
51.4,100,100,85.0099378587466,-5.57208940513876,-14.3002748482787,0.0292789840995288,-15,-2018.53946672268,0,3.5527136788005e-15,1,219.24596143971,0,0
51.42,100,100,84.8984953660832,-5.57215947471973,-14.2996897113031,0.0292316958078456,-15,-2002.51024974196,0,3.5527136788005e-15,0,219.546877105126,0,0
51.44,100,100,84.7870514951353,-5.57222723774146,-14.2991056998532,0.0291664968932431,-15,-1986.43341669042,0,3.5527136788005e-15,0,219.850021634254,0,0
51.46,100,100,84.6756062917824,-5.57229271950454,-14.2985231682041,0.0290837818476089,-15,-1970.30896643783,0,3.5527136788005e-15,0,220.155395054203,0,0
51.48,100,100,84.5641598013901,-5.57235594608464,-14.2979424626971,0.0289839494872412,-15,-1954.13689785193,0,3.5527136788005e-15,0,220.462997391163,0,0
51.5,100,100,84.4527120687952,-5.57241694430208,-14.297363921657,0.0288674025845142,-15,-1937.91720979925,0,3.5527136788005e-15,0,220.772828670428,0,0
51.52,100,100,84.3412631382906,-5.57247574169123,-14.2967878753168,0.028734547504348,-15,-1921.64990114597,0,3.5527136788005e-15,0,221.084888916397,0,0
51.54,100,100,84.2298130536119,-5.57253236647019,-14.296214645749,0.0285857938456379,-15,-1905.3349707587,0,3.5527136788005e-15,0,221.399178152591,0,0
51.56,100,100,84.1183618579237,-5.57258684751046,-14.2956445468051,0.0284215540877931,-15,-1888.97241750537,0,3.5527136788005e-15,0,221.715696401659,0,0
51.58,100,100,84.0069095938068,-5.57263921430678,-14.2950778840607,0.0282422432425234,-15,-1872.56224025592,0,3.5527136788005e-15,0,222.034443685396,0,0
51.6,100,100,83.8954563032462,-5.57268949694712,-14.2945149547691,0.0280482785110105,-15,-1856.10443788315,0,3.5527136788005e-15,1,222.355420024749,0,0
51.62,100,100,83.7840020276193,-5.57273772608277,-14.2939560478201,0.027840078946591,-15,-1839.59900926343,0,1.77635683940025e-15,0,222.678625439833,0,0
51.64,100,100,83.6725468076853,-5.57278393289873,-14.293401443707,0.0276180651230734,-15,-1823.04595327746,0,1.77635683940025e-15,0,223.00405994994,0,0
51.66,100,100,83.5610906835745,-5.5728281490842,-14.292851414499,0.0273826588088041,-15,-1806.44526881095,0,1.77635683940025e-15,0,223.331723573553,0,0
51.68,100,100,83.4496336947786,-5.57287040680329,-14.2923062238207,0.0271342826465916,-15,-1789.79695475537,0,3.5527136788005e-15,0,223.661616328361,0,0
51.7,100,100,83.3381758801416,-5.57291073866602,-14.2917661268377,0.0268733598395924,-15,-1773.10101000857,0,3.5527136788005e-15,0,223.993738231267,0,0
51.72,100,100,83.2267172778511,-5.57294917769953,-14.2912313702485,0.0266003138432529,-15,-1756.35743347549,0,3.5527136788005e-15,0,224.328089298406,0,0
51.74,100,100,83.11525792543,-5.57298575731954,-14.2907021922824,0.0263155680633998,-15,-1739.56622406879,0,5.32907051820075e-15,0,224.664669545154,0,0
51.76,100,100,83.0037978597294,-5.57302051130212,-14.2901788227038,0.0260195455605619,-15,-1722.72738070945,0,7.105427357601e-15,0,225.003478986144,0,0
51.78,100,100,82.8923371169216,-5.57305347375573,-14.2896614828216,0.0257126687606023,-15,-1705.84090232739,0,5.32907051820075e-15,0,225.344517635278,0,0
51.8,100,100,82.7808757324934,-5.57308467909358,-14.2891503855047,0.0253953591717312,-15,-1688.90678786208,0,5.32907051820075e-15,1,225.687785505744,0,0
51.82,100,100,82.6694137412408,-5.57311416200629,-14.2886457352038,0.0250680371079686,-15,-1671.92503626305,0,5.32907051820075e-15,0,226.033282610024,0,0
51.84,100,100,82.5579511772632,-5.57314195743491,-14.288147727977,0.0247311214191137,-15,-1654.89564649048,0,5.32907051820075e-15,0,226.381008959912,0,0
51.86,100,100,82.446488073959,-5.57316810054425,-14.2876565515227,0.0243850292272788,-15,-1637.81861751575,0,5.32907051820075e-15,0,226.730964566528,0,0
51.88,100,100,82.3350244640212,-5.57319262669662,-14.2871723852159,0.0240301756700344,-15,-1620.69394832187,0,5.32907051820075e-15,0,227.083149440331,0,0
51.9,100,100,82.223560379434,-5.57321557142588,-14.286695400151,0.0236669736502095,-15,-1603.52163790406,0,5.32907051820075e-15,0,227.437563591131,0,0
51.92,100,100,82.1120958514692,-5.57323697041189,-14.2862257591887,0.0232958335923857,-15,-1586.30168527017,0,5.32907051820075e-15,0,227.794207028109,0,0
51.94,100,100,82.0006309106839,-5.57325685945536,-14.2857636170079,0.0229171632061156,-15,-1569.03408944113,0,5.32907051820075e-15,0,228.153079759824,0,0
51.96,100,100,81.889165586918,-5.5732752744531,-14.2853091201625,0.022531367255895,-15,-1551.71884945142,0,5.32907051820075e-15,0,228.514181794234,0,0
51.98,100,100,81.777699909293,-5.57329225137366,-14.2848624071423,0.022138847337908,-15,-1534.35596434947,0,7.105427357601e-15,0,228.877513138706,0,0
52,100,100,81.6662339062102,-5.57330782623341,-14.2844236084387,0.0217400016635641,-15,-1516.94543319804,0,5.32907051820075e-15,1,229.243073800032,0,0
52.02,100,100,81.5547676053505,-5.573322035073,-14.2839928466146,0.0213352248498371,-15,-1499.48725507464,0,5.32907051820075e-15,0,229.610863784443,0,0
52.04,100,100,81.4433010336738,-5.57333491393436,-14.283570236378,0.0209249077164129,-15,-1481.98142907184,0,5.32907051820075e-15,0,229.980883097623,0,0
52.06,100,100,81.3318342174195,-5.57334649883798,-14.2831558846603,0.0205094370896482,-15,-1464.42795429766,0,5.32907051820075e-15,0,230.353131744726,0,0
52.08,100,100,81.2203671821068,-5.5733568257608,-14.2827498906977,0.0200891956133375,-15,-1446.82682987587,0,5.32907051820075e-15,0,230.727609730386,0,0
52.1,100,100,81.1088999525361,-5.57336593061446,-14.2823523461171,0.0196645615662791,-15,-1429.17805494629,0,5.32907051820075e-15,0,231.104317058736,0,0
52.12,100,100,80.9974325527904,-5.57337384922402,-14.2819633350247,0.0192359086866287,-15,-1411.48162866512,0,5.32907051820075e-15,0,231.483253733419,0,0
52.14,100,100,80.8859650062373,-5.57338061730719,-14.281582934099,0.0188036060030251,-15,-1393.73755020515,0,7.105427357601e-15,0,231.864419757603,0,0
52.16,100,100,80.774497335531,-5.57338627045398,-14.2812112126862,0.0183680176724643,-15,-1375.94581875609,0,7.105427357601e-15,0,232.247815133997,0,0
52.18,100,100,80.6630295626156,-5.57339084410688,-14.2808482328994,0.0179295028248982,-15,-1358.10643352473,0,7.105427357601e-15,0,232.633439864863,0,0
52.2,100,100,80.5515617087281,-5.57339437354145,-14.2804940497207,0.0174884154145291,-15,-1340.21939373521,0,7.105427357601e-15,1,233.021293952031,0,0
52.22,100,100,80.4400937944014,-5.57339689384751,-14.280148711106,0.0170451040777638,-15,-1322.28469862924,0,7.105427357601e-15,0,233.411377396916,0,0
52.24,100,100,80.328625839469,-5.57339843991066,-14.2798122580928,0.0165999119977926,-15,-1304.30234746622,0,7.105427357601e-15,0,233.803690200526,0,0
52.26,100,100,80.2171578630687,-5.57339904639447,-14.2794847249106,0.0161531767757495,-15,-1286.27233952346,0,7.105427357601e-15,0,234.19823236348,0,0
52.28,100,100,80.1056898836475,-5.57339874772298,-14.2791661390935,0.0157052303084108,-15,-1268.19467409634,0,7.105427357601e-15,0,234.595003886023,0,0
52.3,100,100,79.9942219189662,-5.5733975780639,-14.2788565215961,0.0152563986723802,-15,-1250.06935049842,0,8.88178419700125e-15,0,234.994004768035,0,0
52.32,100,100,79.8827539861054,-5.57339557131211,-14.2785558869101,0.0148070020147118,-15,-1231.89636806157,0,8.88178419700125e-15,0,235.395235009052,0,0
52.34,100,100,79.7712861014702,-5.5733927610738,-14.2782642431848,0.014357354449912,-15,-1213.67572613611,0,8.88178419700125e-15,0,235.798694608269,0,0
52.36,100,100,79.6598182807968,-5.57338918065104,-14.2779815923482,0.0139077639632642,-15,-1195.40742409085,0,8.88178419700125e-15,0,236.204383564566,0,0
52.38,100,100,79.5483505391586,-5.5733848630269,-14.2777079302305,0.013458532320411,-15,-1177.09146131321,0,8.88178419700125e-15,0,236.61230187651,0,0
52.4,100,100,79.4368828909726,-5.57337984085102,-14.2774432466898,0.0130099549831324,-15,-1158.72783720926,0,8.88178419700125e-15,1,237.022449542376,0,0
52.42,100,100,79.3254153500061,-5.57337414642576,-14.2771875257384,0.0125623210312476,-15,-1140.31655120377,0,7.105427357601e-15,0,237.434826560156,0,0
52.44,100,100,79.213947929384,-5.57336781169275,-14.2769407456715,0.0121159130905738,-15,-1121.85760274026,0,8.88178419700125e-15,0,237.849432927573,0,0
52.46,100,100,79.1024806415964,-5.57336086822,-14.276702879197,0.0116710072668634,-15,-1103.350991281,0,7.105427357601e-15,0,238.266268642095,0,0
52.48,100,100,78.9910134985054,-5.57335334718956,-14.2764738935662,0.0112278730856476,-15,-1084.79671630704,0,7.105427357601e-15,0,238.685333700944,0,0
52.5,100,100,78.8795465113538,-5.57334527938558,-14.2762537507063,0.0107867734379035,-15,-1066.19477731817,0,7.105427357601e-15,0,239.106628101115,0,0
52.52,100,100,78.7680796907724,-5.57333669518291,-14.2760424073534,0.0103479645314667,-15,-1047.54517383293,0,8.88178419700125e-15,0,239.530151839379,0,0
52.54,100,100,78.6566130467892,-5.57332762453623,-14.2758398151865,0.00991169584810221,-15,-1028.84790538856,0,8.88178419700125e-15,0,239.955904912306,0,0
52.56,100,100,78.5451465888369,-5.57331809696963,-14.2756459209628,0.00947821010615039,-15,-1010.10297154095,0,7.105427357601e-15,0,240.383887316267,0,0
52.58,100,100,78.4336803257624,-5.57330814156669,-14.2754606666527,0.00904774322865849,-15,-991.310371864626,0,7.105427357601e-15,0,240.814099047453,0,0
52.6,100,100,78.3222142658353,-5.57329778696105,-14.2752839895767,0.00862052431690746,-15,-972.470105952617,0,7.105427357601e-15,1,241.246540101882,0,0
52.62,100,100,78.2107484167572,-5.57328706132747,-14.2751158225414,0.0081967756292426,-15,-953.582173416409,0,7.105427357601e-15,0,241.681210475414,0,0
52.64,100,100,78.0992827856707,-5.57327599237338,-14.2749560939769,0.00777671256511372,-15,-934.64657388586,0,7.105427357601e-15,0,242.118110163758,0,0
52.66,100,100,77.9878173791692,-5.57326460733088,-14.274804728074,0.00736054365422949,-15,-915.663307009071,0,7.105427357601e-15,0,242.557239162489,0,0
52.68,100,100,77.8763522033062,-5.57325293294925,-14.2746616449215,0.00694847055072865,-15,-896.632372452292,0,5.32907051820075e-15,0,242.998597467054,0,0
52.7,100,100,77.7648872636049,-5.57324099548787,-14.2745267606442,0.00654068803226947,-15,-877.553769899783,0,5.32907051820075e-15,0,243.442185072782,0,0
52.72,100,100,77.6534225650685,-5.5732288207097,-14.2743999875398,0.00613738400393705,-15,-858.427499053692,0,5.32907051820075e-15,0,243.888001974901,0,0
52.74,100,100,77.5419581121899,-5.57321643387512,-14.2742812342167,0.00573873950686764,-15,-839.253559633902,0,3.5527136788005e-15,0,244.336048168542,0,0
52.76,100,100,77.4304939089619,-5.57320385973628,-14.2741704057309,0.00534492873148703,-15,-820.031951377878,0,3.5527136788005e-15,0,244.786323648749,0,0
52.78,100,100,77.3190299588873,-5.5731911225319,-14.2740674037231,0.00495611903525905,-15,-800.762674040502,0,3.5527136788005e-15,0,245.238828410495,0,0
52.8,100,100,77.2075662649893,-5.57317824598251,-14.2739721265549,0.00457247096483993,-15,-781.445727393909,0,3.5527136788005e-15,1,245.693562448686,0,0
52.82,100,100,77.096102829822,-5.57316525328612,-14.2738844694449,0.0041941382825327,-15,-762.081111227293,0,1.77635683940025e-15,0,246.150525758171,0,0
52.84,100,100,76.9846396554807,-5.5731521671143,-14.2738043246039,0.00382126799693505,-15,-742.668825346729,0,3.5527136788005e-15,0,246.609718333754,0,0
52.86,100,100,76.8731767436127,-5.57313900960876,-14.27373158137,0.00345400039767305,-15,-723.208869574965,0,3.5527136788005e-15,0,247.071140170201,0,0
52.88,100,100,76.7617140954276,-5.57312580237828,-14.2736661263423,0.00309246909411417,-15,-703.701243751224,0,3.5527136788005e-15,0,247.534791262251,0,0
52.9,100,100,76.6502517117083,-5.5731125664961,-14.2736078435141,0.00273680105794929,-15,-684.145947730993,0,3.5527136788005e-15,0,248.000671604621,0,0
52.92,100,100,76.5387895928216,-5.57309932249769,-14.2735566144054,0.00238711666953647,-15,-664.542981385799,0,3.5527136788005e-15,0,248.468781192017,0,0
52.94,100,100,76.4273277387289,-5.57308609037891,-14.2735123181938,0.00204352976789589,-15,-644.892344602981,0,3.5527136788005e-15,0,248.939120019142,0,0
52.96,100,100,76.3158661489972,-5.57307288959466,-14.2734748318455,0.00170614770424746,-15,-625.194037285459,0,3.5527136788005e-15,0,249.411688080705,0,0
52.98,100,100,76.2044048228098,-5.57305973905776,-14.2734440302437,0.00137507139898044,-15,-605.448059351497,0,1.77635683940025e-15,0,249.886485371425,0,0
53,100,100,76.0929437589772,-5.57304665713837,-14.2734197863173,0.00105039540194528,-15,-585.654410734459,0,1.77635683940025e-15,1,250.363511886044,0,0
53.02,100,100,75.9814829559477,-5.57303366166368,-14.2734019711671,0.000732207955958184,-15,-565.813091382548,0,3.5527136788005e-15,0,250.842767619327,0,0
53.04,100,100,75.8700224118188,-5.57302076991798,-14.2733904541919,0.00042059106340752,-15,-545.924101258559,0,1.77635683940025e-15,0,251.324252566079,0,0
53.06,100,100,75.7585621243475,-5.57300799864317,-14.273385103212,0.000115620555852803,-15,-525.987440339621,0,1.77635683940025e-15,0,251.807966721143,0,0
53.08,100,100,75.6471020909616,-5.57299536403951,-14.2733857845922,-0.000182633833493647,-15,-506.00310861692,0,1.77635683940025e-15,0,252.293910079411,0,0
53.1,100,100,75.5356423087701,-5.57298288176679,-14.2733923633631,-0.000474108394512057,-15,-485.971106095436,0,1.77635683940025e-15,0,252.78208263583,0,0
53.12,100,100,75.4241827745743,-5.57297056694581,-14.2734047033407,-0.000758745362256968,-15,-465.891432793667,0,1.77635683940025e-15,0,253.272484385407,0,0
53.14,100,100,75.3127234848784,-5.57295843416019,-14.2734226672444,-0.00103649283648325,-15,-445.764088743347,0,1.77635683940025e-15,0,253.765115323217,0,0
53.16,100,100,75.2012644359004,-5.5729464974585,-14.2734461168136,-0.00130730469872604,-15,-425.589073989173,0,1.77635683940025e-15,0,254.259975444407,0,0
53.18,100,100,75.0898056235824,-5.57293477035673,-14.2734749129223,-0.00157114052704176,-15,-405.366388588508,0,0,0,254.757064744203,0,0
53.2,100,100,74.9783470436019,-5.57292326584103,-14.2735089156926,-0.00182796550851751,-15,-385.0960326111,0,1.77635683940025e-15,1,255.256383217915,0,0
53.22,100,100,74.8668886913815,-5.57291199637074,-14.2735479846054,-0.00207775034965542,-15,-364.778006138786,0,1.77635683940025e-15,0,255.757930860941,0,0
53.24,100,100,74.7554305621002,-5.57290097388179,-14.2735919786102,-0.00232047118473857,-15,-344.412309265202,0,1.77635683940025e-15,0,256.261707668773,0,0
53.26,100,100,74.6439726507033,-5.57289020979024,-14.2736407562329,-0.00255610948228252,-15,-323.998942095482,0,1.77635683940025e-15,0,256.767713637004,0,0
53.28,100,100,74.532514951913,-5.57287971499625,-14.2736941756811,-0.00278465194967804,-15,-303.537904745968,0,1.77635683940025e-15,0,257.275948761327,0,0
53.3,100,100,74.4210574602386,-5.57286949988821,-14.2737520949482,-0.00300609043612741,-15,-283.029197343893,0,1.77635683940025e-15,0,257.786413037546,0,0
53.32,100,100,74.3096001699868,-5.57285957434716,-14.2738143719152,-0.00322042183397756,-15,-262.4728200271,0,0,0,258.299106461575,0,0
53.34,100,100,74.1981430752715,-5.57284994775145,-14.2738808644505,-0.00342764797855162,-15,-241.868772943724,0,0,0,258.814029029443,0,0
53.36,100,100,74.0866861700243,-5.57284062898166,-14.2739514305078,-0.00362777554657873,-15,-221.217056251895,0,0,0,259.331180737301,0,0
53.38,100,100,73.9752294480039,-5.57283162642575,-14.274025928222,-0.00382081595332249,-15,-200.517670119426,0,0,0,259.850561581421,0,0
53.4,100,100,73.8637729028062,-5.5728229479844,-14.2741042160026,-0.00400678524850547,-15,-179.770614723519,0,0,1,260.372171558202,0,0
53.42,100,100,73.752316527874,-5.57281460107661,-14.2741861526259,-0.00418570401112805,-15,-158.975890250444,0,0,0,260.896010664173,0,0
53.44,100,100,73.6408603165063,-5.57280659264547,-14.2742715973238,-0.00435759724327598,-15,-138.133496895247,0,0,0,261.422078895996,0,0
53.46,100,100,73.5294042618682,-5.57279892916418,-14.2743604098718,-0.00452249426301291,-15,-117.243434861432,0,1.77635683940025e-15,0,261.950376250468,0,0
53.48,100,100,73.4179483569998,-5.57279161664221,-14.2744524506741,-0.00468042859645036,-15,-96.3057043606605,0,1.77635683940025e-15,0,262.480902724523,0,0
53.5,100,100,73.3064925948255,-5.57278466063167,-14.2745475808464,-0.00483143786908714,-15,-75.3203056124528,0,1.77635683940025e-15,0,263.013658315237,0,0
53.52,100,100,73.1950369681635,-5.57277806623384,-14.274645662297,-0.00497556369650952,-15,-54.2872388438676,0,1.77635683940025e-15,0,263.548643019827,0,0
53.54,100,100,73.0835814697342,-5.5727718381059,-14.2747465578058,-0.0051128515745405,-15,-33.206504289212,0,1.77635683940025e-15,0,264.085856835655,0,0
53.56,100,100,72.9721260921691,-5.57276598046779,-14.2748501311001,-0.00524335076892685,-14.9675344689982,-12.0781021897319,0,1.77635683940025e-15,0,264.625299760232,0,0
53.58,100,100,72.8606711392651,-5.5727173900628,-14.2749063657111,0.00151139325620641,-14.7354296658953,9.07438721758806,0,1.77635683940025e-15,0,265.166971789616,0,0
53.6,100,100,72.7492178772783,-5.57259664002152,-14.2747148726709,0.0194841231783096,-14.4954296658953,30.2341820533654,0,1.77635683940025e-15,1,265.710872903479,0,0
53.62,100,100,72.6377677664131,-5.57240192700229,-14.2740540909868,0.0483931976660159,-14.2554296658953,51.3996417790725,0,0,0,266.257003053537,0,0
53.64,100,100,72.5263223089725,-5.57213084902336,-14.2727081219964,0.0879555807978814,-14.0154296658953,72.5691291278603,0,0,0,266.805362161826,0,0
53.66,100,100,72.4148830610845,-5.57178042918826,-14.270466739805,0.137887068078839,-13.7754296658953,93.7410105775159,0,0,0,267.355950119814,0,0
53.68,100,100,72.3034516439832,-5.57134713741709,-14.2671254124873,0.197902502790267,-13.5354296658953,114.913656815833,0,0,0,267.908766787217,0,0
53.7,100,100,72.1920297548559,-5.5708269120264,-14.2624853189998,0.267715988641259,-13.2954296658953,136.085443194272,0,1.77635683940025e-15,0,268.46381199058,0,0
53.72,100,100,72.0806191772612,-5.57021518114648,-14.2563533618763,0.347041098648,-13.0554296658953,157.254750169869,0,1.77635683940025e-15,0,269.021085521663,0,0
53.74,100,100,71.9692217911196,-5.56950688396577,-14.2485421757855,0.435591080172273,-12.8154296658953,178.419963735273,0,1.77635683940025e-15,0,269.580587135603,0,0
53.76,100,100,71.8578395822817,-5.56869649179213,-14.2388701320261,0.533079056054219,-12.5754296658953,199.579475836856,0,0,0,270.142316548898,0,0
53.78,100,100,71.7464746516766,-5.56777802892095,-14.2271613390386,0.639218221778521,-12.3354296658953,220.731684780855,0,0,0,270.70627343719,0,0
53.8,100,100,71.6351292240454,-5.56674509330086,-14.2132456390146,0.753722038617211,-12.0954296658953,241.87499562749,0,0,1,271.272457432882,0,0
53.82,100,100,71.5238056562627,-5.56559087698748,-14.1969586006832,0.876304422696241,-11.8554296658953,263.007820573024,0,-1.77635683940025e-15,0,271.840868122571,0,0
53.84,100,100,71.4125064452525,-5.56430818637655,-14.1781415083582,1.00667992993691,-11.6154296658953,284.128579319729,0,-1.77635683940025e-15,0,272.411505044333,0,0
53.86,100,100,71.3012342355004,-5.56288946220771,-14.1566413473266,1.14456393682709,-11.3754296658953,305.235699433753,0,0,0,272.984367684837,0,0
53.88,100,100,71.1899918261688,-5.5613267993308,-14.1323107856653,1.28967281698113,-11.1354296658953,326.32761669087,0,-1.77635683940025e-15,0,273.559455476331,0,0
53.9,100,100,71.0787821778194,-5.55961196622664,-14.1050081525684,1.44172411345083,-10.8954296658953,347.402775410106,0,-1.77635683940025e-15,0,274.136767793475,0,0
53.92,100,100,70.9676084187468,-5.55773642427475,-14.0745974132705,1.60043670675398,-10.6554296658953,368.459628775276,0,-3.5527136788005e-15,0,274.716303950051,0,0
53.94,100,100,70.8564738509307,-5.55569134676069,-14.0409481406532,1.76553097859041,-10.4154296658953,389.496639144411,0,-3.5527136788005e-15,0,275.298063195548,0,0
53.96,100,100,70.7453819556094,-5.55346763761608,-14.0039354836207,1.93672897121898,-10.1754296658953,410.512278347125,0,-1.77635683940025e-15,0,275.882044711632,0,0
53.98,100,100,70.6343363984823,-5.55105594988459,-13.9634401323309,2.11375454247296,-9.93542966589528,431.505027969936,0,-1.77635683940025e-15,0,276.468247608506,0,0
54,100,100,70.5233410345447,-5.54844670390764,-13.9193482803705,2.29633351639424,-9.69542966589528,452.47337962962,0,-3.5527136788005e-15,1,277.056670921178,0,0
54.02,100,100,70.4123999125629,-5.5456301052237,-13.8715515839607,2.48419382947068,-9.45542966589528,473.415835234573,0,-1.77635683940025e-15,0,277.64731360562,0,0
54.04,100,100,70.3015172791934,-5.54259616217559,-13.819947118283,2.67706567246395,-9.21542966589528,494.330907234326,0,-3.5527136788005e-15,0,278.240174534862,0,0
54.06,100,100,70.1906975827534,-5.53933470322028,-13.7644373310122,2.87468162781893,-8.97542966589528,515.217118857198,0,-5.32907051820075e-15,0,278.835252494986,0,0
54.08,100,100,70.0799454766477,-5.53583539393611,-13.7049299931456,3.07677680264859,-8.73542966589528,536.0730043362,0,-3.5527136788005e-15,0,279.432546181064,0,0
54.1,100,100,69.9692658224589,-5.53208775372272,-13.6413381472162,3.28308895729177,-8.49542966589528,556.897109123257,0,-3.5527136788005e-15,0,280.032054193024,0,0
54.12,100,100,69.8586636927066,-5.52808117218913,-13.5735800529803,3.49335862944445,-8.25542966589529,577.687990091817,0,-5.32907051820075e-15,0,280.633775031454,0,0
54.14,100,100,69.748144373282,-5.52380492522576,-13.501579130665,3.70732925386775,-8.01542966589528,598.444215727968,0,-5.32907051820075e-15,0,281.237707093366,0,0
54.16,100,100,69.6377133655641,-5.51924819075661,-13.4252639018675,3.92474727767963,-7.77542966589529,619.16436631011,0,-5.32907051820075e-15,0,281.843848667899,0,0
54.18,100,100,69.5273763882243,-5.51440006416783,-13.3445679281911,4.14536227123945,-7.53542966589529,639.847034077336,0,-5.32907051820075e-15,0,282.452197931995,0,0
54.2,100,100,69.4171393787252,-5.50924957340958,-13.2594297477085,4.36892703463797,-7.29542966589529,660.490823386597,0,-5.32907051820075e-15,1,283.062752946039,0,0
54.22,100,100,69.3070084945219,-5.50378569376794,-13.1697928093388,4.59519769980795,-7.05542966589529,681.094350858774,0,-5.32907051820075e-15,0,283.675511649467,0,0
54.24,100,100,69.1969901139693,-5.4979973623043,-13.0756054052257,4.82393382827329,-6.81542966589529,701.656245513763,0,-3.5527136788005e-15,0,284.290471856357,0,0
54.26,100,100,69.087090836946,-5.49187349195966,-12.9768206012046,5.05489850455733,-6.57542966589529,722.175148894739,0,-3.5527136788005e-15,0,284.907631251008,0,0
54.28,100,100,68.9773174851976,-5.48540298532166,-12.8733961654443,5.28785842527352,-6.33542966589529,742.649715181653,0,-3.5527136788005e-15,0,285.526987383501,0,0
54.3,100,100,68.8676771024094,-5.47857474805251,-12.7652944953505,5.52258398392425,-6.09542966589529,763.078611294179,0,-3.5527136788005e-15,0,286.148537665263,0,0
54.32,100,100,68.7581769540134,-5.47137770197604,-12.6524825428149,5.75884935143611,-5.85542966589529,783.460516984202,0,-3.5527136788005e-15,0,286.772279364631,0,0
54.34,100,100,68.648824526737,-5.46380079782257,-12.5349317378974,5.99643255246202,-5.61542966589529,803.794124917982,0,-1.77635683940025e-15,0,287.398209602418,0,0
54.36,100,100,68.5396275279004,-5.45583302763041,-12.4126179110232,6.23511553748348,-5.37542966589529,824.078140748178,0,-3.5527136788005e-15,0,288.026325347495,0,0
54.38,100,100,68.4305938844689,-5.44746343680317,-12.2855212137798,6.47468425074785,-5.13542966589529,844.311283175862,0,-1.77635683940025e-15,0,288.656623412388,0,0
54.4,100,100,68.3217317418686,-5.43868113582219,-12.1536260383972,6.71492869407827,-4.89542966589529,864.492284002678,0,-1.77635683940025e-15,1,289.289100448898,0,0
54.42,100,100,68.2130494625698,-5.42947531161372,-12.0169209359918,6.95564298659556,-4.65542966589529,884.619888173302,0,-1.77635683940025e-15,0,289.923752943744,0,0
54.44,100,100,68.1045556244479,-5.41983523857076,-11.8753985336577,7.19662542039378,-4.41542966589529,904.692853808386,0,-3.5527136788005e-15,0,290.56057721424,0,0
54.46,100,100,67.9962590189264,-5.40975028922954,-11.7290554504831,7.4376785122129,-4.17542966589528,924.709952228131,0,-1.77635683940025e-15,0,291.199569404001,0,0
54.48,100,100,67.8881686489103,-5.39920994460103,-11.5778922125742,7.67860905115397,-3.93542966589528,944.66996796667,0,-1.77635683940025e-15,0,291.840725478696,0,0
54.5,100,100,67.7802937265163,-5.38820380415809,-11.4219131671634,7.91922814248418,-3.69542966589528,964.57169877742,0,-3.5527136788005e-15,0,292.484041221842,0,0
54.52,100,100,67.672643670606,-5.37672159547883,-11.26112639588,8.15935124758065,-3.45542966589528,984.413955629599,0,-1.77635683940025e-15,0,293.12951223064,0,0
54.54,100,100,67.565228104131,-5.36475318354739,-11.0955436272603,8.39879822006374,-3.21542966589528,1004.19556269608,0,-3.5527136788005e-15,0,293.777133911868,0,0
54.56,100,100,67.4580568512939,-5.35228857971313,-10.9251801485729,8.63739333817225,-2.97542966589528,1023.91535733274,0,-3.5527136788005e-15,0,294.426901477828,0,0
54.58,100,100,67.3511399345347,-5.33931795030979,-10.7500547170335,8.87496533343427,-2.73542966589528,1043.5721900495,0,-3.5527136788005e-15,0,295.078809942351,0,0
54.6,100,100,67.2444875713475,-5.32583162493614,-10.570189470483,9.11134741568916,-2.49542966589528,1063.16492447328,0,-3.5527136788005e-15,1,295.732854116864,0,0
54.62,100,100,67.1381101709355,-5.31182010439985,-10.3856098376005,9.34637729451732,-2.25542966589528,1082.692437303,0,-3.5527136788005e-15,0,296.389028606518,0,0
54.64,100,100,67.0320183307098,-5.29727406832673,-10.1963444477243,9.57989719713594,-2.01542966589528,1102.1536182568,0,-3.5527136788005e-15,0,297.047327806395,0,0
54.66,100,100,66.9262228326399,-5.28218438243735,-10.0024250403489,9.81175388282007,-1.77542966589528,1121.54737001177,0,-3.5527136788005e-15,0,297.707745897777,0,0
54.68,100,100,66.8207346394618,-5.26654210549347,-9.80388637436833,10.0417986539097,-1.53542966589528,1140.87260813626,0,-3.5527136788005e-15,0,298.37027684449,0,0
54.7,100,100,66.7155648907504,-5.25033849591679,-9.60076613713233,10.2698873634644,-1.29542966589528,1160.12826101508,0,-2.66453525910038e-15,0,299.034914389332,0,0
54.72,100,100,66.6107248988629,-5.23356501808269,-9.39310485338342,10.4958804196285,-1.05542966589528,1179.31326976765,0,-2.66453525910038e-15,0,299.701652050576,0,0
54.74,100,100,66.5062261447595,-5.21621334829186,-9.18094579413816,10.7196427867709,-0.815429665895283,1198.42658815939,0,-3.5527136788005e-15,0,300.370483118552,0,0
54.76,100,100,66.4020802737075,-5.1982753804228,-8.96433488557775,10.9410439834632,-0.575429665895283,1217.4671825066,0,-2.66453525910038e-15,0,301.041400652322,0,0
54.78,100,100,66.2982990908764,-5.17974323126833,-8.74332061801006,11.1599580773636,-0.335429665895283,1236.43403157483,0,-2.66453525910038e-15,0,301.714397476436,0,0
54.8,100,100,66.1948945568284,-5.16060924555953,-8.51795395496429,11.3762636770712,-0.0954296658952833,1255.32612647113,0,-2.66453525910038e-15,1,302.38946617778,0,0
54.82,100,100,66.0918787829123,-5.14086600068045,-8.28828824247842,11.5898439210191,0.144570334104717,1274.14247053029,0,-2.66453525910038e-15,0,303.066599102511,0,0
54.84,100,100,65.9892640265656,-5.12050631107732,-8.05437911863773,11.8005864634737,0.384570334104717,1292.88207919526,0,-3.5527136788005e-15,0,303.745788353093,0,0
54.86,100,100,65.8870626865316,-5.09952323236579,-7.81628442342174,12.0083834577092,0.624570334104717,1311.54397989202,0,-3.5527136788005e-15,0,304.427025785417,0,0
54.88,100,100,65.7852872979981,-5.07791006514033,-7.57406410891533,12.2131315364254,0.864570334104717,1330.12721189897,0,-3.5527136788005e-15,0,305.110303006029,0,0
54.9,100,100,65.6839505276612,-5.05566035848952,-7.32778014993854,12.4147317894802,1.10457033410472,1348.63082621116,0,-3.5527136788005e-15,0,305.795611369447,0,0
54.92,100,100,65.5830651687233,-5.03276791322148,-7.07749645514786,12.6130897390046,1.34457033410472,1367.05388539951,0,-1.77635683940025e-15,0,306.482941975582,0,0
54.94,100,100,65.4826441358289,-5.00922678480361,-6.823278778661,12.8081153119729,1.58457033410472,1385.3954634652,0,-1.77635683940025e-15,0,307.172285667258,0,0
54.96,100,100,65.3827004599439,-4.98503128602089,-6.5651946322549,12.9997228102969,1.82457033410472,1403.65464568946,0,-1.77635683940025e-15,0,307.863633027832,0,0
54.98,100,100,65.2832472831854,-4.96017598935728,-6.3033131981862,13.187830878517,2.06457033410472,1421.83052847889,0,-1.77635683940025e-15,0,308.556974378926,0,0
55,40,100,65.1842978536062,-4.93465572910465,-6.03770524268124,13.3723624691599,2.30457033410472,1439.9222192066,0,-1.77635683940025e-15,1,309.252299778248,0,0
55.02,40,100,65.0858655199392,-4.90846560320383,-5.76844303014165,13.5532448058358,2.54457033410472,1457.92883604928,0,-2.66453525910038e-15,0,309.94959901753,0,0
55.04,40,100,64.9879637263089,-4.88160097482258,-5.49560023811001,13.730409344145,2.78457033410472,1475.84950782046,0,-2.66453525910038e-15,0,310.648861620568,0,0
55.06,40,100,64.8906060069131,-4.85405747367508,-5.21925187303871,13.9037917304679,3.02457033410472,1493.68337380006,0,-2.66453525910038e-15,0,311.350076841365,0,0
55.08,40,100,64.7938059806804,-4.82583099708801,-4.93947418690355,14.0733317587074,3.26457033410472,1511.42958356053,0,-1.77635683940025e-15,0,312.053233662383,0,0
55.1,40,100,64.6975773459101,-4.79691771081787,-4.65634459470239,14.2389733250571,3.50457033410472,1529.08729678966,0,-1.77635683940025e-15,0,312.758320792904,0,0
55.12,40,100,64.6019338748968,-4.76731404962483,-4.36994159287755,14.400664380867,3.74457033410472,1546.65568311038,0,-1.77635683940025e-15,0,313.465326667494,0,0
55.14,40,100,64.5068894085469,-4.73701671760792,-4.08034467869936,14.5583568836761,3.98457033410472,1564.13392189753,0,-8.88178419700125e-16,0,314.17423944458,0,0
55.16,40,100,64.4124578509907,-4.70602268830676,-3.78763427064682,14.712006746486,4.22457033410472,1581.52120209202,0,-8.88178419700125e-16,0,314.885047005127,0,0
55.18,40,100,64.3186531641937,-4.67432920457502,-3.49189162981969,14.8615737853437,4.46457033410472,1598.8167220124,0,-1.77635683940025e-15,0,315.597736951433,0,0
55.2,40,100,64.2254893625744,-4.64193377823076,-3.19319878241534,15.0070216653067,4.70457033410472,1616.01968916408,0,-8.88178419700125e-16,1,316.312296606019,0,0
55.22,40,100,64.1329805076294,-4.60883418948891,-2.89163844330184,15.1483178448586,4.94457033410472,1633.12932004634,0,0,0,317.028713010643,0,0
55.24,40,100,64.0411407025737,-4.57502848618125,-2.58729394071767,15.2854335188475,5.18457033410472,1650.14483995734,0,0,0,317.746972925403,0,0
55.26,40,100,63.9499840869973,-4.54051498276911,-2.28024914212681,15.4183435600149,5.42457033410472,1667.06548279733,0,8.88178419700125e-16,0,318.467062827962,0,0
55.28,40,100,63.8595248315447,-4.50529225915423,-1.97058838125685,15.5470264591855,5.66457033410472,1683.89049087016,0,0,0,319.188968912872,0,0
55.3,40,100,63.769777132619,-4.46935915929307,-1.65839638634605,15.6714642641862,5.90457033410472,1700.61911468328,0,8.88178419700125e-16,0,319.912677091003,0,0
55.32,40,100,63.680755207117,-4.43271478962014,-1.34375820962418,15.7916425175623,6.14457033410472,1717.25061274645,0,0,0,320.638172989087,0,0
55.34,40,100,63.5924732871963,-4.39535851728555,-1.0267591580505,15.9075501931594,6.38457033410472,1733.78425136924,0,0,0,321.365441949355,0,0
55.36,40,100,63.5049456150804,-4.35728996821237,-0.707484725330905,16.019179631637,6.62457033410472,1750.2193044576,0,-8.88178419700125e-16,0,322.094469029285,0,0
55.38,40,100,63.4181864379042,-4.31850902497927,-0.386020525234906,16.1265264749807,6.86457033410472,1766.55505330947,0,-8.88178419700125e-16,0,322.825239001453,0,0
55.4,40,100,63.3322100026033,-4.27901582453365,-0.0624522262318238,16.2295896000795,7.10457033410472,1782.79078640978,0,-8.88178419700125e-16,1,323.557736353488,0,0
55.42,40,100,63.247030550851,-4.23881075574108,0.263134512535727,16.3283710514315,7.34457033410472,1798.92579922495,0,-8.88178419700125e-16,0,324.291945288121,0,0
55.44,40,100,63.1626623140458,-4.19789445677617,0.590654103924318,16.4228759730446,7.58457033410472,1814.95939399686,0,-8.88178419700125e-16,0,325.027849723347,0,0
55.46,40,100,63.0791195083525,-4.15626781236045,0.920021094092666,16.513112539594,7.82457033410472,1830.89087953675,0,0,0,325.765433292676,0,0
55.48,40,100,62.9964163297999,-4.11393195085278,1.25115022242083,16.5990918869002,8.06457033410472,1846.71957101892,0,0,0,326.504679345486,0,0
55.5,40,100,62.9145669494388,-4.07088824119752,1.58395648003273,16.6808280417895,8.30457033410472,1862.4447897745,0,8.88178419700125e-16,0,327.24557094748,0,0
55.52,40,100,62.8335855085617,-4.02713828973598,1.91835516691013,16.7583378513979,8.54457033410472,1878.06586308546,0,8.88178419700125e-16,0,327.988090881228,0,0
55.54,40,100,62.7534861139877,-3.9826839368866,2.25426194758772,16.8316409119791,8.78457033410472,1893.58212397888,0,8.88178419700125e-16,0,328.732221646809,0,0
55.56,40,100,62.6742828334156,-3.93752725369902,2.59159290541988,16.9007594972753,9.02457033410472,1908.9929110217,0,0,0,329.477945462552,0,0
55.58,40,100,62.5959896908464,-3.89167053828761,2.93026459541092,16.965718486511,9.26457033410471,1924.29756811609,0,8.88178419700125e-16,0,330.22524426586,0,0
55.6,40,100,62.5186206620787,-3.84511631214956,3.27019409560196,17.0265452920649,9.50457033410471,1939.49544429552,0,0,1,330.974099714131,0,0
55.62,40,100,62.4421896702789,-3.79786731637296,3.61129905700848,17.0832697868787,9.74457033410471,1954.58589352163,0,-8.88178419700125e-16,0,331.724493185767,0,0
55.64,40,100,62.3667105816282,-3.74992650774002,3.95349775210393,17.1359242316579,9.98457033410471,1969.56827448216,0,0,0,332.476405781266,0,0
55.66,40,100,62.2921972010483,-3.70129705473067,4.29670912184563,17.1845432019189,10.2245703341047,1984.44195038984,0,0,0,333.229818324413,0,0
55.68,40,100,62.2186632680084,-3.65198233343169,4.64085282124061,17.2291635149356,10.4645703341047,1999.20628878259,0,-8.88178419700125e-16,0,333.984711363537,0,0
55.7,40,100,62.1461224524147,-3.60198592335644,4.9858492634498,17.2698241566402,10.7045703341047,2013.86066132495,0,0,0,334.741065172869,0,0
55.72,40,100,62.0745883505842,-3.55131160318036,5.33161966243019,17.3065662085273,10.9445703341047,2028.40444361095,0,0,0,335.498859753973,0,0
55.74,40,100,62.0040744813052,-3.49996334639715,5.67808607411553,17.3394327746138,11.1845703341047,2042.83701496855,0,0,0,336.258074837252,0,0
55.76,40,100,61.9345942819843,-3.44794531690074,6.02517143613722,17.3684689085028,11.4242973303924,2057.15775826561,0,0,0,337.018689883541,0,0
55.78,40,100,61.8661610985342,-3.39526296248784,6.37279858282227,17.3935457863704,11.6549051373783,2071.36665934006,0,0,0,337.780684085789,0,0
55.8,40,100,61.798788135616,-3.34192478429345,6.7208830040046,17.4140888717389,11.8706403541191,2085.46529898304,0,0,1,338.544036371362,0,0
55.82,40,100,61.7324884185517,-3.28793989777279,7.06932779730444,17.4294862861896,12.072462158639,2099.4555460695,0,-8.88178419700125e-16,0,339.308725405291,0,0
55.84,40,100,61.6672747901897,-3.23331744235932,7.41802445534107,17.4391887342916,12.2612678686893,2113.33921821905,0,-8.88178419700125e-16,0,340.074729593927,0,0
55.86,40,100,61.6031599099911,-3.17806662404826,7.76685407780211,17.4427055849292,12.4378969313045,2127.1180848699,0,-8.88178419700125e-16,0,340.842027088593,0,0
55.88,40,100,61.5401562523106,-3.12219675347815,8.11568850750904,17.4396011870476,12.6031346550575,2140.7938701144,0,-1.77635683940025e-15,0,341.610595789273,0,0
55.9,40,100,61.4782761039581,-3.06571727981215,8.46439139501756,17.4294914050019,12.7577157016125,2154.36825531266,0,-1.77635683940025e-15,0,342.380413348333,0,0
55.92,40,100,61.4175315611221,-3.00863782070161,8.81281919600478,17.4120403596538,12.9023273520959,2167.84288149942,0,-1.77635683940025e-15,0,343.151457174305,0,0
55.94,40,100,61.3579345257314,-2.95096818859773,9.16082210542712,17.3869573622632,13.0376125628096,2181.21935159861,0,-8.88178419700125e-16,0,343.92370443573,0,0
55.96,40,100,61.2994967013237,-2.89271841366043,9.50824493218238,17.3539940290589,13.164172823872,2194.49923245882,0,-8.88178419700125e-16,0,344.697132065091,0,0
55.98,40,100,61.2422295884898,-2.83389876349851,9.85492791777506,17.3129415651637,13.2825708334968,2207.68405672246,0,-8.88178419700125e-16,0,345.471716762819,0,0
56,40,100,61.1861444799515,-2.77451975996097,10.2007075022648,17.2636282072804,13.3933329997997,2220.77532454011,0,-8.88178419700125e-16,1,346.247435001406,0,0
56.02,40,100,61.131252455332,-2.71459219318577,10.5454170405732,17.2059168152375,13.4969517812555,2233.77450514124,0,-8.88178419700125e-16,0,347.024263029608,0,0
56.04,40,100,61.0775643756709,-2.65412713310008,10.8888874720323,17.1397026031313,13.5938878762123,2246.68303827138,0,-8.88178419700125e-16,0,347.80217687677,0,0
56.06,40,100,61.0250908777336,-2.59313593855401,11.2309479458793,17.0649110014071,13.6845722711982,2259.5023355056,0,0,0,348.581152357244,0,0
56.08,40,100,60.9738423681595,-2.53163026425896,11.5714264052347,16.9814956417825,13.7694081571251,2272.23378144701,0,-4.44089209850063e-16,0,349.361165074942,0,0
56.1,40,100,60.923829017493,-2.46962206569131,11.910150131943,16.8894364574393,13.8487727219118,2284.87873481901,0,0,0,350.142190427992,0,0
56.12,40,100,60.8750607541345,-2.40712360211258,12.2469462545117,16.7887378914065,13.9230188274951,2297.43852945886,0,0,0,350.924203613524,0,0
56.14,40,100,60.8275472582492,-2.34414743784793,12.581642221243,16.679427206511,13.9924765786855,2309.91447522018,0,0,0,351.70717963257,0,0
56.16,40,100,60.781297955667,-2.28070644195637,12.9140662405297,16.5615528907077,14.0574547908425,2322.30785879111,0,0,0,352.491093295095,0,0
56.18,40,100,60.7363220118028,-2.21681378641817,13.2440476901614,16.4351831519965,14.1182423628955,2334.61994443471,0,4.44089209850063e-16,0,353.275919225139,0,0
56.2,40,100,60.6926283256284,-2.15248294295728,13.5714174973811,16.3004044975129,14.1751095618139,2346.85197465749,0,0,1,354.061631866089,0,0
56.22,40,100,60.6502255237196,-2.08772767860943,13.8960084913212,16.1573203917286,14.2283092242385,2359.00517081173,0,0,0,354.848205486066,0,0
56.24,40,100,60.609121954404,-2.0225620501403,14.2176557293565,16.0060499890259,14.2780778806153,2371.08073363702,0,0,0,355.635614183433,0,0
56.26,40,100,60.5693256820309,-1.95700039741142,14.5361967988141,15.8467269362164,14.3246368068317,2383.07984374571,0,-4.44089209850063e-16,0,356.423831892418,0,0
56.28,40,100,60.5308444813842,-1.891057335786,14.8514720953988,15.6794982408606,14.368193008028,2395.00366205695,0,0,0,357.212832388845,0,0
56.3,40,100,60.4936858322553,-1.82474774766116,15.1633250796105,15.5045232015143,14.4089401389612,2406.85333018375,0,0,0,358.002589295987,0,0
56.32,40,100,60.4578569141938,-1.75808677320798,15.4716025123551,15.3219723962746,14.4470593650116,2418.62997077683,0,0,0,358.793076090513,0,0
56.34,40,100,60.4233646014508,-1.69108980039578,15.7761546708814,15.1320267262359,14.4827201676593,2430.33468782925,0,0,0,359.584266108546,0,0
56.36,40,100,60.390215458128,-1.62377245437266,16.0768355461088,14.934876510681,14.5160810980152,2441.96856694511,0,0,0,360.376132551818,0,0
56.38,40,100,60.3584157335454,-1.55615058626975,16.3735030223517,14.7307206310406,14.5472904817524,2453.53267557577,0,4.44089209850063e-16,0,361.16864849392,0,0
56.4,40,100,60.3279713578374,-1.48824026149282,16.6660190403881,14.5197657208394,14.5764870785757,2465.02806322645,0,4.44089209850063e-16,1,361.961786886639,0,0
56.42,40,100,60.2988879377889,-1.42005774756102,16.9542497447639,14.3022253990324,14.60380069916,2476.45576163622,0,4.44089209850063e-16,0,362.755520566388,0,0
56.44,40,100,60.2711707529173,-1.35161950154869,17.2380656161782,14.0783195442943,14.6293527822995,2487.81678493393,0,4.44089209850063e-16,0,363.54982226071,0,0
56.46,40,100,60.2448247518104,-1.28294215718324,17.5173415897449,13.8482736079858,14.653256934836,2499.11212977252,0,2.22044604925031e-16,0,364.344664594861,0,0
56.48,40,100,60.2198545487248,-1.21404251164838,17.7919571598822,13.6123179636626,14.6756194367645,2510.34277544413,0,2.22044604925031e-16,0,365.140020098464,0,0
56.5,40,100,60.1962644204505,-1.14493751213951,18.0617964725411,13.3706872911296,14.6965397137641,2521.50968397804,0,4.44089209850063e-16,0,365.935861212225,0,0
56.52,40,100,60.1740583034473,-1.07564424221471,18.3267484054444,13.1236199931698,14.7161107792532,2532.61380022343,0,2.22044604925031e-16,0,366.732160294714,0,0
56.54,40,100,60.1532397912549,-1.00617990798261,18.5867066369729,12.8713576431947,14.7344196479351,2543.65605191888,0,4.44089209850063e-16,0,367.528889629197,0,0
56.56,40,100,60.1338121321817,-0.936561824165407,18.8415697042998,12.6141444621746,14.7515477226737,2554.6373497503,0,4.44089209850063e-16,0,368.326021430518,0,0
56.58,40,100,60.1157782272721,-0.866807400073347,19.0912410513434,12.35222682331,14.7675711564177,2565.55858739878,0,2.22044604925031e-16,0,369.123527852022,0,0
56.6,40,100,60.0991406285559,-0.796934125524354,19.3356290670786,12.0858527829998,14.7825611907834,2576.4206415801,0,2.22044604925031e-16,1,369.921380992524,0,0
56.62,40,100,60.083901537579,-0.72695955674069,19.5746471147199,11.8152716367564,14.796584472801,2587.22437207692,0,2.22044604925031e-16,0,370.7195529033,0,0
56.64,40,100,60.0700628042161,-0.656901302252278,19.8082135522608,11.5407334987956,14.8097033512338,2597.97062176522,0,2.22044604925031e-16,0,371.518015595108,0,0
56.66,40,100,60.0576259257658,-0.586777008834555,20.0362517448321,11.2624889041134,14.8219761537857,2608.66021663601,0,4.44089209850063e-16,0,372.316741045236,0,0
56.68,40,100,60.0465920463251,-0.516604347506854,20.2586900693173,10.9807884319311,14.8334574464323,2619.2939658134,0,4.44089209850063e-16,0,373.115701204555,0,0
56.7,40,100,60.0369619564445,-0.446400999615665,20.4754619116418,10.69588234946,14.8441982760249,2629.87266157012,0,4.44089209850063e-16,0,373.914868004589,0,0
56.72,40,100,60.0287360930594,-0.376184643025468,20.6865056571322,10.408020275,14.8542463972503,2640.3970793413,0,3.33066907387547e-16,0,374.71421336459,0,0
56.74,40,100,60.0219145396968,-0.305972938438333,20.891764674323,10.1174508594465,14.8636464849523,2650.86797773743,0,3.33066907387547e-16,0,375.513709198604,0,0
56.76,40,100,60.0164970269543,-0.235783515862044,21.0911872925707,9.82442148533565,14.8724403327594,2661.28609855721,0,3.33066907387547e-16,0,376.313327422536,0,0
56.78,40,100,60.0124829332478,-0.165633961245102,21.2847267738168,9.5291779826079,14.8806670389037,2671.65216680116,0,3.60822483003176e-16,0,377.113039961203,0,0
56.8,40,100,60.0098712858247,-0.0955418032956953,21.4723412788272,9.23196436032125,14.8883631800547,2681.96689068635,0,3.60822483003176e-16,1,377.912818755369,0,0
56.82,40,100,60.008660762039,-0.0255245005004944,21.6539938282191,8.9330225535875,14.8955629739429,2692.23096166321,0,3.7470027081099e-16,0,378.712635768752,0,0
56.84,40,100,60.008849690884,0.0444005716420705,21.8296522585731,8.63259218504905,14.9022984314942,2702.44505443463,0,3.60822483003176e-16,0,379.51246299501,0,0
56.86,40,100,60.0104360547774,0.114216133160459,21.9992891739148,8.33091034025196,14.9085994991539,2712.60982697805,0,3.33066907387547e-16,0,380.312272464691,0,0
56.88,40,100,60.0134174915954,0.183905011908087,22.1628818928382,8.0282113563079,14.9144941920311,2722.7259205709,0,3.33066907387547e-16,0,381.112036252142,0,0
56.9,40,100,60.0177912969502,0.253450155609287,22.3204123915294,7.72472662327159,14.9200087184563,2732.79395981977,0,2.77555756156289e-16,0,381.911726482381,0,0
56.92,40,100,60.0235544267056,0.322834643642592,22.471867242942,7.42068439769245,14.9251675965061,2742.81455269373,0,2.77555756156289e-16,0,382.711315337914,0,0
56.94,40,100,60.0307034997257,0.39204169855167,22.6172375523591,7.11630962782835,14.9299937630126,2752.7882905621,0,3.33066907387547e-16,0,383.510775065505,0,0
56.96,40,100,60.0392348008509,0.461054697275109,22.7565188895741,6.81182379003774,14.9345086755427,2762.71574823687,0,2.22044604925031e-16,0,384.310077982886,0,0
56.98,40,100,60.0491442840958,0.529857182087043,22.8897112179054,6.50744473589154,14.9387324078004,2772.59748402009,0,2.22044604925031e-16,0,385.109196485407,0,0
57,40,100,60.0604275760627,0.598432871241407,23.0168188202589,6.20338654957077,14.9426837388763,2782.43403975653,0,2.22044604925031e-16,1,385.908103052616,0,0
57.02,40,100,60.0730799795653,0.666765669313341,23.1378502224356,5.89985941513824,14.9463802367408,2792.2259408915,0,4.44089209850063e-16,0,386.706770254775,0,0
57.04,40,100,60.0870964774558,0.734839677231955,23.2528181138823,5.59706949329334,14.9498383363533,2801.97369653442,0,4.44089209850063e-16,0,387.505170759295,0,0
57.06,40,100,60.1024717366498,0.802639201999355,23.3617392660675,5.29521880723895,14.9530734127333,2811.67779952779,0,4.44089209850063e-16,0,388.303277337094,0,0
57.08,40,100,60.1192001123423,0.870148766091448,23.4646344486638,4.99450513730728,14.956099849319,2821.33872652209,0,6.66133814775094e-16,0,389.10106286888,0,0
57.1,40,100,60.1372756524086,0.93735311653666,23.5615283437068,4.69512192400878,14.9589311019176,2830.95693805637,0,6.66133814775094e-16,0,389.898500351335,0,0
57.12,40,100,60.1566921019831,1.00423723366928,23.6524494578972,4.39725817918395,14.9615797585306,2840.53287864483,0,4.44089209850063e-16,0,390.69556290322,0,0
57.14,40,100,60.1774429082105,1.07078633955467,23.7374300332042,4.10109840495287,14.9640575953218,2850.06697686919,0,2.22044604925031e-16,0,391.492223771381,0,0
57.16,40,100,60.1995212251619,1.13698590608417,23.8165059559233,3.80682252017079,14.9663756289746,2859.55964547718,0,4.44089209850063e-16,0,392.288456336659,0,0
57.18,40,100,60.2229199189095,1.20282166273791,23.8897166643358,3.51460579411146,14.9685441656735,2869.01128148677,0,4.44089209850063e-16,0,393.084234119704,0,0
57.2,40,100,60.247631572753,1.26827960401432,23.9571050551125,3.22461878711147,14.9705728469262,2878.42226629645,0,2.22044604925031e-16,1,393.879530786679,0,0
57.22,40,100,60.2736484925919,1.33334599652562,24.0187173885974,2.9370272979205,14.9724706924305,2887.79296580145,0,0,0,394.674320154868,0,0
57.24,40,100,60.3009627124355,1.39800738575873,24.0746031931036,2.65199231751263,14.9742461401768,2897.12373051566,0,0,0,395.46857619816,0,0
57.26,40,100,60.3295660000455,1.46225060250189,24.1248151683476,2.36966998912391,14.9759070839644,2906.41489569949,0,0,0,396.262273052439,0,0
57.28,40,100,60.3594498627033,1.52606276893726,24.1694090881457,2.09021157429037,14.9774609084974,2915.66678149342,0,0,0,397.055385020848,0,0
57.3,40,100,60.3906055530965,1.58943130440034,24.2084437024882,1.81376342466934,14.9789145222185,2924.87969305716,0,0,0,397.847886578939,0,0
57.32,40,100,60.4230240753161,1.65234393080749,24.241980639107,1.54046695943514,14.9802743880238,2934.05392071442,0,-4.44089209850063e-16,0,398.639752379709,0,0
57.34,40,100,60.4566961909601,1.71478867775284,24.2700843046447,1.27045864804741,14.9815465519982,2943.18974010312,0,-4.44089209850063e-16,0,399.430957258504,0,0
57.36,40,100,60.4916124253352,1.77675388727664,24.2928217855312,1.00386999819769,14.9827366702961,2952.28741233094,0,-4.44089209850063e-16,0,400.221476237816,0,0
57.38,40,100,60.5277630737507,1.838228218307,24.3102627486699,0.740827548746376,14.9838500342897,2961.34718413612,0,-4.44089209850063e-16,0,401.011284531938,0,0
57.4,40,100,60.5651382078977,1.89920065077752,24.3224793420302,0.481452867468393,14.9848915940947,2970.36928805337,0,-4.44089209850063e-16,1,401.800357551505,0,0
57.42,40,100,60.6037276823082,1.95966048942347,24.3295460952423,0.225862553431714,14.985865980579,2979.35394258475,0,0,0,402.588670907901,0,0
57.44,40,100,60.643521140886,2.01959736725953,24.3315398202841,-0.0258317561615314,14.9867775259516,2988.30135237536,0,-4.44089209850063e-16,0,403.376200417536,0,0
57.46,40,100,60.6845080235046,2.07900124874213,24.3285395123483,-0.273523374836596,14.9876302830249,2997.21170839376,0,-8.88178419700125e-16,0,404.162922105994,0,0
57.48,40,100,60.7266775726652,2.13786243262002,24.3206262509737,-0.517110551570597,14.9884280432326,3006.08518811694,0,-4.44089209850063e-16,0,404.948812212045,0,0
57.5,40,100,60.7700188402082,2.19617155447658,24.3078831015222,-0.756496451535665,14.9891743534881,3014.92195571968,0,-4.44089209850063e-16,0,405.733847191527,0,0
57.52,40,100,60.8145206940729,2.25391958896772,24.2903950170799,-0.991589133012172,14.9898725319531,3023.72216226805,0,-4.44089209850063e-16,0,406.518003721094,0,0
57.54,40,100,60.860171825099,2.31109785175958,24.2682487408561,-1.22230152061933,14.9905256827915,3032.48594591719,0,-4.44089209850063e-16,0,407.30125870182,0,0
57.56,40,100,60.9069607538633,2.36769800117008,24.2415327091541,-1.44855137500662,14.9911367099702,3041.21343211274,0,-4.44089209850063e-16,0,408.083589262679,0,0
57.58,40,100,60.9548758375473,2.42371203951884,24.210336954982,-1.67026125914572,14.9917083301706,3049.90473379624,0,-4.44089209850063e-16,0,408.864972763877,0,0
57.6,40,100,61.0039052768276,2.47913231419007,24.1747530123709,-1.88735850135938,14.992243084867,3058.55995161395,0,0,1,409.645386800055,0,0
57.62,40,100,61.0540371227863,2.53395151841308,24.1348738214633,-2.09977515521991,14.9927433516266,3067.17917412914,0,-4.44089209850063e-16,0,410.424809203345,0,0
57.64,40,100,61.1052592838325,2.58816269176541,24.0907936344348,-2.30744795644738,14.99321135468,3075.76247803759,0,0,0,411.203218046299,0,0
57.66,40,100,61.1575595326329,2.64175922040345,24.0426079223059,-2.51031827693398,14.9936491748106,3084.30992838612,0,4.44089209850063e-16,0,411.980591644667,0,0
57.68,40,100,61.2109255130428,2.6947348370258,23.9904132827013,-2.70833207601867,14.9940587586057,3092.82157879402,0,8.88178419700125e-16,0,412.756908560046,0,0
57.7,40,100,61.2653447470346,2.74708362057466,23.9343073486102,-2.90143984913302,14.9944419271114,3101.29747167718,0,1.77635683940025e-15,0,413.532147602389,0,0
57.72,40,100,61.3208046416176,2.79879999568048,23.8743886981993,-3.08959657393689,14.994800383929,3109.73763847471,0,1.77635683940025e-15,0,414.306287832366,0,0
57.74,40,100,61.3772924957443,2.84987873185543,23.8107567657266,-3.2727616540596,14.9951357227897,3118.14209987793,0,1.77635683940025e-15,0,415.079308563602,0,0
57.76,40,100,61.4347955071973,2.90031494244126,23.743511753604,-3.45089886056023,14.9954494346398,3126.51086606154,0,1.77635683940025e-15,0,415.851189364766,0,0
57.78,40,100,61.493300779454,2.9501040833172,23.6727545456518,-3.62397627121802,14.9957429142703,3134.84393691672,0,1.77635683940025e-15,0,416.621910061525,0,0
57.8,40,100,61.5527953285222,2.99924195137349,23.5985866215892,-3.7919662077616,14.9960174665178,3143.1413022861,0,1.77635683940025e-15,1,417.391450738363,0,0
57.82,40,100,61.6132660897432,3.04772468275656,23.5211099727991,-3.95484517114364,14.9962743120661,3151.40294220036,0,1.77635683940025e-15,0,418.15979174026,0,0
57.84,40,100,61.6746999245573,3.09554875089151,23.4404270194064,-4.11259377496519,14.9965145928733,3159.62882711625,0,8.88178419700125e-16,0,418.926913674243,0,0
57.86,40,100,61.7370836272284,3.14271096428787,23.3566405287055,-4.26519667715209,14.9967393772495,3167.81891815596,0,8.88178419700125e-16,0,419.69279741079,0,0
57.88,40,100,61.8004039315211,3.18920846413462,23.2698535349709,-4.41264250998354,14.996949664606,3175.97316734758,0,8.88178419700125e-16,0,420.457424085111,0,0
57.9,40,100,61.8646475173292,3.2350387216905,23.1801692606825,-4.5549238085711,14.9971463898991,3184.09151786644,0,0,0,421.220775098291,0,0
57.92,40,100,61.9298010172492,3.28019953547548,23.087691039197,-4.6920369378843,14.9973304277871,3192.1739042774,0,0,0,421.9828321183,0,0
57.94,40,100,61.9958510230957,3.32468902826965,22.9925222388911,-4.82398201841729,14.9975025965188,3200.22025277752,0,8.88178419700125e-16,0,422.743577080874,0,0
57.96,40,100,62.062784092355,3.36850564392552,22.8947661888058,-4.95076285058881,14.9976636615718,3208.23048143941,0,8.88178419700125e-16,0,423.502992190269,0,0
57.98,40,100,62.1305867545733,3.41164814399981,22.7945261058131,-5.0723868379662,14.9978143390556,3216.20450045467,0,8.88178419700125e-16,0,424.26105991988,0,0
58,40,100,62.1992455176757,3.45411560421095,22.6919050233301,-5.18886490940212,14.9979552988959,3224.14221237756,0,1.77635683940025e-15,1,425.017763012737,0,0
58.02,40,100,62.2687468742124,3.49590741072827,22.5870057216006,-5.300211440171,14.9980871678126,3232.04351236864,0,1.77635683940025e-15,0,425.773084481876,0,0
58.04,40,100,62.3390773075293,3.53702325629913,22.4799306595629,-5.40644417219036,14.9982105321068,3239.9082884381,0,1.77635683940025e-15,0,426.527007610586,0,0
58.06,40,100,62.4102232978598,3.57746313622005,22.3707819083214,-5.50758413341053,14.998325940267,3247.73642168895,0,1.77635683940025e-15,0,427.279515952528,0,0
58.08,40,100,62.4821713283337,3.61722734415799,22.2596610862386,-5.60365555645436,14.9984339054082,3255.52778655947,0,1.77635683940025e-15,0,428.030593331741,0,0
58.1,40,100,62.5549078909022,3.65631646782781,22.1466692956611,-5.69468579658698,14.9985349075532,3263.28225106526,0,1.77635683940025e-15,0,428.780223842521,0,0
58.12,40,100,62.6284194921741,3.69473138453205,22.0319070612918,-5.78070524909397,14.9986293957664,3270.99967704027,0,1.77635683940025e-15,0,429.52839184919,0,0
58.14,40,100,62.702692659162,3.73247325656913,21.9154742702199,-5.8617472661444,14.9987177901509,3278.67992037712,0,8.88178419700125e-16,0,430.275081985742,0,0
58.16,40,100,62.7777139449352,3.76954352651587,21.7974701136189,-5.93784807321387,14.9988004837159,3286.32283126618,0,8.88178419700125e-16,0,431.020279155381,0,0
58.18,40,100,62.8534699341772,3.80594391239045,21.6779930301186,-6.00904668514064,14.9988778441246,3293.92825443355,0,1.77635683940025e-15,0,431.763968529941,0,0
58.2,40,100,62.9299472486449,3.84167640270175,21.5571406508605,-6.07538482188667,14.9989502153281,3301.49602937763,0,1.77635683940025e-15,1,432.506135549201,0,0
58.22,40,100,63.0071325525284,3.87674325139092,21.4350097462393,-6.13690682407347,14.9990179190952,3309.0259906043,0,1.77635683940025e-15,0,433.24676592009,0,0
58.24,40,100,63.085012557708,3.91114697267124,21.3116961743356,-6.19365956836114,14.9990812564431,3316.51796786045,0,1.77635683940025e-15,0,433.985845615786,0,0
58.26,40,100,63.1635740289072,3.94489033577185,21.1872948310425,-6.2456923827374,14.9991405089751,3323.97178636582,0,8.88178419700125e-16,0,434.723360874706,0,0
58.28,40,100,63.2428037887398,3.97797635959145,21.0618996018862,-6.29305696178169,14.9991959401333,3331.387267043,0,1.77635683940025e-15,0,435.459298199405,0,0
58.3,40,100,63.322688722649,4.01040830726736,20.9356033155412,-6.33580728196791,14.9992477963696,3338.76422674548,0,1.77635683940025e-15,0,436.193644355366,0,0
58.32,40,100,63.4032157837375,4.04218968066601,20.8084976990387,-6.37399951706783,14.9992963082414,3346.10247848362,0,0,0,436.926386369691,0,0
58.34,40,100,63.484371997486,4.07332421480006,20.6806733346653,-6.40769195371526,14.9993416914369,3353.40183164852,0,8.88178419700125e-16,0,437.657511529706,0,0
58.36,40,100,63.5661444663597,4.10381587217807,20.5522196185483,-6.43694490719015,14.9993841477338,3360.66209223351,0,-8.88178419700125e-16,0,438.387007381468,0,0
58.38,40,100,63.6485203743017,4.13366883709203,20.4232247209227,-6.46182063747937,14.9994238658965,3367.8830630533,0,0,0,439.114861728171,0,0
58.4,40,100,63.7314869911106,4.16288750984813,20.2937755480739,-6.48238326567018,14.9994610225156,3375.06454396072,0,0,1,439.841062628485,0,0
58.42,40,100,63.8150316767028,4.1914765009463,20.1639577059481,-6.49869869073021,14.9994957827927,3382.20633206077,0,-8.88178419700125e-16,0,440.565598394786,0,0
58.44,40,100,63.8991418852577,4.21944062521366,20.0338554654239,-6.51083450672657,14.9995283012751,3389.30822192208,0,0,0,441.288457591318,0,0
58.46,40,100,63.9838051692455,4.24678489589713,19.9035517292336,-6.51885992053497,14.9995587225429,3396.37000578562,0,8.88178419700125e-16,0,442.009629032262,0,0
58.48,40,100,64.0690091833359,4.27351451872029,19.7731280005256,-6.52284567008839,14.9995871818518,3403.39147377049,0,8.88178419700125e-16,0,442.729101779738,0,0
58.5,40,100,64.1547416881881,4.29963488590966,19.642664353056,-6.52286394321303,14.9996138057343,3410.37241407695,0,8.88178419700125e-16,0,443.446865141717,0,0
58.52,40,100,64.240990554121,4.32515157019519,19.5122394029972,-6.51898829709806,14.9996387125627,3417.31261318622,0,8.88178419700125e-16,0,444.162908669866,0,0
58.54,40,100,64.3277437646628,4.35007031878998,19.3819302823501,-6.51129357844385,14.9996620130749,3424.21185605749,0,8.88178419700125e-16,0,444.877222157319,0,0
58.56,40,100,64.4149894199805,4.37439704735397,19.2518126139465,-6.49985584433215,14.999683810867,3431.06992632151,0,0,0,445.58979563638,0,0
58.58,40,100,64.5027157401886,4.39813783394632,19.1219604880265,-6.48475228385998,14.9997042028541,3437.88660647119,0,8.88178419700125e-16,0,446.300619376154,0,0
58.6,40,100,64.590911068536,4.42129891297112,18.9924464403753,-6.46606114057756,14.9997232797006,3444.66167804879,0,8.88178419700125e-16,1,447.00968388012,0,0
58.62,40,100,64.6795638744731,4.44388666912088,18.8633414320023,-6.44386163576917,14.999741126224,3451.39492182986,0,1.77635683940025e-15,0,447.716979883633,0,0
58.64,40,100,64.7686627565961,4.46590763132235,18.734714830347,-6.41823389261427,14.9997578217715,3458.08611800375,0,2.66453525910038e-15,0,448.422498351373,0,0
58.66,40,100,64.858196445472,4.48736846668897,18.6066343919912,-6.3892588612649,14.999773440573,3464.73504635066,0,1.77635683940025e-15,0,449.126230474732,0,0
58.68,40,100,64.9481538063415,4.50827597448418,18.4791662468614,-6.35701824487372,14.9997880520711,3471.34148641525,0,1.77635683940025e-15,0,449.828167669149,0,0
58.7,40,100,65.0385238417018,4.52863708009972,18.3523748838998,-6.3215944266057,14.9998017212297,3477.90521767669,0,1.77635683940025e-15,0,450.528301571392,0,0
58.72,40,100,65.1292956937693,4.5484588290531,18.2263231381863,-6.28307039766519,14.9998145088233,3484.42601971511,0,8.88178419700125e-16,0,451.226624036782,0,0
58.74,40,100,65.2204586468222,4.56774838100807,18.1010721794879,-6.24152968636842,14.9998264717065,3490.90367237443,0,1.77635683940025e-15,0,451.923127136381,0,0
58.76,40,100,65.3120021294236,4.58651300382203,17.9766815022172,-6.19705628829027,14.9998376630674,3497.33795592154,0,8.88178419700125e-16,0,452.617803154126,0,0
58.78,40,100,65.4039157165264,4.6047600676241,17.8532089167768,-6.14973459751258,14.9998481326639,3503.72865120182,0,1.77635683940025e-15,0,453.310644583922,0,0
58.8,40,100,65.4961891314599,4.62249703892755,17.7307105422669,-6.09964933900015,14.9998579270446,3510.07553979087,0,8.88178419700125e-16,1,454.001644126696,0,0
58.82,40,100,65.5888122477985,4.63973147478015,17.6092408005346,-6.04688550212896,14.9998670897563,3516.37840414255,0,1.77635683940025e-15,0,454.690794687405,0,0
58.84,40,100,65.6817750911145,4.65647101695588,17.4888524115403,-5.99152827538993,14.9998756615372,3522.63702773319,0,0,0,455.378089372022,0,0
58.86,40,100,65.7750678406149,4.67272338619144,17.3695963900189,-5.93366298229005,14.9998836804982,3528.85119520206,0,0,0,456.063521484472,0,0
58.88,40,100,65.8686808306633,4.68849637647065,17.2515220434097,-5.87337501847171,14.9998911822923,3535.02069248801,0,8.88178419700125e-16,0,456.747084523547,0,0
58.9,40,100,65.9626045521885,4.70379784936013,17.1346769710329,-5.81074979006935,14.9998982002732,3541.14530696225,0,0,0,457.428772179789,0,0
58.92,40,100,66.0568296539792,4.71863572839916,17.0191070644851,-5.7458726533215,14.9999047656434,3547.22482755731,0,8.88178419700125e-16,0,458.108578332346,0,0
58.94,40,100,66.1513469438687,4.73301799354673,16.9048565092308,-5.67882885545503,14.9999109075931,3553.25904489217,0,8.88178419700125e-16,0,458.786497045798,0,0
58.96,40,100,66.2461473898076,4.7469526756886,16.7919677873633,-5.60970347685694,14.9999166534301,3559.24775139353,0,8.88178419700125e-16,0,459.462522566973,0,0
58.98,40,100,66.3412221208283,4.76044785120722,16.6804816815084,-5.53858137454814,14.9999220287008,3565.19074141316,0,8.88178419700125e-16,0,460.136649321728,0,0
59,40,100,66.436562427901,4.77351163661702,16.5704372798467,-5.46554712697201,14.9999270573041,3571.08781134148,0,1.77635683940025e-15,1,460.808871911723,0,0
59.02,40,100,66.5321597646833,4.7861521832678,16.4618719822254,-5.39068498010977,14.9999317615977,3576.93875971722,0,1.77635683940025e-15,0,461.479185111172,0,0
59.04,40,100,66.6280057481647,4.79837767211845,16.3548215073362,-5.31407879493305,14.9999361624973,3582.74338733324,0,1.77635683940025e-15,0,462.147583863582,0,0
59.06,40,100,66.7240921592066,4.8101963085836,16.2493199009289,-5.23581199620338,14.9999402795696,3588.50149733849,0,1.77635683940025e-15,0,462.814063278486,0,0
59.08,40,100,66.8204109429814,4.82161631745521,16.1453995450368,-5.15596752262668,14.9999441311195,3594.21289533617,0,1.77635683940025e-15,0,463.478618628154,0,0
59.1,40,100,66.9169542093087,4.83264593790145,16.0430911681849,-5.07462777837001,14.9999477342715,3599.87738947802,0,2.66453525910038e-15,0,464.141245344308,0,0
59.12,40,100,67.0137142328948,4.84329341854479,15.9424238565539,-4.99187458594669,14.9999511050453,3605.49479055483,0,2.66453525910038e-15,0,464.801939014825,0,0
59.14,40,100,67.1106834534722,4.85356701262126,15.8434250660731,-4.90778914047459,14.9999542584278,3611.0649120831,0,3.5527136788005e-15,0,465.460695380437,0,0
59.16,40,100,67.2078544758446,4.86347497322292,15.7461206354143,-4.82245196531174,14.9999572084392,3616.587570388,0,4.44089209850063e-15,0,466.117510331432,0,0
59.18,40,100,67.3052200698371,4.87302554862494,15.6505347998591,-4.73594286907181,14.9999599681955,3622.06258468253,0,2.66453525910038e-15,0,466.772379904351,0,0
59.2,40,100,67.4027731701539,4.88222697769934,15.5566902060121,-4.64834090402151,14.9999625499669,3627.48977714292,0,2.66453525910038e-15,1,467.425300278688,0,0
59.22,40,100,67.500506876145,4.89108748541669,15.4646079273323,-4.55972432586057,14.999964965232,3632.86897298036,0,2.66453525910038e-15,0,468.076267773598,0,0
59.24,40,100,67.5984144514839,4.89961527843733,15.3743074804552,-4.47017055488412,14.9999672247295,3638.20000050906,0,2.66453525910038e-15,0,468.725278844604,0,0
59.26,40,100,67.6964893237584,4.90781854079354,15.2858068422778,-4.37975613852641,14.9999693385051,3643.48269121065,0,2.66453525910038e-15,0,469.372330080317,0,0
59.28,40,100,67.7947250839752,4.9157054296638,15.1991224677787,-4.28855671528359,14.999971315957,3648.71687979487,0,1.77635683940025e-15,0,470.017418199158,0,0
59.3,40,100,67.8931154859814,4.92328407124051,15.1142693085464,-4.19664698001271,14.9999731658771,3653.90240425686,0,1.77635683940025e-15,0,470.660540046103,0,0
59.32,40,100,67.9916544458045,4.93056255669211,15.0312608319874,-4.1041006506028,14.9999748964903,3659.0391059307,0,2.66453525910038e-15,0,471.301692589424,0,0
59.34,40,100,68.0903360409123,4.93754893822078,14.9501090411877,-4.0109904360134,14.9999765154911,3664.12682953956,0,3.5527136788005e-15,0,471.940872917458,0,0
59.36,40,100,68.1891545093946,4.94425122521641,14.8708244953995,-3.9173880056747,14.9999780300776,3669.16542324232,0,3.5527136788005e-15,0,472.578078235387,0,0
59.38,40,100,68.2881042490698,4.95067738050794,14.7934163311264,-3.82336396024285,14.9999794469839,3674.15473867679,0,3.5527136788005e-15,0,473.21330586203,0,0
59.4,40,100,68.3871798165166,4.95683531671264,14.7178922837805,-3.72898780370315,14.9999807725097,3679.09463099948,0,3.5527136788005e-15,1,473.84655322666,0,0
59.42,40,100,68.4863759260343,4.96273289268404,14.6442587098829,-3.63432791681279,14.9999820125483,3683.98495892205,0,3.5527136788005e-15,0,474.477817865842,0,0
59.44,40,100,68.5856874485327,4.96837791005913,14.5725206097835,-3.53945153187453,14.9999831726131,3688.82558474446,0,3.5527136788005e-15,0,475.107097420286,0,0
59.46,40,100,68.6851094103543,4.97377810990524,14.502681650871,-3.44442470883143,14.9999842578618,3693.61637438483,0,2.66453525910038e-15,0,475.734389631725,0,0
59.48,40,100,68.78463699203,4.97894116946717,14.4347441912479,-3.34931231267228,14.9999852731196,3698.3571974061,0,1.77635683940025e-15,0,476.359692339824,0,0
59.5,40,100,68.884265526971,4.98387469901471,14.3687093038453,-3.25417799213686,14.9999862229003,3703.04792703951,0,1.77635683940025e-15,0,476.983003479107,0,0
59.52,40,100,68.9839905000985,4.98858623879101,14.3045768009496,-3.1590841597089,14.9999871114269,3707.68844020498,0,1.77635683940025e-15,0,477.604321075908,0,0
59.54,40,100,69.0838075464139,4.9930832560618,14.2423452591174,-3.06409197288473,14.9999879426497,3712.27861752841,0,8.88178419700125e-16,0,478.223643245364,0,0
59.56,40,100,69.1837124495101,4.9973731422657,14.1820120444518,-2.96926131670417,14.9999887202644,3716.81834335594,0,8.88178419700125e-16,0,478.840968188422,0,0
59.58,40,100,69.2837011400276,5.00146321026564,14.1235733382157,-2.87465078753025,14.9999894477285,3721.30750576531,0,8.88178419700125e-16,0,479.456294188882,0,0
59.6,40,100,69.3837696940561,5.00536069170122,14.0670241627577,-2.78031767806342,14.9999901282762,3725.74599657424,0,8.88178419700125e-16,1,480.069619610478,0,0
59.62,40,100,69.4839143314849,5.00907273444214,14.0123584077246,-2.68631796357532,14.9999907649333,3730.13371134599,0,8.88178419700125e-16,0,480.680942893977,0,0
59.64,40,100,69.5841314143021,5.01260640014223,13.9595688565375,-2.59270628934686,14.9999913605305,3734.47054939213,0,1.77635683940025e-15,0,481.290262554327,0,0
59.66,40,100,69.6844174448474,5.01596866189412,13.9086472131081,-2.49953595929462,14.9999919177158,3738.75641377254,0,0,0,481.897577177831,0,0
59.68,40,100,69.7847690640178,5.01916640198405,13.8595841287688,-2.40685892576914,14.9999924389666,3742.99121129272,0,8.88178419700125e-16,0,482.502885419352,0,0
59.7,40,100,69.8851830494301,5.02220640974643,13.8123692293974,-2.31472578050825,14.9999929266004,3747.17485249854,0,0,0,483.10618599957,0,0
59.72,40,100,69.9856563135411,5.02509537951792,13.7669911427097,-2.22318574672808,14.9999933827852,3751.30725166829,0,8.88178419700125e-16,0,483.707477702258,0,0
59.74,40,100,70.0861859017279,5.02783990869026,13.7234375257,-2.13228667233391,14.9999938095492,3755.38832680238,0,8.88178419700125e-16,0,484.306759371608,0,0
59.76,40,100,70.1867689903307,5.03044649586147,13.6816950922059,-2.04207502423266,14.99999420879,3759.41799961043,0,8.88178419700125e-16,0,484.904029909592,0,0
59.78,40,100,70.287402884659,5.03292153908475,13.6417496405759,-1.95259588372847,14.9999945822825,3763.39619549608,0,1.77635683940025e-15,0,485.499288273361,0,0
59.8,40,100,70.388085016964,5.03527133421436,13.6035860814192,-1.86389294298231,14.9999949316874,3767.32284353943,0,8.88178419700125e-16,1,486.092533472689,0,0
59.82,40,100,70.488812944379,5.03750207334785,13.5671884654145,-1.77600850251626,14.9999952585581,3771.19787647719,0,8.88178419700125e-16,0,486.683764567451,0,0
59.84,40,100,70.5895843468293,5.03961984336373,13.5325400111598,-1.68898346974297,14.9999955643479,3775.02123068066,0,1.77635683940025e-15,0,487.272980665148,0,0
59.86,40,100,70.6903970249143,5.04163062455383,13.4996231330405,-1.60285735850008,14.9999958504165,3778.79284613152,0,1.77635683940025e-15,0,487.860180918473,0,0
59.88,40,100,70.7912488977624,5.0435402893495,13.4684194690975,-1.51766828956945,14.9999961180356,3782.5126663956,0,1.77635683940025e-15,0,488.445364522918,0,0
59.9,40,100,70.8921380008625,5.04535460114055,13.4389099088751,-1.43345299216074,14.9999963683951,3786.1806385945,0,1.77635683940025e-15,0,489.028530714425,0,0
59.92,40,100,70.9930624838712,5.04707921318617,13.4110746212296,-1.35024680633831,14.9999966026082,3789.7967133754,0,1.77635683940025e-15,0,489.60967876708,0,0
59.94,40,100,71.0940206084011,5.0487196676166,13.3848930820804,-1.26808368637063,14.9999968217162,3793.36084487887,0,1.77635683940025e-15,0,490.188807990855,0,0
59.96,40,100,71.1950107457882,5.05028139452467,13.3603441020848,-1.1869962049809,14.9999970266933,3796.87299070487,0,8.88178419700125e-16,0,490.765917729386,0,0
59.98,40,100,71.2960313748431,5.05176971114589,13.3374058542189,-1.10701555847734,14.9999972184508,3800.33311187693,0,8.88178419700125e-16,0,491.341007357805,0,0
60,40,100,71.3970810795864,5.05318982112617,13.3160559012478,-1.02817157274172,14.9999973978412,3803.74117280474,0,0,1,491.914076280612,0,0
60.02,40,100,71.4981585469703,5.05454681387582,13.2962712230668,-0.950492710054191,14.9999975656623,3807.09714124492,0,8.88178419700125e-16,0,492.485123929593,0,0
60.04,40,100,71.5992625645879,5.05584566400857,13.2780282438988,-0.87400607673268,14.99999772266,3810.40098826031,0,1.77635683940025e-15,0,493.054149761787,0,0
60.06,40,100,71.7003920183729,5.05709123086458,13.2613028593304,-0.798737431564668,14.9999978695325,3813.65268817772,0,2.66453525910038e-15,0,493.62115325749,0,0
60.08,40,100,71.8015458902895,5.05828825811587,13.2460704631714,-0.724711195009367,14.9999980069328,3816.85221854416,0,2.66453525910038e-15,0,494.186133918317,0,0
60.1,40,100,71.902723256016,5.05944137345302,13.2323059741236,-0.651950459148003,14.9999981354717,3819.99956008172,0,3.5527136788005e-15,0,494.749091265304,0,0
60.12,40,100,72.0039232826226,5.06055508835172,13.2199838622427,-0.58047699835998,14.9999982557207,3823.09469664106,0,3.5527136788005e-15,0,495.310024837054,0,0
60.14,40,100,72.1051452262458,5.0616337979178,13.2090781751793,-0.510311280702571,14.9999983682145,3826.13761515367,0,3.5527136788005e-15,0,495.868934187934,0,0
60.16,40,100,72.2063884297595,5.06268178080932,13.1995625641862,-0.44147247997181,14.9999984734533,3829.1283055828,0,3.5527136788005e-15,0,496.425818886319,0,0
60.18,40,100,72.3076523204464,5.06370319923425,13.1914103098776,-0.37397848842219,14.9999985719048,3832.06676087338,0,3.5527136788005e-15,0,496.980678512876,0,0
60.2,40,100,72.4089364076693,5.06470209902237,13.184594347727,-0.307845930122812,14.999998664007,3834.95297690068,0,2.66453525910038e-15,1,497.533512658903,0,0
60.22,40,100,72.5102402805449,5.0656824097698,13.1790872932925,-0.243090174927613,14.9999987501692,3837.78695241802,0,2.66453525910038e-15,0,498.084320924708,0,0
60.24,40,100,72.6115636056214,5.0666479450547,13.1748614671566,-0.17972535303736,14.9999988307745,3840.56868900345,0,3.5527136788005e-15,0,498.633102918042,0,0
60.26,40,100,72.7129061245605,5.06760240272263,13.1718889195685,-0.117764370131108,14.9999989061814,3843.29819100554,0,4.44089209850063e-15,0,499.179858252566,0,0
60.28,40,100,72.8142676518266,5.06854936523998,13.1701414547788,-0.0572189230449177,14.999998976725,3845.9754654882,0,2.66453525910038e-15,0,499.724586546377,0,0
60.3,40,100,72.9156480723829,5.06949230011398,13.1695906550553,0.00190048402432801,14.9999990427191,3848.60052217486,0,2.66453525910038e-15,0,500.267287420576,0,0
60.32,40,100,73.0170473393972,5.0704345603776,13.1702079043694,0.0595845228120689,14.999999104457,3851.17337339165,0,2.66453525910038e-15,0,500.807960497876,0,0
60.34,40,100,73.1184654719578,5.07137938513787,13.1719644117436,0.115825023798132,14.9999991622133,3853.69403401012,0,2.66453525910038e-15,0,501.346605401265,0,0
60.36,40,100,73.2199025528007,5.07232990018597,13.1748312342509,0.170614958559563,14.9999992162447,3856.16252138915,0,1.77635683940025e-15,0,501.88322175271,0,0
60.38,40,100,73.3213587260505,5.07328911866741,13.1787792996563,0.223948421685948,14.9999992667914,3858.57885531631,0,8.88178419700125e-16,0,502.417809171904,0,0
60.4,40,100,73.4228341949738,5.07425994181083,13.183779428693,0.275820612278792,14.9999993140782,3860.94305794866,0,1.77635683940025e-15,1,502.950367275063,0,0
60.42,40,100,73.5243292197495,5.07524515971359,13.1898023569642,0.326227815056397,14.9999993583154,3863.25515375316,0,1.77635683940025e-15,0,503.480895673764,0,0
60.44,40,100,73.6258441152538,5.07624745218272,13.1968187564633,0.37516738108549,14.9999993996996,3865.51516944647,0,2.66453525910038e-15,0,504.009393973831,0,0
60.46,40,100,73.7273792488638,5.07726938962939,13.2047992567053,0.422637708160691,14.9999994384147,3867.72313393452,0,1.77635683940025e-15,0,504.535861774262,0,0
60.48,40,100,73.8289350382786,5.0783134340154,13.2137144654624,0.468638220852733,14.9999994746331,3869.87907825168,0,2.66453525910038e-15,0,505.060298666199,0,0
60.5,40,100,73.9305119493602,5.07938193984999,13.2235349890973,0.513169350246116,14.9999995085156,3871.98303549962,0,2.66453525910038e-15,0,505.582704231946,0,0
60.52,40,100,74.032110493995,5.0804771552352,13.2342314524886,0.556232513386714,14.9999995402129,3874.03504078598,0,8.88178419700125e-16,0,506.103078044025,0,0
60.54,40,100,74.1337312279767,5.0816012229584,13.245774518542,0.597830092459599,14.9999995698659,3876.03513116287,0,8.88178419700125e-16,0,506.621419664281,0,0
60.56,40,100,74.2353747489106,5.08275618163002,13.2581349072829,0.637965413717136,14.9999995976066,3877.98334556514,0,1.77635683940025e-15,0,507.137728643016,0,0
60.58,40,100,74.3370416941425,5.08394396686499,13.2712834145253,0.676642726177176,14.9999996235581,3879.87972474863,0,1.77635683940025e-15,0,507.652004518184,0,0
60.6,40,100,74.4387327387108,5.08516641250633,13.2851909301118,0.713867180110891,14.999999647836,3881.72431122837,0,8.88178419700125e-16,1,508.164246814608,0,0
60.62,40,100,74.5404485933232,5.08642525188898,13.2998284557225,0.74964480533959,14.9999996705481,3883.51714921675,0,0,0,508.674455043254,0,0
60.64,40,100,74.6421900023602,5.0877221191425,13.315167122247,0.783982489359565,14.9999996917954,3885.25828456171,0,0,0,509.182628700531,0,0
60.66,40,100,74.7439577419038,5.0890585505308,13.3311782067183,0.816887955313727,14.9999997116725,3886.94776468507,0,0,0,509.68876726764,0,0
60.68,40,100,74.845752617794,5.0904359858274,13.3478331488042,0.848369739828575,14.9999997302676,3888.58563852095,0,0,0,510.192870209962,0,0
60.7,40,100,74.9475754637133,5.09185576972458,13.3651035668541,0.878437170734678,14.9999997476634,3890.17195645432,0,0,0,510.694936976477,0,0
60.72,40,100,75.049427139299,5.09331915327467,13.3829612734997,0.907100344688626,14.9999997639374,3891.70677025984,0,0,0,511.194966999229,0,0
60.74,40,100,75.1513085282853,5.09482729536212,13.401378290807,0.934370104714071,14.9999997791618,3893.19013304087,0,8.88178419700125e-16,0,511.692959692828,0,0
60.76,40,100,75.2532205366751,5.09638126420453,13.4203268649786,0.96025801767917,14.9999997934043,3894.62209916876,0,8.88178419700125e-16,0,512.18891445398,0,0
60.78,40,100,75.3551640909415,5.09798203888119,13.4397794806048,0.984776351727467,14.9999998067283,3896.00272422255,0,0,0,512.682830661066,0,0
60.8,40,100,75.4571401362608,5.09963051088752,13.459708874463,1.0079380536789,14.9999998191929,3897.33206492888,0,8.88178419700125e-16,1,513.174707673746,0,0
60.82,40,100,75.5591496347765,5.10132748571387,13.4800880488656,1.02975672641728,14.9999998308537,3898.61017910243,0,8.88178419700125e-16,0,513.664544832603,0,0
60.84,40,100,75.6611935638952,5.10307368444712,13.5008902845549,1.05024660628041,14.9999998417625,3899.83712558667,0,8.88178419700125e-16,0,514.152341458825,0,0
60.86,40,100,75.7632729146146,5.10486974539355,13.5220891531459,1.06942254046834,14.9999998519677,3901.01296419515,0,8.88178419700125e-16,0,514.638096853911,0,0
60.88,40,100,75.8653886898847,5.10671622572153,13.5436585291185,1.08729996448544,14.9999998615147,3902.13775565324,0,8.88178419700125e-16,0,515.121810299417,0,0
60.9,40,100,75.967541903001,5.10861360312244,13.5655726013581,1.10389487963106,14.9999998704461,3903.21156154037,0,8.88178419700125e-16,0,515.603481056735,0,0
60.92,40,100,76.0697335760321,5.11056227748842,13.5878058842467,1.11922383055368,14.9999998788014,3904.23444423286,0,8.88178419700125e-16,0,516.083108366902,0,0
60.94,40,100,76.1719647382807,5.11256257260549,13.6103332283064,1.13330388288278,14.9999998866179,3905.20646684731,0,8.88178419700125e-16,0,516.560691450436,0,0
60.96,40,100,76.2742364247781,5.11461473786051,13.633129830396,1.14615260095257,14.9999998939302,3906.1276931846,0,8.88178419700125e-16,0,517.036229507211,0,0
60.98,40,100,76.376549674814,5.11671894996073,13.6561712434633,1.15778802563111,14.999999900771,3906.9981876745,0,1.77635683940025e-15,0,517.509721716356,0,0
61,40,100,76.4789055304995,5.1188753146643,13.6794333858546,1.16822865226821,14.9999999071706,3907.81801532099,0,8.88178419700125e-16,1,517.981167236182,0,0
61.02,40,100,76.5813050353662,5.1210838685206,13.7028925501855,1.17749340877504,14.9999999131574,3908.5872416482,0,1.77635683940025e-15,0,518.450565204142,0,0
61.04,40,100,76.683749232999,5.12334458061884,13.7265254117738,1.18560163384811,14.9999999187581,3909.30593264711,0,1.77635683940025e-15,0,518.917914736816,0,0
61.06,40,100,76.7862391657045,5.12565735434373,13.7503090366387,1.19257305534965,14.9999999239977,3909.97415472297,0,1.77635683940025e-15,0,519.383214929921,0,0
61.08,40,100,76.8887758732149,5.12802202913675,13.7742208890695,1.1984277688566,14.9999999288993,3910.59197464343,0,1.77635683940025e-15,0,519.846464858354,0,0
61.1,40,100,76.9913603914262,5.13043838226193,13.7982388387666,1.20318621638942,14.9999999334848,3911.15945948754,0,1.77635683940025e-15,0,520.307663576252,0,0
61.12,40,100,77.093993751173,5.13290613057464,13.8223411675595,1.20686916533204,14.9999999377746,3911.67667659543,0,8.88178419700125e-16,0,520.766810117083,0,0
61.14,40,100,77.1966769770373,5.13542493229238,13.846506575705,1.20949768755371,14.9999999417877,3912.14369351886,0,1.77635683940025e-15,0,521.22390349376,0,0
61.16,40,100,77.2994110861942,5.13799438876613,13.8707141877695,1.21109313874322,14.999999945542,3912.56057797265,0,1.77635683940025e-15,0,521.678942698775,0,0
61.18,40,100,77.4021970872915,5.14061404625116,13.8949435581009,1.21167713796541,14.9999999490541,3912.92739778686,0,2.66453525910038e-15,0,522.131926704361,0,0
61.2,40,100,77.5050359793663,5.1432833976762,13.9191746758936,1.21127154744994,14.9999999523398,3913.2442208599,0,2.66453525910038e-15,1,522.582854462672,0,0
61.22,40,100,77.6079287507954,5.14600188440964,13.9433879698516,1.20989845262144,14.9999999554135,3913.51111511251,0,1.77635683940025e-15,0,523.031724905985,0,0
61.24,40,100,77.7108763782824,5.14876889802176,13.9675643124548,1.20758014238014,14.999999958289,3913.72814844261,0,1.77635683940025e-15,0,523.478536946926,0,0
61.26,40,100,77.8138798258786,5.15158378204192,13.9916850238333,1.20433908964156,14.9999999609791,3913.89538868113,0,1.77635683940025e-15,0,523.923289478712,0,0
61.28,40,100,77.9169400440403,5.15444583370948,14.0157318752557,1.20019793214364,14.9999999634957,3914.01290354862,0,2.66453525910038e-15,0,524.365981375413,0,0
61.3,40,100,78.0200579687202,5.15735430571757,14.0396870922357,1.19517945352909,14.99999996585,3914.08076061296,0,2.66453525910038e-15,0,524.806611492232,0,0
61.32,40,100,78.1232345204938,5.16030840794857,14.0635333572633,1.1893065647106,14.9999999680524,3914.09902724791,0,2.66453525910038e-15,0,525.245178665808,0,0
61.34,40,100,78.2264706037206,5.16330730920035,14.0872538121662,1.18260228552616,14.9999999701128,3914.06777059263,0,2.66453525910038e-15,0,525.681681714527,0,0
61.36,40,100,78.3297671057395,5.16635013890235,14.1108320601078,1.17508972669127,14.9999999720403,3913.98705751217,0,2.66453525910038e-15,0,526.116119438857,0,0
61.38,40,100,78.4331248960986,5.16943598882037,14.1342521672261,1.1667920720546,14.9999999738435,3913.85695455894,0,1.77635683940025e-15,0,526.548490621698,0,0
61.4,40,100,78.5365448258186,5.17256391474944,14.1574986639221,1.15773256116331,14.9999999755304,3913.67752793515,0,2.66453525910038e-15,1,526.97879402874,0,0
61.42,40,100,78.6400277266906,5.1757329381936,14.1805565458017,1.14793447214375,14.9999999771085,3913.4488434562,0,1.77635683940025e-15,0,527.407028408847,0,0
61.44,40,100,78.7435744106066,5.17894204803191,14.2034112742789,1.13742110490319,14.9999999785849,3913.17096651516,0,8.88178419700125e-16,0,527.833192494441,0,0
61.46,40,100,78.8471856689239,5.18219020216977,14.226048776846,1.12621576465756,14.999999979966,3912.84396204811,0,8.88178419700125e-16,0,528.257285001915,0,0
61.48,40,100,78.9508622718617,5.18547632917471,14.2484554470181,1.11434174579017,14.9999999812581,3912.46789450058,0,8.88178419700125e-16,0,528.679304632042,0,0
61.5,40,100,79.0546049679306,5.18879932989604,14.2706181439575,1.10182231604586,14.9999999824668,3912.04282779495,0,1.77635683940025e-15,0,529.099250070407,0,0
61.52,40,100,79.1584144833946,5.19215807906733,14.292524191786,1.08868070106461,14.9999999835976,3911.56882529885,0,2.66453525910038e-15,0,529.517119987849,0,0
61.54,40,100,79.2622915217642,5.19555142689123,14.3141613785905,1.07494006925873,14.9999999846554,3911.04594979462,0,1.77635683940025e-15,0,529.932913040906,0,0
61.56,40,100,79.3662367633219,5.1989782006058,14.3355179551309,1.06062351703694,14.999999985645,3910.47426344967,0,2.66453525910038e-15,0,530.346627872278,0,0
61.58,40,100,79.470250864678,5.20243720603173,14.3565826332544,1.04575405437856,14.9999999865708,3909.853827788,0,2.66453525910038e-15,0,530.758263111295,0,0
61.6,40,100,79.574334458358,5.20592722909976,14.377344584026,1.03035459076089,14.9999999874369,3909.18470366253,0,1.77635683940025e-15,1,531.167817374395,0,0
61.62,40,100,79.6784881524197,5.20944703735769,14.3977934355807,1.01444792144215,14.9999999882471,3908.46695122867,0,2.66453525910038e-15,0,531.575289265611,0,0
61.64,40,100,79.7827125301003,5.21299538145639,14.4179192707047,0.998056714102472,14.9999999890051,3907.70062991866,0,2.66453525910038e-15,0,531.98067737706,0,0
61.66,40,100,79.8870081494932,5.21657099661429,14.4377126241536,0.981203495844813,14.9999999897142,3906.8857984171,0,1.77635683940025e-15,0,532.383980289448,0,0
61.68,40,100,79.9913755432541,5.22017260405964,14.4571644797135,0.963910640557576,14.9999999903776,3906.02251463738,0,1.77635683940025e-15,0,532.785196572571,0,0
61.7,40,100,80.0958152183352,5.22379891245028,14.4762662670136,0.946200356640319,14.9999999909981,3905.11083569908,0,1.77635683940025e-15,0,533.184324785828,0,0
61.72,40,100,80.2003276557475,5.22744861927018,14.4950098580967,0.928094675093719,14.9999999915787,3904.1508179065,0,8.88178419700125e-16,0,533.581363478741,0,0
61.74,40,100,80.3049133103518,5.23112041220241,14.513387563755,0.909615437974632,14.9999999921218,3903.14251672799,0,8.88178419700125e-16,0,533.976311191469,0,0
61.76,40,100,80.4095726106755,5.23481297047815,14.531392129639,0.890784287216865,14.9999999926299,3902.08598677639,0,8.88178419700125e-16,0,534.36916645534,0,0
61.78,40,100,80.5143059587575,5.2385249662011,14.5490167321462,0.871622653817967,14.9999999931052,3900.98128179043,0,8.88178419700125e-16,0,534.759927793376,0,0
61.8,40,100,80.6191137300179,5.24225506564727,14.5662549740973,0.852151747392102,14.9999999935499,3899.82845461705,0,8.88178419700125e-16,1,535.148593720821,0,0
61.82,40,100,80.7239962731552,5.24600193053933,14.5831008802073,0.832392546088828,14.9999999939659,3898.62755719467,0,0,0,535.535162745681,0,0
61.84,40,100,80.8289539100668,5.24976421929564,14.5995488923581,0.812365786877311,14.999999994355,3897.37864053751,0,-8.88178419700125e-16,0,535.919633369254,0,0
61.86,40,100,80.9339869357958,5.25354058825326,14.615593864681,0.792091956195313,14.9999999947191,3896.08175472074,0,-1.77635683940025e-15,0,536.302004086671,0,0
61.88,40,100,81.0390956185014,5.25732969286488,14.6312310584555,0.771591280961997,14.9999999950597,3894.73694886665,0,-1.77635683940025e-15,0,536.682273387428,0,0
61.9,40,100,81.1442801994526,5.26113018886936,14.6464561368322,0.750883719953411,14.9999999953783,3893.34427113168,0,-1.77635683940025e-15,0,537.060439755928,0,0
61.92,40,100,81.2495408930455,5.26494073343552,14.6612651593867,0.729988955539236,14.9999999956764,3891.90376869439,0,-2.66453525910038e-15,0,537.436501672017,0,0
61.94,40,100,81.3548778868435,5.26875998627913,14.6756545765115,0.70892638577919,14.9999999959552,3890.41548774439,0,-3.5527136788005e-15,0,537.810457611523,0,0
61.96,40,100,81.4602913416386,5.27258661075278,14.6896212236544,0.687715116877263,14.9999999962161,3888.87947347207,0,-3.5527136788005e-15,0,538.182306046789,0,0
61.98,40,100,81.5657813915352,5.27641927490852,14.7031623154081,0.666373955991721,14.9999999964601,3887.29577005929,0,-3.5527136788005e-15,0,538.552045447209,0,0
62,40,100,81.6713481440546,5.28025665253301,14.7162754394611,0.644921404398639,14.9999999966884,3885.66442067091,0,-3.5527136788005e-15,1,538.919674279762,0,0
62.02,40,100,81.7769916802592,5.28409742415523,14.728958550414,0.62337565100651,14.999999996902,3883.98546744718,0,-3.5527136788005e-15,0,539.285191009541,0,0
62.04,40,100,81.8827120548979,5.28794027802649,14.7412099634706,0.601754566219276,14.9999999971018,3882.25895149697,0,-3.5527136788005e-15,0,539.648594100281,0,0
62.06,40,100,81.9885092965696,5.29178391107267,14.7530283480092,0.58007569614496,14.9999999972887,3880.48491289191,0,-4.44089209850063e-15,0,540.009882014883,0,0
62.08,40,100,82.0943834079065,5.29562702981868,14.7644127210416,0.558356257146863,14.9999999974636,3878.66339066124,0,-3.5527136788005e-15,0,540.369053215939,0,0
62.1,40,100,82.2003343657745,5.29946835128508,14.7753624405664,0.536613130734154,14.9999999976271,3876.79442278757,0,-4.44089209850063e-15,0,540.726106166243,0,0
62.12,40,100,82.3063621214921,5.30330660385677,14.785877198824,0.514862858788464,14.9999999977802,3874.87804620335,0,-4.44089209850063e-15,0,541.081039329308,0,0
62.14,40,100,82.4124666010664,5.3071405281238,14.7959570154588,0.493121639122967,14.9999999979233,3872.91429678822,0,-4.44089209850063e-15,0,541.433851169877,0,0
62.16,40,100,82.5186477054449,5.3109688776943,14.8056022305961,0.471405321370264,14.9999999980573,3870.90320936705,0,-5.32907051820075e-15,0,541.78454015442,0,0
62.18,40,100,82.6249053107843,5.31479041997956,14.8148134978406,0.449729403195199,14.9999999981826,3868.84481770879,0,-4.44089209850063e-15,0,542.133104751639,0,0
62.2,40,100,82.7312392687337,5.31860393695133,14.823591777201,0.428109026828652,14.9999999982998,3866.73915452601,0,-4.44089209850063e-15,1,542.479543432957,0,0
62.22,40,100,82.8376494067334,5.32240822587128,14.8319383279501,0.406558975918144,14.9999999984094,3864.58625147522,0,-4.44089209850063e-15,0,542.823854673009,0,0
62.24,40,100,82.9441355283275,5.32620209999295,14.8398547014238,0.385093672691,14.999999998512,3862.38613915785,0,-3.5527136788005e-15,0,543.166036950118,0,0
62.26,40,100,83.0506974134911,5.32998438923604,14.847342733767,0.36372717542567,14.999999998608,3860.13884712199,0,-4.44089209850063e-15,0,543.506088746772,0,0
62.28,40,100,83.1573348189695,5.33375394083328,14.8544045386319,0.342473176226674,14.9999999986977,3857.84440386474,0,-3.5527136788005e-15,0,543.844008550096,0,0
62.3,40,100,83.2640474786311,5.33750961995006,14.8610424998349,0.321344999098539,14.9999999987817,3855.50283683529,0,-3.5527136788005e-15,0,544.179794852306,0,0
62.32,40,100,83.3708351038318,5.34125031027685,14.8672592639773,0.300355598313957,14.9999999988603,3853.1141724386,0,-1.77635683940025e-15,0,544.513446151168,0,0
62.34,40,100,83.4776973837914,5.34497491459464,14.8730577330375,0.279517557071312,14.9999999989338,3850.67843603973,0,-1.77635683940025e-15,0,544.844960950443,0,0
62.36,40,100,83.5846339859806,5.3486823553136,14.8784410569378,0.258843086436605,14.9999999990026,3848.19565196885,0,-1.77635683940025e-15,0,545.174337760323,0,0
62.38,40,100,83.6916445565189,5.35237157498516,14.883412626094,0.238344024564703,14.9999999990669,3845.66584352674,0,-1.77635683940025e-15,0,545.501575097869,0,0
62.4,40,100,83.7987287205826,5.3560415367876,14.8879760639513,0.218031836194777,14.9999999991271,3843.08903299096,0,-1.77635683940025e-15,1,545.826671487427,0,0
62.42,40,100,83.9058860828213,5.35969122498557,14.8921352195133,0.197917612414669,14.9999999991834,3840.46524162257,0,0,0,546.149625461047,0,0
62.44,40,100,84.0131162277845,5.36331964536363,14.8958941598691,0.178012070688884,14.999999999236,3837.79448967339,0,-1.77635683940025e-15,0,546.470435558885,0,0
62.46,40,100,84.1204187203561,5.36692582563409,14.8992571627227,0.158325555144799,14.9999999992853,3835.07679639384,0,0,0,546.789100329607,0,0
62.48,40,100,84.2277931061968,5.37050881581947,14.9022287089319,0.13886803711163,14.9999999993314,3832.31218004124,0,0,0,547.105618330772,0,0
62.5,40,100,84.3352389121936,5.37406768860977,14.9048134750591,0.119649115906632,14.9999999993745,3829.50065788869,0,-1.77635683940025e-15,0,547.419988129215,0,0
62.52,40,100,84.442755646917,5.3776015396949,14.9070163259416,0.100678019862931,14.9999999994149,3826.64224623433,0,-1.77635683940025e-15,0,547.732208301416,0,0
62.54,40,100,84.5503428010836,5.38110948807257,14.9088423072838,0.0819636075933611,14.9999999994526,3823.73696041124,0,-1.77635683940025e-15,0,548.042277433865,0,0
62.56,40,100,84.6579998480259,5.38459067633189,14.9102966382772,0.063514369484601,14.9999999994879,3820.78481479762,0,-1.77635683940025e-15,0,548.350194123411,0,0
62.58,40,100,84.7657262441657,5.38804427091304,14.9113847042532,0.0453384294158848,14.9999999995209,3817.78582282753,0,-1.77635683940025e-15,0,548.655956977607,0,0
62.6,40,100,84.8735214294946,5.39146946234336,14.9121120493714,0.0274435466965071,14.9999999995518,3814.73999700201,0,0,1,548.959564615041,0,0
62.62,40,100,84.9813848280571,5.39486546545014,14.91248436935,0.0098371182163144,14.9999999995807,3811.64734890059,0,-1.77635683940025e-15,0,549.261015665663,0,0
62.64,40,100,85.0893158484389,5.39823151955049,14.9125075042399,-0.0074738191966558,14.9999999996078,3808.50788919327,0,0,0,549.560308771098,0,0
62.66,40,100,85.1973138842585,5.40156688861871,14.9121874312493,-0.0244825862172515,14.9999999996331,3805.32162765277,0,-1.77635683940025e-15,0,549.857442584948,0,0
62.68,40,100,85.3053783146615,5.40487086143135,14.9115302576206,-0.0411828582688835,14.9999999996567,3802.08857316721,0,0,0,550.152415773089,0,0
62.7,40,100,85.4135085048182,5.40814275169052,14.9105422135647,-0.0575686625797008,14.9999999996789,3798.80873375311,0,-1.77635683940025e-15,0,550.445227013956,0,0
62.72,40,100,85.521703806423,5.41138189812573,14.9092296452558,-0.0736343750551787,14.9999999996996,3795.48211656875,0,-1.77635683940025e-15,0,550.735874998813,0,0
62.74,40,100,85.629963558196,5.41458766457467,14.9075990078905,-0.0893747169730353,14.999999999719,3792.10872792778,0,-3.5527136788005e-15,0,551.024358432024,0,0
62.76,40,100,85.7382870863855,5.41775944004329,14.905656858815,-0.104784751506399,14.9999999997371,3788.68857331319,0,-3.5527136788005e-15,0,551.310676031302,0,0
62.78,40,100,85.846673705272,5.42089663874565,14.9034098507235,-0.119859880081143,14.999999999754,3785.22165739148,0,-3.5527136788005e-15,0,551.594826527957,0,0
62.8,40,100,85.9551227176725,5.42399870012389,14.9008647249304,-0.134595838573311,14.9999999997699,3781.70798402724,0,-3.5527136788005e-15,1,551.876808667128,0,0
62.82,40,100,86.0636334154452,5.42706508884872,14.8980283047211,-0.148988693352524,14.9999999997847,3778.14755629778,0,-1.77635683940025e-15,0,552.156621208009,0,0
62.84,40,100,86.1722050799939,5.43009529480087,14.8949074887828,-0.163034837177268,14.9999999997986,3774.54037650819,0,-3.5527136788005e-15,0,552.43426292406,0,0
62.86,40,100,86.2808369827718,5.43308883303396,14.8915092447188,-0.176730984947945,14.9999999998116,3770.88644620648,0,-1.77635683940025e-15,0,552.709732603215,0,0
62.88,40,100,86.3895283857844,5.43604524371915,14.8878406026495,-0.190074169323516,14.9999999998238,3767.185766199,0,-1.77635683940025e-15,0,552.983029048076,0,0
62.9,40,100,86.4982785420911,5.43896409207194,14.8839086489019,-0.203061736207596,14.9999999998351,3763.438336566,0,0,0,553.25415107609,0,0
62.92,40,100,86.6070866963057,5.44184496826178,14.8797205197912,-0.215691340109773,14.9999999998458,3759.64415667742,0,-1.77635683940025e-15,0,553.523097519735,0,0
62.94,40,100,86.7159520850935,5.44468748730464,14.8752833954958,-0.227960939387933,14.9999999998557,3755.80322520879,0,-1.77635683940025e-15,0,553.78986722667,0,0
62.96,40,100,86.8248739376681,5.44749128893918,14.870604494029,-0.239868791377331,14.999999999865,3751.91554015732,0,-1.77635683940025e-15,0,554.054459059902,0,0
62.98,40,100,86.9338514762836,5.45025603748687,14.865691065309,-0.251413447412087,14.9999999998737,3747.98109885808,0,-1.77635683940025e-15,0,554.316871897919,0,0
63,40,100,87.0428839167251,5.45298142169648,14.8605503853296,-0.262593747744773,14.9999999998819,3743.99989800031,0,0,1,554.577104634835,0,0
63.02,40,100,87.1519704687958,5.45566715457353,14.8551897504334,-0.273408816369694,14.9999999998895,3739.97193364388,0,0,0,554.835156180503,0,0
63.04,40,100,87.2611103367997,5.45831297319489,14.8496164716896,-0.283858055755435,14.9999999998966,3735.89720123578,0,0,0,555.09102546064,0,0
63.06,40,100,87.3703027200217,5.46091863850927,14.8438378693777,-0.293941141492165,14.9999999999033,3731.77569562672,0,0,0,555.344711416927,0,0
63.08,40,100,87.4795468132023,5.46348393512376,14.8378612675796,-0.303658016859181,14.9999999999095,3727.60741108778,0,0,0,555.596213007104,0,0
63.1,40,100,87.5888418070092,5.46600867107711,14.8316939888802,-0.313008887318076,14.9999999999153,3723.39234132715,0,0,0,555.845529205059,0,0
63.12,40,100,87.6981868885031,5.46849267760004,14.8253433491801,-0.321994214936878,14.9999999999208,3719.13047950684,0,0,0,556.092659000904,0,0
63.14,40,100,87.8075812415988,5.47093580886304,14.8188166526193,-0.330614712750452,14.9999999999259,3714.8218182595,0,0,0,556.33760140104,0,0
63.16,40,100,87.9170240475223,5.47333794171224,14.8121211866148,-0.338871339062368,14.9999999999307,3710.46634970519,0,-1.77635683940025e-15,0,556.58035542822,0,0
63.18,40,100,88.0265144852605,5.4756989753936,14.8052642170128,-0.346765291693406,14.9999999999352,3706.06406546818,0,-1.77635683940025e-15,0,556.820920121593,0,0
63.2,40,100,88.1360517320071,5.47801883126598,14.7982529833562,-0.354298002181763,14.9999999999393,3701.61495669374,0,0,1,557.059294536748,0,0
63.22,40,100,88.2456349636015,5.48029745250352,14.7910946942687,-0.361471129939997,14.9999999999433,3697.11901406493,0,0,0,557.295477745746,0,0
63.24,40,100,88.3552633549624,5.48253480378779,14.7837965229558,-0.368286556373632,14.9999999999469,3692.57622781932,0,0,0,557.529468837139,0,0
63.26,40,100,88.4649360805142,5.48473087099002,14.7763656028244,-0.374746378966306,14.9999999999503,3687.98658776567,0,0,0,557.761266915986,0,0
63.28,40,100,88.5746523146081,5.48688566084405,14.7688090232204,-0.380852905336247,14.9999999999535,3683.35008330063,0,0,0,557.990871103861,0,0
63.3,40,100,88.684411231936,5.48899920061025,14.7611338252856,-0.386608647268793,14.9999999999565,3678.66670342526,0,0,0,558.218280538847,0,0
63.32,40,100,88.7942120079371,5.49107153773095,14.7533469979345,-0.392016314729581,14.9999999999593,3673.9364367616,0,1.77635683940025e-15,0,558.443494375527,0,0
63.34,40,100,88.9040538191985,5.49310273947773,14.7454554739504,-0.397078809862985,14.999999999962,3669.15927156906,0,0,0,558.666511784962,0,0
63.36,40,100,89.013935843848,5.49509289259111,14.7374661262019,-0.401799220980236,14.9999999999644,3664.33519576074,0,1.77635683940025e-15,0,558.88733195467,0,0
63.38,40,100,89.1238572619397,5.4970421029129,14.7293857639799,-0.40618081654164,14.9999999999667,3659.46419691972,0,0,0,559.105954088586,0,0
63.4,40,100,89.2338172558327,5.49895049501175,14.721221129455,-0.410227039137182,14.9999999999689,3654.54626231513,0,0,1,559.322377407022,0,0
63.42,40,100,89.3438150105614,5.50081821180233,14.7129788942546,-0.413941499469732,14.9999999999709,3649.58137891819,0,0,0,559.536601146616,0,0
63.44,40,100,89.4538497141987,5.50264541415836,14.704665656161,-0.417327970344979,14.9999999999727,3644.56953341804,0,1.77635683940025e-15,0,559.748624560275,0,0
63.46,40,100,89.5639205582114,5.50443228052017,14.6962879359295,-0.420390380672132,14.9999999999745,3639.51071223753,0,1.77635683940025e-15,0,559.958446917114,0,0
63.48,40,100,89.6740267378075,5.50617900649695,14.687852174226,-0.423132809479333,14.9999999999761,3634.40490154876,0,1.77635683940025e-15,0,560.166067502378,0,0
63.5,40,100,89.7841674522754,5.50788580446423,14.6793647286844,-0.425559479947639,14.9999999999777,3629.2520872886,0,1.77635683940025e-15,0,560.371485617371,0,0
63.52,40,100,89.8943419053153,5.50955290315693,14.6708318710829,-0.427674753467337,14.9999999999791,3624.05225517385,0,1.77635683940025e-15,0,560.574700579366,0,0
63.54,40,100,90.0045493053623,5.51118054725835,14.6622597846393,-0.429483123720271,14.9999999999805,3618.80539071648,0,1.77635683940025e-15,0,560.775711721515,0,0
63.56,40,100,90.1147888659013,5.5127689969855,14.6536545614239,-0.430989210791746,14.9999999999817,3613.51147923848,0,3.5527136788005e-15,0,560.974518392751,0,0
63.58,40,100,90.2250598057732,5.51431852767117,14.64502219989,-0.432197755315511,14.9999999999829,3608.17050588667,0,1.77635683940025e-15,0,561.171119957686,0,0
63.6,40,100,90.3353613494733,5.51582942934307,14.6363686025213,-0.4331136126552,14.999999999984,3602.78245564723,0,1.77635683940025e-15,1,561.365515796498,0,0
63.62,40,100,90.445692727441,5.51730200630037,14.6276995735952,-0.43374174712553,14.999999999985,3597.34731336011,0,3.5527136788005e-15,0,561.557705304816,0,0
63.64,40,100,90.5560531763406,5.51873657668815,14.619020817061,-0.434087226256468,14.999999999986,3591.86506373318,0,3.5527136788005e-15,0,561.747687893598,0,0
63.66,40,100,90.6664419393345,5.52013347206989,14.6103379345328,-0.434155215103454,14.9999999999869,3586.33569135624,0,1.77635683940025e-15,0,561.935462989005,0,0
63.68,40,100,90.7768582663466,5.52149303699851,14.6016564233953,-0.433950970606714,14.9999999999878,3580.75918071473,0,1.77635683940025e-15,0,562.121030032268,0,0
63.7,40,100,90.8873014143186,5.52281562858632,14.5929816750223,-0.433479836002553,14.9999999999885,3575.13551620332,0,0,0,562.304388479549,0,0
63.72,40,100,90.9977706474561,5.524101616074,14.5843189731059,-0.432747235289472,14.9999999999893,3569.4646821392,0,0,0,562.485537801798,0,0
63.74,40,100,91.1082652374674,5.52535138039921,14.5756734920965,-0.431758667751817,14.99999999999,3563.74666277521,0,-1.77635683940025e-15,0,562.664477484609,0,0
63.76,40,100,91.2187844637929,5.52656531376495,14.567050295751,-0.43051970254359,14.9999999999906,3557.98144231267,0,0,0,562.841207028062,0,0
63.78,40,100,91.329327613826,5.52774381920812,14.5584543357891,-0.429035973334962,14.9999999999912,3552.16900491406,0,0,0,563.01572594657,0,0
63.8,40,100,91.4398939831257,5.52888731016843,14.5498904506564,-0.427313173023918,14.9999999999918,3546.30933471536,0,-1.77635683940025e-15,1,563.188033768718,0,0
63.82,40,100,91.5504828756202,5.52999621005814,14.5413633643914,-0.425357048515381,14.9999999999923,3540.40241583827,0,-1.77635683940025e-15,0,563.358130037095,0,0
63.84,40,100,91.6610936038021,5.53107095183284,14.5328776855977,-0.423173395570055,14.9999999999928,3534.44823240206,0,-1.77635683940025e-15,0,563.526014308127,0,0
63.86,40,100,91.7717254889149,5.53211197756344,14.5244379065175,-0.42076805372515,14.9999999999933,3528.44676853527,0,-1.77635683940025e-15,0,563.691686151902,0,0
63.88,40,100,91.8823778611313,5.53311973800994,14.5160484022062,-0.418146901289043,14.9999999999937,3522.39800838708,0,0,0,563.855145151995,0,0
63.9,40,100,91.9930500597224,5.53409469219694,14.5077134298063,-0.415315850411836,14.9999999999941,3516.30193613852,0,-1.77635683940025e-15,0,564.016390905286,0,0
63.92,40,100,92.103741433219,5.53503730699135,14.4994371279198,-0.412280842233694,14.9999999999945,3510.15853601331,0,-1.77635683940025e-15,0,564.175423021778,0,0
63.94,40,100,92.2144513395641,5.53594805668252,14.4912235160754,-0.409047842112733,14.9999999999949,3503.96779228855,0,0,0,564.33224112441,0,0
63.96,40,100,92.3251791462571,5.53682742256498,14.4830764942919,-0.405622834934152,14.9999999999952,3497.72968930505,0,1.77635683940025e-15,0,564.486844848865,0,0
63.98,40,100,92.4359242304903,5.53767589252413,14.4749998427335,-0.402011820502209,14.9999999999955,3491.44421147749,0,0,0,564.639233843382,0,0
64,40,100,92.5466859792757,5.53849396062503,14.4669972214567,-0.398220809016537,14.9999999999958,3485.11134330424,0,0,1,564.789407768554,0,0
64.02,40,100,92.6574637895654,5.53928212670459,14.4590721702475,-0.394255816634234,14.9999999999961,3478.73106937697,0,1.77635683940025e-15,0,564.937366297139,0,0
64.04,40,100,92.7682570683623,5.54004089596732,14.4512281085453,-0.390122861119043,14.9999999999963,3472.30337438994,0,1.77635683940025e-15,0,565.083109113854,0,0
64.06,40,100,92.8790652328238,5.54077077858497,14.4434683354536,-0.385827957578866,14.9999999999965,3465.82824314908,0,3.5527136788005e-15,0,565.226635915173,0,0
64.08,40,100,92.9898877103572,5.54147228930003,14.4357960298355,-0.381377114292778,14.9999999999968,3459.30566058075,0,1.77635683940025e-15,0,565.367946409126,0,0
64.1,40,100,93.100723938707,5.54214594703366,14.4282142504906,-0.376776328628588,14.999999999997,3452.73561174029,0,1.77635683940025e-15,0,565.507040315092,0,0
64.12,40,100,93.2115733660348,5.54279227449786,14.4207259364137,-0.372031583051954,14.9999999999972,3446.1180818202,0,1.77635683940025e-15,0,565.643917363591,0,0
64.14,40,100,93.3224354509908,5.54341179781232,14.413333907132,-0.367148841227938,14.9999999999974,3439.45305615818,0,0,0,565.778577296073,0,0
64.16,40,100,93.433309662779,5.54400504612607,14.4060408631189,-0.362134044215822,14.9999999999975,3432.74052024478,0,0,0,565.911019864711,0,0
64.18,40,100,93.5441954812132,5.54457255124404,14.398849386284,-0.35699310675792,14.9999999999977,3425.9804597309,0,0,0,566.04124483219,0,0
64.2,40,100,93.6550923967669,5.54511484725878,14.3917619405353,-0.351731913663051,14.9999999999978,3419.17286043488,0,0,1,566.169251971488,0,0
64.22,40,100,93.7659999106153,5.54563247018746,14.3847808724132,-0.34635631628523,14.999999999998,3412.31770834945,0,0,0,566.29504106567,0,0
64.24,40,100,93.8769175346703,5.54612595761427,14.3779084117945,-0.340872129098094,14.9999999999981,3405.41498964835,0,-1.77635683940025e-15,0,566.418611907668,0,0
64.26,40,100,93.987844791608,5.54659584833846,14.371146672663,-0.335285126365479,14.9999999999982,3398.46469069268,0,-1.77635683940025e-15,0,566.53996430007,0,0
64.28,40,100,94.0987812148899,5.54704268202803,14.3644976539464,-0.329601038908484,14.9999999999983,3391.46679803701,0,0,0,566.6590980549,0,0
64.3,40,100,94.2097263487766,5.54746699887934,14.3579632404165,-0.323825550969314,14.9999999999984,3384.4212984352,0,0,0,566.776012993409,0,0
64.32,40,100,94.3206797483354,5.54786933928266,14.3515452036516,-0.317964297172076,14.9999999999985,3377.328178846,0,-1.77635683940025e-15,0,566.890708945851,0,0
64.34,40,100,94.4316409794402,5.54825024349381,14.3452452030582,-0.312022859580687,14.9999999999986,3370.18742643831,0,0,0,567.003185751272,0,0
64.36,40,100,94.5426096187662,5.54861025131199,14.3390647869511,-0.306006764853911,14.9999999999987,3362.99902859629,0,0,0,567.113443257291,0,0
64.38,40,100,94.6535852537774,5.54894990176399,14.3330053936886,-0.29992148149756,14.9999999999988,3355.76297292408,0,0,0,567.221481319889,0,0
64.4,40,100,94.764567482708,5.54926973279469,14.3270683528628,-0.293772417213735,14.9999999999989,3348.47924725041,0,0,1,567.327299803187,0,0
64.42,40,100,94.8755559145376,5.54957028096419,14.3212548865413,-0.287564916347005,14.999999999999,3341.14783963281,0,1.77635683940025e-15,0,567.430898579234,0,0
64.44,40,100,94.986550168961,5.54985208115141,14.3155661105588,-0.281304257427273,14.999999999999,3333.7687383617,0,1.77635683940025e-15,0,567.532277527794,0,0
64.46,40,100,95.097549876351,5.5501156662644,14.3100030358571,-0.274995650809099,14.9999999999991,3326.34193196413,0,1.77635683940025e-15,0,567.631436536128,0,0
64.48,40,100,95.2085546777168,5.55036156695742,14.3045665698719,-0.268644236407109,14.9999999999991,3318.86740920735,0,1.77635683940025e-15,0,567.728375498786,0,0
64.5,40,100,95.3195642246555,5.55059031135472,14.2992575179631,-0.262255081527125,14.9999999999992,3311.34515910204,0,1.77635683940025e-15,0,567.823094317388,0,0
64.52,40,100,95.4305781792995,5.55080242478127,14.2940765848878,-0.255833178792546,14.9999999999993,3303.77517090544,0,1.77635683940025e-15,0,567.915592900421,0,0
64.54,40,100,95.5415962142572,5.55099842950039,14.2890243763142,-0.249383444165481,14.9999999999993,3296.15743412408,0,3.5527136788005e-15,0,568.00587116302,0,0
64.56,40,100,95.6526180125497,5.55117884445824,14.2841014003735,-0.242910715062063,14.9999999999993,3288.49193851643,0,3.5527136788005e-15,0,568.093929026767,0,0
64.58,40,100,95.7636432675417,5.5513441850355,14.2793080692492,-0.236419748561335,14.9999999999994,3280.77867409518,0,3.5527136788005e-15,0,568.179766419479,0,0
64.6,40,100,95.8746716828679,5.55149496280587,14.2746447008007,-0.229915219707021,14.9999999999994,3273.0176311294,0,1.77635683940025e-15,1,568.263383275002,0,0
64.62,40,100,95.9857029723544,5.55163168530181,14.2701115202204,-0.223401719901479,14.9999999999995,3265.2088001464,0,1.77635683940025e-15,0,568.344779533009,0,0
64.64,40,100,96.0967368599356,5.5517548557873,14.2657086617217,-0.216883755391054,14.9999999999995,3257.35217193339,0,1.77635683940025e-15,0,568.423955138793,0,0
64.66,40,100,96.2077730795668,5.55186497303769,14.2614361702565,-0.210365745842008,14.9999999999995,3249.44773753896,0,0,0,568.50091004307,0,0
64.68,40,100,96.3188113751321,5.55196253112671,14.2572940032607,-0.20385202300618,14.9999999999996,3241.49548827429,0,1.77635683940025e-15,0,568.575644201776,0,0
64.7,40,100,96.4298515003481,5.55204801922063,14.2532820324244,-0.197346829475439,14.9999999999996,3233.49541571416,0,1.77635683940025e-15,0,568.648157575872,0,0
64.72,40,100,96.5408932186642,5.55212192137952,14.2494000454874,-0.19085431752401,14.9999999999996,3225.44751169778,0,1.77635683940025e-15,0,568.718450131147,0,0
64.74,40,100,96.6519363031584,5.55218471636564,14.245647748056,-0.184378548037642,14.9999999999996,3217.35176832936,0,3.5527136788005e-15,0,568.786521838023,0,0
64.76,40,100,96.7629805364293,5.55223687745898,14.2420247654411,-0.177923489528618,14.9999999999997,3209.20817797859,0,3.5527136788005e-15,0,568.852372671367,0,0
64.78,40,100,96.8740257104848,5.55227887227994,14.2385306445147,-0.171493017235508,14.9999999999997,3201.01673328075,0,1.77635683940025e-15,0,568.916002610299,0,0
64.8,40,100,96.9850716266272,5.55231116261904,14.2351648555834,-0.165090912306568,14.9999999999997,3192.77742713682,0,1.77635683940025e-15,1,568.977411638006,0,0
64.82,40,100,97.0961180953351,5.55233420427377,14.2319267942783,-0.158720861065633,14.9999999999997,3184.49025271322,0,0,0,569.036599741556,0,0
64.84,40,100,97.2071649361414,5.55234844689248,14.2288157834574,-0.152386454359333,14.9999999999997,3176.15520344152,0,1.77635683940025e-15,0,569.093566911717,0,0
64.86,40,100,97.3182119775097,5.55235433382524,14.2258310751215,-0.14609118698441,14.9999999999998,3167.77227301787,0,0,0,569.148313142778,0,0
64.88,40,100,97.4292590567062,5.55235230198177,14.2229718523403,-0.139838457193897,14.9999999999998,3159.34145540229,0,0,0,569.200838432369,0,0
64.9,40,100,97.5403060196697,5.55234278169628,14.2202372311873,-0.133631566280885,14.9999999999998,3150.86274481777,0,0,0,569.251142781289,0,0
64.92,40,100,97.6513527208791,5.55232619659918,14.2176262626825,-0.127473718238589,14.9999999999998,3142.33613574923,0,0,0,569.299226193332,0,0
64.94,40,100,97.7623990232175,5.55230296349571,14.2151379347415,-0.121368019495361,14.9999999999998,3133.76162294228,0,0,0,569.345088675118,0,0
64.96,40,100,97.8734447978352,5.55227349225136,14.2127711741285,-0.115317478723331,14.9999999999998,3125.13920140187,0,-1.77635683940025e-15,0,569.388730235926,0,0
64.98,40,100,97.9844899240094,5.552238185684,14.210524848413,-0.109325006719266,14.9999999999998,3116.46886639072,0,-1.77635683940025e-15,0,569.430150887532,0,0
65,40,100,98.0955342890022,5.55219743946277,14.2083977679278,-0.103393416356282,14.9999999999998,3107.75061342764,-0,-1.77635683940025e-15,1,569.469350644045,0,0
65.02,40,100,98.2065777879171,5.55215164201355,14.206388687727,-0.0975254226049688,14.9999999999999,3098.98443828571,-0,-1.77635683940025e-15,0,569.50632952175,0,0
65.04,40,100,98.3176203235526,5.55210117443108,14.2044963095441,-0.0917236426224927,14.9999999999999,3090.17033699029,-0,-1.77635683940025e-15,0,569.541087538954,0,0
65.06,40,100,98.4286618062554,5.55204641039743,14.2027192837461,-0.0859905959082359,14.9999999999999,3081.30830581691,-0,0,0,569.573624715832,0,0
65.08,40,100,98.539702153771,5.55198771610709,14.2010562112849,-0.0803287045244835,14.9999999999999,3072.398341289,-0,-1.77635683940025e-15,0,569.603941074276,0,0
65.1,40,100,98.6507412910931,5.55192545019825,14.199505645643,-0.0747402933806819,14.9999999999999,3063.44044017554,-0,-1.77635683940025e-15,0,569.632036637753,0,0
65.12,40,100,98.7617791503125,5.55185996369045,14.1980660947737,-0.0692275905797633,14.9999999999999,3054.43459948852,-0,-1.77635683940025e-15,0,569.657911431157,0,0
65.14,40,100,98.8728156704633,5.55179159992839,14.1967360230328,-0.063792727825024,14.9999999999999,3045.38081648036,-0,-3.5527136788005e-15,0,569.681565480671,0,0
65.16,40,100,98.9838507973697,5.55172069453188,14.1955138531021,-0.0584377408860335,14.9999999999999,3036.27908864113,-0,-1.77635683940025e-15,0,569.70299881363,0,0
65.18,40,100,99.0948844834904,5.55164757535177,14.1943979679033,-0.0531645701220377,14.9999999999999,3027.12941369569,-0,-1.77635683940025e-15,0,569.722211458385,0,0
65.2,40,100,99.2059166877632,5.5515725624319,14.1933867125,-0.0479750610613147,14.9999999999999,3017.93178960074,-0,-1.77635683940025e-15,1,569.739203444173,0,0
65.22,40,100,99.3169473754484,5.55149596797676,14.1924783959885,-0.0428709650349327,14.9999999999999,3008.68621454178,-0,-1.77635683940025e-15,0,569.753974800989,0,0
65.24,40,100,99.427976517972,5.55141809632511,14.1916712933745,-0.037853939863354,14.9999999999999,2999.39268692989,-0,-1.77635683940025e-15,0,569.76652555946,0,0
65.26,40,100,99.5390040927675,5.55133924392903,14.1909636474366,-0.0329255505943228,14.9999999999999,2990.0512053985,-0,-1.77635683940025e-15,0,569.776855750725,0,0
65.28,40,100,99.6500300831189,5.55125969933872,14.1903536705734,-0.0280872702904721,14.9999999999999,2980.66176880004,-0,-3.5527136788005e-15,0,569.784965406315,0,0
65.3,40,100,99.7610544780018,5.55117974319266,14.1898395466354,-0.0233404808650828,14.9999999999999,2971.22437620249,-0,-5.32907051820075e-15,0,569.790854558039,0,0
65.32,40,100,99.8720772719255,5.55109964821318,14.1894194327388,-0.0186864739644254,14.9999999999999,2961.73902688584,-0,-3.5527136788005e-15,0,569.794523237871,0,0
65.34,40,100,99.9830984647745,5.55101967920727,14.1890914610619,-0.0141264518951139,14.9999999999999,2952.20572033854,-0,-3.5527136788005e-15,0,569.795971477839,0,0
65.36,40,100,100.094118061651,5.55094009307253,14.1888537406224,-0.00966152859490597,15,2942.62445625378,-0,-3.5527136788005e-15,0,569.795199309923,0,0
65.38,40,100,100.205136072714,5.55086113880824,14.1887043590342,-0.00529273064537967,15,2932.99523452576,-0,-3.5527136788005e-15,0,569.792206765948,0,0
65.4,40,100,100.316152513027,5.55078305753128,14.1886413842447,-0.00102099832492483,15,2923.31805524586,-0,-3.5527136788005e-15,1,569.786993877489,0,0
65.42,40,100,100.427167402395,5.55070608249696,14.1886628662495,0.00315281329951057,15,2913.59291869883,-0,-5.32907051820075e-15,0,569.779560675769,0,0
65.44,40,100,100.538180765209,5.55063043912456,14.1887668387858,0.00722793324347569,15,2903.81982535879,-0,-5.32907051820075e-15,0,569.769907191572,0,0
65.46,40,100,100.649192630293,5.55055634502744,14.1889513210019,0.0112036734404207,15,2893.99877588527,-0,-5.32907051820075e-15,0,569.758033455148,0,0
65.48,40,100,100.760203030742,5.5504840100477,14.1892143191044,0.0150794275429923,15,2884.12977111918,-0,-5.32907051820075e-15,0,569.743939496127,0,0
65.5,40,100,100.871212003774,5.55041363629523,14.1895538279796,0.018854669691756,15,2874.21281207874,-0,-3.5527136788005e-15,0,569.727625343437,0,0
65.52,40,100,100.982219590569,5.55034541819103,14.1899678327911,0.0225289532528676,15,2864.24789995532,-0,-3.5527136788005e-15,0,569.70909102522,0,0
65.54,40,100,101.093225836122,5.55027954251468,14.1904543105515,0.0261019095262139,15,2854.23503610932,-0,-5.32907051820075e-15,0,569.688336568758,0,0
65.56,40,100,101.204230789085,5.55021618845586,14.1910112316675,0.0295732464255245,15,2844.17422206595,-0,-5.32907051820075e-15,0,569.665362000394,0,0
65.58,40,100,101.315234501619,5.55015552766983,14.1916365614591,0.0329427471319515,15,2834.06545951099,-0,-5.32907051820075e-15,0,569.640167345466,0,0
65.6,40,100,101.426237029245,5.55009772433672,14.1923282616513,0.0362102687225965,15,2823.90875028657,-0,-5.32907051820075e-15,1,569.612752628231,0,0
65.62,40,100,101.537238430692,5.55004293522448,14.1930842918379,0.0393757407754567,15,2813.70409638685,-0,-5.32907051820075e-15,0,569.583117871806,0,0
65.64,40,100,101.648238767749,5.54999130975548,14.1939026109174,0.0424391639522429,15,2803.45149995377,-0,-5.32907051820075e-15,0,569.551263098101,0,0
65.66,40,100,101.759238105125,5.54994299007656,14.1947811785006,0.0454006085605128,15,2793.15096327268,-0,-5.32907051820075e-15,0,569.517188327762,0,0
65.68,40,100,101.870236510295,5.54989811113237,14.1957179562885,0.0482602130965444,15,2782.80248876801,-0,-5.32907051820075e-15,0,569.480893580112,0,0
65.7,40,100,101.981234053364,5.54985680074207,14.196710909422,0.0510181827703593,15,2772.40607899897,-0,-5.32907051820075e-15,0,569.442378873099,0,0
65.72,40,100,102.092230806924,5.54981917967903,14.1977580078007,0.0536747880142904,15,2761.96173665519,-0,-5.32907051820075e-15,0,569.401644223242,0,0
65.74,40,100,102.203226845909,5.5497853617536,14.1988572273724,0.0562303629764711,15,2751.46946455233,-0,-7.105427357601e-15,0,569.358689645587,0,0
65.76,40,100,102.314222247465,5.54975545389876,14.2000065513927,0.0586853040006032,15,2740.92926562776,-0,-7.105427357601e-15,0,569.313515153657,0,0
65.78,40,100,102.425217090804,5.54972955625855,14.201203971653,0.0610400680933462,15,2730.34114293619,-0,-7.105427357601e-15,0,569.266120759411,0,0
65.8,40,100,102.536211457077,5.54970776227912,14.2024474896786,0.0632951713806493,15,2719.70509964535,-0,-7.105427357601e-15,1,569.216506473206,0,0
65.82,40,100,102.647205429235,5.54969015880234,14.2037351178959,0.0654511875543271,15,2709.0211390316,-0,-7.105427357601e-15,0,569.164672303756,0,0
65.84,40,100,102.758199091904,5.54967682616191,14.2050648807673,0.0675087463101646,15,2698.28926447568,-0,-7.105427357601e-15,0,569.110618258101,0,0
65.86,40,100,102.86919253125,5.54966783828163,14.2064348158966,0.0694685317788115,15,2687.5094794583,-0,-7.105427357601e-15,0,569.05434434157,0,0
65.88,40,100,102.980185834855,5.54966326277606,14.2078429751009,0.0713312809507078,15,2676.68178755593,-0,-7.105427357601e-15,0,568.995850557756,0,0
65.9,40,100,103.09117909159,5.5496631610531,14.209287425453,0.0730977820962615,15,2665.80619243646,-0,-7.105427357601e-15,0,568.935136908489,0,0
65.92,40,100,103.202172391494,5.54966758841867,14.2107662502905,0.0747688731824769,15,2654.882697855,-0,-8.88178419700125e-15,0,568.872203393806,0,0
65.94,40,100,103.313165825653,5.54967659418319,14.2122775501942,0.0763454402872092,15,2643.91130764959,-0,-8.88178419700125e-15,0,568.807050011935,0,0
65.96,40,100,103.424159486077,5.54969022176987,14.2138194439341,0.0778284160122005,15,2632.89202573703,-0,-8.88178419700125e-15,0,568.739676759272,0,0
65.98,40,100,103.53515346559,5.54970850882459,14.2153900693845,0.0792187778960279,15,2621.82485610871,-0,-8.88178419700125e-15,0,568.670083630365,0,0
66,40,100,103.64614785771,5.54973148732737,14.2169875844066,0.0805175468280723,15,2610.70980282643,-0,-8.88178419700125e-15,1,568.598270617898,0,0
66.02,40,100,103.757142756538,5.54975918370528,14.2186101676996,0.0817257854645923,15,2599.54687001833,-0,-7.105427357601e-15,0,568.524237712679,0,0
66.04,40,100,103.868138256653,5.54979161894662,14.2202560196203,0.0828445966479646,15,2588.33606187479,-0,-7.105427357601e-15,0,568.447984903628,0,0
66.06,40,100,103.979134452996,5.54982880871643,14.2219233629711,0.0838751218301285,15,2577.07738264441,-0,-7.105427357601e-15,0,568.369512177771,0,0
66.08,40,100,104.090131440771,5.54987076347301,14.2236104437566,0.0848185395012469,15,2565.77083663001,-0,-7.105427357601e-15,0,568.288819520232,0,0
66.1,40,100,104.20112931534,5.54991748858555,14.2253155319083,0.0856760636245726,15,2554.41642818465,-0,-8.88178419700125e-15,0,568.205906914228,0,0
66.12,40,100,104.312128172122,5.54996898445264,14.2270369219787,0.086448942078485,15,2543.01416170777,-0,-7.105427357601e-15,0,568.12077434107,0,0
66.14,40,100,104.423128106496,5.55002524662163,14.2287729338043,0.0871384551066351,15,2531.5640416413,-0,-7.105427357601e-15,0,568.033421780159,0,0
66.16,40,100,104.534129213704,5.55008626590866,14.2305219131372,0.0877459137771148,15,2520.06607246582,-0,-5.32907051820075e-15,0,567.943849208991,0,0
66.18,40,100,104.645131588757,5.5501520285194,14.2322822322463,0.0882726584515389,15,2508.52025869685,-0,-5.32907051820075e-15,0,567.852056603159,0,0
66.2,40,100,104.756135326347,5.55022251617028,14.2340522904879,0.0887200572649055,15,2496.92660488109,-0,-5.32907051820075e-15,1,567.758043936357,0,0
66.22,40,100,104.867140520756,5.55029770621014,14.2358305148463,0.0890895046170723,15,2485.28511559276,-0,-5.32907051820075e-15,0,567.661811180393,0,0
66.24,40,100,104.978147265768,5.55037757174232,14.2376153604439,0.0893824196766646,15,2473.59579543002,-0,-3.5527136788005e-15,0,567.563358305189,0,0
66.26,40,100,105.089155654591,5.55046208174687,14.2394053110219,0.089600244898203,15,2461.85864901139,-0,-3.5527136788005e-15,0,567.462685278803,0,0
66.28,40,100,105.20016577977,5.55055120120309,14.241198879391,0.089744444553213,15,2450.07368097226,-0,-1.77635683940025e-15,0,567.35979206743,0,0
66.3,40,100,105.311177733112,5.55064489121204,14.2429946078536,0.0898165032760565,15,2438.24089596146,-0,-3.5527136788005e-15,0,567.254678635424,0,0
66.32,40,100,105.422191605606,5.55074310911911,14.2447910685961,0.0898179246251963,15,2426.36029863789,-0,-3.5527136788005e-15,0,567.14734494531,0,0
66.34,40,100,105.533207487356,5.5508458086365,14.2465868640538,0.0897502296605813,15,2414.43189366716,-0,-1.77635683940025e-15,0,567.037790957804,0,0
66.36,40,100,105.644225467499,5.55095293996552,14.2483806272463,0.0896149555378145,15,2402.45568571839,-0,-1.77635683940025e-15,0,566.926016631826,0,0
66.38,40,100,105.755245634147,5.55106444991866,14.2501710220856,0.0894136541197409,15,2390.43167946097,-0,-3.5527136788005e-15,0,566.812021924527,0,0
66.4,40,100,105.866268074312,5.55118028204134,14.2519567436567,0.0891478906060657,15,2378.35987956145,-0,-3.5527136788005e-15,1,566.695806791303,0,0
66.42,40,100,105.977292873847,5.55130037673328,14.2537365184708,0.0888192421815908,15,2366.24029068049,-0,-3.5527136788005e-15,0,566.577371185824,0,0
66.44,40,100,106.088320117383,5.55142467136936,14.2555091046913,0.0884292966836297,15,2354.07291746981,-0,-1.77635683940025e-15,0,566.456715060055,0,0
66.46,40,100,106.199349888267,5.55155310041998,14.257273292334,0.0879796512891395,15,2341.85776456933,-0,-1.77635683940025e-15,0,566.333838364279,0,0
66.48,40,100,106.310382268508,5.55168559557077,14.2590279034409,0.087471911222079,15,2329.59483660424,-0,-1.77635683940025e-15,0,566.208741047128,0,0
66.5,40,100,106.421417338725,5.55182208584167,14.2607717922283,0.0869076884814838,15,2317.2841381822,-0,-3.5527136788005e-15,0,566.081423055605,0,0
66.52,40,100,106.532455178087,5.55196249770519,14.2625038452098,0.0862886005907187,15,2304.92567389067,-0,-1.77635683940025e-15,0,565.951884335117,0,0
66.54,40,100,106.643495864272,5.5521067552039,14.2642229812943,0.0856162693683469,15,2292.51944829417,-0,-3.5527136788005e-15,0,565.820124829502,0,0
66.56,40,100,106.754539473413,5.55225478006706,14.2659281518603,0.084892319721032,15,2280.06546593177,-0,-3.5527136788005e-15,0,565.686144481059,0,0
66.58,40,100,106.865586080055,5.55240649182628,14.267618340805,0.0841183784588625,15,2267.56373131446,-0,-3.5527136788005e-15,0,565.549943230581,0,0
66.6,40,100,106.976635757116,5.55256180793017,14.2692925645715,0.0832960731334658,15,2255.01424892279,-0,-3.5527136788005e-15,1,565.411521017386,0,0
66.62,40,100,107.087688575839,5.55272064385796,14.2709498721515,0.0824270308992567,15,2242.41702320443,-0,-5.32907051820075e-15,0,565.270877779351,0,0
66.64,40,100,107.198744605761,5.55288291323204,14.2725893450668,0.0815128773981412,15,2229.77205857189,-0,-3.5527136788005e-15,0,565.128013452944,0,0
66.66,40,100,107.309803914671,5.55304852792925,14.2742100973276,0.0805552356679719,15,2217.07935940026,-0,-3.5527136788005e-15,0,564.98292797326,0,0
66.68,40,100,107.420866568583,5.55321739819104,14.2758112753701,0.0795557250750326,15,2204.33893002501,-0,-3.5527136788005e-15,0,564.835621274056,0,0
66.7,40,100,107.531932631695,5.5533894327323,14.2773920579721,0.0785159602708024,15,2191.55077473994,-0,-3.5527136788005e-15,0,564.686093287787,0,0
66.72,40,100,107.64300216637,5.55356453884893,14.2789516561491,0.0774375501732326,15,2178.71489779512,-0,-1.77635683940025e-15,0,564.534343945643,0,0
66.74,40,100,107.7540752331,5.553742622524,14.2804893130291,0.0763220969727438,15,2165.83130339492,-0,-1.77635683940025e-15,0,564.380373177584,0,0
66.76,40,100,107.865151890487,5.55392358853253,14.2820043037085,0.0751711951631307,15,2152.89999569613,-0,-3.5527136788005e-15,0,564.22418091238,0,0
66.78,40,100,107.976232195215,5.55410734054481,14.2834959350889,0.0739864305975423,15,2139.92097880616,-0,-1.77635683940025e-15,0,564.065767077648,0,0
66.8,40,100,108.087316202034,5.55429378122829,14.2849635456949,0.072769379569681,15,2126.89425678126,-0,0,1,563.90513159989,0,0
66.82,40,100,108.198403963735,5.55448281234781,14.2864065054736,0.0715216079203474,15,2113.81983362484,-0,0,0,563.742274404533,0,0
66.84,40,100,108.309495531137,5.55467433486444,14.2878242155775,0.070244670169434,15,2100.6977132859,-0,1.77635683940025e-15,0,563.577195415968,0,0
66.86,40,100,108.420590953074,5.55486824903254,14.2892161081291,0.0689401086734539,15,2087.52789965746,-0,1.77635683940025e-15,0,563.40989455759,0,0
66.88,40,100,108.531690276374,5.55506445449538,14.2905816459694,0.0676094528086685,15,2074.31039657507,-0,1.77635683940025e-15,0,563.240371751835,0,0
66.9,40,100,108.642793545857,5.55526285037888,14.2919203223909,0.0662542181798619,15,2061.04520781545,-0,3.5527136788005e-15,0,563.068626920226,0,0
66.92,40,100,108.753900804317,5.55546333538389,14.2932316608536,0.0648759058547878,15,2047.73233709516,-0,3.5527136788005e-15,0,562.894659983407,0,0
66.94,40,100,108.865012092522,5.55566580787653,14.2945152146877,0.0634760016242987,15,2034.37178806929,-0,3.5527136788005e-15,0,562.718470861187,0,0
66.96,40,100,108.976127449203,5.55587016597694,14.2957705667803,0.0620559752881486,15,2020.96356433029,-0,1.77635683940025e-15,0,562.540059472581,0,0
66.98,40,100,109.087246911052,5.55607630764619,14.2969973292488,0.0606172799664414,15,2007.50766940686,-0,1.77635683940025e-15,0,562.35942573585,0,0
67,40,100,109.198370512719,5.5562841307714,14.2981951431007,0.0591613514366807,15,1994.00410676284,-0,1.77635683940025e-15,1,562.176569568539,0,0
67.02,40,100,109.309498286812,5.55649353324903,14.2993636778803,0.0576896074963617,15,1980.45287979625,-0,1.77635683940025e-15,0,561.991490887524,0,0
67.04,40,100,109.420630263897,5.5567044130664,14.300502631303,0.0562034473510256,15,1966.85399183836,-0,1.77635683940025e-15,0,561.804189609046,0,0
67.06,40,100,109.531766472504,5.55691666838128,14.3016117288773,0.054704251027683,15,1953.20744615278,-0,3.5527136788005e-15,0,561.614665648757,0,0
67.08,40,100,109.642906939125,5.55713019759963,14.302690723516,0.0531933788134984,15,1939.5132459347,-0,3.5527136788005e-15,0,561.422918921758,0,0
67.1,40,100,109.754051688225,5.5573448994515,14.3037393951354,0.051672170719609,15,1925.77139431013,-0,3.5527136788005e-15,0,561.228949342641,0,0
67.12,40,100,109.865200742248,5.55756067306499,14.3047575502454,0.0501419459699383,15,1911.98189433522,-0,3.5527136788005e-15,0,561.032756825528,0,0
67.14,40,100,109.976354121624,5.55777741803831,14.3057450215281,0.048604002514852,15,1898.14474899564,-0,5.32907051820075e-15,0,560.834341284114,0,0
67.16,40,100,110.087511844779,5.55799503450995,14.3067016674083,0.0470596165694843,15,1884.25996120605,-0,5.32907051820075e-15,0,560.633702631704,0,0
67.18,40,100,110.198673928152,5.55821342322684,14.3076273716137,0.0455100421765558,15,1870.32753380956,-0,5.32907051820075e-15,0,560.430840781254,0,0
67.2,40,100,110.309840386199,5.55843248561072,14.308522042728,0.043956510793485,15,1856.34746957734,-0,7.105427357601e-15,1,560.225755645412,0,0
67.22,40,100,110.421011231415,5.55865212382245,14.3093856137349,0.0424002309035862,15,1842.3197712082,-0,5.32907051820075e-15,0,560.018447136557,0,0
67.24,40,100,110.532186474343,5.55887224082439,14.3102180415548,0.0408423876511321,15,1828.24444132827,-0,5.32907051820075e-15,0,559.808915166836,0,0
67.26,40,100,110.643366123598,5.55909274044093,14.3110193065749,0.039284142500048,15,1814.12148249078,-0,5.32907051820075e-15,0,559.597159648206,0,0
67.28,40,100,110.754550185876,5.55931352741698,14.311789412172,0.0377266329159934,15,1799.95089717579,-0,3.5527136788005e-15,0,559.383180492471,0,0
67.3,40,100,110.865738665981,5.55953450747451,14.31252838423,0.0361709720715742,15,1785.73268779008,-0,3.5527136788005e-15,0,559.166977611318,0,0
67.32,40,100,110.97693156684,5.55975558736726,14.3132362706509,0.0346182485744191,15,1771.46685666701,-0,3.5527136788005e-15,0,558.948550916359,0,0
67.34,40,100,111.088128889527,5.55997667493335,14.3139131408611,0.0330695262178421,15,1757.1534060665,-0,5.32907051820075e-15,0,558.727900319165,0,0
67.36,40,100,111.199330633281,5.56019767914609,14.3145590853129,0.0315258437538043,15,1742.79233817502,-0,5.32907051820075e-15,0,558.505025731303,0,0
67.38,40,100,111.310536795537,5.56041851016281,14.3151742149813,0.0299882146878775,15,1728.38365510562,-0,3.5527136788005e-15,0,558.279927064376,0,0
67.4,40,100,111.421747371942,5.56063907937171,14.3157586608577,0.0284576270959033,15,1713.92735889806,-0,3.5527136788005e-15,1,558.052604230053,0,0
67.42,40,100,111.532962356384,5.5608592994369,14.3163125734392,0.0269350434620324,15,1699.42345151896,-0,3.5527136788005e-15,0,557.82305714011,0,0
67.44,40,100,111.644181741017,5.56107908434144,14.3168361222153,0.0254214005378205,15,1684.87193486196,-0,3.5527136788005e-15,0,557.591285706462,0,0
67.46,40,100,111.755405516291,5.56129834942856,14.3173294951525,0.0239176092220487,15,1670.272810748,-0,3.5527136788005e-15,0,557.357289841198,0,0
67.48,40,100,111.866633670973,5.56151701144092,14.3177928981756,0.0224245544609304,15,1655.62608092557,-0,1.77635683940025e-15,0,557.121069456614,0,0
67.5,40,100,111.977866192182,5.56173498855807,14.3182265546485,0.0209430951683558,15,1640.93174707109,-0,1.77635683940025e-15,0,556.882624465248,0,0
67.52,40,100,112.089103065413,5.56195220043197,14.3186307048521,0.0194740641658226,15,1626.18981078922,-0,1.77635683940025e-15,0,556.641954779912,0,0
67.54,40,100,112.200344274571,5.56216856822075,14.3190056054628,0.018018268141692,15,1611.40027361333,-0,1.77635683940025e-15,0,556.399060313724,0,0
67.56,40,100,112.311589801998,5.56238401462058,14.3193515290291,0.0165764876294032,15,1596.56313700593,-0,0,0,556.15394098014,0,0
67.58,40,100,112.422839628508,5.56259846389574,14.3196687634485,0.0151494770042766,15,1581.67840235915,-0,0,0,555.906596692983,0,0
67.6,40,100,112.534093733412,5.56281184190691,14.3199576114446,0.0137379644985268,15,1566.74607099531,-0,0,1,555.657027366476,0,0
67.62,40,100,112.645352094558,5.56302407613765,14.3202183900445,0.0123426522341035,15,1551.76614416743,-0,0,0,555.405232915271,0,0
67.64,40,100,112.756614688359,5.56323509571919,14.3204514300571,0.0109642162729745,15,1536.73862305992,-0,0,0,555.151213254475,0,0
67.66,40,100,112.867881489827,5.56344483145337,14.3206570755523,0.0096033066844591,15,1521.66350878913,-0,-1.77635683940025e-15,0,554.894968299684,0,0
67.68,40,100,112.979152472607,5.56365321583394,14.3208356833424,0.0082605476292177,15,1506.54080240409,-0,-1.77635683940025e-15,0,554.636497967006,0,0
67.7,40,100,113.090427609011,5.56386018306618,14.3209876224644,0.00693653745949755,15,1491.37050488717,-0,-1.77635683940025e-15,0,554.375802173089,0,0
67.72,40,100,113.201706870054,5.56406566908475,14.3211132736653,0.00563184883523609,15,1476.15261715486,-0,0,0,554.112880835147,0,0
67.74,40,100,113.312990225484,5.56426961157001,14.3212130288896,0.00434702885561417,15,1460.88714005848,-0,1.77635683940025e-15,0,553.84773387099,0,0
67.76,40,100,113.424277643822,5.56447194996257,14.3212872907691,0.00308259920565512,15,1445.57407438505,-0,1.77635683940025e-15,0,553.580361199041,0,0
67.78,40,100,113.535569092395,5.56467262547638,14.3213364721169,0.00183905631745885,15,1430.21342085805,-0,1.77635683940025e-15,0,553.310762738368,0,0
67.8,40,100,113.646864537374,5.56487158111015,14.3213609954232,0.000616871545660798,15,1414.80518013829,-0,3.5527136788005e-15,1,553.038938408702,0,0
67.82,40,100,113.758163943805,5.5650687616572,14.3213612923563,-0.000583508643296599,15,1399.3493528248,-0,1.77635683940025e-15,0,552.764888130463,0,0
67.84,40,100,113.869467275649,5.56526411371386,14.3213378032668,-0.00176166246849376,15,1383.84593945572,-0,1.77635683940025e-15,0,552.48861182478,0,0
67.86,40,100,113.980774495818,5.56545758568631,14.3212909766956,-0.00291719261887914,15,1368.29494050922,-0,1.77635683940025e-15,0,552.210109413514,0,0
67.88,40,100,114.09208556621,5.56564912779594,14.3212212688871,-0.00404972602504527,15,1352.69635640446,-0,1.77635683940025e-15,0,551.929380819279,0,0
67.9,40,100,114.203400447744,5.56583869208329,14.3211291433066,-0.00515891361885031,15,1337.05018750253,-0,3.5527136788005e-15,0,551.646425965458,0,0
67.92,40,100,114.314719100399,5.56602623241055,14.321015070163,-0.00624443008130083,15,1321.35643410748,-0,1.77635683940025e-15,0,551.361244776227,0,0
67.94,40,100,114.426041483251,5.56621170446269,14.3208795259361,-0.00730597357911064,15,1305.61509646728,-0,0,0,551.073837176573,0,0
67.96,40,100,114.537367554505,5.56639506574719,14.3207229929099,-0.0083432654903498,15,1289.82617477488,-0,1.77635683940025e-15,0,550.784203092308,0,0
67.98,40,100,114.648697271537,5.56657627559245,14.320545958711,-0.00935605011959727,15,1273.98966916922,-0,1.77635683940025e-15,0,550.492342450087,0,0
68,40,100,114.760030590925,5.56675529514491,14.3203489158533,-0.0103440944030101,15,1258.10557973632,-0,0,1,550.19825517743,0,0
68.02,40,100,114.871367468492,5.56693208736489,14.3201323612878,-0.0113071876037193,15,1242.17390651032,-0,0,0,549.901941202729,0,0
68.04,40,100,114.982707859335,5.56710661702115,14.31989679596,-0.0122451409979617,15,1226.19464947459,-0,0,0,549.603400455268,0,0
68.06,40,100,115.094051717866,5.56727885068426,14.3196427243721,-0.0131577875523561,15,1210.1678085628,-0,-1.77635683940025e-15,0,549.302632865237,0,0
68.08,40,100,115.205398997844,5.5674487567188,14.3193706541531,-0.0140449815927271,15,1194.09338366007,-0,-1.77635683940025e-15,0,548.999638363743,0,0
68.1,40,100,115.316749652417,5.56761630527437,14.3190810956344,-0.0149065984648817,15,1177.97137460404,-0,-1.77635683940025e-15,0,548.694416882826,0,0
68.12,40,100,115.42810363415,5.56778146827548,14.3187745614335,-0.0157425341877363,15,1161.80178118604,-0,-1.77635683940025e-15,0,548.386968355465,0,0
68.14,40,100,115.539460895068,5.56794421941039,14.3184515660435,-0.0165527050991938,15,1145.58460315221,-0,-1.77635683940025e-15,0,548.077292715598,0,0
68.16,40,100,115.650821386683,5.5681045341188,14.3181126254306,-0.0173370474951631,15,1129.31984020463,-0,-3.5527136788005e-15,0,547.765389898124,0,0
68.18,40,100,115.762185060037,5.56826238957861,14.3177582566387,-0.018095517262113,15,1113.00749200251,-0,-3.5527136788005e-15,0,547.451259838919,0,0
68.2,40,100,115.87355186573,5.5684177646916,14.3173889774009,-0.0188280895035473,15,1096.64755816332,-0,-3.5527136788005e-15,1,547.13490247484,0,0
68.22,40,100,115.984921753958,5.56857064006815,14.3170053057595,-0.0195347581607861,15,1080.24003826396,-0,-1.77635683940025e-15,0,546.816317743739,0,0
68.24,40,100,116.096294674549,5.56872099801109,14.3166077596925,-0.0202155356284313,15,1063.78493184192,-0,-1.77635683940025e-15,0,546.495505584466,0,0
68.26,40,100,116.207670576988,5.56886882249855,14.3161968567491,-0.0208704523648939,15,1047.28223839647,-0,-1.77635683940025e-15,0,546.172465936878,0,0
68.28,40,100,116.319049410462,5.56901409916598,14.3157731136917,-0.0214995564983534,15,1030.7319573898,-0,-1.77635683940025e-15,0,545.847198741846,0,0
68.3,40,100,116.430431123884,5.56915681528732,14.3153370461467,-0.0221029134285175,15,1014.13408824824,-0,0,0,545.51970394126,0,0
68.32,40,100,116.541815665928,5.56929695975537,14.3148891682634,-0.0226806054245437,15,997.488630363381,-0,0,0,545.189981478033,0,0
68.34,40,100,116.653202985065,5.56943452306134,14.3144299923801,-0.0232327312194814,15,980.795583093279,-0,0,0,544.858031296109,0,0
68.36,40,100,116.764593029589,5.56956949727368,14.3139600286995,-0.023759405601587,15,964.054945763621,-0,-1.77635683940025e-15,0,544.523853340461,0,0
68.38,40,100,116.875985747652,5.56970187601616,14.3134797849711,-0.0242607590028608,15,947.266717668906,-0,-1.77635683940025e-15,0,544.187447557102,0,0
68.4,40,100,116.987381087294,5.56983165444532,14.3129897661832,-0.0247369370851468,15,930.430898073594,-0,-1.77635683940025e-15,1,543.848813893078,0,0
68.42,40,100,117.098778996472,5.56995882922715,14.3124904742615,-0.0251881003241341,15,913.547486213281,-0,-1.77635683940025e-15,0,543.50795229648,0,0
68.44,40,100,117.210179423092,5.57008339851326,14.3119824077779,-0.0256144235915922,15,896.616481295864,-0,-1.77635683940025e-15,0,543.164862716436,0,0
68.46,40,100,117.321582315039,5.57020536191636,14.3114660616663,-0.0260160957361656,15,879.637882502676,-0,-1.77635683940025e-15,0,542.81954510312,0,0
68.48,40,100,117.432987620202,5.57032472048524,14.3109419269473,-0.026393319163049,15,862.611688989663,-0,-1.77635683940025e-15,0,542.471999407747,0,0
68.5,40,100,117.544395286508,5.57044147667912,14.3104104904615,-0.0267463094128579,15,845.537899888511,-0,-3.5527136788005e-15,0,542.122225582571,0,0
68.52,40,100,117.655805261945,5.57055563434162,14.3098722346106,-0.0270752947400043,15,828.416514307784,-0,-3.5527136788005e-15,0,541.770223580892,0,0
68.54,40,100,117.767217494592,5.5706671986741,14.3093276371077,-0.0273805156908805,15,811.247531334052,-0,-3.5527136788005e-15,0,541.415993357046,0,0
68.56,40,100,117.878631932646,5.57077617620866,14.3087771707358,-0.0276622246821466,15,794.030950033023,-0,-1.77635683940025e-15,0,541.059534866406,0,0
68.58,40,100,117.990048524447,5.57088257478067,14.308221303114,-0.0279206855794157,15,776.766769450643,-0,-1.77635683940025e-15,0,540.700848065381,0,0
68.6,40,100,118.101467218504,5.5709864035009,14.3076604964733,-0.0281561732766185,15,759.454988614195,-0,-1.77635683940025e-15,1,540.339932911413,0,0
68.62,40,100,118.212887963523,5.57108767272731,14.30709520744,-0.0283689732763274,15,742.095606533413,-0,-1.77635683940025e-15,0,539.976789362968,0,0
68.64,40,100,118.324310708427,5.57118639403645,14.3065258868278,-0.0285593812713118,15,724.688622201535,-0,-1.77635683940025e-15,0,539.61141737954,0,0
68.66,40,100,118.435735402383,5.57128258019463,14.3059529794381,-0.0287277027275906,15,707.234034596402,-0,-1.77635683940025e-15,0,539.243816921638,0,0
68.68,40,100,118.547161994826,5.57137624512871,14.3053769238686,-0.0288742524692402,15,689.731842681498,-0,-1.77635683940025e-15,0,538.873987950788,0,0
68.7,40,100,118.658590435479,5.5714674038967,14.3047981523305,-0.0289993542652118,15,672.182045407001,-0,-1.77635683940025e-15,0,538.501930429523,0,0
68.72,40,100,118.770020674381,5.5715560726581,14.3042170904735,-0.0291033404184032,15,654.584641710832,-0,-1.77635683940025e-15,0,538.127644321381,0,0
68.74,40,100,118.8814526619,5.57164226864403,14.3036341572196,-0.0291865513572253,15,636.939630519653,-0,0,0,537.751129590891,0,0
68.76,40,100,118.992886348763,5.57172601012721,14.3030497646039,-0.0292493352298961,15,619.247010749896,-0,0,0,537.372386203576,0,0
68.78,40,100,119.10432168607,5.57180731639172,14.302464317625,-0.0292920475016873,15,601.506781308751,-0,0,0,536.991414125938,0,0
68.8,40,100,119.215758625318,5.57188620770272,14.3018782141023,-0.0293150505553454,15,583.718941095139,-0,-1.77635683940025e-15,1,536.608213325454,0,0
68.82,40,100,119.327197118419,5.57196270527598,14.3012918445417,-0.0293187132948979,15,565.883489000688,-0,-1.77635683940025e-15,0,536.222783770566,0,0
68.84,40,100,119.438637117718,5.57203683124737,14.300705592009,-0.0293034107530519,15,548.00042391068,-0,0,0,535.835125430676,0,0
68.86,40,100,119.550078576011,5.57210860864227,14.3001198320114,-0.0292695237023844,15,530.069744704982,-0,1.77635683940025e-15,0,535.445238276131,0,0
68.88,40,100,119.661521446565,5.57217806134499,14.2995349323863,-0.0292174382705166,15,512.091450258975,-0,1.77635683940025e-15,0,535.05312227822,0,0
68.9,40,100,119.772965683131,5.5722452140681,14.2989512531984,-0.0291475455594592,15,494.065539444446,-0,1.77635683940025e-15,0,534.658777409162,0,0
68.92,40,100,119.884411239964,5.57231009232184,14.2983691466436,-0.0290602412693066,15,475.992011130489,-0,1.77635683940025e-15,0,534.262203642094,0,0
68.94,40,100,119.995858071836,5.57237272238351,14.2977889569609,-0.0289559253264546,15,457.870864184361,-0,1.77635683940025e-15,0,533.863400951063,0,0
68.96,40,100,120.107306134051,5.57243313126695,14.2972110203517,-0.028835001516505,15,439.702097472342,-0,3.5527136788005e-15,0,533.462369311018,0,0
68.98,40,100,120.218755382463,5.57249134669205,14.296635664906,-0.0286978771220189,15,421.485709860577,-0,3.5527136788005e-15,0,533.059108697794,0,0
69,40,100,120.330205773485,5.57254739705438,14.2960632105362,-0.02854496256527,15,403.22170021589,-0,3.5527136788005e-15,1,532.653619088103,0,0
69.02,40,100,120.441657264105,5.57260131139496,14.2954939689179,-0.0283766710561437,15,384.910067406581,-0,1.77635683940025e-15,0,532.245900459524,0,0
69.04,40,100,120.553109811898,5.57265311937007,14.2949282434372,-0.0281934182453233,15,366.550810303227,-0,3.5527136788005e-15,0,531.835952790491,0,0
69.06,40,100,120.664563375039,5.57270285122131,14.2943663291461,-0.0279956218828939,15,348.143927779422,-0,3.5527136788005e-15,0,531.423776060279,0,0
69.08,40,100,120.776017912311,5.57275053774577,14.2938085127231,-0.0277837014824922,15,329.689418712552,-0,1.77635683940025e-15,0,531.009370248996,0,0
69.1,40,100,120.887473383121,5.5727962102664,14.2932550724415,-0.0275580779911218,15,311.187281984504,-0,1.77635683940025e-15,0,530.592735337564,0,0
69.12,40,100,120.998929747507,5.57283990060258,14.2927062781442,-0.0273191734647478,15,292.637516482392,-0,1.77635683940025e-15,0,530.173871307714,0,0
69.14,40,100,121.110386966146,5.57288164104093,14.2921623912245,-0.0270674107497767,15,274.040121099238,-0,0,0,529.752778141969,0,0
69.16,40,100,121.221845000367,5.57292146430631,14.2916236646135,-0.0268032131705257,15,255.395094734658,-0,1.77635683940025e-15,0,529.329455823631,0,0
69.18,40,100,121.333303812158,5.57295940353312,14.2910903427735,-0.0265270042227726,15,236.70243629551,-0,0,0,528.903904336771,0,0
69.2,40,100,121.444763364171,5.57299549223687,14.2905626616978,-0.0262392072734769,15,217.962144696532,-0,1.77635683940025e-15,1,528.47612366621,0,0
69.22,40,100,121.556223619736,5.57302976428596,14.2900408489159,-0.0259402452667551,15,199.174218860963,-0,0,0,528.046113797514,0,0
69.24,40,100,121.66768454286,5.57306225387382,14.2895251235054,-0.0256305404361855,15,180.338657721136,-0,0,0,527.613874716971,0,0
69.26,40,100,121.779146098238,5.5730929954914,14.2890156961084,-0.0253105140235126,15,161.455460219074,-0,-1.77635683940025e-15,0,527.179406411585,0,0
69.28,40,100,121.890608251258,5.57312202389983,14.2885127689544,-0.0249805860038185,15,142.524625307028,-0,0,0,526.742708869058,0,0
69.3,40,100,122.002070968005,5.57314937410361,14.2880165358884,-0.024641174817216,15,123.546151948038,-0,0,0,526.303782077777,0,0
69.32,40,100,122.113534215269,5.57317508132398,14.2875271824042,-0.0242926971071205,15,104.520039116455,-0,0,0,525.862626026801,0,0
69.34,40,100,122.224997960541,5.57319918097278,14.2870448856825,-0.0239355674651451,15,85.4462857984345,-0,0,0,525.419240705846,0,0
69.36,40,100,122.336462172027,5.57322170862657,14.2865698146351,-0.0235701981826626,15,66.3248909924372,-0,0,0,524.973626105272,0,0
69.38,40,100,122.447926818644,5.57324270000123,14.286102129953,-0.0231969990090696,15,47.1558537096835,-0,0,0,524.525782216065,0,0
69.4,40,100,122.559391870024,5.57326219092685,14.2856419841593,-0.0228163769167845,15,27.9391729746183,-0,0,1,524.075709029828,0,0
69.42,40,100,122.670857296518,5.57328021732316,14.2851895216676,-0.0224287358730045,14.96,8.67484782532297,-0,0,0,523.623406538763,0,0
69.44,40,100,122.782322711933,5.57324909542061,14.284687666502,-0.029644617155905,14.72,-10.6110114483027,-0,1.77635683940025e-15,0,523.16887473764,0,0
69.46,40,100,122.893786767214,5.57314395305103,14.2839291557081,-0.0480475468732808,14.48,-29.9040498326117,-0,1.77635683940025e-15,0,522.71211363934,0,0
69.48,40,100,123.005247964847,5.57296297892125,14.2826930587553,-0.0773562335362361,14.24,-49.2026281635996,-0,1.77635683940025e-15,0,522.253123285982,0,0
69.5,40,100,123.116704765108,5.57270376676583,14.2807640850596,-0.117288010858954,14,-68.5051105665851,-0,1.77635683940025e-15,0,521.791903750036,0,0
69.52,40,100,123.22815557438,5.57236333718016,14.2779326092791,-0.167559057194976,13.76,-87.8098649317908,-0,3.5527136788005e-15,0,521.328455135285,0,0
69.54,40,100,123.339598733907,5.57193815931285,14.2739946922567,-0.227884611353663,13.52,-107.11526337837,-0,1.77635683940025e-15,0,520.86277757802,0,0
69.56,40,100,123.451032508981,5.57142417240608,14.2687520976841,-0.297979184719911,13.28,-126.419682706721,-0,1.77635683940025e-15,0,520.394871248446,0,0
69.58,40,100,123.562455078558,5.57081680717327,14.2620123045598,-0.377556769604344,13.04,-145.721504839043,-0,1.77635683940025e-15,0,519.924736352313,0,0
69.6,40,100,123.6738645253,5.57011100700338,14.2535885155193,-0.466331043755349,12.8,-165.019117248078,-0,1.77635683940025e-15,1,519.452373132734,0,0
69.62,40,100,123.785258826039,5.56930124898193,14.243299661114,-0.564015570968365,12.56,-184.310913373918,-0,1.77635683940025e-15,0,518.977781872213,0,0
69.64,40,100,123.896635842659,5.56838156471866,14.2309704001166,-0.670323997731918,12.32,-203.595293028851,-0,1.77635683940025e-15,0,518.500962894853,0,0
69.66,40,100,124.007993313395,5.56734556097245,14.2164311159345,-0.784970245853885,12.08,-222.870662790228,-0,1.77635683940025e-15,0,518.021916568741,0,0
69.68,40,100,124.119328844536,5.56618644006429,14.1995179092113,-0.907668701015412,11.84,-242.135436381255,-0,0,0,517.540643308506,0,0
69.7,40,100,124.230639902545,5.56489702006941,14.1800725866975,-1.03813439720387,11.6,-261.388035039751,-0,0,0,517.057143578034,0,0
69.72,40,100,124.341923806567,5.56346975477996,14.1579426464753,-1.17608319698007,11.36,-280.626887874788,-0,0,0,516.571417893347,0,0
69.74,40,100,124.453177721348,5.56189675343019,14.1329812596191,-1.32123196753876,11.12,-299.850432211251,-0,1.77635683940025e-15,0,516.083466825612,0,0
69.76,40,100,124.564398650534,5.560169800176,14.1050472483779,-1.47329875252532,10.88,-319.057113922302,-0,0,0,515.593291004306,0,0
69.78,40,100,124.675583430362,5.55828037332151,14.0740050609632,-1.63200293957507,10.64,-338.245387749745,-0,0,0,515.100891120492,0,0
69.8,40,100,124.786728723739,5.55621966428517,14.0397247430304,-1.79706542354556,10.4,-357.413717612341,-0,0,1,514.606267930236,0,0
69.82,40,100,124.897831014685,5.5539785962987,14.0020819059375,-1.96820876541548,10.16,-376.560576902045,-0,-1.77635683940025e-15,0,514.109422258125,0,0
69.84,40,100,125.008886603155,5.55154784283197,13.9609576918702,-2.14515734682783,9.91999999999999,-395.684448768265,-0,0,0,513.610355000895,0,0
69.86,40,100,125.119891600231,5.54891784573773,13.9162387359199,-2.32763752025802,9.67999999999999,-414.783826390101,-0,0,0,513.109067131168,0,0
69.88,40,100,125.230841923662,5.54607883311015,13.8678171252013,-2.51537775479128,9.43999999999999,-433.857213236723,-0,0,0,512.605559701268,0,0
69.9,40,100,125.341733293769,5.54302083685135,13.8155903550997,-2.70810877749727,9.19999999999999,-452.9031233158,-0,-1.77635683940025e-15,0,512.099833847133,0,0
69.92,40,100,125.452561229693,5.53973370994074,13.7594612827343,-2.90556371039261,8.95999999999999,-471.920081410193,-0,-1.77635683940025e-15,0,511.5918907923,0,0
69.94,40,100,125.563321045987,5.53620714340191,13.699338077726,-3.10747820298601,8.71999999999999,-490.906623302861,-0,-1.77635683940025e-15,0,511.081731851962,0,0
69.96,40,100,125.674007849546,5.5324306829625,13.6351341703593,-3.3135905604031,8.47999999999999,-509.861295990133,-0,-3.5527136788005e-15,0,510.569358437096,0,0
69.98,40,100,125.784616536859,5.52839374540239,13.5667681972255,-3.52364186709199,8.23999999999999,-528.782657883384,-0,-3.5527136788005e-15,0,510.054772058637,0,0
70,40,100,125.895141791598,5.5240856345862,13.4941639444359,-3.73737610611291,7.99999999999999,-547.669278999241,-0,-1.77635683940025e-15,1,509.537974331719,0,0
70.02,40,100,126.005578082515,5.51949555717615,13.4172502884935,-3.95454027401888,7.75999999999999,-566.519741138353,-0,-1.77635683940025e-15,0,509.018966979946,0,0
70.04,40,100,126.115919661648,5.51461263802171,13.3359611349109,-4.17488449133695,7.52,-585.332638052944,-0,-3.5527136788005e-15,0,508.49775183971,0,0
70.06,40,100,126.226160562844,5.50942593522275,13.2502353546629,-4.39816210866252,7.28,-604.106575603112,-0,-3.5527136788005e-15,0,507.974330864544,0,0
70.08,40,100,126.336294600565,5.50392445486326,13.16001671856,-4.62412980838215,7.04,-622.840171902075,-0,-3.5527136788005e-15,0,507.448706129497,0,0
70.1,40,100,126.446315368995,5.49809716541269,13.0652538296324,-4.85254770204275,6.8,-641.532057450507,-0,-3.5527136788005e-15,0,506.920879835528,0,0
70.12,40,100,126.55621624143,5.49193301179284,12.9659000536087,-5.08317942338808,6.56,-660.180875259989,-0,-1.77635683940025e-15,0,506.390854313921,0,0
70.14,40,100,126.665990369942,5.48542092910771,12.8619134475776,-5.3157922170857,6.31999999999999,-678.785280965789,-0,-1.77635683940025e-15,0,505.858632030707,0,0
70.16,40,100,126.775630685319,5.47854985603475,12.7532566869182,-5.55015702317032,6.07999999999999,-697.343942929077,-0,-1.77635683940025e-15,0,505.324215591088,0,0
70.18,40,100,126.88512989727,5.47130874787561,12.6398969905831,-5.78604855723184,5.83999999999999,-715.855542328732,-0,-1.77635683940025e-15,0,504.787607743861,0,0
70.2,40,100,126.994480494878,5.46368658926525,12.5218060448215,-6.02324538637875,5.59999999999999,-734.318773242808,-0,-1.77635683940025e-15,1,504.248811385837,0,0
70.22,40,100,127.10367474732,5.4556724065381,12.3989599254233,-6.26153000100994,5.35999999999999,-752.732342719946,-0,-1.77635683940025e-15,0,503.707829566245,0,0
70.24,40,100,127.212704704813,5.4472552797505,12.2713390185708,-6.50068888243015,5.11999999999999,-771.094970840737,-0,-3.5527136788005e-15,0,503.164665491123,0,0
70.26,40,100,127.321562199813,5.43842435435877,12.1389279403786,-6.74051256634658,4.87999999999999,-789.405390769278,-0,-1.77635683940025e-15,0,502.619322527682,0,0
70.28,40,100,127.430238848432,5.42916885255261,12.0017154552045,-6.98079570228604,4.63999999999999,-807.662348795084,-0,-1.77635683940025e-15,0,502.071804208653,0,0
70.3,40,100,127.538726052086,5.41947808424355,11.8596943928129,-7.22133710897441,4.39999999999999,-825.864604365455,-0,0,0,501.522114236593,0,0
70.32,40,100,127.647014999356,5.4093414577087,11.7128615644699,-7.46193982572191,4.15999999999999,-844.010930108532,-0,0,0,500.970256488161,0,0
70.34,40,100,127.755096668056,5.39874848989005,11.5612176780514,-7.70241115985949,3.91999999999999,-862.10011184717,-0,0,0,500.416235018359,0,0
70.36,40,100,127.862961827512,5.38768881634989,11.4047672522402,-7.94256273027381,3.67999999999999,-880.13094860381,-0,0,0,499.860054064719,0,0
70.38,40,100,127.970601041024,5.37615220088314,11.243518529892,-8.18221050708973,3.43999999999999,-898.102252596546,-0,0,0,499.301718051451,0,0
70.4,40,100,128.078004668531,5.36412854478755,11.0774833906454,-8.42117484755093,3.19999999999999,-916.012849226524,-0,-1.77635683940025e-15,1,498.741231593539,0,0
70.42,40,100,128.185162869445,5.35160789579302,10.9066772628522,-8.65928052815124,2.95999999999999,-933.861577056894,-0,-1.77635683940025e-15,0,498.178599500777,0,0
70.44,40,100,128.292065605673,5.33858045665139,10.7311190349019,-8.89635677307024,2.71999999999999,-951.647287783474,-0,-1.77635683940025e-15,0,497.61382678175,0,0
70.46,40,100,128.398702644791,5.32503659338835,10.5508309660136,-9.13223727896871,2.47999999999999,-969.368846197313,-0,-2.66453525910038e-15,0,497.046918647757,0,0
70.48,40,100,128.505063563398,5.31096684321921,10.3658385965691,-9.36676023620054,2.23999999999999,-987.025130139337,-0,-2.66453525910038e-15,0,496.477880516657,0,0
70.5,40,100,128.611137750612,5.29636192213065,10.1761706580556,-9.59976834649926,1.99999999999999,-1004.6150304473,-0,-1.77635683940025e-15,0,495.90671801666,0,0
70.52,40,100,128.716914411719,5.28121273213045,9.98185898269054,-9.83110883719852,1.75999999999999,-1022.13745089516,-0,-8.88178419700125e-16,0,495.333436990039,0,0
70.54,40,100,128.822382571962,5.26551036816769,9.7829384127958,-10.0606334720471,1.51999999999999,-1039.59130812515,-0,0,0,494.758043496765,0,0
70.56,40,100,128.92753108047,5.24924612472587,9.57944670998912,-10.2881985586801,1.27999999999999,-1056.97553157267,-0,0,0,494.180543818075,0,0
70.58,40,100,129.032348614307,5.23241150209171,9.37142446425908,-10.5136649528091,1.03999999999999,-1074.28906338426,-0,0,0,493.60094445995,0,0
70.6,40,100,129.136823682653,5.21499821230242,9.1589150029885,-10.7368980591954,0.799999999999992,-1091.53085832876,-0,8.88178419700125e-16,1,493.019252156514,0,0
70.62,40,100,129.240944631092,5.19699818477453,8.94196429999006,-10.9577678294701,0.559999999999992,-1108.69988370196,-0,8.88178419700125e-16,0,492.435473873353,0,0
70.64,40,100,129.344699646015,5.17840357161743,8.72062088461649,-11.1761487568676,0.319999999999992,-1125.79511922482,-0,8.88178419700125e-16,0,491.84961681074,0,0
70.66,40,100,129.448076759124,5.15920675263483,8.49493575100638,-11.3919198679392,0.0799999999999917,-1142.81555693559,-0,8.88178419700125e-16,0,491.261688406773,0,0
70.68,40,100,129.551063852032,5.13940034001786,8.26496226752539,-11.6049647113118,-0.160000000000008,-1159.76020107587,-0,8.88178419700125e-16,0,490.671696340428,0,0
70.7,40,100,129.653648660961,5.11897718273311,8.03075608646123,-11.8151713435626,-0.400000000000008,-1176.62806797096,-0,8.88178419700125e-16,0,490.079648534506,0,0
70.72,40,100,129.755818781508,5.09793037060954,7.79237505402946,-12.0224323122758,-0.640000000000008,-1193.4181859046,-0,0,0,489.485553158502,0,0
70.74,40,100,129.857561673512,5.0762532381281,7.54987912074575,-12.2266446363519,-0.880000000000008,-1210.1295949883,-0,8.88178419700125e-16,0,488.889418631362,0,0
70.76,40,100,129.958864665976,5.05393936791793,7.30333025221881,-12.4277097836373,-1.12000000000001,-1226.76134702551,-0,0,0,488.291253624153,0,0
70.78,40,100,130.059714962064,5.03098259396334,7.05279234041699,-12.625533645947,-1.36000000000001,-1243.31250537081,-0,0,0,487.69106706263,0,0
70.8,40,97,130.160099644156,5.00737700452576,6.79833111545991,-12.820026511548,-1.60000000000001,-1259.78214478426,-0,0,1,487.088868129698,0,0
70.82,40,97,130.260005678966,4.98311694478497,6.54001405798516,-13.0111030351753,-1.84000000000001,-1277.45163743849,-0,8.88178419700125e-16,0,486.424666267783,0,0
70.84,40,97,130.359419922697,4.95819701920396,6.27791031213886,-13.1986822056519,-2.08000000000001,-1295.03779429214,-0,0,0,485.758471181087,0,0
70.86,40,97,130.458329126255,4.93261209362209,6.0120905992371,-13.3826873111831,-2.32000000000001,-1312.53972340292,-0,8.88178419700125e-16,0,485.090292837752,0,0
70.88,40,97,130.556719940489,4.90635729708091,5.74262713214422,-13.5630459023973,-2.56000000000001,-1329.95654360746,-0,8.88178419700125e-16,0,484.420141471912,0,0
70.9,40,97,130.654578921476,4.87942802338765,5.46959353041216,-13.7396897532037,-2.80000000000001,-1347.28738435454,-0,8.88178419700125e-16,0,483.748027585637,0,0
70.92,40,97,130.751892535828,4.85181993242079,5.19306473622396,-13.9125548195394,-3.04000000000001,-1364.53138553486,-0,8.88178419700125e-16,0,483.073961950782,0,0
70.94,40,97,130.848647166023,4.8235289511829,4.91311693118272,-14.0815811960775,-3.28000000000001,-1381.68769730714,-0,8.88178419700125e-16,0,482.397955610719,0,0
70.96,40,97,130.944829115757,4.79455127460535,4.62982745398632,-14.2467130709671,-3.52000000000001,-1398.75547992113,-0,0,0,481.720019881968,0,0
70.98,40,97,131.040424615312,4.76488336611016,4.34327471902634,-14.407898678676,-3.76000000000001,-1415.73390353744,-0,8.88178419700125e-16,0,481.040166355718,0,0
71,40,91.3,131.135419826921,4.73452195793385,4.05353813594851,-14.56509025101,-4.00000000000001,-1432.62214804455,-0,0,1,480.358406899239,0,0
71.02,40,91.3,131.229800850156,4.70346405121838,3.76069803021046,-14.7182439663767,-4.24000000000001,-1451.85574657196,-0,8.88178419700125e-16,0,479.560753657197,0,0
71.04,40,91.3,131.323553727297,4.67170691587453,3.46483556467112,-14.8673198973663,-4.48000000000001,-1470.99755420524,-0,0,0,478.761219052843,0,0
71.06,40,91.3,131.416664448707,4.63924809022271,3.16603266224476,-15.0122819567207,-4.72000000000001,-1490.04677889212,-0,-8.88178419700125e-16,0,477.959815789116,0,0
71.08,40,91.3,131.509118958196,4.60608538041652,2.86437192965116,-15.1530978417593,-4.96000000000001,-1509.00263755076,-0,-8.88178419700125e-16,0,477.156556849617,0,0
71.1,40,91.3,131.600903158369,4.57221685965436,2.55993658229217,-15.2897389773329,-5.20000000000001,-1527.86435587505,-0,0,0,476.351455499495,0,0
71.12,40,91.3,131.692002915957,4.53764086718449,2.25281037028323,-15.4221804573746,-5.44000000000001,-1546.63116813795,-0,-8.88178419700125e-16,0,475.544525286214,0,0
71.14,40,91.3,131.782404067125,4.50235600710864,1.94307750566744,-15.550400985117,-5.68000000000001,-1565.30231699324,-0,-8.88178419700125e-16,0,474.735780040217,0,0
71.16,40,91.3,131.872092422761,4.46636114698983,1.63082259083799,-15.674382812044,-5.92000000000001,-1583.87705327578,-0,-8.88178419700125e-16,0,473.925233875487,0,0
71.18,40,91.3,131.961053773723,4.42965541626963,1.31613054819363,-15.7941116756457,-6.16000000000001,-1602.35463580045,-0,-1.77635683940025e-15,0,473.112901189995,0,0
71.2,40,81.04,132.049273896061,4.3922382045003,0.99908655105047,-15.9095767360433,-6.40000000000001,-1620.73433115994,-0,-1.77635683940025e-15,1,472.298796666055,0,0
71.22,40,81.04,132.136738556204,4.35410915939723,0.679775955832024,-16.0207705115521,-6.64000000000001,-1643.40083217951,-0,-1.77635683940025e-15,0,471.277735270563,0,0
71.24,40,81.04,132.223433516098,4.31526818471724,0.358284235558062,-16.1276888132472,-6.88000000000001,-1665.96800173896,-0,-2.66453525910038e-15,0,470.254932255141,0,0
71.26,40,81.04,132.309344538306,4.27571543796791,0.0346969146515613,-16.2303306785992,-7.12000000000001,-1688.43512854189,-0,-2.66453525910038e-15,0,469.230403156172,0,0
71.28,40,81.04,132.394457391056,4.23545132795368,-0.290900494918291,-16.3286983042434,-7.36000000000001,-1710.80150825244,-0,-1.77635683940025e-15,0,468.204163794743,0,0
71.3,40,81.04,132.478757853248,4.19447651216402,-0.618422556140355,-16.4227969779485,-7.60000000000001,-1733.06644328967,-0,-1.77635683940025e-15,0,467.176230276475,0,0
71.32,40,81.04,132.562231719391,4.15279189400901,-0.947783968097682,-16.5126350098458,-7.84000000000001,-1755.22924262167,-0,-1.77635683940025e-15,0,466.146618991263,0,0
71.34,40,81.04,132.644864804501,4.11039861990797,-1.27889962572139,-16.5982236629847,-8.08000000000001,-1777.28922155961,-0,-8.88178419700125e-16,0,465.115346612919,0,0
71.36,40,81.04,132.726642948925,4.06729807623639,-1.6116846781494,-16.6795770832731,-8.32000000000001,-1799.24570155189,-0,-8.88178419700125e-16,0,464.082430098703,0,0
71.38,40,81.04,132.80755202311,4.02349188613662,-1.94605458567838,-16.7567122288665,-8.56000000000001,-1821.09800997838,-0,0,0,463.047886688781,0,0
71.4,40,72.832,132.887577932309,3.97898190619766,-2.28192517529842,-16.8296487990645,-8.80000000000001,-1842.84547994512,-0,-8.88178419700125e-16,1,462.011733905566,0,0
71.42,40,72.832,132.96670662121,3.93377022300948,-2.61921269480122,-16.8984091627742,-9.04000000000001,-1867.99578500578,-0,-8.88178419700125e-16,0,460.809829552981,0,0
71.44,40,72.832,133.044924078503,3.88785914959703,-2.95783386545371,-16.9630182865989,-9.28000000000001,-1893.03993417817,-0,-8.88178419700125e-16,0,459.606351715621,0,0
71.46,40,72.832,133.122216341375,3.84125122173948,-3.29770593323018,-17.0235036626109,-9.52,-1917.97727651987,-0,-8.88178419700125e-16,0,458.401318757832,0,0
71.48,40,72.832,133.198569499921,3.79394919417974,-3.63874671859716,-17.0798952358618,-9.76000000000001,-1942.80716599911,-0,0,0,457.194749322692,0,0
71.5,40,72.832,133.273969701491,3.74595603672957,-3.98087466484635,-17.1322253316897,-10,-1967.52896129297,-0,-8.88178419700125e-16,0,455.986662330914,0,0
71.52,40,72.832,133.348403154947,3.69727493027549,-4.32400888497214,-17.1805285828747,-10.24,-1992.14202558673,-0,-8.88178419700125e-16,0,454.777076979655,0,0
71.54,40,72.832,133.421856134847,3.64790926269065,-4.66806920709114,-17.2248418566979,-10.48,-2016.64572637441,-0,-8.88178419700125e-16,0,453.566012741244,0,0
71.56,40,72.832,133.49431498554,3.59786262465766,-5.01297621840239,-17.2652041819562,-10.72,-2041.03943526055,-0,-8.88178419700125e-16,0,452.353489361829,0,0
71.58,40,72.832,133.565766125183,3.54713880540756,-5.35865130768781,-17.3016566759837,-10.96,-2065.32252776354,-0,0,0,451.139526859938,0,0
71.6,40,61.3408,133.636196049665,3.49574178837992,-5.70501670635365,-17.3342424717313,-11.2,-2089.49438312034,-0,0,1,449.924145524967,0,0
71.62,40,61.3408,133.70559133645,3.44367574680894,-6.05199552801441,-17.3630066449522,-11.4395555555556,-2118.46605298988,-0,0,0,448.477541915583,0,0
71.64,40,61.3408,133.773938656182,3.39094633674802,-6.3995105426735,-17.3877885723884,-11.6691793137631,-2147.32596337041,-0,0,0,447.029560858035,0,0
71.66,40,61.3408,133.84122482481,3.33756215626133,-6.7474765706952,-17.4080011894083,-11.8839939459877,-2176.07574652542,-0,0,0,445.580223443778,0,0
71.68,40,61.3408,133.907436838041,3.28353231743651,-7.09579604009841,-17.4230366485195,-12.0849545372522,-2204.71726761225,-0,0,0,444.12955102618,0,0
71.7,40,61.3408,133.972561874016,3.22886595892488,-7.44435985188874,-17.4323494248203,-12.2729545762773,-2233.252340736,-0,0,0,442.677565216873,0,0
71.72,40,61.3408,134.036587294268,3.17357228823568,-7.79304858707765,-17.4354524129364,-12.4488299280118,-2261.68273200797,-0,0,0,441.224287882093,0,0
71.74,40,61.3408,134.09950064549,3.11766061954833,-8.1417336380001,-17.4319132573961,-12.6133625499632,-2290.01016236675,-0,0,0,439.769741138999,0,0
71.76,40,61.3408,134.161289662007,3.06114040734308,-8.49027826845033,-17.4213509016893,-12.76728396885,-2318.23631017836,-0,0,0,438.313947351943,0,0
71.78,40,61.3408,134.221942268888,3.00402127613151,-8.83853860686998,-17.403432342217,-12.9112785330351,-2346.36281363061,-0,0,0,436.85692912869,0,0
71.8,40,49.60336,134.281446585614,2.94631304655156,-9.18636457655585,-17.3778695742312,-13.0459864551996,-2374.39127293602,-0,0,1,435.398709316565,0,0
71.82,40,49.60336,134.339790930231,2.88802575807516,-9.53360076660528,-17.3444167177044,-13.1720066587856,-2407.34017130127,-0,0,0,433.704562198524,0,0
71.84,40,49.60336,134.396963823927,2.82916968856171,-9.8800872470835,-17.3028673118501,-13.2898994408632,-2440.19411995204,-0,0,0,432.009259889142,0,0
71.86,40,49.60336,134.452953995973,2.76975537087627,-10.2256603316796,-17.2530517677485,-13.400188963261,-2472.95461667232,-0,0,0,430.312825930495,0,0
71.88,40,49.60336,134.507750388966,2.70979360677805,-10.570153290913,-17.1948349692158,-13.503365583037,-2505.62312842171,-0,0,0,428.61528408795,0,0
71.9,40,49.60336,134.561342164323,2.64929547827222,-10.913397018763,-17.1281140126978,-13.5998880326492,-2538.20109276462,-0,0,0,426.916658345844,0,0
71.92,40,49.60336,134.61371870798,2.58827235660661,-11.2552206554137,-17.0528160775632,-13.6901854595213,-2570.68991917633,-0,4.44089209850063e-16,0,425.216972903049,0,0
71.94,40,49.60336,134.664869636249,2.52673590908348,-11.5954521686409,-16.9688964187368,-13.7746593340706,-2603.0909902346,-0,4.44089209850063e-16,0,423.516252168424,0,0
71.96,40,49.60336,134.714784801791,2.46469810384662,-11.9339188962124,-16.876336474132,-13.8536852346809,-2635.40566270559,-0,4.44089209850063e-16,0,421.81452075615,0,0
71.98,40,49.60336,134.763454299662,2.40217121279423,-12.2704480515258,-16.7751420798336,-13.927614517558,-2667.63526853153,-0,0,0,420.11180348094,0,0
72,40,40,134.810868473406,2.33916781275876,-12.6048671945714,-16.6653417864376,-13.9967758788902,-2699.7811157279,-0,0,1,418.408125353131,0,0
72.02,40,40,134.857017921152,2.27570078508687,-12.9370046701828,-16.5469852703853,-14.0614768162615,-2735.94924106035,-0,-4.44089209850063e-16,0,416.511444373653,0,0
72.04,40,40,134.901893501685,2.21178331374414,-13.2666900154148,-16.4201418345238,-14.1220049958126,-2772.03615518896,-0,-4.44089209850063e-16,0,414.613853128879,0,0
72.06,40,40,134.945486340468,2.14742888206206,-13.5937543377804,-16.2848989925044,-14.1786295312308,-2808.04309892408,-0,-4.44089209850063e-16,0,412.715377185347,0,0
72.08,40,40,134.987787835591,2.08265126823756,-13.9180306659712,-16.141361131975,-14.2316021802532,-2843.97129196101,-0,-4.44089209850063e-16,0,410.816042284371,0,0
72.1,40,40,135.028789663607,2.01746453968886,-14.2393542745903,-15.9896482518516,-14.2811584640043,-2879.82193341786,-0,-4.44089209850063e-16,0,408.915874336527,0,0
72.12,40,40,135.068483785258,1.95188304636517,-14.5575629843347,-15.8298947692577,-14.3275187141435,-2915.59620231776,-0,-4.44089209850063e-16,0,407.014899416029,0,0
72.14,40,40,135.106862451045,1.88592141310184,-14.872497438978,-15.6622483920078,-14.3708890524796,-2951.29525801992,-0,-4.44089209850063e-16,0,405.113143754985,0,0
72.16,40,40,135.143918206645,1.81959453110725,-15.1840013604261,-15.4868690527739,-14.411462307407,-2986.92024060397,-0,-4.44089209850063e-16,0,403.210633737554,0,0
72.18,40,40,135.179643898146,1.75291754866238,-15.491921783043,-15.3039279013274,-14.4494188712373,-3022.4722712113,-0,-4.44089209850063e-16,0,401.307395893982,0,0
72.2,40,40,135.21403267709,1.68590586110942,-15.7961092683736,-15.1136063514774,-14.4849275022404,-3057.95245234743,-0,-8.88178419700125e-16,1,399.403456894549,0,0
72.22,40,40,135.247078005307,1.61857510020075,-16.0964181013259,-14.9160951795478,-14.5181460749581,-3093.36186814868,-0,-8.88178419700125e-16,0,397.49884354341,0,0
72.24,40,40,135.278773659533,1.55094112287593,-16.392706468813,-14.7115936714343,-14.5492222821287,-3128.70158461651,-0,-8.88178419700125e-16,0,395.59358277234,0,0
72.26,40,40,135.3091137358,1.48301999952981,-16.6848366217993,-14.5003088154775,-14.5782942913424,-3163.97264982247,-0,-8.88178419700125e-16,0,393.687701634394,0,0
72.28,40,40,135.338092653577,1.4148280018313,-16.9726750216403,-14.2824545385602,-14.6054913593463,-3199.17609408669,-0,-8.88178419700125e-16,0,391.781227297478,0,0
72.3,40,40,135.365705159679,1.34638159014867,-17.2560924715563,-14.0582509830073,-14.6309344067315,-3234.31293013242,-0,-8.88178419700125e-16,0,389.874187037845,0,0
72.32,40,40,135.391946331904,1.27769740063395,-17.5349642340333,-13.8279238220187,-14.6547365555569,-3269.38415321922,-0,-8.88178419700125e-16,0,387.966608233502,0,0
72.34,40,40,135.416811582423,1.20879223201581,-17.8091701348996,-13.5917036115106,-14.6770036323002,-3304.39074125698,-0,-6.66133814775094e-16,0,386.058518357566,0,0
72.36,40,40,135.440296660897,1.13968303214715,-18.0785946547874,-13.3498251763774,-14.6978346383715,-3339.33365490289,-0,-8.88178419700125e-16,0,384.14994497154,0,0
72.38,40,40,135.462397657318,1.07038688435107,-18.3431270086473,-13.1025270293095,-14.7173221902825,-3374.21383764344,-0,-6.66133814775094e-16,0,382.240915718534,0,0
72.4,40,40,135.483111004588,1.00092099360596,-18.6026612139507,-12.8500508204224,-14.7355529314279,-3409.0322158632,-0,-6.66133814775094e-16,1,380.331458316433,0,0
72.42,40,40,135.502433480805,0.931302672608118,-18.8570961481792,-12.5926408160628,-14.7526079173096,-3443.7896989021,-0,-6.66133814775094e-16,0,378.421600551017,0,0
72.44,40,40,135.520362211285,0.861549327747886,-19.1063355961686,-12.3305434052567,-14.7685629759166,-3478.48717910288,-0,-6.66133814775094e-16,0,376.511370269033,0,0
72.46,40,40,135.536894670289,0.791678445032901,-19.3502882878467,-12.0640066323654,-14.7834890448632,-3513.12553185004,-0,-6.66133814775094e-16,0,374.600795371236,0,0
72.48,40,40,135.552028682478,0.721707575990204,-19.5888679268744,-11.7932797546004,-14.7974524867838,-3547.70561560177,-0,-6.66133814775094e-16,0,372.689903805395,0,0
72.5,40,40,135.565762424081,0.651654323576729,-19.821993210676,-11.5186128231344,-14.8105153843872,-3582.22827191611,-0,-7.7715611723761e-16,0,370.77872355927,0,0
72.52,40,40,135.578094423784,0.58153632812589,-20.0495878423171,-11.2402562866221,-14.8227358164817,-3616.69432547241,-0,-7.7715611723761e-16,0,368.867282653574,0,0
72.54,40,40,135.589023563335,0.511371253356178,-20.2715805346674,-10.9584606160187,-14.8341681161988,-3651.10458408933,-0,-6.66133814775094e-16,0,366.955609134916,0,0
72.56,40,40,135.598549077876,0.441176772465996,-20.487905007265,-10.6734759496515,-14.8448631125633,-3685.45983874021,-0,-6.66133814775094e-16,0,365.043731068737,0,0
72.58,40,40,135.606670555992,0.370970554337328,-20.6984999762756,-10.3855517575613,-14.8548683564831,-3719.76086356684,-0,-5.55111512312578e-16,0,363.13167653224,0,0
72.6,40,40,135.613387939488,0.300770249869351,-20.9033091379239,-10.0949365241944,-14.8642283321657,-3754.00841589242,-0,-6.10622663543836e-16,1,361.219473607324,0,0
72.62,40,40,135.618701522895,0.230593478461632,-21.1022811457552,-9.80187744857538,-14.8729846548981,-3788.20323623454,-0,-6.10622663543836e-16,0,359.307150373523,0,0
72.64,40,40,135.622611952705,0.160457814665203,-21.2953695820679,-9.5066201611468,-14.8811762560725,-3822.34604831874,-0,-5.55111512312578e-16,0,357.394734900961,0,0
72.66,40,40,135.625120226345,0.0903807750185215,-21.4825329238436,-9.2094084565083,-14.8888395562786,-3856.43755909352,-0,-5.82867087928207e-16,0,355.482255243317,0,0
72.68,40,40,135.626227690881,0.0203798050840663,-21.6637345034846,-8.91048404133225,-14.8960086272329,-3890.47845874724,-0,-5.62050406216485e-16,0,353.569739430828,0,0
72.7,40,40,135.625936041475,-0.0495277332998039,-21.8389424646557,-8.61008629677549,-14.9027153432647,-3924.4694207274,-0,-5.41233724504764e-16,0,351.657215463301,0,0
72.72,40,40,135.624247319586,-0.119324574538241,-22.0081297135144,-8.30845205474566,-14.9089895230319,-3958.41110176299,-0,-5.55111512312578e-16,0,349.744711303177,0,0
72.74,40,40,135.621163910919,-0.188993561558087,-22.1712738655989,-8.00581538741692,-14.9148590620976,-3992.30414189013,-0,-4.9960036108132e-16,0,347.83225486862,0,0
72.76,40,40,135.616688543133,-0.258517657833382,-22.3283571886352,-7.70240740942379,-14.9203500569561,-4026.14916448154,-0,-4.44089209850063e-16,0,345.919874026657,0,0
72.78,40,40,135.610824283315,-0.327879959147698,-22.4793665415094,-7.3984560921938,-14.9254869210606,-4059.94677628013,-0,-4.44089209850063e-16,0,344.007596586363,0,0
72.8,40,40,135.603574535219,-0.397063705083677,-22.6242933096446,-7.09418608990881,-14.9302924933673,-4093.69756743701,-0,-4.44089209850063e-16,1,342.095450292099,0,0
72.82,40,40,135.594943036273,-0.466052290231014,-22.7631333370085,-6.78981857661278,-14.9347881398794,-4127.40211155429,-0,-4.44089209850063e-16,0,340.183462816811,0,0
72.84,40,40,135.584933854373,-0.534829275104947,-22.8958868549716,-6.48557109400924,-14.9389938486425,-4161.06096573276,-0,-4.44089209850063e-16,0,338.271661755384,0,0
72.86,40,40,135.573551384458,-0.603378396768086,-23.0225584082236,-6.18165740951587,-14.9429283186131,-4194.67467062483,-0,-4.44089209850063e-16,0,336.36007461807,0,0
72.88,40,40,135.560800344871,-0.671683579149119,-23.1431567779512,-5.8782873841658,-14.9466090427956,-4228.24375049279,-0,-4.44089209850063e-16,0,334.448728823982,0,0
72.9,40,40,135.546685773527,-0.739728943052697,-23.2576949024682,-5.57566684996615,-14.9500523860183,-4261.76871327258,-0,-4.44089209850063e-16,0,332.537651694664,0,0
72.92,40,40,135.531213023874,-0.807498815855397,-23.3661897954846,-5.27399749634404,-14.9532736576924,-4295.25005064324,-0,-4.44089209850063e-16,0,330.626870447737,0,0
72.94,40,40,135.514387760667,-0.874977740883337,-23.4686624621928,-4.97347676532788,-14.9562871798791,-4328.68823810206,-0,-4.44089209850063e-16,0,328.716412190637,0,0
72.96,40,40,135.496215955562,-0.942150486467623,-23.5651378133413,-4.67429775512938,-14.9591063509671,-4362.08373504556,-0,-4.44089209850063e-16,0,326.806303914426,0,0
72.98,40,40,135.476703882523,-1.00900205467435,-23.6556445774622,-4.37664913180704,-14.9617437052424,-4395.4369848564,-0,-2.22044604925031e-16,0,324.896572487701,0,0
73,40,40,135.455858113066,-1.07551768970649,-23.7402152114095,-4.08071504870667,-14.9642109686177,-4428.74841499614,-0,-2.22044604925031e-16,1,322.987244650598,0,0
73.02,40,40,135.433685511335,-1.14168288597538,-23.818885809362,-3.7866750733886,-14.9665191107659,-4462.01843710397,-0,-2.22044604925031e-16,0,321.078347008888,0,0
73.04,40,40,135.410193229015,-1.2074833958403,-23.8916960104372,-3.49470412176364,-14.968678393893,-4495.24744710139,-0,-4.44089209850063e-16,0,319.169906028174,0,0
73.06,40,40,135.385388700108,-1.27290523701471,-23.9586889050579,-3.20497239917211,-14.9706984183646,-4528.43582530281,-0,-2.22044604925031e-16,0,317.261948028193,0,0
73.08,40,40,135.359279635545,-1.33793469963858,-24.0199109402069,-2.91764534815149,-14.9725881653896,-4561.583936532,-0,-4.44089209850063e-16,0,315.354499177226,0,0
73.1,40,40,135.331874017675,-1.40255835301629,-24.0754118237034,-2.63288360264849,-14.9743560369519,-4594.69213024449,-0,-4.44089209850063e-16,0,313.44758548661,0,0
73.12,40,40,135.303180094614,-1.46676305202036,-24.1252444276245,-2.35084294844142,-14.9760098931663,-4627.76074065564,-0,0,0,311.541232805367,0,0
73.14,40,40,135.273206374476,-1.53053594316133,-24.1694646909966,-2.07167428954756,-14.9775570872251,-4660.79008687451,-0,-4.44089209850063e-16,0,309.635466814948,0,0
73.16,40,40,135.241961619481,-1.59386447032465,-24.208131521872,-1.79552362039916,-14.979004498091,-4693.78047304336,-0,-4.44089209850063e-16,0,307.730313024093,0,0
73.18,40,40,135.209454839949,-1.65673638017586,-24.2413066989062,-1.52253200357936,-14.980358561082,-4726.73218848273,-0,-4.44089209850063e-16,0,305.825796763802,0,0
73.2,40,40,135.175695288198,-1.71913972723544,-24.2690547725424,-1.25283555291708,-14.981625296483,-4759.64550784185,-0,-4.44089209850063e-16,1,303.921943182442,0,0
73.22,40,40,135.140692452338,-1.78106287862528,-24.2914429659108,-0.986565421746731,-14.9828103363125,-4792.5206912546,-0,-4.44089209850063e-16,0,302.018777240964,0,0
73.24,40,40,135.104456049974,-1.84249451848883,-24.3085410755431,-0.72384779614556,-14.9839189493635,-4825.35798450045,-0,-4.44089209850063e-16,0,300.116323708251,0,0
73.26,40,40,135.06699602182,-1.90342365208744,-24.3204213719996,-0.464803892967083,-14.9849560646283,-4858.15761917069,-0,-8.88178419700125e-16,0,298.214607156593,0,0
73.28,40,40,135.028322525246,-1.96383960957551,-24.3271585005039,-0.209549962495424,-14.9859262932142,-4890.91981283956,-0,-8.88178419700125e-16,0,296.313651957286,0,0
73.3,40,40,134.988445927738,-2.02373204945751,-24.3288293816752,0.0418027044495388,-14.9868339488438,-4923.64476924015,-0,-8.88178419700125e-16,0,294.413482276371,0,0
73.32,40,40,134.947376800303,-2.08309096172998,-24.3255131124459,0.289147765120988,-14.9876830670352,-4956.33267844508,-0,-8.88178419700125e-16,0,292.514122070488,0,0
73.34,40,40,134.90512591081,-2.141906670712,-24.3172908672485,0.532383809327956,-14.9884774230436,-4988.98371705167,-0,-4.44089209850063e-16,0,290.61559508288,0,0
73.36,40,40,134.861704217277,-2.20016983756779,-24.3042457995532,0.771414339947477,-14.9892205486467,-5021.59804837144,-0,-4.44089209850063e-16,0,288.717924839519,0,0
73.38,40,40,134.817122861109,-2.25787146252531,-24.2864629438328,1.00614774961722,-14.9899157478472,-5054.17582262394,-0,-4.44089209850063e-16,0,286.821134645373,0,0
73.4,40,40,134.771393160303,-2.31500288679492,-24.264029118032,1.23649729375561,-14.9905661115628,-5086.71717713454,-0,0,1,284.925247580802,0,0
73.42,40,40,134.724526602607,-2.37155579419236,-24.2370328266102,1.4623810600526,-14.9911745313686,-5119.2222365362,-0,0,0,283.030286498099,0,0
73.44,40,40,134.676534838655,-2.42752221247044,-24.2055641642306,1.68372193457061,-14.9917437123533,-5151.69111297488,-0,-4.44089209850063e-16,0,281.136274018161,0,0
73.46,40,40,134.627429675076,-2.48289451436406,-24.1697147201581,1.90044756459155,-14.9922761851465,-5184.12390631857,-0,0,0,279.243232527302,0,0
73.48,40,40,134.577223067592,-2.53766541835338,-24.129577483433,2.11249031834285,-14.9927743171696,-5216.52070436974,-0,0,0,277.351184174199,0,0
73.5,40,40,134.525927114089,-2.5918279891498,-24.0852467488795,2.31978724173174,-14.9932403231621,-5248.88158308087,-0,-4.44089209850063e-16,0,275.460150866982,0,0
73.52,40,40,134.473554047698,-2.64537563791009,-24.0368180240094,2.52228001221461,-14.9936762750283,-5281.20660677319,-0,-4.44089209850063e-16,0,273.570154270461,0,0
73.54,40,40,134.420116229862,-2.69830212218349,-23.9843879368745,2.71991488992495,-14.9940841110489,-5313.49582835812,-0,0,0,271.681215803486,0,0
73.56,40,40,134.365626143409,-2.75060154559735,-23.9280541449245,2.91264266618074,-14.9944656444994,-5345.74928956153,-0,-8.88178419700125e-16,0,269.793356636456,0,0
73.58,40,40,134.310096385641,-2.80226835728642,-23.8679152449187,3.10041860948974,-14.9948225717114,-5377.96702115043,-0,0,0,267.906597688954,0,0
73.6,40,40,134.253539661428,-2.85329735107145,-23.8040706839423,3.2832024091681,-14.9951564796154,-5410.14904316199,-0,0,1,266.020959627531,0,0
73.62,40,40,134.195968776325,-2.90368366439254,-23.736620671573,3.46095811668578,-14.9954688527955,-5442.29536513479,-0,0,0,264.136462863623,0,0
73.64,40,40,134.137396629714,-2.953422777003,-23.6656660932428,3.63365408484952,-14.9957610800908,-5474.40598634191,-0,8.88178419700125e-16,0,262.253127551605,0,0
73.66,40,40,134.077836207968,-3.00251050942932,-23.5913084248363,3.80126290493201,-14.9960344607699,-5506.48089602601,-0,8.88178419700125e-16,0,260.370973586982,0,0
73.68,40,40,134.017300577662,-3.05094302120318,-23.5136496485668,3.96376134185354,-14.9962902103078,-5538.52007363582,-0,0,0,258.490020604719,0,0
73.7,40,40,133.955802878801,-3.09871680887116,-23.4327921701666,4.12113026752041,-14.9965294657897,-5570.5234890643,-0,0,0,256.610287977705,0,0
73.72,40,40,133.893356318111,-3.14582870378832,-23.3488387374287,4.27335459242216,-14.9967532909668,-5602.49110288787,-0,0,0,254.731794815348,0,0
73.74,40,40,133.82997416236,-3.19227586970138,-23.2618923601329,4.42042319558765,-14.9969626809858,-5634.4228666069,-0,0,0,252.854559962312,0,0
73.76,40,40,133.765669731742,-3.23805580012758,-23.1720562313883,4.56232885299805,-14.9971585668135,-5666.3187228871,-0,0,0,250.978601997381,0,0
73.78,40,40,133.700456393303,-3.2831663155353,-23.0794336504225,4.69906816455285,-14.9973418193757,-5698.17860580159,-0,-8.88178419700125e-16,0,249.103939232452,0,0
73.8,40,40,133.634347554437,-3.32760556033244,-22.9841279468445,4.83064147968305,-14.9975132534296,-5730.00244107371,-0,-8.88178419700125e-16,1,247.230589711672,0,0
73.82,40,40,133.567356656436,-3.37137199966863,-22.886242406409,4.95705282170376,-14.9976736311864,-5761.79014632014,-0,0,0,245.358571210686,0,0
73.84,40,40,133.499497168112,-3.4144644160575,-22.7858801983046,5.07830981099677,-14.9978236656999,-5793.54163129439,-0,-8.88178419700125e-16,0,243.48790123603,0,0
73.86,40,40,133.430782579478,-3.45688190582492,-22.6831443039902,5.1944235871116,-14.9979640240369,-5825.2567981303,-0,0,0,241.618597024641,0,0
73.88,40,40,133.361226395518,-3.49862387538954,-22.5781374475983,5.30540872987191,-14.998095330243,-5856.93554158565,-0,0,0,239.750675543493,0,0
73.9,40,40,133.290842130015,-3.53969003738161,-22.4709620279269,5.41128317957231,-14.9982181681175,-5888.57774928535,-0,-8.88178419700125e-16,0,237.884153489367,0,0
73.92,40,40,133.219643299474,-3.58008040660624,-22.3617200520345,5.51206815634884,-14.9983330838084,-5920.1833019645,-0,-8.88178419700125e-16,0,236.019047288726,0,0
73.94,40,40,133.147643417115,-3.61979529585726,-22.250513070456,5.60778807880483,-14.9984405882412,-5951.7520737108,-0,-8.88178419700125e-16,0,234.15537309773,0,0
73.96,40,40,133.074855986959,-3.65883531158768,-22.1374421140527,5.69847048197179,-14.9985411593902,-5983.28393220636,-0,0,0,232.293146802353,0,0
73.98,40,40,133.001294497997,-3.69720134944294,-22.0226076325092,5.7841459346837,-14.9986352444037,-6014.77873896868,-0,0,0,230.432384018633,0,0
74,40,40,132.926972418456,-3.73489458966287,-21.9061094344877,5.86484795644106,-14.998723261592,-6046.23634959077,-0,0,1,228.573100093024,0,0
74.02,40,40,132.851903190148,-3.77191649235854,-21.7880466294501,5.94061293383953,-14.9988056022874,-6077.65661398011,-0,0,0,226.715310102871,0,0
74.04,40,40,132.776100222929,-3.80826879266987,-21.6685175711543,6.01148003663646,-14.998882632584,-6109.03937659642,-0,0,0,224.859028856992,0,0
74.06,40,40,132.699576889238,-3.84395349581006,-21.5476198028333,6.07749113352653,-14.9989546949653,-6140.38447668812,-0,0,0,223.004270896374,0,0
74.08,40,40,132.622346518755,-3.87897287200262,-21.4254500040604,6.13869070769676,-14.9990221098272,-6171.69174852729,-0,-8.88178419700125e-16,0,221.151050494976,0,0
74.1,40,40,132.544422393147,-3.91332945131714,-21.302103939305,6.19512577222874,-14.9990851769022,-6202.96102164301,-0,-8.88178419700125e-16,0,219.29938166063,0,0
74.12,40,40,132.465817740924,-3.94702601840928,-21.1776764081818,6.24684578541508,-14.999144176592,-6234.19212105305,-0,-1.77635683940025e-15,0,217.449278136063,0,0
74.14,40,40,132.386545732403,-3.98006560717112,-21.0522611973933,6.29390256605478,-14.9991993712146,-6265.3848674936,-0,-1.77635683940025e-15,0,215.600753400002,0,0
74.16,40,40,132.306619474775,-4.01245149529729,-20.9259510343665,6.33635020879121,-14.9992510061701,-6296.5390776472,-0,-1.77635683940025e-15,0,213.753820668391,0,0
74.18,40,40,132.226052007286,-4.04418719877285,-20.798837542582,6.3742449995543,-14.9992993110323,-6327.65456436845,-0,-1.77635683940025e-15,0,211.908492895704,0,0
74.2,40,40,132.144856296525,-4.07527646628822,-20.6710111985924,6.40764533116735,-14.9993445005687,-6358.73113690766,-0,-8.88178419700125e-16,1,210.064782776347,0,0
74.22,40,40,132.063045231827,-4.10572327358702,-20.5425612907265,6.43661161917698,-14.9993867756963,-6389.76860113209,-0,0,0,208.222702746158,0,0
74.24,40,40,131.98063162079,-4.13553181775204,-20.4135758794741,6.46120621796338,-14.9994263243738,-6420.76675974499,-0,0,0,206.382264984002,0,0
74.26,40,40,131.897628184905,-4.16470651143497,-20.2841417595459,6.48149333718632,-14.9994633224383,-6451.72541250194,-0,0,0,204.543481413443,0,0
74.28,40,40,131.814047555302,-4.1932519770351,-20.1543444236001,6.4975389586209,-14.9994979343865,-6482.6443564248,-0,-8.88178419700125e-16,0,202.706363704513,0,0
74.3,40,40,131.729902268614,-4.22117304083232,-20.0242680276276,6.50941075343544,-14.9995303141062,-6513.52338601286,-0,0,0,200.870923275558,0,0
74.32,40,40,131.64520476296,-4.24847472707961,-19.893995357988,6.51717799996232,-14.9995606055605,-6544.36229345128,-0,-8.88178419700125e-16,0,199.037171295172,0,0
74.34,40,40,131.559967374044,-4.27516225206015,-19.7636078000839,6.52091150201108,-14.9995889434279,-6575.16086881674,-0,-8.88178419700125e-16,0,197.205118684204,0,0
74.36,40,40,131.474202331372,-4.30124101811406,-19.6331853086629,6.52068350777162,-14.9996154537011,-6605.91890028004,-0,0,0,195.374776117842,0,0
74.38,40,40,131.387921754595,-4.32671660763979,-19.5028063797364,6.51656762935363,-14.9996402542471,-6636.63617430584,-0,0,0,193.546154027781,0,0
74.4,40,40,131.301137649962,-4.35159477707496,-19.3725480240997,6.50863876300713,-14.9996634553314,-6667.31247584923,-0,-8.88178419700125e-16,1,191.719262604447,0,0
74.42,40,40,131.213861906908,-4.37588145086149,-19.2424857424411,6.49697301006718,-14.9996851601081,-6697.94758854917,-0,0,0,189.894111799306,0,0
74.44,40,40,131.126106294745,-4.39958271539975,-19.1126935020245,6.48164759866462,-14.9997054650786,-6728.54129491878,-0,0,0,188.07071132723,0,0
74.46,40,40,131.03788245949,-4.42270481299621,-18.9832437149296,6.46274080624302,-14.9997244605205,-6759.09337653226,-0,0,0,186.249070668934,0,0
74.48,40,40,130.949201920805,-4.4452541358093,-18.8542072178334,6.44033188292052,-14.9997422308893,-6789.60361420855,-0,-8.88178419700125e-16,0,184.429199073469,0,0
74.5,40,40,130.860076069061,-4.4672372197978,-18.725653253316,6.41450097573401,-14.9997588551936,-6820.07178819159,-0,-8.88178419700125e-16,0,182.611105560783,0,0
74.52,40,40,130.770516162522,-4.48866073867606,-18.5976494526719,6.38532905380126,-14.9997744073466,-6850.49767832705,-0,0,0,180.794798924331,0,0
74.54,40,40,130.68053332465,-4.50953149788039,-18.4702618202089,6.35289783443549,-14.9997889564945,-6880.88106423574,-0,-8.88178419700125e-16,0,178.980287733749,0,0
74.56,40,40,130.590138541532,-4.52985642855077,-18.3435547190151,6.31728971024533,-14.9998025673242,-6911.22172548328,-0,0,0,177.16758033757,0,0
74.58,40,40,130.499342659424,-4.54964258153182,-18.2175908581733,6.27858767725153,-14.9998153003505,-6941.51944174631,-0,0,0,175.356684866002,0,0
74.6,40,40,130.408156382419,-4.56889712139706,-18.0924312814029,6.23687526405065,-14.9998272121858,-6971.77399297508,-0,0,1,173.547609233746,0,0
74.62,40,40,130.316590270231,-4.5876273205004,-17.9681353571079,6.19223646205424,-14.999838355791,-7001.98515955228,-0,-8.88178419700125e-16,0,171.740361142859,0,0
74.64,40,40,130.224654736098,-4.60584055305839,-17.844760769809,6.14475565683101,-14.9998487807116,-7032.15272244832,-0,-8.88178419700125e-16,0,169.934948085668,0,0
74.66,40,40,130.132360044803,-4.62354428926716,-17.7223635129378,6.09451756057765,-14.9998585332978,-7062.27646337275,-0,-8.88178419700125e-16,0,168.131377347714,0,0
74.68,40,40,130.039716310816,-4.6407460894574,-17.6009978829695,6.04160714574298,-14.9998676569104,-7092.35616492201,-0,-1.77635683940025e-15,0,166.329656010743,0,0
74.7,40,40,129.946733496546,-4.65745359829091,-17.4807164748725,5.98610957982864,-14.9998761921139,-7122.39161072339,-0,-1.77635683940025e-15,0,164.529790955731,0,0
74.72,40,40,129.853421410714,-4.67367453900214,-17.3615701788486,5.92811016138807,-14.9998841768564,-7152.38258557519,-0,-8.88178419700125e-16,0,162.731788865939,0,0
74.74,40,40,129.759789706838,-4.68941670768785,-17.2436081783424,5.86769425724433,-14.9998916466388,-7182.32887558306,-0,-8.88178419700125e-16,0,160.935656230003,0,0
74.76,40,40,129.665847881834,-4.70468796764812,-17.1268779492934,5.80494724094608,-14.9998986346726,-7212.23026829253,-0,-8.88178419700125e-16,0,159.141399345052,0,0
74.78,40,40,129.571605274724,-4.71949624378183,-17.0114252606061,5.73995443247953,-14.9999051720271,-7242.08655281766,-0,-8.88178419700125e-16,0,157.349024319856,0,0
74.8,40,40,129.477071065464,-4.73384951703933,-16.897294175814,5.67280103925308,-14.9999112877679,-7271.89751996592,-0,-8.88178419700125e-16,1,155.558537077989,0,0
74.82,40,40,129.382254273878,-4.74775581893548,-16.78452705591,5.60357209837005,-14.9999170090863,-7301.66296235912,-0,-8.88178419700125e-16,0,153.76994336103,0,0
74.84,40,40,129.287163758695,-4.76122322612546,-16.6731645633197,5.53235242020366,-14.9999223614196,-7331.38267455056,-0,-1.77635683940025e-15,0,151.983248731768,0,0
74.86,40,40,129.191808216708,-4.77425985504632,-16.5632456669887,5.45922653328714,-14.9999273685649,-7361.05645313824,-0,-1.77635683940025e-15,0,150.198458577437,0,0
74.88,40,40,129.096196182027,-4.78687385662651,-16.4548076485594,5.38427863053083,-14.9999320527843,-7390.68409687433,-0,-2.66453525910038e-15,0,148.415578112961,0,0
74.9,40,40,129.000336025439,-4.79907341106611,-16.3478861096109,5.30759251677672,-14.9999364349044,-7420.26540677064,-0,-2.66453525910038e-15,0,146.634612384211,0,0
74.92,40,40,128.904235953881,-4.8108667226899,-16.2425149799327,5.22925155769976,-14.9999405344084,-7449.80018620038,-0,-2.66453525910038e-15,0,144.855566271285,0,0
74.94,40,40,128.807904010004,-4.82226201487564,-16.1387265268082,5.14933863006435,-14.999944369523,-7479.28824099598,-0,-2.66453525910038e-15,0,143.07844449178,0,0
74.96,40,40,128.71134807184,-4.8332675250596,-16.036551365279,5.06793607334292,-14.9999479572996,-7508.72937954314,-0,-2.66453525910038e-15,0,141.303251604089,0,0
74.98,40,40,128.614575852575,-4.84389149982148,-15.9360184693632,4.98512564270271,-14.9999513136897,-7538.12341287108,-0,-3.5527136788005e-15,0,139.529992010689,0,0
75,40,40,128.517594900411,-4.85414219005062,-15.8371551841999,4.90098846336556,-14.9999544536161,-7567.47015473894,-0,-3.5527136788005e-15,1,137.758669961447,0,0
75.02,40,40,128.420412598532,-4.86402784619536,-15.7399872390933,4.81560498634464,-14.9999573910392,-7596.76942171845,-0,-3.5527136788005e-15,0,135.989289556912,0,0
75.04,40,40,128.323036165151,-4.87355671359723,-15.6445387614279,4.72905494556079,-14.9999601390191,-7626.02103327284,-0,-2.66453525910038e-15,0,134.221854751624,0,0
75.06,40,40,128.225472653668,-4.88273702791182,-15.5508322914278,4.64141731634026,-14.9999627097735,-7655.224811832,-0,-2.66453525910038e-15,0,132.456369357402,0,0
75.08,40,40,128.127728952903,-4.89157701061758,-15.4588887977319,4.55277027529462,-14.9999651147322,-7684.38058286396,-0,-2.66453525910038e-15,0,130.692837046648,0,0
75.1,40,40,128.029811787423,-4.9000848646144,-15.3687276937581,4.46319116158252,-14.999967364588,-7713.48817494267,-0,-3.5527136788005e-15,0,128.931261355626,0,0
75.12,40,40,127.931727717962,-4.90826876991291,-15.280366854828,4.37275643955212,-14.9999694693437,-7742.54741981215,-0,-4.44089209850063e-15,0,127.171645687753,0,0
75.14,40,40,127.833483141916,-4.91613687941623,-15.1938226360254,4.28154166276203,-14.9999714383575,-7771.55815244701,-0,-5.32907051820075e-15,0,125.413993316861,0,0
75.16,40,40,127.735084293928,-4.92369731479491,-15.1091098907603,4.18962143937764,-14.9999732803836,-7800.52021110939,-0,-5.32907051820075e-15,0,123.658307390466,0,0
75.18,40,40,127.636537246555,-4.93095816245655,-15.0262419900114,4.09706939893888,-14.9999750036119,-7829.43343740233,-0,-5.32907051820075e-15,0,121.90459093301,0,0
75.2,40,40,127.53784791101,-4.93792746961083,-14.9452308422195,4.00395816049448,-14.9999766157041,-7858.29767631969,-0,-5.32907051820075e-15,1,120.152846849102,0,0
75.22,40,40,127.439022037988,-4.94461324043097,-14.8660869138048,3.91035930209709,-14.9999781238276,-7887.11277629253,-0,-5.32907051820075e-15,0,118.403077926731,0,0
75.24,40,40,127.340065218559,-4.95102343231253,-14.7888192502803,3.81634333165258,-14.9999795346876,-7915.87858923205,-0,-5.32907051820075e-15,0,116.65528684047,0,0
75.26,40,40,127.240982885146,-4.95716595223007,-14.7134354979353,3.72197965911626,-14.9999808545571,-7944.59497056923,-0,-5.32907051820075e-15,0,114.90947615466,0,0
75.28,40,40,127.141780312565,-4.96304865319261,-14.639941926061,3.62733657002768,-14.9999820893042,-7973.26177929101,-0,-5.32907051820075e-15,0,113.165648326571,0,0
75.3,40,40,127.042462619141,-4.96867933079824,-14.5683434496926,3.53248120037527,-14.9999832444188,-8001.87887797322,-0,-6.21724893790088e-15,0,111.423805709543,0,0
75.32,40,40,126.943034767889,-4.97406571988851,-14.4986436528407,3.4374795127809,-14.9999843250366,-8030.44613281024,-0,-6.21724893790088e-15,0,109.683950556105,0,0
75.34,40,40,126.84350156776,-4.97921549130289,-14.4308448121857,3.34239627399416,-14.9999853359621,-8058.96341364147,-0,-7.105427357601e-15,0,107.946085021069,0,0
75.36,40,40,126.743867674958,-4.98413624873379,-14.3649479212093,3.24729503368506,-14.9999862816899,-8087.43059397459,-0,-7.105427357601e-15,0,106.210211164595,0,0
75.38,40,40,126.644137594308,-4.98883552568228,-14.3009527147381,3.15223810452345,-14.999987166425,-8115.84755100573,-0,-5.32907051820075e-15,0,104.476330955239,0,0
75.4,40,40,126.54431568069,-4.99332078251468,-14.2388576938715,3.05728654353267,-14.9999879941008,-8144.21416563661,-0,-5.32907051820075e-15,1,102.74444627296,0,0
75.42,40,40,126.444406140536,-4.99759940362021,-14.1786601512706,2.96250013470433,-14.9999887683973,-8172.53032248859,-0,-6.21724893790088e-15,0,101.014558912106,0,0
75.44,40,40,126.344413033368,-5.00167869466965,-14.120356196783,2.86793737286053,-14.9999894927571,-8200.79590991384,-0,-6.21724893790088e-15,0,99.2866705843704,0,0
75.46,40,40,126.244340273408,-5.00556587997504,-14.0639407833763,2.77365544874915,-14.9999901704007,-8229.01082000354,-0,-5.32907051820075e-15,0,97.5607829217097,0,0
75.48,40,40,126.144191631224,-5.00926809995022,-14.0094077333593,2.6797102353575,-14.9999908043411,-8257.17494859331,-0,-4.44089209850063e-15,0,95.8368974792362,0,0
75.5,40,40,126.043970735436,-5.01279240867208,-13.9567497648634,2.58615627542871,-14.9999913973968,-8285.28819526571,-0,-4.44089209850063e-15,0,94.115015738073,0,0
75.52,40,40,125.943681074466,-5.01614577154229,-13.9059585185629,2.49304677016511,-14.9999919522045,-8313.35046335017,-0,-3.5527136788005e-15,0,92.3951391081759,0,0
75.54,40,40,125.843325998333,-5.01933506304914,-13.8570245846086,2.400433569102,-14.999992471231,-8341.36165992011,-0,-4.44089209850063e-15,0,90.6772689311191,0,0
75.56,40,40,125.742908720492,-5.02236706462913,-13.8099375297533,2.30836716113502,-14.9999929567839,-8369.32169578749,-0,-4.44089209850063e-15,0,88.9614064828453,0,0
75.58,40,40,125.642432319718,-5.02524846262793,-13.7646859246443,2.21689666668367,-14.9999934110221,-8397.23048549476,-0,-3.5527136788005e-15,0,87.247552976378,0,0
75.6,40,40,125.541899742027,-5.02798584636003,-13.7212573712621,2.12606983097314,-14.9999938359651,-8425.08794730437,-0,-3.5527136788005e-15,1,85.5357095644961,0,0
75.62,40,40,125.441313802634,-5.03058570626676,-13.6796385304826,2.03593301841632,-14.9999942335022,-8452.89400318575,-0,-3.5527136788005e-15,0,83.8258773423695,0,0
75.64,40,40,125.340677187947,-5.03305443217184,-13.63981514974,1.94653120807728,-14.999994605401,-8480.64857879996,-0,-2.66453525910038e-15,0,82.1180573501551,0,0
75.66,40,40,125.239992457599,-5.03539831163392,-13.6017720907708,1.85790799019718,-14.9999949533149,-8508.35160348199,-0,-3.5527136788005e-15,0,80.4122505755528,0,0
75.68,40,40,125.139262046508,-5.03762352839529,-13.5654933574158,1.77010556376339,-14.9999952787908,-8536.00301022081,-0,-4.44089209850063e-15,0,78.7084579563207,0,0
75.7,40,40,125.038488266966,-5.03973616092604,-13.5309621234613,1.68316473510207,-14.9999955832757,-8563.60273563717,-0,-3.5527136788005e-15,0,77.006680382748,0,0
75.72,40,40,124.937673310761,-5.04174218106277,-13.4981607604977,1.59712491747414,-14.9999958681235,-8591.15071995935,-0,-3.5527136788005e-15,0,75.3069187000868,0,0
75.74,40,40,124.83681925132,-5.04364745274102,-13.467070865777,1.51202413165453,-14.9999961346007,-8618.64690699669,-0,-4.44089209850063e-15,0,73.6091737109406,0,0
75.76,40,40,124.735928045881,-5.04545773082048,-13.4376732900485,1.42789900747397,-14.9999963838919,-8646.09124411124,-0,-3.5527136788005e-15,0,71.91344617761,0,0
75.78,40,40,124.635001537685,-5.04717866000187,-13.4099481653542,1.34478478630268,-14.9999966171056,-8673.48368218737,-0,-3.5527136788005e-15,0,70.2197368243944,0,0
75.8,40,40,124.534041458188,-5.04881577383469,-13.3838749327659,1.26271532445478,-14.9999968352786,-8700.82417559948,-0,-3.5527136788005e-15,1,68.5280463398499,0,0
75.82,40,40,124.433049429295,-5.05037449381459,-13.3594323700444,1.18172309749229,-14.999997039381,-8728.11268217794,-0,-2.66453525910038e-15,0,66.8383753790026,0,0
75.84,40,40,124.332026965607,-5.05186012856925,-13.3365986192045,1.10183920540724,-14.9999972303202,-8755.34916317317,-0,-2.66453525910038e-15,0,65.1507245655177,0,0
75.86,40,40,124.23097547669,-5.05327787313179,-13.3153512139669,1.02309337866025,-14.9999974089452,-8782.5335832181,-0,-2.66453525910038e-15,0,63.4650944938221,0,0
75.88,40,40,124.129896269348,-5.05463280830029,-13.2956671070822,0.945513985053859,-14.9999975760501,-8809.66591028888,-0,-1.77635683940025e-15,0,61.7814857311832,0,0
75.9,40,40,124.028790549916,-5.05592990008235,-13.2775226975078,0.869128037418671,-14.9999977323779,-8836.74611566411,-0,-1.77635683940025e-15,0,60.0998988197403,0,0
75.92,40,40,123.927659426564,-5.05717399922338,-13.2608938574245,0.793961202090348,-14.9999978786236,-8863.77417388249,-0,-1.77635683940025e-15,0,58.4203342784921,0,0
75.94,40,40,123.8265039116,-5.05836984081731,-13.2457559590747,0.720037808155261,-14.9999980154376,-8890.75006269895,-0,-1.77635683940025e-15,0,56.7427926052359,0,0
75.96,40,40,123.72532492379,-5.05952204399837,-13.2320839014091,0.647380857442646,-14.999998143428,-8917.67376303955,-0,-8.88178419700125e-16,0,55.0672742784624,0,0
75.98,40,40,123.624123290679,-5.06063511171273,-13.2198521365254,0.576012035240986,-14.9999982631639,-8944.54525895478,-0,-8.88178419700125e-16,0,53.3937797592029,0,0
76,40,40,123.522899750916,-5.06171343056833,-13.2090346958865,0.5059517217163,-14.9999983751777,-8971.36453757187,-0,0,1,51.7223094928308,0,0
76.02,40,40,123.421654956582,-5.06276127076183,-13.1996052163031,0.437219004009992,-14.9999984799673,-8998.13158904563,-0,0,0,50.052863910816,0,0
76.04,40,40,123.32038947552,-5.06378278608091,-13.1915369656673,0.369831688993898,-14.9999985779988,-9024.84640650828,-0,0,0,48.3854434324329,0,0
76.06,40,40,123.219103793657,-5.06478201398075,-13.1848028684255,0.303806316660158,-14.9999986697079,-9051.5089860181,-0,-8.88178419700125e-16,0,46.7200484664223,0,0
76.08,40,40,123.117798317337,-5.06576287573292,-13.1793755307769,0.239158174123582,-14.9999987555025,-9078.1193265071,-0,0,0,45.0566794126061,0,0
76.1,40,40,123.016473375636,-5.06672917664548,-13.1752272655859,0.175901310214177,-14.9999988357638,-9104.67742972766,-0,0,0,43.3953366634558,0,0
76.12,40,40,122.915129222682,-5.06768460635242,-13.1723301169976,0.114048550637565,-14.9999989108489,-9131.18330019822,-0,-8.88178419700125e-16,0,41.7360206056147,0,0
76.14,40,40,122.813766039964,-5.06863273917126,-13.1706558847433,0.0536115136810931,-14.9999989810916,-9157.63694514822,-0,-8.88178419700125e-16,0,40.0787316213739,0,0
76.16,40,40,122.712383938634,-5.06957703452689,-13.1701761481284,-0.00539937355651972,-14.999999046804,-9184.03837446205,-0,-8.88178419700125e-16,0,38.4234700901018,0,0
76.18,40,40,122.610982961802,-5.07052083744041,-13.1708622896888,-0.0629748584340284,-14.9999991082785,-9210.38760062239,-0,0,0,36.770236389628,0,0
76.2,40,40,122.509563086815,-5.07146737908105,-13.1726855185094,-0.119106845556961,-14.9999991657883,-9236.68463865278,-0,0,1,35.1190308975815,0,0
76.22,40,40,122.408124227532,-5.07241977737988,-13.1756168931925,-0.173788379109195,-14.9999992195891,-9262.92950605957,-0,0,0,33.4698539926827,0,0
76.24,40,40,122.306666236578,-5.07338103770347,-13.1796273444697,-0.227013624748511,-14.9999992699202,-9289.12222277327,-0,0,0,31.8227060559913,0,0
76.26,40,40,122.205188907591,-5.07435405358594,-13.1846876974463,-0.278777851087698,-14.9999993170052,-9315.26281108935,-0,-8.88178419700125e-16,0,30.1775874721077,0,0
76.28,40,40,122.103691977453,-5.07534160751787,-13.190768693472,-0.329077410782597,-14.9999993610536,-9341.35129560857,-0,0,0,28.5344986303311,0,0
76.3,40,40,122.002175128494,-5.07634637179024,-13.19784101163,-0.377909721248358,-14.9999994022612,-9367.38770317686,-0,0,0,26.893439925772,0,0
76.32,40,40,121.900637990698,-5.07737090939193,-13.2058752898356,-0.425273245024946,-14.9999994408111,-9393.37206282486,-0,0,0,25.2544117604217,0,0
76.34,40,40,121.799080143872,-5.07841767495903,-13.2148421455405,-0.471167469812809,-14.9999994768749,-9419.30440570709,-0,0,0,23.617414544177,0,0
76.36,40,40,121.697501119806,-5.07948901577437,-13.2247121960329,-0.515592888199364,-14.9999995106128,-9445.1847650408,-0,8.88178419700125e-16,0,21.9824486958224,0,0
76.38,40,40,121.595900404408,-5.08058717281553,-13.2354560783308,-0.558550977096799,-14.9999995421749,-9471.01317604471,-0,8.88178419700125e-16,0,20.3495146439688,0,0
76.4,40,40,121.494277439822,-5.08171428184977,-13.2470444686601,-0.600044176911434,-14.9999995717014,-9496.78967587741,-0,0,1,18.7186128279502,0,0
76.42,40,40,121.392631626518,-5.0828723745742,-13.2594481015145,-0.640075870464676,-14.9999995993236,-9522.51430357579,-0,0,0,17.0897436986781,0,0
76.44,40,40,121.290962325365,-5.08406337979947,-13.2726377882907,-0.678650361685367,-14.9999996251645,-9548.18709999319,-0,8.88178419700125e-16,0,15.4629077194537,0,0
76.46,40,40,121.189268859672,-5.08528912467542,-13.2865844354961,-0.715772854093054,-14.9999996493387,-9573.80810773768,-0,1.77635683940025e-15,0,13.8381053667401,0,0
76.48,40,40,121.087550517213,-5.08655133595701,-13.3012590625234,-0.751449429091494,-14.9999996719539,-9599.37737111022,-0,1.77635683940025e-15,0,12.2153371308928,0,0
76.5,40,40,120.985806552219,-5.08785164130885,-13.3166328189903,-0.78568702409141,-14.9999996931106,-9624.89493604292,-0,1.77635683940025e-15,0,10.5946035168504,0,0
76.52,40,40,120.884036187347,-5.08919157064676,-13.3326770016392,-0.818493410481264,-14.9999997129028,-9650.36085003736,-0,1.77635683940025e-15,0,8.9759050447862,0,0
76.54,40,40,120.782238615623,-5.0905725575147,-13.3493630707953,-0.849877171464516,-14.9999997314186,-9675.77516210305,-0,1.77635683940025e-15,0,7.35924225071962,0,0
76.56,40,40,120.680413002353,-5.09199594049541,-13.3666626663809,-0.87984767978158,-14.9999997487402,-9701.13792269604,-0,1.77635683940025e-15,0,5.74461568709004,0,0
76.58,40,40,120.578558487011,-5.09346296465324,-13.3845476234815,-0.908415075334371,-14.9999997649447,-9726.44918365774,-0,1.77635683940025e-15,0,4.13202592329214,0,0
76.6,40,40,120.476674185089,-5.09497478300752,-13.4029899874657,-0.935590242731044,-14.9999997801041,-9751.70899815404,-0,1.77635683940025e-15,1,2.521473546174,0,0
76.62,40,40,120.374759189929,-5.09653245803477,-13.4219620286534,-0.961384788768233,-14.9999997942859,-9776.91742061459,-0,2.66453525910038e-15,0,0.912959160498371,0,0
76.64,40,40,120.272812574517,-5.09813696319845,-13.4414362565345,-0.985811019867773,-14.999999807553,-9802.07450667255,-0,1.77635683940025e-15,0,-0.693516610632302,0,0
76.66,40,40,120.170833393246,-5.09978918450435,-13.4613854335351,-1.00888191948458,-14.9999998199645,-9827.18031310456,-0,2.66453525910038e-15,0,-2.29795312538643,0,0
76.68,40,40,120.068820683648,-5.10148992208032,-13.4817825883326,-1.03061112550203,-14.9999998315755,-9852.23489777122,-0,2.66453525910038e-15,0,-3.90034972284884,0,0
76.7,40,40,119.966773468102,-5.10323989177865,-13.5026010287178,-1.0510129076309,-14.9999998424377,-9877.23831955788,-0,2.66453525910038e-15,0,-5.50070572270065,0,0
76.72,40,40,119.864690755496,-5.10503972679971,-13.5238143540061,-1.07010214482751,-14.9999998525994,-9902.19063831601,-0,2.66453525910038e-15,0,-7.09902042493289,0,0
76.74,40,40,119.762571542868,-5.10688997933517,-13.5453964669961,-1.08789430274644,-14.9999998621057,-9927.09191480493,-0,2.66453525910038e-15,0,-8.69529310959315,0,0
76.76,40,40,119.66041481701,-5.10879112222947,-13.5673215854792,-1.10440541124293,-14.9999998709989,-9951.94221063419,-0,1.77635683940025e-15,0,-10.2895230365647,0,0
76.78,40,40,119.558219556033,-5.11074355065796,-13.589564253299,-1.11965204193947,-14.9999998793186,-9976.74158820639,-0,1.77635683940025e-15,0,-11.8817094453771,0,0
76.8,40,40,119.45598473091,-5.11274758382035,-13.6120993509627,-1.13365128587109,-14.9999998871017,-10001.4901106607,-0,1.77635683940025e-15,1,-13.4718515550486,0,0
76.82,40,40,119.353709306975,-5.1148034666479,-13.6349021058066,-1.14642073122326,-14.9999998943828,-10026.1878418167,-0,8.88178419700125e-16,0,-15.0599485639575,0,0
76.84,40,40,119.251392245391,-5.11691137152303,-13.6579481017178,-1.15797844117596,-14.9999999011944,-10050.8348461194,-0,8.88178419700125e-16,0,-16.6459996497452,0,0
76.86,40,40,119.149032504584,-5.11907140000995,-13.681213288413,-1.16834293186735,-14.9999999075667,-10075.4311885844,-0,0,0,-18.2300039692461,0,0
76.88,40,40,119.046629041645,-5.12128358459491,-13.7046739902786,-1.17753315048989,-14.999999913528,-10099.9769347438,-0,0,0,-19.811960658448,0,0
76.9,40,40,118.944180813689,-5.12354789043466,-13.728306914774,-1.18556845353145,-14.9999999191048,-10124.4721505934,-0,0,0,-21.3918688324781,0,0
76.92,40,40,118.841686779186,-5.12586421711186,-13.7520891604012,-1.1924685851737,-14.999999924322,-10148.9169025395,-0,8.88178419700125e-16,0,-22.9697275856175,0,0
76.94,40,40,118.739145899259,-5.12823240039613,-13.7759982242437,-1.1982536558595,-14.9999999292027,-10173.3112573477,-0,8.88178419700125e-16,0,-24.5455359913409,0,0
76.96,40,40,118.636557138934,-5.13065221400937,-13.8000120090797,-1.20294412104103,-14.9999999337686,-10197.6552820918,-0,8.88178419700125e-16,0,-26.1192931023827,0,0
76.98,40,40,118.533919468373,-5.13312337139412,-13.8241088300705,-1.20656076011944,-14.9999999380401,-10221.9490441032,-0,0,0,-27.6909979508269,0,0
77,40,40,118.431231864055,-5.13564552748382,-13.8482674210311,-1.20912465558712,-14.9999999420361,-10246.1926109222,-0,0,1,-29.2606495482221,0,0
77.02,40,40,118.32849330993,-5.13821828047347,-13.8724669402849,-1.21065717238282,-14.9999999457743,-10270.3860502488,-0,0,0,-30.8282468857192,0,0
77.04,40,40,118.225702798539,-5.14084117358986,-13.8966869761084,-1.21117993746969,-14.9999999492715,-10294.5294298954,-0,8.88178419700125e-16,0,-32.3937889342324,0,0
77.06,40,40,118.12285933209,-5.14351369685987,-13.9209075517689,-1.2107148196459,-14.9999999525431,-10318.6228177399,-0,8.88178419700125e-16,0,-33.9572746446214,0,0
77.08,40,40,118.019961923511,-5.14623528887592,-13.9451091301616,-1.20928390959734,-14.9999999556038,-10342.6662816794,-0,8.88178419700125e-16,0,-35.5187029478956,0,0
77.1,40,40,117.917009597457,-5.14900533855727,-13.9692726180502,-1.20690950020106,-14.999999958467,-10366.6598895859,-0,8.88178419700125e-16,0,-37.0780727554386,0,0
77.12,40,40,117.814001391285,-5.15182318690622,-13.9933793699154,-1.20361406708837,-14.9999999611456,-10390.6037092612,-0,1.77635683940025e-15,0,-38.6353829592524,0,0
77.14,40,40,117.710936355999,-5.15468812875803,-14.0174111914181,-1.19942024947562,-14.9999999636514,-10414.4978083945,-0,8.88178419700125e-16,0,-40.1906324322214,0,0
77.16,40,40,117.607813557151,-5.15759941452361,-14.0413503424819,-1.1943508312707,-14.9999999659957,-10438.3422545196,-0,0,0,-41.7438200283936,0,0
77.18,40,40,117.504632075717,-5.16055625192381,-14.06517954,-1.18842872246268,-14.9999999681887,-10462.1371149737,-0,0,0,-43.2949445832814,0,0
77.2,40,40,117.401391008929,-5.16355780771452,-14.0888819601732,-1.18167694080194,-14.9999999702403,-10485.8824568571,-0,-8.88178419700125e-16,1,-44.8440049141774,0,0
77.22,40,40,117.298089471081,-5.16660320940137,-14.1124412404847,-1.17411859377745,-14.9999999721596,-10509.5783469936,-0,-8.88178419700125e-16,0,-46.3909998204884,0,0
77.24,40,40,117.194726594294,-5.16969154694336,-14.1358414813168,-1.16577686089784,-14.9999999739551,-10533.2248518921,-0,0,0,-47.9359280840842,0,0
77.26,40,40,117.091301529251,-5.17282187444423,-14.1590672472168,-1.15667497628229,-14.9999999756348,-10556.8220377091,-0,0,0,-49.4787884696613,0,0
77.28,40,40,116.987813445898,-5.17599321183088,-14.1821035678179,-1.14683621156717,-14.9999999772062,-10580.3699702123,-0,8.88178419700125e-16,0,-51.0195797251213,0,0
77.3,40,40,116.884261534111,-5.17920454651792,-14.2049359384211,-1.13628385913378,-14.9999999786763,-10603.868714745,-0,0,0,-52.5583005819631,0,0
77.32,40,40,116.780645004328,-5.18245483505743,-14.2275503202451,-1.12504121566241,-14.9999999800515,-10627.3183361915,-0,-8.88178419700125e-16,0,-54.0949497556875,0,0
77.34,40,40,116.676963088152,-5.18574300477327,-14.2499331403507,-1.11313156601747,-14.999999981338,-10650.7188989437,-0,-8.88178419700125e-16,0,-55.629525946215,0,0
77.36,40,40,116.573215038917,-5.18906795537906,-14.2720712912461,-1.10057816746822,-14.9999999825416,-10674.0704668686,-0,-8.88178419700125e-16,0,-57.1620278383143,0,0
77.38,40,40,116.469400132226,-5.19242856057906,-14.2939521301798,-1.08740423424912,-14.9999999836675,-10697.3731032767,-0,-8.88178419700125e-16,0,-58.6924541020428,0,0
77.4,40,40,116.365517666455,-5.19582366965131,-14.3155634781287,-1.07363292246376,-14.9999999847209,-10720.6268708914,-0,0,1,-60.2208033931967,0,0
77.42,40,40,116.261566963225,-5.19925210901228,-14.3368936184872,-1.05928731533589,-14.9999999857063,-10743.8318318199,-0,0,0,-61.7470743537716,0,0
77.44,40,40,116.157547367847,-5.20271268376225,-14.3579312954652,-1.04439040881056,-14.9999999866281,-10766.9880475242,-0,8.88178419700125e-16,0,-63.2712656124314,0,0
77.46,40,40,116.053458249726,-5.20620417921105,-14.3786657122012,-1.02896509750843,-14.9999999874905,-10790.0955787938,-0,8.88178419700125e-16,0,-64.793375784987,0,0
77.48,40,40,115.94929900275,-5.20972536238323,-14.3990865285987,-1.01303416103582,-14.9999999882973,-10813.1544857196,-0,0,0,-66.3134034748811,0,0
77.5,40,40,115.845069045636,-5.21327498350222,-14.4191838588915,-0.996620250652641,-14.999999989052,-10836.1648276676,-0,0,0,-67.8313472736822,0,0
77.52,40,40,115.74076782225,-5.21685177745296,-14.438948268947,-0.979745876300352,-14.9999999897581,-10859.1266632554,-0,-8.88178419700125e-16,0,-69.347205761584,0,0
77.54,40,40,115.636394801905,-5.22045446522228,-14.4583707733128,-0.962433393991535,-14.9999999904186,-10882.0400503279,-0,0,0,-70.8609775079116,0,0
77.56,40,40,115.531949479619,-5.22408175531677,-14.4774428320149,-0.944704993562521,-14.9999999910365,-10904.9050459352,-0,-8.88178419700125e-16,0,-72.3726610716329,0,0
77.58,40,40,115.427431376355,-5.22773234515735,-14.4961563471151,-0.9265826867902,-14.9999999916146,-10927.7217063111,-0,0,0,-73.8822550018754,0,0
77.6,40,40,115.322840039225,-5.23140492245034,-14.5145036590339,-0.908088295873834,-14.9999999921554,-10950.4900868526,-0,0,1,-75.3897578384468,0,0
77.62,40,40,115.218175041674,-5.23509816653441,-14.5324775426468,-0.889243442282488,-14.9999999926613,-10973.2102421002,-0,-8.88178419700125e-16,0,-76.8951681123602,0,0
77.64,40,40,115.113435983633,-5.23881074970314,-14.5500712031608,-0.870069535968344,-14.9999999931346,-10995.8822257195,-0,-8.88178419700125e-16,0,-78.3984843463624,0,0
77.66,40,40,115.008622491645,-5.24254133850266,-14.5672782717802,-0.850587764945976,-14.9999999935774,-11018.5060904835,-0,0,0,-79.8997050554644,0,0
77.68,40,40,114.903734218972,-5.24628859500413,-14.5840928011657,-0.830819085237365,-14.9999999939916,-11041.0818882562,-0,0,0,-81.3988287474754,0,0
77.7,40,40,114.798770845667,-5.2500511780506,-14.6005092606976,-0.810784211182192,-14.9999999943791,-11063.6096699765,-0,0,0,-82.8958539235375,0,0
77.72,40,40,114.693732078627,-5.25382774447811,-14.6165225315482,-0.790503606112715,-14.9999999947416,-11086.089485644,-0,0,0,-84.3907790786622,0,0
77.74,40,40,114.588617651625,-5.25761695031052,-14.6321279015713,-0.769997473392271,-14.9999999950808,-11108.5213843047,-0,0,0,-85.8836027022679,0,0
77.76,40,40,114.48342732531,-5.26141745192796,-14.6473210600163,-0.749285747816243,-14.999999995398,-11130.9054140384,-0,0,0,-87.3743232787169,0,0
77.78,40,40,114.378160887191,-5.26522790720866,-14.6620980920741,-0.728388087374069,-14.9999999956948,-11153.2416219466,-0,0,0,-88.8629392878534,0,0
77.8,40,40,114.272818151596,-5.26904697664384,-14.6764554732612,-0.707323865370671,-14.9999999959725,-11175.5300541416,-0,0,1,-90.3494492055398,0,0
77.82,40,40,114.167398959605,-5.27287332442549,-14.6903900636502,-0.686112162905461,-14.9999999962322,-11197.7707557363,-0,0,0,-91.833851504193,0,0
77.84,40,40,114.061903178973,-5.27670561950697,-14.7038991019541,-0.664771761706858,-14.9999999964752,-11219.9637708347,-0,8.88178419700125e-16,0,-93.3161446533183,0,0
77.86,40,40,113.956330704015,-5.28054253663613,-14.7169801994692,-0.643321137320063,-14.9999999967025,-11242.1091425238,-0,8.88178419700125e-16,0,-94.7963271200417,0,0
77.88,40,40,113.850681455487,-5.28438275736094,-14.729631333887,-0.621778452645616,-14.9999999969152,-11264.2069128659,-0,1.77635683940025e-15,0,-96.2743973696404,0,0
77.9,40,40,113.744955380439,-5.28822497100744,-14.7418508429794,-0.600161551826088,-14.9999999971141,-11286.2571228917,-0,8.88178419700125e-16,0,-97.7503538660698,0,0
77.92,40,40,113.639152452046,-5.29206787562994,-14.753637418165,-0.578487954478064,-14.9999999973003,-11308.2598125951,-0,-8.88178419700125e-16,0,-99.2241950724879,0,0
77.94,40,40,113.533272669428,-5.29591017893347,-14.7649900979642,-0.556774850266379,-14.9999999974744,-11330.2150209272,-0,-8.88178419700125e-16,0,-100.695919451776,0,0
77.96,40,40,113.427316057448,-5.29975059916828,-14.7759082613482,-0.535039093817413,-14.9999999976373,-11352.1227857929,-0,0,0,-102.165525467055,0,0
77.98,40,40,113.321282666491,-5.30358786599662,-14.7863916209909,-0.513297199968061,-14.9999999977896,-11373.9831440472,-0,-8.88178419700125e-16,0,-103.6330115822,0,0
78,40,40,113.215172572225,-5.30742072133143,-14.7964402164275,-0.491565339346853,-14.9999999979322,-11395.7961314922,-0,0,1,-105.098376262345,0,0
78.02,40,40,113.108985875355,-5.31124792014735,-14.8060544071297,-0.469859334283504,-14.9999999980656,-11417.5617828758,-0,0,0,-106.561617974391,0,0
78.04,40,40,113.002722701345,-5.31506823126377,-14.8152348655009,-0.448194655043064,-14.9999999981903,-11439.2801318901,-0,-8.88178419700125e-16,0,-108.022735187498,0,0
78.06,40,40,112.896383200141,-5.31888043810013,-14.8239825698003,-0.426586416380652,-14.999999998307,-11460.9512111714,-0,-8.88178419700125e-16,0,-109.481726373583,0,0
78.08,40,40,112.789967545867,-5.32268333940348,-14.8322987970008,-0.405049374412649,-14.9999999984162,-11482.5750523001,-0,-8.88178419700125e-16,0,-110.938590007803,0,0
78.1,40,40,112.683475936513,-5.32647574994841,-14.8401851155874,-0.383597923800049,-14.9999999985183,-11504.1516858023,-0,-8.88178419700125e-16,0,-112.393324569038,0,0
78.12,40,40,112.576908593607,-5.33025650120945,-14.8476433783026,-0.362246095239597,-14.9999999986139,-11525.681141151,-0,8.88178419700125e-16,0,-113.845928540361,0,0
78.14,40,40,112.470265761877,-5.33402444200606,-14.8546757148448,-0.341007553258144,-14.9999999987033,-11547.1634467687,-0,0,0,-115.29640040951,0,0
78.16,40,40,112.363547708895,-5.3377784391203,-14.8612845245248,-0.319895594305607,-14.9999999987869,-11568.5986300309,-0,1.77635683940025e-15,0,-116.744738669348,0,0
78.18,40,40,112.256754724712,-5.34151737788738,-14.867472468888,-0.298923145141738,-14.9999999988652,-11589.9867172691,-0,1.77635683940025e-15,0,-118.190941818312,0,0
78.2,40,40,112.149887121483,-5.34524016275931,-14.8732424643071,-0.278102761511857,-14.9999999989384,-11611.3277337759,-0,1.77635683940025e-15,1,-119.635008360864,0,0
78.22,40,40,112.042945233078,-5.34894571784167,-14.8785976745503,-0.257446627106568,-14.9999999990068,-11632.6217038096,-0,1.77635683940025e-15,0,-121.076936807925,0,0
78.24,40,40,111.935929414684,-5.35263298740388,-14.8835415033326,-0.236966552800385,-14.9999999990709,-11653.8686505995,-0,3.5527136788005e-15,0,-122.516725677309,0,0
78.26,40,40,111.828840042397,-5.35630093636304,-14.8880775868542,-0.216673976164126,-14.9999999991308,-11675.0685963531,-0,1.77635683940025e-15,0,-123.954373494142,0,0
78.28,40,40,111.721677512805,-5.35994855074164,-14.8922097863315,-0.19657996124581,-14.9999999991869,-11696.2215622615,-0,1.77635683940025e-15,0,-125.389878791278,0,0
78.3,40,40,111.61444224256,-5.36357483809939,-14.8959421805267,-0.176695198614753,-14.9999999992393,-11717.3275685079,-0,0,0,-126.823240109705,0,0
78.32,40,40,111.507134667944,-5.36717882793934,-14.8992790582811,-0.157030005663456,-14.9999999992884,-11738.3866342747,-0,0,0,-128.254455998941,0,0
78.34,40,40,111.399755244426,-5.37075957208863,-14.9022249110564,-0.137594327161816,-14.9999999993342,-11759.3987777521,-0,0,0,-129.68352501742,0,0
78.36,40,40,111.292304446214,-5.37431614505412,-14.9047844254899,-0.118397736058136,-14.9999999993772,-11780.3640161471,-0,1.77635683940025e-15,0,-131.110445732876,0,0
78.38,40,40,111.184782765794,-5.37784764435318,-14.9069624759681,-0.0994494345213364,-14.9999999994174,-11801.2823656927,-0,1.77635683940025e-15,0,-132.53521672271,0,0
78.4,40,40,111.077190713472,-5.38135319081997,-14.9087641172238,-0.0807582552187342,-14.9999999994549,-11822.1538416575,-0,1.77635683940025e-15,1,-133.957836574352,0,0
78.42,40,40,110.969528816898,-5.38483192888744,-14.9101945769602,-0.0623326628236843,-14.9999999994901,-11842.9784583566,-0,0,0,-135.378303885611,0,0
78.44,40,40,110.861797620597,-5.38828302684547,-14.9112592485085,-0.0441807557473602,-14.999999999523,-11863.7562291617,-0,0,0,-136.796617265021,0,0
78.46,40,40,110.753997685489,-5.39170567707544,-14.9119636835214,-0.0263102680888902,-14.9999999995537,-11884.4871665126,-0,0,0,-138.212775332167,0,0
78.48,40,40,110.646129588401,-5.39509909626149,-14.9123135847084,-0.00872857179804414,-14.9999999995825,-11905.1712819287,-0,0,0,-139.626776718018,0,0
78.5,40,40,110.538193921584,-5.39846252557901,-14.9123147986161,0.00855732095536916,-14.9999999996094,-11925.8085860209,-0,0,0,-141.03862006523,0,0
78.52,40,40,110.430191292219,-5.40179523086044,-14.9119733084578,0.0255407552112555,-14.9999999996346,-11946.3990885038,-0,0,0,-142.448304028456,0,0
78.54,40,40,110.32212232192,-5.40509650273906,-14.9112952269971,0.0422154304540241,-14.9999999996582,-11966.9427982087,-0,-1.77635683940025e-15,0,-143.855827274638,0,0
78.56,40,40,110.213987646242,-5.40836565677088,-14.9102867894877,0.0585753976583088,-14.9999999996802,-11987.4397230963,-0,-1.77635683940025e-15,0,-145.26118848329,0,0
78.58,40,40,110.105787914178,-5.41160203353509,-14.9089543466748,0.0746150561515331,-14.9999999997009,-12007.8898702702,-0,0,0,-146.664386346771,0,0
78.6,40,40,109.997523787658,-5.4148049987136,-14.9073043578613,0.0903291502992333,-14.9999999997202,-12028.2932459906,-0,-1.77635683940025e-15,1,-148.065419570553,0,0
78.62,40,40,109.889195941048,-5.41797394314984,-14.9053433840411,0.105712766019061,-14.9999999997382,-12048.6498556881,-0,0,0,-149.46428687347,0,0
78.64,40,40,109.780805060644,-5.4211082828873,-14.9030780811046,0.12076132712938,-14.9999999997551,-12068.9597039781,-0,0,0,-150.860986987964,0,0
78.66,40,40,109.67235184417,-5.42420745918836,-14.9005151931185,0.135470591538371,-14.9999999997709,-12089.2227946751,-0,0,0,-152.255518660316,0,0
78.68,40,40,109.56383700027,-5.42727093853353,-14.8976615456831,0.149836647279544,-14.9999999997857,-12109.4391308077,-0,0,0,-153.647880650875,0,0
78.7,40,40,109.455261248011,-5.43029821260186,-14.8945240393714,0.16385590839955,-14.9999999997995,-12129.6087146335,-0,0,0,-155.038071734265,0,0
78.72,40,40,109.34662531637,-5.43328879823257,-14.8911096432501,0.17752511070416,-14.9999999998124,-12149.7315476541,-0,0,0,-156.426090699594,0,0
78.74,40,40,109.237929943739,-5.43624223736867,-14.8874253884892,0.190841307368256,-14.9999999998245,-12169.8076306306,-0,0,0,-157.811936350642,0,0
78.76,40,40,109.129175877419,-5.43915809698275,-14.8834783620587,0.203801864415675,-14.9999999998358,-12189.8369635995,-0,0,0,-159.195607506048,0,0
78.78,40,40,109.020363873124,-5.44203596898553,-14.8792757005184,0.216404456074679,-14.9999999998464,-12209.8195458879,-0,-1.77635683940025e-15,0,-160.577102999481,0,0
78.8,40,40,108.911494694479,-5.44487547011744,-14.8748245839011,0.228647060014837,-14.9999999998563,-12229.7553761301,-0,-1.77635683940025e-15,1,-161.956421679806,0,0
78.82,40,40,108.802569112529,-5.44767624182385,-14.8701322296922,0.240527952471035,-14.9999999998656,-12249.6444522829,-0,-1.77635683940025e-15,0,-163.333562411234,0,0
78.84,40,40,108.693587905243,-5.45043795011427,-14.8652058869084,0.25204570326031,-14.9999999998743,-12269.4867716424,-0,-1.77635683940025e-15,0,-164.708524073468,0,0
78.86,40,40,108.584551857025,-5.45316028540601,-14.8600528302763,0.263199170697153,-14.9999999998824,-12289.2823308603,-0,0,0,-166.081305561834,0,0
78.88,40,40,108.475461758229,-5.45584296235265,-14.8546803545146,0.273987496412897,-14.99999999989,-12309.0311259597,-0,0,0,-167.451905787408,0,0
78.9,40,40,108.366318404675,-5.45848571965797,-14.8490957687197,0.284410100084725,-14.999999999897,-12328.7331523526,-0,0,0,-168.820323677129,0,0
78.92,40,40,108.25712259717,-5.46108831987554,-14.843306390859,0.29446667407983,-14.9999999999037,-12348.3884048556,-0,-1.77635683940025e-15,0,-170.1865581739,0,0
78.94,40,40,108.147875141032,-5.46365054919455,-14.8373195423705,0.304157178020159,-14.9999999999099,-12367.9968777069,-0,-1.77635683940025e-15,0,-171.550608236689,0,0
78.96,40,40,108.038576845624,-5.46617221721238,-14.8311425428733,0.313481833273148,-14.9999999999157,-12387.5585645833,-0,-1.77635683940025e-15,0,-172.912472840611,0,0
78.98,40,40,107.92922852388,-5.46865315669417,-14.824782704988,0.322441117373786,-14.9999999999211,-12407.0734586164,-0,-1.77635683940025e-15,0,-174.272150977003,0,0
79,40,40,107.819830991854,-5.47109322332006,-14.8182473292699,0.331035758383277,-14.9999999999262,-12426.5415524098,-0,-1.77635683940025e-15,1,-175.629641653496,0,0
79.02,40,40,107.710385068257,-5.47349229542031,-14.8115436992551,0.33926672918952,-14.999999999931,-12445.9628380556,-0,-1.77635683940025e-15,0,-176.984943894065,0,0
79.04,40,40,107.600891574009,-5.47585027369896,-14.8046790766218,0.347135241754555,-14.9999999999354,-12465.3373071514,-0,-1.77635683940025e-15,0,-178.338056739087,0,0
79.06,40,40,107.491351331795,-5.47816708094636,-14.7976606964663,0.354642741314049,-14.9999999999396,-12484.6649508172,-0,-1.77635683940025e-15,0,-179.688979245372,0,0
79.08,40,40,107.381765165626,-5.48044266174097,-14.7904957626962,0.361790900533826,-14.9999999999435,-12503.9457597116,-0,-1.77635683940025e-15,0,-181.037710486199,0,0
79.1,40,40,107.272133900406,-5.48267698214102,-14.7831914435406,0.368581613628395,-14.9999999999471,-12523.1797240492,-0,-1.77635683940025e-15,0,-182.384249551336,0,0
79.12,40,40,107.162458361506,-5.4848700293663,-14.7757548671777,0.375016990446317,-14.9999999999506,-12542.3668336168,-0,-1.77635683940025e-15,0,-183.728595547057,0,0
79.14,40,40,107.052739374344,-5.48702181147062,-14.7681931174825,0.381099350527205,-14.9999999999537,-12561.5070777904,-0,-1.77635683940025e-15,0,-185.070747596141,0,0
79.16,40,40,106.942977763969,-5.48913235700534,-14.7605132298913,0.386831217135074,-14.9999999999567,-12580.6004455515,-0,-1.77635683940025e-15,0,-186.410704837876,0,0
79.18,40,40,106.83317435466,-5.49120171467442,-14.7527221873884,0.392215311272643,-14.9999999999595,-12599.6469255036,-0,-3.5527136788005e-15,0,-187.748466428041,0,0
79.2,40,40,106.723329969522,-5.49322995298138,-14.7448269166101,0.397254545681169,-14.9999999999621,-12618.646505889,-0,-1.77635683940025e-15,1,-189.084031538891,0,0
79.22,40,40,106.613445430095,-5.49521715986861,-14.736834284071,0.401952018830248,-14.9999999999646,-12637.5991746045,-0,-3.5527136788005e-15,0,-190.417399359128,0,0
79.24,40,40,106.503521555967,-5.49716344234948,-14.7287510925089,0.406311008901976,-14.9999999999669,-12656.5049192183,-0,-1.77635683940025e-15,0,-191.748569093865,0,0
79.26,40,40,106.393559164402,-5.49906892613359,-14.7205840773511,0.410334967773767,-14.999999999969,-12675.3637269856,-0,0,0,-193.077539964585,0,0
79.28,40,40,106.283559069963,-5.50093375524572,-14.7123399033004,0.414027515004021,-14.999999999971,-12694.1755848646,-0,-1.77635683940025e-15,0,-194.40431120909,0,0
79.3,40,40,106.173522084154,-5.50275809163863,-14.7040251610418,0.417392431824777,-14.9999999999729,-12712.9404795328,-0,0,0,-195.728882081443,0,0
79.32,40,40,106.063449015062,-5.50454211480048,-14.6956463640689,0.420433655145371,-14.9999999999746,-12731.6583974024,-0,0,0,-197.051251851903,0,0
79.34,40,40,105.953340667015,-5.50628602135686,-14.6872099456302,0.423155271571045,-14.9999999999763,-12750.3293246357,-0,0,0,-198.371419806854,0,0
79.36,40,40,105.843197840239,-5.50799002466819,-14.6787222557947,0.42556151144035,-14.9999999999778,-12768.9532471611,-0,0,0,-199.689385248728,0,0
79.38,40,40,105.733021330528,-5.50965435442262,-14.670189558637,0.42765674288511,-14.9999999999792,-12787.5301506876,-0,0,0,-201.005147495914,0,0
79.4,40,40,105.622811928924,-5.51127925622495,-14.6616180295403,0.429445465916601,-14.9999999999806,-12806.0600207207,-0,1.77635683940025e-15,1,-202.318705882672,0,0
79.42,40,40,105.5125704214,-5.51286499118194,-14.653013752618,0.430932306541528,-14.9999999999818,-12824.5428425766,-0,0,0,-203.630059759034,0,0
79.44,40,40,105.402297588556,-5.51441183548427,-14.6443827182521,0.432122010911269,-14.999999999983,-12842.9786013976,-0,0,0,-204.939208490696,0,0
79.46,40,40,105.29199420532,-5.51592007998572,-14.6357308207487,0.433019439507779,-14.9999999999841,-12861.3672821662,-0,0,0,-206.24615145891,0,0
79.48,40,40,105.181661040662,-5.51739002977974,-14.6270638561088,0.433629561369436,-14.9999999999851,-12879.7088697193,-0,0,0,-207.550888060369,0,0
79.5,40,40,105.071298857309,-5.51882200377386,-14.6183875199152,0.433957448360026,-14.9999999999861,-12898.0033487631,-0,-1.77635683940025e-15,0,-208.853417707082,0,0
79.52,40,40,104.960908411475,-5.52021633426232,-14.6097074053326,0.434008269483973,-14.999999999987,-12916.2507038864,-0,-1.77635683940025e-15,0,-210.153739826249,0,0
79.54,40,40,104.8504904526,-5.52157336649715,-14.6010290012209,0.433787285250804,-14.9999999999878,-12934.4509195744,-0,-1.77635683940025e-15,0,-211.451853860125,0,0
79.56,40,40,104.740045723092,-5.52289345825819,-14.5923576903616,0.433299842091775,-14.9999999999886,-12952.6039802227,-0,-1.77635683940025e-15,0,-212.747759265886,0,0
79.58,40,40,104.62957495808,-5.52417697942226,-14.5836987477943,0.43255136683145,-14.9999999999893,-12970.70987015,-0,-1.77635683940025e-15,0,-214.041455515482,0,0
79.6,40,40,104.519078885182,-5.52542431153184,-14.5750573392641,0.431547361216969,-14.99999999999,-12988.7685736115,-0,0,1,-215.332942095494,0,0
79.62,40,40,104.408558224267,-5.52663584736366,-14.5664385197768,0.430293396507615,-14.9999999999907,-13006.7800748118,-0,0,0,-216.622218506974,0,0
79.64,40,40,104.298013687244,-5.52781199049736,-14.5578472322625,0.428795108127211,-14.9999999999913,-13024.7443579173,-0,0,0,-217.909284265295,0,0
79.66,40,40,104.187445977845,-5.52895315488466,-14.5492883063454,0.427058190381774,-14.9999999999918,-13042.6614070689,-0,0,0,-219.194138899986,0,0
79.68,40,40,104.07685579142,-5.53005976441931,-14.5407664572182,0.42508839124476,-14.9999999999923,-13060.5312063937,-0,0,0,-220.476781954567,0,0
79.7,40,40,103.966243814749,-5.53113225250805,-14.5322862846204,0.422891507212151,-14.9999999999928,-13078.3537400172,-0,-1.77635683940025e-15,0,-221.757212986379,0,0
79.72,40,40,103.855610725851,-5.53217106164292,-14.5238522719188,0.420473378229516,-14.9999999999933,-13096.128992075,-0,-1.77635683940025e-15,0,-223.035431566413,0,0
79.74,40,40,103.744957193807,-5.53317664297526,-14.5154687852883,0.417839882693109,-14.9999999999937,-13113.8569467237,-0,-1.77635683940025e-15,0,-224.311437279131,0,0
79.76,40,40,103.634283878593,-5.53414945589149,-14.5071400729925,0.414996932526959,-14.9999999999941,-13131.5375881528,-0,-3.5527136788005e-15,0,-225.585229722283,0,0
79.78,40,40,103.523591430917,-5.53508996759115,-14.4988702647619,0.411950468337819,-14.9999999999945,-13149.1709005949,-0,-1.77635683940025e-15,0,-226.85680850673,0,0
79.8,40,40,103.41288049207,-5.53599865266733,-14.4906633712677,0.408706454649746,-14.9999999999949,-13166.7568683366,-0,-1.77635683940025e-15,1,-228.12617325625,0,0
79.82,40,40,103.302151693781,-5.53687599268972,-14.4825232836903,0.405270875219997,-14.9999999999952,-13184.295475729,-0,-1.77635683940025e-15,0,-229.393323607355,0,0
79.84,40,40,103.191405658079,-5.53772247579067,-14.4744537733814,0.401649728437833,-14.9999999999955,-13201.7867071974,-0,-1.77635683940025e-15,0,-230.658259209091,0,0
79.86,40,40,103.08064299717,-5.53853859625432,-14.4664584916162,0.39784902280773,-14.9999999999958,-13219.2305472516,-0,-1.77635683940025e-15,0,-231.920979722849,0,0
79.88,40,40,102.969864313316,-5.53932485410914,-14.4585409694354,0.393874772518403,-14.9999999999961,-13236.6269804951,-0,0,0,-233.181484822164,0,0
79.9,40,40,102.859070198724,-5.54008175472411,-14.4507046175758,0.389732993098983,-14.9999999999963,-13253.9759916347,-0,-1.77635683940025e-15,0,-234.439774192516,0,0
79.92,40,40,102.748261235443,-5.54080980840867,-14.4429527264855,0.385429697163561,-14.9999999999966,-13271.277565489,-0,0,0,-235.695847531127,0,0
79.94,40,40,102.63743799527,-5.54150953001672,-14.4352884664241,0.380970890245272,-14.9999999999968,-13288.5316869979,-0,0,0,-236.94970454676,0,0
79.96,40,40,102.526601039665,-5.54218143855487,-14.4277148876457,0.376362566720955,-14.999999999997,-13305.7383412305,-0,0,0,-238.201344959507,0,0
79.98,40,40,102.415750919665,-5.5428260567951,-14.4202349206616,0.371610705827393,-14.9999999999972,-13322.8975133937,-0,-1.77635683940025e-15,0,-239.450768500589,0,0
80,40,40,102.304888175822,-5.54344391089201,-14.4128513765821,0.366721267770012,-14.9999999999974,-13340.00918884,-0,0,1,-240.697974912141,0,0
80.02,40,40,102.194013338131,-5.54403553000492,-14.4055669475356,0.361700189924851,-14.9999999999975,-13357.073353075,-0,0,0,-241.942963947003,0,0
80.04,40,40,102.083126925978,-5.54460144592487,-14.3983842071623,0.356553383134549,-14.9999999999977,-13374.0899917651,-0,0,0,-243.185735368509,0,0
80.06,40,40,101.97222944809,-5.54514219270682,-14.3913056111808,0.35128672809898,-14.9999999999978,-13391.0590907446,-0,0,0,-244.426288950276,0,0
80.08,40,40,101.861321402492,-5.5456583063071,-14.3843334980267,0.345906071861121,-14.999999999998,-13407.9806360225,-0,0,0,-245.664624475987,0,0
80.1,40,40,101.750403276476,-5.54615032422629,-14.3774700895598,0.340417224388634,-14.9999999999981,-13424.8546137891,-0,0,0,-246.900741739179,0,0
80.12,40,40,101.63947554657,-5.54661878515773,-14.3707174918389,0.334825955251601,-14.9999999999982,-13441.6810104225,-0,0,0,-248.134640543026,0,0
80.14,40,40,101.52853867852,-5.5470642286417,-14.3640776959627,0.329137990396721,-14.9999999999983,-13458.4598124944,-0,0,0,-249.366320700127,0,0
80.16,40,40,101.417593127274,-5.54748719472556,-14.3575525789731,0.323359009018268,-14.9999999999985,-13475.1910067761,-0,0,0,-250.595782032285,0,0
80.18,40,40,101.306639336978,-5.54788822362972,-14.3511439048209,0.317494640525979,-14.9999999999986,-13491.8745802442,-0,1.77635683940025e-15,0,-251.823024370297,0,0
80.2,40,40,101.195677740976,-5.54826785541984,-14.3448533253914,0.31155046161002,-14.9999999999986,-13508.5105200855,-0,1.77635683940025e-15,1,-253.048047553732,0,0
80.22,40,40,101.084708761811,-5.54862662968516,-14.3386823815868,0.305531993403057,-14.9999999999987,-13525.0988137023,-0,0,0,-254.270851430721,0,0
80.24,40,40,100.973732811246,-5.54896508522319,-14.3326325044652,0.299444698739436,-14.9999999999988,-13541.6394487174,-0,0,0,-255.491435857735,0,0
80.26,40,40,100.862750290275,-5.54928375973078,-14.3267050164331,0.293293979511383,-14.9999999999989,-13558.1324129778,-0,0,0,-256.709800699374,0,0
80.28,40,40,100.751761589154,-5.5495831895017,-14.3209011324899,0.287085174122069,-14.999999999999,-13574.5776945601,-0,0,0,-257.92594582815,0,0
80.3,40,40,100.640767087429,-5.54986390913081,-14.3152219615223,0.280823555035345,-14.999999999999,-13590.9752817735,-0,0,0,-259.139871124275,0,0
80.32,40,40,100.529767153971,-5.55012645122486,-14.3096685076468,0.274514326421847,-14.9999999999991,-13607.3251631641,-0,0,0,-260.351576475442,0,0
80.34,40,40,100.418762147026,-5.55037134612012,-14.3042416715983,0.268162621901154,-14.9999999999991,-13623.6273275183,-0,0,0,-261.561061776617,0,0
80.36,40,40,100.307752414255,-5.55059912160666,-14.2989422521631,0.261773502379594,-14.9999999999992,-13639.8817638662,-0,1.77635683940025e-15,0,-262.768326929823,0,0
80.38,40,40,100.19673829279,-5.55081030265963,-14.2937709476535,0.255351953983244,-14.9999999999993,-13656.0884614843,-0,0,0,-263.973371843935,0,0
80.4,40,40,100.085720109297,-5.55100541117739,-14.2887283574239,0.248902886085605,-14.9999999999993,-13672.2474098987,-0,0,1,-265.176196434461,0,0
80.42,40,40,99.974698180034,-5.55118496572655,-14.2838149834243,0.242431129429397,-14.9999999999993,-13688.3585988872,-0,0,0,-266.37680062334,0,0
80.44,40,40,99.8636728109254,-5.55134948129416,-14.2790312317911,0.235941434341849,-14.9999999999994,-13704.4220184823,-0,0,0,-267.575184338735,0,0
80.46,40,40,99.7526442976322,-5.55149946904676,-14.2743774144726,0.229438469042793,-14.9999999999994,-13720.4376589724,-0,0,0,-268.771347514822,0,0
80.48,40,40,99.6416129256326,-5.5516354360966,-14.2698537508872,0.22292681804487,-14.9999999999995,-13736.4055109045,-0,0,0,-269.965290091588,0,0
80.5,40,40,99.530578970305,-5.55175788527497,-14.2654603696125,0.21641098064504,-14.9999999999995,-13752.3255650855,-0,0,0,-271.157012014631,0,0
80.52,40,40,99.4195426970159,-5.55186731491254,-14.2611973101044,0.209895369506603,-14.9999999999995,-13768.1978125835,-0,-1.77635683940025e-15,0,-272.346513234953,0,0
80.54,40,40,99.308504361212,-5.55196421862692,-14.2570645244432,0.203384309330841,-14.9999999999996,-13784.0222447292,-0,-1.77635683940025e-15,0,-273.533793708767,0,0
80.56,40,40,99.1974642085162,-5.55204908511731,-14.2530618791049,0.196882035617382,-14.9999999999996,-13799.7988531169,-0,-1.77635683940025e-15,0,-274.718853397294,0,0
80.58,40,40,99.0864224748287,-5.55212239796627,-14.2491891567573,0.190392693512332,-14.9999999999996,-13815.5276296053,-0,0,0,-275.901692266573,0,0
80.6,40,40,98.9753793864304,-5.55218463544868,-14.2454460580778,0.183920336743166,-14.9999999999996,-13831.208566318,-0,-1.77635683940025e-15,1,-277.082310287261,0,0
80.62,40,40,98.8643351600915,-5.55223627034773,-14.2418322035916,0.177468926639353,-14.9999999999997,-13846.841655644,-0,-1.77635683940025e-15,0,-278.260707434449,0,0
80.64,40,40,98.7532900031831,-5.5522777697781,-14.2383471355288,0.171042331237633,-14.9999999999997,-13862.4268902378,-0,0,0,-279.436883687466,0,0
80.66,40,40,98.6422441137917,-5.55230959501622,-14.2349903196987,0.164644324470844,-14.9999999999997,-13877.9642630195,-0,0,0,-280.610839029698,0,0
80.68,40,40,98.5311976808385,-5.55233220133759,-14.2317611473789,0.158278585439132,-14.9999999999997,-13893.4537671746,-0,0,0,-281.782573448399,0,0
80.7,40,40,98.4201508842001,-5.55234603786116,-14.2286589372189,0.151948697762383,-14.9999999999997,-13908.8953961534,-0,-1.77635683940025e-15,0,-282.952086934512,0,0
80.72,40,40,98.3091038948337,-5.5523515474007,-14.2256829371554,0.145658149012657,-14.9999999999998,-13924.2891436709,-0,0,0,-284.119379482487,0,0
80.74,40,40,98.1980568749045,-5.55234916632319,-14.2228323263382,0.139410330225372,-14.9999999999998,-13939.6350037057,-0,0,0,-285.284451090106,0,0
80.76,40,40,98.087009977916,-5.55233932441414,-14.2201062170654,0.133208535487973,-14.9999999999998,-13954.9329704992,-0,0,0,-286.447301758308,0,0
80.78,40,40,97.9759633488426,-5.55232244474981,-14.2175036567255,0.127055961604782,-14.9999999999998,-13970.1830385546,-0,0,0,-287.607931491014,0,0
80.8,40,40,97.8649171242655,-5.55229894357627,-14.2150236297462,0.120955707836701,-14.9999999999998,-13985.3852026356,-0,0,1,-288.766340294963,0,0
80.82,40,40,97.7538714325104,-5.55226923019526,-14.2126650595468,0.114910775714413,-14.9999999999998,-14000.5394577651,-0,0,0,-289.922528179541,0,0
80.84,40,40,97.6428263937868,-5.55223370685687,-14.2104268104944,0.108924068923707,-14.9999999999998,-14015.6457992235,-0,0,0,-291.076495156621,0,0
80.86,40,40,97.5317821203312,-5.55219276865877,-14.2083076898612,0.102998393261533,-14.9999999999998,-14030.7042225471,-0,0,0,-292.228241240399,0,0
80.88,40,40,97.4207387165498,-5.55214680345223,-14.2063064497825,0.0971364566613549,-14.9999999999999,-14045.7147235264,-0,1.77635683940025e-15,0,-293.377766447237,0,0
80.9,40,40,97.3096962791656,-5.55209619175455,-14.2044217892123,0.0913408692863786,-14.9999999999999,-14060.6772982037,-0,1.77635683940025e-15,0,-294.525070795508,0,0
80.92,40,40,97.1986548973648,-5.5520413066681,-14.2026523558783,0.0856141436891895,-14.9999999999999,-14075.5919428715,-0,1.77635683940025e-15,0,-295.670154305445,0,0
80.94,40,40,97.0876146529465,-5.55198251380572,-14.2009967482311,0.0799586950363311,-14.9999999999999,-14090.4586540697,-0,3.5527136788005e-15,0,-296.813016998989,0,0
80.96,40,40,96.9765756204731,-5.5519201712225,-14.1994535173896,0.0743768413963358,-14.9999999999999,-14105.2774285838,-0,3.5527136788005e-15,0,-297.953658899646,0,0
80.98,40,40,96.8655378674219,-5.55185462935379,-14.1980211690794,0.0688708040897078,-14.9999999999999,-14120.0482634419,-0,3.5527136788005e-15,0,-299.092080032341,0,0
81,40,40,96.7545014543382,-5.55178623095941,-14.1966981655638,0.0634427080993444,-14.9999999999999,-14134.7711559122,-0,3.5527136788005e-15,1,-300.22828042328,0,0
81.02,40,40,96.6434664349892,-5.55171531107404,-14.1954829275661,0.0580945825398703,-14.9999999999999,-14149.4461035004,-0,3.5527136788005e-15,0,-301.36226009981,0,0
81.04,40,40,96.5324328565191,-5.55164219696351,-14.1943738361814,0.0528283611843525,-14.9999999999999,-14164.0731039469,-0,3.5527136788005e-15,0,-302.494019090289,0,0
81.06,40,40,96.4214007596047,-5.55156720808707,-14.1933692347781,0.0476458830468506,-14.9999999999999,-14178.6521552232,-0,3.5527136788005e-15,0,-303.623557423951,0,0
81.08,40,40,96.3103701786122,-5.55149065606558,-14.1924674308867,0.0425488930192542,-14.9999999999999,-14193.1832555298,-0,3.5527136788005e-15,0,-304.750875130783,0,0
81.1,40,40,96.1993411417537,-5.55141284465529,-14.1916666980752,0.037539042560851,-14.9999999999999,-14207.6664032923,-0,3.5527136788005e-15,0,-305.875972241394,0,0
81.12,40,40,96.088313671245,-5.55133406972743,-14.1909652778108,0.0326178904390626,-14.9999999999999,-14222.1015971582,-0,5.32907051820075e-15,0,-306.998848786899,0,0
81.14,40,40,95.9772877834638,-5.55125461925324,-14.1903613813055,0.0277869035197864,-14.9999999999999,-14236.488835994,-0,3.5527136788005e-15,0,-308.119504798798,0,0
81.16,40,40,95.8662634891071,-5.55117477329453,-14.1898531913462,0.0230474576057746,-14.9999999999999,-14250.8281188813,-0,3.5527136788005e-15,0,-309.237940308863,0,0
81.18,40,40,95.7552407933499,-5.55109480399953,-14.1894388641072,0.0184008383214806,-14.9999999999999,-14265.1194451135,-0,3.5527136788005e-15,0,-310.354155349023,0,0
81.2,40,40,95.6442196960034,-5.55101497560407,-14.189116530944,0.0138482420428078,-14.9999999999999,-14279.362814192,-0,3.5527136788005e-15,1,-311.468149951256,0,0
81.22,40,40,95.5332001916731,-5.55093554443783,-14.1888843001694,0.00939077687018838,-15,-14293.5582258228,-0,3.5527136788005e-15,0,-312.579924147486,0,0
81.24,40,40,95.4221822699171,-5.55085675893572,-14.1887402588081,0.00502946364342973,-15,-14307.7056799124,-0,3.5527136788005e-15,0,-313.689477969476,0,0
81.26,40,40,95.3111659154032,-5.55077885965407,-14.1886824743322,0.000765236996762871,-15,-14321.8051765645,-0,3.5527136788005e-15,0,-314.796811448733,0,0
81.28,40,40,95.2001511080671,-5.55070207929179,-14.1887089963739,-0.00340105354746376,-15,-14335.8567160756,-0,3.5527136788005e-15,0,-315.901924616409,0,0
81.3,40,40,95.0891378232686,-5.55062664271617,-14.1888178584168,-0.00746864244800131,-15,-14349.8602989313,-0,5.32907051820075e-15,0,-317.004817503209,0,0
81.32,40,40,94.9781260319484,-5.55055276699324,-14.1890070794637,-0.011436846978375,-15,-14363.8159258023,-0,3.5527136788005e-15,0,-318.105490139299,0,0
81.34,40,40,94.8671157007836,-5.55048066142275,-14.189274665681,-0.0153050660265572,-15,-14377.7235975404,-0,3.5527136788005e-15,0,-319.203942554223,0,0
81.36,40,40,94.7561067923424,-5.55041052757744,-14.189618612019,-0.019072778862173,-15,-14391.5833151743,-0,3.5527136788005e-15,0,-320.300174776818,0,0
81.38,40,40,94.6450992652388,-5.55034255934659,-14.1900369038064,-0.0227395438727614,-15,-14405.3950799057,-0,3.5527136788005e-15,0,-321.394186835128,0,0
81.4,40,40,94.5340930742852,-5.55027694298375,-14.1905275183203,-0.0263049972706084,-15,-14419.1588931049,-0,3.5527136788005e-15,1,-322.485978756337,0,0
81.42,40,40,94.423088170645,-5.55021385715851,-14.1910884263291,-0.029768851771655,-15,-14432.8747563066,-0,3.5527136788005e-15,0,-323.575550566684,0,0
81.44,40,40,94.3120845019835,-5.55015347301217,-14.1917175936096,-0.0331308952479735,-15,-14446.542671206,-0,3.5527136788005e-15,0,-324.662902291398,0,0
81.46,40,40,94.201082012618,-5.55009595421721,-14.192412982436,-0.0363909893552921,-15,-14460.162639654,-0,3.5527136788005e-15,0,-325.748033954627,0,0
81.48,40,40,94.0900806436666,-5.55004145704055,-14.1931725530418,-0.039549068137037,-15,-14473.7346636535,-0,3.5527136788005e-15,0,-326.830945579374,0,0
81.5,40,40,93.9790803331954,-5.54999013041023,-14.1939942650537,-0.0426051366063442,-15,-14487.2587453548,-0,3.5527136788005e-15,0,-327.911637187432,0,0
81.52,40,40,93.8680810163648,-5.5499421159857,-14.1948760788961,-0.0455592693074825,-15,-14500.734887051,-0,3.5527136788005e-15,0,-328.990108799327,0,0
81.54,40,40,93.7570826255742,-5.54989754823137,-14.1958159571676,-0.0484116088581102,-15,-14514.1630911744,-0,3.5527136788005e-15,0,-330.066360434261,0,0
81.56,40,40,93.6460850906048,-5.5498565544934,-14.1968118659876,-0.0511623644737759,-15,-14527.5433602915,-0,3.5527136788005e-15,0,-331.140392110057,0,0
81.58,40,40,93.5350883387617,-5.54981925507964,-14.1978617763133,-0.0538118104760555,-15,-14540.875697099,-0,3.5527136788005e-15,0,-332.212203843108,0,0
81.6,40,40,93.4240922950133,-5.54978576334249,-14.1989636652271,-0.0563602847856985,-15,-14554.1601044191,-0,1.77635683940025e-15,1,-333.281795648329,0,0
81.62,40,40,93.3130968821298,-5.54975618576475,-14.2001155171928,-0.0588081874021439,-15,-14567.3965851958,-0,3.5527136788005e-15,0,-334.349167539115,0,0
81.64,40,40,93.2021020208199,-5.54973062204813,-14.2013153252823,-0.0611559788707423,-15,-14580.5851424897,-0,3.5527136788005e-15,0,-335.414319527293,0,0
81.66,40,40,93.091107629865,-5.5497091652045,-14.2025610923712,-0.0634041787390061,-15,-14593.7257794744,-0,1.77635683940025e-15,0,-336.477251623085,0,0
81.68,40,40,92.9801136262528,-5.54969190164956,-14.203850832303,-0.0655533640031879,-15,-14606.8184994318,-0,3.5527136788005e-15,0,-337.537963835071,0,0
81.7,40,40,92.8691199253074,-5.54967891129906,-14.2051825710226,-0.0676041675464682,-15,-14619.8633057477,-0,1.77635683940025e-15,0,-338.596456170154,0,0
81.72,40,40,92.7581264408192,-5.54967026766726,-14.2065543476784,-0.0695572765700127,-15,-14632.8602019077,-0,1.77635683940025e-15,0,-339.652728633527,0,0
81.74,40,40,92.6471330851711,-5.54966603796756,-14.2079642156927,-0.0714134310181403,-15,-14645.8091914928,-0,1.77635683940025e-15,0,-340.706781228646,0,0
81.76,40,40,92.5361397694641,-5.54966628321528,-14.2094102438013,-0.0731734219988181,-15,-14658.7102781752,-0,1.77635683940025e-15,0,-341.758613957201,0,0
81.78,40,40,92.42514640364,-5.54967105833236,-14.2108905170604,-0.0748380902006814,-15,-14671.5634657139,-0,0,0,-342.808226819091,0,0
81.8,40,40,92.3141528966021,-5.54968041225395,-14.2124031378225,-0.0764083243077549,-15,-14684.3687579507,-0,0,1,-343.855619812406,0,0
81.82,40,40,92.2031591563342,-5.54969438803672,-14.2139462266807,-0.077885059413024,-15,-14697.1261588058,-0,0,0,-344.900792933401,0,0
81.84,40,40,92.0921650900165,-5.54971302296886,-14.2155179233806,-0.0792692754319884,-15,-14709.8356722736,-0,0,0,-345.943746176486,0,0
81.86,40,40,91.9811706041404,-5.54973634868157,-14.2171163877015,-0.0805619955173032,-15,-14722.4973024188,-0,0,0,-346.984479534205,0,0
81.88,40,40,91.8701756046204,-5.54976439126199,-14.2187398003044,-0.0817642844755917,-15,-14735.111053372,-0,0,0,-348.022992997227,0,0
81.9,40,40,91.7591799969035,-5.54979717136749,-14.2203863635504,-0.0828772471874868,-15,-14747.676929326,-0,0,0,-349.059286554335,0,0
81.92,40,40,91.648183686077,-5.54983470434113,-14.2220543022852,-0.0839020270319394,-15,-14760.1949345313,-0,-1.77635683940025e-15,0,-350.093360192416,0,0
81.94,40,40,91.5371865769735,-5.54987700032828,-14.2237418645945,-0.0848398043158024,-15,-14772.6650732924,-0,-1.77635683940025e-15,0,-351.125213896457,0,0
81.96,40,40,91.4261885742739,-5.54992406439421,-14.225447322526,-0.0856917947096791,-15,-14785.0873499639,-0,-3.5527136788005e-15,0,-352.154847649538,0,0
81.98,40,40,91.3151895826072,-5.54997589664265,-14.2271689727818,-0.0864592476909964,-15,-14797.4617689465,-0,-1.77635683940025e-15,0,-353.182261432834,0,0
82,40,40,91.2041895066492,-5.55003249233511,-14.2289051373783,-0.0871434449952426,-15,-14809.7883346831,-0,-1.77635683940025e-15,1,-354.207455225613,0,0
82.02,40,40,91.0931882512179,-5.55009384201099,-14.2306541642768,-0.0877456990762803,-15,-14822.0670516548,-0,0,0,-355.230429005237,0,0
82.04,40,40,90.9821857213668,-5.55015993160823,-14.2324144279817,-0.0882673515766235,-15,-14834.2979243778,-0,-1.77635683940025e-15,0,-356.251182747166,0,0
82.06,40,40,90.8711818224753,-5.55023074258456,-14.2341843301098,-0.0887097718085412,-15,-14846.480957399,-0,0,0,-357.269716424965,0,0
82.08,40,40,90.7601764603378,-5.55030625203916,-14.235962299928,-0.0890743552468241,-15,-14858.6161552925,-0,0,0,-358.28603001031,0,0
82.1,40,40,90.6491695412491,-5.55038643283467,-14.237746794862,-0.0893625220340281,-15,-14870.7035226564,-0,-1.77635683940025e-15,0,-359.300123472998,0,0
82.12,40,40,90.5381609720882,-5.55047125371941,-14.2395363009747,-0.0895757154989795,-15,-14882.7430641085,-0,-1.77635683940025e-15,0,-360.311996780959,0,0
82.14,40,40,90.4271506603992,-5.55056067944987,-14.2413293334151,-0.0897154006893049,-15,-14894.7347842838,-0,-3.5527136788005e-15,0,-361.321649900264,0,0
82.16,40,40,90.3161385144699,-5.55065467091321,-14.2431244368384,-0.0897830629187213,-15,-14906.67868783,-0,-3.5527136788005e-15,0,-362.329082795146,0,0
82.18,40,40,90.2051244434082,-5.55075318524971,-14.2449201857964,-0.0897802063297975,-15,-14918.574779405,-0,-3.5527136788005e-15,0,-363.334295428008,0,0
82.2,40,40,90.0941083572154,-5.55085617597528,-14.2467151851005,-0.0897083524728716,-15,-14930.4230636731,-0,-1.77635683940025e-15,1,-364.337287759448,0,0
82.22,40,40,89.9830901668579,-5.55096359310365,-14.2485080701554,-0.0895690389017852,-15,-14942.2235453019,-0,0,0,-365.338059748269,0,0
82.24,40,40,89.8720697843358,-5.55107538326842,-14.2502975072652,-0.0893638177870701,-15,-14953.976228959,-0,0,0,-366.336611351507,0,0
82.26,40,40,89.7610471227493,-5.55119148984471,-14.2520821939124,-0.0890942545471951,-15,-14965.6811193091,-0,0,0,-367.332942524448,0,0
82.28,40,40,89.6500220963626,-5.55131185307048,-14.2538608590088,-0.0887619264984611,-15,-14977.3382210108,-0,0,0,-368.327053220651,0,0
82.3,40,40,89.5389946206657,-5.55143641016731,-14.2556322631206,-0.0883684215240999,-15,-14988.9475387135,-0,-1.77635683940025e-15,0,-369.318943391973,0,0
82.32,40,40,89.4279646124331,-5.55156509546068,-14.2573951986664,-0.0879153367631163,-15,-15000.5090770547,-0,0,0,-370.308612988593,0,0
82.34,40,40,89.3169319897808,-5.55169784049961,-14.2591484900892,-0.0874042773193795,-15,-15012.022840657,-0,0,0,-371.29606195904,0,0
82.36,40,40,89.2058966722207,-5.55183457417562,-14.2608909940032,-0.0868368549914534,-15,-15023.4888341252,-0,0,0,-372.281290250218,0,0
82.38,40,40,89.0948585807125,-5.55197522284095,-14.2626215993152,-0.0862146870236242,-15,-15034.9070620439,-0,1.77635683940025e-15,0,-373.264297807435,0,0
82.4,40,40,88.983817637713,-5.55211971042592,-14.264339227321,-0.0855393948785639,-15,-15046.2775289744,-0,1.77635683940025e-15,1,-374.245084574435,0,0
82.42,40,40,88.8727737672239,-5.55226795855547,-14.2660428317777,-0.0848126030320427,-15,-15057.6002394527,-0,1.77635683940025e-15,0,-375.223650493426,0,0
82.44,40,40,88.7617268948364,-5.5524198866647,-14.2677313989523,-0.0840359377900791,-15,-15068.8751979863,-0,0,0,-376.199995505111,0,0
82.46,40,40,88.6506769477739,-5.55257541211347,-14.2694039476464,-0.083211026128894,-15,-15080.1024090522,-0,0,0,-377.174119548721,0,0
82.48,40,40,88.5396238549325,-5.55273445029988,-14.2710595291986,-0.082339494558011,-15,-15091.2818770944,-0,0,0,-378.146022562049,0,0
82.5,40,40,88.428567546919,-5.55289691477267,-14.2726972274634,-0.0814229680068223,-15,-15102.4136065218,-0,0,0,-379.115704481483,0,0
82.52,40,40,88.3175079560867,-5.55306271734245,-14.2743161587692,-0.0804630687349157,-15,-15113.4976017053,-0,-1.77635683940025e-15,0,-380.083165242039,0,0
82.54,40,40,88.2064450165692,-5.55323176819171,-14.2759154718539,-0.0794614152664378,-15,-15124.5338669766,-0,-1.77635683940025e-15,0,-381.0484047774,0,0
82.56,40,40,88.095378664312,-5.55340397598356,-14.2774943477798,-0.0784196213487441,-15,-15135.5224066251,-0,-1.77635683940025e-15,0,-382.011423019949,0,0
82.58,40,40,87.9843088371012,-5.55357924796913,-14.279051999828,-0.0773392949355648,-15,-15146.4632248968,-0,-1.77635683940025e-15,0,-382.972219900806,0,0
82.6,40,40,87.8732354745916,-5.55375749009366,-14.2805876733724,-0.0762220371948952,-15,-15157.3563259917,-0,0,1,-383.930795349864,0,0
82.62,40,40,87.7621585183309,-5.55393860710114,-14.2821006457343,-0.0750694415417959,-15,-15168.2017140621,-0,0,0,-384.88714929583,0,0
82.64,40,40,87.6510779117834,-5.55412250263749,-14.2835902260179,-0.0738830926962677,-15,-15178.9993932108,-0,0,0,-385.841281666261,0,0
82.66,40,40,87.5399936003504,-5.5543090793523,-14.2850557549272,-0.0726645657663458,-15,-15189.7493674895,-0,0,0,-386.793192387601,0,0
82.68,40,40,87.4289055313893,-5.55449823899901,-14.2864966045647,-0.0714154253565372,-15,-15200.4516408969,-0,0,0,-387.742881385223,0,0
82.7,40,40,87.3178136542307,-5.5546898825335,-14.287912178213,-0.0701372247017036,-15,-15211.1062173771,-0,0,0,-388.690348583467,0,0
82.72,40,40,87.2067179201933,-5.55488391021114,-14.2893019100983,-0.0688315048264744,-15,-15221.7131008184,-0,1.77635683940025e-15,0,-389.635593905679,0,0
82.74,40,40,87.0956182825967,-5.55508022168216,-14.2906652651387,-0.067499793730253,-15,-15232.2722950513,-0,1.77635683940025e-15,0,-390.57861727425,0,0
82.76,40,40,86.9845146967729,-5.55527871608536,-14.2920017386752,-0.0661436055978629,-15,-15242.7838038476,-0,1.77635683940025e-15,0,-391.51941861066,0,0
82.78,40,40,86.8734071200754,-5.55547929214015,-14.2933108561881,-0.0647644400358584,-15,-15253.2476309187,-0,1.77635683940025e-15,0,-392.457997835514,0,0
82.8,40,40,86.7622955118868,-5.55568184823682,-14.2945921729977,-0.0633637813345075,-15,-15263.6637799146,-0,0,1,-393.394354868585,0,0
82.82,40,40,86.6511798336246,-5.55588628252513,-14.2958452739514,-0.0619430977554384,-15,-15274.0322544227,-0,1.77635683940025e-15,0,-394.328489628855,0,0
82.84,40,40,86.5400600487445,-5.55609249300108,-14.2970697730952,-0.0605038408449199,-15,-15284.3530579664,-0,0,0,-395.260402034552,0,0
82.86,40,40,86.4289361227437,-5.55630037759187,-14.2982653133339,-0.0590474447727313,-15,-15294.6261940042,-0,0,0,-396.190092003196,0,0
82.88,40,40,86.3178080231605,-5.5565098342391,-14.2994315660763,-0.0575753256965601,-15,-15304.8516659291,-0,0,0,-397.117559451637,0,0
82.9,40,40,86.2066757195736,-5.55672076098007,-14.3005682308692,-0.0560888811518474,-15,-15315.0294770668,-0,0,0,-398.042804296095,0,0
82.92,40,40,86.0955391835994,-5.55693305602728,-14.3016750350189,-0.0545894894669888,-15,-15325.1596306757,-0,0,0,-398.965826452203,0,0
82.94,40,40,85.9843983888876,-5.55714661784604,-14.3027517332018,-0.0530785092037769,-15,-15335.2421299455,-0,0,0,-399.886625835046,0,0
82.96,40,40,85.8732533111153,-5.55736134523017,-14.303798107063,-0.0515572786229635,-15,-15345.276977997,-0,-1.77635683940025e-15,0,-400.805202359203,0,0
82.98,40,40,85.7621039279802,-5.55757713737588,-14.304813964806,-0.0500271151747975,-15,-15355.2641778808,-0,-1.77635683940025e-15,0,-401.721555938787,0,0
83,40,40,85.650950219191,-5.55779389395362,-14.3057991407706,-0.0484893150143851,-15,-15365.2037325772,-0,-1.77635683940025e-15,1,-402.635686487484,0,0
83.02,40,40,85.5397921664581,-5.55801151517815,-14.3067534950033,-0.0469451525417025,-15,-15375.0956449954,-0,-1.77635683940025e-15,0,-403.547593918594,0,0
83.04,40,40,85.4286297534811,-5.55822990187657,-14.3076769128173,-0.0453958799660782,-15,-15384.9399179732,-0,-1.77635683940025e-15,0,-404.457278145073,0,0
83.06,40,40,85.3174629659369,-5.55844895555451,-14.3085693043447,-0.0438427268949485,-15,-15394.7365542763,-0,-3.5527136788005e-15,0,-405.364739079568,0,0
83.08,40,40,85.2062917914645,-5.5586685784603,-14.3094306040802,-0.0422868999466765,-15,-15404.485556598,-0,-1.77635683940025e-15,0,-406.269976634463,0,0
83.1,40,40,85.0951162196504,-5.55888867364724,-14.3102607704182,-0.0407295823872137,-15,-15414.1869275592,-0,-3.5527136788005e-15,0,-407.17299072191,0,0
83.12,40,40,84.9839362420111,-5.55910914503397,-14.311059785182,-0.0391719337903703,-15,-15423.8406697075,-0,-3.5527136788005e-15,0,-408.073781253875,0,0
83.14,40,40,84.8727518519759,-5.55932989746278,-14.3118276531467,-0.037615089721448,-15,-15433.4467855178,-0,-3.5527136788005e-15,0,-408.972348142174,0,0
83.16,40,40,84.7615630448674,-5.55955083675612,-14.3125644015564,-0.0360601614439795,-15,-15443.0052773913,-0,-3.5527136788005e-15,0,-409.868691298506,0,0
83.18,40,40,84.6503698178815,-5.55977186977102,-14.3132700796348,-0.0345082356493068,-15,-15452.5161476562,-0,-3.5527136788005e-15,0,-410.762810634501,0,0
83.2,40,40,84.5391721700661,-5.5599929044517,-14.3139447580919,-0.03296037420872,-15,-15461.979398567,-0,-1.77635683940025e-15,1,-411.654706061748,0,0
83.22,40,40,84.4279701022991,-5.56021384988016,-14.314588528625,-0.0314176139478696,-15,-15471.3950323049,-0,-3.5527136788005e-15,0,-412.544377491837,0,0
83.24,40,40,84.3167636172648,-5.56043461632489,-14.3152015034156,-0.0298809664431531,-15,-15480.7630509777,-0,-3.5527136788005e-15,0,-413.431824836391,0,0
83.26,40,40,84.20555271943,-5.56065511528761,-14.3157838146229,-0.0283514178397719,-15,-15490.0834566199,-0,-3.5527136788005e-15,0,-414.317048007108,0,0
83.28,40,40,84.0943374150187,-5.56087525954815,-14.3163356138731,-0.026829928691138,-15,-15499.356251193,-0,-1.77635683940025e-15,0,-415.20004691579,0,0
83.3,40,40,83.9831177119861,-5.56109496320737,-14.3168570717467,-0.0253174338193124,-15,-15508.5814365854,-0,-1.77635683940025e-15,0,-416.080821474383,0,0
83.32,40,40,83.8718936199921,-5.56131414172825,-14.317348377262,-0.0238148421961381,-15,-15517.7590146129,-0,-1.77635683940025e-15,0,-416.959371595009,0,0
83.34,40,40,83.760665150373,-5.56153271197501,-14.3178097373575,-0.022323036844731,-15,-15526.8889870191,-0,-1.77635683940025e-15,0,-417.835697189998,0,0
83.36,40,40,83.6494323161137,-5.56175059225042,-14.318241376372,-0.0208428747609804,-15,-15535.9713554752,-0,0,0,-418.709798171925,0,0
83.38,40,40,83.5381951318184,-5.56196770233129,-14.3186435355236,-0.0193751868547059,-15,-15545.006121581,-0,0,0,-419.581674453641,0,0
83.4,40,40,83.4269536136807,-5.56218396350196,-14.3190164723871,-0.0179207779101099,-15,-15553.993286865,-0,-1.77635683940025e-15,1,-420.451325948305,0,0
83.42,40,40,83.3157077794531,-5.56239929858617,-14.3193604603718,-0.01648042656516,-15,-15562.9328527848,-0,-1.77635683940025e-15,0,-421.318752569414,0,0
83.44,40,40,83.2044576484161,-5.56261363197694,-14.3196757881982,-0.0150548853095292,-15,-15571.8248207276,-0,0,0,-422.183954230837,0,0
83.46,40,40,83.0932032413463,-5.56282688966476,-14.319962759375,-0.0136448805007163,-15,-15580.6691920112,-0,-1.77635683940025e-15,0,-423.046930846843,0,0
83.48,40,40,82.9819445804843,-5.56303899926398,-14.3202216916774,-0.0122511123979637,-15,-15589.4659678838,-0,-1.77635683940025e-15,0,-423.907682332131,0,0
83.5,40,40,82.8706816895021,-5.56324989003741,-14.3204529166249,-0.0108742552135881,-15,-15598.2151495253,-0,-1.77635683940025e-15,0,-424.76620860186,0,0
83.52,40,40,82.7594145934697,-5.56345949291921,-14.3206567789614,-0.00951495718132902,-15,-15606.9167380473,-0,-1.77635683940025e-15,0,-425.622509571677,0,0
83.54,40,40,82.6481433188214,-5.56366774053607,-14.3208336361364,-0.00817384064132485,-15,-15615.5707344945,-0,-1.77635683940025e-15,0,-426.476585157741,0,0
83.56,40,40,82.5368678933221,-5.56387456722669,-14.3209838577883,-0.00685150214131416,-15,-15624.1771398448,-0,-3.5527136788005e-15,0,-427.328435276756,0,0
83.58,40,40,82.4255883460324,-5.56407990905956,-14.3211078252291,-0.00554851255366279,-15,-15632.7359550103,-0,-1.77635683940025e-15,0,-428.178059845994,0,0
83.6,40,40,82.3143047072743,-5.56428370384911,-14.3212059309328,-0.00426541720781182,-15,-15641.2471808382,-0,-1.77635683940025e-15,1,-429.025458783321,0,0
83.62,40,40,82.2030170085958,-5.56448589117025,-14.3212785780259,-0.00300273603773972,-15,-15649.7108181111,-0,-3.5527136788005e-15,0,-429.870632007219,0,0
83.64,40,40,82.0917252827359,-5.56468641237127,-14.3213261797808,-0.00176096374402874,-15,-15658.1268675485,-0,-1.77635683940025e-15,0,-430.713579436816,0,0
83.66,40,40,81.9804295635885,-5.56488521058519,-14.321349159113,-0.000540569970126552,-15,-15666.4953298071,-0,-1.77635683940025e-15,0,-431.554300991906,0,0
83.68,40,40,81.8691298861672,-5.56508223073954,-14.321347948082,0.00065800050761114,-15,-15674.8162054819,-0,-1.77635683940025e-15,0,-432.39279659297,0,0
83.7,40,40,81.7578262865688,-5.56527741956462,-14.3213229873958,0.00183432757650888,-15,-15683.0894951073,-0,-1.77635683940025e-15,0,-433.229066161204,0,0
83.72,40,40,81.6465188019376,-5.56547072560027,-14.3212747259196,0.00298801557120617,-15,-15691.3151991574,-0,-1.77635683940025e-15,0,-434.063109618532,0,0
83.74,40,40,81.5352074704287,-5.56566209920113,-14.3212036201898,0.00411869304475261,-15,-15699.4933180479,-0,-1.77635683940025e-15,0,-434.894926887635,0,0
83.76,40,40,81.4238923311723,-5.5658514925405,-14.321110133931,0.00522601252757871,-15,-15707.623852136,-0,-1.77635683940025e-15,0,-435.724517891964,0,0
83.78,40,40,81.3125734242366,-5.56603885961275,-14.32099473758,0.00630965027475828,-15,-15715.7068017223,-0,0,0,-436.551882555763,0,0
83.8,40,40,81.2012507905918,-5.56622415623435,-14.3208579078131,0.00736930600197583,-15,-15723.7421670512,-0,0,1,-437.377020804088,0,0
83.82,40,40,81.0899244720736,-5.56640734004352,-14.3207001270802,0.00840470261061425,-15,-15731.7299483123,-0,0,0,-438.199932562821,0,0
83.84,40,40,80.9785945113468,-5.5665883704986,-14.3205218831435,0.00941558590237552,-15,-15739.6701456412,-0,0,0,-439.020617758689,0,0
83.86,40,40,80.8672609518685,-5.56676720887504,-14.3203236686226,0.0104017242838461,-15,-15747.5627591207,-0,0,0,-439.839076319283,0,0
83.88,40,40,80.7559238378527,-5.56694381826116,-14.3201059805458,0.0113629084614189,-15,-15755.4077887817,-0,0,0,-440.655308173067,0,0
83.9,40,40,80.6445832142331,-5.56711816355271,-14.3198693199064,0.0122989511269797,-15,-15763.2052346045,-0,0,0,-441.469313249399,0,0
83.92,40,40,80.5332391266276,-5.56729021144607,-14.319614191227,0.013209686634765,-15,-15770.9550965199,-0,0,0,-442.281091478542,0,0
83.94,40,40,80.4218916213023,-5.56745993043047,-14.3193411021293,0.0140949706697972,-15,-15778.65737441,-0,0,0,-443.090642791679,0,0
83.96,40,40,80.3105407451356,-5.56762729077885,-14.3190505629104,0.0149546799082991,-15,-15786.3120681097,-0,-1.77635683940025e-15,0,-443.897967120922,0,0
83.98,40,40,80.1991865455827,-5.56779226453778,-14.3187430861275,0.0157887116704867,-15,-15793.9191774075,-0,-1.77635683940025e-15,0,-444.703064399328,0,0
84,40,40,80.0878290706403,-5.56795482551613,-14.3184191861872,0.0165969835661388,-15,-15801.4787020471,-0,-1.77635683940025e-15,1,-445.505934560909,0,0
84.02,40,40,79.9764683688112,-5.5681149492728,-14.3180793789446,0.017379433133336,-15,-15808.9906417278,-0,-1.77635683940025e-15,0,-446.306577540641,0,0
84.04,40,40,79.8651044890698,-5.56827261310335,-14.3177241813075,0.0181360174707607,-15,-15816.4549961064,-0,-1.77635683940025e-15,0,-447.104993274475,0,0
84.06,40,40,79.7537374808274,-5.56842779602566,-14.3173541108493,0.0188667128639438,-15,-15823.8717647981,-0,-1.77635683940025e-15,0,-447.901181699347,0,0
84.08,40,40,79.6423673938976,-5.56858047876461,-14.316969685429,0.0195715144058434,-15,-15831.2409473774,-0,-1.77635683940025e-15,0,-448.695142753183,0,0
84.1,40,40,79.5309942784628,-5.56873064373583,-14.3165714228188,0.0202504356121334,-15,-15838.5625433797,-0,-1.77635683940025e-15,0,-449.486876374912,0,0
84.12,40,40,79.4196181850403,-5.56887827502855,-14.3161598403397,0.0209035080315779,-15,-15845.836552302,-0,0,0,-450.276382504468,0,0
84.14,40,40,79.3082391644488,-5.56902335838754,-14.3157354545045,0.0215307808518631,-15,-15853.0629736045,-0,0,0,-451.063661082799,0,0
84.16,40,40,79.196857267776,-5.56916588119427,-14.3152987806695,0.0221323205012528,-15,-15860.2418067116,-0,0,0,-451.848712051872,0,0
84.18,40,40,79.0854725463456,-5.56930583244719,-14.3148503326931,0.02270821024643,-15,-15867.373051013,-0,0,0,-452.631535354678,0,0
84.2,40,40,78.9740850516854,-5.56944320274129,-14.3143906226034,0.0232585497868817,-15,-15874.456705865,-0,0,1,-453.412130935238,0,0
84.22,40,40,78.8626948354954,-5.56957798424687,-14.3139201602736,0.0237834548461802,-15,-15881.4927705915,-0,0,0,-454.190498738602,0,0
84.24,40,40,78.7513019496168,-5.56971017068759,-14.3134394531057,0.0242830567605076,-15,-15888.4812444856,-0,-1.77635683940025e-15,0,-454.96663871086,0,0
84.26,40,40,78.6399064460009,-5.56983975731786,-14.3129490057223,0.0247575020647652,-15,-15895.42212681,-0,0,0,-455.740550799135,0,0
84.28,40,40,78.5285083766786,-5.56996674089952,-14.3124493196665,0.0252069520766076,-15,-15902.3154167989,-0,-1.77635683940025e-15,0,-456.512234951595,0,0
84.3,40,40,78.417107793731,-5.57009111967799,-14.3119408931111,0.0256315824787288,-15,-15909.1611136589,-0,-1.77635683940025e-15,0,-457.281691117445,0,0
84.32,40,40,78.3057047492596,-5.57021289335769,-14.3114242205749,0.0260315828997306,-15,-15915.95921657,-0,0,0,-458.048919246934,0,0
84.34,40,40,78.1942992953573,-5.570332063077,-14.3108997926481,0.0264071564938903,-15,-15922.709724687,-0,0,0,-458.813919291352,0,0
84.36,40,40,78.0828914840801,-5.57044863138264,-14.3103680957261,0.0267585195201439,-15,-15929.4126371403,-0,1.77635683940025e-15,0,-459.576691203032,0,0
84.38,40,40,77.9714813674193,-5.57056260220353,-14.3098296117517,0.0270859009205934,-15,-15936.0679530375,-0,1.77635683940025e-15,0,-460.337234935346,0,0
84.4,40,40,77.860068997274,-5.57067398082417,-14.3092848179654,0.0273895418988403,-15,-15942.6756714643,-0,1.77635683940025e-15,1,-461.095550442706,0,0
84.42,40,40,77.7486544254243,-5.57078277385764,-14.3087341866647,0.0276696954984419,-15,-15949.2357914853,-0,1.77635683940025e-15,0,-461.851637680559,0,0
84.44,40,40,77.6372377035049,-5.57088898921805,-14.3081781849712,0.0279266261817819,-15,-15955.7483121458,-0,1.77635683940025e-15,0,-462.605496605389,0,0
84.46,40,40,77.5258188829795,-5.5709926360927,-14.3076172746065,0.0281606094096382,-15,-15962.2132324722,-0,0,0,-463.357127174709,0,0
84.48,40,40,77.4143980151156,-5.57109372491386,-14.3070519116766,0.0283719312217268,-15,-15968.6305514737,-0,1.77635683940025e-15,0,-464.10652934706,0,0
84.5,40,40,77.3029751509597,-5.57119226733017,-14.3064825464646,0.0285608878184927,-15,-15975.0002681428,-0,0,0,-464.853703082005,0,0
84.52,40,40,77.1915503413135,-5.57128827617774,-14.305909623231,0.0287277851444139,-15,-15981.3223814569,-0,0,0,-465.598648340128,0,0
84.54,40,40,77.0801236367104,-5.57138176545101,-14.3053335800238,0.0288729384730762,-15,-15987.596890379,-0,1.77635683940025e-15,0,-466.341365083025,0,0
84.56,40,40,76.9686950873924,-5.57147275027331,-14.3047548484956,0.0289966719942713,-15,-15993.8237938588,-0,1.77635683940025e-15,0,-467.081853273299,0,0
84.58,40,40,76.8572647432882,-5.57156124686719,-14.3041738537294,0.0290993184033651,-15,-16000.0030908341,-0,3.5527136788005e-15,0,-467.820112874555,0,0
84.6,40,40,76.7458326539912,-5.57164727252458,-14.3035910140727,0.0291812184931721,-15,-16006.1347802311,-0,1.77635683940025e-15,1,-468.556143851396,0,0
84.62,40,40,76.6343988687385,-5.57173084557672,-14.3030067409794,0.0292427207485726,-15,-16012.2188609661,-0,1.77635683940025e-15,0,-469.289946169409,0,0
84.64,40,40,76.5229634363905,-5.571811985364,-14.3024214388604,0.0292841809440943,-15,-16018.2553319461,-0,0,0,-470.021519795165,0,0
84.66,40,40,76.4115264054108,-5.57189071220559,-14.3018355049413,0.0293059617446803,-15,-16024.2441920701,-0,1.77635683940025e-15,0,-470.750864696207,0,0
84.68,40,40,76.3000878238473,-5.57196704736905,-14.301249329129,0.0293084323098546,-15,-16030.1854402297,-0,0,0,-471.477980841044,0,0
84.7,40,40,76.1886477393132,-5.57204101303979,-14.3006632938854,0.0292919679014904,-15,-16036.0790753101,-0,1.77635683940025e-15,0,-472.202868199142,0,0
84.72,40,40,76.077206198969,-5.57211263229052,-14.3000777741094,0.0292569494953817,-15,-16041.9250961914,-0,0,0,-472.925526740912,0,0
84.74,40,40,75.9657632495053,-5.57218192905063,-14.2994931370264,0.0292037633968086,-15,-16047.7235017491,-0,0,0,-473.645956437707,0,0
84.76,40,40,75.8543189371257,-5.57224892807556,-14.2989097420857,0.0291328008602837,-15,-16053.4742908553,-0,1.77635683940025e-15,0,-474.364157261806,0,0
84.78,40,40,75.7428733075306,-5.57231365491626,-14.2983279408651,0.0290444577136564,-15,-16059.1774623792,-0,1.77635683940025e-15,0,-475.08012918641,0,0
84.8,40,40,75.6314264059019,-5.5723761358885,-14.2977480769833,0.0289391339867493,-15,-16064.8330151886,-0,1.77635683940025e-15,1,-475.793872185627,0,0
84.82,40,40,75.5199782768876,-5.57243639804246,-14.2971704860191,0.0288172335446905,-15,-16070.44094815,-0,1.77635683940025e-15,0,-476.505386234464,0,0
84.84,40,40,75.4085289645876,-5.5724944691322,-14.2965954954392,0.0286791637261023,-15,-16076.0012601301,-0,0,0,-477.214671308815,0,0
84.86,40,40,75.2970785125402,-5.57255037758535,-14.2960234245312,0.0285253349862967,-15,-16081.5139499962,-0,0,0,-477.92172738545,0,0
84.88,40,40,75.1856269637084,-5.57260415247284,-14.2954545843458,0.0283561605456247,-15,-16086.9790166171,-0,0,0,-478.626554442005,0,0
84.9,40,40,75.0741743604675,-5.57265582347877,-14.2948892776444,0.0281720560431176,-15,-16092.396458864,-0,-1.77635683940025e-15,0,-479.329152456969,0,0
84.92,40,40,74.9627207445936,-5.5727054208705,-14.2943277988541,0.0279734391955541,-15,-16097.7662756111,-0,0,0,-480.029521409673,0,0
84.94,40,40,74.8512661572516,-5.57275297546882,-14.29377043403,0.0277607294620773,-15,-16103.0884657365,-0,0,0,-480.727661280277,0,0
84.96,40,40,74.7398106389848,-5.57279851861834,-14.2932174608231,0.027534347714483,-15,-16108.3630281227,-0,0,0,-481.423572049757,0,0
84.98,40,40,74.6283542297046,-5.5728420821581,-14.2926691484556,0.0272947159132915,-15,-16113.5899616576,-0,0,0,-482.117253699896,0,0
85,40,40,74.5168969686808,-5.5728836983924,-14.2921257577024,0.0270422567897109,-15,-16118.7692652352,-0,0,1,-482.808706213267,0,0
85.02,40,40,74.4054388945329,-5.57292340006182,-14.2915875408784,0.0267773935335901,-15,-16123.9009377557,-0,0,0,-483.497929573223,0,0
85.04,40,40,74.2939800452213,-5.57296122031455,-14.291054741833,0.0265005494874593,-15,-16128.984978127,-0,0,0,-484.184923763881,0,0
85.06,40,40,74.1825204580397,-5.57299719267798,-14.2905275959494,0.0262121478467433,-15,-16134.0213852647,-0,1.77635683940025e-15,0,-484.869688770113,0,0
85.08,40,40,74.0710601696078,-5.57303135103052,-14.290006330151,0.0259126113662315,-15,-16139.010158093,-0,1.77635683940025e-15,0,-485.552224577528,0,0
85.1,40,40,73.9595992158641,-5.5730637295738,-14.289491162913,0.0256023620728798,-15,-16143.9512955451,-0,1.77635683940025e-15,0,-486.232531172463,0,0
85.12,40,40,73.8481376320604,-5.57309436280508,-14.2889823042795,0.0252818209850144,-15,-16148.8447965642,-0,1.77635683940025e-15,0,-486.910608541963,0,0
85.14,40,40,73.7366754527557,-5.57312328549009,-14.2884799558865,0.0249514078380032,-15,-16153.6906601035,-0,1.77635683940025e-15,0,-487.586456673775,0,0
85.16,40,40,73.6252127118112,-5.57315053263613,-14.2879843109908,0.0246115408164512,-15,-16158.4888851272,-0,0,0,-488.260075556329,0,0
85.18,40,40,73.5137494423858,-5.57317613946554,-14.2874955545028,0.024262636292974,-15,-16163.2394706106,-0,1.77635683940025e-15,0,-488.931465178725,0,0
85.2,40,40,73.402285676932,-5.57320014138955,-14.2870138630259,0.0239051085735959,-15,-16167.9424155411,-0,1.77635683940025e-15,1,-489.600625530718,0,0
85.22,40,40,73.2908214471925,-5.57322257398246,-14.2865394048999,0.0235393696498148,-15,-16172.5977189182,-0,0,0,-490.267556602707,0,0
85.24,40,40,73.1793567841969,-5.57324347295628,-14.2860723402502,0.0231658289573681,-15,-16177.2053797544,-0,0,0,-490.932258385718,0,0
85.26,40,40,73.0678917182596,-5.57326287413564,-14.2856128210408,0.0227848931417328,-15,-16181.7653970752,-0,0,0,-491.594730871389,0,0
85.28,40,40,72.9564262789774,-5.57328081343321,-14.2851609911327,0.0223969658303828,-15,-16186.2777699201,-0,0,0,-492.25497405196,0,0
85.3,40,40,72.8449604952283,-5.57329732682552,-14.2847169863464,0.0220024474118247,-15,-16190.7424973423,-0,1.77635683940025e-15,0,-492.912987920252,0,0
85.32,40,40,72.7334943951703,-5.57331245032912,-14.2842809345288,0.0216017348214266,-15,-16195.1595784097,-0,0,0,-493.568772469661,0,0
85.34,40,40,72.6220280062409,-5.57332621997726,-14.2838529556241,0.0211952213340502,-15,-16199.529012205,-0,0,0,-494.222327694134,0,0
85.36,40,40,72.5105613551568,-5.57333867179695,-14.2834331617498,0.0207832963634907,-15,-16203.850797826,-0,0,0,-494.873653588163,0,0
85.38,40,40,72.3990944679145,-5.5733498417865,-14.2830216572748,0.0203663452687248,-15,-16208.1249343862,-0,0,0,-495.522750146766,0,0
85.4,40,40,72.2876273697912,-5.57335976589348,-14.2826185389033,0.0199447491669624,-15,-16212.3514210149,-0,0,1,-496.169617365474,0,0
85.42,40,40,72.1761600853455,-5.57336847999316,-14.282223895761,0.0195188847534929,-15,-16216.5302568574,-0,1.77635683940025e-15,0,-496.814255240316,0,0
85.44,40,40,72.0646926384196,-5.57337601986741,-14.2818378094853,0.0190891241283116,-15,-16220.6614410757,-0,0,0,-497.456663767805,0,0
85.46,40,40,71.9532250521411,-5.57338242118404,-14.281460354319,0.0186558346295087,-15,-16224.7449728482,-0,0,0,-498.096842944924,0,0
85.48,40,40,71.8417573489256,-5.57338771947667,-14.2810915972071,0.0182193786733978,-15,-16228.7808513706,-0,1.77635683940025e-15,0,-498.734792769112,0,0
85.5,40,40,71.7302895504796,-5.573391950125,-14.2807315978967,0.0177801136013585,-15,-16232.7690758554,-0,1.77635683940025e-15,0,-499.370513238247,0,0
85.52,40,40,71.6188216778034,-5.57339514833567,-14.2803804090401,0.0173383915333596,-15,-16236.7096455329,-0,1.77635683940025e-15,0,-500.004004350636,0,0
85.54,40,40,71.5073537511955,-5.57339734912348,-14.2800380763006,0.0168945592281308,-15,-16240.6025596508,-0,1.77635683940025e-15,0,-500.635266105,0,0
85.56,40,40,71.3958857902558,-5.57339858729323,-14.279704638461,0.0164489579499426,-15,-16244.4478174744,-0,1.77635683940025e-15,0,-501.264298500456,0,0
85.58,40,40,71.2844178138906,-5.57339889742191,-14.2793801275349,0.0160019233419512,-15,-16248.2454182873,-0,1.77635683940025e-15,0,-501.891101536508,0,0
85.6,40,40,71.1729498403169,-5.57339831384156,-14.2790645688803,0.0155537853060642,-15,-16251.995361391,-0,1.77635683940025e-15,1,-502.51567521303,0,0
85.62,40,40,71.0614818870677,-5.57339687062243,-14.2787579813153,0.0151048678892754,-15,-16255.6976461053,-0,1.77635683940025e-15,0,-503.138019530256,0,0
85.64,40,40,70.9500139709974,-5.57339460155681,-14.2784603772367,0.0146554891764152,-15,-16259.3522717682,-0,1.77635683940025e-15,0,-503.758134488761,0,0
85.66,40,40,70.8385461082876,-5.57339154014327,-14.27817176274,0.0142059611892612,-15,-16262.9592377363,-0,1.77635683940025e-15,0,-504.376020089452,0,0
85.68,40,40,70.7270783144526,-5.57338771957143,-14.2778921377417,0.0137565897919484,-15,-16266.5185433848,-0,3.5527136788005e-15,0,-504.991676333552,0,0
85.7,40,40,70.6156106043465,-5.57338317270719,-14.2776214961034,0.0133076746026151,-15,-16270.0301881073,-0,3.5527136788005e-15,0,-505.605103222589,0,0
85.72,40,40,70.5041429921692,-5.57337793207856,-14.2773598257574,0.0128595089112191,-15,-16273.4941713161,-0,5.32907051820075e-15,0,-506.216300758379,0,0
85.74,40,40,70.3926754914737,-5.57337202986186,-14.2771071088342,0.012412379603455,-15,-16276.9104924425,-0,5.32907051820075e-15,0,-506.825268943019,0,0
85.76,40,40,70.2812081151731,-5.57336549786856,-14.2768633217911,0.0119665670907003,-15,-16280.2791509362,-0,5.32907051820075e-15,0,-507.432007778868,0,0
85.78,40,40,70.1697408755477,-5.57335836753252,-14.2766284355425,0.0115223452459157,-15,-16283.6001462658,-0,5.32907051820075e-15,0,-508.036517268538,0,0
85.8,40,40,70.0582737842535,-5.57335066989774,-14.2764024155912,0.011079981345422,-15,-16286.8734779186,-0,5.32907051820075e-15,1,-508.638797414879,0,0
85.82,40,40,69.9468068523293,-5.5733424356067,-14.2761852221611,0.0106397360164751,-15,-16290.0991454008,-0,3.5527136788005e-15,0,-509.23884822097,0,0
85.84,40,40,69.8353400902052,-5.57333369488905,-14.2759768103302,0.0102018631905542,-15,-16293.2771482372,-0,5.32907051820075e-15,0,-509.836669690105,0,0
85.86,40,40,69.723873507711,-5.57332447755096,-14.2757771301651,0.00976661006228194,-15,-16296.4074859712,-0,5.32907051820075e-15,0,-510.432261825777,0,0
85.88,40,40,69.6124071140846,-5.57331481296479,-14.2755861268564,0.00933421705388723,-15,-16299.490158165,-0,5.32907051820075e-15,0,-511.025624631672,0,0
85.9,40,40,69.5009409179809,-5.57330473005941,-14.2754037408542,0.0089049177851229,-15,-16302.5251643994,-0,3.5527136788005e-15,0,-511.616758111657,0,0
85.92,40,40,69.3894749274809,-5.57329425731089,-14.2752299080044,0.00847893904854784,-15,-16305.5125042734,-0,3.5527136788005e-15,0,-512.205662269763,0,0
85.94,40,40,69.2780091501004,-5.57328342273375,-14.2750645596853,0.00805650079007997,-15,-16308.4521774049,-0,5.32907051820075e-15,0,-512.792337110177,0,0
85.96,40,40,69.1665435927998,-5.57327225387263,-14.2749076229452,0.00763781609472675,-15,-16311.3441834297,-0,3.5527136788005e-15,0,-513.376782637234,0,0
85.98,40,40,69.0550782619934,-5.57326077779446,-14.2747590206392,0.00722309117739584,-15,-16314.1885220019,-0,5.32907051820075e-15,0,-513.9589988554,0,0
86,40,40,68.9436131635587,-5.57324902108116,-14.2746186715668,0.00681252537868975,-15,-16316.985192794,-0,5.32907051820075e-15,1,-514.538985769263,0,0
86.02,40,40,68.8321483028468,-5.57323700982268,-14.2744864906096,0.00640631116558419,-15,-16319.734195496,-0,5.32907051820075e-15,0,-515.116743383527,0,0
86.04,40,40,68.7206836846919,-5.57322476961064,-14.2743623888685,0.00600463413688982,-15,-16322.4355298161,-0,5.32907051820075e-15,0,-515.692271702995,0,0
86.06,40,40,68.6092193134212,-5.57321232553232,-14.2742462738008,0.00560767303339597,-15,-16325.08919548,-0,3.5527136788005e-15,0,-516.265570732561,0,0
86.08,40,40,68.4977551928656,-5.57319970216518,-14.2741380493579,0.00521559975259322,-15,-16327.695192231,-0,3.5527136788005e-15,0,-516.836640477203,0,0
86.1,40,40,68.3862913263692,-5.57318692357179,-14.274037616121,0.00482857936787086,-15,-16330.2535198297,-0,3.5527136788005e-15,0,-517.40548094197,0,0
86.12,40,40,68.2748277168003,-5.57317401329521,-14.2739448714382,0.00444677015208426,-15,-16332.7641780539,-0,3.5527136788005e-15,0,-517.972092131971,0,0
86.14,40,40,68.1633643665615,-5.57316099435481,-14.27385970956,0.00407032360538541,-15,-16335.2271666984,-0,3.5527136788005e-15,0,-518.536474052371,0,0
86.16,40,40,68.0519012776003,-5.57314788924252,-14.2737820217741,0.00369938448721173,-15,-16337.6424855749,-0,1.77635683940025e-15,0,-519.098626708376,0,0
86.18,40,40,67.9404384514196,-5.57313471991949,-14.2737116965403,0.00333409085232393,-15,-16340.0101345116,-0,1.77635683940025e-15,0,-519.658550105227,0,0
86.2,40,40,67.8289758890884,-5.57312150781321,-14.2736486196238,0.00297457409078578,-15,-16342.3301133531,-0,1.77635683940025e-15,1,-520.216244248192,0,0
86.22,40,40,67.7175135912527,-5.57310827381502,-14.2735926742287,0.00262095897177697,-15,-16344.6024219601,-0,1.77635683940025e-15,0,-520.771709142554,0,0
86.24,40,40,67.6060515581458,-5.573095038278,-14.2735437411291,0.00227336369113048,-15,-16346.8270602096,-0,1.77635683940025e-15,0,-521.324944793607,0,0
86.26,40,40,67.4945897895994,-5.5730818210153,-14.2735016988007,0.00193189992248418,-15,-16349.0040279939,-0,0,0,-521.875951206644,0,0
86.28,40,40,67.3831282850546,-5.57306864129885,-14.2734664235505,0.00159667287193782,-15,-16351.1333252211,-0,0,0,-522.424728386951,0,0
86.3,40,40,67.271667043572,-5.57305551785842,-14.2734377896455,0.00126778133610561,-15,-16353.2149518145,-0,0,0,-522.9712763398,0,0
86.32,40,40,67.1602060638435,-5.57304246888117,-14.2734156694404,0.000945317763453237,-15,-16355.2489077123,-0,0,0,-523.515595070439,0,0
86.34,40,40,67.0487453442024,-5.57302951201141,-14.273399933504,0.000629368318811174,-15,-16357.2351928675,-0,0,0,-524.057684584088,0,0
86.36,40,40,66.9372848826347,-5.57301666435085,-14.2733904507437,0.00032001295095249,-15,-16359.1738072478,-0,0,0,-524.597544885928,0,0
86.38,40,40,66.8258246767896,-5.57300394245918,-14.27338708853,1.73254631268417e-05,-15,-16361.0647508348,-0,0,0,-525.135175981098,0,0
86.4,40,40,66.7143647239908,-5.57299136235494,-14.2733897128178,-0.000278626413560379,-15,-16362.9080236243,-0,1.77635683940025e-15,1,-525.670577874687,0,0
86.42,40,40,66.6029050212467,-5.57297893951682,-14.2733981882676,-0.000567780944031774,-15,-16364.7036256257,-0,0,0,-526.203750571725,0,0
86.44,40,40,66.4914455652618,-5.57296668888524,-14.2734123783645,-0.000850082310494743,-15,-16366.4515568619,-0,0,0,-526.734694077182,0,0
86.46,40,40,66.3799863524469,-5.57295462486426,-14.2734321455358,-0.00112548053117952,-15,-16368.1518173689,-0,0,0,-527.263408395957,0,0
86.48,40,40,66.2685273789304,-5.57294276132383,-14.2734573512668,-0.00139393137666662,-15,-16369.8044071956,-0,0,0,-527.789893532875,0,0
86.5,40,40,66.1570686405682,-5.57293111160232,-14.2734878562148,-0.00165539628391092,-15,-16371.4093264033,-0,0,0,-528.314149492682,0,0
86.52,40,40,66.0456101329551,-5.57291968850941,-14.2735235203222,-0.00190984226807083,-15,-16372.9665750659,-0,0,0,-528.836176280037,0,0
86.54,40,40,65.9341518514348,-5.57290850432918,-14.2735642029264,-0.00215724183224717,-15,-16374.476153269,-0,-1.77635683940025e-15,0,-529.355973899508,0,0
86.56,40,40,65.8226937911105,-5.57289757082359,-14.2736097628691,-0.00239757287523873,-15,-16375.93806111,-0,-1.77635683940025e-15,0,-529.873542355569,0,0
86.58,40,40,65.7112359468554,-5.57288689923618,-14.273660058603,-0.00263081859741848,-15,-16377.3522986978,-0,-1.77635683940025e-15,0,-530.388881652593,0,0
86.6,40,40,65.5997783133231,-5.57287650029605,-14.2737149482973,-0.00285696740483555,-15,-16378.7188661522,-0,-1.77635683940025e-15,1,-530.901991794848,0,0
86.62,40,40,65.4883208849575,-5.57286638422208,-14.2737742899404,-0.00307601281164469,-15,-16380.037763604,-0,0,0,-531.412872786493,0,0
86.64,40,40,65.3768636560034,-5.57285656072748,-14.2738379414412,-0.00328795334096691,-15,-16381.3089911943,-0,0,0,-531.921524631576,0,0
86.66,40,40,65.2654066205162,-5.5728470390245,-14.2739057607284,-0.0034927924242815,-15,-16382.5325490746,-0,0,0,-532.427947334023,0,0
86.68,40,40,65.1539497723721,-5.57283782782942,-14.2739776058475,-0.0036905382994499,-15,-16383.7084374062,-0,0,0,-532.932140897645,0,0
86.7,40,40,65.0424931052779,-5.57282893536777,-14.274053335056,-0.00388120390747051,-15,-16384.8366563599,-0,0,0,-533.434105326125,0,0
86.72,40,40,64.9310366127806,-5.57282036937976,-14.2741328069164,-0.00406480678806212,-15,-16385.9172061158,-0,0,0,-533.93384062302,0,0
86.74,40,40,64.8195802882775,-5.57281213712594,-14.2742158803871,-0.00424136897417339,-15,-16386.9500868631,-0,-1.77635683940025e-15,0,-534.431346791757,0,0
86.76,40,40,64.7081241250252,-5.57280424539303,-14.2743024149111,-0.00441091688551295,-15,-16387.9352987996,-0,-1.77635683940025e-15,0,-534.926623835627,0,0
86.78,40,40,64.5966681161493,-5.5727967005,-14.274392270503,-0.00457348122119479,-15,-16388.8728421315,-0,-1.77635683940025e-15,0,-535.419671757787,0,0
86.8,40,40,64.4852122546536,-5.57278950830428,-14.274485307833,-0.00472909685159179,-15,-16389.7627170729,-0,-1.77635683940025e-15,1,-535.910490561255,0,0
86.82,40,40,64.3737565334295,-5.57278267420822,-14.2745813883097,-0.00487780270948944,-15,-16390.6049238458,-0,-3.5527136788005e-15,0,-536.399080248908,0,0
86.84,40,40,64.2623009452647,-5.57277620316565,-14.2746803741599,-0.00501964168062898,-15,-16391.3994626796,-0,-1.77635683940025e-15,0,-536.885440823479,0,0
86.86,40,40,64.1508454828522,-5.57277009968866,-14.2747821285071,-0.00515466049372931,-15,-16392.1463338108,-0,-1.77635683940025e-15,0,-537.369572287557,0,0
86.88,40,40,64.0393901387993,-5.5727643678545,-14.2748865154463,-0.00528290961007499,-15,-16392.8455374829,-0,0,0,-537.851474643583,0,0
86.9,40,40,63.9279349056359,-5.57275901131266,-14.2749934001187,-0.005404443112756,-15,-16393.4970739457,-0,0,0,-538.331147893848,0,0
86.92,40,40,63.8164797758231,-5.57275403329207,-14.2751026487821,-0.00551931859564367,-15,-16394.1009434554,-0,0,0,-538.808592040497,0,0
86.94,40,40,63.7050247417617,-5.57274943660847,-14.2752141288805,-0.00562759705218493,-15,-16394.6571462741,-0,-1.77635683940025e-15,0,-539.28380708552,0,0
86.96,40,40,63.5935697958002,-5.57274522367182,-14.2753277091108,-0.00572934276409754,-15,-16395.1656826696,-0,-1.77635683940025e-15,0,-539.756793030755,0,0
86.98,40,40,63.4821149302429,-5.57274139649392,-14.2754432594874,-0.00582462319004439,-15,-16395.6265529149,-0,-1.77635683940025e-15,0,-540.227549877888,0,0
87,40,40,63.3706601373577,-5.57273795669613,-14.275560651405,-0.00591350885436509,-15,-16396.0397572882,-0,-1.77635683940025e-15,1,-540.696077628449,0,0
87.02,40,40,63.259205409384,-5.57273490551712,-14.2756797576981,-0.00599607323594244,-15,-16396.4052960724,-0,-1.77635683940025e-15,0,-541.162376283815,0,0
87.04,40,40,63.1477507385403,-5.5727322438208,-14.2758004526998,-0.00607239265727707,-15,-16396.723169555,-0,-1.77635683940025e-15,0,-541.626445845205,0,0
87.06,40,40,63.0362961170311,-5.57272997210427,-14.2759226122969,-0.00614254617384368,-15,-16396.9933780275,-0,-1.77635683940025e-15,0,-542.088286313685,0,0
87.08,40,40,62.9248415370551,-5.57272809050594,-14.2760461139838,-0.00620661546380059,-15,-16397.2159217854,-0,-1.77635683940025e-15,0,-542.547897690163,0,0
87.1,40,40,62.8133869908113,-5.57272659881361,-14.2761708369138,-0.00626468471812198,-15,-16397.390801128,-0,-3.5527136788005e-15,0,-543.005279975392,0,0
87.12,40,40,62.7019324705067,-5.57272549647271,-14.2762966619483,-0.00631684053122043,-15,-16397.5180163578,-0,-1.77635683940025e-15,0,-543.460433169969,0,0
87.14,40,40,62.5904779683625,-5.57272478259458,-14.2764234717035,-0.00636317179212654,-15,-16397.5975677803,-0,-1.77635683940025e-15,0,-543.913357274334,0,0
87.16,40,40,62.4790234766211,-5.57272445596473,-14.2765511505956,-0.00640376957628971,-15,-16397.6294557041,-0,-3.5527136788005e-15,0,-544.364052288773,0,0
87.18,40,40,62.3675689875523,-5.57272451505127,-14.2766795848833,-0.00643872703806251,-15,-16397.6136804401,-0,-1.77635683940025e-15,0,-544.812518213416,0,0
87.2,40,40,62.2561144934597,-5.57272495801329,-14.2768086627081,-0.00646813930393017,-15,-16397.5502423016,-0,-1.77635683940025e-15,1,-545.258755048241,0,0
87.22,40,40,62.1446599866867,-5.57272578270929,-14.2769382741331,-0.00649210336654382,-15,-16397.439141604,-0,-1.77635683940025e-15,0,-545.70276279307,0,0
87.24,40,40,62.0332054596225,-5.57272698670566,-14.2770683111788,-0.00651071797961552,-15,-16397.2803786643,-0,-1.77635683940025e-15,0,-546.144541447573,0,0
87.26,40,40,61.9217509047077,-5.57272856728516,-14.2771986678578,-0.00652408355372946,-15,-16397.0739538012,-0,-1.77635683940025e-15,0,-546.584091011269,0,0
87.28,40,40,61.8102963144403,-5.57273052145544,-14.2773292402063,-0.00653230205312504,-15,-16396.8198673348,-0,-1.77635683940025e-15,0,-547.021411483526,0,0
87.3,40,40,61.6988416813805,-5.5727328459575,-14.2774599263147,-0.00653547689350173,-15,-16396.5181195858,-0,-1.77635683940025e-15,0,-547.456502863562,0,0
87.32,40,40,61.5873869981564,-5.57273553727426,-14.2775906263554,-0.00653371284089801,-15,-16396.1687108762,-0,-1.77635683940025e-15,0,-547.889365150447,0,0
87.34,40,40,61.4759322574691,-5.57273859163904,-14.2777212426085,-0.0065271159116915,-15,-16395.7716415282,-0,0,0,-548.319998343105,0,0
87.36,40,40,61.3644774520971,-5.57274200504403,-14.2778516794865,-0.0065157932737676,-15,-16395.3269118646,-0,-1.77635683940025e-15,0,-548.748402440314,0,0
87.38,40,40,61.2530225749019,-5.57274577324885,-14.2779818435557,-0.00649985314890146,-15,-16394.8345222082,-0,0,0,-549.17457744071,0,0
87.4,40,40,61.1415676188315,-5.57274989178893,-14.2781116435566,-0.00647940471639679,-15,-16394.2944728816,-0,-1.77635683940025e-15,1,-549.598523342784,0,0
87.42,40,40,61.0301125769258,-5.57275435598398,-14.2782409904221,-0.00645455801802251,-15,-16393.7067642073,-0,-1.77635683940025e-15,0,-550.020240144891,0,0
87.44,40,40,60.9186574423202,-5.57275916094643,-14.2783697972938,-0.0064254238642868,-15,-16393.0713965072,-0,-1.77635683940025e-15,0,-550.439727845243,0,0
87.46,40,40,60.80720220825,-5.57276430158975,-14.2784979795365,-0.00639211374208741,-15,-16392.3883701023,-0,-1.77635683940025e-15,0,-550.85698644192,0,0
87.48,40,40,60.6957468680539,-5.57276977263678,-14.2786254547506,-0.00635473972377364,-15,-16391.6576853128,-0,-1.77635683940025e-15,0,-551.272015932866,0,0
87.5,40,40,60.5842914151781,-5.57277556862805,-14.278752142783,-0.00631341437765442,-15,-16390.8793424577,-0,-1.77635683940025e-15,0,-551.684816315891,0,0
87.52,40,40,60.4728358431799,-5.57278168392999,-14.2788779657365,-0.00626825067998577,-15,-16390.0533418548,-0,-1.77635683940025e-15,0,-552.095387588679,0,0
87.54,40,40,60.3613801457307,-5.57278811274311,-14.2790028479764,-0.00621936192846864,-15,-16389.1796838202,-0,-1.77635683940025e-15,0,-552.503729748782,0,0
87.56,40,40,60.2499243166197,-5.57279484911009,-14.2791267161367,-0.00616686165728564,-15,-16388.2583686683,-0,-3.5527136788005e-15,0,-552.90984279363,0,0
87.58,40,40,60.1384683497566,-5.57280188692388,-14.2792494991237,-0.00611086355370628,-15,-16387.2893967118,-0,-3.5527136788005e-15,0,-553.313726720528,0,0
87.6,40,40,60.0270122391747,-5.57280921993566,-14.2793711281183,-0.00605148137628447,-15,-16386.2727682612,-0,-3.5527136788005e-15,1,-553.715381526662,0,0
87.62,40,40,59.9155559790337,-5.57281684176272,-14.2794915365767,-0.00598882887467453,-15,-16385.2084836248,-0,-3.5527136788005e-15,0,-554.114807209098,0,0
87.64,40,40,59.8040995636221,-5.57282474589637,-14.279610660229,-0.00592301971108738,-15,-16384.0965431085,-0,-3.5527136788005e-15,0,-554.512003764788,0,0
87.66,40,40,59.6926429873599,-5.57283292570963,-14.2797284370774,-0.00585416738340864,-15,-16382.9369470157,-0,-1.77635683940025e-15,0,-554.906971190571,0,0
87.68,40,40,59.5811862448007,-5.57284137446491,-14.2798448073918,-0.0057823851499982,-15,-16381.729695647,-0,0,0,-555.299709483174,0,0
87.7,40,40,59.4697293306339,-5.57285008532164,-14.2799597137039,-0.00570778595618883,-15,-16380.4747893003,-0,0,0,-555.690218639219,0,0
87.72,40,40,59.3582722396867,-5.57285905134369,-14.2800731008009,-0.00563048236250113,-15,-16379.1722282703,-0,0,0,-556.078498655221,0,0
87.74,40,40,59.2468149669258,-5.57286826550684,-14.2801849157167,-0.005550586474589,-15,-16377.8220128488,-0,1.77635683940025e-15,0,-556.464549527594,0,0
87.76,40,40,59.1353575074595,-5.57287772070604,-14.2802951077221,-0.00546820987492889,-15,-16376.4241433241,-0,0,0,-556.848371252653,0,0
87.78,40,40,59.0238998565385,-5.57288740976262,-14.2804036283139,-0.00538346355626601,-15,-16374.9786199814,-0,1.77635683940025e-15,0,-557.229963826616,0,0
87.8,40,40,58.9124420095582,-5.57289732543139,-14.2805104312022,-0.00529645785682651,-15,-16373.485443102,-0,1.77635683940025e-15,1,-557.609327245607,0,0
87.82,40,40,58.8009839620592,-5.57290746040765,-14.2806154722969,-0.0052073023973056,-15,-16371.9446129639,-0,1.77635683940025e-15,0,-557.986461505661,0,0
87.84,40,40,58.6895257097288,-5.57291780733403,-14.2807187096925,-0.00511610601963863,-15,-16370.3561298411,-0,3.5527136788005e-15,0,-558.361366602724,0,0
87.86,40,40,58.5780672484021,-5.57292835880731,-14.2808201036521,-0.00502297672756194,-15,-16368.7199940039,-0,1.77635683940025e-15,0,-558.734042532657,0,0
87.88,40,40,58.4666085740625,-5.57293910738506,-14.28091961659,-0.00492802162896763,-15,-16367.0362057185,-0,1.77635683940025e-15,0,-559.10448929124,0,0
87.9,40,40,58.3551496828425,-5.57295004559218,-14.2810172130534,-0.0048313468800564,-15,-16365.3047652473,-0,1.77635683940025e-15,0,-559.472706874174,0,0
87.92,40,40,58.2436905710246,-5.57296116592734,-14.2811128597025,-0.00473305763129004,-15,-16363.5256728481,-0,1.77635683940025e-15,0,-559.838695277083,0,0
87.94,40,40,58.1322312350414,-5.57297246086927,-14.2812065252899,-0.00463325797514504,-15,-16361.6989287749,-0,1.77635683940025e-15,0,-560.20245449552,0,0
87.96,40,40,58.020771671476,-5.57298392288297,-14.2812981806393,-0.00453205089566595,-15,-16359.824533277,-0,1.77635683940025e-15,0,-560.563984524967,0,0
87.98,40,40,57.9093118770625,-5.57299554442575,-14.2813877986224,-0.00442953821981821,-15,-16357.9024865995,-0,1.77635683940025e-15,0,-560.92328536084,0,0
88,40,40,57.7978518486858,-5.57300731795318,-14.2814753541356,-0.00432582057063616,-15,-16355.932788983,-0,1.77635683940025e-15,1,-561.28035699849,0,0
88.02,40,40,57.6863915833814,-5.57301923592489,-14.2815608240753,-0.00422099732216337,-15,-16353.9154406634,-0,1.77635683940025e-15,0,-561.635199433208,0,0
88.04,40,40,57.574931078336,-5.57303129081026,-14.2816441873124,-0.00411516655617909,-15,-16351.850441872,-0,1.77635683940025e-15,0,-561.987812660227,0,0
88.06,40,40,57.4634703308864,-5.57304347509398,-14.2817254246665,-0.00400842502070509,-15,-16349.7377928356,-0,1.77635683940025e-15,0,-562.338196674725,0,0
88.08,40,40,57.3520093385196,-5.57305578128147,-14.2818045188781,-0.00390086809028542,-15,-16347.577493776,-0,1.77635683940025e-15,0,-562.68635147183,0,0
88.1,40,40,57.2405480988722,-5.57306820190417,-14.2818814545813,-0.0037925897280297,-15,-16345.3695449102,-0,1.77635683940025e-15,0,-563.032277046617,0,0
88.12,40,40,57.1290866097301,-5.5730807295247,-14.2819562182752,-0.00368368244941173,-15,-16343.1139464507,-0,1.77635683940025e-15,0,-563.375973394121,0,0
88.14,40,40,57.0176248690273,-5.5730933567419,-14.2820287982943,-0.00357423728781137,-15,-16340.8106986046,-0,1.77635683940025e-15,0,-563.71744050933,0,0
88.16,40,40,56.9061628748455,-5.57310607619569,-14.2820991847785,-0.003464343761789,-15,-16338.4598015744,-0,1.77635683940025e-15,0,-564.056678387192,0,0
88.18,40,40,56.7947006254133,-5.57311888057188,-14.282167369643,-0.00335408984407968,-15,-16336.0612555576,-0,0,0,-564.393687022622,0,0
88.2,40,40,56.683238119105,-5.57313176260676,-14.2822333465465,-0.00324356193229339,-15,-16333.6150607465,-0,0,1,-564.728466410496,0,0
88.22,40,40,56.5717753544394,-5.5731447150916,-14.2822971108598,-0.0031328448213069,-15,-16331.1212173286,-0,0,0,-565.061016545663,0,0
88.24,40,40,56.4603123300793,-5.57315773087698,-14.2823586596334,-0.0030220216773318,-15,-16328.5797254861,-0,0,0,-565.391337422942,0,0
88.26,40,40,56.3488490448296,-5.57317080287707,-14.2824179915644,-0.0029111740136435,-15,-16325.9905853963,-0,0,0,-565.719429037127,0,0
88.28,40,40,56.2373854976363,-5.57318392407364,-14.2824751069637,-0.0028003816679522,-15,-16323.3537972315,-0,0,0,-566.045291382989,0,0
88.3,40,40,56.1259216875851,-5.57319708752005,-14.2825300077218,-0.00268972278140015,-15,-16320.6693611586,-0,-1.77635683940025e-15,0,-566.36892445528,0,0
88.32,40,40,56.0144576138997,-5.57321028634507,-14.2825826972751,-0.00257927377916549,-15,-16317.9372773396,-0,-3.5527136788005e-15,0,-566.690328248735,0,0
88.34,40,40,55.9029932759407,-5.5732235137565,-14.2826331805711,-0.00246910935265295,-15,-16315.1575459313,-0,-3.5527136788005e-15,0,-567.009502758074,0,0
88.36,40,40,55.7915286732037,-5.57323676304478,-14.2826814640336,-0.00235930244325281,-15,-16312.3301670854,-0,-3.5527136788005e-15,0,-567.326447978007,0,0
88.38,40,40,55.6800638053173,-5.57325002758634,-14.2827275555278,-0.00224992422764623,-15,-16309.4551409486,-0,-5.32907051820075e-15,0,-567.641163903235,0,0
88.4,40,40,55.5685986720421,-5.57326330084691,-14.2827714643243,-0.00214104410463549,-15,-16306.5324676622,-0,-5.32907051820075e-15,1,-567.953650528451,0,0
88.42,40,40,55.4571332732683,-5.57327657638462,-14.2828132010643,-0.00203272968347843,-15,-16303.5621473627,-0,-5.32907051820075e-15,0,-568.263907848346,0,0
88.44,40,40,55.3456676090139,-5.57328984785305,-14.2828527777228,-0.00192504677370337,-15,-16300.5441801814,-0,-5.32907051820075e-15,0,-568.571935857611,0,0
88.46,40,40,55.234201679423,-5.57330310900404,-14.282890207573,-0.0018180593763811,-15,-16297.4785662444,-0,-5.32907051820075e-15,0,-568.877734550938,0,0
88.48,40,40,55.1227354847636,-5.57331635369051,-14.2829255051501,-0.00171182967683187,-15,-16294.365305673,-0,-7.105427357601e-15,0,-569.181303923021,0,0
88.5,40,40,55.0112690254255,-5.57332957586897,-14.2829586862148,-0.00160641803874088,-15,-16291.2043985832,-0,-5.32907051820075e-15,0,-569.482643968564,0,0
88.52,40,40,54.8998023019185,-5.57334276960209,-14.2829897677167,-0.00150188299966014,-15,-16287.9958450862,-0,-5.32907051820075e-15,0,-569.781754682277,0,0
88.54,40,40,54.78833531487,-5.57335592906099,-14.2830187677579,-0.00139828126786913,-15,-16284.7396452881,-0,-3.5527136788005e-15,0,-570.078636058883,0,0
88.56,40,40,54.6768680650228,-5.57336904852748,-14.2830457055563,-0.00129566772057043,-15,-16281.4357992901,-0,-3.5527136788005e-15,0,-570.37328809312,0,0
88.58,40,40,54.5654005532329,-5.57338212239617,-14.2830706014093,-0.00119409540339325,-15,-16278.0843071886,-0,-3.5527136788005e-15,0,-570.665710779738,0,0
88.6,40,40,54.4539327804676,-5.57339514517641,-14.2830934766565,-0.00109361553117911,-15,-16274.6851690749,-0,-5.32907051820075e-15,1,-570.955904113509,0,0
88.62,40,40,54.3424647478024,-5.57340811149414,-14.2831143536437,-0.000994277490022676,-15,-16271.2383850356,-0,-3.5527136788005e-15,0,-571.243868089224,0,0
88.64,40,40,54.2309964564193,-5.57342101609362,-14.2831332556863,-0.000896128840540714,-15,-16267.7439551525,-0,-3.5527136788005e-15,0,-571.529602701696,0,0
88.66,40,40,54.1195279076044,-5.57343385383905,-14.2831502070326,-0.000799215322342154,-15,-16264.2018795026,-0,-3.5527136788005e-15,0,-571.813107945765,0,0
88.68,40,40,54.0080591027449,-5.57344661971599,-14.2831652328273,-0.000703580859670665,-15,-16260.6121581582,-0,-1.77635683940025e-15,0,-572.094383816294,0,0
88.7,40,40,53.8965900433275,-5.57345930883277,-14.2831783590758,-0.000609267568193235,-15,-16256.9747911871,-0,-1.77635683940025e-15,0,-572.373430308177,0,0
88.72,40,40,53.7851207309352,-5.57347191642172,-14.2831896126076,-0.000516315762905435,-15,-16253.2897786521,-0,0,0,-572.65024741634,0,0
88.74,40,40,53.6736511672452,-5.57348443784028,-14.2831990210407,-0.000424763967125842,-15,-16249.5571206119,-0,1.77635683940025e-15,0,-572.924835135739,0,0
88.76,40,40,53.5621813540263,-5.57349686857205,-14.2832066127456,-0.000334648922550657,-15,-16245.7768171205,-0,1.77635683940025e-15,0,-573.197193461366,0,0
88.78,40,40,53.4507112931362,-5.57350920422763,-14.28321241681,-0.000246005600340063,-15,-16241.9488682274,-0,1.77635683940025e-15,0,-573.467322388249,0,0
88.8,40,40,53.3392409865195,-5.57352144054547,-14.2832164630035,-0.000158867213207599,-15,-16238.0732739778,-0,1.77635683940025e-15,1,-573.735221911453,0,0
88.82,40,40,53.2277704362043,-5.57353357339252,-14.2832187817422,-7.32652284836457e-05,-15,-16234.1500344126,-0,1.77635683940025e-15,0,-574.000892026085,0,0
88.84,40,40,53.1162996443003,-5.57354559876481,-14.2832194040545,1.07706178764711e-05,-15,-16230.1791495684,-0,1.77635683940025e-15,0,-574.264332727291,0,0
88.86,40,40,53.0048286129961,-5.5735575127879,-14.2832183615462,9.32123063676053e-05,-15,-16226.1606194776,-0,3.5527136788005e-15,0,-574.525544010261,0,0
88.88,40,40,52.8933573445562,-5.57356931171728,-14.2832156863664,0.000174033518123594,-15,-16222.0944441686,-0,3.5527136788005e-15,0,-574.78452587023,0,0
88.9,40,40,52.7818858413189,-5.5735809919386,-14.2832114111738,0.000253209618247992,-15,-16217.9806236654,-0,3.5527136788005e-15,0,-575.041278302478,0,0
88.92,40,40,52.6704141056933,-5.57359254996786,-14.2832055691031,0.000330717638316187,-15,-16213.8191579884,-0,3.5527136788005e-15,0,-575.295801302333,0,0
88.94,40,40,52.5589421401572,-5.57360398245143,-14.2831981937318,0.000406536258077794,-15,-16209.6100471538,-0,5.32907051820075e-15,0,-575.548094865173,0,0
88.96,40,40,52.4474699472538,-5.57361528616608,-14.2831893190476,0.000480645786388469,-15,-16205.3532911742,-0,3.5527136788005e-15,0,-575.798158986424,0,0
88.98,40,40,52.3359975295897,-5.57362645801883,-14.2831789794158,0.000553028141400375,-15,-16201.0488900582,-0,3.5527136788005e-15,0,-576.045993661565,0,0
89,40,40,52.224524889832,-5.5736374950467,-14.2831672095473,0.000623666830039821,-15,-16196.6968438109,-0,3.5527136788005e-15,1,-576.291598886127,0,0
89.02,40,40,52.1130520307056,-5.57364839441646,-14.2831540444674,0.000692546926801317,-15,-16192.2971524334,-0,5.32907051820075e-15,0,-576.534974655695,0,0
89.04,40,40,52.0015789549911,-5.57365915342422,-14.2831395194842,0.000759655051885949,-15,-16187.8498159237,-0,3.5527136788005e-15,0,-576.776120965911,0,0
89.06,40,40,51.8901056655216,-5.57366976949493,-14.2831236701583,0.000824979348714218,-15,-16183.3548342761,-0,1.77635683940025e-15,0,-577.01503781247,0,0
89.08,40,40,51.7786321651806,-5.57368024018184,-14.2831065322723,0.0008885094608399,-15,-16178.8122074814,-0,1.77635683940025e-15,0,-577.251725191126,0,0
89.1,40,40,51.6671584568991,-5.57369056316584,-14.2830881418011,0.000950236508294566,-15,-16174.2219355273,-0,1.77635683940025e-15,0,-577.486183097691,0,0
89.12,40,40,51.5556845436533,-5.57370073625479,-14.2830685348827,0.00101015306339041,-15,-16169.5840183982,-0,0,0,-577.718411528036,0,0
89.14,40,40,51.4442104284621,-5.57371075738263,-14.2830477477893,0.00106825312600905,-15,-16164.8984560751,-0,1.77635683940025e-15,0,-577.948410478091,0,0
89.16,40,40,51.3327361143841,-5.57372062460861,-14.2830258168991,0.00112453209840419,-15,-16160.1652485363,-0,1.77635683940025e-15,0,-578.176179943848,0,0
89.18,40,40,51.2212616045159,-5.57373033611627,-14.2830027786682,0.00117898675954589,-15,-16155.3843957568,-0,1.77635683940025e-15,0,-578.401719921361,0,0
89.2,40,40,51.109786901989,-5.57373989021244,-14.282978669604,0.001231615239033,-15,-16150.5558977088,-0,3.5527136788005e-15,1,-578.625030406744,0,0
89.22,40,40,50.9983120099674,-5.5737492853262,-14.2829535262376,0.00128241699060147,-15,-16145.6797543616,-0,1.77635683940025e-15,0,-578.846111396177,0,0
89.24,40,40,50.8868369316455,-5.57375852000768,-14.2829273850982,0.00133139276525422,-15,-16140.7559656819,-0,1.77635683940025e-15,0,-579.064962885901,0,0
89.26,40,40,50.7753616702455,-5.57376759292685,-14.2829002826874,0.00137854458404049,-15,-16135.7845316334,-0,1.77635683940025e-15,0,-579.281584872223,0,0
89.28,40,40,50.663886229015,-5.57377650287229,-14.2828722554535,0.00142387571050895,-15,-16130.7654521776,-0,1.77635683940025e-15,0,-579.495977351512,0,0
89.3,40,40,50.5524106112245,-5.57378524874979,-14.2828433397677,0.00146739062286189,-15,-16125.6987272732,-0,0,0,-579.708140320206,0,0
89.32,40,40,50.4409348201654,-5.57379382958104,-14.2828135718996,0.00150909498583485,-15,-16120.5843568765,-0,0,0,-579.918073774806,0,0
89.34,40,40,50.3294588591474,-5.57380224450209,-14.2827829879938,0.00154899562232803,-15,-16115.4223409416,-0,0,0,-580.12577771188,0,0
89.36,40,40,50.2179827314964,-5.57381049276192,-14.2827516240471,0.00158710048481316,-15,-16110.2126794202,-0,-1.77635683940025e-15,0,-580.331252128061,0,0
89.38,40,40,50.1065064405523,-5.57381857372088,-14.2827195158864,0.0016234186265409,-15,-16104.9553722618,-0,0,0,-580.534497020051,0,0
89.4,40,40,49.9950299896665,-5.57382648684907,-14.2826866991466,0.00165796017257272,-15,-16099.650419414,-0,-1.77635683940025e-15,1,-580.735512384617,0,0
89.42,40,40,49.8835533822001,-5.57383423172469,-14.2826532092496,0.00169073629066081,-15,-16094.297820822,-0,-1.77635683940025e-15,0,-580.934298218593,0,0
89.44,40,40,49.7720766215214,-5.57384180803239,-14.2826190813839,0.00172175916199986,-15,-16088.8975764295,-0,-1.77635683940025e-15,0,-581.130854518883,0,0
89.46,40,40,49.6605997110041,-5.5738492155615,-14.2825843504842,0.00175104195187331,-15,-16083.4496861781,-0,-1.77635683940025e-15,0,-581.325181282455,0,0
89.48,40,40,49.5491226540249,-5.57385645420427,-14.2825490512127,0.00177859878021656,-15,-16077.9541500075,-0,-1.77635683940025e-15,0,-581.517278506347,0,0
89.5,40,40,49.4376454539619,-5.57386352395408,-14.2825132179396,0.00180444469211923,-15,-16072.4109678559,-0,-1.77635683940025e-15,0,-581.707146187662,0,0
89.52,40,40,49.3261681141921,-5.57387042490357,-14.2824768847254,0.00182859562828911,-15,-16066.8201396598,-0,-1.77635683940025e-15,0,-581.894784323574,0,0
89.54,40,40,49.2146906380899,-5.57387715724276,-14.2824400853028,0.00185106839549764,-15,-16061.1816653543,-0,-1.77635683940025e-15,0,-582.080192911321,0,0
89.56,40,40,49.1032130290246,-5.57388372125715,-14.2824028530602,0.00187188063702944,-15,-16055.4955448729,-0,-1.77635683940025e-15,0,-582.263371948211,0,0
89.58,40,40,48.9917352903593,-5.57389011732578,-14.2823652210249,0.00189105080315485,-15,-16049.7617781475,-0,-1.77635683940025e-15,0,-582.444321431618,0,0
89.6,40,40,48.8802574254482,-5.57389634591926,-14.2823272218475,0.00190859812164656,-15,-16043.9803651092,-0,0,1,-582.623041358984,0,0
89.62,40,40,48.7687794376353,-5.57390240759777,-14.2822888877863,0.00192454256835978,-15,-16038.1513056875,-0,-1.77635683940025e-15,0,-582.799531727817,0,0
89.64,40,40,48.6573013302527,-5.57390830300904,-14.282250250693,0.00193890483789473,-15,-16032.2745998108,-0,0,0,-582.973792535692,0,0
89.66,40,40,48.5458231066186,-5.57391403288631,-14.2822113419984,0.00195170631436044,-15,-16026.3502474065,-0,-1.77635683940025e-15,0,-583.145823780252,0,0
89.68,40,40,48.4343447700355,-5.57391959804628,-14.2821721926991,0.00196296904225817,-15,-16020.3782484009,-0,-1.77635683940025e-15,0,-583.315625459204,0,0
89.7,40,40,48.3228663237889,-5.57392499938701,-14.2821328333442,0.00197271569750195,-15,-16014.3586027194,-0,-1.77635683940025e-15,0,-583.483197570322,0,0
89.72,40,40,48.2113877711456,-5.57393023788586,-14.2820932940235,0.00198096955859397,-15,-16008.2913102867,-0,0,0,-583.648540111446,0,0
89.74,40,40,48.0999091153521,-5.57393531459734,-14.2820536043551,0.00198775447797136,-15,-16002.1763710264,-0,-1.77635683940025e-15,0,-583.81165308048,0,0
89.76,40,40,47.9884303596328,-5.57394023065099,-14.2820137934749,0.00199309485354124,-15,-15996.0137848617,-0,0,0,-583.972536475394,0,0
89.78,40,40,47.8769515071891,-5.57394498724929,-14.2819738900254,0.00199701560041917,-15,-15989.8035517148,-0,1.77635683940025e-15,0,-584.131190294221,0,0
89.8,40,40,47.7654725611974,-5.57394958566547,-14.281933922146,0.00199954212288742,-15,-15983.5456715078,-0,1.77635683940025e-15,1,-584.287614535058,0,0
89.82,40,40,47.6539935248081,-5.57395402724137,-14.2818939174632,0.00200070028658757,-15,-15977.2401441618,-0,1.77635683940025e-15,0,-584.441809196066,0,0
89.84,40,40,47.542514401144,-5.57395831338531,-14.2818539030818,0.00200051639096187,-15,-15970.8869695977,-0,3.5527136788005e-15,0,-584.593774275468,0,0
89.86,40,40,47.4310351932992,-5.57396244556988,-14.2818139055768,0.00199901714195786,-15,-15964.486147736,-0,1.77635683940025e-15,0,-584.743509771551,0,0
89.88,40,40,47.3195559043374,-5.57396642532983,-14.2817739509848,0.00199622962500943,-15,-15958.0376784969,-0,3.5527136788005e-15,0,-584.89101568266,0,0
89.9,40,40,47.2080765372915,-5.57397025425987,-14.2817340647975,0.00199218127830781,-15,-15951.5415618004,-0,3.5527136788005e-15,0,-585.036292007204,0,0
89.92,40,40,47.0965970951616,-5.5739739340125,-14.2816942719543,0.00198689986637497,-15,-15944.9977975661,-0,3.5527136788005e-15,0,-585.179338743651,0,0
89.94,40,40,46.9851175809142,-5.57397746629588,-14.2816545968363,0.00198041345395121,-15,-15938.4063857136,-0,3.5527136788005e-15,0,-585.320155890529,0,0
89.96,40,40,46.8736379974812,-5.57398085287166,-14.2816150632607,0.00197275038020983,-15,-15931.7673261625,-0,3.5527136788005e-15,0,-585.458743446426,0,0
89.98,40,40,46.7621583477586,-5.5739840955528,-14.2815756944751,0.00196393923330885,-15,-15925.0806188323,-0,3.5527136788005e-15,0,-585.595101409987,0,0
90,40,40,46.650678634606,-5.57398719620147,-14.2815365131532,0.00195400882529116,-15,-15918.3462636427,-0,3.5527136788005e-15,1,-585.729229779914,0,0
90.02,40,40,46.5391988608448,-5.57399015672685,-14.2814975413905,0.00194298816734375,-15,-15911.5642605131,-0,3.5527136788005e-15,0,-585.861128554967,0,0
90.04,40,40,46.427719029258,-5.57399297908307,-14.2814588007004,0.00193090644542508,-15,-15904.7346093636,-0,1.77635683940025e-15,0,-585.990797733962,0,0
90.06,40,40,46.3162391425893,-5.57399566526702,-14.2814203120109,0.00191779299627085,-15,-15897.8573101142,-0,1.77635683940025e-15,0,-586.11823731577,0,0
90.08,40,40,46.2047592035416,-5.57399821731629,-14.2813820956623,0.00190367728378641,-15,-15890.9323626852,-0,3.5527136788005e-15,0,-586.243447299316,0,0
90.1,40,40,46.093279214777,-5.57400063730707,-14.2813441714043,0.00188858887583479,-15,-15883.9597669971,-0,3.5527136788005e-15,0,-586.36642768358,0,0
90.12,40,40,45.9817991789157,-5.57400292735204,-14.2813065583943,0.00187255742142809,-15,-15876.9395229711,-0,1.77635683940025e-15,0,-586.487178467593,0,0
90.14,40,40,45.870319098535,-5.57400508959833,-14.2812692751964,0.00185561262833028,-15,-15869.8716305286,-0,1.77635683940025e-15,0,-586.60569965044,0,0
90.16,40,40,45.7588389761692,-5.57400712622546,-14.2812323397798,0.00183778424107818,-15,-15862.7560895913,-0,3.5527136788005e-15,0,-586.721991231255,0,0
90.18,40,40,45.6473588143087,-5.57400903944332,-14.281195769519,0.00181910201942721,-15,-15855.5929000818,-0,3.5527136788005e-15,0,-586.836053209224,0,0
90.2,40,40,45.5358786153993,-5.57401083149014,-14.2811595811929,0.00179959571722888,-15,-15848.382061923,-0,1.77635683940025e-15,1,-586.94788558358,0,0
90.22,40,40,45.4243983818418,-5.57401250463051,-14.2811237909859,0.00177929506174483,-15,-15841.1235750384,-0,1.77635683940025e-15,0,-587.057488353609,0,0
90.24,40,40,45.3129181159915,-5.5740140611534,-14.2810884144882,0.00175822973340453,-15,-15833.8174393521,-0,1.77635683940025e-15,0,-587.164861518639,0,0
90.26,40,40,45.2014378201577,-5.5740155033702,-14.281053466697,0.00173642934600951,-15,-15826.4636547892,-0,1.77635683940025e-15,0,-587.270005078048,0,0
90.28,40,40,45.0899574966032,-5.57401683361283,-14.2810189620179,0.00171392342739052,-15,-15819.0622212751,-0,3.5527136788005e-15,0,-587.37291903126,0,0
90.3,40,40,44.9784771475441,-5.57401805423179,-14.2809849142672,0.00169074140052126,-15,-15811.6131387362,-0,1.77635683940025e-15,0,-587.473603377743,0,0
90.32,40,40,44.866996775149,-5.5740191675943,-14.2809513366738,0.00166691256509167,-15,-15804.1164070996,-0,3.5527136788005e-15,0,-587.572058117007,0,0
90.34,40,40,44.7555163815395,-5.57402017608244,-14.2809182418822,0.00164246607954566,-15,-15796.5720262933,-0,3.5527136788005e-15,0,-587.668283248607,0,0
90.36,40,40,44.6440359687889,-5.57402108209135,-14.2808856419549,0.00161743094358519,-15,-15788.9799962462,-0,3.5527136788005e-15,0,-587.762278772141,0,0
90.38,40,40,44.532555538923,-5.57402188802737,-14.2808535483765,0.00159183598114328,-15,-15781.3403168879,-0,3.5527136788005e-15,0,-587.854044687245,0,0
90.4,40,40,44.4210750939189,-5.57402259630631,-14.2808219720568,0.00156570982382951,-15,-15773.6529881492,-0,3.5527136788005e-15,1,-587.943580993597,0,0
90.42,40,40,44.3095946357056,-5.5740232093517,-14.2807909233352,0.00153908089484782,-15,-15765.9180099617,-0,3.5527136788005e-15,0,-588.030887690913,0,0
90.44,40,40,44.1981141661635,-5.57402372959305,-14.2807604119847,0.00151197739339011,-15,-15758.1353822579,-0,1.77635683940025e-15,0,-588.115964778949,0,0
90.46,40,40,44.0866336871244,-5.57402415946417,-14.2807304472168,0.0014844272795051,-15,-15750.3051049716,-0,1.77635683940025e-15,0,-588.198812257497,0,0
90.48,40,40,43.9751532003712,-5.57402450140154,-14.2807010376861,0.00145645825944492,-15,-15742.4271780373,-0,1.77635683940025e-15,0,-588.279430126383,0,0
90.5,40,40,43.8636727076383,-5.57402475784264,-14.280672191496,0.00142809777148824,-15,-15734.5016013908,-0,1.77635683940025e-15,0,-588.357818385472,0,0
90.52,40,40,43.7521922106112,-5.57402493122438,-14.2806439162038,0.00139937297224079,-15,-15726.528374969,-0,0,0,-588.43397703466,0,0
90.54,40,40,43.6407117109268,-5.57402502398153,-14.2806162188266,0.0013703107234137,-15,-15718.5074987097,-0,0,0,-588.507906073879,0,0
90.56,40,40,43.5292312101732,-5.57402503854517,-14.2805891058474,0.0013409375790774,-15,-15710.4389725522,-0,-1.77635683940025e-15,0,-588.57960550309,0,0
90.58,40,40,43.4177507098901,-5.57402497734123,-14.280562583221,0.00131127977339226,-15,-15702.3227964365,-0,0,0,-588.649075322289,0,0
90.6,40,40,43.3062702115686,-5.57402484278898,-14.2805366563813,0.00128136320881269,-15,-15694.1589703042,-0,-1.77635683940025e-15,1,-588.716315531499,0,0
90.62,40,40,43.1947897166515,-5.57402463729962,-14.2805113302472,0.00125121344476515,-15,-15685.9474940978,-0,-1.77635683940025e-15,0,-588.781326130774,0,0
90.64,40,40,43.0833092265335,-5.57402436327488,-14.2804866092299,0.00122085568679632,-15,-15677.6883677612,-0,-1.77635683940025e-15,0,-588.844107120197,0,0
90.66,40,40,42.9718287425614,-5.57402402310562,-14.2804624972405,0.00119031477619142,-15,-15669.3815912393,-0,-3.5527136788005e-15,0,-588.904658499877,0,0
90.68,40,40,42.8603482660344,-5.57402361917057,-14.2804389976966,0.00115961518005843,-15,-15661.0271644786,-0,-1.77635683940025e-15,0,-588.962980269949,0,0
90.7,40,40,42.7488677982039,-5.57402315383495,-14.2804161135304,0.0011287809818769,-15,-15652.6250874264,-0,-1.77635683940025e-15,0,-589.019072430576,0,0
90.72,40,40,42.6373873402746,-5.57402262944925,-14.2803938471965,0.00109783587250724,-15,-15644.1753600316,-0,-3.5527136788005e-15,0,-589.072934981943,0,0
90.74,40,40,42.5259068934041,-5.57402204834802,-14.2803722006794,0.00106680314165883,-15,-15635.6779822442,-0,-1.77635683940025e-15,0,-589.124567924261,0,0
90.76,40,40,42.4144264587033,-5.57402141284862,-14.2803511755022,0.00103570566981189,-15,-15627.1329540157,-0,-1.77635683940025e-15,0,-589.173971257761,0,0
90.78,40,40,42.3029460372374,-5.57402072525011,-14.2803307727343,0.00100456592059058,-15,-15618.5402752986,-0,0,0,-589.221144982697,0,0
90.8,40,40,42.1914656300255,-5.57401998783212,-14.2803109930001,0.000973405933582705,-15,-15609.8999460468,-0,-1.77635683940025e-15,1,-589.266089099345,0,0
90.82,40,40,42.0799852380412,-5.57401920285373,-14.2802918364875,0.000942247317602694,-15,-15601.2119662158,-0,-1.77635683940025e-15,0,-589.308803608,0,0
90.84,40,40,41.9685048622135,-5.57401837255246,-14.2802733029568,0.000911111244392284,-15,-15592.4763357619,-0,0,0,-589.349288508974,0,0
90.86,40,40,41.8570245034265,-5.57401749914322,-14.280255391749,0.000880018442755877,-15,-15583.6930546431,-0,0,0,-589.387543802602,0,0
90.88,40,40,41.7455441625205,-5.57401658481736,-14.2802381017952,0.000848989193123801,-15,-15574.8621228185,-0,-1.77635683940025e-15,0,-589.423569489231,0,0
90.9,40,40,41.6340638402921,-5.5740156317417,-14.2802214316252,0.000818043322540369,-15,-15565.9835402487,-0,-1.77635683940025e-15,0,-589.457365569227,0,0
90.92,40,40,41.5225835374949,-5.57401464205761,-14.280205379377,0.000787200200070738,-15,-15557.0573068955,-0,-1.77635683940025e-15,0,-589.488932042972,0,0
90.94,40,40,41.4111032548397,-5.57401361788016,-14.2801899428059,0.000756478732620788,-15,-15548.0834227221,-0,-1.77635683940025e-15,0,-589.518268910861,0,0
90.96,40,40,41.2996229929957,-5.57401256129728,-14.2801751192935,0.000725897361165154,-15,-15539.0618876929,-0,-1.77635683940025e-15,0,-589.545376173304,0,0
90.98,40,40,41.1881427525901,-5.57401147436892,-14.2801609058574,0.000695474057377196,-15,-15529.9927017737,-0,-1.77635683940025e-15,0,-589.570253830724,0,0
91,40,40,41.0766625342097,-5.57401035912632,-14.2801472991605,0.000665226320655626,-15,-15520.8758649317,-0,-1.77635683940025e-15,1,-589.592901883555,0,0
91.02,40,40,40.9651823384005,-5.57400921757124,-14.2801342955204,0.000635171175541195,-15,-15511.7113771353,-0,-1.77635683940025e-15,0,-589.613320332243,0,0
91.04,40,40,40.8537021656691,-5.5740080516753,-14.280121890919,0.000605325169516877,-15,-15502.4992383542,-0,-1.77635683940025e-15,0,-589.631509177245,0,0
91.06,40,40,40.7422220164828,-5.57400686337926,-14.280110081012,0.000575704371186871,-15,-15493.2394485594,-0,-1.77635683940025e-15,0,-589.647468419027,0,0
91.08,40,40,40.6307418912705,-5.57400565459243,-14.2800988611385,0.000546324368825697,-15,-15483.9320077234,-0,-3.5527136788005e-15,0,-589.661198058064,0,0
91.1,40,40,40.5192617904232,-5.57400442719204,-14.2800882263309,0.000517200269292801,-15,-15474.5769158197,-0,-3.5527136788005e-15,0,-589.67269809484,0,0
91.12,40,40,40.4077817142946,-5.57400318302271,-14.280078171324,0.00048834669730465,-15,-15465.1741728233,-0,-3.5527136788005e-15,0,-589.681968529846,0,0
91.14,40,40,40.296301663202,-5.57400192389587,-14.280068690565,0.000459777795058093,-15,-15455.7237787103,-0,-3.5527136788005e-15,0,-589.689009363579,0,0
91.16,40,40,40.1848216374266,-5.57400065158931,-14.280059778223,0.000431507222197836,-15,-15446.2257334583,-0,-3.5527136788005e-15,0,-589.693820596543,0,0
91.18,40,40,40.0733416372146,-5.57399936784667,-14.2800514281991,0.000403548156121263,-15,-15436.6800370459,-0,-3.5527136788005e-15,0,-589.696402229246,0,0
91.2,40,40,39.9618616627776,-5.57399807437704,-14.2800436341352,0.000375913292613044,-15,-15427.0866894532,-0,-3.5527136788005e-15,1,-589.696754262203,0,0
91.22,40,40,39.8503817142932,-5.57399677285454,-14.2800363894243,0.00034861484680303,-15,-15417.4456906613,-0,-3.5527136788005e-15,0,-589.69487669593,0,0
91.24,40,40,39.7389017919061,-5.57399546491794,-14.28002968722,0.000321664554439244,-15,-15407.7570406526,-0,-3.5527136788005e-15,0,-589.690769530949,0,0
91.26,40,40,39.6274218957285,-5.57399415217035,-14.2800235204458,0.000295073673469437,-15,-15398.020739411,-0,-3.5527136788005e-15,0,-589.684432767781,0,0
91.28,40,40,39.5159420258409,-5.57399283617887,-14.2800178818049,0.000268852985923537,-15,-15388.236786921,-0,-1.77635683940025e-15,0,-589.675866406953,0,0
91.3,40,40,39.4044621822928,-5.57399151847435,-14.2800127637894,0.000243012800088974,-15,-15378.405183169,-0,-1.77635683940025e-15,0,-589.665070448991,0,0
91.32,40,40,39.2929823651034,-5.57399020055112,-14.2800081586903,0.000217562952972431,-15,-15368.5259281419,-0,-1.77635683940025e-15,0,-589.652044894421,0,0
91.34,40,40,39.1815025742624,-5.5739888838668,-14.2800040586063,0.000192512813039469,-15,-15358.5990218283,-0,-1.77635683940025e-15,0,-589.636789743771,0,0
91.36,40,40,39.070022809731,-5.57398756984206,-14.2800004554535,0.000167871283225177,-15,-15348.6244642175,-0,-1.77635683940025e-15,0,-589.619304997567,0,0
91.38,40,40,38.9585430714418,-5.57398625986048,-14.2799973409744,0.000143646804207362,-15,-15338.6022553004,-0,-1.77635683940025e-15,0,-589.599590656335,0,0
91.4,40,40,38.8470633593006,-5.57398495526847,-14.2799947067475,0.000119847357935631,-15,-15328.5323950686,-0,-1.77635683940025e-15,1,-589.577646720599,0,0
91.42,40,40,38.7355836731864,-5.57398365737507,-14.2799925441961,9.64804714077714e-05,-15,-15318.4148835149,-0,-1.77635683940025e-15,0,-589.55347319088,0,0
91.44,40,40,38.6241040129524,-5.57398236745196,-14.2799908445975,7.35532206863006e-05,-15,-15308.2497206333,-0,-1.77635683940025e-15,0,-589.527070067699,0,0
91.46,40,40,38.5126243784269,-5.57398108673335,-14.2799895990919,5.10722351472864e-05,-15,-15298.0369064189,-0,-1.77635683940025e-15,0,-589.49843735157,0,0
91.48,40,40,38.4011447694137,-5.57397981641598,-14.2799887986915,2.90437019536265e-05,-15,-15287.7764408676,-0,-1.77635683940025e-15,0,-589.467575043006,0,0
91.5,40,40,38.2896651856932,-5.57397855765912,-14.2799884342889,7.4733707454768e-06,-15,-15277.4683239765,-0,-3.5527136788005e-15,0,-589.434483142515,0,0
91.52,40,40,38.1781856270228,-5.57397731158461,-14.2799884966663,-1.36334414606561e-05,-15,-15267.1125557436,-0,-1.77635683940025e-15,0,-589.399161650601,0,0
91.54,40,40,38.066706093138,-5.57397607927687,-14.2799889765036,-3.4271845171068e-05,-15,-15256.7091361681,-0,0,0,-589.361610567761,0,0
91.56,40,40,37.9552265837529,-5.57397486178303,-14.2799898643874,-5.44373731202729e-05,-15,-15246.25806525,-0,0,0,-589.321829894489,0,0
91.58,40,40,37.8437470985612,-5.57397366011298,-14.2799911508188,-7.41259747900377e-05,-15,-15235.7593429902,-0,0,0,-589.279819631273,0,0
91.6,40,40,37.7322676372364,-5.57397247523952,-14.2799928262224,-9.33340107506029e-05,-15,-15225.2129693907,-0,-1.77635683940025e-15,1,-589.235579778591,0,0
91.62,40,40,37.6207881994333,-5.57397130809851,-14.2799948809537,-0.000112058246830344,-15,-15214.6189444542,-0,0,0,-589.189110336919,0,0
91.64,40,40,37.5093087847882,-5.573970159589,-14.2799973053078,-0.000130295848122166,-15,-15203.9772681846,-0,-1.77635683940025e-15,0,-589.140411306723,0,0
91.66,40,40,37.3978293929198,-5.57396903057348,-14.2800000895269,-0.000148044372834747,-15,-15193.2879405863,-0,0,0,-589.089482688462,0,0
91.68,40,40,37.2863500234298,-5.57396792187801,-14.2800032238083,-0.000165301765994236,-15,-15182.5509616649,-0,-1.77635683940025e-15,0,-589.036324482589,0,0
91.7,40,40,37.1748706759039,-5.57396683429253,-14.280006698312,-0.000182066353006108,-15,-15171.7663314266,-0,-1.77635683940025e-15,0,-588.980936689546,0,0
91.72,40,40,37.0633913499123,-5.57396576857106,-14.2800105031682,-0.000198336833083123,-15,-15160.9340498784,-0,0,0,-588.923319309769,0,0
91.74,40,40,36.9519120450105,-5.57396472543197,-14.2800146284848,-0.000214112272546654,-15,-15150.0541170283,-0,-1.77635683940025e-15,0,-588.863472343683,0,0
91.76,40,40,36.8404327607399,-5.57396370555828,-14.2800190643548,-0.000229392098009568,-15,-15139.1265328848,-0,-1.77635683940025e-15,0,-588.801395791707,0,0
91.78,40,40,36.7289534966287,-5.57396270959799,-14.280023800863,-0.000244176089446732,-15,-15128.1512974574,-0,-1.77635683940025e-15,0,-588.737089654247,0,0
91.8,40,40,36.6174742521925,-5.57396173816434,-14.2800288280934,-0.000258464373161344,-15,-15117.1284107561,-0,-1.77635683940025e-15,1,-588.670553931703,0,0
91.82,40,40,36.5059950269348,-5.57396079183619,-14.2800341361361,-0.000272257414653365,-15,-15106.0578727917,-0,-1.77635683940025e-15,0,-588.601788624463,0,0
91.84,40,40,36.394515820348,-5.57395987115841,-14.2800397150935,-0.000285556011396968,-15,-15094.9396835758,-0,-1.77635683940025e-15,0,-588.530793732905,0,0
91.86,40,40,36.283036631914,-5.57395897664215,-14.2800455550876,-0.000298361285534825,-15,-15083.7738431204,-0,-1.77635683940025e-15,0,-588.457569257397,0,0
91.88,40,40,36.1715574611047,-5.57395810876536,-14.2800516462656,-0.000310674676494808,-15,-15072.5603514384,-0,0,0,-588.382115198299,0,0
91.9,40,40,36.0600783073828,-5.57395726797305,-14.2800579788069,-0.000322497933536765,-15,-15061.2992085431,-0,0,0,-588.304431555956,0,0
91.92,40,40,35.9485991702025,-5.57395645467784,-14.2800645429289,-0.000333833108235277,-15,-15049.9904144486,-0,-1.77635683940025e-15,0,-588.224518330704,0,0
91.94,40,40,35.8371200490098,-5.57395566926029,-14.2800713288928,-0.000344682546905654,-15,-15038.6339691694,-0,-1.77635683940025e-15,0,-588.14237552287,0,0
91.96,40,40,35.7256409432439,-5.57395491206938,-14.2800783270099,-0.000355048882979194,-15,-15027.2298727207,-0,-1.77635683940025e-15,0,-588.058003132768,0,0
91.98,40,40,35.6141618523367,-5.57395418342297,-14.2800855276467,-0.000364935029333781,-15,-15015.778125118,-0,-1.77635683940025e-15,0,-587.971401160699,0,0
92,40,40,35.5026827757147,-5.57395348360826,-14.2800929212309,-0.00037434417058679,-15,-15004.2787263776,-0,-1.77635683940025e-15,1,-587.882569606956,0,0
92.02,40,40,35.3912037127985,-5.57395281288225,-14.2801004982563,-0.000383279755356029,-15,-14992.731676516,-0,-1.77635683940025e-15,0,-587.791508471819,0,0
92.04,40,40,35.279724663004,-5.57395217147227,-14.2801082492886,-0.000391745488494483,-15,-14981.1369755505,-0,-3.5527136788005e-15,0,-587.698217755556,0,0
92.06,40,40,35.1682456257428,-5.57395155957642,-14.2801161649698,-0.000399745323305502,-15,-14969.4946234986,-0,-1.77635683940025e-15,0,-587.602697458423,0,0
92.08,40,40,35.056766600423,-5.57395097736413,-14.2801242360234,-0.000407283453743528,-15,-14957.8046203783,-0,-1.77635683940025e-15,0,-587.504947580665,0,0
92.1,40,40,34.9452875864494,-5.57395042497666,-14.2801324532593,-0.000414364306606684,-15,-14946.0669662079,-0,-1.77635683940025e-15,0,-587.404968122515,0,0
92.12,40,40,34.8338085832243,-5.57394990252759,-14.280140807578,-0.00042099253372637,-15,-14934.2816610063,-0,-1.77635683940025e-15,0,-587.302759084195,0,0
92.14,40,40,34.7223295901481,-5.57394941010342,-14.2801492899755,-0.000427173004159847,-15,-14922.4487047925,-0,-1.77635683940025e-15,0,-587.198320465912,0,0
92.16,40,40,34.6108506066196,-5.57394894776404,-14.2801578915469,-0.000432910796390673,-15,-14910.5680975862,-0,-1.77635683940025e-15,0,-587.091652267864,0,0
92.18,40,40,34.4993716320367,-5.57394851554334,-14.2801666034912,-0.00043821119054236,-15,-14898.639839407,-0,-1.77635683940025e-15,0,-586.982754490236,0,0
92.2,40,40,34.387892665797,-5.57394811344973,-14.2801754171149,-0.000443079660610959,-15,-14886.6639302751,-0,0,1,-586.871627133201,0,0
92.22,40,40,34.276413707298,-5.57394774146668,-14.2801843238358,-0.0004475218667211,-15,-14874.6403702108,-0,0,0,-586.75827019692,0,0
92.24,40,40,34.1649347559379,-5.57394739955334,-14.2801933151866,-0.00045154364741012,-15,-14862.5691592349,-0,1.77635683940025e-15,0,-586.642683681541,0,0
92.26,40,40,34.0534558111158,-5.57394708764506,-14.2802023828188,-0.000455151011945774,-15,-14850.4502973683,-0,1.77635683940025e-15,0,-586.524867587201,0,0
92.28,40,40,33.9419768722326,-5.57394680565399,-14.2802115185054,-0.00045835013268183,-15,-14838.283784632,-0,1.77635683940025e-15,0,-586.404821914025,0,0
92.3,40,40,33.8304979386909,-5.57394655346966,-14.2802207141446,-0.000461147337456015,-15,-14826.0696210474,-0,3.5527136788005e-15,0,-586.282546662126,0,0
92.32,40,40,33.719019009896,-5.57394633095955,-14.2802299617626,-0.000463549102035037,-15,-14813.8078066359,-0,3.5527136788005e-15,0,-586.158041831604,0,0
92.34,40,40,33.6075400852557,-5.57394613796967,-14.2802392535164,-0.000465562042610566,-15,-14801.4983414194,-0,3.5527136788005e-15,0,-586.031307422549,0,0
92.36,40,40,33.4960611641815,-5.57394597432516,-14.280248581697,-0.000467192908350701,-15,-14789.1412254196,-0,1.77635683940025e-15,0,-585.902343435038,0,0
92.38,40,40,33.3845822460884,-5.57394583983087,-14.2802579387314,-0.000468448574011048,-15,-14776.7364586585,-0,1.77635683940025e-15,0,-585.771149869136,0,0
92.4,40,40,33.2731033303954,-5.57394573427198,-14.2802673171852,-0.000469336032608866,-15,-14764.2840411581,-0,1.77635683940025e-15,1,-585.637726724898,0,0
92.42,40,40,33.1616244165262,-5.57394565741453,-14.2802767097653,-0.000469862388164705,-15,-14751.7839729407,-0,1.77635683940025e-15,0,-585.502074002364,0,0
92.44,40,40,33.0501455039091,-5.57394560900607,-14.2802861093214,-0.000470034848514472,-15,-14739.2362540286,-0,0,0,-585.364191701567,0,0
92.46,40,40,32.938666591978,-5.57394558877623,-14.2802955088485,-0.00046986071819617,-15,-14726.6408844439,-0,0,0,-585.224079822525,0,0
92.48,40,40,32.8271876801721,-5.57394559643733,-14.2803049014887,-0.000469347391414764,-15,-14713.9978642091,-0,0,0,-585.081738365247,0,0
92.5,40,40,32.7157087679366,-5.57394563168493,-14.2803142805327,-0.000468502345087513,-15,-14701.3071933467,-0,1.77635683940025e-15,0,-584.937167329729,0,0
92.52,40,40,32.604229854723,-5.57394569419847,-14.2803236394214,-0.000467333131974316,-15,-14688.568871879,-0,1.77635683940025e-15,0,-584.790366715958,0,0
92.54,40,40,32.4927509399892,-5.57394578364183,-14.2803329717476,-0.000465847373895004,-15,-14675.7828998284,-0,1.77635683940025e-15,0,-584.641336523908,0,0
92.56,40,40,32.3812720232001,-5.57394589966393,-14.2803422712573,-0.00046405275503731,-15,-14662.9492772173,-0,1.77635683940025e-15,0,-584.490076753544,0,0
92.58,40,40,32.2697931038278,-5.57394604189931,-14.2803515318503,-0.00046195701535747,-15,-14650.0680040681,-0,1.77635683940025e-15,0,-584.336587404819,0,0
92.6,40,40,32.1583141813519,-5.57394620996874,-14.2803607475823,-0.000459567944077238,-15,-14637.1390804032,-0,1.77635683940025e-15,1,-584.180868477676,0,0
92.62,40,40,32.0468352552595,-5.57394640347975,-14.2803699126647,-0.000456893373279186,-15,-14624.1625062447,-0,0,0,-584.022919972049,0,0
92.64,40,40,31.9353563250458,-5.57394662202725,-14.2803790214663,-0.000453941171602439,-15,-14611.1382816149,-0,0,0,-583.862741887859,0,0
92.66,40,40,31.8238773902142,-5.57394686519409,-14.2803880685134,-0.000450719238042118,-15,-14598.0664065359,-0,0,0,-583.70033422502,0,0
92.68,40,40,31.7123984502767,-5.57394713255164,-14.2803970484905,-0.00044723549585396,-15,-14584.9468810296,-0,0,0,-583.535696983434,0,0
92.7,40,40,31.6009195047538,-5.57394742366035,-14.2804059562408,-0.000443497886566243,-15,-14571.779705118,-0,0,0,-583.368830162994,0,0
92.72,40,40,31.489440553175,-5.5739477380703,-14.2804147867665,-0.000439514364101633,-15,-14558.5648788228,-0,0,0,-583.199733763583,0,0
92.74,40,40,31.3779615950787,-5.57394807532178,-14.280423535229,-0.000435292889009671,-15,-14545.3024021656,-0,0,0,-583.028407785077,0,0
92.76,40,40,31.2664826300129,-5.57394843494584,-14.2804321969488,-0.0004308414228133,-15,-14531.9922751679,-0,0,0,-582.85485222734,0,0
92.78,40,40,31.1550036575349,-5.57394881646481,-14.2804407674057,-0.000426167922468861,-15,-14518.634497851,-0,0,0,-582.679067090228,0,0
92.8,40,40,31.0435246772116,-5.57394921939288,-14.2804492422384,-0.000421280334943337,-15,-14505.229070236,-0,-1.77635683940025e-15,1,-582.501052373589,0,0
92.82,40,40,30.9320456886198,-5.57394964323662,-14.2804576172447,-0.000416186591908532,-15,-14491.7759923439,-0,-1.77635683940025e-15,0,-582.320808077262,0,0
92.84,40,40,30.8205666913461,-5.57395008749549,-14.2804658883805,-0.000410894604554663,-15,-14478.2752641955,-0,0,0,-582.138334201076,0,0
92.86,40,40,30.7090876849872,-5.57395055166241,-14.2804740517598,-0.000405412258523378,-15,-14464.7268858112,-0,0,0,-581.953630744855,0,0
92.88,40,40,30.5976086691503,-5.57395103522422,-14.2804821036542,-0.000399747408962503,-15,-14451.1308572114,-0,1.77635683940025e-15,0,-581.766697708412,0,0
92.9,40,40,30.4861296434524,-5.57395153766226,-14.2804900404917,-0.000393907875702584,-15,-14437.4871784163,-0,1.77635683940025e-15,0,-581.577535091555,0,0
92.92,40,40,30.3746506075214,-5.5739520584528,-14.2804978588565,-0.00038790143855653,-15,-14423.7958494456,-0,1.77635683940025e-15,0,-581.386142894082,0,0
92.94,40,40,30.2631715609955,-5.57395259706758,-14.2805055554881,-0.000381735832742887,-15,-14410.056870319,-0,1.77635683940025e-15,0,-581.192521115785,0,0
92.96,40,40,30.1516925035234,-5.57395315297431,-14.28051312728,-0.000375418744433629,-15,-14396.270241056,-0,1.77635683940025e-15,0,-580.996669756449,0,0
92.98,40,40,30.0402134347648,-5.57395372563711,-14.2805205712789,-0.000368957806426867,-15,-14382.4359616755,-0,0,0,-580.798588815851,0,0
93,40,40,29.9287343543898,-5.57395431451703,-14.2805278846838,-0.000362360593944721,-15,-14368.5540321965,-0,1.77635683940025e-15,1,-580.598278293762,0,0
93.02,40,40,29.8172552620796,-5.57395491907247,-14.2805350648443,-0.000355634620557566,-15,-14354.6244526376,-0,0,0,-580.395738189947,0,0
93.04,40,40,29.705776157526,-5.57395553875967,-14.2805421092599,-0.000348787334233529,-15,-14340.647223017,-0,0,0,-580.190968504164,0,0
93.06,40,40,29.594297040432,-5.57395617303316,-14.2805490155781,-0.000341826113514932,-15,-14326.6223433528,-0,0,0,-579.983969236164,0,0
93.08,40,40,29.4828179105111,-5.57395682134619,-14.2805557815936,-0.000334758263820304,-15,-14312.5498136626,-0,0,0,-579.774740385695,0,0
93.1,40,40,29.3713387674882,-5.57395748315115,-14.2805624052461,-0.000327591013873572,-15,-14298.4296339639,-0,0,0,-579.563281952497,0,0
93.12,40,40,29.2598596110988,-5.57395815790004,-14.2805688846192,-0.000320331512258649,-15,-14284.2618042738,-0,0,0,-579.349593936306,0,0
93.14,40,40,29.1483804410895,-5.57395884504483,-14.2805752179387,-0.00031298682410038,-15,-14270.0463246091,-0,1.77635683940025e-15,0,-579.13367633685,0,0
93.16,40,40,29.036901257218,-5.57395954403792,-14.2805814035708,-0.00030556392787137,-15,-14255.7831949862,-0,3.5527136788005e-15,0,-578.915529153857,0,0
93.18,40,40,28.9254220592527,-5.57396025433248,-14.2805874400204,-0.000298069712323639,-15,-14241.4724154214,-0,1.77635683940025e-15,0,-578.695152387045,0,0
93.2,40,40,28.813942846973,-5.57396097538291,-14.2805933259292,-0.000290510973546204,-15,-14227.1139859303,-0,1.77635683940025e-15,1,-578.472546036132,0,0
93.22,40,40,28.7024636201693,-5.57396170664516,-14.2805990600739,-0.000282894412146328,-15,-14212.7079065287,-0,1.77635683940025e-15,0,-578.247710100827,0,0
93.24,40,40,28.5909843786427,-5.57396244757711,-14.2806046413643,-0.000275226630554842,-15,-14198.2541772315,-0,1.77635683940025e-15,0,-578.02064458084,0,0
93.26,40,40,28.4795051222053,-5.57396319763898,-14.2806100688411,-0.000267514130454989,-15,-14183.7527980536,-0,1.77635683940025e-15,0,-577.791349475874,0,0
93.28,40,40,28.3680258506799,-5.57396395629362,-14.2806153416741,-0.000259763310333503,-15,-14169.2037690096,-0,1.77635683940025e-15,0,-577.559824785628,0,0
93.3,40,40,28.2565465638999,-5.57396472300688,-14.28062045916,-0.000251980463153499,-15,-14154.6070901135,-0,1.77635683940025e-15,0,-577.326070509799,0,0
93.32,40,40,28.1450672617094,-5.57396549724796,-14.2806254207204,-0.000244171774148191,-15,-14139.9627613792,-0,0,0,-577.090086648081,0,0
93.34,40,40,28.0335879439633,-5.57396627848972,-14.2806302258993,-0.000236343318734529,-15,-14125.27078282,-0,1.77635683940025e-15,0,-576.851873200164,0,0
93.36,40,40,27.9221086105266,-5.57396706620897,-14.2806348743612,-0.000228501060545646,-15,-14110.5311544492,-0,1.77635683940025e-15,0,-576.611430165735,0,0
93.38,40,40,27.8106292612752,-5.57396785988682,-14.2806393658888,-0.000220650849581387,-15,-14095.7438762793,-0,0,0,-576.36875754448,0,0
93.4,40,40,27.6991498960949,-5.57396865900895,-14.2806437003805,-0.000212798420475329,-15,-14080.9089483229,-0,0,1,-576.12385533608,0,0
93.42,40,40,27.5876705148819,-5.5739694630659,-14.2806478778483,-0.000204949390877387,-15,-14066.026370592,-0,0,0,-575.876723540216,0,0
93.44,40,40,27.4761911175427,-5.57397027155335,-14.2806518984155,-0.000197109259951062,-15,-14051.0961430981,-0,0,0,-575.627362156568,0,0
93.46,40,40,27.3647117039936,-5.57397108397237,-14.280655762314,-0.000189283406983225,-15,-14036.1182658528,-0,0,0,-575.37577118481,0,0
93.48,40,40,27.2532322741609,-5.57397189982972,-14.2806594698821,-0.000181477090105889,-15,-14021.0927388668,-0,0,0,-575.121950624619,0,0
93.5,40,40,27.1417528279807,-5.57397271863807,-14.2806630215621,-0.000173695445128291,-15,-14006.0195621508,-0,0,0,-574.865900475668,0,0
93.52,40,40,27.0302733653989,-5.57397353991621,-14.2806664178978,-0.000165943484477559,-15,-13990.8987357151,-0,0,0,-574.607620737629,0,0
93.54,40,40,26.9187938863708,-5.57397436318934,-14.280669659532,-0.000158226096247082,-15,-13975.7302595696,-0,-1.77635683940025e-15,0,-574.347111410174,0,0
93.56,40,40,26.8073143908612,-5.57397518798926,-14.280672747204,-0.000150548043350531,-15,-13960.5141337237,-0,0,0,-574.084372492974,0,0
93.58,40,40,26.6958348788441,-5.57397601385458,-14.280675681747,-0.000142913962780216,-15,-13945.2503581867,-0,-1.77635683940025e-15,0,-573.819403985698,0,0
93.6,40,40,26.5843553503029,-5.5739768403309,-14.2806784640858,-0.000135328364968153,-15,-13929.9389329674,-0,-1.77635683940025e-15,1,-573.552205888017,0,0
93.62,40,40,26.4728758052298,-5.57397766697107,-14.2806810952341,-0.000127795633247599,-15,-13914.5798580742,-0,0,0,-573.2827781996,0,0
93.64,40,40,26.3613962436259,-5.57397849333528,-14.280683576292,-0.000120320023414937,-15,-13899.1731335153,-0,0,0,-573.011120920116,0,0
93.66,40,40,26.2499166655011,-5.57397931899134,-14.2806859084434,-0.000112905663388006,-15,-13883.7187592984,-0,0,0,-572.737234049235,0,0
93.68,40,40,26.1384370708738,-5.57398014351473,-14.2806880929536,-0.000105556552961106,-15,-13868.216735431,-0,-1.77635683940025e-15,0,-572.461117586626,0,0
93.7,40,40,26.0269574597709,-5.57398096648886,-14.2806901311664,-9.82765636535464e-05,-15,-13852.6670619201,-0,-1.77635683940025e-15,0,-572.18277153196,0,0
93.72,40,40,25.9154778322273,-5.57398178750516,-14.280692024502,-9.10694386507387e-05,-15,-13837.0697387725,-0,-1.77635683940025e-15,0,-571.902195884908,0,0
93.74,40,40,25.8039981882864,-5.5739826061632,-14.2806937744539,-8.39387928354513e-05,-15,-13821.4247659945,-0,-1.77635683940025e-15,0,-571.61939064514,0,0
93.76,40,40,25.6925185279991,-5.57398342207091,-14.2806953825869,-7.68881129076106e-05,-15,-13805.7321435923,-0,-1.77635683940025e-15,0,-571.33435581233,0,0
93.78,40,40,25.5810388514244,-5.57398423484458,-14.280696850534,-6.99207575908039e-05,-15,-13789.9918715714,-0,-3.5527136788005e-15,0,-571.047091386151,0,0
93.8,40,40,25.4695591586287,-5.57398504410908,-14.2806981799943,-6.30399579236605e-05,-15,-13774.2039499373,-0,-3.5527136788005e-15,1,-570.757597366279,0,0
93.82,40,40,25.3580794496859,-5.57398584949788,-14.2806993727301,-5.62488176331643e-05,-15,-13758.3683786951,-0,-3.5527136788005e-15,0,-570.465873752389,0,0
93.84,40,40,25.2465997246771,-5.57398665065322,-14.2807004305646,-4.95503135904054e-05,-15,-13742.4851578494,-0,-3.5527136788005e-15,0,-570.171920544159,0,0
93.86,40,40,25.1351199836903,-5.57398744722613,-14.2807013553793,-4.29472963434722e-05,-15,-13726.5542874047,-0,-1.77635683940025e-15,0,-569.875737741269,0,0
93.88,40,40,25.0236402268208,-5.57398823887656,-14.2807021491113,-3.64424907280537e-05,-15,-13710.575767365,-0,-1.77635683940025e-15,0,-569.577325343401,0,0
93.9,40,40,24.9121604541703,-5.57398902527343,-14.2807028137511,-3.00384965530191e-05,-15,-13694.5495977342,-0,-3.5527136788005e-15,0,-569.276683350237,0,0
93.92,40,40,24.8006806658471,-5.57398980609468,-14.2807033513398,-2.37377893585769e-05,-15,-13678.4757785156,-0,-1.77635683940025e-15,0,-568.973811761463,0,0
93.94,40,40,24.6892008619658,-5.57399058102734,-14.280703763967,-1.75427212454034e-05,-15,-13662.3543097125,-0,0,0,-568.668710576767,0,0
93.96,40,40,24.5777210426473,-5.57399134976761,-14.2807040537679,-1.14555217726188e-05,-15,-13646.1851913276,-0,-1.77635683940025e-15,0,-568.361379795839,0,0
93.98,40,40,24.4662412080183,-5.57399211202084,-14.2807042229211,-5.47829892238657e-06,-15,-13629.9684233636,-0,-3.5527136788005e-15,0,-568.051819418371,0,0
94,40,40,24.3547613582116,-5.5739928675016,-14.2807042736463,3.86959870308472e-07,-15,-13613.7040058226,-0,-3.5527136788005e-15,1,-567.740029444059,0,0
94.02,40,40,24.2432814933653,-5.57399361593369,-14.2807042082016,6.13838662581772e-06,-15,-13597.3919387067,-0,-1.77635683940025e-15,0,-567.426009872599,0,0
94.04,40,40,24.131801613623,-5.57399435705018,-14.2807040288815,1.17742316665386e-05,-15,-13581.0322220175,-0,-3.5527136788005e-15,0,-567.109760703694,0,0
94.06,40,40,24.0203217191338,-5.5739950905934,-14.2807037380139,1.72928624055049e-05,-15,-13564.6248557564,-0,-3.5527136788005e-15,0,-566.791281937046,0,0
94.08,40,40,23.9088418100514,-5.57399581631495,-14.2807033379586,2.26927620782148e-05,-15,-13548.1698399245,-0,-3.5527136788005e-15,0,-566.470573572362,0,0
94.1,40,40,23.7973618865349,-5.57399653397572,-14.2807028311043,2.79725284199864e-05,-15,-13531.6671745227,-0,-3.5527136788005e-15,0,-566.147635609352,0,0
94.12,40,40,23.6858819487477,-5.57399724334583,-14.280702219867,3.31308722906015e-05,-15,-13515.1168595517,-0,-1.77635683940025e-15,0,-565.822468047728,0,0
94.14,40,40,23.5744019968578,-5.57399794420469,-14.2807015066868,3.81666162486322e-05,-15,-13498.5188950116,-0,-1.77635683940025e-15,0,-565.495070887208,0,0
94.16,40,40,23.4629220310376,-5.57399863634088,-14.2807006940268,4.30786930771268e-05,-15,-13481.8732809026,-0,-1.77635683940025e-15,0,-565.16544412751,0,0
94.18,40,40,23.3514420514637,-5.57399931955224,-14.28069978437,4.78661442630074e-05,-15,-13465.1800172245,-0,0,0,-564.833587768357,0,0
94.2,40,40,23.2399620583164,-5.57399999364573,-14.2806987802176,5.25281184319408e-05,-15,-13448.4391039769,-0,0,1,-564.499501809478,0,0
94.22,40,40,23.1284820517799,-5.57400065843745,-14.2806976840868,5.70638697408008e-05,-15,-13431.6505411591,-0,1.77635683940025e-15,0,-564.163186250601,0,0
94.24,40,40,23.017002032042,-5.5740013137526,-14.2806964985087,6.14727562294203e-05,-15,-13414.8143287703,-0,0,0,-563.824641091461,0,0
94.26,40,40,22.9055219992941,-5.57400195942537,-14.280695226026,6.57542381343881e-05,-15,-13397.9304668093,-0,1.77635683940025e-15,0,-563.483866331796,0,0
94.28,40,40,22.7940419537304,-5.57400259529897,-14.2806938691915,6.99078761654642e-05,-15,-13380.9989552748,-0,1.77635683940025e-15,0,-563.140861971347,0,0
94.3,40,40,22.6825618955484,-5.57400322122548,-14.2806924305656,7.39333297483445e-05,-15,-13364.0197941652,-0,0,0,-562.795628009861,0,0
94.32,40,40,22.5710818249486,-5.57400383706587,-14.2806909127145,7.78303552343052e-05,-15,-13346.9929834787,-0,0,0,-562.448164447086,0,0
94.34,40,40,22.4596017421339,-5.57400444268985,-14.2806893182086,8.1598804078784e-05,-15,-13329.9185232134,-0,0,0,-562.098471282777,0,0
94.36,40,40,22.3481216473099,-5.57400503797584,-14.28068764962,8.52386209918666e-05,-15,-13312.796413367,-0,0,0,-561.746548516692,0,0
94.38,40,40,22.2366415406845,-5.57400562281089,-14.2806859095211,8.87498420610804e-05,-15,-13295.6266539373,-0,0,0,-561.392396148591,0,0
94.4,40,40,22.1251614224679,-5.57400619709058,-14.2806841004828,9.21325928494658e-05,-15,-13278.4092449217,-0,0,1,-561.036014178242,0,0
94.42,40,40,22.0136812928719,-5.57400676071892,-14.2806822250725,9.53870864701316e-05,-15,-13261.1441863174,-0,0,0,-560.677402605414,0,0
94.44,40,40,21.9022011521107,-5.57400731360829,-14.2806802858525,9.85136216396498e-05,-15,-13243.8314781215,-0,1.77635683940025e-15,0,-560.316561429882,0,0
94.46,40,40,21.7907210003997,-5.57400785567931,-14.2806782853782,0.000101512580711751,-15,-13226.4711203309,-0,0,0,-559.953490651425,0,0
94.48,40,40,21.6792408379561,-5.57400838686074,-14.2806762261967,0.00010438442769264,-15,-13209.0631129423,-0,1.77635683940025e-15,0,-559.588190269826,0,0
94.5,40,40,21.5677606649983,-5.57400890708942,-14.2806741108449,0.000107129706240506,-15,-13191.6074559525,-0,1.77635683940025e-15,0,-559.220660284873,0,0
94.52,40,40,21.4562804817459,-5.57400941631009,-14.2806719418481,0.000109749037650627,-15,-13174.1041493576,-0,1.77635683940025e-15,0,-558.850900696358,0,0
94.54,40,40,21.3448002884196,-5.57400991447534,-14.2806697217184,0.000112243118827739,-15,-13156.5531931542,-0,1.77635683940025e-15,0,-558.478911504076,0,0
94.56,40,40,21.2333200852409,-5.57401040154546,-14.2806674529533,0.000114612720247283,-15,-13138.9545873382,-0,1.77635683940025e-15,0,-558.104692707829,0,0
94.58,40,40,21.121839872432,-5.57401087748831,-14.2806651380339,0.000116858683907,-15,-13121.3083319058,-0,0,0,-557.728244307422,0,0
94.6,40,40,21.0103596502157,-5.57401134227926,-14.2806627794241,0.000118981921271229,-15,-13103.6144268527,-0,1.77635683940025e-15,1,-557.349566302663,0,0
94.62,40,40,20.8988794188153,-5.57401179590097,-14.2806603795688,0.000120983411208239,-15,-13085.8728721748,-0,1.77635683940025e-15,0,-556.968658693369,0,0
94.64,40,40,20.7873991784542,-5.57401223834337,-14.2806579408924,0.000122864197923816,-15,-13068.0836678676,-0,1.77635683940025e-15,0,-556.585521479356,0,0
94.66,40,40,20.6759189293561,-5.57401266960343,-14.2806554657982,0.00012462538889096,-15,-13050.2468139267,-0,1.77635683940025e-15,0,-556.200154660449,0,0
94.68,40,40,20.5644386717446,-5.57401308968511,-14.2806529566664,0.000126268152778408,-15,-13032.3623103474,-0,3.5527136788005e-15,0,-555.812558236474,0,0
94.7,40,40,20.4529584058432,-5.57401349859917,-14.2806504158534,0.000127793717378651,-15,-13014.4301571252,-0,3.5527136788005e-15,0,-555.422732207263,0,0
94.72,40,40,20.341478131875,-5.57401389636304,-14.2806478456905,0.000129203367537693,-15,-12996.4503542551,-0,3.5527136788005e-15,0,-555.030676572654,0,0
94.74,40,40,20.2299978500628,-5.57401428300072,-14.2806452484826,0.000130498443087073,-15,-12978.4229017323,-0,3.5527136788005e-15,0,-554.636391332486,0,0
94.76,40,40,20.1185175606289,-5.5740146585426,-14.2806426265073,0.00013168033678032,-15,-12960.3477995518,-0,3.5527136788005e-15,0,-554.239876486606,0,0
94.78,40,40,20.0070372637948,-5.57401502302534,-14.2806399820141,0.000132750492234606,-15,-12942.2250477086,-0,5.32907051820075e-15,0,-553.841132034862,0,0
94.8,40,40,19.8955569597813,-5.5740153764917,-14.2806373172227,0.000133710401879522,-15,-12924.0546461974,-0,3.5527136788005e-15,1,-553.440157977109,0,0
94.82,40,40,19.7840766488083,-5.57401571899042,-14.2806346343227,0.000134561604913272,-15,-12905.8365950133,-0,3.5527136788005e-15,0,-553.036954313207,0,0
94.84,40,40,19.6725963310945,-5.57401605057609,-14.2806319354726,0.000135305685268882,-15,-12887.5708941507,-0,3.5527136788005e-15,0,-552.631521043017,0,0
94.86,40,40,19.5611160068576,-5.57401637130893,-14.2806292227986,0.000135944269590409,-15,-12869.2575436045,-0,1.77635683940025e-15,0,-552.223858166407,0,0
94.88,40,40,19.449635676314,-5.57401668125473,-14.2806264983941,0.000136479025221306,-15,-12850.8965433692,-0,3.5527136788005e-15,0,-551.813965683249,0,0
94.9,40,40,19.3381553396789,-5.57401698048465,-14.2806237643185,0.000136911658205337,-15,-12832.4878934393,-0,3.5527136788005e-15,0,-551.401843593419,0,0
94.92,40,40,19.2266749971656,-5.57401726907506,-14.280621022597,0.000137243911301591,-15,-12814.0315938095,-0,3.5527136788005e-15,0,-550.987491896797,0,0
94.94,40,40,19.1151946489862,-5.57401754710744,-14.2806182752194,0.000137477562014705,-15,-12795.5276444742,-0,3.5527136788005e-15,0,-550.570910593268,0,0
94.96,40,40,19.0037142953511,-5.57401781466816,-14.2806155241398,0.000137614420641321,-15,-12776.9760454277,-0,1.77635683940025e-15,0,-550.15209968272,0,0
94.98,40,40,18.8922339364687,-5.57401807184841,-14.2806127712756,0.000137656328333279,-15,-12758.3767966646,-0,1.77635683940025e-15,0,-549.731059165047,0,0
95,40,40,18.7807535725457,-5.57401831874396,-14.2806100185072,0.000137605155179656,-15,-12739.7298981792,-0,1.77635683940025e-15,1,-549.307789040145,0,0
95.02,40,40,18.6692732037869,-5.57401855545507,-14.2806072676773,0.000137462798307361,-15,-12721.0353499659,-0,1.77635683940025e-15,0,-548.882289307917,0,0
95.04,40,40,18.5577928303947,-5.57401878208632,-14.2806045205904,0.000137231180002487,-15,-12702.2931520189,-0,1.77635683940025e-15,0,-548.454559968266,0,0
95.06,40,40,18.4463124525699,-5.57401899874644,-14.2806017790122,0.000136912245851638,-15,-12683.5033043326,-0,1.77635683940025e-15,0,-548.024601021103,0,0
95.08,40,40,18.3348320705106,-5.57401920554819,-14.2805990446695,0.000136507962906471,-15,-12664.6658069014,-0,1.77635683940025e-15,0,-547.59241246634,0,0
95.1,40,40,18.2233516844129,-5.57401940260818,-14.2805963192494,0.000136020317869321,-15,-12645.7806597195,-0,3.5527136788005e-15,0,-547.157994303896,0,0
95.12,40,40,18.1118712944704,-5.57401959004671,-14.2805936043992,0.000135451315303964,-15,-12626.8478627813,-0,1.77635683940025e-15,0,-546.721346533691,0,0
95.14,40,40,18.0003909008744,-5.57401976798768,-14.2805909017258,0.000134802975869141,-15,-12607.867416081,-0,1.77635683940025e-15,0,-546.282469155651,0,0
95.16,40,40,17.8889105038134,-5.57401993655835,-14.2805882127955,0.00013407733457784,-15,-12588.839319613,-0,1.77635683940025e-15,0,-545.841362169703,0,0
95.18,40,40,17.7774301034736,-5.57402009588926,-14.2805855391341,0.000133276439082509,-15,-12569.7635733716,-0,3.5527136788005e-15,0,-545.398025575781,0,0
95.2,40,40,17.6659497000385,-5.57402024611405,-14.2805828822259,0.000132402347985419,-15,-12550.6401773512,-0,3.5527136788005e-15,1,-544.952459373822,0,0
95.22,40,40,17.5544692936889,-5.57402038736932,-14.2805802435143,0.000131457129177437,-15,-12531.4691315461,-0,3.5527136788005e-15,0,-544.504663563764,0,0
95.24,40,40,17.4429888846026,-5.57402051979446,-14.2805776244011,0.000130442858203544,-15,-12512.2504359506,-0,3.5527136788005e-15,0,-544.054638145551,0,0
95.26,40,40,17.331508472955,-5.57402064353155,-14.2805750262465,0.000129361616656544,-15,-12492.9840905593,-0,1.77635683940025e-15,0,-543.602383119131,0,0
95.28,40,40,17.2200280589183,-5.57402075872516,-14.280572450369,0.000128215490599659,-15,-12473.6700953665,-0,3.5527136788005e-15,0,-543.147898484453,0,0
95.3,40,40,17.108547642662,-5.57402086552225,-14.2805698980455,0.00012700656901832,-15,-12454.3084503667,-0,1.77635683940025e-15,0,-542.691184241472,0,0
95.32,40,40,16.9970672243524,-5.57402096407199,-14.280567370511,0.000125736942301558,-15,-12434.8991555545,-0,1.77635683940025e-15,0,-542.232240390146,0,0
95.34,40,40,16.8855868041531,-5.57402105452566,-14.2805648689586,0.000124408700753611,-15,-12415.4422109243,-0,0,0,-541.771066930434,0,0
95.36,40,40,16.7741063822243,-5.57402113703644,-14.2805623945398,0.000123023933135978,-15,-12395.9376164707,-0,0,0,-541.3076638623,0,0
95.38,40,40,16.6626259587235,-5.57402121175937,-14.2805599483642,0.000121584725240494,-15,-12376.3853721885,-0,0,0,-540.842031185712,0,0
95.4,40,40,16.5511455338048,-5.57402127885111,-14.2805575314998,0.000120093158493536,-15,-12356.7854780722,-0,0,1,-540.37416890064,0,0
95.42,40,40,16.4396651076193,-5.57402133846987,-14.2805551449731,0.000118551308592305,-15,-12337.1379341165,-0,1.77635683940025e-15,0,-539.904077007056,0,0
95.44,40,40,16.3281846803148,-5.57402139077527,-14.2805527897689,0.000116961244172364,-15,-12317.4427403164,-0,0,0,-539.431755504937,0,0
95.46,40,40,16.216704252036,-5.57402143592817,-14.280550466831,0.000115325025508172,-15,-12297.6998966665,-0,1.77635683940025e-15,0,-538.957204394262,0,0
95.48,40,40,16.1052238229243,-5.57402147409057,-14.2805481770619,0.00011364470324527,-15,-12277.9094031618,-0,1.77635683940025e-15,0,-538.480423675013,0,0
95.5,40,40,15.9937433931179,-5.57402150542547,-14.2805459213233,0.000111922317165779,-15,-12258.0712597973,-0,0,0,-538.001413347175,0,0
95.52,40,40,15.8822629627517,-5.57402153009675,-14.2805437004361,0.000110159894986517,-15,-12238.185466568,-0,-1.77635683940025e-15,0,-537.520173410734,0,0
95.54,40,40,15.7707825319573,-5.57402154826903,-14.2805415151809,0.000108359451189989,-15,-12218.2520234689,-0,-1.77635683940025e-15,0,-537.036703865682,0,0
95.56,40,40,15.6593021008631,-5.57402156010757,-14.2805393662982,0.000106522985888597,-15,-12198.2709304952,-0,-1.77635683940025e-15,0,-536.55100471201,0,0
95.58,40,40,15.5478216695941,-5.57402156577812,-14.2805372544884,0.000104652483722487,-15,-12178.2421876421,-0,-1.77635683940025e-15,0,-536.063075949715,0,0
95.6,40,40,15.436341238272,-5.57402156544682,-14.2805351804126,0.000102749912790249,-15,-12158.1657949049,-0,-1.77635683940025e-15,1,-535.572917578794,0,0
95.62,40,40,15.3248608070152,-5.57402155928007,-14.2805331446927,0.000100817223613372,-15,-12138.0417522791,-0,-1.77635683940025e-15,0,-535.080529599246,0,0
95.64,40,40,15.2133803759386,-5.57402154744445,-14.2805311479116,9.88563481340915e-05,-15,-12117.8700597599,-0,-1.77635683940025e-15,0,-534.585912011076,0,0
95.66,40,40,15.1018999451541,-5.57402153010653,-14.2805291906139,9.68691987464887e-05,-15,-12097.650717343,-0,0,0,-534.089064814286,0,0
95.68,40,40,14.9904195147699,-5.57402150743285,-14.2805272733062,9.48576673614685e-05,-15,-12077.3837250239,-0,0,0,-533.589988008884,0,0
95.7,40,40,14.8789390848912,-5.57402147958975,-14.2805253964573,9.28236245046711e-05,-15,-12057.0690827983,-0,0,0,-533.08868159488,0,0
95.72,40,40,14.7674586556197,-5.57402144674329,-14.2805235604989,9.07689184482437e-05,-15,-12036.706790662,-0,-1.77635683940025e-15,0,-532.585145572284,0,0
95.74,40,40,14.6559782270538,-5.57402140905913,-14.2805217658261,8.86953743755634e-05,-15,-12016.2968486107,-0,-1.77635683940025e-15,0,-532.07937994111,0,0
95.76,40,40,14.5444977992885,-5.57402136670243,-14.2805200127975,8.66047935792282e-05,-15,-11995.8392566405,-0,-1.77635683940025e-15,0,-531.571384701372,0,0
95.78,40,40,14.4330173724157,-5.57402131983779,-14.2805183017361,8.44989526922325e-05,-15,-11975.3340147473,-0,-1.77635683940025e-15,0,-531.061159853087,0,0
95.8,40,40,14.3215369465239,-5.57402126862909,-14.2805166329295,8.23796029519017e-05,-15,-11954.7811229272,-0,-1.77635683940025e-15,1,-530.548705396275,0,0
95.82,40,40,14.2100565216984,-5.57402121323944,-14.2805150066305,8.02484694968836e-05,-15,-11934.1805811763,-0,0,0,-530.034021330955,0,0
95.84,40,40,14.0985760980211,-5.57402115383106,-14.2805134230579,7.81072506961574e-05,-15,-11913.5323894911,-0,-1.77635683940025e-15,0,-529.51710765715,0,0
95.86,40,40,13.9870956755709,-5.57402109056522,-14.2805118823966,7.59576175111843e-05,-15,-11892.8365478677,-0,-1.77635683940025e-15,0,-528.997964374884,0,0
95.88,40,40,13.8756152544232,-5.57402102360213,-14.2805103847983,7.38012128896933e-05,-15,-11872.0930563027,-0,-1.77635683940025e-15,0,-528.476591484182,0,0
95.9,40,40,13.7641348346504,-5.57402095310085,-14.2805089303824,7.16396511913583e-05,-15,-11851.3019147926,-0,-1.77635683940025e-15,0,-527.95298898507,0,0
95.92,40,40,13.6526544163217,-5.57402087921925,-14.2805075192361,6.94745176456194e-05,-15,-11830.4631233341,-0,0,0,-527.427156877578,0,0
95.94,40,40,13.5411739995031,-5.57402080211388,-14.2805061514151,6.73073678404825e-05,-15,-11809.5766819237,-0,0,0,-526.899095161733,0,0
95.96,40,40,13.4296935842576,-5.5740207219399,-14.2805048269446,6.5139727242723e-05,-15,-11788.6425905584,-0,1.77635683940025e-15,0,-526.368803837568,0,0
95.98,40,40,13.318213170645,-5.57402063885103,-14.2805035458193,6.29730907486209e-05,-15,-11767.660849235,-0,0,0,-525.836282905114,0,0
96,40,40,13.206732758722,-5.57402055299948,-14.2805023080045,6.08089222654002e-05,-15,-11746.6314579506,-0,1.77635683940025e-15,1,-525.301532364405,0,0
96.02,40,40,13.0952523485424,-5.57402046453585,-14.2805011134364,5.86486543228196e-05,-15,-11725.5544167022,-0,0,0,-524.764552215475,0,0
96.04,40,40,12.983771940157,-5.57402037360907,-14.280499962023,5.64936877144697e-05,-15,-11704.429725487,-0,1.77635683940025e-15,0,-524.225342458359,0,0
96.06,40,40,12.8722915336135,-5.57402028036635,-14.2804988536444,5.43453911687122e-05,-15,-11683.2573843023,-0,0,0,-523.683903093093,0,0
96.08,40,40,12.7608111289568,-5.57402018495312,-14.2804977881539,5.22051010485422e-05,-15,-11662.0373931454,-0,0,0,-523.140234119716,0,0
96.1,40,40,12.6493307262288,-5.57402008751294,-14.2804967653783,5.00741210800109e-05,-15,-11640.7697520138,-0,0,0,-522.594335538265,0,0
96.12,40,40,12.5378503254688,-5.57401998818748,-14.2804957851185,4.79537221095284e-05,-15,-11619.4544609051,-0,0,0,-522.046207348778,0,0
96.14,40,40,12.426369926713,-5.57401988711644,-14.2804948471506,4.58451418884759e-05,-15,-11598.0915198169,-0,0,0,-521.495849551297,0,0
96.16,40,40,12.3148895299949,-5.5740197844375,-14.280493951226,4.37495848853416e-05,-15,-11576.6809287469,-0,0,0,-520.94326214586,0,0
96.18,40,40,12.2034091353453,-5.57401968028629,-14.2804930970726,4.16682221252933e-05,-15,-11555.2226876929,-0,0,0,-520.38844513251,0,0
96.2,40,40,12.0919287427923,-5.5740195747963,-14.2804922843949,3.96021910558952e-05,-15,-11533.716796653,-0,0,1,-519.831398511288,0,0
96.22,40,40,11.9804483523615,-5.57401946809889,-14.2804915128753,3.75525954394144e-05,-15,-11512.163255625,-0,0,0,-519.272122282236,0,0
96.24,40,40,11.8689679640756,-5.5740193603232,-14.2804907821744,3.55205052701269e-05,-15,-11490.5620646071,-0,0,0,-518.710616445397,0,0
96.26,40,40,11.7574875779549,-5.57401925159614,-14.2804900919315,3.35069567176393e-05,-15,-11468.9132235975,-0,0,0,-518.146881000813,0,0
96.28,40,40,11.6460071940172,-5.57401914204232,-14.2804894417658,3.15129520945751e-05,-15,-11447.2167325945,-0,-1.77635683940025e-15,0,-517.58091594853,0,0
96.3,40,40,11.5345268122779,-5.57401903178405,-14.2804888312766,2.95394598483897e-05,-15,-11425.4725915965,-0,0,0,-517.012721288589,0,0
96.32,40,40,11.4230464327498,-5.57401892094127,-14.2804882600444,2.75874145771885e-05,-15,-11403.6808006019,-0,0,0,-516.442297021035,0,0
96.34,40,40,11.3115660554434,-5.57401880963158,-14.2804877276311,2.5657717068678e-05,-15,-11381.8413596092,-0,0,0,-515.869643145914,0,0
96.36,40,40,11.2000856803669,-5.57401869797011,-14.2804872335809,2.37512343619959e-05,-15,-11359.9542686171,-0,0,0,-515.294759663268,0,0
96.38,40,40,11.0886053075262,-5.57401858606959,-14.2804867774213,2.18687998315716e-05,-15,-11338.0195276243,-0,0,0,-514.717646573143,0,0
96.4,40,40,10.9771249369249,-5.57401847404029,-14.2804863586633,2.00112132930598e-05,-15,-11316.0371366297,-0,1.77635683940025e-15,1,-514.138303875584,0,0
96.42,40,40,10.8656445685647,-5.57401836198997,-14.280485976802,1.81792411303721e-05,-15,-11294.0070956321,-0,1.77635683940025e-15,0,-513.556731570635,0,0
96.44,40,40,10.7541642024448,-5.5740182500239,-14.2804856313179,1.63736164431488e-05,-15,-11271.9294046305,-0,3.5527136788005e-15,0,-512.972929658341,0,0
96.46,40,40,10.6426838385625,-5.57401813824482,-14.280485321677,1.45950392145644e-05,-15,-11249.804063624,-0,3.5527136788005e-15,0,-512.386898138748,0,0
96.48,40,40,10.5312034769131,-5.57401802675292,-14.2804850473316,1.28441764994473e-05,-15,-11227.6310726116,-0,1.77635683940025e-15,0,-511.798637011899,0,0
96.5,40,40,10.4197231174898,-5.57401791564587,-14.280484807721,1.11216626301254e-05,-15,-11205.4104315927,-0,1.77635683940025e-15,0,-511.208146277839,0,0
96.52,40,40,10.308242760284,-5.57401780501873,-14.2804846022721,9.428099442054e-06,-15,-11183.1421405665,-0,3.5527136788005e-15,0,-510.615425936613,0,0
96.54,40,40,10.1967624052852,-5.57401769496401,-14.2804844304002,7.76405651685339e-06,-15,-11160.8261995325,-0,3.5527136788005e-15,0,-510.020475988265,0,0
96.56,40,40,10.0852820524811,-5.57401758557162,-14.2804842915094,6.13007144341059e-06,-15,-11138.46260849,-0,1.77635683940025e-15,0,-509.423296432839,0,0
96.58,40,40,9.97380170185737,-5.57401747692889,-14.2804841849935,4.52665009511797e-06,-15,-11116.0513674386,-0,1.77635683940025e-15,0,-508.823887270379,0,0
96.6,40,40,9.86232135339833,-5.57401736912055,-14.2804841102365,2.95426692432893e-06,-15,-11093.592476378,-0,3.5527136788005e-15,1,-508.222248500928,0,0
96.62,40,40,9.75084100708644,-5.57401726222872,-14.280484066613,1.41336527218635e-06,-15,-11071.0859353077,-0,1.77635683940025e-15,0,-507.618380124529,0,0
96.64,40,40,9.63936066290254,-5.57401715633294,-14.2804840534892,-9.56423058582298e-08,-15,-11048.5317442276,-0,1.77635683940025e-15,0,-507.012282141225,0,0
96.66,40,40,9.52788032082596,-5.57401705151014,-14.2804840702235,-1.57237370008576e-06,-15,-11025.9299031375,-0,1.77635683940025e-15,0,-506.403954551059,0,0
96.68,40,40,9.41639998083449,-5.57401694783465,-14.2804841161666,-3.0164768918778e-06,-15,-11003.2804120372,-0,1.77635683940025e-15,0,-505.793397354072,0,0
96.7,40,40,9.30491964290445,-5.57401684537823,-14.2804841906629,-4.42762958578995e-06,-15,-10980.5832709269,-0,1.77635683940025e-15,0,-505.180610550306,0,0
96.72,40,40,9.19343930701077,-5.57401674421003,-14.2804842930502,-5.80553882799135e-06,-15,-10957.8384798064,-0,1.77635683940025e-15,0,-504.565594139802,0,0
96.74,40,40,9.08195897312701,-5.57401664439664,-14.280484422661,-7.14994061259676e-06,-15,-10935.0460386758,-0,1.77635683940025e-15,0,-503.9483481226,0,0
96.76,40,40,8.97047864122544,-5.57401654600207,-14.2804845788228,-8.46059947542497e-06,-15,-10912.2059475355,-0,1.77635683940025e-15,0,-503.328872498741,0,0
96.78,40,40,8.85899831127706,-5.5740164490878,-14.2804847608586,-9.73730807628593e-06,-15,-10889.3182063854,-0,1.77635683940025e-15,0,-502.707167268262,0,0
96.8,40,40,8.74751798325167,-5.57401635371273,-14.2804849680876,-1.09798867702632e-05,-15,-10866.3828152261,-0,1.77635683940025e-15,1,-502.083232431204,0,0
96.82,40,40,8.63603765711791,-5.57401625993326,-14.2804851998255,-1.21881831685216e-05,-15,-10843.3997740578,-0,1.77635683940025e-15,0,-501.457067987605,0,0
96.84,40,40,8.52455733284334,-5.57401616780325,-14.2804854553855,-1.33620716889377e-05,-15,-10820.3690828808,-0,1.77635683940025e-15,0,-500.828673937502,0,0
96.86,40,40,8.41307701039444,-5.57401607737409,-14.2804857340783,-1.45014530975267e-05,-15,-10797.2907416958,-0,1.77635683940025e-15,0,-500.198050280931,0,0
96.88,40,40,8.30159668973671,-5.57401598869467,-14.2804860352131,-1.56062540404988e-05,-15,-10774.1647505031,-0,1.77635683940025e-15,0,-499.565197017929,0,0
96.9,40,40,8.19011637083468,-5.57401590181144,-14.2804863580976,-1.66764265680873e-05,-15,-10750.9911093035,-0,1.77635683940025e-15,0,-498.930114148532,0,0
96.92,40,40,8.07863605365198,-5.57401581676837,-14.2804867020391,-1.77119476503833e-05,-15,-10727.7698180974,-0,1.77635683940025e-15,0,-498.292801672774,0,0
96.94,40,40,7.9671557381514,-5.57401573360707,-14.2804870663445,-1.87128186856648e-05,-15,-10704.5008768856,-0,1.77635683940025e-15,0,-497.653259590689,0,0
96.96,40,40,7.85567542429489,-5.57401565236672,-14.280487450321,-1.96790650018337e-05,-15,-10681.1842856688,-0,3.5527136788005e-15,0,-497.011487902311,0,0
96.98,40,40,7.74419511204368,-5.57401557308413,-14.2804878532766,-2.06107353512802e-05,-15,-10657.8200444479,-0,1.77635683940025e-15,0,-496.367486607672,0,0
97,40,40,7.63271480135825,-5.57401549579378,-14.2804882745204,-2.15079013996831e-05,-15,-10634.4081532235,-0,1.77635683940025e-15,1,-495.721255706803,0,0
97.02,40,40,7.52123449219843,-5.57401542052783,-14.2804887133633,-2.23706572095511e-05,-15,-10610.9486119966,-0,0,0,-495.072795199736,0,0
97.04,40,40,7.40975418452344,-5.57401534731615,-14.2804891691181,-2.3199118718527e-05,-15,-10587.4414207681,-0,0,0,-494.422105086501,0,0
97.06,40,40,7.2982738782919,-5.57401527618634,-14.2804896411003,-2.39934232130485e-05,-15,-10563.886579539,-0,1.77635683940025e-15,0,-493.769185367127,0,0
97.08,40,40,7.18679357346193,-5.57401520716379,-14.2804901286283,-2.47537287981708e-05,-15,-10540.2840883102,-0,0,0,-493.114036041642,0,0
97.1,40,40,7.07531326999115,-5.57401514027166,-14.2804906310239,-2.54802138633393e-05,-15,-10516.6339470827,-0,1.77635683940025e-15,0,-492.456657110074,0,0
97.12,40,40,6.96383296783672,-5.57401507553096,-14.2804911476127,-2.61730765451519e-05,-15,-10492.9361558578,-0,1.77635683940025e-15,0,-491.797048572451,0,0
97.14,40,40,6.85235266695544,-5.57401501296057,-14.2804916777243,-2.68325341876395e-05,-15,-10469.1907146364,-0,0,0,-491.135210428796,0,0
97.16,40,40,6.74087236730372,-5.57401495257724,-14.2804922206929,-2.74588227996217e-05,-15,-10445.3976234197,-0,1.77635683940025e-15,0,-490.471142679137,0,0
97.18,40,40,6.62939206883767,-5.57401489439567,-14.2804927758578,-2.8052196510386e-05,-15,-10421.5568822089,-0,1.77635683940025e-15,0,-489.804845323496,0,0
97.2,40,40,6.51791177151313,-5.57401483842852,-14.2804933425632,-2.86129270241382e-05,-15,-10397.6684910052,-0,0,1,-489.136318361898,0,0
97.22,40,40,6.40643147528569,-5.57401478468645,-14.2804939201591,-2.91413030728833e-05,-15,-10373.7324498099,-0,0,0,-488.465561794364,0,0
97.24,40,40,6.29495118011078,-5.57401473317815,-14.2804945080016,-2.96376298690096e-05,-15,-10349.7487586241,-0,0,0,-487.792575620917,0,0
97.26,40,40,6.18347088594363,-5.57401468391039,-14.2804951054528,-3.01022285573853e-05,-15,-10325.7174174493,-0,1.77635683940025e-15,0,-487.117359841575,0,0
97.28,40,40,6.07199059273939,-5.57401463688803,-14.2804957118815,-3.05354356676879e-05,-15,-10301.6384262866,-0,1.77635683940025e-15,0,-486.439914456361,0,0
97.3,40,40,5.96051030045312,-5.57401459211411,-14.2804963266633,-3.09376025668615e-05,-15,-10277.5117851376,-0,1.77635683940025e-15,0,-485.760239465291,0,0
97.32,40,40,5.84903000903983,-5.57401454958981,-14.2804969491811,-3.13090949130152e-05,-15,-10253.3374940035,-0,1.77635683940025e-15,0,-485.078334868385,0,0
97.34,40,40,5.73754971845453,-5.57401450931457,-14.2804975788251,-3.16502921098733e-05,-15,-10229.1155528857,-0,1.77635683940025e-15,0,-484.394200665658,0,0
97.36,40,40,5.62606942865227,-5.57401447128608,-14.2804982149934,-3.19615867635154e-05,-15,-10204.8459617857,-0,1.77635683940025e-15,0,-483.707836857128,0,0
97.38,40,40,5.51458913958813,-5.57401443550032,-14.2804988570919,-3.22433841400495e-05,-15,-10180.5287207049,-0,1.77635683940025e-15,0,-483.019243442809,0,0
97.4,40,40,5.40310885121734,-5.57401440195163,-14.2804995045349,-3.24961016266985e-05,-15,-10156.1638296446,-0,1.77635683940025e-15,1,-482.328420422716,0,0
97.42,40,40,5.2916285634952,-5.57401437063272,-14.280500156745,-3.27201681944139e-05,-15,-10131.7512886065,-0,1.77635683940025e-15,0,-481.635367796862,0,0
97.44,40,40,5.18014827637722,-5.5740143415347,-14.2805008131535,-3.29160238642001e-05,-15,-10107.291097592,-0,1.77635683940025e-15,0,-480.94008556526,0,0
97.46,40,40,5.06866798981908,-5.57401431464719,-14.2805014732009,-3.30841191760673e-05,-15,-10082.7832566025,-0,0,0,-480.242573727921,0,0
97.48,40,40,4.95718770377668,-5.57401428995827,-14.2805021363363,-3.32249146617809e-05,-15,-10058.2277656396,-0,1.77635683940025e-15,0,-479.542832284856,0,0
97.5,40,40,4.84570741820618,-5.57401426745458,-14.2805028020186,-3.33388803215113e-05,-15,-10033.6246247047,-0,1.77635683940025e-15,0,-478.840861236075,0,0
97.52,40,40,4.73422713306402,-5.57401424712134,-14.2805034697158,-3.34264951043227e-05,-15,-10008.9738337995,-0,1.77635683940025e-15,0,-478.136660581587,0,0
97.54,40,40,4.62274684830696,-5.5740142289424,-14.280504138906,-3.34882463931134e-05,-15,-9984.27539292546,-0,1.77635683940025e-15,0,-477.4302303214,0,0
97.56,40,40,4.51126656389208,-5.57401421290027,-14.2805048090766,-3.35246294944131e-05,-15,-9959.52930208409,-0,3.5527136788005e-15,0,-476.721570455522,0,0
97.58,40,40,4.39978627977683,-5.57401419897618,-14.2805054797254,-3.35361471327589e-05,-15,-9934.73556127696,-0,1.77635683940025e-15,0,-476.010680983958,0,0
97.6,40,40,4.28830599591904,-5.57401418715009,-14.2805061503601,-3.35233089504157e-05,-15,-9909.89417050562,-0,1.77635683940025e-15,1,-475.297561906715,0,0
97.62,40,40,4.17682571227698,-5.57401417740077,-14.2805068204988,-3.34866310127572e-05,-15,-9885.00512977163,-0,1.77635683940025e-15,0,-474.582213223796,0,0
97.64,40,40,4.06534542880932,-5.57401416970581,-14.2805074896699,-3.34266353185033e-05,-15,-9860.06843907655,-0,1.77635683940025e-15,0,-473.864634935207,0,0
97.66,40,40,3.95386514547521,-5.57401416404168,-14.2805081574123,-3.33438493168267e-05,-15,-9835.08409842194,-0,1.77635683940025e-15,0,-473.14482704095,0,0
97.68,40,40,3.84238486223428,-5.57401416038375,-14.2805088232755,-3.32388054297186e-05,-15,-9810.05210780936,-0,1.77635683940025e-15,0,-472.422789541026,0,0
97.7,40,40,3.73090457904665,-5.57401415870638,-14.2805094868197,-3.31120405809909e-05,-15,-9784.97246724037,-0,1.77635683940025e-15,0,-471.698522435439,0,0
97.72,40,40,3.61942429587299,-5.57401415898288,-14.2805101476159,-3.29640957318091e-05,-15,-9759.84517671654,-0,1.77635683940025e-15,0,-470.972025724188,0,0
97.74,40,40,3.5079440126745,-5.57401416118564,-14.2805108052459,-3.27955154226927e-05,-15,-9734.67023623941,-0,1.77635683940025e-15,0,-470.243299407274,0,0
97.76,40,40,3.39646372941292,-5.5740141652861,-14.2805114593026,-3.26068473225334e-05,-15,-9709.44764581054,-0,0,0,-469.512343484695,0,0
97.78,40,40,3.2849834460506,-5.57401417125483,-14.2805121093896,-3.23986417846325e-05,-15,-9684.17740543148,-0,0,0,-468.77915795645,0,0
97.8,40,40,3.17350316255047,-5.57401417906156,-14.2805127551217,-3.21714514099043e-05,-15,-9658.85951510376,-0,0,1,-468.043742822536,0,0
97.82,40,40,3.06202287887609,-5.57401418867522,-14.2805133961247,-3.19258306175225e-05,-15,-9633.49397482893,-0,0,0,-467.306098082951,0,0
97.84,40,40,2.95054259499163,-5.57401420006397,-14.2805140320357,-3.16623352226914e-05,-15,-9608.0807846085,-0,1.77635683940025e-15,0,-466.56622373769,0,0
97.86,40,40,2.83906231086191,-5.57401421319525,-14.2805146625027,-3.13815220226007e-05,-15,-9582.619944444,-0,0,0,-465.824119786749,0,0
97.88,40,40,2.72758202645242,-5.57401422803582,-14.2805152871849,-3.10839483899508e-05,-15,-9557.11145433693,-0,1.77635683940025e-15,0,-465.079786230122,0,0
97.9,40,40,2.61610174172931,-5.5740142445518,-14.2805159057526,-3.07701718740267e-05,-15,-9531.5553142888,-0,0,0,-464.333223067805,0,0
97.92,40,40,2.50462145665941,-5.57401426270869,-14.2805165178875,-3.04407498104437e-05,-15,-9505.9515243011,-0,0,0,-463.584430299789,0,0
97.94,40,40,2.39314117121025,-5.57401428247144,-14.280517123282,-3.00962389384842e-05,-15,-9480.30008437529,-0,0,0,-462.833407926069,0,0
97.96,40,40,2.28166088535008,-5.57401430380445,-14.2805177216401,-2.97371950267678e-05,-15,-9454.60099451285,-0,0,0,-462.080155946635,0,0
97.98,40,40,2.17018059904785,-5.57401432667164,-14.2805183126766,-2.93641725076147e-05,-15,-9428.85425471521,-0,0,0,-461.32467436148,0,0
98,40,40,2.05870031227323,-5.57401435103647,-14.2805188961175,-2.89777241191906e-05,-15,-9403.05986498382,-0,1.77635683940025e-15,1,-460.566963170594,0,0
98.02,40,40,1.94722002499665,-5.57401437686198,-14.2805194716998,-2.85784005564308e-05,-15,-9377.2178253201,-0,1.77635683940025e-15,0,-459.807022373967,0,0
98.04,40,40,1.83573973718926,-5.57401440411082,-14.2805200391714,-2.81667501308051e-05,-15,-9351.32813572546,-0,3.5527136788005e-15,0,-459.04485197159,0,0
98.06,40,40,1.72425944882298,-5.5740144327453,-14.2805205982912,-2.77433184382894e-05,-15,-9325.39079620127,-0,3.5527136788005e-15,0,-458.280451963451,0,0
98.08,40,40,1.61277915987047,-5.5740144627274,-14.2805211488292,-2.73086480360304e-05,-15,-9299.40580674893,-0,1.77635683940025e-15,0,-457.513822349539,0,0
98.1,40,40,1.50129887030516,-5.57401449401884,-14.2805216905658,-2.68632781277676e-05,-15,-9273.37316736977,-0,1.77635683940025e-15,0,-456.744963129842,0,0
98.12,40,40,1.38981858010124,-5.57401452658108,-14.2805222232925,-2.64077442584365e-05,-15,-9247.29287806513,-0,0,0,-455.973874304347,0,0
98.14,40,40,1.2783382892337,-5.57401456037536,-14.2805227468114,-2.59425780167864e-05,-15,-9221.16493883635,-0,1.77635683940025e-15,0,-455.200555873041,0,0
98.16,40,40,1.16685799767827,-5.57401459536276,-14.280523260935,-2.54683067473923e-05,-15,-9194.98934968471,-0,1.77635683940025e-15,0,-454.425007835912,0,0
98.18,40,40,1.0553777054115,-5.57401463150419,-14.2805237654864,-2.49854532712958e-05,-15,-9168.7661106115,-0,0,0,-453.647230192944,0,0
98.2,40,40,0.943897412410674,-5.57401466876047,-14.2805242602993,-2.44945356155308e-05,-15,-9142.49522161796,-0,1.77635683940025e-15,1,-452.867222944123,0,0
98.22,40,40,0.832417118653906,-5.5740147070923,-14.2805247452175,-2.39960667514912e-05,-15,-9116.17668270537,-0,0,0,-452.084986089435,0,0
98.24,40,40,0.720936824120074,-5.57401474646035,-14.2805252200951,-2.34905543421402e-05,-15,-9089.81049387491,-0,0,0,-451.300519628864,0,0
98.26,40,40,0.609456528788847,-5.57401478682525,-14.2805256847961,-2.29785004981043e-05,-15,-9063.39665512779,-0,0,0,-450.513823562395,0,0
98.28,40,40,0.497976232640681,-5.57401482814765,-14.2805261391948,-2.24604015426091e-05,-15,-9036.93516646519,-0,-1.77635683940025e-15,0,-449.72489789001,0,0
98.3,40,40,0.38649593565682,-5.57401487038821,-14.2805265831751,-2.19367477853633e-05,-15,-9010.42602788826,-0,-1.77635683940025e-15,0,-448.933742611695,0,0
98.32,40,40,0.275015637819293,-5.57401491350767,-14.2805270166309,-2.14080233047961e-05,-15,-8983.86923939813,-0,0,0,-448.140357727431,0,0
98.34,40,40,0.163535339110915,-5.57401495746685,-14.2805274394654,-2.08747057397103e-05,-15,-8957.26480099591,-0,0,0,-447.344743237202,0,0
98.36,40,40,0.0520550395152812,-5.57401500222668,-14.2805278515916,-2.03372660892674e-05,-15,-8930.61271268269,-0,0,0,-446.546899140989,0,0
98.38,40,40,-0.0594252609832306,-5.57401504774822,-14.2805282529317,-1.97961685215185e-05,-15,-8903.91297445953,-0,0,0,-445.746825438776,0,0
98.4,40,40,-0.170905562399467,-5.57401509399273,-14.280528643417,-1.9251870191222e-05,-15,-8877.16558632746,-0,0,1,-444.944522130544,0,0
98.42,40,40,-0.282385864747502,-5.57401514092163,-14.2805290229882,-1.87048210655066e-05,-15,-8850.37054828751,-0,-1.77635683940025e-15,0,-444.139989216274,0,0
98.44,40,40,-0.393866168040639,-5.57401518849656,-14.2805293915945,-1.81554637586101e-05,-15,-8823.52786034066,-0,-1.77635683940025e-15,0,-443.333226695948,0,0
98.46,40,40,-0.505346472291417,-5.5740152366794,-14.2805297491942,-1.76042333750989e-05,-15,-8796.63752248788,-0,0,0,-442.524234569546,0,0
98.48,40,40,-0.616826777511615,-5.57401528543229,-14.2805300957542,-1.70515573611878e-05,-15,-8769.69953473011,-0,0,0,-441.71301283705,0,0
98.5,40,40,-0.728307083712259,-5.57401533471767,-14.2805304312497,-1.6497855364499e-05,-15,-8742.71389706827,-0,0,0,-440.899561498439,0,0
98.52,40,40,-0.839787390903623,-5.57401538449825,-14.2805307556643,-1.5943539102556e-05,-15,-8715.68060950326,-0,0,0,-440.083880553694,0,0
98.54,40,40,-0.951267699095244,-5.5740154347371,-14.2805310689899,-1.53890122385098e-05,-15,-8688.59967203593,-0,0,0,-439.265970002796,0,0
98.56,40,40,-1.06274800829592,-5.5740154853976,-14.2805313712261,-1.48346702662562e-05,-15,-8661.47108466714,-0,1.77635683940025e-15,0,-438.445829845724,0,0
98.58,40,40,-1.17422831851372,-5.57401553644352,-14.2805316623805,-1.42809004027219e-05,-15,-8634.29484739771,-0,1.77635683940025e-15,0,-437.623460082458,0,0
98.6,40,40,-1.28570862975599,-5.57401558783902,-14.2805319424684,-1.37280814882065e-05,-15,-8607.07096022842,-0,1.77635683940025e-15,1,-436.798860712977,0,0
98.62,40,40,-1.39718894202937,-5.57401563954863,-14.2805322115126,-1.31765838948466e-05,-15,-8579.79942316005,-0,1.77635683940025e-15,0,-435.97203173726,0,0
98.64,40,40,-1.5086692553398,-5.57401569153733,-14.280532469543,-1.26267694425213e-05,-15,-8552.48023619334,-0,1.77635683940025e-15,0,-435.142973155288,0,0
98.66,40,40,-1.62014956969249,-5.57401574377053,-14.2805327165969,-1.20789913229439e-05,-15,-8525.11339932901,-0,0,0,-434.31168496704,0,0
98.68,40,40,-1.73162988509202,-5.57401579621406,-14.2805329527185,-1.15335940305156e-05,-15,-8497.69891256775,-0,1.77635683940025e-15,0,-433.478167172494,0,0
98.7,40,40,-1.84311020154223,-5.57401584883427,-14.2805331779588,-1.09909133010902e-05,-15,-8470.23677591023,-0,1.77635683940025e-15,0,-432.642419771629,0,0
98.72,40,40,-1.95459051904635,-5.57401590159795,-14.2805333923754,-1.04512760587519e-05,-15,-8442.7269893571,-0,1.77635683940025e-15,0,-431.804442764425,0,0
98.74,40,40,-2.06607083760689,-5.57401595447241,-14.2805335960323,-9.91500036834096e-06,-15,-8415.16955290898,-0,0,0,-430.96423615086,0,0
98.76,40,40,-2.17755115722577,-5.57401600742546,-14.2805337889998,-9.38239539614171e-06,-15,-8387.56446656646,-0,1.77635683940025e-15,0,-430.121799930914,0,0
98.78,40,40,-2.28903147790422,-5.57401606042544,-14.2805339713546,-8.85376137741966e-06,-15,-8359.9117303301,-0,1.77635683940025e-15,0,-429.277134104564,0,0
98.8,40,40,-2.40051179964289,-5.57401611344121,-14.2805341431787,-8.32938959055311e-06,-15,-8332.21134420047,-0,1.77635683940025e-15,1,-428.430238671791,0,0
98.82,40,40,-2.51199212244177,-5.5740161664422,-14.2805343045604,-7.8095623383314e-06,-15,-8304.46330817806,-0,3.5527136788005e-15,0,-427.581113632571,0,0
98.84,40,40,-2.62347244630028,-5.57401621939839,-14.2805344555933,-7.29455293521156e-06,-15,-8276.66762226339,-0,1.77635683940025e-15,0,-426.729758986886,0,0
98.86,40,40,-2.73495277121721,-5.57401627228032,-14.2805345963764,-6.78462570186891e-06,-15,-8248.82428645693,-0,1.77635683940025e-15,0,-425.876174734712,0,0
98.88,40,40,-2.8464330971908,-5.57401632505911,-14.280534727014,-6.28003596570596e-06,-15,-8220.93330075912,-0,3.5527136788005e-15,0,-425.02036087603,0,0
98.9,40,40,-2.9579134242187,-5.57401637770647,-14.2805348476151,-5.78103006751038e-06,-15,-8192.99466517039,-0,3.5527136788005e-15,0,-424.162317410818,0,0
98.92,40,40,-3.069393752298,-5.57401643019472,-14.280534958294,-5.28784537426204e-06,-15,-8165.00837969114,-0,3.5527136788005e-15,0,-423.302044339054,0,0
98.94,40,40,-3.18087408142525,-5.57401648249676,-14.2805350591693,-4.80071029832232e-06,-15,-8136.97444432174,-0,1.77635683940025e-15,0,-422.439541660719,0,0
98.96,40,40,-3.29235441159645,-5.57401653458611,-14.2805351503642,-4.31984432190322e-06,-15,-8108.89285906256,-0,3.5527136788005e-15,0,-421.57480937579,0,0
98.98,40,40,-3.4038347428071,-5.57401658643692,-14.2805352320062,-3.84545802743104e-06,-15,-8080.76362391393,-0,1.77635683940025e-15,0,-420.707847484248,0,0
99,40,40,-3.51531507505217,-5.57401663802395,-14.2805353042271,-3.37775313391071e-06,-15,-8052.58673887615,-0,1.77635683940025e-15,1,-419.838655986071,0,0
99.02,40,40,-3.62679540832614,-5.57401668932259,-14.2805353671622,-2.91692253789133e-06,-15,-8024.36220394951,-0,3.5527136788005e-15,0,-418.967234881239,0,0
99.04,40,40,-3.73827574262299,-5.57401674030888,-14.280535420951,-2.46315036049603e-06,-15,-7996.09001913428,-0,1.77635683940025e-15,0,-418.093584169731,0,0
99.06,40,40,-3.84975607793625,-5.57401679095948,-14.2805354657364,-2.01661199888326e-06,-15,-7967.7701844307,-0,1.77635683940025e-15,0,-417.217703851528,0,0
99.08,40,40,-3.96123641425898,-5.5740168412517,-14.2805355016648,-1.57747418349683e-06,-15,-7939.402699839,-0,3.5527136788005e-15,0,-416.339593926607,0,0
99.1,40,40,-4.07271675158378,-5.57401689116351,-14.2805355288858,-1.14589503957781e-06,-15,-7910.98756535936,-0,3.5527136788005e-15,0,-415.45925439495,0,0
99.12,40,40,-4.18419708990284,-5.57401694067351,-14.280535547552,-7.2202415361696e-07,-15,-7882.52478099197,-0,3.5527136788005e-15,0,-414.576685256537,0,0
99.14,40,40,-4.29567742920791,-5.57401698976096,-14.2805355578191,-3.06002644387061e-07,-15,-7854.014346737,-0,1.77635683940025e-15,0,-413.691886511348,0,0
99.16,40,40,-4.40715776949033,-5.57401703840578,-14.2805355598454,1.02036761699102e-07,-15,-7825.45626259457,-0,1.77635683940025e-15,0,-412.804858159362,0,0
99.18,40,40,-4.51863811074106,-5.57401708658854,-14.2805355537917,5.01969650778036e-07,-15,-7796.85052856481,-0,1.77635683940025e-15,0,-411.915600200562,0,0
99.2,40,40,-4.63011845295066,-5.57401713429047,-14.2805355398214,8.93679837568894e-07,-15,-7768.19714464781,-0,1.77635683940025e-15,1,-411.024112634926,0,0
99.22,40,40,-4.74159879610935,-5.57401718149344,-14.2805355181,1.27705927754776e-06,-15,-7739.49611084366,-0,1.77635683940025e-15,0,-410.130395462437,0,0
99.24,40,40,-4.85307914020696,-5.57401722818,-14.2805354887952,1.65200797532646e-06,-15,-7710.74742715241,-0,0,0,-409.234448683076,0,0
99.26,40,40,-4.964559485233,-5.57401727433334,-14.2805354520765,2.01843388887548e-06,-15,-7681.95109357411,-0,0,0,-408.336272296823,0,0
99.28,40,40,-5.07603983117663,-5.57401731993731,-14.2805354081153,2.37625283077833e-06,-15,-7653.10711010878,-0,0,0,-407.43586630366,0,0
99.3,40,40,-5.18752017802672,-5.57401736497642,-14.2805353570843,2.72538836552083e-06,-15,-7624.21547675643,-0,0,0,-406.53323070357,0,0
99.32,40,40,-5.29900052577182,-5.57401740943582,-14.2805352991581,3.06577170383308e-06,-15,-7595.27619351703,-0,0,0,-405.628365496533,0,0
99.34,40,40,-5.41048087440019,-5.57401745330132,-14.2805352345122,3.39734159374488e-06,-15,-7566.28926039058,-0,0,0,-404.721270682533,0,0
99.36,40,40,-5.52196122389983,-5.57401749655936,-14.2805351633235,3.72004420856659e-06,-15,-7537.25467737701,-0,0,0,-403.811946261551,0,0
99.38,40,40,-5.63344157425843,-5.57401753919704,-14.2805350857699,4.03383303211348e-06,-15,-7508.17244447626,-0,0,0,-402.900392233571,0,0
99.4,40,40,-5.74492192546349,-5.57401758120209,-14.2805350020299,4.33866874108886e-06,-15,-7479.04256168827,-0,0,1,-401.986608598576,0,0
99.42,40,40,-5.85640227750222,-5.57401762256289,-14.280534912283,4.63451908509234e-06,-15,-7449.86502901292,-0,0,0,-401.070595356547,0,0
99.44,40,40,-5.96788263036164,-5.57401766326843,-14.2805348167092,4.92135876391401e-06,-15,-7420.63984645012,-0,0,0,-400.15235250747,0,0
99.46,40,40,-6.07936298402852,-5.57401770330835,-14.2805347154889,5.19916930239026e-06,-15,-7391.36701399974,-0,-1.77635683940025e-15,0,-399.231880051327,0,0
99.48,40,40,-6.19084333848947,-5.5740177426729,-14.2805346088027,5.46793892349958e-06,-15,-7362.04653166164,-0,-3.5527136788005e-15,0,-398.309177988103,0,0
99.5,40,40,-6.30232369373087,-5.57401778135293,-14.2805344968316,5.72766241929575e-06,-15,-7332.67839943566,-0,-3.5527136788005e-15,0,-397.384246317783,0,0
99.52,40,40,-6.41380404973896,-5.57401781933994,-14.2805343797565,5.97834101940238e-06,-15,-7303.26261732165,-0,-3.5527136788005e-15,0,-396.457085040349,0,0
99.54,40,40,-6.5252844064998,-5.57401785662601,-14.2805342577582,6.21998225851112e-06,-15,-7273.79918531942,-0,-3.5527136788005e-15,0,-395.527694155788,0,0
99.56,40,40,-6.63676476399928,-5.57401789320382,-14.2805341310174,6.45259984139886e-06,-15,-7244.28810342878,-0,-3.5527136788005e-15,0,-394.596073664084,0,0
99.58,40,40,-6.74824512222318,-5.57401792906664,-14.2805339997143,6.67621350726645e-06,-15,-7214.72937164953,-0,-3.5527136788005e-15,0,-393.662223565223,0,0
99.6,40,40,-6.85972548115714,-5.57401796420833,-14.2805338640287,6.89084889187232e-06,-15,-7185.12298998143,-0,-5.32907051820075e-15,1,-392.726143859191,0,0
99.62,40,40,-6.97120584078667,-5.57401799862335,-14.28053372414,7.09653738881784e-06,-15,-7155.46895842428,-0,-5.32907051820075e-15,0,-391.787834545972,0,0
99.64,40,40,-7.0826862010972,-5.57401803230669,-14.2805335802266,7.29331600973016e-06,-15,-7125.76727697783,-0,-5.32907051820075e-15,0,-390.847295625555,0,0
99.66,40,40,-7.19416656207403,-5.57401806525392,-14.2805334324664,7.48122724289713e-06,-15,-7096.01794564182,-0,-5.32907051820075e-15,0,-389.904527097924,0,0
99.68,40,40,-7.30564692370242,-5.57401809746119,-14.2805332810363,7.66031891169024e-06,-15,-7066.220964416,-0,-5.32907051820075e-15,0,-388.959528963067,0,0
99.7,40,40,-7.41712728596752,-5.57401812892516,-14.2805331261121,7.83064403154566e-06,-15,-7036.37633330009,-0,-3.5527136788005e-15,0,-388.012301220972,0,0
99.72,40,40,-7.52860764885445,-5.57401815964306,-14.2805329678686,7.99226066662725e-06,-15,-7006.48405229382,-0,-3.5527136788005e-15,0,-387.062843871624,0,0
99.74,40,40,-7.64008801234826,-5.57401818961262,-14.2805328064793,8.14523178591706e-06,-15,-6976.54412139689,-0,-5.32907051820075e-15,0,-386.111156915013,0,0
99.76,40,40,-7.75156837643396,-5.57401821883211,-14.2805326421165,8.28962511856369e-06,-15,-6946.556540609,-0,-3.5527136788005e-15,0,-385.157240351127,0,0
99.78,40,40,-7.86304874109653,-5.57401824730033,-14.2805324749511,8.42551300908227e-06,-15,-6916.52130992985,-0,-3.5527136788005e-15,0,-384.201094179952,0,0
99.8,40,40,-7.97452910632096,-5.57401827501654,-14.2805323051522,8.55297227242713e-06,-15,-6886.43842935912,-0,-3.5527136788005e-15,1,-383.242718401479,0,0
99.82,40,40,-8.08600947209218,-5.57401830198053,-14.2805321328878,8.67208404853452e-06,-15,-6856.30789889649,-0,-3.5527136788005e-15,0,-382.282113015696,0,0
99.84,40,40,-8.19748983839516,-5.57401832819257,-14.2805319583239,8.782933657268e-06,-15,-6826.12971854162,-0,-3.5527136788005e-15,0,-381.319278022592,0,0
99.86,40,40,-8.30897020521487,-5.57401835365338,-14.280531781625,8.8856104530884e-06,-15,-6795.90388829418,-0,-1.77635683940025e-15,0,-380.354213422157,0,0
99.88,40,40,-8.4204505725363,-5.57401837836419,-14.2805316029534,8.98020767999926e-06,-15,-6765.63040815382,-0,-1.77635683940025e-15,0,-379.38691921438,0,0
99.9,40,40,-8.53193094034445,-5.57401840232664,-14.2805314224699,9.06682232695883e-06,-15,-6735.3092781202,-0,-1.77635683940025e-15,0,-378.417395399252,0,0
99.92,40,40,-8.64341130862439,-5.57401842554285,-14.280531240333,9.14555498335567e-06,-15,-6704.94049819296,-0,-1.77635683940025e-15,0,-377.445641976763,0,0
99.94,40,40,-8.75489167736121,-5.57401844801536,-14.2805310566995,9.21650969501433e-06,-15,-6674.52406837173,-0,-1.77635683940025e-15,0,-376.471658946904,0,0
99.96,40,40,-8.86637204654006,-5.57401846974713,-14.2805308717238,9.27979382094318e-06,-15,-6644.05998865616,-0,0,0,-375.495446309666,0,0
99.98,40,40,-8.97785241614618,-5.57401849074155,-14.2805306855582,9.33551789016703e-06,-15,-6613.54825904586,-0,-1.77635683940025e-15,0,-374.517004065039,0,0
100,40,40,-9.08933278616484,-5.5740185110024,-14.2805304983527,9.38379546029846e-06,-15,-6582.98887954047,-0,-1.77635683940025e-15,1,-373.536332213017,0,0
100.02,40,40,-9.20081315658141,-5.57401853053387,-14.2805303102552,9.4247429755791e-06,-15,-6552.3818501396,-0,-1.77635683940025e-15,0,-372.55343075359,0,0
100.04,40,40,-9.31229352738136,-5.57401854934052,-14.2805301214111,9.45847962678672e-06,-15,-6521.72717084286,-0,-1.77635683940025e-15,0,-371.568299686751,0,0
100.06,40,40,-9.42377389855023,-5.57401856742729,-14.2805299319633,9.48512721207546e-06,-15,-6491.02484164989,-0,-1.77635683940025e-15,0,-370.580939012492,0,0
100.08,40,40,-9.53525427007369,-5.57401858479949,-14.2805297420524,9.50480999834598e-06,-15,-6460.27486256027,-0,-1.77635683940025e-15,0,-369.591348730807,0,0
100.1,40,40,-9.64673464193748,-5.57401860146276,-14.2805295518165,9.5176545837395e-06,-15,-6429.47723357363,-0,-3.5527136788005e-15,0,-368.599528841687,0,0
100.12,40,40,-9.75821501412751,-5.5740186174231,-14.280529361391,9.52378976204017e-06,-15,-6398.63195468956,-0,-3.5527136788005e-15,0,-367.605479345127,0,0
100.14,40,40,-9.86969538662976,-5.57401863268684,-14.2805291709087,9.52334638752266e-06,-15,-6367.73902590768,-0,-1.77635683940025e-15,0,-366.60920024112,0,0
100.16,40,40,-9.98117575943038,-5.57401864726063,-14.2805289805001,9.51645724149615e-06,-15,-6336.79844722758,-0,-1.77635683940025e-15,0,-365.61069152966,0,0
100.18,40,40,-10.0926561325156,-5.5740186611514,-14.2805287902925,9.50325690039605e-06,-15,-6305.81021864887,-0,-1.77635683940025e-15,0,-364.609953210741,0,0
100.2,40,40,-10.2041365058719,-5.57401867436643,-14.280528600411,9.48388160491482e-06,-15,-6274.77434017113,-0,-1.77635683940025e-15,1,-363.606985284358,0,0
100.22,40,40,-10.3156168794858,-5.57401868691324,-14.2805284109775,9.45846913097748e-06,-15,-6243.69081179398,-0,-1.77635683940025e-15,0,-362.601787750504,0,0
100.24,40,40,-10.4270972533441,-5.57401869879966,-14.2805282221115,9.4271586620741e-06,-15,-6212.55963351702,-0,-1.77635683940025e-15,0,-361.594360609176,0,0
100.26,40,40,-10.5385776274335,-5.57401871003376,-14.2805280339296,9.39009066358552e-06,-15,-6181.38080533983,-0,0,0,-360.584703860369,0,0
100.28,40,40,-10.6500580017411,-5.5740187206239,-14.2805278465453,9.34740675831765e-06,-15,-6150.15432726202,-0,0,0,-359.572817504078,0,0
100.3,40,40,-10.7615383762542,-5.57401873057864,-14.2805276600698,9.29924960390164e-06,-15,-6118.88019928319,-0,0,0,-358.558701540298,0,0
100.32,40,40,-10.8730187509601,-5.5740187399068,-14.2805274746109,9.24576277235692e-06,-15,-6087.55842140294,-0,1.77635683940025e-15,0,-357.542355969026,0,0
100.34,40,40,-10.9844991258464,-5.57401874861744,-14.2805272902738,9.18709063120207e-06,-15,-6056.18899362086,-0,1.77635683940025e-15,0,-356.523780790259,0,0
100.36,40,40,-11.0959795009007,-5.57401875671979,-14.2805271071609,9.12337822624074e-06,-15,-6024.77191593657,-0,1.77635683940025e-15,0,-355.502976003991,0,0
100.38,40,40,-11.2074598761112,-5.57401876422333,-14.2805269253713,9.05477116659522e-06,-15,-5993.30718834965,-0,1.77635683940025e-15,0,-354.479941610221,0,0
100.4,40,40,-11.3189402514657,-5.57401877113769,-14.2805267450017,8.98141551166954e-06,-15,-5961.79481085973,-0,1.77635683940025e-15,1,-353.454677608946,0,0
100.42,40,40,-11.4304206269528,-5.57401877747271,-14.2805265661454,8.90345765985125e-06,-15,-5930.23478346641,-0,3.5527136788005e-15,0,-352.427184000162,0,0
100.44,40,40,-11.5419010025608,-5.57401878323839,-14.2805263888931,8.82104423965162e-06,-15,-5898.62710616929,-0,3.5527136788005e-15,0,-351.397460783867,0,0
100.46,40,40,-11.6533813782786,-5.5740187884449,-14.2805262133324,8.7343220026694e-06,-15,-5866.97177896799,-0,3.5527136788005e-15,0,-350.365507960059,0,0
100.48,40,40,-11.764861754095,-5.57401879310256,-14.2805260395479,8.64343771846286e-06,-15,-5835.26880186212,-0,3.5527136788005e-15,0,-349.331325528735,0,0
100.5,40,40,-11.8763421299991,-5.57401879722181,-14.2805258676216,8.54853807219955e-06,-15,-5803.5181748513,-0,5.32907051820075e-15,0,-348.294913489894,0,0
100.52,40,40,-11.9878225059803,-5.57401880081326,-14.2805256976322,8.44976956368432e-06,-15,-5771.71989793515,-0,3.5527136788005e-15,0,-347.256271843535,0,0
100.54,40,40,-12.0993028820282,-5.57401880388762,-14.2805255296556,8.34727840927096e-06,-15,-5739.8739711133,-0,3.5527136788005e-15,0,-346.215400589655,0,0
100.56,40,40,-12.2107832581325,-5.57401880645571,-14.2805253637649,8.24121044542781e-06,-15,-5707.98039438537,-0,1.77635683940025e-15,0,-345.172299728253,0,0
100.58,40,40,-12.3222636342831,-5.57401880852846,-14.2805252000301,8.13171103465696e-06,-15,-5676.03916775099,-0,1.77635683940025e-15,0,-344.126969259329,0,0
100.6,40,40,-12.4337440104704,-5.57401881011689,-14.2805250385184,8.01892497436075e-06,-15,-5644.0502912098,-0,1.77635683940025e-15,1,-343.079409182882,0,0
100.62,40,40,-12.5452243866846,-5.5740188112321,-14.2805248792941,7.90299640676845e-06,-15,-5612.01376476144,-0,0,0,-342.02961949891,0,0
100.64,40,40,-12.6567047629166,-5.57401881188529,-14.2805247224185,7.78406873210714e-06,-15,-5579.92958840554,-0,0,0,-340.977600207414,0,0
100.66,40,40,-12.7681851391571,-5.5740188120877,-14.2805245679504,7.6622845238293e-06,-15,-5547.79776214177,-0,0,0,-339.923351308393,0,0
100.68,40,40,-12.8796655153972,-5.57401881185062,-14.2805244159452,7.5377854458972e-06,-15,-5515.61828596977,-0,1.77635683940025e-15,0,-338.866872801848,0,0
100.7,40,40,-12.9911458916282,-5.57401881118543,-14.2805242664561,7.41071217265412e-06,-15,-5483.39115988919,-0,1.77635683940025e-15,0,-337.808164687778,0,0
100.72,40,40,-13.1026262678418,-5.57401881010351,-14.280524119533,7.28120431079476e-06,-15,-5451.1163838997,-0,1.77635683940025e-15,0,-336.747226966183,0,0
100.74,40,40,-13.2141066440297,-5.57401880861629,-14.2805239752232,7.14940032419809e-06,-15,-5418.79395800097,-0,3.5527136788005e-15,0,-335.684059637064,0,0
100.76,40,40,-13.3255870201838,-5.57401880673522,-14.2805238335714,7.01543746032936e-06,-15,-5386.42388219266,-0,3.5527136788005e-15,0,-334.618662700422,0,0
100.78,40,40,-13.4370673962965,-5.57401880447175,-14.2805236946192,6.87945167954695e-06,-15,-5354.00615647446,-0,3.5527136788005e-15,0,-333.551036156257,0,0
100.8,40,40,-13.5485477723602,-5.57401880183738,-14.2805235584059,6.74157758672044e-06,-15,-5321.54078084605,-0,3.5527136788005e-15,1,-332.48118000457,0,0
100.82,40,40,-13.6600281483676,-5.57401879884355,-14.2805234249678,6.60194836482063e-06,-15,-5289.02775530711,-0,3.5527136788005e-15,0,-331.409094245363,0,0
100.84,40,40,-13.7715085243116,-5.57401879550175,-14.2805232943388,6.46069571135086e-06,-15,-5256.46707985734,-0,3.5527136788005e-15,0,-330.334778878636,0,0
100.86,40,40,-13.8829889001854,-5.57401879182341,-14.2805231665499,6.31794977670787e-06,-15,-5223.85875449643,-0,1.77635683940025e-15,0,-329.258233904391,0,0
100.88,40,40,-13.9944692759824,-5.57401878781996,-14.2805230416299,6.17383910510828e-06,-15,-5191.2027792241,-0,1.77635683940025e-15,0,-328.179459322629,0,0
100.9,40,40,-14.1059496516962,-5.57401878350278,-14.2805229196046,6.02849057774148e-06,-15,-5158.49915404005,-0,1.77635683940025e-15,0,-327.098455133352,0,0
100.92,40,40,-14.2174300273205,-5.57401877888325,-14.2805228004977,5.88202935838213e-06,-15,-5125.747878944,-0,1.77635683940025e-15,0,-326.015221336562,0,0
100.94,40,40,-14.3289104028495,-5.57401877397266,-14.28052268433,5.73457884097467e-06,-15,-5092.94895393568,-0,0,0,-324.92975793226,0,0
100.96,40,40,-14.4403907782775,-5.57401876878228,-14.2805225711203,5.58626060008021e-06,-15,-5060.10237901481,-0,1.77635683940025e-15,0,-323.842064920449,0,0
100.98,40,40,-14.551871153599,-5.57401876332332,-14.2805224608846,5.43719434321068e-06,-15,-5027.20815418112,-0,1.77635683940025e-15,0,-322.75214230113,0,0
101,40,40,-14.6633515288088,-5.5740187576069,-14.2805223536367,5.28749786521963e-06,-15,-4994.26627943436,-0,1.77635683940025e-15,1,-321.659990074305,0,0
101.02,40,40,-14.7748319039017,-5.5740187516441,-14.2805222493881,5.13728700570402e-06,-15,-4961.27675477428,-0,1.77635683940025e-15,0,-320.565608239978,0,0
101.04,40,40,-14.886312278873,-5.57401874544591,-14.2805221481479,4.98667560778422e-06,-15,-4928.23958020063,-0,1.77635683940025e-15,0,-319.46899679815,0,0
101.06,40,40,-14.997792653718,-5.57401873902324,-14.280522049923,4.83577547985257e-06,-15,-4895.15475571316,-0,3.5527136788005e-15,0,-318.370155748824,0,0
101.08,40,40,-15.1092730284325,-5.57401873238691,-14.2805219547181,4.68469635891215e-06,-15,-4862.02228131166,-0,3.5527136788005e-15,0,-317.269085092002,0,0
101.1,40,40,-15.2207534030121,-5.57401872554766,-14.2805218625356,4.53354587665088e-06,-15,-4828.84215699588,-0,1.77635683940025e-15,0,-316.165784827688,0,0
101.12,40,40,-15.3322337774531,-5.57401871851611,-14.280521773376,4.38242952731791e-06,-15,-4795.61438276562,-0,1.77635683940025e-15,0,-315.060254955883,0,0
101.14,40,40,-15.4437141517516,-5.57401871130279,-14.2805216872375,4.23145063774161e-06,-15,-4762.33895862064,-0,1.77635683940025e-15,0,-313.95249547659,0,0
101.16,40,40,-15.5551945259041,-5.57401870391812,-14.2805216041164,4.08071033965872e-06,-15,-4729.01588456076,-0,1.77635683940025e-15,0,-312.842506389814,0,0
101.18,40,40,-15.6666748999072,-5.57401869637241,-14.2805215240069,3.9303075441427e-06,-15,-4695.64516058576,-0,1.77635683940025e-15,0,-311.730287695555,0,0
101.2,40,40,-15.7781552737579,-5.57401868867584,-14.2805214469012,3.78033891785561e-06,-15,-4662.22678669546,-0,1.77635683940025e-15,1,-310.615839393818,0,0
101.22,40,40,-15.8896356474533,-5.57401868083848,-14.2805213727898,3.63089886156872e-06,-15,-4628.76076288967,-0,3.5527136788005e-15,0,-309.499161484606,0,0
101.24,40,40,-16.0011160209906,-5.57401867287027,-14.2805213016611,3.48207949078235e-06,-15,-4595.24708916819,-0,1.77635683940025e-15,0,-308.380253967921,0,0
101.26,40,40,-16.1125963943673,-5.57401866478101,-14.2805212335019,3.33397061797842e-06,-15,-4561.68576553087,-0,3.5527136788005e-15,0,-307.259116843767,0,0
101.28,40,40,-16.2240767675811,-5.57401865658037,-14.280521168297,3.18665973712045e-06,-15,-4528.07679197753,-0,3.5527136788005e-15,0,-306.135750112148,0,0
101.3,40,40,-16.3355571406299,-5.57401864827789,-14.2805211060296,3.04023201010449e-06,-15,-4494.42016850801,-0,3.5527136788005e-15,0,-305.010153773065,0,0
101.32,40,40,-16.4470375135116,-5.57401863988297,-14.2805210466813,2.89477025494862e-06,-15,-4460.71589512215,-0,5.32907051820075e-15,0,-303.882327826524,0,0
101.34,40,40,-16.5585178862246,-5.57401863140484,-14.2805209902318,2.75035493601803e-06,-15,-4426.96397181981,-0,5.32907051820075e-15,0,-302.752272272526,0,0
101.36,40,40,-16.6699982587673,-5.57401862285261,-14.2805209366596,2.60706415586163e-06,-15,-4393.16439860084,-0,5.32907051820075e-15,0,-301.619987111076,0,0
101.38,40,40,-16.7814786311383,-5.57401861423521,-14.2805208859412,2.46497364910537e-06,-15,-4359.31717546511,-0,5.32907051820075e-15,0,-300.485472342176,0,0
101.4,40,40,-16.8929590033364,-5.57401860556145,-14.2805208380521,2.3241567782539e-06,-15,-4325.42230241249,-0,5.32907051820075e-15,1,-299.348727965831,0,0
101.42,40,40,-17.0044393753604,-5.57401859683995,-14.280520792966,2.18468453036159e-06,-15,-4291.47977944285,-0,5.32907051820075e-15,0,-298.209753982044,0,0
101.44,40,40,-17.1159197472097,-5.57401858807919,-14.2805207506553,2.04662551671451e-06,-15,-4257.48960655608,-0,5.32907051820075e-15,0,-297.068550390818,0,0
101.46,40,40,-17.2274001188834,-5.57401857928748,-14.2805207110911,1.91004597329685e-06,-15,-4223.45178375207,-0,5.32907051820075e-15,0,-295.925117192157,0,0
101.48,40,40,-17.338880490381,-5.57401857047295,-14.2805206742432,1.77500976308098e-06,-15,-4189.36631103072,-0,3.5527136788005e-15,0,-294.779454386064,0,0
101.5,40,40,-17.4503608617022,-5.5740185616436,-14.28052064008,1.64157837988646e-06,-15,-4155.23318839192,-0,3.5527136788005e-15,0,-293.631561972543,0,0
101.52,40,40,-17.5618412328467,-5.57401855280723,-14.280520608569,1.50981095412632e-06,-15,-4121.05241583558,-0,3.5527136788005e-15,0,-292.481439951597,0,0
101.54,40,40,-17.6733216038145,-5.57401854397148,-14.2805205796761,1.37976425971939e-06,-15,-4086.82399336162,-0,1.77635683940025e-15,0,-291.32908832323,0,0
101.56,40,40,-17.7848019746056,-5.57401853514382,-14.2805205533666,1.25149272267785e-06,-15,-4052.54792096995,-0,1.77635683940025e-15,0,-290.174507087446,0,0
101.58,40,40,-17.8962823452204,-5.57401852633153,-14.2805205296042,1.12504843100932e-06,-15,-4018.22419866051,-0,1.77635683940025e-15,0,-289.017696244247,0,0
101.6,40,40,-18.0077627156591,-5.57401851754174,-14.2805205083521,1.00048114631532e-06,-15,-3983.85282643322,-0,1.77635683940025e-15,1,-287.858655793638,0,0
101.62,40,40,-18.1192430859222,-5.57401850878139,-14.2805204895721,8.77838316492242e-07,-15,-3949.43380428803,-0,3.5527136788005e-15,0,-286.697385735622,0,0
101.64,40,40,-18.2307234560105,-5.57401850005724,-14.2805204732254,7.57165089895465e-07,-15,-3914.96713222486,-0,3.5527136788005e-15,0,-285.533886070202,0,0
101.66,40,40,-18.3422038259248,-5.57401849137587,-14.2805204592721,6.38504330945244e-07,-15,-3880.45281024368,-0,3.5527136788005e-15,0,-284.368156797383,0,0
101.68,40,40,-18.4536841956659,-5.57401848274371,-14.2805204476716,5.21896636729218e-07,-15,-3845.89083834444,-0,3.5527136788005e-15,0,-283.200197917166,0,0
101.7,40,40,-18.5651645652349,-5.57401847416696,-14.2805204383823,4.07380355067959e-07,-15,-3811.2812165271,-0,3.5527136788005e-15,0,-282.030009429557,0,0
101.72,40,40,-18.676644934633,-5.57401846565167,-14.2805204313622,2.94991603661911e-07,-15,-3776.62394479162,-0,5.32907051820075e-15,0,-280.857591334558,0,0
101.74,40,40,-18.7881253038614,-5.57401845720373,-14.2805204265682,1.84764290552961e-07,-15,-3741.91902313797,-0,3.5527136788005e-15,0,-279.682943632173,0,0
101.76,40,40,-18.8996056729216,-5.57401844882879,-14.280520423957,7.67301354129443e-08,-15,-3707.16645156613,-0,5.32907051820075e-15,0,-278.506066322405,0,0
101.78,40,40,-19.0110860418151,-5.57401844053239,-14.2805204234842,-2.90813076411667e-08,-15,-3672.36623007607,-0,3.5527136788005e-15,0,-277.326959405257,0,0
101.8,40,40,-19.1225664105435,-5.57401843231982,-14.2805204251052,-1.32642626829221e-07,-15,-3637.51835866779,-0,5.32907051820075e-15,1,-276.145622880733,0,0
101.82,40,40,-19.2340467791085,-5.57401842419625,-14.2805204287748,-2.33928527581503e-07,-15,-3602.62283734128,-0,5.32907051820075e-15,0,-274.962056748836,0,0
101.84,40,40,-19.345527147512,-5.57401841616663,-14.280520434447,-3.32915807412353e-07,-15,-3567.67966609653,-0,5.32907051820075e-15,0,-273.77626100957,0,0
101.86,40,40,-19.4570075157558,-5.57401840823574,-14.2805204420759,-4.29583329267116e-07,-15,-3532.68884493353,-0,5.32907051820075e-15,0,-272.588235662937,0,0
101.88,40,40,-19.5684878838421,-5.57401840040819,-14.2805204516148,-5.23911993872523e-07,-15,-3497.65037385231,-0,5.32907051820075e-15,0,-271.397980708941,0,0
101.9,40,40,-19.6799682517729,-5.5740183926884,-14.2805204630167,-6.15884711769011e-07,-15,-3462.56425285285,-0,5.32907051820075e-15,0,-270.205496147584,0,0
101.92,40,40,-19.7914486195504,-5.57401838508061,-14.2805204762344,-7.05486373943604e-07,-15,-3427.43048193519,-0,5.32907051820075e-15,0,-269.010781978871,0,0
101.94,40,40,-19.9029289871769,-5.5740183775889,-14.2805204912202,-7.92703822102324e-07,-15,-3392.24906109934,-0,5.32907051820075e-15,0,-267.813838202803,0,0
101.96,40,40,-20.0144093546547,-5.57401837021716,-14.2805205079265,-8.77525818179278e-07,-15,-3357.01999034531,-0,5.32907051820075e-15,0,-266.614664819385,0,0
101.98,40,40,-20.1258897219864,-5.57401836296909,-14.2805205263052,-9.59943012658333e-07,-15,-3321.74326967314,-0,7.105427357601e-15,0,-265.413261828618,0,0
102,40,40,-20.2373700891743,-5.57401835584826,-14.2805205463082,-1.03994791278877e-06,-15,-3286.41889908286,-0,7.105427357601e-15,1,-264.209629230506,0,0
102.02,40,40,-20.3488504562212,-5.57401834885802,-14.280520567887,-1.117534849974e-06,-15,-3251.0468785745,-0,7.105427357601e-15,0,-263.003767025052,0,0
102.04,40,40,-20.4603308231296,-5.57401834200157,-14.2805205909934,-1.19269994624851e-06,-15,-3215.6272081481,-0,7.105427357601e-15,0,-261.795675212258,0,0
102.06,40,40,-20.5718111899022,-5.57401833528195,-14.2805206155789,-1.26544108067002e-06,-15,-3180.1598878037,-0,7.105427357601e-15,0,-260.585353792128,0,0
102.08,40,40,-20.6832915565418,-5.574018328702,-14.2805206415949,-1.33575785494826e-06,-15,-3144.64491754135,-0,7.105427357601e-15,0,-259.372802764663,0,0
102.1,40,40,-20.7947719230512,-5.57401832226443,-14.280520668993,-1.4036515584589e-06,-15,-3109.0822973611,-0,5.32907051820075e-15,0,-258.158022129867,0,0
102.12,40,40,-20.9062522894333,-5.57401831597176,-14.2805206977248,-1.4691251331302e-06,-15,-3073.472027263,-0,7.105427357601e-15,0,-256.941011887742,0,0
102.14,40,40,-21.017732655691,-5.57401830982634,-14.2805207277419,-1.53218313752398e-06,-15,-3037.81410724711,-0,5.32907051820075e-15,0,-255.72177203829,0,0
102.16,40,40,-21.1292130218274,-5.57401830383039,-14.2805207589961,-1.59283171076807e-06,-15,-3002.10853731348,-0,5.32907051820075e-15,0,-254.500302581515,0,0
102.18,40,40,-21.2406933878453,-5.57401829798594,-14.2805207914392,-1.65107853595879e-06,-15,-2966.35531746218,-0,5.32907051820075e-15,0,-253.276603517418,0,0
102.2,40,40,-21.3521737537478,-5.57401829229487,-14.2805208250233,-1.70693280330889e-06,-15,-2930.55444769328,-0,7.105427357601e-15,1,-252.050674846002,0,0
102.22,40,40,-21.4636541195381,-5.57401828675892,-14.2805208597006,-1.76040517340156e-06,-15,-2894.70592800684,-0,7.105427357601e-15,0,-250.822516567269,0,0
102.24,40,40,-21.5751344852192,-5.57401828137965,-14.2805208954237,-1.81150773927819e-06,-15,-2858.80975840293,-0,5.32907051820075e-15,0,-249.592128681221,0,0
102.26,40,40,-21.6866148507943,-5.57401827615849,-14.2805209321452,-1.86025398899268e-06,-15,-2822.86593888164,-0,7.105427357601e-15,0,-248.359511187861,0,0
102.28,40,40,-21.7980952162666,-5.57401827109671,-14.2805209698182,-1.90665876799602e-06,-15,-2786.87446944302,-0,5.32907051820075e-15,0,-247.12466408719,0,0
102.3,40,40,-21.9095755816393,-5.57401826619544,-14.2805210083961,-1.95073824082129e-06,-15,-2750.83535008717,-0,5.32907051820075e-15,0,-245.887587379211,0,0
102.32,40,40,-22.0210559469155,-5.57401826145565,-14.2805210478324,-1.99250985315016e-06,-15,-2714.74858081417,-0,5.32907051820075e-15,0,-244.648281063925,0,0
102.34,40,40,-22.1325363120986,-5.57401825687818,-14.2805210880812,-2.03199229330704e-06,-15,-2678.61416162409,-0,7.105427357601e-15,0,-243.406745141335,0,0
102.36,40,40,-22.2440166771917,-5.57401825246373,-14.280521129097,-2.06920545426201e-06,-15,-2642.43209251703,-0,5.32907051820075e-15,0,-242.162979611442,0,0
102.38,40,40,-22.3554970421982,-5.57401824821287,-14.2805211708344,-2.10417039510374e-06,-15,-2606.20237349306,-0,5.32907051820075e-15,0,-240.916984474248,0,0
102.4,40,40,-22.4669774071213,-5.57401824412601,-14.2805212132489,-2.13690930227909e-06,-15,-2569.9250045523,-0,5.32907051820075e-15,1,-239.668759729754,0,0
102.42,40,40,-22.5784577719644,-5.57401824020346,-14.2805212562961,-2.16744545168092e-06,-15,-2533.59998569481,-0,5.32907051820075e-15,0,-238.418305377964,0,0
102.44,40,40,-22.6899381367306,-5.57401823644536,-14.2805212999322,-2.19580317001495e-06,-15,-2497.2273169207,-0,5.32907051820075e-15,0,-237.165621418876,0,0
102.46,40,40,-22.8014185014233,-5.57401823285177,-14.2805213441139,-2.22200779639987e-06,-15,-2460.80699823006,-0,3.5527136788005e-15,0,-235.910707852495,0,0
102.48,40,40,-22.9128988660457,-5.57401822942259,-14.2805213887984,-2.24608564422187e-06,-15,-2424.33902962299,-0,3.5527136788005e-15,0,-234.65356467882,0,0
102.5,40,40,-23.0243792306013,-5.57401822615762,-14.2805214339433,-2.26806396277717e-06,-15,-2387.82341109959,-0,5.32907051820075e-15,0,-233.394191897853,0,0
102.52,40,40,-23.1358595950931,-5.57401822305652,-14.2805214795071,-2.28797089950822e-06,-15,-2351.26014265995,-0,3.5527136788005e-15,0,-232.132589509596,0,0
102.54,40,40,-23.2473399595246,-5.57401822011885,-14.2805215254485,-2.30583546200667e-06,-15,-2314.64922430418,-0,3.5527136788005e-15,0,-230.86875751405,0,0
102.56,40,40,-23.358820323899,-5.57401821734405,-14.2805215717271,-2.32168748016478e-06,-15,-2277.99065603237,-0,3.5527136788005e-15,0,-229.602695911216,0,0
102.58,40,40,-23.4703006882195,-5.57401821473145,-14.2805216183028,-2.33555756896295e-06,-15,-2241.28443784464,-0,3.5527136788005e-15,0,-228.334404701095,0,0
102.6,40,40,-23.5817810524893,-5.57401821228029,-14.2805216651364,-2.34747709085431e-06,-15,-2204.53056974109,-0,3.5527136788005e-15,1,-227.063883883687,0,0
102.62,40,40,-23.6932614167117,-5.57401820998967,-14.2805217121891,-2.35747811887033e-06,-15,-2167.72905172181,-0,5.32907051820075e-15,0,-225.791133458995,0,0
102.64,40,40,-23.80474178089,-5.57401820785861,-14.280521759423,-2.3655933999596e-06,-15,-2130.87988378692,-0,5.32907051820075e-15,0,-224.516153427019,0,0
102.66,40,40,-23.9162221450271,-5.57401820588603,-14.2805218068005,-2.37185631817821e-06,-15,-2093.98306593652,-0,5.32907051820075e-15,0,-223.23894378776,0,0
102.68,40,40,-24.0277025091264,-5.57401820407075,-14.2805218542851,-2.37630085872832e-06,-15,-2057.03859817071,-0,5.32907051820075e-15,0,-221.959504541218,0,0
102.7,40,40,-24.139182873191,-5.57401820241151,-14.2805219018407,-2.37896157218746e-06,-15,-2020.04648048962,-0,5.32907051820075e-15,0,-220.677835687395,0,0
102.72,40,40,-24.2506632372239,-5.57401820090693,-14.2805219494319,-2.37987353863193e-06,-15,-1983.00671289334,-0,5.32907051820075e-15,0,-219.393937226291,0,0
102.74,40,40,-24.3621436012283,-5.57401819955557,-14.2805219970242,-2.37907233250221e-06,-15,-1945.91929538198,-0,7.105427357601e-15,0,-218.107809157906,0,0
102.76,40,40,-24.4736239652072,-5.57401819835588,-14.2805220445836,-2.37659398814702e-06,-15,-1908.78422795565,-0,7.105427357601e-15,0,-216.819451482242,0,0
102.78,40,40,-24.5851043291635,-5.57401819730627,-14.280522092077,-2.37247496502801e-06,-15,-1871.60151061446,-0,7.105427357601e-15,0,-215.528864199298,0,0
102.8,40,40,-24.6965846931004,-5.57401819640502,-14.2805221394719,-2.36675211383625e-06,-15,-1834.37114335852,-0,7.105427357601e-15,1,-214.236047309076,0,0
102.82,40,40,-24.8080650570207,-5.57401819565036,-14.2805221867366,-2.35946264294799e-06,-15,-1797.09312618794,-0,5.32907051820075e-15,0,-212.941000811574,0,0
102.84,40,40,-24.9195454209274,-5.57401819504046,-14.2805222338402,-2.35064408534691e-06,-15,-1759.76745910282,-0,5.32907051820075e-15,0,-211.643724706795,0,0
102.86,40,40,-25.0310257848233,-5.5740181945734,-14.2805222807525,-2.34033426565233e-06,-15,-1722.39414210328,-0,5.32907051820075e-15,0,-210.344218994737,0,0
102.88,40,40,-25.1425061487113,-5.57401819424719,-14.2805223274439,-2.32857126812286e-06,-15,-1684.97317518942,-0,3.5527136788005e-15,0,-209.042483675402,0,0
102.9,40,40,-25.2539865125941,-5.57401819405978,-14.2805223738859,-2.31539340470242e-06,-15,-1647.50455836136,-0,3.5527136788005e-15,0,-207.738518748789,0,0
102.92,40,40,-25.3654668764746,-5.57401819400906,-14.2805224200505,-2.30083918416884e-06,-15,-1609.9882916192,-0,3.5527136788005e-15,0,-206.432324214898,0,0
102.94,40,40,-25.4769472403554,-5.57401819409288,-14.2805224659105,-2.28494728079483e-06,-15,-1572.42437496304,-0,3.5527136788005e-15,0,-205.12390007373,0,0
102.96,40,40,-25.5884276042392,-5.574018194309,-14.2805225114397,-2.26775650451435e-06,-15,-1534.812808393,-0,5.32907051820075e-15,0,-203.813246325284,0,0
102.98,40,40,-25.6999079681286,-5.57401819465514,-14.2805225566124,-2.24930577115265e-06,-15,-1497.15359190918,-0,5.32907051820075e-15,0,-202.50036296956,0,0
103,40,40,-25.8113883320262,-5.57401819512897,-14.2805226014038,-2.22963407284704e-06,-15,-1459.44672551169,-0,5.32907051820075e-15,1,-201.185250006559,0,0
103.02,40,40,-25.9228686959346,-5.57401819572813,-14.2805226457899,-2.20878044986728e-06,-15,-1421.69220920064,-0,5.32907051820075e-15,0,-199.867907436279,0,0
103.04,40,40,-26.0343490598562,-5.57401819645018,-14.2805226897474,-2.18678396243577e-06,-15,-1383.89004297612,-0,5.32907051820075e-15,0,-198.548335258721,0,0
103.06,40,40,-26.1458294237934,-5.57401819729267,-14.2805227332539,-2.16368366284475e-06,-15,-1346.04022683825,-0,7.105427357601e-15,0,-197.226533473885,0,0
103.08,40,40,-26.2573097877487,-5.57401819825309,-14.2805227762876,-2.13951856893043e-06,-15,-1308.14276078712,-0,5.32907051820075e-15,0,-195.902502081769,0,0
103.1,40,40,-26.3687901517243,-5.57401819932889,-14.2805228188278,-2.11432763731396e-06,-15,-1270.19764482284,-0,5.32907051820075e-15,0,-194.576241082375,0,0
103.12,40,40,-26.4802705157226,-5.5740182005175,-14.2805228608542,-2.08814973778734e-06,-15,-1232.20487894551,-0,5.32907051820075e-15,0,-193.2477504757,0,0
103.14,40,40,-26.5917508797457,-5.57401820181632,-14.2805229023474,-2.06102362812344e-06,-15,-1194.16446315523,-0,3.5527136788005e-15,0,-191.917030261746,0,0
103.16,40,40,-26.7032312437959,-5.5740182032227,-14.280522943289,-2.03298792933128e-06,-15,-1156.0763974521,-0,3.5527136788005e-15,0,-190.58408044051,0,0
103.18,40,40,-26.8147116078753,-5.57401820473398,-14.2805229836611,-2.00408110163223e-06,-15,-1117.94068183622,-0,5.32907051820075e-15,0,-189.248901011994,0,0
103.2,40,40,-26.926191971986,-5.57401820634748,-14.2805230234467,-1.97434142100874e-06,-15,-1079.75731630768,-0,5.32907051820075e-15,1,-187.911491976195,0,0
103.22,40,40,-27.0376723361299,-5.57401820806047,-14.2805230626295,-1.94380695655876e-06,-15,-1041.52630086659,-0,3.5527136788005e-15,0,-186.571853333114,0,0
103.24,40,40,-27.149152700309,-5.57401820987024,-14.280523101194,-1.91251554789264e-06,-15,-1003.24763551303,-0,5.32907051820075e-15,0,-185.22998508275,0,0
103.26,40,40,-27.2606330645253,-5.57401821177402,-14.2805231391253,-1.88050478392941e-06,-15,-964.921320247103,-0,5.32907051820075e-15,0,-183.885887225101,0,0
103.28,40,40,-27.3721134287806,-5.57401821376907,-14.2805231764096,-1.84781198179907e-06,-15,-926.5473550689,-0,3.5527136788005e-15,0,-182.539559760168,0,0
103.3,40,40,-27.4835937930767,-5.57401821585259,-14.2805232130335,-1.81447416631748e-06,-15,-888.125739978508,-0,3.5527136788005e-15,0,-181.19100268795,0,0
103.32,40,40,-27.5950741574153,-5.57401821802181,-14.2805232489845,-1.78052805037289e-06,-15,-849.656474976022,-0,1.77635683940025e-15,0,-179.840216008445,0,0
103.34,40,40,-27.7065545217981,-5.57401822027394,-14.2805232842508,-1.7460100158638e-06,-15,-811.139560061526,-0,1.77635683940025e-15,0,-178.487199721653,0,0
103.36,40,40,-27.8180348862268,-5.57401822260616,-14.2805233188213,-1.71095609493375e-06,-15,-772.57499523511,-0,1.77635683940025e-15,0,-177.131953827573,0,0
103.38,40,40,-27.9295152507029,-5.57401822501568,-14.2805233526857,-1.6754019524146e-06,-15,-733.962780496858,-0,1.77635683940025e-15,0,-175.774478326204,0,0
103.4,40,40,-28.0409956152279,-5.5740182274997,-14.2805233858343,-1.63938286829109e-06,-15,-695.302915846854,-0,1.77635683940025e-15,1,-174.414773217544,0,0
103.42,40,40,-28.1524759798033,-5.57401823005539,-14.2805234182582,-1.60293372122559e-06,-15,-656.59540128518,-0,1.77635683940025e-15,0,-173.052838501594,0,0
103.44,40,40,-28.2639563444306,-5.57401823267997,-14.280523449949,-1.56608897242205e-06,-15,-617.840236811919,-0,0,0,-171.688674178352,0,0
103.46,40,40,-28.375436709111,-5.57401823537063,-14.2805234808993,-1.52888265031695e-06,-15,-579.037422427148,-0,1.77635683940025e-15,0,-170.322280247817,0,0
103.48,40,40,-28.4869170738458,-5.57401823812458,-14.2805235111022,-1.49134833571552e-06,-15,-540.186958130946,-0,0,0,-168.953656709987,0,0
103.5,40,40,-28.5983974386364,-5.57401824093903,-14.2805235405513,-1.45351914756401e-06,-15,-501.28884392339,-0,0,0,-167.582803564862,0,0
103.52,40,40,-28.7098778034838,-5.57401824381122,-14.2805235692412,-1.4154277294854e-06,-15,-462.343079804551,-0,1.77635683940025e-15,0,-166.209720812441,0,0
103.54,40,40,-28.8213581683892,-5.57401824673836,-14.2805235971669,-1.37710623686631e-06,-15,-423.349665774506,-0,0,0,-164.834408452723,0,0
103.56,40,40,-28.9328385333537,-5.57401824971772,-14.2805236243241,-1.33858632421963e-06,-15,-384.308601833325,-0,0,0,-163.456866485705,0,0
103.58,40,40,-29.0443188983782,-5.57401825274656,-14.2805236507092,-1.29989913381929e-06,-15,-345.219887981076,-0,-1.77635683940025e-15,0,-162.077094911388,0,0
103.6,40,40,-29.1557992634638,-5.57401825582216,-14.2805236763191,-1.26107528441993e-06,-15,-306.08352421783,-0,-1.77635683940025e-15,1,-160.69509372977,0,0
103.62,40,40,-29.2672796286114,-5.57401825894183,-14.2805237011515,-1.22214486031579e-06,-15,-266.89951054365,-0,-1.77635683940025e-15,0,-159.310862940849,0,0
103.64,40,40,-29.3787599938218,-5.57401826210287,-14.2805237252044,-1.18313740179902e-06,-15,-227.667846958602,-0,-1.77635683940025e-15,0,-157.924402544625,0,0
103.66,40,40,-29.4902403590958,-5.57401826530264,-14.2805237484767,-1.14408189568166e-06,-15,-188.388533462749,-0,-1.77635683940025e-15,0,-156.535712541096,0,0
103.68,40,40,-29.6017207244341,-5.57401826853849,-14.2805237709676,-1.10500676636886e-06,-15,-149.061570056151,-0,-1.77635683940025e-15,0,-155.144792930261,0,0
103.7,40,40,-29.7132010898375,-5.57401827180782,-14.280523792677,-1.06593986780149e-06,-15,-109.686956738868,-0,-1.77635683940025e-15,0,-153.751643712118,0,0
103.72,40,40,-29.8246814553066,-5.57401827510803,-14.2805238136054,-1.02690847546232e-06,-15,-70.2646935109574,-0,0,0,-152.356264886667,0,0
103.74,40,40,-29.936161820842,-5.57401827843658,-14.2805238337538,-9.87939279463644e-07,-15,-30.7947803724756,-0,0,0,-150.958656453905,0,0
103.76,40,40,-30.0476420677619,-5.57399447787358,-14.2805046531236,0.00381580694162203,-14.8,8.70979550148538,-0,0,0,-149.558818413833,0,0
103.78,40,40,-30.1591211192726,-5.5738985196953,-14.2802958783739,0.0189193916963765,-14.56,48.2221014646757,-0,0,0,-148.156750778761,0,0
103.8,40,40,-30.2705975169413,-5.57372876915429,-14.2796745056458,0.0450286182029319,-14.32,87.7404964203979,-0,0,1,-146.752453586736,0,0
103.82,40,40,-30.3820697634421,-5.57348297983076,-14.2784232461175,0.0818608627657397,-14.08,127.263342435599,-0,1.77635683940025e-15,0,-145.345926905733,0,0
103.84,40,40,-30.4935363106804,-5.57315832492307,-14.2763304760474,0.129132277562791,-13.84,166.789005200302,-0,3.5527136788005e-15,0,-143.937170834162,0,0
103.86,40,40,-30.6049955484033,-5.57275141901049,-14.2731902590784,0.186558007867132,-13.6,206.315854495809,-0,3.5527136788005e-15,0,-142.526185501998,0,0
103.88,40,40,-30.7164457932436,-5.57225833966721,-14.2688023642343,0.253852405590013,-13.36,245.842264651245,-0,1.77635683940025e-15,0,-141.112971072134,0,0
103.9,40,40,-30.8278852781945,-5.57167464891674,-14.2629722796829,0.330729239071522,-13.12,285.366614988339,-0,0,0,-139.697527741951,0,0
103.92,40,40,-30.9393121425114,-5.5709954145159,-14.2555112223413,0.416901899048719,-12.88,324.887290254374,-0,0,0,-138.279855745089,0,0
103.94,40,40,-31.0507244220384,-5.57021523105851,-14.2462361434006,0.512083600735335,-12.64,364.402681043237,-0,0,0,-136.859955353423,0,0
103.96,40,40,-31.1621200399544,-5.56932824088834,-14.2349697298484,0.61598758195123,-12.4,403.911184204502,-0,0,0,-135.43782687922,0,0
103.98,40,40,-31.2734967979353,-5.56832815481216,-14.2215404020687,0.728327297243765,-12.16,443.411203240511,-0,0,0,-134.013470677488,0,0
104,40,40,-31.3848523677287,-5.56720827260319,-14.2057823076004,0.848816607947258,-11.92,482.901148691405,-0,0,1,-132.586887148483,0,0
104.02,40,40,-31.4961842831369,-5.56596150328628,-14.1875353111343,0.977169968130625,-11.68,522.379438508078,-0,1.77635683940025e-15,0,-131.158076740396,0,0
104.04,40,40,-31.6074899324021,-5.56458038519591,-14.1666449808345,1.11310260638719,-11.44,561.844498413031,-0,1.77635683940025e-15,0,-129.727039952182,0,0
104.06,40,40,-31.7187665509921,-5.5630571057989,-14.1429625710643,1.25633070342446,-11.2,601.29476224912,-0,0,0,-128.293777336551,0,0
104.08,40,40,-31.8300112147786,-5.5613835212736,-14.1163450016036,1.40657156541562,-10.96,640.728672316184,-0,1.77635683940025e-15,0,-126.858289503084,0,0
104.1,40,40,-31.941220833605,-5.5595511758381,-14.0866548334416,1.56354379307784,-10.72,680.144679695571,-0,1.77635683940025e-15,0,-125.420577121499,0,0
104.12,40,40,-32.052392145239,-5.55755132081983,-14.0537602412312,1.72696744644682,-10.48,719.541244562574,-0,1.77635683940025e-15,0,-123.980640925024,0,0
104.14,40,40,-32.1635217097026,-5.55537493345981,-14.0175349824905,1.89656420531992,-10.24,758.916836486784,-0,1.77635683940025e-15,0,-122.538481713903,0,0
104.16,40,40,-32.2746059039766,-5.55301273544446,-13.9778583636397,2.07205752534437,-9.99999999999999,798.269934720412,-0,3.5527136788005e-15,0,-121.094100359001,0,0
104.18,40,40,-32.3856409170721,-5.55045521115894,-13.9346152029597,2.25317278973022,-9.75999999999999,837.599028474608,-0,1.77635683940025e-15,0,-119.647497805513,0,0
104.2,40,40,-32.4966227454651,-5.54769262565556,-13.8876957905601,2.43963745657143,-9.51999999999999,876.902617183815,-0,1.77635683940025e-15,1,-118.198675076774,0,0
104.22,40,40,-32.6075471888867,-5.54471504233177,-13.8369958454453,2.63118120176161,-9.27999999999999,916.179210758225,-0,1.77635683940025e-15,0,-116.747633278151,0,0
104.24,40,40,-32.7184098464647,-5.54151234031198,-13.7824164697658,2.82753605749453,-9.03999999999999,955.427329824393,-0,0,0,-115.294373601012,0,0
104.26,40,40,-32.829206113209,-5.53807423152835,-13.7238641003445,3.02843654634264,-8.79999999999999,994.645505954068,-0,1.77635683940025e-15,0,-113.838897326783,0,0
104.28,40,40,-32.9399311768364,-5.53439027749535,-13.6612504575646,3.23361981091023,-8.55999999999999,1033.83228188133,-0,1.77635683940025e-15,0,-112.381205831055,0,0
104.3,40,40,-33.0505800149274,-5.53044990577376,-13.5944924917097,3.44282573906066,-8.31999999999999,1072.98621170812,-0,3.5527136788005e-15,0,-110.921300587763,0,0
104.32,40,40,-33.1611473924089,-5.52624242611985,-13.5235123268435,3.65579708472077,-8.07999999999999,1112.10586109817,-0,3.5527136788005e-15,0,-109.45918317341,0,0
104.34,40,40,-33.2716278593569,-5.52175704631556,-13.4482372023166,3.87227958426794,-7.83999999999999,1151.18980745961,-0,3.5527136788005e-15,0,-107.99485527135,0,0
104.36,40,40,-33.3820157491131,-5.51698288767623,-13.3685994119907,4.0920220685088,-7.59999999999999,1190.23664011614,-0,3.5527136788005e-15,0,-106.528318676096,0,0
104.38,40,40,-33.4923051767074,-5.51190900023242,-13.2845362412672,4.31477657026111,-7.35999999999999,1229.24496046699,-0,1.77635683940025e-15,0,-105.059575297678,0,0
104.4,40,40,-33.6024900375816,-5.5065243775827,-13.1959899020072,4.54029842755339,-7.11999999999999,1268.21338213582,-0,1.77635683940025e-15,1,-103.588627166017,0,0
104.42,40,40,-33.7125640066065,-5.50081797141461,-13.1029074654319,4.76834638245941,-6.87999999999999,1307.14053110849,-0,1.77635683940025e-15,0,-102.115476435331,0,0
104.44,40,40,-33.822520537386,-5.49477870569123,-13.0052407930896,4.99868267558768,-6.63999999999999,1346.02504586013,-0,3.5527136788005e-15,0,-100.640125388552,0,0
104.46,40,40,-33.9323528618417,-5.48839549050122,-12.902946465976,5.23107313624827,-6.39999999999999,1384.86557747125,-0,3.5527136788005e-15,0,-99.1625764417546,0,0
104.48,40,40,-34.042053990071,-5.48165723557014,-12.7959857118945,5.46528726832224,-6.15999999999999,1423.66078973342,-0,3.5527136788005e-15,0,-97.6828321485962,0,0
104.5,40,40,-34.1516167104724,-5.47455286343152,-12.6843243311418,5.70109833186124,-5.91999999999999,1462.40935924433,-0,3.5527136788005e-15,0,-96.2008952047476,0,0
104.52,40,40,-34.2610335901303,-5.46707132225611,-12.5679326206033,5.93828342044725,-5.67999999999999,1501.1099754926,-0,3.5527136788005e-15,0,-94.7167684523261,0,0
104.54,40,40,-34.3702969754532,-5.45920159833814,-12.4467852963449,6.1766235343448,-5.43999999999999,1539.76134093231,-0,3.5527136788005e-15,0,-93.2304548843155,0,0
104.56,40,40,-34.4793989930581,-5.45093272823769,-12.3208614147815,6.41590364948037,-5.19999999999999,1578.3621710476,-0,3.5527136788005e-15,0,-91.741957648971,0,0
104.58,40,40,-34.5883315508946,-5.44225381057836,-12.1901442925096,6.65591278228581,-4.95999999999999,1616.91119440726,-0,3.5527136788005e-15,0,-90.2512800542039,0,0
104.6,40,40,-34.6970863396011,-5.43315401749998,-12.0546214248822,6.89644405044454,-4.71999999999999,1655.40715270967,-0,3.5527136788005e-15,1,-88.7584255719424,0,0
104.62,40,40,-34.8056548340869,-5.42362260576593,-11.9142844034101,7.13729472958187,-4.47999999999999,1693.84880081814,-0,1.77635683940025e-15,0,-87.2633978424619,0,0
104.64,40,40,-34.9140282953325,-5.41364892752526,-11.7691288320703,7.37826630594216,-4.23999999999999,1732.23490678687,-0,1.77635683940025e-15,0,-85.7662006786822,0,0
104.66,40,40,-35.0221977724026,-5.40322244072985,-11.6191542425994,7.61916452509788,-3.99999999999999,1770.56425187762,-0,3.5527136788005e-15,0,-84.266838070426,0,0
104.68,40,40,-35.1301541046631,-5.39233271920701,-11.4643640088526,7.85979943673742,-3.75999999999999,1808.83563056741,-0,3.5527136788005e-15,0,-82.7653141886357,0,0
104.7,40,40,-35.2378879241965,-5.38096946238834,-11.3047652603062,8.09998543558,-3.51999999999999,1847.04785054722,-0,3.5527136788005e-15,0,-81.2616333895432,0,0
104.72,40,40,-35.3453896584086,-5.36912250469567,-11.1403687947797,8.33954129846815,-3.27999999999999,1885.1997327121,-0,3.5527136788005e-15,0,-79.7558002187904,0,0
104.74,40,40,-35.4526495328191,-5.35678182458534,-10.9711889904534,8.57829021768952,-3.03999999999999,1923.2901111426,-0,3.5527136788005e-15,0,-78.2478194154942,0,0
104.76,40,40,-35.55965757403,-5.34393755325199,-10.7972437172578,8.81605983058158,-2.79999999999999,1961.31783307803,-0,1.77635683940025e-15,0,-76.7376959162559,0,0
104.78,40,40,-35.6664036128646,-5.33057998299367,-10.618554247707,9.05268224547413,-2.55999999999999,1999.28175888139,-0,2.66453525910038e-15,0,-75.2254348591077,0,0
104.8,40,40,-35.7728772876703,-5.31669957523968,-10.4351451672495,9.28799406402602,-2.31999999999999,2037.1807619964,-0,2.66453525910038e-15,1,-73.7110415873956,0,0
104.82,40,40,-35.8790680477789,-5.3022869682434,-10.2470442842076,9.52183640001384,-2.07999999999999,2075.01372889677,-0,1.77635683940025e-15,0,-72.1945216535948,0,0
104.84,40,40,-35.984965157117,-5.28733298444196,-10.0542825393767,9.75405489463172,-1.83999999999999,2112.77955902777,-0,1.77635683940025e-15,0,-70.6758808230542,0,0
104.86,40,40,-36.0905576979608,-5.27182863748531,-9.85689391535255,9.9844997283623,-1.59999999999999,2150.47716474049,-0,2.66453525910038e-15,0,-69.1551250776669,0,0
104.88,40,40,-36.1958345748274,-5.25576513893687,-9.65491534565446,10.2130256294806,-1.35999999999999,2188.10547121882,-0,2.66453525910038e-15,0,-67.6322606194647,0,0
104.9,40,40,-36.3007845184981,-5.23913390464871,-9.44838662371243,10.439491879253,-1.11999999999999,2225.6634163994,-0,2.66453525910038e-15,0,-66.1072938741331,0,0
104.92,40,40,-36.4053960901646,-5.22192656081389,-9.23735031178221,10.6637623138954,-0.87999999999999,2263.14995088482,-0,2.66453525910038e-15,0,-64.5802314944451,0,0
104.94,40,40,-36.5096576856939,-5.20413494969893,-9.02185164985329,10.8857053233541,-0.63999999999999,2300.56403785008,-0,1.77635683940025e-15,0,-63.0510803636101,0,0
104.96,40,40,-36.6135575400046,-5.18575113505967,-8.80193846461249,11.1051938469762,-0.39999999999999,2337.90465294266,-0,1.77635683940025e-15,0,-61.5198475985373,0,0
104.98,40,40,-36.7170837315479,-5.16676740724369,-8.57766107852461,11.3221053661344,-0.15999999999999,2375.17078417636,-0,2.66453525910038e-15,0,-59.9865405530094,0,0
105,40,40,-36.8202241868882,-5.1471762879827,-8.34907221909061,11.5363218938741,0.0800000000000103,2412.36143181911,-0,8.88178419700125e-16,1,-58.451166820767,0,0
105.02,40,40,-36.9229666853761,-5.12697053487859,-8.11622692834195,11.7477299616504,0.32000000000001,2449.47560827482,-0,8.88178419700125e-16,0,-56.9137342384991,0,0
105.04,40,40,-37.0252988639077,-5.10614314558668,-7.87918247262878,11.9562206032228,0.56000000000001,2486.51233795977,-0,1.77635683940025e-15,0,-55.3742508887405,0,0
105.06,40,40,-37.1272082217657,-5.08468736170008,-7.63799825275808,12.1616893357771,0.80000000000001,2523.47065717333,-0,1.77635683940025e-15,0,-53.8327251026722,0,0
105.08,40,40,-37.2286821255341,-5.06259667233915,-7.39273571453648,12.3640361383444,1.04000000000001,2560.34961396361,-0,1.77635683940025e-15,0,-52.2891654628248,0,0
105.1,40,40,-37.3297078140822,-5.03986481745001,-7.14345825977118,12.5631654275854,1.28000000000001,2597.14826798794,-0,2.66453525910038e-15,0,-50.7435808056827,0,0
105.12,40,40,-37.430272403612,-5.01648579081636,-6.89023115778094,12.7589860310129,1.52000000000001,2633.86569036851,-0,2.66453525910038e-15,0,-49.1959802241882,0,0
105.14,40,40,-37.5303628927623,-4.99245384278891,-6.63312145746764,12.9514111577206,1.76000000000001,2670.50096354337,-0,2.66453525910038e-15,0,-47.6463730701436,0,0
105.16,40,40,-37.6299661677655,-4.96776348273676,-6.37219789999761,13.1403583666916,2.00000000000001,2707.05318111291,-0,2.66453525910038e-15,0,-46.094768956511,0,0
105.18,40,40,-37.7290690076498,-4.94240948122523,-6.10753083214041,13.3257495327551,2.24000000000001,2743.52144768212,-0,1.77635683940025e-15,0,-44.541177759609,0,0
105.2,40,40,-37.8276580894826,-4.91638687192474,-5.83919212031134,13.5075108102661,2.48000000000001,2779.90487869868,-0,1.77635683940025e-15,1,-42.9856096212035,0,0
105.22,40,40,-37.9257199936501,-4.88969095325543,-5.56725506536268,13.6855725945761,2.72000000000001,2816.20260028728,-0,1.77635683940025e-15,0,-41.4280749504952,0,0
105.24,40,40,-38.0232412091659,-4.86231728977219,-5.29179431816682,13.8598694813695,2.96000000000001,2852.41374908009,-0,1.77635683940025e-15,0,-39.8685844259993,0,0
105.26,40,40,-38.1202081390057,-4.83426171329501,-5.01288579603353,14.0303402239349,3.20000000000001,2888.53747204384,-0,8.88178419700125e-16,0,-38.3071489973201,0,0
105.28,40,40,-38.2166071054617,-4.80552032378956,-4.73060660000186,14.1969276884442,3.44000000000001,2924.57292630351,-0,8.88178419700125e-16,0,-36.7437798868183,0,0
105.3,40,40,-38.3124243555126,-4.77608949000284,-4.44503493304568,14.3595788073119,3.68000000000001,2960.5192789629,-0,0,0,-35.1784885911706,0,0
105.32,40,40,-38.4076460662032,-4.7459658498591,-4.15625001923076,14.5182445307029,3.92000000000001,2996.37570692225,-0,8.88178419700125e-16,0,-33.6112868828228,0,0
105.34,40,40,-38.50225835003,-4.71514631062104,-3.86433202385955,14.6728797762644,4.16000000000001,3032.14139669308,-0,8.88178419700125e-16,0,-32.0421868113339,0,0
105.36,40,40,-38.5962472603281,-4.68362804882142,-3.5693619746385,14.8234433771486,4.40000000000001,3067.81554421045,-0,8.88178419700125e-16,0,-30.4712007046138,0,0
105.38,40,40,-38.6895987966533,-4.65140850997032,-3.2714216839014,14.9698980284004,4.64000000000001,3103.39735464284,-0,1.77635683940025e-15,0,-28.8983411700522,0,0
105.4,40,40,-38.7822989101574,-4.61848540804324,-2.9705936719208,15.1122102317787,4.88000000000001,3138.88604219973,-0,1.77635683940025e-15,1,-27.323621095541,0,0
105.42,40,40,-38.8743335089508,-4.58485672475539,-2.66696109133803,15.2503502390818,5.12000000000001,3174.2808299372,-0,1.77635683940025e-15,0,-25.7470536503882,0,0
105.44,40,40,-38.9656884634475,-4.5505207086274,-2.36060765274107,15.3842919940468,5.36000000000001,3209.58094956159,-0,1.77635683940025e-15,0,-24.1686522861255,0,0
105.46,40,40,-39.0563496116909,-4.51547587384787,-2.05161755141818,15.5140130728925,5.60000000000001,3244.78564123153,-0,8.88178419700125e-16,0,-22.5884307372089,0,0
105.48,40,40,-39.1463027646541,-4.47972099893807,-1.74007539531361,15.6394946235741,5.84000000000001,3279.89415335834,-0,8.88178419700125e-16,0,-21.0064030216128,0,0
105.5,40,40,-39.2355337115109,-4.44325512522428,-1.42606613421052,15.7607213038187,6.08000000000001,3314.90574240511,-0,8.88178419700125e-16,0,-19.4225834413194,0,0
105.52,40,40,-39.3240282248759,-4.40607755512306,-1.10967499016491,15.8776812180083,6.32000000000001,3349.81967268456,-0,0,0,-17.8369865827013,0,0
105.54,40,40,-39.4117720660072,-4.36818785024496,-0.790987389212719,15.990365852979,6.56000000000001,3384.63521615588,-0,8.88178419700125e-16,0,-16.2496273168011,0,0
105.56,40,40,-39.4987509899699,-4.32958582932215,-0.470088894371309,16.0987700128017,6.80000000000001,3419.35165222064,-0,8.88178419700125e-16,0,-14.6605207995068,0,0
105.58,40,40,-39.5849507507563,-4.29027156596527,-0.147065139954967,16.2028917526108,7.04000000000001,3453.96826751797,-0,0,0,-13.0696824716243,0,0
105.6,40,40,-39.6703571063599,-4.25024538625511,0.177998232777226,16.3027323115463,7.28000000000001,3488.48435571924,-0,0,1,-11.477128058848,0,0
105.62,40,40,-39.7549558237993,-4.20950786617449,0.505015638624015,16.3982960448734,7.52000000000001,3522.89921732222,-0,-8.88178419700125e-16,0,-9.88287357163068,0,0
105.64,40,40,-39.838732684089,-4.16805982888577,0.8339016100793,16.4895903553437,7.76000000000001,3557.21215944503,-0,0,0,-8.28693530495284,0,0
105.66,40,40,-39.9216734871549,-4.12590234185946,1.16457085758962,16.5766256238609,8.00000000000001,3591.42249561992,-0,0,0,-6.68932983799381,0,0
105.68,40,40,-40.0037640566903,-4.08303671385934,1.49693832841855,16.6594151395131,8.24000000000001,3625.52954558711,-0,8.88178419700125e-16,0,-5.09007403370473,0,0
105.7,40,40,-40.0849902449507,-4.03946449178955,1.83091926410585,16.7379750290338,8.48000000000001,3659.53263508872,-0,0,0,-3.48918503828521,0,0
105.72,40,40,-40.1653379374836,-3.99518745740887,2.16642925651072,16.8123241857509,8.72000000000001,3693.43109566306,-0,8.88178419700125e-16,0,-1.88668028056467,0,0
105.74,40,40,-40.2447930577921,-3.9502076239178,2.50338430242934,16.8824841980846,8.96000000000001,3727.22426443933,-0,1.77635683940025e-15,0,-0.282577471289729,0,0
105.76,40,40,-40.3233415719281,-3.90452723242359,2.84170085677838,16.948479277652,9.20000000000001,3760.9114839328,-0,1.77635683940025e-15,0,1.32310539768096,0,0
105.78,40,40,-40.4009694930145,-3.85814874828862,3.18129588433713,17.0103361870368,9.44000000000001,3794.49210184081,-0,1.77635683940025e-15,0,2.93035005427301,0,0
105.8,40,40,-40.4776628856929,-3.8110748573674,3.52208691004219,17.0680841672809,9.68000000000001,3827.96547083944,-0,1.77635683940025e-15,1,4.53913794718232,0,0
105.82,40,40,-40.5534078704946,-3.76330846213737,3.86399206782962,17.1217548651536,9.92000000000001,3861.33094838124,-0,1.77635683940025e-15,0,6.1494502469493,0,0
105.84,40,40,-40.6281906281336,-3.71485267772887,4.20693014802077,17.1713822602536,10.16,3894.5878964939,-0,8.88178419700125e-16,0,7.76126784711974,0,0
105.86,40,40,-40.7019974037193,-3.66571082785927,4.5508206432489,17.2170025919974,10.4,3927.7356815802,-0,1.77635683940025e-15,0,9.37457136549069,0,0
105.88,40,40,-40.7748145108868,-3.61588644067645,4.89558379292482,17.2586542865473,10.64,3960.77367421909,-0,1.77635683940025e-15,0,10.9893411454399,0,0
105.9,40,40,-40.8466283358431,-3.5653832445168,5.24114062624105,17.2963778837309,10.88,3993.70124896835,-0,1.77635683940025e-15,0,12.6055572573367,0,0
105.92,40,40,-40.917425341328,-3.51420516358259,5.58741300371456,17.3302159640025,11.12,4026.51778416856,-0,1.77635683940025e-15,0,14.2231995000335,0,0
105.94,40,40,-40.9871920704873,-3.46235631354393,5.93432365726971,17.3602130754967,11.36,4059.22266174879,-0,1.77635683940025e-15,0,15.8422474024352,0,0
105.96,40,40,-41.055915153295,-3.4098415172546,6.28179580219678,17.3863322666448,11.5943387654321,4091.81555087853,-0,8.88178419700125e-16,0,17.4626802251453,0,0
105.98,40,40,-41.1235813436546,-3.35666858956059,6.62974787221748,17.4080954235354,11.8139800894482,4124.29767120253,-0,8.88178419700125e-16,0,19.0844769625203,0,0
106,40,40,-41.190177570137,-3.30284664978089,6.97808634617866,17.4248731178594,12.0194560846506,4156.67090594414,-0,0,1,20.7076163456976,0,0
106.02,40,40,-41.2556909437514,-3.24838482865283,7.32670575466631,17.4360996111811,12.2116803156488,4188.93708618757,-0,8.88178419700125e-16,0,22.3320768462052,0,0
106.04,40,40,-41.3201087586067,-3.19329231234182,7.67548991687698,17.4412688590075,12.3915074285262,4221.09799402925,-0,8.88178419700125e-16,0,23.9578366796205,0,0
106.06,40,40,-41.3834184934204,-3.1375783817052,8.02431309665345,17.439930764963,12.5597369506728,4253.15536547597,-0,0,0,25.584873809246,0,0
106.08,40,40,-41.4456078137688,-3.08125244727651,8.37304108586314,17.4316876584577,12.7171168455553,4285.11089311674,-0,0,0,27.2131659498229,0,0
106.1,40,40,-41.5066645749972,-3.02432408025782,8.72153221944651,17.4161909817421,12.8643468382295,4316.96622858401,-0,0,0,28.8426905712962,0,0
106.12,40,40,-41.5665768257116,-2.9668030397904,9.06963832618977,17.3931381731584,13.0020815263803,4348.72298481861,-0,0,0,30.4734249026442,0,0
106.14,40,40,-41.6253328117815,-2.90869929675696,9.41720561902111,17.3622697342531,13.1309332907213,4380.38273815237,-0,-8.88178419700125e-16,0,32.1053459357829,0,0
106.16,40,40,-41.6829209807853,-2.85002305435391,9.76407552839107,17.3233664692178,13.2514750176945,4411.94703022082,-0,-8.88178419700125e-16,0,33.738430429555,0,0
106.18,40,40,-41.7393299868373,-2.79078476565678,10.1100854820745,17.2762468858728,13.3642426465739,4443.41736971828,-0,-8.88178419700125e-16,0,35.3726549138118,0,0
106.2,40,40,-41.7945486957373,-2.7309951483891,10.4550696345232,17.2207647481115,13.4697375522999,4474.79523400621,-0,-8.88178419700125e-16,1,37.0079956935951,0,0
106.22,40,40,-41.8485661903894,-2.67066519709165,10.7988595487026,17.1568067703724,13.5684287746368,4506.08207058549,-0,-8.88178419700125e-16,0,38.6444288534242,0,0
106.24,40,40,-41.9013717764401,-2.60980619287735,11.1412848331646,17.084290445326,13.6607551035654,4537.27929844231,-0,-8.88178419700125e-16,0,40.2819302616946,0,0
106.26,40,40,-41.9529549880881,-2.54842971094594,11.482173736937,17.0031619965279,13.7471270301824,4568.38830927692,-0,-8.88178419700125e-16,0,41.9204755751905,0,0
106.28,40,40,-42.0033055940239,-2.48654762602165,11.8213537046508,16.9133944483308,13.8279285717807,4599.41046862371,-0,-4.44089209850063e-16,0,43.5600402437148,0,0
106.3,40,40,-42.0524136034585,-2.42417211586768,12.1586518941782,16.814985805846,13.9035189792242,4630.34711687068,-0,-4.44089209850063e-16,0,45.2005995148395,0,0
106.32,40,40,-42.1002692722045,-2.3613156630217,12.4938956589134,16.7079573382125,13.9742343342094,4661.19957018588,-0,-4.44089209850063e-16,0,46.8421284387765,0,0
106.34,40,40,-42.1468631087751,-2.29799105488807,12.8269129966993,16.5923519588694,14.0403890435145,4691.96912135767,-0,-4.44089209850063e-16,0,48.484601873371,0,0
106.36,40,40,-42.1921858804693,-2.23421138231429,13.1575329672801,16.4682326969375,14.1022772368801,4722.65704055553,-0,0,0,50.1279944892162,0,0
106.38,40,40,-42.2362286194153,-2.16999003677139,13.4855860800464,16.3356812541959,14.1601740747363,4753.26457601741,-0,0,0,51.7722807748894,0,0
106.4,40,40,-42.2789826285436,-2.1053407062511,13.8109046537324,16.1947966424985,14.2143369715904,4783.79295466951,-0,0,1,53.4174350423086,0,0
106.42,40,40,-42.3204394874669,-2.04027736998549,14.1333231496255,16.0456938968076,14.2650067405148,4814.24338268366,-0,0,0,55.0634314322078,0,0
106.44,40,40,-42.3605910582426,-1.97481429208876,14.4526784797553,15.8885028593355,14.3124086638235,4844.61704597754,-0,4.44089209850063e-16,0,56.7102439197278,0,0
106.46,40,40,-42.3994294909987,-1.90896601421473,14.7688102914402,15.723367030575,14.3567534946971,4874.91511066219,-0,0,0,58.3578463201224,0,0
106.48,40,40,-42.4369472294039,-1.84274734731799,15.0815612294913,15.5504424832744,14.3982383942107,4905.13872344139,-0,4.44089209850063e-16,0,60.0062122945742,0,0
106.5,40,40,-42.473137015964,-1.77617336260148,15.3907771772938,15.3698968356642,14.4370478079293,4935.28901196683,-0,4.44089209850063e-16,0,61.6553153561188,0,0
106.52,40,40,-42.5079918971306,-1.70925938172821,15.6963074779168,15.181908280484,14.4733542859692,4965.36708515302,-0,4.44089209850063e-16,0,63.3051288756732,0,0
106.54,40,40,-42.5415052282063,-1.64202096637031,15.9980051363341,14.9866646665795,14.5073192501714,4995.37403345544,-0,4.44089209850063e-16,0,64.9556260881639,0,0
106.56,40,40,-42.5736706780358,-1.57447390716408,16.2957270037777,14.7843626300445,14.5390937117976,5025.31092911519,-0,4.44089209850063e-16,0,66.6067800987511,0,0
106.58,40,40,-42.6044822334699,-1.50663421213569,16.589333945186,14.5752067720828,14.5688189429394,5055.17882637345,-0,4.44089209850063e-16,0,68.2585638891448,0,0
106.6,40,40,-42.6339342035942,-1.43851809465821,16.8786909906535,14.3594088809406,14.5966271046268,5084.97876165837,-0,4.44089209850063e-16,1,69.9109503240077,0,0
106.62,40,40,-42.6620212237114,-1.37014196099716,17.1636674717396,14.1371871954322,14.6226418344281,5114.71175374731,-0,4.44089209850063e-16,0,71.5639121574396,0,0
106.64,40,40,-42.6887382590721,-1.30152239749804,17.4441371434449,13.9087657077411,14.6469787961532,5144.37880390682,-0,6.66133814775094e-16,0,73.2174220395402,0,0
106.66,40,40,-42.7140806083454,-1.23267615746639,17.7199782926167,13.6743735033234,14.6697461941057,5173.98089601278,-0,4.44089209850063e-16,0,74.8714525230424,0,0
106.68,40,40,-42.7380439068249,-1.1636201477876,17.9910738335078,13.4342441358815,14.6910452541683,5203.51899665281,-0,4.44089209850063e-16,0,76.5259760700142,0,0
106.7,40,40,-42.7606241293645,-1.09437141533103,18.2573113911692,13.1886150355039,14.7109706738626,5232.99405521299,-0,4.44089209850063e-16,0,78.1809650586198,0,0
106.72,40,40,-42.7818175930406,-1.02494713318001,18.5185833733217,12.9377269481864,14.7296110433826,5262.40700395088,-0,2.22044604925031e-16,0,79.8363917899389,0,0
106.74,40,40,-42.8016209595378,-0.955364586727082,18.7747870313182,12.6818234050654,14.7470492394745,5291.75875805638,-0,2.22044604925031e-16,0,81.4922284948348,0,0
106.76,40,40,-42.8200312372549,-0.885641159671014,19.0258245107753,12.4211502197949,14.763362793914,5321.0502157023,-0,4.44089209850063e-16,0,83.1484473408687,0,0
106.78,40,40,-42.8370457831307,-0.81579431995025,19.2716028924198,12.1559550126009,14.7786242382199,5350.28225808597,-0,4.44089209850063e-16,0,84.805020439252,0,0
106.8,40,40,-42.8526623041873,-0.745841605644918,19.5120342236738,11.8864867596371,14.7929014261354,5379.45574946336,-0,4.44089209850063e-16,1,86.4619198518336,0,0
106.82,40,40,-42.8668788587928,-0.67580061087775,19.7470355414668,11.6129953663489,14.8062578353119,5408.57153717702,-0,4.44089209850063e-16,0,88.1191175981144,0,0
106.84,40,40,-42.8796938576406,-0.605688971742199,19.9765288867468,11.3357312636369,14.8187528495364,5437.63045167901,-0,3.33066907387547e-16,0,89.7765856622843,0,0
106.86,40,40,-42.8911060644487,-0.535524352284264,20.2004413111324,11.0549450256824,14.8304420227571,5466.63330654991,-0,3.33066907387547e-16,0,91.4342960002768,0,0
106.88,40,40,-42.9011145963796,-0.465324430562783,20.4187048761288,10.7708870083677,14.8413773260812,5495.58089851496,-0,2.22044604925031e-16,0,93.0922205468334,0,0
106.9,40,40,-42.9097189241814,-0.395106884811348,20.6312566453106,10.4838070072896,14.8516073788431,5524.47400745833,-0,3.33066907387547e-16,0,94.7503312225747,0,0
106.92,40,40,-42.9169188720544,-0.324889379723409,20.8380386698517,10.1939539344241,14.86117766477,5553.31339643624,-0,3.33066907387547e-16,0,96.4085999410715,0,0
106.94,40,40,-42.9227146172441,-0.254689552880718,21.0389979677691,9.90157551255821,14.8701307342073,5582.09981168983,-0,3.33066907387547e-16,0,98.0669986159097,0,0
106.96,40,40,-42.9271066893645,-0.184525001343823,21.2340864972246,9.60691798665509,14.8785063933005,5610.83398265857,-0,2.77555756156289e-16,0,99.7254991677453,0,0
106.98,40,40,-42.9300959694555,-0.11441326842205,21.4232611242173,9.31022585137131,14.8863418809773,5639.51662199467,-0,2.4980018054066e-16,0,101.384073531343,0,0
107,40,40,-42.9316836887764,-0.0443718306391385,21.6064835849819,9.01174159398769,14.8936720345152,5668.14842557929,-0,2.4980018054066e-16,1,103.042693662591,0,0
107.02,40,40,-42.9318714273424,0.0255819150904914,21.7837204433937,8.71170545206012,14.9005294444308,5696.73007254111,-0,2.35922392732846e-16,0,104.701331545495,0,0
107.04,40,40,-42.9306611122058,0.0954306640609612,21.954943043668,8.41035518513594,14.9069445993804,5725.2622252775,-0,2.4980018054066e-16,0,106.359959199134,0,0
107.06,40,40,-42.9280550154874,0.165157216136863,22.1201274586299,8.10792585991873,14.9129460217155,5753.74552947918,-0,2.4980018054066e-16,0,108.018548684582,0,0
107.08,40,40,-42.9240557521641,0.234744487866106,22.2792544338169,7.80464964829937,14.9185603942953,5782.18061415831,-0,2.77555756156289e-16,0,109.677072111787,0,0
107.1,40,40,-42.9186662776159,0.304175524332857,22.4323093276656,7.50075563770344,14.9238126791211,5810.56809168078,-0,2.77555756156289e-16,0,111.335501646405,0,0
107.12,40,40,-42.9118898849389,0.373433510740681,22.579282048025,7.19646965323544,14.9287262283201,5838.9085578027,-0,3.33066907387547e-16,0,112.993809516584,0,0
107.14,40,40,-42.9037302020296,0.442501783716825,22.7201669852261,6.89201409112836,14.9333228879704,5867.20259171168,-0,3.33066907387547e-16,0,114.651968019683,0,0
107.16,40,40,-42.8941911884458,0.511363842329456,22.8549629419292,6.58760776303368,14.9376230952309,5895.45075607286,-0,4.44089209850063e-16,0,116.309949528944,0,0
107.18,40,40,-42.8832771320498,0.580003358810414,22.9836730599628,6.28346575071116,14.9416459692068,5923.65359708012,-0,3.33066907387547e-16,0,117.967726500087,0,0
107.2,40,40,-42.8709926454403,0.648404188976811,23.1063047443557,5.97979927070088,14.9454093959549,5951.81164451266,-0,3.33066907387547e-16,1,119.625271477845,0,0
107.22,40,40,-42.8573426621797,0.716550382345513,23.22286958476,5.6768155485812,14.9489301080063,5979.9254117969,-0,2.22044604925031e-16,0,121.282557102416,0,0
107.24,40,40,-42.8423324328208,0.784426191935212,23.3333832744511,5.37471770243635,14.9522237587608,6007.99539607413,-0,2.22044604925031e-16,0,122.93955611585,0,0
107.26,40,40,-42.8259675207417,0.85201608375145,23.4378655270864,5.07370463517579,14.9553049920836,6036.02207827378,-0,2.22044604925031e-16,0,124.596241368339,0,0
107.28,40,40,-42.808253797794,0.919304745950573,23.5363399913969,4.77397093536502,14.9581875074131,6064.00592319253,-0,2.22044604925031e-16,0,126.252585824437,0,0
107.3,40,40,-42.7891974397708,0.986277097679156,23.6288341639765,4.47570678624349,14.9608841206696,6091.94737957927,-0,2.22044604925031e-16,0,127.908562569182,0,0
107.32,40,40,-42.768804921701,1.05291829758604,23.7153793003315,4.17909788262036,14.9634068212362,6119.84688022602,-0,0,0,129.564144814129,0,0
107.34,40,40,-42.7470830129771,1.11921375200457,23.7960103243451,3.88432535535322,14.9657668252648,6147.70484206469,-0,-2.22044604925031e-16,0,131.219305903284,0,0
107.36,40,40,-42.7240387723224,1.18514912280331,23.8707657363034,3.59156570312759,14.9679746255439,6175.52166626985,-0,-2.22044604925031e-16,0,132.874019318943,0,0
107.38,40,40,-42.6996795426044,1.25071033490364,23.9396875196288,3.30099073126776,14.9700400381505,6203.29773836744,-0,-2.22044604925031e-16,0,134.528258687427,0,0
107.4,40,40,-42.6740129455019,1.31588358346359,24.0028210464581,3.01276749732047,14.9719722460933,6231.03342834936,-0,0,1,136.181997784711,0,0
107.42,40,40,-42.6470468760303,1.38065534072725,24.0602149821964,2.72705826316429,14.9737798401414,6258.72909079392,-0,4.44089209850063e-16,0,137.835210541947,0,0
107.44,40,40,-42.6187894969351,1.44501236253975,24.1119211891781,2.44402045340683,14.975470857019,6286.38506499212,-0,0,0,139.487871050874,0,0
107.46,40,40,-42.5892492329568,1.50894169452815,24.1579946295562,2.16380661984198,14.9770528151383,6314.00167507969,-0,0,0,141.139953569115,0,0
107.48,40,40,-42.5584347649769,1.57243067794902,24.1984932675389,1.88656441174752,14.978532748026,6341.57923017476,-0,-4.44089209850063e-16,0,142.791432525358,0,0
107.5,40,40,-42.5263550240488,1.6354669552036,24.2334779710896,1.61243655181216,14.9799172355959,6369.1180245212,-0,0,0,144.442282524424,0,0
107.52,40,40,-42.4930191853232,1.69803847502215,24.2630124132001,1.34156081748822,14.9812124334032,6396.6183376373,-0,-4.44089209850063e-16,0,146.092478352201,0,0
107.54,40,40,-42.4584366618722,1.76013349731915,24.2871629728425,1.07407002757389,14.9824241000131,6424.08043447002,-0,0,0,147.741994980475,0,0
107.56,40,40,-42.4226170984196,1.82174059772134,24.3059986357048,0.810092033835179,14.9835576226033,6451.50456555432,-0,0,0,149.390807571616,0,0
107.58,40,40,-42.3855703649845,1.88284867177105,24.3195908948065,0.549749717484526,14.9846180409164,6478.89096717775,-0,0,0,151.038891483155,0,0
107.6,40,40,-42.3473065504431,1.94344693880726,24.3280136510917,0.29316099033851,14.9856100696669,6506.23986155,-0,0,1,152.686222272221,0,0
107.62,40,40,-42.3078359560171,2.00352494552758,24.3313431140904,0.0404388004830221,14.9865381195031,6533.55145697736,-0,-4.44089209850063e-16,0,154.332775699857,0,0
107.64,40,40,-42.2671690886933,2.06307256923385,24.329657702737,-0.208308857720704,14.9874063166173,6560.82594804187,-0,0,0,155.978527735197,0,0
107.66,40,40,-42.2253166545816,2.12208002076517,24.3230379464307,-0.452978929450773,14.9882185210916,6588.06351578507,-0,4.44089209850063e-16,0,157.623454559517,0,0
107.68,40,40,-42.1822895522179,2.1805378471216,24.3115663864202,-0.693473281216958,14.9889783440593,6615.26432789622,-0,4.44089209850063e-16,0,159.267532570153,0,0
107.7,40,40,-42.1380988658167,2.23843693378252,24.2953274775915,-0.929698678783208,14.9896891637612,6642.42853890471,-0,0,0,160.910738384278,0,0
107.72,40,40,-42.092755858481,2.29576850672365,24.2744074907348,-1.16156676136873,14.9903541405652,6669.5562903767,-0,-4.44089209850063e-16,0,162.553048842549,0,0
107.74,40,40,-42.0462719653751,2.35252413413685,24.2488944153635,-1.38899401227206,14.9909762310174,6696.64771111561,-0,0,0,164.194441012618,0,0
107.76,40,40,-41.9986587868648,2.40869572785705,24.2188778631544,-1.61190172605894,14.9915582009876,6723.70291736644,-0,0,0,165.834892192505,0,0
107.78,40,40,-41.9499280816331,2.46427554450101,24.1844489720792,-1.83021597245098,14.992102637966,6750.72201302371,-0,-4.44089209850063e-16,0,167.474379913829,0,0
107.8,40,40,-41.9000917597757,2.5192561863224,24.1457003112878,-2.04386755704921,14.9926119625682,6777.70508984282,-0,-8.88178419700125e-16,1,169.11288194491,0,0
107.82,40,40,-41.8491618758817,2.57363060178824,24.1027257868098,-2.25279197902282,14.9930884392967,6804.65222765472,-0,-4.44089209850063e-16,0,170.750376293728,0,0
107.84,40,40,-41.7971506221059,2.62739208588145,24.0556205481301,-2.45692938589091,14.9935341866095,6831.56349458364,-0,0,0,172.386841210739,0,0
107.86,40,40,-41.7440703212379,2.68053428013486,24.0044808956976,-2.65622452552172,14.9939511863391,6858.43894726773,-0,0,0,174.022255191561,0,0
107.88,40,40,-41.6899334197727,2.7330511724018,23.9494041894201,-2.85062669547116,14.9943412925035,6885.27863108251,-0,-8.88178419700125e-16,0,175.656596979517,0,0
107.9,40,40,-41.6347524809891,2.78493709636849,23.890488758199,-3.04008968977995,14.9947062395493,6912.08258036682,-0,-8.88178419700125e-16,0,177.28984556804,0,0
107.92,40,40,-41.5785401780396,2.83618673081397,23.8278338105516,-3.22457174334575,14.9950476500639,6938.8508186512,-0,-8.88178419700125e-16,0,178.921980202937,0,0
107.94,40,40,-41.5213092870583,2.88679509862273,23.7615393463697,-3.40403547398441,14.9953670419887,6965.58335888843,-0,-8.88178419700125e-16,0,180.552980384519,0,0
107.96,40,40,-41.4630726802906,2.93675756555605,23.6917060698588,-3.57844782229213,14.9956658353688,6992.28020368621,-0,-8.88178419700125e-16,0,182.182825869596,0,0
107.98,40,40,-41.4038433192499,2.9860698387874,23.6184353037018,-3.74777998941768,14.9959453586662,7018.94134554157,-0,-8.88178419700125e-16,0,183.811496673322,0,0
108,40,40,-41.343634247906,3.03472796520794,23.5418289044864,-3.91200737285205,14.9962068546664,7045.56676707707,-0,-8.88178419700125e-16,1,185.43897307092,0,0
108.02,40,40,-41.2824585859095,3.08272832950782,23.4619891794365,-4.07110950034017,14.996451486004,7072.15644127844,-0,0,0,187.06523559926,0,0
108.04,40,40,-41.2203295218567,3.13006765203914,23.3790188044825,-4.22506996201783,14.9966803403317,7098.71033173358,-0,0,0,188.690265058306,0,0
108.06,40,40,-41.1572603065998,3.1767429864667,23.2930207437065,-4.3738763408742,14.9968944351564,7125.22839287276,-0,0,0,190.314042512427,0,0
108.08,40,40,-41.0932642466056,3.22275171721227,23.2040981701935,-4.51752014163904,14.9970947223626,7151.71057020972,-0,0,0,191.936549291576,0,0
108.1,40,40,-41.0283546973677,3.26809155669864,23.1123543883203,-4.65599671819102,14.9972820924453,7178.15680058371,-0,0,0,193.557766992337,0,0
108.12,40,40,-40.9625450568759,3.31276054239936,23.0178927575101,-4.7893051995822,14.9974573784684,7204.56701240205,-0,-8.88178419700125e-16,0,195.17767747884,0,0
108.14,40,40,-40.8958487591457,3.35675703370026,22.9208166174793,-4.91744841477154,14.9976213597693,7230.94112588331,-0,-8.88178419700125e-16,0,196.796262883546,0,0
108.16,40,40,-40.8282792678134,3.40007970857897,22.8212292150027,-5.04043281615846,14.9977747654235,7257.27905330073,-0,-8.88178419700125e-16,0,198.413505607901,0,0
108.18,40,40,-40.7598500697989,3.44272756010839,22.7192336322181,-5.15826840200575,14.9979182774862,7283.58069922586,-0,-8.88178419700125e-16,0,200.029388322869,0,0
108.2,40,40,-40.69057466904,3.48469989279036,22.6149327164935,-5.27096863783925,14.9980525340248,7309.84596077212,-0,0,1,201.643893969334,0,0
108.22,40,40,-40.6204665803021,3.52599631872553,22.508429011876,-5.37855037690995,14.998178131956,7336.07472783833,-0,0,0,203.257005758373,0,0
108.24,40,40,-40.5495393230654,3.56661675362576,22.3998246921398,-5.48103377980243,14.9982956296992,7362.26688335184,-0,-8.88178419700125e-16,0,204.868707171421,0,0
108.26,40,40,-40.4778064154946,3.60656141267486,22.2892214954497,-5.57844223327178,14.99840554966,7388.42230351126,-0,-8.88178419700125e-16,0,206.478981960296,0,0
108.28,40,40,-40.4052813684911,3.64583080624411,22.1767206606552,-5.67080226838946,14.9985083805524,7414.54085802851,-0,-8.88178419700125e-16,0,208.087814147117,0,0
108.3,40,40,-40.331977679834,3.68442573546834,22.0624228652283,-5.75814347807689,14.9986045795716,7440.62241037027,-0,-8.88178419700125e-16,0,209.6951880241,0,0
108.32,40,40,-40.2579088284101,3.72234728768889,21.946428164855,-5.84049843410373,14.998694574427,7466.66681799835,-0,-1.77635683940025e-15,0,211.301088153238,0,0
108.34,40,40,-40.1830882685358,3.7595968317693,21.8288359346928,-5.91790260362635,14.9987787652438,7492.67393260915,-0,-8.88178419700125e-16,0,212.905499365862,0,0
108.36,40,40,-40.1075294243754,3.79617601328981,21.7097448123006,-5.99039426534009,14.998857526342,7518.64360037196,-0,0,0,214.508406762102,0,0
108.38,40,40,-40.0312456844551,3.83208674962675,21.5892526422492,-6.05801442531756,14.9989312079003,7544.57566216587,-0,0,0,216.10979571022,0,0
108.4,40,40,-39.9542503962774,3.8673312249225,21.4674564224173,-6.12080673260314,14.9990001375136,7570.46995381533,-0,0,1,217.70965184585,0,0
108.42,40,40,-39.8765568610372,3.90191188495224,21.3444522519779,-6.17881739463286,14.9990646216491,7596.32630632411,-0,0,0,219.307961071118,0,0
108.44,40,40,-39.7981783284409,3.93583143189301,21.2203352810769,-6.23209509254642,14.9991249470089,7622.14454610761,-0,8.88178419700125e-16,0,220.904709553672,0,0
108.46,40,40,-39.7191279916317,3.96909281900123,21.0951996622064,-6.2806908964573,14.999181381805,7647.9244952233,-0,8.88178419700125e-16,0,222.499883725594,0,0
108.48,40,40,-39.6394189822218,4.00169924520405,20.9691385032727,-6.32465818074461,14.9992341769517,7673.66597159933,-0,1.77635683940025e-15,0,224.093470282222,0,0
108.5,40,40,-39.559064365434,4.03365414961059,20.842243822357,-6.36405253942929,14.9992835671807,7699.36878926106,-0,8.88178419700125e-16,0,225.685456180872,0,0
108.52,40,40,-39.4780771353533,4.06496120594843,20.7146065041678,-6.39893170169526,14.9993297720854,7725.03275855543,-0,8.88178419700125e-16,0,227.275828639458,0,0
108.54,40,40,-39.3964702102908,4.09562431693109,20.5863162581808,-6.4293554476148,14.9993729970971,7750.65768637311,-0,8.88178419700125e-16,0,228.864575135029,0,0
108.56,40,40,-39.3142564282608,4.12564760856191,20.4574615784619,-6.45538552413573,14.9994134343979,7776.24337636829,-0,8.88178419700125e-16,0,230.451683402203,0,0
108.58,40,40,-39.2314485425729,4.15503542437987,20.3281297051669,-6.47708556138647,14.9994512637757,7801.78962917605,-0,0,0,232.037141431517,0,0
108.6,40,40,-39.1480592175386,4.18379231965258,20.1984065877119,-6.49452098935337,14.9994866534233,7827.29624262708,-0,0,1,233.620937467694,0,0
108.62,40,40,-39.0641010242956,4.21192305552192,20.068376849606,-6.50775895498337,14.9995197606861,7852.76301195986,-0,0,0,235.203060007817,0,0
108.64,40,40,-38.9795864367491,4.23943259310742,19.9381237549369,-6.51686823976315,14.9995507327622,7878.18973003011,-0,0,0,236.783497799426,0,0
108.66,40,40,-38.8945278276316,4.26632608757254,19.8077291765002,-6.52191917782491,14.999579707356,7903.57618751733,-0,0,0,238.362239838533,0,0
108.68,40,40,-38.8089374646815,4.29260888215903,19.6772735655606,-6.52298357462667,14.9996068132912,7928.92217312854,-0,0,0,239.939275367565,0,0
108.7,40,40,-38.7228275069417,4.31828650219419,19.5468359232333,-6.52013462625419,14.9996321710832,7954.227473799,-0,0,0,241.514593873217,0,0
108.72,40,40,-38.6362100011776,4.3433646490761,19.4164937734731,-6.51344683938962,14.9996558934751,7979.49187488989,-0,8.88178419700125e-16,0,243.088185084252,0,0
108.74,40,40,-38.5490968784162,4.3678491942415,19.2863231376568,-6.50299595199055,14.9996780859386,8004.71516038282,-0,8.88178419700125e-16,0,244.660038969216,0,0
108.76,40,40,-38.4614999506059,4.39174617312118,19.1563985107447,-6.48885885472181,14.9996988471435,8029.89711307125,-0,8.88178419700125e-16,0,246.230145734089,0,0
108.78,40,40,-38.3734309073969,4.41506177908739,19.0267928390055,-6.47111351318063,14.9997182693959,8055.03751474856,-0,1.77635683940025e-15,0,247.798495819873,0,0
108.8,40,40,-38.2849013130428,4.43780235739794,18.8975774992886,-6.44983889095457,14.9997364390489,8080.13614639285,-0,1.77635683940025e-15,1,249.365079900114,0,0
108.82,40,40,-38.1959226034241,4.45997439914142,18.7688222798264,-6.42511487354971,14.9997534368864,8105.19278834835,-0,1.77635683940025e-15,0,250.929888878365,0,0
108.84,40,40,-38.1065060831911,4.48158453518783,18.6405953625492,-6.39702219322582,14.9997693384823,8130.20722050339,-0,1.77635683940025e-15,0,252.492913885587,0,0
108.86,40,40,-38.0166629230298,4.50263953014904,18.5129633068937,-6.36564235477285,14.9997842145365,8155.17922246495,-0,1.77635683940025e-15,0,254.054146277502,0,0
108.88,40,40,-37.9264041570462,4.52314627635314,18.385991035087,-6.33105756226265,14.9997981311893,8180.10857372957,-0,8.88178419700125e-16,0,255.61357763188,0,0
108.9,40,40,-37.835740680273,4.54311178783682,18.2597418188847,-6.29335064680754,14.9998111503154,8204.99505385085,-0,8.88178419700125e-16,0,257.171199745789,0,0
108.92,40,40,-37.7446832462951,4.56254319435977,18.1342772677439,-6.25260499535636,14.9998233297988,8229.83844260316,-0,8.88178419700125e-16,0,258.727004632788,0,0
108.94,40,40,-37.6532424649942,4.58144773544493,18.00965731841,-6.20890448055727,14.9998347237909,8254.63852014185,-0,0,0,260.280984520073,0,0
108.96,40,40,-37.5614288004139,4.59983275444851,17.8859402258945,-6.1623333917149,14.9998453829501,8279.39506715966,-0,8.88178419700125e-16,0,261.833131845581,0,0
108.98,40,40,-37.469252568741,4.6177056926633,17.7631825558233,-6.11297636686827,14.9998553546681,8304.10786503951,-0,0,0,263.383439255058,0,0
109,40,40,-37.3767239364063,4.63507408345904,17.6414391781315,-6.06091832601442,14.9998646832801,8328.77669600351,-0,-8.88178419700125e-16,1,264.931899599077,0,0
109.02,40,40,-37.2838529183009,4.65194554646315,17.5207632620827,-6.00624440550152,14.9998734102619,8353.40134325815,-0,-8.88178419700125e-16,0,266.478505930027,0,0
109.04,40,40,-37.1906493761088,4.66832778178545,17.4012062725874,-5.94903989361353,14.9998815744144,8377.9815911358,-0,-8.88178419700125e-16,0,268.023251499067,0,0
109.06,40,40,-37.0971230167549,4.68422856428986,17.2828179677992,-5.88939016736763,14.9998892120362,8402.51722523231,-0,-1.77635683940025e-15,0,269.566129753043,0,0
109.08,40,40,-37.0032833909665,4.69965573791661,17.1656463979612,-5.82738063054387,14.9998963570848,8427.00803254086,-0,-8.88178419700125e-16,0,271.107134331382,0,0
109.1,40,40,-36.9091398919485,4.7146172100577,17.0497379054804,-5.7630966529655,14.9999030413277,8451.4538015819,-0,-8.88178419700125e-16,0,272.646259062948,0,0
109.12,40,40,-36.8147017541696,4.72912094598889,16.9351371262034,-5.69662351104703,14.9999092944838,8475.85432252932,-0,-8.88178419700125e-16,0,274.18349796289,0,0
109.14,40,40,-36.7199780522602,4.74317496336093,16.8218869918684,-5.62804632962586,14.999915144355,8500.20938733269,-0,-8.88178419700125e-16,0,275.718845229443,0,0
109.16,40,40,-36.6249777000196,4.75678732675282,16.7100287337078,-5.55745002509202,14.9999206169505,8524.5187898357,-0,-1.77635683940025e-15,0,277.252295240734,0,0
109.18,40,40,-36.5297094495308,4.76996614228989,16.5996018871745,-5.48491924982942,14.9999257366018,8548.78232589069,-0,-1.77635683940025e-15,0,278.783842551546,0,0
109.2,40,40,-36.4341818903833,4.78271955232919,16.490644297767,-5.41053833798058,14.9999305260715,8572.99979346939,-0,-1.77635683940025e-15,1,280.313481890081,0,0
109.22,40,40,-36.3384034490011,4.79505573021462,16.3831921279252,-5.33439125254606,14.9999350066538,8597.17099276971,-0,-1.77635683940025e-15,0,281.841208154704,0,0
109.24,40,40,-36.2423823880743,4.80698287510432,16.2772798649715,-5.25656153382801,14.99993919827,8621.29572631875,-0,-8.88178419700125e-16,0,283.367016410669,0,0
109.26,40,40,-36.1461268060945,4.8185092068725,16.1729403300683,-5.17713224922679,14.9999431195562,8645.37379907197,-0,-8.88178419700125e-16,0,284.890901886845,0,0
109.28,40,40,-36.0496446369904,4.82964296108788,16.0702046881675,-5.09618594439784,14.9999467879469,8669.40501850845,-0,-8.88178419700125e-16,0,286.412859972423,0,0
109.3,40,40,-35.9529436498638,4.84039238407087,15.9691024589219,-5.0138045957753,14.999950219752,8693.38919472247,-0,-8.88178419700125e-16,0,287.932886213629,0,0
109.32,40,40,-35.856031448823,4.85076572803144,15.8696615285334,-4.93006956446767,14.9999534302298,8717.32614051112,-0,-1.77635683940025e-15,0,289.450976310417,0,0
109.34,40,40,-35.7589154729132,4.86077124628953,15.7719081625086,-4.84506155152954,14.9999564336542,8741.21567145832,-0,-8.88178419700125e-16,0,290.967126113174,0,0
109.36,40,40,-35.6616029961413,4.87041718857988,15.6758670192962,-4.75886055461262,14.9999592433787,8765.05760601485,-0,-8.88178419700125e-16,0,292.481331619419,0,0
109.38,40,40,-35.5641011275937,4.87971179644285,15.5815611647767,-4.67154582599819,14.9999618718956,8788.8517655749,-0,0,0,293.9935889705,0,0
109.4,40,40,-35.4664168116459,4.88866329870286,15.4890120875779,-4.58319583201182,14.9999643308916,8812.59797454868,-0,0,1,295.503894448299,0,0
109.42,40,40,-35.368556828261,4.89727990703606,15.3982397151886,-4.49388821382076,14.9999666312996,8836.29606043143,-0,0,0,297.012244471941,0,0
109.44,40,40,-35.2705277933763,4.9055698116284,15.3092624308422,-4.40369974961274,14.9999687833473,8859.94585386885,-0,-8.88178419700125e-16,0,298.51863559451,0,0
109.46,40,40,-35.1723361593757,4.91354117692563,15.2220970911429,-4.3127063181546,14.999970796603,8883.54718871873,-0,-8.88178419700125e-16,0,300.023064499772,0,0
109.48,40,40,-35.0739882156465,4.92120213747634,15.1367590444072,-4.22098286372781,14.9999726800178,8907.09990210915,-0,0,0,301.52552799891,0,0
109.5,40,40,-34.9754900892178,4.92856079386915,15.0532621496926,-4.12860336243722,14.9999744419655,8930.603834493,-0,0,0,303.02602302727,0,0
109.52,40,40,-34.8768477454796,4.93562520876515,14.9716187964869,-4.03564078988848,14.99997609028,8954.05882969906,-0,8.88178419700125e-16,0,304.52454664112,0,0
109.54,40,40,-34.7780669889805,4.94240340302652,14.8918399250299,-3.94216709022856,14.9999776322896,8977.46473497949,-0,0,0,306.021096014427,0,0
109.56,40,40,-34.6791534643012,4.94890335194212,14.8139350472406,-3.84825314654329,14.9999790748505,9000.821401054,-0,8.88178419700125e-16,0,307.515668435647,0,0
109.58,40,40,-34.5801126570031,4.9551329815509,14.7379122682238,-3.75396875260452,14.9999804243762,9024.12868215051,-0,8.88178419700125e-16,0,309.008261304536,0,0
109.6,40,40,-34.4809498946494,4.96110016506383,14.6637783083272,-3.65938258595923,14.999981686867,9047.38643604249,-0,1.77635683940025e-15,1,310.498872128981,0,0
109.62,40,40,-34.3816703478963,4.96681271938488,14.591538525724,-3.56456218235174,14.999982867936,9070.59452408296,-0,8.88178419700125e-16,0,311.987498521846,0,0
109.64,40,40,-34.2822790316531,4.97227840173157,14.521196939494,-3.46957391146958,14.9999839728342,9093.75281123524,-0,1.77635683940025e-15,0,313.474138197853,0,0
109.66,40,40,-34.1827808063093,4.97750490635568,14.4527562531758,-3.3744829540029,14.9999850064743,9116.86116610042,-0,0,0,314.95878897047,0,0
109.68,40,40,-34.0831803790254,4.98249986136421,14.3862178787658,-3.27935328000648,14.9999859734518,9139.91946094175,-0,0,0,316.441448748844,0,0
109.7,40,40,-33.983482305087,4.98727082564118,14.3215819611361,-3.18424762855276,14.9999868780661,9162.92757170576,-0,0,0,317.922115534738,0,0
109.72,40,40,-33.8836909893192,4.99182528587022,14.2588474028471,-3.08922748866359,14.999987724339,9185.88537804041,-0,-8.88178419700125e-16,0,319.400787419518,0,0
109.74,40,40,-33.7838106875593,4.99617065365817,14.1980118893289,-2.99435308150791,14.9999885160333,9208.79276331016,-0,0,0,320.877462581153,0,0
109.76,40,40,-33.6838455081867,5.00031426275986,14.1390719144056,-2.8996833438518,14.9999892566688,9231.64961460806,-0,8.88178419700125e-16,0,322.352139281251,0,0
109.78,40,40,-33.5837994137065,5.00426336640378,14.0820228061385,-2.80527591274667,14.9999899495385,9254.45582276497,-0,8.88178419700125e-16,0,323.824815862127,0,0
109.8,40,40,-33.4836762223859,5.00802513471887,14.0268587529636,-2.71118711144116,14.9999905977229,9277.21128235583,-0,8.88178419700125e-16,1,325.2954907439,0,0
109.82,40,40,-33.3834796099414,5.01160665226197,13.9735728300981,-2.61747193650122,14.999991204104,9299.91589170316,-0,8.88178419700125e-16,0,326.764162421627,0,0
109.84,40,40,-33.2832131112737,5.01501491564596,13.9221570261932,-2.52418404612282,14.9999917713778,9322.56955287781,-0,1.77635683940025e-15,0,328.230829462467,0,0
109.86,40,40,-33.1828801222499,5.01825683126811,13.8726022702086,-2.43137574962089,14.9999923020663,9345.17217169697,-0,1.77635683940025e-15,0,329.695490502886,0,0
109.88,40,40,-33.0824839015294,5.02133921313834,13.8248984584851,-2.33909799807771,14.9999927985292,9367.72365771959,-0,1.77635683940025e-15,0,331.158144245888,0,0
109.9,40,40,-32.9820275724327,5.02426878080701,13.7790344819937,-2.24740037613363,14.9999932629737,9390.22392423919,-0,1.77635683940025e-15,0,332.618789458299,0,0
109.92,40,40,-32.8815141248502,5.02705215739172,13.7349982537369,-2.15633109490228,14.9999936974648,9412.6728882741,-0,1.77635683940025e-15,0,334.077424968069,0,0
109.94,40,40,-32.7809464171904,5.0296958677025,13.692776736281,-2.06593698599228,14.9999941039342,9435.07047055529,-0,1.77635683940025e-15,0,335.534049661632,0,0
109.96,40,40,-32.6803271783631,5.03220633646499,13.6523559693968,-1.97626349661693,14.9999944841892,9457.41659551179,-0,1.77635683940025e-15,0,336.988662481287,0,0
109.98,40,40,-32.5796590097987,5.03458988664071,13.6137210977874,-1.88735468577295,14.9999948399204,9479.71119125371,-0,8.88178419700125e-16,0,338.441262422638,0,0
110,40,40,-32.4789443874994,5.0368527378438,13.5768563988823,-1.79925322146904,14.9999951727094,9501.95418955306,-0,1.77635683940025e-15,1,339.891848532057,0,0
110.02,40,40,-32.3781856641209,5.03900100485359,13.5417453106758,-1.71200037898475,14.9999954840359,9524.14552582222,-0,8.88178419700125e-16,0,341.340419904199,0,0
110.04,40,40,-32.2773850710835,5.04104069622196,13.5083704595912,-1.62563604013959,14.999995775284,9546.28513909041,-0,8.88178419700125e-16,0,342.786975679557,0,0
110.06,40,40,-32.1765447207094,5.04297771297471,13.4767136883482,-1.54019869355246,14.9999960477486,9568.37297197787,-0,8.88178419700125e-16,0,344.231515042059,0,0
110.08,40,40,-32.0756666083859,5.04481784740611,13.4467560838169,-1.45572543587059,14.9999963026412,9590.40897066816,-0,8.88178419700125e-16,0,345.674037216704,0,0
110.1,40,40,-31.974752614751,5.0465667819655,13.418478004837,-1.37225197394754,14.999996541095,9612.39308487839,-0,8.88178419700125e-16,0,347.114541467249,0,0
110.12,40,40,-31.8738045079007,5.04823008823504,13.3918591099836,-1.28981262794915,14.9999967641701,9634.32526782756,-0,0,0,348.553027093934,0,0
110.14,40,40,-31.772823945616,5.04981322599752,13.3668783852628,-1.2084403353663,14.9999969728585,9656.20547620306,-0,0,0,349.989493431256,0,0
110.16,40,40,-31.6718124776071,5.05132154239311,13.3435141717175,-1.1281666559131,14.999997168088,9678.03367012531,-0,-8.88178419700125e-16,0,351.42393984578,0,0
110.18,40,40,-31.5707715477746,5.05276027116394,13.321744192927,-1.04902177728886,14.9999973507265,9699.80981311078,-0,-8.88178419700125e-16,0,352.856365734006,0,0
110.2,40,40,-31.4697024964834,5.05413453198531,13.301545582382,-0.971034521782334,14.9999975215861,9721.53387203321,-0,0,1,354.286770520271,0,0
110.22,40,40,-31.3686065628508,5.05544932988235,13.2828949107207,-0.894232353696066,14.9999976814265,9743.20581708336,-0,0,0,355.715153654705,0,0
110.24,40,40,-31.2674848870443,5.05670955473081,13.265768212807,-0.818641387569154,14.9999978309582,9764.8256217271,-0,-8.88178419700125e-16,0,357.141514611225,0,0
110.26,40,40,-31.1663385125889,5.05791998084079,13.2501410146375,-0.744286397176124,14.9999979708463,9786.39326266206,-0,8.88178419700125e-16,0,358.565852885583,0,0
110.28,40,40,-31.0651683886818,5.05908526662194,13.2359883600601,-0.67119082527982,14.9999981017125,9807.90871977289,-0,8.88178419700125e-16,0,359.988167993451,0,0
110.3,40,40,-30.9639753725132,5.060209954329,13.2232848372909,-0.599376794116052,14.9999982241387,9829.37197608507,-0,8.88178419700125e-16,0,361.408459468565,0,0
110.32,40,40,-30.8627602315916,5.06129846988614,13.2120046052137,-0.528865116587666,14.9999983386694,9850.78301771754,-0,0,0,362.826726860902,0,0
110.34,40,40,-30.7615236460708,5.06235512278862,13.2021214194494,-0.459675308145722,14.9999984458136,9872.14183383396,-0,8.88178419700125e-16,0,364.242969734913,0,0
110.36,40,40,-30.6602662110794,5.06338410608068,13.1936086581802,-0.391825599335383,14.9999985460477,9893.44841659289,-0,1.77635683940025e-15,0,365.657187667795,0,0
110.38,40,40,-30.5589884390494,5.06438949640773,13.1864393477169,-0.325332948984165,14.9999986398175,9914.70276109679,-0,1.77635683940025e-15,0,367.069380247821,0,0
110.4,40,40,-30.4576907620425,5.0653752541418,13.1805861877967,-0.260213058010173,14.9999987275397,9935.90486534001,-0,1.77635683940025e-15,1,368.479547072701,0,0
110.42,40,40,-30.3563735340746,5.06634522357843,13.1760215765979,-0.196480383827994,14.9999988096045,9957.05473015567,-0,8.88178419700125e-16,0,369.887687748006,0,0
110.44,40,40,-30.2550370334339,5.0673031332037,13.1727176354608,-0.134148155329943,14.9999988863767,9978.15235916176,-0,8.88178419700125e-16,0,371.293801885621,0,0
110.46,40,40,-30.1536814649944,5.06825259602965,13.1706462333046,-0.0732283884204435,14.9999989581976,9999.19775870616,-0,1.77635683940025e-15,0,372.697889102264,0,0
110.48,40,40,-30.0523069625213,5.06919710999676,13.1697790107265,-0.0137319020813392,14.9999990253866,10020.190937811,-0,8.88178419700125e-16,0,374.099949018033,0,0
110.5,40,40,-29.9509135909678,5.07014005844175,13.1700874037756,0.0443316650539129,14.9999990882423,10041.1319081162,-0,8.88178419700125e-16,0,375.499981255009,0,0
110.52,40,40,-29.8495013487621,5.07108471062916,13.1715426673902,0.100953837639179,14.9999991470443,10062.0206838222,-0,8.88178419700125e-16,0,376.897985435904,0,0
110.54,40,40,-29.7480701700829,5.07203422234513,13.1741158984888,0.156127286089582,14.999999202054,10082.8572816319,-0,0,0,378.293961182751,0,0
110.56,40,40,-29.6466199271226,5.07299163655178,13.1777780587062,0.209845808612186,14.9999992535159,10103.6417206927,-0,0,0,379.687908115646,0,0
110.58,40,40,-29.5451504323365,5.07395988410051,13.1824999967666,0.262104312815048,14.9999993016589,10124.374022537,-0,0,0,381.079825851523,0,0
110.6,40,40,-29.4436614406779,5.07494178450264,13.1882524704842,0.312898796916101,14.999999346697,10145.0542110227,-0,-8.88178419700125e-16,1,382.469714002991,0,0
110.62,40,40,-29.3421526518162,5.07594004675576,13.1950061683838,0.362226330573183,14.9999993888305,10165.6823122734,-0,-8.88178419700125e-16,0,383.857572177199,0,0
110.64,40,40,-29.2406237123389,5.07695727022408,13.2027317309357,0.410085035356335,14.9999994282467,10186.258354618,-0,-8.88178419700125e-16,0,385.243399974755,0,0
110.66,40,40,-29.1390742179346,5.07799594557122,13.2113997713953,0.456474064883323,14.9999994651208,10206.7823685298,-0,0,0,386.627196988688,0,0
110.68,40,40,-29.0375037155577,5.07905845574372,13.2209808962428,0.501393584639146,14.9999994996167,10227.2543865657,-0,0,0,388.008962803446,0,0
110.7,40,40,-28.935911705572,5.08014707700368,13.2314457252165,0.544844751500069,14.9999995318879,10247.6744433044,-0,-8.88178419700125e-16,0,389.388696993951,0,0
110.72,40,40,-28.8342976438742,5.08126398000875,13.2427649109335,0.586829692982529,14.9999995620779,10268.0425752857,-0,0,0,390.766399124682,0,0
110.74,40,40,-28.7326609439944,5.08241123093801,13.2549091580926,0.627351486237014,14.9999995903208,10288.3588209483,-0,0,0,392.142068748808,0,0
110.76,40,40,-28.6310009791743,5.0835907926619,13.2678492422553,0.66641413680681,14.9999996167422,10308.6232205681,-0,-8.88178419700125e-16,0,393.515705407364,0,0
110.78,40,40,-28.5293170844211,5.08480452595467,13.281556028199,0.704022557171223,14.9999996414597,10328.8358161966,-0,-8.88178419700125e-16,0,394.887308628463,0,0
110.8,40,40,-28.4276085585371,5.08605419074761,13.2960004878401,0.740182545092691,14.999999664583,10348.996651599,-0,0,1,396.256877926553,0,0
110.82,40,40,-28.3258746661237,5.08734144742151,13.3111537177209,0.774900761786873,14.9999996862151,10369.1057721923,-0,0,0,397.624412801712,0,0
110.84,40,40,-28.2241146395592,5.08866785813665,13.3269869560599,0.808184709934606,14.999999706452,10389.1632249837,-0,-8.88178419700125e-16,0,398.989912738987,0,0
110.86,40,40,-28.1223276809492,5.09003488819868,13.3434715993591,0.840042711554274,14.9999997253838,10409.169058509,-0,0,0,400.353377207764,0,0
110.88,40,40,-28.0205129640506,5.09144390745884,13.3605792185693,0.870483885752908,14.9999997430946,10429.123322771,-0,-1.77635683940025e-15,0,401.714805661185,0,0
110.9,40,40,-27.9186696361655,5.0928961917468,13.3782815748079,0.899518126374005,14.9999997596632,10449.0260691783,-0,-8.88178419700125e-16,0,403.0741975356,0,0
110.92,40,40,-27.8167968200077,5.09439292433462,13.3965506346297,0.927156079559792,14.9999997751633,10468.8773504844,-0,-1.77635683940025e-15,0,404.431552250056,0,0
110.94,40,40,-27.7148936155386,5.09593519743012,13.4153585848478,0.95340912124532,14.9999997896637,10488.6772207268,-0,-1.77635683940025e-15,0,405.786869205824,0,0
110.96,40,40,-27.6129591017734,5.09752401369825,13.434677846904,0.978289334601499,14.9999998032289,10508.4257351665,-0,-1.77635683940025e-15,0,407.14014778596,0,0
110.98,40,40,-27.5109923385566,5.09916028780862,13.4544810907876,1.00180948744385,14.9999998159192,10528.1229502281,-0,-1.77635683940025e-15,0,408.491387354909,0,0
111,40,40,-27.4089923683062,5.10084484800796,13.4747412485025,1.02398300962346,14.9999998277912,10547.7689234399,-0,-8.88178419700125e-16,1,409.840587258132,0,0
111.02,40,40,-27.3069582177262,5.1025784377157,13.495431527081,1.04482397041617,14.9999998388974,10567.3637133746,-0,-8.88178419700125e-16,0,411.18774682178,0,0
111.04,40,40,-27.204888899487,5.10436171714121,13.5165254211475,1.06434705592605,14.9999998492874,10586.9073795906,-0,-8.88178419700125e-16,0,412.532865352397,0,0
111.06,40,40,-27.1027834138733,5.10619526492133,13.5379967250281,1.08256754651828,14.9999998590073,10606.3999825732,-0,-8.88178419700125e-16,0,413.875942136651,0,0
111.08,40,40,-27.0006407503991,5.10807957977644,13.5598195444114,1.09950129429693,14.9999998681004,10625.8415836775,-0,-8.88178419700125e-16,0,415.216976441105,0,0
111.1,40,40,-26.8984598893889,5.11001508218385,13.5819683075581,1.11516470064221,14.999999876607,10645.23224507,-0,-8.88178419700125e-16,0,416.555967512021,0,0
111.12,40,40,-26.7962398035265,5.11200211606681,13.6044177760628,1.12957469382166,14.999999884565,10664.5720296729,-0,-1.77635683940025e-15,0,417.892914575185,0,0
111.14,40,40,-26.6939794593681,5.11404095049789,13.6271430551681,1.14274870668955,14.9999998920097,10683.8610011072,-0,-1.77635683940025e-15,0,419.227816835776,0,0
111.16,40,40,-26.5916778188232,5.1161317814152,13.6501196036347,1.15470465448801,14.9999998989743,10703.0992236375,-0,-1.77635683940025e-15,0,420.560673478253,0,0
111.18,40,40,-26.4893338405989,5.11827473335002,13.6733232431679,1.16546091276347,14.9999999054898,10722.286762117,-0,-1.77635683940025e-15,0,421.891483666279,0,0
111.2,40,40,-26.3869464816117,5.12046986116458,13.6967301674036,1.17503629541138,14.999999911585,10741.4236819333,-0,-1.77635683940025e-15,1,423.220246542673,0,0
111.22,40,40,-26.2845146983629,5.12271715179848,13.7203169504576,1.18345003286196,14.9999999172872,10760.510048955,-0,-2.66453525910038e-15,0,424.546961229382,0,0
111.24,40,40,-26.1820374482796,5.12501652602248,13.7440605550387,1.19072175041914,14.9999999226216,10779.5459294788,-0,-3.5527136788005e-15,0,425.871626827494,0,0
111.26,40,40,-26.0795136910204,5.12736784019836,13.7679383401315,1.19687144676497,14.9999999276119,10798.5313901774,-0,-3.5527136788005e-15,0,427.194242417264,0,0
111.28,40,40,-25.9769423897462,5.12977088804351,13.7919280682498,1.20191947264081,14.9999999322805,10817.4664980486,-0,-4.44089209850063e-15,0,428.514807058172,0,0
111.3,40,40,-25.8743225123553,5.13222540239894,13.8160079122671,1.20588650971671,14.9999999366479,10836.3513203642,-0,-4.44089209850063e-15,0,429.83331978901,0,0
111.32,40,40,-25.771653032683,5.13473105699954,13.8401564618245,1.20879354965989,14.9999999407337,10855.185924621,-0,-4.44089209850063e-15,0,431.149779627981,0,0
111.34,40,40,-25.6689329316663,5.13728746824533,13.8643527293239,1.21066187341269,14.9999999445559,10873.9703784915,-0,-3.5527136788005e-15,0,432.464185572837,0,0
111.36,40,40,-25.5661611984729,5.13989419697242,13.8885761555075,1.21151303069041,14.9999999481317,10892.7047497762,-0,-3.5527136788005e-15,0,433.776536601028,0,0
111.38,40,40,-25.4633368315945,5.14255075022262,13.9128066146306,1.21136881970858,14.9999999514768,10911.3891063561,-0,-2.66453525910038e-15,0,435.08683166988,0,0
111.4,40,40,-25.3604588399053,5.14525658301042,13.9370244192306,1.21025126714931,14.9999999546062,10930.0235161469,-0,-2.66453525910038e-15,1,436.395069716787,0,0
111.42,40,40,-25.2575262436847,5.14801110008636,13.961210324498,1.20818260837568,14.9999999575338,10948.6080470532,-0,-2.66453525910038e-15,0,437.701249659439,0,0
111.44,40,40,-25.1545380756052,5.15081365769549,13.9853455322545,1.20518526790295,14.9999999602726,10967.1427669245,-0,-1.77635683940025e-15,0,439.005370396049,0,0
111.46,40,40,-25.0514933816846,5.15366356532999,14.009411694543,1.20128184013501,14.9999999628347,10985.6277435111,-0,-1.77635683940025e-15,0,440.307430805616,0,0
111.48,40,40,-24.9483912222041,5.15656008747484,14.0333909168347,1.19649507037395,14.9999999652316,11004.063044422,-0,-8.88178419700125e-16,0,441.607429748204,0,0
111.5,40,40,-24.8452306725905,5.15950244534551,14.0572657608597,1.19084783611051,14.9999999674739,11022.4487370829,-0,-8.88178419700125e-16,0,442.905366065228,0,0
111.52,40,40,-24.742010824265,5.16248981861666,14.081019247066,1.18436312860274,14.9999999695716,11040.7848886956,-0,-1.77635683940025e-15,0,444.201238579774,0,0
111.54,40,40,-24.6387307854559,5.16552134714087,14.1046348567133,1.17706403474973,14.9999999715341,11059.0715661982,-0,-8.88178419700125e-16,0,445.49504609692,0,0
111.56,40,40,-24.5353896819787,5.16859613265652,14.1280965336068,1.16897371926709,14.9999999733699,11077.3088362263,-0,-1.77635683940025e-15,0,446.786787404084,0,0
111.58,40,40,-24.4319866579811,5.17171324048372,14.1513886854779,1.1601154071704,14.9999999750874,11095.4967650754,-0,-1.77635683940025e-15,0,448.076461271385,0,0
111.6,40,40,-24.3285208766545,5.17487170120764,14.1744961850177,1.15051236657264,14.9999999766941,11113.6354186635,-0,-8.88178419700125e-16,1,449.364066452011,0,0
111.62,40,40,-24.2249915209121,5.1780705123481,14.1974043705697,1.140187891801,14.9999999781971,11131.724862496,-0,-8.88178419700125e-16,0,450.649601682611,0,0
111.64,40,40,-24.1213977940334,5.18130864001484,14.2200990464876,1.12916528683859,14.9999999796033,11149.7651616302,-0,-8.88178419700125e-16,0,451.933065683695,0,0
111.66,40,40,-24.0177389202763,5.1845850205474,14.2425664831661,1.1174678490956,14.9999999809187,11167.7563806418,-0,-8.88178419700125e-16,0,453.214457160048,0,0
111.68,40,40,-23.914014145456,5.18789856213903,14.2647934167493,1.10511885351489,14.9999999821493,11185.698583592,-0,0,0,454.493774801153,0,0
111.7,40,40,-23.8102227374917,5.19124814644376,14.2867670485259,1.09214153701593,14.9999999833006,11203.5918339954,-0,-8.88178419700125e-16,0,455.771017281632,0,0
111.72,40,40,-23.706363986922,5.19463263016584,14.3084750440155,1.07855908328115,14.9999999843776,11221.4361947896,-0,-8.88178419700125e-16,0,457.046183261689,0,0
111.74,40,40,-23.6024372073876,5.198050846631,14.3299055317547,1.06439460788846,14.9999999853851,11239.2317283048,-0,-8.88178419700125e-16,0,458.31927138757,0,0
111.76,40,40,-23.4984417360834,5.20150160733875,14.3510471017895,1.04967114379288,14.9999999863277,11256.9784962357,-0,0,0,459.590280292027,0,0
111.78,40,40,-23.3943769341802,5.20498370349496,14.3718888038804,1.03441162716068,14.9999999872094,11274.6765596128,-0,0,0,460.859208594796,0,0
111.8,40,40,-23.2902421872145,5.20849590752435,14.392420145428,1.01863888355835,14.9999999880343,11292.3259787762,-0,8.88178419700125e-16,1,462.12605490308,0,0
111.82,40,40,-23.1860369054499,5.21203697456202,14.4126310891256,1.00237561449904,14.999999988806,11309.9268133498,-0,0,0,463.390817812039,0,0
111.84,40,40,-23.0817605242081,5.21560564392363,14.4325120503471,0.985644384348398,14.999999989528,11327.4791222161,-0,0,0,464.653495905287,0,0
111.86,40,40,-22.9774125041703,5.21920064055358,14.4520538942756,0.968467607591652,14.9999999902033,11344.9829634926,-0,0,0,465.914087755401,0,0
111.88,40,40,-22.8729923316507,5.22282067645068,14.4712479327818,0.950867536463414,14.9999999908352,11362.438394509,-0,8.88178419700125e-16,0,467.172591924423,0,0
111.9,40,40,-22.7684995188414,5.22646445207084,14.4900859210582,0.932866248941438,14.9999999914262,11379.8454717854,-0,1.77635683940025e-15,0,468.429006964384,0,0
111.92,40,40,-22.6639336040292,5.23013065770632,14.5085600540171,0.914485637105254,14.9999999919792,11397.2042510113,-0,8.88178419700125e-16,0,469.683331417816,0,0
111.94,40,40,-22.5592941517853,5.23381797484098,14.5266629624589,0.895747395860357,14.9999999924965,11414.514787026,-0,8.88178419700125e-16,0,470.935563818281,0,0
111.96,40,40,-22.4545807531284,5.23752507748134,14.5443877090195,0.876673012028327,14.9999999929804,11431.7771337995,-0,0,0,472.185702690896,0,0
111.98,40,40,-22.3497930256607,5.24125063346273,14.5617277839018,0.857283753803025,14.9999999934331,11448.9913444146,-0,8.88178419700125e-16,0,473.433746552866,0,0
112,40,40,-22.2449306136789,5.24499330573048,14.5786771004014,0.837600660572737,14.9999999938566,11466.1574710502,-0,0,1,474.679693914011,0,0
112.02,40,40,-22.1399931882592,5.24875175359557,14.5952299902316,0.817644533107885,14.9999999942528,11483.2755649648,-0,0,0,475.923543277308,0,0
112.04,40,40,-22.0349804473174,5.25252463396454,14.6113811986559,0.797435924113688,14.9999999946235,11500.3456764821,-0,0,0,477.165293139423,0,0
112.06,40,40,-21.9298921156455,5.25631060254337,14.627125879435,0.776995129146894,14.9999999949702,11517.3678549763,-0,0,0,478.404941991248,0,0
112.08,40,40,-21.8247279449234,5.26010831501488,14.6424595895966,0.756342177895489,14.9999999952946,11534.3421488594,-0,8.88178419700125e-16,0,479.64248831844,0,0
112.1,40,40,-21.7194877137078,5.2639164281897,14.6573782840333,0.73549682582005,14.9999999955981,11551.2686055685,-0,8.88178419700125e-16,0,480.87793060196,0,0
112.12,40,40,-21.6141712273989,5.26773360113031,14.6718783099377,0.714478546155188,14.999999995882,11568.1472715547,-0,8.88178419700125e-16,0,482.111267318606,0,0
112.14,40,40,-21.5087783181836,5.27155849624805,14.6859564010811,0.693306522269287,14.9999999961476,11584.9781922726,-0,1.77635683940025e-15,0,483.342496941555,0,0
112.16,40,40,-21.4033088449583,5.27538978037296,14.6996096719422,0.671999640380577,14.999999996396,11601.7614121708,-0,1.77635683940025e-15,0,484.571617940892,0,0
112.18,40,40,-21.29776269323,5.27922612579626,14.7128356116946,0.65057648262732,14.9999999966284,11618.496974683,-0,8.88178419700125e-16,0,485.798628784148,0,0
112.2,40,40,-21.1921397749966,5.28306621128523,14.725632078059,0.629055320489721,14.9999999968459,11635.1849222203,-0,1.77635683940025e-15,1,487.02352793683,0,0
112.22,40,40,-21.0864400286077,5.28690872307059,14.7379972910266,0.607454108560969,14.9999999970493,11651.8252961644,-0,1.77635683940025e-15,0,488.246313862946,0,0
112.24,40,40,-20.9806634186057,5.29075235580605,14.7499298264625,0.585790478664623,14.9999999972396,11668.418136861,-0,8.88178419700125e-16,0,489.466985025536,0,0
112.26,40,40,-20.8748099355479,5.29459581350014,14.7614286095941,0.564081734315364,14.9999999974176,11684.9634836149,-0,1.77635683940025e-15,0,490.685539887189,0,0
112.28,40,40,-20.7688795958101,5.29843781042017,14.7724929083922,0.542344845519979,14.9999999975842,11701.4613746854,-0,2.66453525910038e-15,0,491.901976910565,0,0
112.3,40,40,-20.6628724413733,5.30227707196828,14.7831223268521,0.520596443915254,14.99999999774,11717.9118472826,-0,2.66453525910038e-15,0,493.116294558909,0,0
112.32,40,40,-20.5567885395916,5.30611233552966,14.79331679818,0.498852818239273,14.9999999978857,11734.3149375643,-0,1.77635683940025e-15,0,494.328491296557,0,0
112.34,40,40,-20.4506279829448,5.30994235129282,14.8030765778927,0.477129910132499,14.9999999980221,11750.6706806343,-0,1.77635683940025e-15,0,495.538565589446,0,0
112.36,40,40,-20.3443908887744,5.31376588304205,14.8124022368362,0.455443310264817,14.9999999981496,11766.9791105405,-0,3.5527136788005e-15,0,496.746515905611,0,0
112.38,40,40,-20.2380773990037,5.317581708922,14.8212946541304,0.433808254784584,14.999999998269,11783.2402602748,-0,2.66453525910038e-15,0,497.95234071568,0,0
112.4,40,40,-20.1316876798436,5.32138862217459,14.8297550100457,0.412239622085609,14.9999999983806,11799.4541617727,-0,1.77635683940025e-15,1,499.156038493362,0,0
112.42,40,40,-20.0252219214829,5.32518543184814,14.8377847788183,0.390751929887808,14.9999999984851,11815.6208459146,-0,1.77635683940025e-15,0,500.357607715932,0,0
112.44,40,40,-19.918680337766,5.32897096347901,14.8453857214099,0.369359332627178,14.9999999985828,11831.7403425268,-0,2.66453525910038e-15,0,501.557046864706,0,0
112.46,40,40,-19.8120631658559,5.33274405974573,14.8525598782189,0.348075619150597,14.9999999986742,11847.8126803843,-0,1.77635683940025e-15,0,502.754354425509,0,0
112.48,40,40,-19.7053706658856,5.33650358109579,14.8593095617476,0.32691421071084,14.9999999987597,11863.837887213,-0,3.5527136788005e-15,0,503.949528889141,0,0
112.5,40,40,-19.5986031205964,5.34024840634524,14.8656373492328,0.305888159257078,14.9999999988397,11879.815989694,-0,3.5527136788005e-15,0,505.14256875183,0,0
112.52,40,40,-19.4917608349648,5.34397743325133,14.8715460752456,0.285010146016022,14.9999999989145,11895.7470134671,-0,5.32907051820075e-15,0,506.333472515683,0,0
112.54,40,40,-19.384844135818,5.34768957905815,14.8770388242642,0.264292480358789,14.9999999989845,11911.6309831359,-0,5.32907051820075e-15,0,507.522238689126,0,0
112.56,40,40,-19.2778533714393,5.35138378101579,14.8821189232288,0.243747098948423,14.99999999905,11927.4679222731,-0,5.32907051820075e-15,0,508.708865787336,0,0
112.58,40,40,-19.1707889111629,5.35505899687292,14.8867899340805,0.223385565162969,14.9999999991113,11943.2578534268,-0,5.32907051820075e-15,0,509.893352332666,0,0
112.6,40,40,-19.0636511449588,5.35871420534319,14.8910556462923,0.203219068788864,14.9999999991686,11959.0007981265,-0,5.32907051820075e-15,1,511.075696855065,0,0
112.62,40,40,-18.9564404830096,5.36234840654562,14.8949200693966,0.183258425979349,14.9999999992222,11974.6967768907,-0,3.5527136788005e-15,0,512.255897892482,0,0
112.64,40,40,-18.849157355278,5.36596062241923,14.8983874255142,0.163514079472536,14.9999999992724,11990.3458092344,-0,3.5527136788005e-15,0,513.433953991269,0,0
112.66,40,40,-18.7418022110665,5.36954989711224,14.9014621418899,0.143996099063669,14.9999999993193,12005.9479136773,-0,1.77635683940025e-15,0,514.609863706572,0,0
112.68,40,40,-18.6343755185693,5.37311529734595,14.904148843441,0.12471418232608,14.9999999993632,12021.5031077526,-0,1.77635683940025e-15,0,515.783625602713,0,0
112.7,40,40,-18.5268777644176,5.37665591275374,14.9064523453221,0.105677655575256,14.9999999994043,12037.0114080159,-0,3.5527136788005e-15,0,516.955238253561,0,0
112.72,40,40,-18.4193094532185,5.38017085619548,14.9083776455109,0.0868954750703979,14.9999999994427,12052.4728300553,-0,3.5527136788005e-15,0,518.124700242899,0,0
112.74,40,40,-18.3116711070869,5.38365926404747,14.9099299174218,0.0683762284477848,14.9999999994786,12067.8873885012,-0,1.77635683940025e-15,0,519.29201016478,0,0
112.76,40,40,-18.2039632651728,5.3871202964685,14.9111145025492,0.0501281363802289,14.9999999995123,12083.2550970372,-0,3.5527136788005e-15,0,520.457166623868,0,0
112.78,40,40,-18.0961864831832,5.39055313764214,14.9119369031469,0.0321590544568471,14.9999999995437,12098.5759684107,-0,1.77635683940025e-15,0,521.620168235778,0,0
112.8,40,40,-17.9883413328994,5.39395699599566,14.9124027749468,0.0144764752773548,14.9999999995731,12113.8500144447,-0,1.77635683940025e-15,1,522.781013627398,0,0
112.82,40,40,-17.88042840169,5.39733110439602,14.912517919922,-0.0029124692449504,14.9999999996007,12129.0772460495,-0,0,0,523.939701437212,0,0
112.84,40,40,-17.7724482920205,5.4006747203231,14.9122882790978,-0.0200010053773712,14.9999999996264,12144.2576732348,-0,1.77635683940025e-15,0,525.096230315601,0,0
112.86,40,40,-17.6644016209591,5.40398712602071,14.9117199254146,-0.0367827148650408,14.9999999996505,12159.3913051223,-0,0,0,526.250598925143,0,0
112.88,40,40,-17.5562890196808,5.40726762862561,14.910819056647,-0.0532515320370925,14.9999999996731,12174.4781499589,-0,1.77635683940025e-15,0,527.402805940897,0,0
112.9,40,40,-17.4481111329677,5.41051556027504,14.9095919883829,-0.0694017407276808,14.9999999996941,12189.5182151295,-0,1.77635683940025e-15,0,528.552850050686,0,0
112.92,40,40,-17.3398686187086,5.41373027819307,14.9080451470653,-0.0852279710177676,14.9999999997139,12204.5115071709,-0,1.77635683940025e-15,0,529.700729955358,0,0
112.94,40,40,-17.2315621473963,5.4169111647561,14.9061850631017,-0.100725195803595,14.9999999997323,12219.4580317854,-0,1.77635683940025e-15,0,530.846444369047,0,0
112.96,40,40,-17.1231924016242,5.42005762753811,14.9040183640432,-0.115888727197767,14.9999999997496,12234.3577938553,-0,1.77635683940025e-15,0,531.989992019418,0,0
112.98,40,40,-17.014760075582,5.42316909933584,14.9015517678379,-0.130714212768848,14.9999999997657,12249.2107974568,-0,1.77635683940025e-15,0,533.131371647904,0,0
113,40,40,-16.9062658745512,5.42624503817441,14.8987920761603,-0.145197631625397,14.9999999997808,12264.0170458753,-0,1.77635683940025e-15,1,534.270582009935,0,0
113.02,40,40,-16.7977105144005,5.42928492729388,14.8957461678212,-0.159335290350323,14.999999999795,12278.7765416197,-0,1.77635683940025e-15,0,535.407621875153,0,0
113.04,40,40,-16.6890947210821,5.43228827511692,14.8924209922599,-0.173123818791443,14.9999999998082,12293.4892864382,-0,1.77635683940025e-15,0,536.542490027618,0,0
113.06,40,40,-16.5804192301281,5.43525461519832,14.8888235631223,-0.186560165714103,14.9999999998206,12308.1552813328,-0,0,0,537.675185266007,0,0
113.08,40,40,-16.4716847861489,5.43818350615654,14.8849609519269,-0.199641594321697,14.9999999998321,12322.7745265756,-0,0,0,538.805706403798,0,0
113.1,40,40,-16.3628921423325,5.44107453158778,14.8808402818221,-0.212365677649883,14.999999999843,12337.3470217241,-0,0,0,539.934052269449,0,0
113.12,40,40,-16.2540420599462,5.4439272999631,14.8764687214366,-0.224730293840291,14.9999999998531,12351.8727656373,-0,1.77635683940025e-15,0,541.060221706563,0,0
113.14,40,40,-16.1451353078399,5.44674144450892,14.8718534788255,-0.236733621299448,14.9999999998626,12366.3517564914,-0,1.77635683940025e-15,0,542.184213574045,0,0
113.16,40,40,-16.0361726619527,5.44951662307135,14.867001795514,-0.248374133748634,14.9999999998714,12380.7839917964,-0,3.5527136788005e-15,0,543.306026746248,0,0
113.18,40,40,-15.9271549048217,5.45225251796483,14.8619209406422,-0.259650595170332,14.9999999998797,12395.1694684122,-0,1.77635683940025e-15,0,544.425660113111,0,0
113.2,40,40,-15.8180828250946,5.45494883580554,14.8566182052104,-0.270562054656899,14.9999999998875,12409.5081825647,-0,1.77635683940025e-15,1,545.543112580287,0,0
113.22,40,40,-15.708957217045,5.45760530732992,14.8511008964298,-0.281107841167019,14.9999999998947,12423.8001298629,-0,3.5527136788005e-15,0,546.658383069257,0,0
113.24,40,40,-15.5997788800923,5.46022168719889,14.845376332178,-0.291287558195472,14.9999999999015,12438.0453053148,-0,3.5527136788005e-15,0,547.77147051744,0,0
113.26,40,40,-15.4905486183253,5.46279775378808,14.8394518355624,-0.301101078361699,14.9999999999079,12452.2437033446,-0,3.5527136788005e-15,0,548.882373878292,0,0
113.28,40,40,-15.3812672400298,5.46533330896457,14.8333347295924,-0.310548537922558,14.9999999999138,12466.3953178091,-0,3.5527136788005e-15,0,549.991092121394,0,0
113.3,40,40,-15.2719355572215,5.46782817785068,14.8270323319624,-0.31963033121465,14.9999999999194,12480.5001420147,-0,3.5527136788005e-15,0,551.097624232528,0,0
113.32,40,40,-15.1625543851829,5.47028220857504,14.8205519499457,-0.328347105031504,14.9999999999246,12494.5581687336,-0,3.5527136788005e-15,0,552.201969213753,0,0
113.34,40,40,-15.0531245420063,5.4726952720116,14.8139008754027,-0.33669975294086,14.9999999999294,12508.5693902213,-0,1.77635683940025e-15,0,553.30412608346,0,0
113.36,40,40,-14.9436468481412,5.47506726150693,14.8070863799024,-0.344689409547219,14.999999999934,12522.5337982329,-0,1.77635683940025e-15,0,554.404093876427,0,0
113.38,40,40,-14.8341221259477,5.47739809259621,14.8001157099595,-0.35231744470476,14.9999999999382,12536.4513840403,-0,3.5527136788005e-15,0,555.501871643862,0,0
113.4,40,40,-14.7245511992559,5.47968770270844,14.7929960823879,-0.359585457685667,14.9999999999422,12550.3221384485,-0,1.77635683940025e-15,1,556.597458453435,0,0
113.42,40,40,-14.614934892931,5.48193605086125,14.7857346797704,-0.366495271308813,14.999999999946,12564.1460518127,-0,3.5527136788005e-15,0,557.690853389301,0,0
113.44,40,40,-14.5052740324443,5.48414311734583,14.7783386460474,-0.373048926033703,14.9999999999494,12577.9231140549,-0,5.32907051820075e-15,0,558.782055552124,0,0
113.46,40,40,-14.3955694434515,5.48630890340225,14.7708150822232,-0.379248674024475,14.9999999999527,12591.6533146804,-0,3.5527136788005e-15,0,559.871064059076,0,0
113.48,40,40,-14.2858219513767,5.48843343088578,14.7631710421913,-0.385096973188709,14.9999999999558,12605.3366427949,-0,3.5527136788005e-15,0,560.957878043842,0,0
113.5,40,40,-14.1760323810036,5.4905167419246,14.7554135286794,-0.390596481195679,14.9999999999586,12618.9730871205,-0,3.5527136788005e-15,0,562.042496656609,0,0
113.52,40,40,-14.0662015560733,5.4925588985692,14.7475494893143,-0.395750049478644,14.9999999999613,12632.5626360122,-0,5.32907051820075e-15,0,563.124919064052,0,0
113.54,40,40,-13.9563302988901,5.49455998243409,14.7395858128064,-0.400560717225654,14.9999999999638,12646.1052774745,-0,5.32907051820075e-15,0,564.205144449305,0,0
113.56,40,40,-13.846419429933,5.49652009433207,14.7315293252553,-0.405031705363287,14.9999999999661,12659.6009991778,-0,5.32907051820075e-15,0,565.28317201193,0,0
113.58,40,40,-13.736469767476,5.4984393539016,14.7233867865743,-0.409166410537644,14.9999999999683,12673.049788474,-0,5.32907051820075e-15,0,566.35900096788,0,0
113.6,40,40,-13.6264821272154,5.50031789922764,14.7151648870371,-0.412968399096826,14.9999999999703,12686.4516324129,-0,7.105427357601e-15,1,567.432630549446,0,0
113.62,40,40,-13.5164573219042,5.50215588645632,14.7068702439435,-0.416441401079054,14.9999999999722,12699.8065177581,-0,7.105427357601e-15,0,568.504060005203,0,0
113.64,40,40,-13.4063961609953,5.5039534894039,14.6985093984056,-0.419589304210495,14.999999999974,12713.1144310029,-0,5.32907051820075e-15,0,569.573288599953,0,0
113.66,40,40,-13.2962994502921,5.50571089916049,14.6900888122539,-0.422416147916749,14.9999999999757,12726.3753583854,-0,5.32907051820075e-15,0,570.640315614647,0,0
113.68,40,40,-13.1861679916064,5.50742832368875,14.6816148650633,-0.424926117351892,14.9999999999773,12739.5892859046,-0,5.32907051820075e-15,0,571.705140346314,0,0
113.7,40,40,-13.0760025824256,5.50910598741807,14.6730938512981,-0.427123537448867,14.9999999999787,12752.7561993355,-0,3.5527136788005e-15,0,572.767762107977,0,0
113.72,40,40,-12.9658040155872,5.5107441308347,14.6645319775751,-0.429012866994896,14.9999999999801,12765.8760842439,-0,5.32907051820075e-15,0,573.828180228562,0,0
113.74,40,40,-12.855573078962,5.51234301006802,14.6559353600464,-0.430598692735553,14.9999999999814,12778.9489260022,-0,3.5527136788005e-15,0,574.886394052805,0,0
113.76,40,40,-12.745310555145,5.51390289647344,14.6473100218983,-0.431885723510969,14.9999999999826,12791.9747098032,-0,3.5527136788005e-15,0,575.942402941143,0,0
113.78,40,40,-12.6350172211556,5.51542407621235,14.638661890968,-0.432878784427621,14.9999999999837,12804.9534206756,-0,3.5527136788005e-15,0,576.996206269613,0,0
113.8,40,40,-12.5246938481452,5.51690684982933,14.6299967974762,-0.433582811068996,14.9999999999848,12817.8850434979,-0,3.5527136788005e-15,1,578.047803429732,0,0
113.82,40,40,-12.4143412011142,5.51835153182714,14.621320471875,-0.434002843748384,14.9999999999858,12830.7695630128,-0,3.5527136788005e-15,0,579.097193828382,0,0
113.84,40,40,-12.3039600386368,5.51975845023975,14.6126385428105,-0.43414402180691,14.9999999999867,12843.6069638413,-0,3.5527136788005e-15,0,580.144376887677,0,0
113.86,40,40,-12.1935511125947,5.52112794620374,14.603956535199,-0.434011577959851,14.9999999999875,12856.3972304963,-0,3.5527136788005e-15,0,581.18935204484,0,0
113.88,40,40,-12.0831151679198,5.52246037352855,14.5952798684154,-0.433610832694178,14.9999999999883,12869.1403473965,-0,3.5527136788005e-15,0,582.232118752061,0,0
113.9,40,40,-11.9726529423442,5.52375609826571,14.5866138545935,-0.432947188720169,14.9999999999891,12881.8362988794,-0,3.5527136788005e-15,0,583.272676476355,0,0
113.92,40,40,-11.8621651661604,5.52501549827753,14.5779636970362,-0.432026125479835,14.9999999999898,12894.4850692149,-0,3.5527136788005e-15,0,584.311024699421,0,0
113.94,40,40,-11.7516525619892,5.52623896280557,14.5693344887359,-0.430853193714827,14.9999999999904,12907.0866426179,-0,1.77635683940025e-15,0,585.347162917486,0,0
113.96,40,40,-11.6411158445561,5.52742689203909,14.5607312110018,-0.429434010096354,14.9999999999911,12919.641003261,-0,1.77635683940025e-15,0,586.38109064115,0,0
113.98,40,40,-11.5305557204773,5.52857969668389,14.5521587321947,-0.427774251919617,14.9999999999916,12932.1481352872,-0,3.5527136788005e-15,0,587.412807395229,0,0
114,40,40,-11.4199728880529,5.52969779753187,14.5436218065668,-0.42587965186508,14.9999999999922,12944.6080228221,-0,3.5527136788005e-15,1,588.442312718585,0,0
114.02,40,40,-11.3093680370702,5.53078162503144,14.5351250732064,-0.423755992828887,14.9999999999927,12957.0206499853,-0,1.77635683940025e-15,0,589.469606163965,0,0
114.04,40,40,-11.1987418486145,5.5318316188593,14.5266730550838,-0.42140910282458,14.9999999999932,12969.3860009031,-0,1.77635683940025e-15,0,590.494687297823,0,0
114.06,40,40,-11.0880949948886,5.53284822749364,14.5182701582001,-0.418844849958216,14.9999999999936,12981.7040597191,-0,1.77635683940025e-15,0,591.517555700146,0,0
114.08,40,40,-10.9774281390415,5.53383190778926,14.5099206708344,-0.416069137478861,14.999999999994,12993.9748106059,-0,1.77635683940025e-15,0,592.538210964276,0,0
114.1,40,40,-10.8667419350049,5.53478312455466,14.5016287628903,-0.413087898906369,14.9999999999944,13006.198237776,-0,1.77635683940025e-15,0,593.556652696725,0,0
114.12,40,40,-10.756037027338,5.53570235013154,14.4933984853383,-0.409907093238248,14.9999999999948,13018.3743254923,-0,1.77635683940025e-15,0,594.572880516991,0,0
114.14,40,40,-10.6453140510816,5.53659006397687,14.4852337697533,-0.406532700237317,14.9999999999951,13030.5030580788,-0,0,0,595.586894057367,0,0
114.16,40,40,-10.5345736316197,5.53744675224774,14.4771384279461,-0.402970715801786,14.9999999999954,13042.5844199307,-0,0,0,596.598692962751,0,0
114.18,40,40,-10.4238163845493,5.53827290738942,14.469116151686,-0.399227147419287,14.9999999999957,13054.6183955241,-0,1.77635683940025e-15,0,597.608276890453,0,0
114.2,40,40,-10.3130429155593,5.53906902772657,14.4611705125142,-0.3953080097063,14.999999999996,13066.6049694262,-0,0,1,598.615645509993,0,0
114.22,40,40,-10.2022538203166,5.5398356170581,14.4533049616445,-0.391219320034313,14.9999999999962,13078.544126304,-0,1.77635683940025e-15,0,599.620798502906,0,0
114.24,40,40,-10.0914496843606,5.54057318425574,14.4455228299516,-0.386967094244003,14.9999999999965,13090.435850934,-0,1.77635683940025e-15,0,600.62373556254,0,0
114.26,40,40,-9.98063108300606,5.54128224286657,14.4378273280438,-0.382557342448597,14.9999999999967,13102.2801282108,-0,1.77635683940025e-15,0,601.62445639385,0,0
114.28,40,40,-9.86979858125324,5.54196331071974,14.4302215464186,-0.37799606492751,14.9999999999969,13114.0769431556,-0,1.77635683940025e-15,0,602.622960713196,0,0
114.3,40,40,-9.75895273370623,5.54261690953753,14.4227084556999,-0.373289248111275,14.9999999999971,13125.8262809246,-0,1.77635683940025e-15,0,603.619248248134,0,0
114.32,40,40,-9.64809408449894,5.54324356455097,14.4152909069541,-0.36844286065867,14.9999999999973,13137.5281268173,-0,3.5527136788005e-15,0,604.613318737206,0,0
114.34,40,40,-9.53722316722878,5.54384380412023,14.4079716320844,-0.363462849626902,14.9999999999975,13149.1824662839,-0,3.5527136788005e-15,0,605.605171929732,0,0
114.36,40,40,-9.42634050489776,5.54441815935984,14.4007532442997,-0.358355136735583,14.9999999999976,13160.7892849327,-0,5.32907051820075e-15,0,606.5948075856,0,0
114.38,40,40,-9.31544660986115,5.54496716376911,14.3936382386586,-0.353125614725197,14.9999999999978,13172.3485685381,-0,3.5527136788005e-15,0,607.58222547505,0,0
114.4,40,40,-9.20454198378342,5.54549135286767,14.3866289926843,-0.34778014381064,14.9999999999979,13183.8603030466,-0,3.5527136788005e-15,1,608.567425378461,0,0
114.42,40,40,-9.09362711760146,5.54599126383652,14.3797277670497,-0.342324548230357,14.9999999999981,13195.3244745842,-0,3.5527136788005e-15,0,609.55040708614,0,0
114.44,40,40,-8.98270249149486,5.54646743516449,14.3729367063308,-0.336764612891518,14.9999999999982,13206.7410694625,-0,3.5527136788005e-15,0,610.531170398105,0,0
114.46,40,40,-8.87176857486327,5.54692040630052,14.3662578398258,-0.331106080111602,14.9999999999983,13218.110074185,-0,3.5527136788005e-15,0,611.509715123869,0,0
114.48,40,40,-8.76082582631059,5.54735071731165,14.3596930824392,-0.325354646456669,14.9999999999984,13229.431475453,-0,3.5527136788005e-15,0,612.486041082226,0,0
114.5,40,40,-8.64987469363604,5.54775890854704,14.3532442356271,-0.319515959676558,14.9999999999985,13240.705260171,-0,5.32907051820075e-15,0,613.460148101033,0,0
114.52,40,40,-8.53891561383176,5.54814552030796,14.3469129884036,-0.313595615737138,14.9999999999986,13251.9314154525,-0,3.5527136788005e-15,0,614.432036016996,0,0
114.54,40,40,-8.42794901308706,5.54851109252403,14.3407009184054,-0.307599155949694,14.9999999999987,13263.1099286249,-0,5.32907051820075e-15,0,615.401704675453,0,0
114.56,40,40,-8.31697530679902,5.54885616443569,14.3346094930127,-0.301532064197469,14.9999999999988,13274.2407872341,-0,3.5527136788005e-15,0,616.369153930155,0,0
114.58,40,40,-8.20599489958941,5.54918127428313,14.3286400705247,-0.295399764259275,14.9999999999989,13285.3239790496,-0,3.5527136788005e-15,0,617.334383643058,0,0
114.6,40,40,-8.09500818532775,5.54948695900157,14.3227939013875,-0.28920761723007,14.9999999999989,13296.3594920686,-0,3.5527136788005e-15,1,618.297393684098,0,0
114.62,40,40,-7.98401554716036,5.54977375392318,14.317072129473,-0.282960919038291,14.999999999999,13307.3473145199,-0,1.77635683940025e-15,0,619.258183930984,0,0
114.64,40,40,-7.87301735754542,5.55004219248569,14.3114757934063,-0.276664898059705,14.9999999999991,13318.2874348682,-0,1.77635683940025e-15,0,620.216754268981,0,0
114.66,40,40,-7.76201397829365,5.55029280594755,14.3060058279396,-0.270324712827443,14.9999999999991,13329.1798418172,-0,3.5527136788005e-15,0,621.173104590694,0,0
114.68,40,40,-7.65100576061474,5.55052612311008,14.300663065371,-0.263945449837853,14.9999999999992,13340.0245243134,-0,1.77635683940025e-15,0,622.127234795862,0,0
114.7,40,40,-7.53999304516917,5.55074267004626,14.2954482370069,-0.257532121451728,14.9999999999992,13350.821471549,-0,3.5527136788005e-15,0,623.07914479114,0,0
114.72,40,40,-7.42897616212546,5.55094296983659,14.2903619746646,-0.25108966389042,14.9999999999993,13361.5706729646,-0,1.77635683940025e-15,0,624.028834489891,0,0
114.74,40,40,-7.31795543122259,5.55112754231176,14.2854048122141,-0.244622935326285,14.9999999999993,13372.2721182522,-0,3.5527136788005e-15,0,624.976303811978,0,0
114.76,40,40,-7.20693116183754,5.55129690380241,14.280577187158,-0.238136714066858,14.9999999999994,13382.9257973575,-0,3.5527136788005e-15,0,625.921552683555,0,0
114.78,40,40,-7.09590365305767,5.55145156689587,14.2758794422455,-0.231635696832103,14.9999999999994,13393.5317004817,-0,1.77635683940025e-15,0,626.864581036861,0,0
114.8,40,40,-6.98487319375802,5.55159204019997,14.2713118271212,-0.225124497124024,14.9999999999995,13404.089818084,-0,1.77635683940025e-15,1,627.805388810013,0,0
114.82,40,40,-6.8738400626832,5.5517188281139,14.2668745000046,-0.218607643687883,14.9999999999995,13414.6001408831,-0,1.77635683940025e-15,0,628.743975946805,0,0
114.84,40,40,-6.76280452853376,5.55183243060628,14.2625675294,-0.212089579064222,14.9999999999995,13425.0626598585,-0,1.77635683940025e-15,0,629.680342396506,0,0
114.86,40,40,-6.65176685005697,5.5519333430002,14.2583908958344,-0.205574658230823,14.9999999999996,13435.4773662521,-0,1.77635683940025e-15,0,630.614488113657,0,0
114.88,40,40,-6.54072727614185,5.55202205576554,14.2543444936215,-0.199067147333725,14.9999999999996,13445.8442515691,-0,1.77635683940025e-15,0,631.546413057877,0,0
114.9,40,40,-6.42968604591824,5.55209905431833,14.2504281326503,-0.192571222506349,14.9999999999996,13456.1633075789,-0,3.5527136788005e-15,0,632.476117193666,0,0
114.92,40,40,-6.31864338885978,5.55216481882725,14.2466415401964,-0.186090968775735,14.9999999999996,13466.4345263158,-0,3.5527136788005e-15,0,633.403600490207,0,0
114.94,40,40,-6.2075995248908,5.55221982402734,14.2429843627544,-0.179630379054897,14.9999999999997,13476.6579000793,-0,3.5527136788005e-15,0,634.328862921179,0,0
114.96,40,40,-6.09655466449676,5.55226453904071,14.2394561678897,-0.173193353220196,14.9999999999997,13486.8334214348,-0,3.5527136788005e-15,0,635.251904464565,0,0
114.98,40,40,-5.98550900883825,5.55229942720447,14.2360564461073,-0.166783697272662,14.9999999999997,13496.9610832129,-0,1.77635683940025e-15,0,636.172725102463,0,0
115,40,40,-5.87446274986832,5.55232494590564,14.2327846127376,-0.160405122582108,14.9999999999997,13507.0408785102,-0,3.5527136788005e-15,1,637.091324820902,0,0
115.02,40,40,-5.76341607045314,5.55234154642322,14.2296400098355,-0.154061245212883,14.9999999999997,13517.0728006881,-0,3.5527136788005e-15,0,638.007703609659,0,0
115.04,40,40,-5.65236914449563,5.55234967377719,14.2266219080925,-0.147755585330034,14.9999999999998,13527.056843373,-0,3.5527136788005e-15,0,638.921861462081,0,0
115.06,40,40,-5.5413221370621,5.55234976658459,14.2237295087603,-0.141491566684677,14.9999999999998,13536.9930004553,-0,3.5527136788005e-15,0,639.833798374901,0,0
115.08,40,40,-5.43027520451171,5.5523422569225,14.2209619455836,-0.135272516177281,14.9999999999998,13546.8812660885,-0,1.77635683940025e-15,0,640.743514348068,0,0
115.1,40,40,-5.31922849462855,5.55232757019798,14.2183182867403,-0.129101663497592,14.9999999999998,13556.7216346885,-0,1.77635683940025e-15,0,641.651009384571,0,0
115.12,40,40,-5.20818214675631,5.55230612502487,14.2157975367893,-0.122982140839866,14.9999999999998,13566.5141009321,-0,1.77635683940025e-15,0,642.556283490271,0,0
115.14,40,40,-5.09713629193531,5.55227833310736,14.2133986386223,-0.116916982692074,14.9999999999998,13576.2586597558,-0,1.77635683940025e-15,0,643.459336673733,0,0
115.16,40,40,-4.98609105304181,5.55224459913043,14.2111204754195,-0.110909125697701,14.9999999999998,13585.9553063542,-0,1.77635683940025e-15,0,644.360168946059,0,0
115.18,40,40,-4.87504654492942,5.5522053206569,14.2089618726074,-0.10496140858876,14.9999999999998,13595.6040361787,-0,3.5527136788005e-15,0,645.25878032073,0,0
115.2,40,40,-4.76400287457252,5.5521608880312,14.2069215998169,-0.0990765721885893,14.9999999999999,13605.2048449351,-0,3.5527136788005e-15,1,646.155170813445,0,0
115.22,40,40,-4.65296014121153,5.5521116842897,14.2049983728409,-0.0932572594830206,14.9999999999999,13614.7577285823,-0,3.5527136788005e-15,0,647.049340441964,0,0
115.24,40,40,-4.54191843649994,5.55205808507752,14.2031908555901,-0.0875060157584567,14.9999999999999,13624.2626833299,-0,1.77635683940025e-15,0,647.941289225956,0,0
115.26,40,40,-4.43087784465288,5.55200045857187,14.2014976620447,-0.0818252888053906,14.9999999999999,13633.7197056357,-0,1.77635683940025e-15,0,648.831017186847,0,0
115.28,40,40,-4.31983844259722,5.55193916541173,14.1999173582018,-0.076217429185888,14.9999999999999,13643.128792204,-0,1.77635683940025e-15,0,649.718524347678,0,0
115.3,40,40,-4.20880030012296,5.55187455863375,14.1984484640169,-0.0706846905635324,14.9999999999999,13652.4899399827,-0,1.77635683940025e-15,0,650.603810732953,0,0
115.32,40,40,-4.09776348003588,5.5518069836145,14.1970894553381,-0.0652292300943237,14.9999999999999,13661.8031461607,-0,1.77635683940025e-15,0,651.486876368503,0,0
115.34,40,40,-3.98672803831126,5.55173677801876,14.1958387658315,-0.0598531088770106,14.9999999999999,13671.0684081655,-0,1.77635683940025e-15,0,652.367721281347,0,0
115.36,40,40,-3.8756940242486,5.55166427175391,14.194694788898,-0.0545582924613214,14.9999999999999,13680.2857236599,-0,1.77635683940025e-15,0,653.246345499556,0,0
115.38,40,40,-3.76466148062715,5.55158978693021,14.193655879578,-0.0493466514125569,14.9999999999999,13689.4550905394,-0,3.5527136788005e-15,0,654.122749052123,0,0
115.4,40,40,-3.65363044386223,5.55151363782708,14.1927203564455,-0.0442199619309929,14.9999999999999,13698.5765069292,-0,1.77635683940025e-15,1,654.996931968831,0,0
115.42,40,40,-3.54260094416209,5.55143613086502,14.1918865034885,-0.0391799065245409,14.9999999999999,13707.6499711809,-0,3.5527136788005e-15,0,655.868894280128,0,0
115.44,40,40,-3.43157300568537,5.55135756458333,14.1911525719757,-0.034228074733105,14.9999999999999,13716.6754818692,-0,1.77635683940025e-15,0,656.738636017009,0,0
115.46,40,40,-3.32054664669889,5.55127822962331,14.1905167823084,-0.0293659639030707,14.9999999999999,13725.6530377888,-0,1.77635683940025e-15,0,657.606157210889,0,0
115.48,40,40,-3.20952187973569,5.55119840871708,14.1899773258561,-0.0245949800103612,14.9999999999999,13734.5826379508,-0,1.77635683940025e-15,0,658.471457893493,0,0
115.5,40,40,-3.09849871175333,5.55111837668165,14.1895323667752,-0.0199164385304884,14.9999999999999,13743.4642815793,-0,3.5527136788005e-15,0,659.334538096741,0,0
115.52,40,40,-2.98747714429221,5.5510384004184,14.18918004381,-0.0153315653540338,14.9999999999999,13752.2979681077,-0,3.5527136788005e-15,0,660.195397852637,0,0
115.54,40,40,-2.87645717363379,5.55095873891767,14.188918472075,-0.0108414977459865,15,13761.0836971751,-0,3.5527136788005e-15,0,661.054037193161,0,0
115.56,40,40,-2.76543879095877,5.55087964326845,14.1887457448171,-0.00644728534737418,15,13769.8214686229,-0,3.5527136788005e-15,0,661.910456150171,0,0
115.58,40,40,-2.65442198250498,5.55080135667305,14.1886599351581,-0.00214989121762049,15,13778.5112824903,-0,1.77635683940025e-15,0,662.764654755297,0,0
115.6,40,40,-2.54340672972489,5.55072411446661,14.1886590978156,0.0020498070839307,15,13787.153139011,-0,1.77635683940025e-15,1,663.616633039845,0,0
115.62,40,40,-2.43239300944276,5.55064814414141,14.1887412708016,0.00615101637888138,15,13795.7470386094,-0,1.77635683940025e-15,0,664.466391034705,0,0
115.64,40,40,-2.32138079401118,5.55057366537578,14.1889044770985,0.0101530267145861,15,13804.2929818959,-0,1.77635683940025e-15,0,665.313928770258,0,0
115.66,40,40,-2.21037005146703,5.55050089006756,14.1891467263124,0.0140552101744426,15,13812.7909696637,-0,3.5527136788005e-15,0,666.159246276287,0,0
115.68,40,40,-2.09936074568677,5.55043002237197,14.1894660163011,0.0178570196552029,15,13821.2410028842,-0,3.5527136788005e-15,0,667.002343581897,0,0
115.7,40,40,-1.98835283654077,5.55036125874385,14.1898603347779,0.0215579876128329,15,13829.6430827031,-0,3.5527136788005e-15,0,667.843220715428,0,0
115.72,40,40,-1.87734628004699,5.55029478798396,14.1903276608905,0.0251577247784397,15,13837.9972104363,-0,1.77635683940025e-15,0,668.681877704379,0,0
115.74,40,40,-1.76634102852344,5.55023079128952,14.1908659667727,0.0286559188457727,15,13846.3033875655,-0,3.5527136788005e-15,0,669.518314575332,0,0
115.76,40,40,-1.6553370307398,5.55016944230859,14.1914732190708,0.0320523331317979,15,13854.5616157341,-0,3.5527136788005e-15,0,670.35253135388,0,0
115.78,40,40,-1.54433423206781,5.55011090719834,14.1921473804424,0.0353468052118288,15,13862.7718967431,-0,3.5527136788005e-15,0,671.184528064557,0,0
115.8,40,40,-1.43333257463043,5.55005534468711,14.1928864110275,0.0385392455306876,15,13870.9342325464,-0,3.5527136788005e-15,1,672.014304730772,0,0
115.82,40,40,-1.32233199744983,5.55000290613997,14.1936882698919,0.0416296359913552,15,13879.0486252472,-0,3.5527136788005e-15,0,672.841861374746,0,0
115.84,40,40,-1.2113324365939,5.5499537356279,14.1945509164424,0.0446180285225552,15,13887.1150770928,-0,3.5527136788005e-15,0,673.667198017448,0,0
115.86,40,40,-1.10033382532149,5.54990797000025,14.1954723118123,0.0475045436267015,15,13895.1335904712,-0,3.5527136788005e-15,0,674.490314678541,0,0
115.88,40,40,-0.989336094226024,5.54986573896056,14.1964504202185,0.0502893689096239,15,13903.1041679059,-0,3.5527136788005e-15,0,675.31121137633,0,0
115.9,40,40,-0.878339171377667,5.54982716514546,14.1974832102887,0.0529727575934703,15,13911.0268120522,-0,3.5527136788005e-15,0,676.1298881277,0,0
115.92,40,40,-0.76734298246384,5.54979236420665,14.1985686563586,0.055555027014166,15,13918.9015256926,-0,3.5527136788005e-15,0,676.946344948079,0,0
115.94,40,40,-0.656347450928072,5.54976144489579,14.1997047397393,0.058036557104794,15,13926.7283117323,-0,3.5527136788005e-15,0,677.760581851383,0,0
115.96,40,40,-0.545352498107134,5.54973450915214,14.2008894499538,0.0604177888662427,15,13934.5071731952,-0,1.77635683940025e-15,0,678.572598849975,0,0
115.98,40,40,-0.434358043366381,5.549711652193,14.2021207859427,0.0626992228264458,15,13942.2381132191,-0,1.77635683940025e-15,0,679.382395954628,0,0
116,40,40,-0.323364004233272,5.54969296260662,14.2033967572397,0.0648814174895251,15,13949.9211350519,-0,1.77635683940025e-15,1,680.189973174482,0,0
116.02,40,40,-0.212370296528998,5.54967852244759,14.2047153851155,0.0669649877761205,15,13957.5562420466,-0,1.77635683940025e-15,0,680.995330517008,0,0
116.04,40,40,-0.10137683449818,5.54966840733466,14.20607470369,0.0689506034561784,15,13965.1434376578,-0,1.77635683940025e-15,0,681.798467987981,0,0
116.06,40,40,0.00961646906340638,5.54966268655066,14.2074727610142,0.0708389875754434,15,13972.6827254366,-0,0,0,682.599385591445,0,0
116.08,40,40,0.120609702683134,5.54966142314461,14.2089076201193,0.0726309148768792,15,13980.1741090268,-0,0,0,683.398083329686,0,0
116.1,40,40,0.231602956087882,5.54966467403588,14.2103773600355,0.0743272102182243,15,13987.6175921607,-0,0,0,684.194561203206,0,0
116.12,40,40,0.342596320082506,5.54967249012017,14.2118800767777,0.0759287469868636,15,13995.0131786543,-0,-1.77635683940025e-15,0,684.988819210706,0,0
116.14,40,40,0.453589886430431,5.5496849163773,14.213413884301,0.0774364455131764,15,14002.3608724038,-0,0,0,685.780857349055,0,0
116.16,40,40,0.564583747736434,5.5497019919807,14.2149769154231,0.078851271483498,15,14009.6606773809,-0,0,0,686.570675613282,0,0
116.18,40,40,0.675577997331621,5.54972375040847,14.2165673227158,0.0801742343538098,15,14016.9125976288,-0,0,0,687.358273996557,0,0
116.2,40,40,0.786572729160641,5.54975021955588,14.2181832793645,0.0814063857652481,15,14024.1166372583,-0,-1.77635683940025e-15,1,688.143652490175,0,0
116.22,40,40,0.897568037671169,5.54978142184925,14.2198229799962,0.0825488179624989,15,14031.2728004433,-0,0,0,688.926811083546,0,0
116.24,40,40,1.00856401770568,5.54981737436108,14.2214846414755,0.0836026622161238,15,14038.3810914171,-0,0,0,689.707749764191,0,0
116.26,40,40,1.11956076439551,5.54985808892632,14.2231665036697,0.0845690872498343,15,14045.4415144682,-0,0,0,690.486468517727,0,0
116.28,40,40,1.23055837305733,5.54990357225971,14.2248668301819,0.0854492976737111,15,14052.4540739366,-0,0,0,691.262967327869,0,0
116.3,40,40,1.34155693909185,5.54995382607404,14.2265839090535,0.0862445324243393,15,14059.4187742094,-0,0,0,692.037246176422,0,0
116.32,40,40,1.45255655788504,5.55000884719931,14.2283160534347,0.0869560632128033,15,14066.3356197175,-0,0,0,692.809305043287,0,0
116.34,40,40,1.56355732471162,5.55006862770258,14.230061602225,0.0875851929814658,15,14073.2046149312,-0,0,0,693.579143906453,0,0
116.36,40,40,1.67455933464104,5.55013315500851,14.231818920682,0.088133254370424,15,14080.0257643569,-0,-1.77635683940025e-15,0,694.346762742011,0,0
116.38,40,40,1.78556268244582,5.55020241202046,14.2335864010008,0.0886016081945162,15,14086.7990725331,-0,-1.77635683940025e-15,0,695.112161524148,0,0
116.4,40,40,1.89656746251234,5.55027637724209,14.2353624628615,0.088991641931723,15,14093.5245440268,-0,-1.77635683940025e-15,1,695.875340225164,0,0
116.42,40,40,2.00757376875408,5.5503550248992,14.2371455539482,0.0893047682237858,15,14100.2021834299,-0,-1.77635683940025e-15,0,696.636298815473,0,0
116.44,40,40,2.11858169452728,5.55043832506208,14.2389341504369,0.089542423389836,15,14106.8319953556,-0,-1.77635683940025e-15,0,697.395037263617,0,0
116.46,40,40,2.22959133254905,5.55052624376783,14.2407267574545,0.0897060659538056,15,14113.4139844348,-0,-1.77635683940025e-15,0,698.151555536276,0,0
116.48,40,40,2.34060277481793,5.55061874314294,14.2425219095084,0.0897971751863649,15,14119.948155313,-0,-1.77635683940025e-15,0,698.905853598286,0,0
116.5,40,40,2.45161611253689,5.55071578152584,14.2443181708866,0.0898172496621046,15,14126.4345126464,-0,0,0,699.657931412647,0,0
116.52,40,40,2.56263143603884,5.55081731358938,14.2461141360299,0.0897678058326578,15,14132.8730610988,-0,0,0,700.407788940545,0,0
116.54,40,40,2.67364883471447,5.55092329046321,14.2479084298752,0.0896503766164306,15,14139.2638053386,-0,0,0,701.15542614137,0,0
116.56,40,40,2.78466839694269,5.55103365985589,14.2496997081706,0.0894665100055836,15,14145.606750035,-0,0,0,701.900842972733,0,0
116.58,40,40,2.89569021002336,5.55114836617675,14.2514866577635,0.0892177676908832,15,14151.9018998555,-0,0,0,702.644039390486,0,0
116.6,40,40,3.00671436011256,5.55126735065732,14.2532679968606,0.0889057237050162,15,14158.1492594622,-0,-1.77635683940025e-15,1,703.385015348751,0,0
116.62,40,40,3.11774093216022,5.55139055147238,14.2550424752617,0.0885319630849349,15,14164.3488335093,-0,0,0,704.123770799935,0,0
116.64,40,40,3.2287700098502,5.55151790386039,14.2568088745663,0.0880980805537775,15,14170.50062664,-0,0,0,704.86030569476,0,0
116.66,40,40,3.3398016755428,5.55164934024343,14.2585660083543,0.08760567922288,15,14176.6046434832,-0,-1.77635683940025e-15,0,705.594619982287,0,0
116.68,40,40,3.45083601021954,5.55178479034641,14.2603127223411,0.087056369314376,15,14182.6608886514,-0,-1.77635683940025e-15,0,706.326713609944,0,0
116.7,40,40,3.56187309343049,5.55192418131558,14.2620478945072,0.0864517669048521,15,14188.6693667373,-0,-1.77635683940025e-15,0,707.056586523554,0,0
116.72,40,40,3.67291300324384,5.55206743783618,14.263770435203,0.0857934926905048,15,14194.6300823116,-0,-1.77635683940025e-15,0,707.784238667362,0,0
116.74,40,40,3.78395581619783,5.55221448224933,14.2654792872286,0.0850831707742203,15,14200.5430399202,-0,-1.77635683940025e-15,0,708.509669984069,0,0
116.76,40,40,3.89500160725506,5.55236523466796,14.2671734258905,0.084322427474973,15,14206.4082440814,-0,-3.5527136788005e-15,0,709.232880414859,0,0
116.78,40,40,4.00605044975906,5.55251961309167,14.2688518590339,0.0835128901599191,15,14212.2256992839,-0,-3.5527136788005e-15,0,709.953869899435,0,0
116.8,40,40,4.11710241539317,5.5526775335207,14.2705136270523,0.0826561860995314,15,14217.995409984,-0,-3.5527136788005e-15,1,710.672638376047,0,0
116.82,40,40,4.22815757414169,5.55283891006868,14.2721578028743,0.0817539413461066,15,14223.7173806037,-0,-3.5527136788005e-15,0,711.389185781531,0,0
116.84,40,40,4.33921599425326,5.55300365507432,14.273783491928,0.0808077796359449,15,14229.3916155279,-0,-1.77635683940025e-15,0,712.103512051338,0,0
116.86,40,40,4.45027774220644,5.5531716792118,14.2753898320845,0.0798193213154867,15,14235.0181191026,-0,-1.77635683940025e-15,0,712.815617119574,0,0
116.88,40,40,4.56134288267757,5.55334289160003,14.2769759935787,0.0787901822916621,15,14240.5968956326,-0,-1.77635683940025e-15,0,713.525500919032,0,0
116.9,40,40,4.6724114785107,5.55351719991048,14.2785411789111,0.0777219730066925,15,14246.1279493796,-0,-3.5527136788005e-15,0,714.23316338123,0,0
116.92,40,40,4.78348359068972,5.55369451047374,14.2800846227276,0.0766162974375568,15,14251.61128456,-0,-3.5527136788005e-15,0,714.938604436448,0,0
116.94,40,40,4.89455927831262,5.55387472838469,14.2816055916813,0.0754747521203173,15,14257.0469053432,-0,-1.77635683940025e-15,0,715.641824013765,0,0
116.96,40,40,5.00563859856778,5.55405775760619,14.2831033842733,0.0742989251994756,15,14262.4348158497,-0,-1.77635683940025e-15,0,716.342822041097,0,0
116.98,40,40,5.11672160671237,5.55424350107133,14.2845773306762,0.0730903955025107,15,14267.7750201494,-0,-1.77635683940025e-15,0,717.041598445235,0,0
117,40,40,5.22780835605277,5.5544318607841,14.2860267925382,0.0718507316397286,15,14273.0675222595,-0,0,1,717.738153151886,0,0
117.02,40,40,5.33889889792698,5.55462273791863,14.2874511627705,0.0705814911295345,15,14278.3123261435,-0,-1.77635683940025e-15,0,718.432486085709,0,0
117.04,40,40,5.44999328168899,5.55481603291671,14.2888498653165,0.0692842195492169,15,14283.5094357093,-0,-1.77635683940025e-15,0,719.124597170355,0,0
117.06,40,40,5.5610915546951,5.55501164558375,14.2902223549048,0.0679604497113146,15,14288.6588548075,-0,-1.77635683940025e-15,0,719.814486328512,0,0
117.08,40,40,5.67219376229216,5.55520947518309,14.291568116786,0.0666117008656166,15,14293.7605872305,-0,-3.5527136788005e-15,0,720.502153481936,0,0
117.1,40,40,5.78329994780763,5.55540942052858,14.2928866664536,0.0652394779268298,15,14298.8146367107,-0,-1.77635683940025e-15,0,721.187598551499,0,0
117.12,40,40,5.89441015254149,5.55561138007551,14.2941775493499,0.063845270727925,15,14303.8210069194,-0,-3.5527136788005e-15,0,721.870821457228,0,0
117.14,40,40,6.00552441576002,5.55581525200974,14.2954403405568,0.0624305532991595,15,14308.7797014658,-0,-1.77635683940025e-15,0,722.55182211834,0,0
117.16,40,40,6.11664277469123,5.55602093433511,14.2966746444732,0.0609967831727527,15,14313.6907238953,-0,-1.77635683940025e-15,0,723.230600453291,0,0
117.18,40,40,6.22776526452211,5.556228324959,14.2978800944779,0.0595454007131753,15,14318.554077689,-0,-1.77635683940025e-15,0,723.907156379812,0,0
117.2,40,40,6.33889191839753,5.55643732177618,14.29905635258,0.0580778284729964,15,14323.3697662622,-0,-1.77635683940025e-15,1,724.581489814949,0,0
117.22,40,40,6.45002276742081,5.5566478227507,14.3002031090562,0.0565954705742132,15,14328.1377929639,-0,-1.77635683940025e-15,0,725.253600675107,0,0
117.24,40,40,6.56115784065593,5.55685972599606,14.3013200820766,0.0550997121149762,15,14332.8581610756,-0,-1.77635683940025e-15,0,725.92348887609,0,0
117.26,40,40,6.67229716513125,5.55707292985342,14.3024070173181,0.0535919186016032,15,14337.5308738106,-0,-1.77635683940025e-15,0,726.591154333138,0,0
117.28,40,40,6.78344076584492,5.557287332968,14.3034636875674,0.0520734354057606,15,14342.1559343131,-0,-1.77635683940025e-15,0,727.256596960975,0,0
117.3,40,40,6.89458866577162,5.55750283436352,14.3044898923129,0.0505455872466781,15,14346.7333456578,-0,-3.5527136788005e-15,0,727.919816673842,0,0
117.32,40,40,7.0057408858709,5.55771933351476,14.3054854573266,0.0490096776982446,15,14351.263110849,-0,-1.77635683940025e-15,0,728.580813385542,0,0
117.34,40,40,7.11689744509691,5.55793673041828,14.3064502342367,0.0474669887208211,15,14355.74523282,-0,-1.77635683940025e-15,0,729.239587009478,0,0
117.36,40,40,7.22805836040954,5.55815492566107,14.3073841000909,0.0459187802175914,15,14360.1797144331,-0,-1.77635683940025e-15,0,729.896137458696,0,0
117.38,40,40,7.33922364678686,5.5583738204874,14.3082869569107,0.0443662896152601,15,14364.5665584782,-0,-3.5527136788005e-15,0,730.550464645921,0,0
117.4,40,40,7.45039331723895,5.55859331686367,14.3091587312381,0.0428107314688908,15,14368.9057676733,-0,-1.77635683940025e-15,1,731.202568483597,0,0
117.42,40,40,7.56156738282297,5.55881331754133,14.3099993736743,0.0412532970906683,15,14373.1973446639,-0,-3.5527136788005e-15,0,731.852448883929,0,0
117.44,40,40,7.67274585265945,5.55903372611786,14.3108088584115,0.0396951542023535,15,14377.4412920223,-0,-3.5527136788005e-15,0,732.500105758921,0,0
117.46,40,40,7.78392873394984,5.55925444709579,14.3115871827577,0.0381374466111911,15,14381.637612248,-0,-3.5527136788005e-15,0,733.145539020412,0,0
117.48,40,40,7.89511603199517,5.55947538593984,14.3123343666554,0.0365812939090147,15,14385.7863077671,-0,-5.32907051820075e-15,0,733.788748580117,0,0
117.5,40,40,8.00630775021584,5.55969644913199,14.3130504521943,0.0350277911942877,15,14389.8873809325,-0,-5.32907051820075e-15,0,734.429734349663,0,0
117.52,40,40,8.11750389017251,5.55991754422476,14.3137355031192,0.0334780088168031,15,14393.9408340233,-0,-5.32907051820075e-15,0,735.068496240629,0,0
117.54,40,40,8.22870445158802,5.56013857989241,14.3143896043323,0.0319329921447586,15,14397.9466692455,-0,-5.32907051820075e-15,0,735.705034164579,0,0
117.56,40,40,8.33990943237034,5.56035946598034,14.3150128613916,0.0303937613539122,15,14401.9048887315,-0,-5.32907051820075e-15,0,736.339348033102,0,0
117.58,40,40,8.45111882863644,5.56058011355244,14.3156054000051,0.0288613112385146,15,14405.8154945405,-0,-5.32907051820075e-15,0,736.971437757847,0,0
117.6,40,40,8.56233263473714,5.56080043493662,14.3161673655215,0.0273366110437042,15,14409.6784886585,-0,-5.32907051820075e-15,1,737.601303250557,0,0
117.62,40,40,8.67355084328282,5.5610203437684,14.3166989224177,0.0258206043190453,15,14413.4938729982,-0,-5.32907051820075e-15,0,738.228944423106,0,0
117.64,40,40,8.78477344517,5.56123975503256,14.3172002537833,0.0243142087928781,15,14417.2616493999,-0,-3.5527136788005e-15,0,738.854361187535,0,0
117.66,40,40,8.89600042960872,5.56145858510295,14.3176715608038,0.0228183162671446,15,14420.9818196312,-0,-3.5527136788005e-15,0,739.477553456082,0,0
117.68,40,40,9.0072317841507,5.56167675178041,14.3181130622404,0.0213337925323439,15,14424.6543853876,-0,-3.5527136788005e-15,0,740.098521141216,0,0
117.7,40,40,9.11846749471825,5.56189417432885,14.3185249939096,0.0198614773022672,15,14428.2793482927,-0,-3.5527136788005e-15,0,740.717264155674,0,0
117.72,40,40,9.22970754563389,5.56211077350938,14.318907608161,0.018402184168153,15,14431.8567098986,-0,-3.5527136788005e-15,0,741.333782412491,0,0
117.74,40,40,9.34095191965059,5.56232647161279,14.3192611733545,0.0169567005718986,15,14435.3864716867,-0,-5.32907051820075e-15,0,741.948075825028,0,0
117.76,40,40,9.45220059798269,5.56254119249002,14.3195859733372,0.0155257877979565,15,14438.8686350676,-0,-5.32907051820075e-15,0,742.560144307008,0,0
117.78,40,40,9.56345356033739,5.56275486158092,14.3198823069206,0.0141101809835418,15,14442.3032013821,-0,-5.32907051820075e-15,0,743.169987772547,0,0
117.8,40,40,9.67471078494681,5.56296740594129,14.3201504873576,0.0127105891467683,15,14445.6901719016,-0,-5.32907051820075e-15,1,743.777606136179,0,0
117.82,40,40,9.78597224860056,5.56317875426798,14.3203908418205,0.0113276952323284,15,14449.0295478285,-0,-5.32907051820075e-15,0,744.382999312888,0,0
117.84,40,40,9.89723792667879,5.56338883692244,14.3206037108804,0.00996215617432732,15,14452.3213302971,-0,-5.32907051820075e-15,0,744.986167218138,0,0
117.86,40,40,10.0085077931857,5.56359758595241,14.3207894479875,0.00861460297587631,15,14455.5655203744,-0,-5.32907051820075e-15,0,745.587109767898,0,0
117.88,40,40,10.1197818207835,5.56380493511196,14.3209484189539,0.00728564080504966,15,14458.7621190602,-0,-5.32907051820075e-15,0,746.185826878669,0,0
117.9,40,40,10.2310599808266,5.56401081987985,14.3210810014372,0.00597584910680326,15,14461.9111272885,-0,-5.32907051820075e-15,0,746.782318467516,0,0
117.92,40,40,10.3423422433965,5.56421517747621,14.3211875844278,0.00468578173045108,15,14465.0125459279,-0,-3.5527136788005e-15,0,747.376584452085,0,0
117.94,40,40,10.4536285773367,5.56441794687761,14.3212685677386,0.00341596707229435,15,14468.0663757822,-0,-5.32907051820075e-15,0,747.968624750637,0,0
117.96,40,40,10.5649189502877,5.56461906883048,14.3213243614968,0.00216690823299412,15,14471.0726175917,-0,-3.5527136788005e-15,0,748.558439282065,0,0
117.98,40,40,10.6762133287228,5.564818485863,14.3213553856405,0.000939083189277036,15,14474.0312720339,-0,-5.32907051820075e-15,0,749.146027965922,0,0
118,40,40,10.7875116779839,5.56501614229537,14.3213620694171,-0.000267055020437554,15,14476.942339724,-0,-5.32907051820075e-15,1,749.731390722443,0,0
118.02,40,40,10.8988139623171,5.56521198424859,14.3213448508875,-0.00145107809690202,15,14479.8058212164,-0,-5.32907051820075e-15,0,750.314527472568,0,0
118.04,40,40,11.0101201449091,5.56540595965169,14.3213041764328,-0.0026125822678117,15,14482.6217170049,-0,-5.32907051820075e-15,0,750.895438137961,0,0
118.06,40,40,11.1214301879234,5.5655980182475,14.3212405002661,-0.00375118806289618,15,14485.3900275244,-0,-5.32907051820075e-15,0,751.474122641035,0,0
118.08,40,40,11.2327440525364,5.56578811159696,14.3211542839488,-0.00486654007674769,15,14488.1107531512,-0,-3.5527136788005e-15,0,752.050580904967,0,0
118.1,40,40,11.3440616989738,5.56597619308202,14.321045995912,-0.00595830671980022,15,14490.7838942045,-0,-5.32907051820075e-15,0,752.624812853721,0,0
118.12,40,40,11.4553830865476,5.5661622179071,14.3209161109824,-0.00702617995787528,15,14493.4094509471,-0,-5.32907051820075e-15,0,753.196818412066,0,0
118.14,40,40,11.5667081736916,5.56634614309919,14.3207651099142,-0.00806987504070842,15,14495.9874235864,-0,-7.105427357601e-15,0,753.766597505595,0,0
118.16,40,40,11.6780369179986,5.56652792750664,14.3205934789262,-0.00908913021987077,15,14498.5178122756,-0,-7.105427357601e-15,0,754.334150060737,0,0
118.18,40,40,11.7893692762567,5.56670753179661,14.3204017092443,-0.0100837064564972,15,14501.0006171148,-0,-5.32907051820075e-15,0,754.899476004781,0,0
118.2,40,40,11.9007052044852,5.56688491845122,14.3201902966508,-0.0110533871192333,15,14503.4358381517,-0,-3.5527136788005e-15,1,755.462575265886,0,0
118.22,40,40,12.0120446579715,5.56706005176247,14.3199597410391,-0.0119979776728105,15,14505.8234753832,-0,-3.5527136788005e-15,0,756.0234477731,0,0
118.24,40,40,12.1233875913064,5.56723289782593,14.319710545975,-0.0129173053576568,15,14508.163528756,-0,-3.5527136788005e-15,0,756.582093456368,0,0
118.26,40,40,12.2347339584211,5.56740342453324,14.3194432182645,-0.0138112188609501,15,14510.4559981681,-0,-5.32907051820075e-15,0,757.138512246555,0,0
118.28,40,40,12.3460837126223,5.56757160156343,14.3191582675281,-0.0146795879795161,15,14512.7008834697,-0,-5.32907051820075e-15,0,757.69270407545,0,0
118.3,40,40,12.4574368066279,5.56773740037313,14.3188562057822,-0.015522303274972,15,14514.8981844643,-0,-3.5527136788005e-15,0,758.244668875785,0,0
118.32,40,40,12.5687931926029,5.56790079418563,14.3185375470273,-0.0163392757215149,15,14517.0479009099,-0,-3.5527136788005e-15,0,758.794406581239,0,0
118.34,40,40,12.6801528221942,5.56806175797895,14.3182028068432,-0.0171304363467488,15,14519.1500325203,-0,-3.5527136788005e-15,0,759.341917126456,0,0
118.36,40,40,12.7915156465658,5.56822026847278,14.3178525019917,-0.0178957358659422,15,14521.2045789661,-0,-1.77635683940025e-15,0,759.887200447052,0,0
118.38,40,40,12.9028816164331,5.56837630411449,14.3174871500264,-0.0186351443101064,15,14523.2115398757,-0,-1.77635683940025e-15,0,760.430256479623,0,0
118.4,40,40,13.0142506820981,5.56852984506407,14.3171072689104,-0.0193486506482757,15,14525.1709148366,-0,-1.77635683940025e-15,1,760.971085161756,0,0
118.42,40,40,13.1256227934825,5.56868087317824,14.3167133766412,-0.0200362624043743,15,14527.082703397,-0,-1.77635683940025e-15,0,761.509686432034,0,0
118.44,40,40,13.2369979001623,5.56882937199354,14.3163059908835,-0.0206980052690443,15,14528.9469050659,-0,0,0,762.046060230048,0,0
118.46,40,40,13.3483759514007,5.56897532670857,14.3158856286097,-0.0213339227068083,15,14530.7635193156,-0,1.77635683940025e-15,0,762.580206496397,0,0
118.48,40,40,13.4597568961814,5.56911872416542,14.3154528057486,-0.0219440755589344,15,14532.5325455817,-0,1.77635683940025e-15,0,763.112125172701,0,0
118.5,40,40,13.5711406832411,5.56925955283019,14.3150080368418,-0.022528541642369,15,14534.2539832649,-0,1.77635683940025e-15,0,763.641816201601,0,0
118.52,40,40,13.6825272611022,5.5693978027728,14.3145518347079,-0.0230874153450941,15,14535.9278317324,-0,1.77635683940025e-15,0,764.169279526766,0,0
118.54,40,40,13.793916578104,5.56953346564602,14.3140847101157,-0.0236208072182656,15,14537.5540903181,-0,1.77635683940025e-15,0,764.694515092896,0,0
118.56,40,40,13.9053085824348,5.56966653466371,14.3136071714647,-0.0241288435654802,15,14539.132758325,-0,1.77635683940025e-15,0,765.217522845726,0,0
118.58,40,40,14.0167032221624,5.56979700457844,14.3131197244741,-0.0246116660295166,15,14540.6638350253,-0,1.77635683940025e-15,0,765.738302732029,0,0
118.6,40,40,14.1281004452649,5.56992487165841,14.3126228718804,-0.0250694311768873,15,14542.1473196623,-0,1.77635683940025e-15,1,766.256854699617,0,0
118.62,40,40,14.2395001996607,5.57005013366373,14.3121171131432,-0.0255023100805381,15,14543.5832114512,-0,3.5527136788005e-15,0,766.773178697343,0,0
118.64,40,40,14.3509024332383,5.57017278982207,14.3116029441588,-0.0259104879010196,15,14544.9715095803,-0,1.77635683940025e-15,0,767.287274675103,0,0
118.66,40,40,14.462307093885,5.57029284080379,14.311080856983,-0.0262941634664558,15,14546.3122132123,-0,3.5527136788005e-15,0,767.799142583833,0,0
118.68,40,40,14.5737141295158,5.57041028869646,14.3105513395619,-0.0266535488516241,15,14547.6053214852,-0,3.5527136788005e-15,0,768.308782375514,0,0
118.7,40,40,14.6851234881013,5.57052513697892,14.3100148754712,-0.0269888689564589,15,14548.8508335138,-0,3.5527136788005e-15,0,768.816194003166,0,0
118.72,40,40,14.7965351176957,5.57063739049477,14.3094719436636,-0.0273003610842835,15,14550.0487483905,-0,1.77635683940025e-15,0,769.32137742085,0,0
118.74,40,40,14.9079489664632,5.5707470554255,14.3089230182256,-0.0275882745200677,15,14551.1990651863,-0,1.77635683940025e-15,0,769.824332583664,0,0
118.76,40,40,15.0193649827047,5.57085413926312,14.3083685681414,-0.0278528701090052,15,14552.3017829525,-0,1.77635683940025e-15,0,770.325059447742,0,0
118.78,40,40,15.1307831148842,5.57095865078238,14.3078090570664,-0.0280944198356964,15,14553.3569007213,-0,1.77635683940025e-15,0,770.82355797025,0,0
118.8,40,40,15.2422033116534,5.57106060001267,14.3072449431082,-0.028313206404216,15,14554.364417507,-0,3.5527136788005e-15,1,771.319828109383,0,0
118.82,40,40,15.3536255218771,5.57115999820955,14.3066766786169,-0.028509522819342,15,14555.3243323073,-0,3.5527136788005e-15,0,771.813869824361,0,0
118.84,40,40,15.4650496946573,5.57125685782591,14.3061047099826,-0.0286836719692091,15,14556.2366441041,-0,1.77635683940025e-15,0,772.305683075424,0,0
118.86,40,40,15.5764757793565,5.57135119248291,14.3055294774426,-0.0288359662096516,15,14557.1013518645,-0,3.5527136788005e-15,0,772.795267823829,0,0
118.88,40,40,15.6879037256213,5.57144301694064,14.3049514148958,-0.0289667269504874,15,14557.9184545424,-0,3.5527136788005e-15,0,773.28262403184,0,0
118.9,40,40,15.7993334834046,5.5715323470685,14.3043709497256,-0.0290762842439925,15,14558.6879510788,-0,3.5527136788005e-15,0,773.767751662727,0,0
118.92,40,40,15.9107650029876,5.57161919981538,14.3037885026316,-0.029164976375806,15,14559.4098404034,-0,3.5527136788005e-15,0,774.250650680758,0,0
118.94,40,40,16.0221982350008,5.5717035931797,14.3032044874685,-0.0292331494585023,15,14560.0841214353,-0,5.32907051820075e-15,0,774.731321051191,0,0
118.96,40,40,16.1336331304451,5.57178554617924,14.302619311094,-0.0292811570280555,15,14560.7107930842,-0,5.32907051820075e-15,0,775.209762740269,0,0
118.98,40,40,16.2450696407117,5.57186507882082,14.3020333732242,-0.0293093596434205,15,14561.2898542511,-0,5.32907051820075e-15,0,775.685975715208,0,0
119,40,40,16.3565077176015,5.57194221206994,14.301447066297,-0.0293181244894429,15,14561.8213038296,-0,5.32907051820075e-15,1,776.159959944196,0,0
119.02,40,40,16.467947313344,5.57201696782024,14.3008607753436,-0.029307824983307,15,14562.3051407066,-0,3.5527136788005e-15,0,776.631715396379,0,0
119.04,40,40,16.5793883806157,5.57208936886294,14.3002748778681,-0.0292788403847233,15,14562.7413637635,-0,3.5527136788005e-15,0,777.101242041853,0,0
119.06,40,40,16.6908308725577,5.57215943885628,14.2996897437337,-0.0292315554100489,15,14563.1299718768,-0,3.5527136788005e-15,0,777.568539851657,0,0
119.08,40,40,16.8022747427925,5.57222720229483,14.2991057350583,-0.029166359850529,15,14563.4709639192,-0,3.5527136788005e-15,0,778.033608797762,0,0
119.1,40,40,16.9137199454407,5.57229268447891,14.2985232061161,-0.0290836481948416,15,14563.7643387606,-0,3.5527136788005e-15,0,778.496448853063,0,0
119.12,40,40,17.0251664351367,5.57235591148399,14.297942503248,-0.0289838192561185,15,14564.0100952686,-0,3.5527136788005e-15,0,778.957059991364,0,0
119.14,40,40,17.1366141670439,5.57241691013011,14.2973639647781,-0.0288672758036111,15,14564.2082323098,-0,1.77635683940025e-15,0,779.415442187376,0,0
119.16,40,40,17.2480630968693,5.57247570795144,14.2967879209388,-0.0287344241991613,15,14564.3587487505,-0,1.77635683940025e-15,0,779.871595416697,0,0
119.18,40,40,17.3595131808776,5.57253233316583,14.2962146938022,-0.0285856740386329,15,14564.4616434571,-0,1.77635683940025e-15,0,780.325519655807,0,0
119.2,40,40,17.470964375904,5.57258681464454,14.2956445972192,-0.028421437798451,15,14564.5169152977,-0,0,1,780.777214882055,0,0
119.22,40,40,17.5824166393681,5.57263918188208,14.2950779367654,-0.0282421304873897,15,14564.5245631422,-0,0,0,781.226681073648,0,0
119.24,40,40,17.6938699292847,5.57268946496616,14.2945150096934,-0.0280481693037447,15,14564.4845858634,-0,0,0,781.673918209638,0,0
119.26,40,40,17.8053242042764,5.57273769454787,14.293956104893,-0.027839973298017,15,14564.3969823377,-0,0,0,782.11892626991,0,0
119.28,40,40,17.9167794235842,5.57278390181198,14.2934015028572,-0.0276179630412307,15,14564.2617514457,-0,1.77635683940025e-15,0,782.561705235172,0,0
119.3,40,40,18.0282355470777,5.57282811844743,14.2928514756551,-0.0273825602990007,15,14564.0788920733,-0,1.77635683940025e-15,0,783.002255086939,0,0
119.32,40,40,18.1396925352654,5.57287037661813,14.2923062869113,-0.027134187711457,15,14563.8484031118,-0,1.77635683940025e-15,0,783.440575807524,0,0
119.34,40,40,18.2511503493032,5.57291070893388,14.2917661917912,-0.0268732684791311,15,14563.5702834592,-0,3.5527136788005e-15,0,783.876667380023,0,0
119.36,40,40,18.3626089510037,5.57294914842157,14.2912314369934,-0.0266002260548994,15,14563.2445320203,-0,1.77635683940025e-15,0,784.310529788302,0,0
119.38,40,40,18.4740683028438,5.57298572849672,14.2907022607475,-0.0263154838420739,15,14562.8711477079,-0,1.77635683940025e-15,0,784.742163016983,0,0
119.4,40,40,18.5855283679724,5.57302048293517,14.2901788928177,-0.0260194648987247,15,14562.450129443,-0,1.77635683940025e-15,1,785.171567051433,0,0
119.42,40,40,18.6969891102175,5.57305344584518,14.2896615545131,-0.0257125916483122,15,14561.9814761553,-0,1.77635683940025e-15,0,785.59874187775,0,0
119.44,40,40,18.808450494092,5.57308465163973,14.2891504587032,-0.0253952855967013,15,14561.4651867846,-0,1.77635683940025e-15,0,786.023687482747,0,0
119.46,40,40,18.9199124848001,5.57311413500924,14.2886458098385,-0.0250679670556239,15,14560.9012602801,-0,3.5527136788005e-15,0,786.446403853941,0,0
119.48,40,40,19.0313750482423,5.57314193089454,14.2881478039777,-0.0247310548726491,15,14560.2896956023,-0,1.77635683940025e-15,0,786.866890979537,0,0
119.5,40,40,19.1428381510203,5.57316807446026,14.2876566288193,-0.0243849661677173,15,14559.6304917223,-0,1.77635683940025e-15,0,787.285148848416,0,0
119.52,40,40,19.2543017604409,5.5731926010685,14.287172463739,-0.0240301160762854,15,14558.9236476233,-0,0,0,787.701177450119,0,0
119.54,40,40,19.3657658445201,5.57321554625291,14.2866954798316,-0.0236669174991278,15,14558.1691623005,-0,1.77635683940025e-15,0,788.114976774835,0,0
119.56,40,40,19.477230371986,5.57323694569317,14.2862258399581,-0.0232957808588303,15,14557.3670347617,-0,0,0,788.526546813383,0,0
119.58,40,40,19.5886953122815,5.57325683518978,14.285763698798,-0.0229171138630091,15,14556.5172640278,-0,0,0,788.935887557203,0,0
119.6,40,40,19.7001606355665,5.57327525063938,14.2853092029058,-0.0225313212742824,15,14555.6198491334,-0,0,1,789.342998998339,0,0
119.62,40,40,19.8116263127198,5.57329222801034,14.2848624907719,-0.0221388046870168,15,14554.6747891269,-0,-1.77635683940025e-15,0,789.747881129422,0,0
119.64,40,40,19.9230923153399,5.57330780331882,14.2844236928883,-0.0217399623108629,15,14553.682083071,-0,0,0,790.150533943661,0,0
119.66,40,40,20.0345586157458,5.57332201260533,14.2839929318185,-0.0213351887610956,15,14552.6417300433,-0,-1.77635683940025e-15,0,790.550957434823,0,0
119.68,40,40,20.1460251869775,5.5733348919116,14.2835703222714,-0.0209248748557608,15,14551.5537291363,-0,-3.5527136788005e-15,0,790.949151597226,0,0
119.7,40,40,20.2574920027958,5.57334647725796,14.2831559711789,-0.0205094074196354,15,14550.418079458,-0,-1.77635683940025e-15,0,791.345116425714,0,0
119.72,40,40,20.3689590376813,5.57335680462119,14.2827499777782,-0.0200891690949922,15,14549.2347801323,-0,-1.77635683940025e-15,0,791.738851915654,0,0
119.74,40,40,20.4804262668336,5.57336590991276,14.2823524336967,-0.0196645381591673,15,14548.0038302989,-0,-1.77635683940025e-15,0,792.130358062912,0,0
119.76,40,40,20.5918936661696,5.57337382895758,14.2819634230417,-0.019235888348913,15,14546.7252291141,-0,-1.77635683940025e-15,0,792.519634863846,0,0
119.78,40,40,20.7033612123218,5.57338059747319,14.2815830224924,-0.0188035886915232,15,14545.3989757506,-0,-1.77635683940025e-15,0,792.906682315287,0,0
119.8,40,40,20.8148288826357,5.57338625104947,14.2812113013959,-0.0183680033427072,15,14544.0250693981,-0,-1.77635683940025e-15,1,793.291500414526,0,0
119.82,40,40,20.9262966551672,5.57339082512874,14.2808483218663,-0.0179294914311886,15,14542.6035092635,-0,-1.77635683940025e-15,0,793.674089159301,0,0
119.84,40,40,21.0377645086794,5.57339435498645,14.2804941388865,-0.0174884069099986,15,14541.1342945709,-0,-1.77635683940025e-15,0,794.05444854778,0,0
119.86,40,40,21.1492324226392,5.57339687571225,14.2801488004134,-0.0170450984144304,15,14539.6174245619,-0,-1.77635683940025e-15,0,794.432578578551,0,0
119.88,40,40,21.2607003772131,5.57339842219163,14.2798123474854,-0.0165999091266175,15,14538.0528984961,-0,-1.77635683940025e-15,0,794.808479250604,0,0
119.9,40,40,21.3721683532631,5.57339902908801,14.2794848143331,-0.0161531766466938,15,14536.4407156506,-0,-3.5527136788005e-15,0,795.18215056332,0,0
119.92,40,40,21.4836363323423,5.57339873082534,14.2791662284917,-0.015705232870491,15,14534.780875321,-0,-1.77635683940025e-15,0,795.553592516454,0,0
119.94,40,40,21.5951042966897,5.57339756157117,14.2788566109165,-0.0152564038737241,15,14533.0733768207,-0,-1.77635683940025e-15,0,795.922805110125,0,0
119.96,40,40,21.7065722292247,5.57339555522027,14.2785559761006,-0.0148070098026134,15,14531.3182194816,-0,0,0,796.289788344799,0,0
119.98,40,40,21.818040113542,5.57339274537873,14.2782643321941,-0.0143573647708857,15,14529.5154026541,-0,-1.77635683940025e-15,0,796.654542221277,0,0
120,40,40,21.9295079339054,5.57338916534851,14.2779816811262,-0.0139077767630987,15,14527.6649257069,-0,0,1,797.017066740684,0,0
