Time_s,Target_m,GovernedReference_m,Altitude_m,VerticalSpeed_m_s,Pitch_deg,PitchRate_deg_s,Elevator_deg,RawCommand_deg,Gust_m_s2,EstimatedGust_m_s2,GovernorInfeasible,IntegralError_m_s,SafetyActive,SafetyInfeasible
0,100,0,0,0,0,0,0,-0.149092465159011,-0,0,0,0,0,0
0.02,100,0.285306510898398,-1.52026807120542e-08,-2.25570482564442e-06,-2.43905852036442e-06,-0.000360736943576958,-0.0184329793168758,3.28084005527537,-0,0,0,9.11038967304224e-05,0,0
0.04,100,0.569799023745177,2.36640567891747e-07,4.41603016707624e-05,3.81520185530262e-05,0.00708077090276039,0.401307003787024,-4.87762602220757,-0,0,0,0.00665296676573243,0,0
0.06,100,0.853479860929796,1.54964766753232e-06,6.17266679671461e-05,0.000245649704511397,0.00953095275288438,-0.243312539228734,-2.58422995898493,-0,-0,0,0.0182862867607351,0,0
0.08,100,1.13635133821575,1.98900787014498e-06,-2.85714264878835e-05,0.000304644736102147,-0.00530050076566866,-0.510846115008144,1.2353443932595,-0,-0,0,0.034375471789993,0,0
0.1,100,1.41841576475954,3.94523930535434e-07,-0.000121216322132945,3.56558626549703e-05,-0.01993955149824,-0.258476559599666,4.88123316219549,-0,-0,0,0.0569446949985928,0,0
0.12,100,1.69967544312947,-2.12147903336884e-06,-0.000103589369247663,-0.000370750841819927,-0.0163592300253919,0.422265473915029,2.26797055255198,-0,-0,0,0.0853484121517775,0,0
0.14,100,1.98013266932447,-3.0040055748877e-06,2.63052899395885e-05,-0.000500333582736011,0.00506811170384986,0.694561548053869,-4.46852567002397,-0,0,0,0.119070665162142,0,0
0.16,100,2.25978973279286,-1.33740376476245e-06,0.000117030370457692,-0.000216381871691017,0.0194562076439535,0.0987433785897811,4.55172652518237,-0,0,0,0.157730820674783,0,0
0.18,100,2.53864891645098,1.73267412966574e-06,0.000214672117826523,0.000283882401435961,0.0344455345028229,0.713929847597916,7.08839754081299,-0,-0,0,0.2032338416904,0,0
0.2,100,2.81671249670189,8.44680638360652e-06,0.000491595750955813,0.00134722320356541,0.0772182889202785,1.57110094821832,3.85572435925487,-0,0,0,0.254680856695793,0,0
0.22,100,3.0939827434539,2.23907373944894e-05,0.000918194674117432,0.0035170473322896,0.14175235976833,1.91851728735345,0.0484452833616998,-0,0,0,0.311163447310057,0,0
0.24,100,3.37046192013916,4.53834753145246e-05,0.00137665717986458,0.00702853334644167,0.208074730159116,1.75137725066014,4.64281699627448,-0,0,0,0.372135064500143,0,0
0.26,100,3.64615228373204,7.77832588977905e-05,0.00188328552402656,0.0118670235908591,0.278282120607445,2.18615010545713,5.7256784813397,-0,0,0,0.439393809879214,0,0
0.28,100,3.92105608476768,0.000121600155452781,0.00252249606747532,0.0182705816228023,0.365051137141696,2.70451344107099,7.32936498746937,-0,0,0,0.511995447625868,0,0
0.3,100,4.19517556736025,0.000179781408076637,0.00332616440559273,0.0266055518452895,0.472221652549791,3.36015066395623,16.9922654006555,-0,0,0,0.590038236353282,0,0
0.32,100,4.46851296922135,0.000256341409980594,0.00438337418778525,0.0373811118165015,0.612483668194618,4.56015066395623,15.1949043047616,-0,-0,0,0.675505746689202,0,0
0.34,100,4.74107052167823,0.000357290738523919,0.00576689928438682,0.0513876978494638,0.795164032879406,5.76015066395623,14.8764627190922,-0,0,0,0.765097766710497,0,0
0.36,100,5.01285044969199,0.000489270150977851,0.00748849485538749,0.0694640035233318,1.01929250617589,6.95987784596838,15.401820359645,-0,-0,0,0.860449918046329,0,0
0.38,100,5.28385497187581,0.000659112984707333,0.00955232838289525,0.0924193736748637,1.28237590271978,8.07859300191999,13.4863487989667,-0,-0,0,0.960711884674246,0,0
0.4,100,5.55408630051302,0.000873366992321046,0.0119169434575297,0.120951765682023,1.57440570745425,8.8136459451725,11.953334194771,-0,0,0,1.06544129871716,0,0
0.42,100,5.82354664157513,0.00113736805763813,0.0145183083985043,0.155498591915435,1.88191196402443,9.26532781659323,12.9622791963168,-0,0,0,1.17616092778184,0,0
0.44,100,6.09223819473991,0.00145561633859486,0.0173469319606042,0.196302141409554,2.20044374978481,9.78679854877767,16.3115012360699,-0,0,0,1.29238771917228,0,0
0.46,100,6.36016315340927,0.00183320722491722,0.0204692061501923,0.243641970277212,2.53768736312331,10.6606120024665,23.8403388103752,-0,-0,0,1.41462866439105,0,0
0.48,100,6.62732370472723,0.00227698728717397,0.0239818673472285,0.298015354482925,2.90575036991403,11.8606120024665,18.265815421747,-0,0,0,1.54164951925008,0,0
0.5,100,6.89372202959773,0.00279519294868501,0.0279009486065283,0.360068249883302,3.3032163964779,12.7076755414439,23.8834977816936,-0,-0,0,1.67354049209204,0,0
0.52,100,7.15936030270244,0.00339586044431881,0.0322455032021511,0.430333570941728,3.7291132267235,13.9076755414439,22.9207932420086,-0,0,0,1.81121995632661,0,0
0.54,100,7.42424069251855,0.00408825903762367,0.0370761494955853,0.509458949688076,4.18878985898644,15.068755676972,21.8931892908651,-0,0,0,1.95476862115387,0,0
0.56,100,7.68836536133642,0.00488203135106702,0.0423755850958725,0.598060595648422,4.67479132355805,15.9495355660555,27.4139121542892,-0,-0,0,2.10322831046327,0,0
0.58,100,7.95173646527727,0.00578655461725917,0.0481651923245939,0.696619109566717,5.18594105381481,17.0782906822055,30.2152649734933,-0,0,0,2.25677857555045,0,0
0.6,100,8.21435615431074,0.00681213922145302,0.0544802678568122,0.805670786621284,5.72304452064831,18.0671286426779,22.8816674404445,-0,0,0,2.41694867508973,0,0
0.62,100,8.47622657227251,0.00796901227791232,0.06128302577564,0.925639678726867,6.27508751799246,18.6768520432146,24.0105451693222,-0,0,0,2.58123122847143,0,0
0.64,100,8.73734985688172,0.00926663567728313,0.068561764126563,1.05673068881708,6.83553490204597,19.346897744196,22.3671358174995,-0,0,0,2.75078737950976,0,0
0.66,100,8.99772813975845,0.0107146273697634,0.0763122735963591,1.19908189976908,7.39914038812722,19.7239327281293,26.6977584286339,-0,0,0,2.92554789230956,0,0
0.68,100,9.25736354644118,0.0123224323736364,0.0845583073651318,1.35271429167208,7.96538034532981,20.3825248818092,28.9615193257904,-0,0,0,3.10535594497333,0,0
0.7,100,9.51625819640405,0.0141005735807789,0.0933466434808151,1.51773492952466,8.53733616158937,20.9589073890728,22.816341251757,-0,0,0,3.29116628344466,0,0
0.72,100,9.7744142030742,0.0160597220201134,0.102648638281792,1.69418548706407,9.1059940221961,21.1771941874459,23.5198360537144,-0,0,0,3.48052161071847,0,0
0.74,100,10.031833673849,0.0182098629765582,0.112451923288473,1.88191294656547,9.6653534366247,21.4547745374333,32.1986499901562,-0,0,0,3.67556706421653,0,0
0.76,100,10.2885187101134,0.020561460686858,0.122804540536762,2.08076347171059,10.219303671027,21.8973120473549,17.0932181598443,-0,0,0,3.87744050874256,0,0
0.78,100,10.5444714072569,0.0231251213383915,0.133619415958793,2.29052920114543,10.7500656041885,21.2787251493181,27.1665108548619,-0,0,0,4.08237152406424,0,0
0.8,100,10.7996938546906,0.0259094922651891,0.144921516120864,2.51062072339897,11.2588214789501,21.7432382595682,18.0135353574917,-0,0,0,4.29396337227822,0,0
0.82,100,11.0541881358644,0.0289254282173941,0.156741195303933,2.74074625978008,11.7473782441334,21.2596096760163,22.7875274399342,-0,0,0,4.5089600460079,0,0
0.84,100,11.3079563282843,0.0321824970068788,0.169063436415445,2.98034968294403,12.21083877079,21.4349908923386,20.4982461104085,-0,0,0,4.72931423405117,0,0
0.86,100,11.5610005035285,0.0356916776307569,0.181942633893523,3.22905403283646,12.6554919407712,21.3022754495192,14.6402816354716,-0,0,0,4.9545694794831,0,0
0.88,100,11.8133227272653,0.0394631847190146,0.195269831450958,3.4863118376085,13.0616852157265,20.4572813203425,22.1852194860098,-0,0,0,5.18398406371058,0,0
0.9,100,12.0649250592694,0.0435058369262135,0.209100521761871,3.75131813168821,13.4371224434949,20.6654695824131,24.8372142508774,-0,0,0,5.41930024489286,0,0
0.92,100,12.3158095534387,0.0478317006083731,0.223604935789415,4.02376399053958,13.8075549171975,21.1788212858548,15.0190143918937,-0,0,0,5.6609634913724,0,0
0.94,100,12.5659782578113,0.0524537795863205,0.238672443857869,4.30345320853084,14.1532160408471,20.4004743666752,17.1153456355469,-0,0,0,5.90589599883072,0,0
0.96,100,12.8154332145821,0.0573816982697532,0.254204344728346,4.58961681675024,14.4574177025237,19.987705776115,17.5863458771686,-0,0,0,6.15603226464297,0,0
0.98,100,13.0641764601194,0.0626254630627422,0.270262400756811,4.88153739741908,14.7297087236016,19.6901180103591,23.4800762317533,-0,0,0,6.41144924708191,0,0
1,100,13.3122100249818,0.0681964561632865,0.286958621806892,5.17871128881116,14.9877095995042,20.1667373837669,15.8093675420999,-0,0,0,6.67150338940785,0,0
1.02,100,13.5595359339345,0.0741078636087549,0.304264233065917,5.48091265408287,15.2259751527692,19.6270101606311,21.6950299909207,-0,0,0,6.93655491617637,0,0
1.04,100,13.8061562059658,0.0803709776949337,0.322161539506164,5.78760032490137,15.4415353904369,19.8930663269956,20.8567093158753,-0,0,0,7.20640716958249,0,0
1.06,100,14.0520728543037,0.0869987989449787,0.340729887297978,6.09850588465023,15.6468792544781,20.0209554145824,22.2248781127815,-0,0,0,7.48090622134642,0,0
1.08,100,14.2972878864326,0.0940046817961066,0.359974165670812,6.41341089316754,15.8424740894318,20.3041885126191,19.6628076897755,-0,0,0,7.7604123076107,0,0
1.1,100,14.5418033041091,0.101402113677357,0.379870888770073,6.73211240213149,16.0242668229612,20.2317348401303,19.8888283871372,-0,0,0,8.04400169068654,0,0
1.12,100,14.7856211033789,0.109203627116129,0.400383881215394,7.05425149137697,16.1865270444955,20.1999372389213,12.8191145643757,-0,0,0,8.33315165666048,0,0
1.14,100,15.0287432745926,0.11742088641392,0.421410343392271,7.37933451183237,16.3131437919725,19.2922081314053,26.5614895024288,-0,0,0,8.6254732547925,0,0
1.16,100,15.2711718024223,0.126064092542231,0.443042254318946,7.70664946887506,16.4201515622369,20.0046908852806,18.6110640039474,-0,0,0,8.92415057761212,0,0
1.18,100,15.5129086658779,0.135147131303023,0.465358760750386,8.03609572286669,16.5207054840593,19.8495789717441,21.2946533993782,-0,0,0,9.22682542492626,0,0
1.2,100,15.7539558383229,0.14468261048146,0.488299809800739,8.36737547933319,16.6058237824623,20.0520848206901,16.1094608971354,-0,0,0,9.53469249042805,0,0
1.22,100,15.9943152874905,0.154682989535087,0.511821345684725,8.70018313809469,16.6692560844237,19.5835433568098,25.2958575663554,-0,0,0,9.84636534751308,0,0
1.24,100,16.2339889755,0.165159723105025,0.535979789462163,9.03407287636204,16.7214008238737,20.2596598015281,25.5622177791867,-0,0,0,10.1638419721416,0,0
1.26,100,16.4729788588728,0.176127208177518,0.56089255135322,9.36909402988225,16.7818182828672,20.8513791067636,16.9187133908044,-0,0,0,10.4854808391543,0,0
1.28,100,16.7112868885479,0.187599486768514,0.586416230138623,9.70524784396277,16.8279048622689,20.3837207336398,25.8261113163102,-0,0,0,10.8100992264655,0,0
1.3,100,16.9489150098984,0.199587937940333,0.612550193755364,10.0421252490159,16.8609087037263,20.9599539670992,23.497963524738,-0,0,0,11.1407608672498,0,0
1.32,100,17.1858651627469,0.212106128284836,0.63938002485525,10.3796939819538,16.8955221690781,21.3040918661383,24.9741968326307,-0,0,0,11.4761723210815,0,0
1.34,100,17.4221392813818,0.225167676830296,0.666889880755935,10.7179458379758,16.9299785615285,21.7649368350174,25.7957297783719,-0,0,0,11.8161628989747,0,0
1.36,100,17.6577392945726,0.238786260217138,0.695080395414855,11.0568975620398,16.9651297911743,22.1687579213169,22.3032015118936,-0,0,0,12.161117771948,0,0
1.38,100,17.8926671255861,0.252975044654005,0.723894542675043,11.3964987729435,16.99260030793,22.2085661074517,14.4562759333803,-0,0,0,12.5083487568116,0,0
1.4,100,18.1269246922018,0.267745076950811,0.753164945476482,11.7363778956256,16.9867479444991,21.2680265698861,30.2624519727835,-0,0,0,12.8595126697365,0,0
1.42,100,18.3605139067277,0.283105023867759,0.782940182935783,12.0758168362774,16.9576741171875,21.7338751446225,20.3681489257642,-0,0,0,13.2166590587228,0,0
1.44,100,18.5934366760158,0.299066567442568,0.813299258417949,12.4146241573445,16.9197499035923,21.5982305613109,30.5007029847072,-0,0,0,13.5771572969775,0,0
1.46,100,18.8256949014778,0.315640841328515,0.844233945366977,12.7525523614102,16.8733945674533,22.0228609811869,30.2897834301085,-0,0,0,13.9436273365924,0,0
1.48,100,19.0572904791004,0.332840084563534,0.875792679028813,13.0895655652245,16.8279106675858,22.3944863409806,28.9685789947822,-0,0,0,14.3140702510693,0,0
1.5,100,19.2882252994611,0.350676572755827,0.907955178373911,13.4256618837273,16.7814153869262,22.7197230682082,29.1631792410084,-0,0,0,14.6883202415052,0,0
1.52,100,19.5185012477433,0.369162190053994,0.940702535142968,13.7608045622823,16.7322986570481,23.0043616859722,25.5479075357494,-0,0,0,15.0667162603222,0,0
1.54,100,19.7481202037522,0.388308454128368,0.974016972305123,14.0949270916695,16.6791898925348,23.2534699075843,31.111568846376,-0,0,0,15.4491525841453,0,0
1.56,100,19.9770840419292,0.408126536657759,1.00788163540902,14.4279376997505,16.6209288324737,23.4714828622642,26.629727764109,-0,0,0,15.8359950904171,0,0
1.58,100,20.2053946313683,0.428627279937523,1.0422804127239,14.7597232967095,16.556539976557,23.6622820582951,30.5955271736649,-0,0,0,16.2266995874519,0,0
1.6,100,20.4330538358307,0.449821210148031,1.0771977805778,15.090152941177,16.4852101672863,23.8292644894974,27.5722887279096,-0,0,0,16.6220200337014,0,0
1.62,100,20.6600635137601,0.471718547755319,1.11261867074613,15.4190808861467,16.406268925793,23.9754031153944,32.957400493767,-0,0,0,17.020823544393,0,0
1.64,100,20.886425518298,0.494329215456762,1.14852835713459,15.7463492562465,16.3191711978183,24.1032997918609,37.3312869424339,-0,0,0,17.4244410437713,0,0
1.66,100,21.1121416972988,0.517662844032968,1.18491235934211,16.0717904014931,16.223482209298,24.2152315946323,30.3047898312989,-0,0,0,17.8326578141433,0,0
1.68,100,21.3372138933447,0.54172877642189,1.22175636098902,16.3952289670365,16.1188641685456,24.3131913604197,36.5803588660449,-0,0,0,18.2431103521568,0,0
1.7,100,21.561643943761,0.566536070291514,1.25904614095718,16.7164837134702,16.0050645848923,24.3989231674265,36.2341753582593,-0,0,0,18.6592454839054,0,0
1.72,100,21.7854336806311,0.592093499352771,1.29676751591851,17.0353691179799,15.8819060023953,24.4739533869618,32.774543041448,-0,0,0,19.0793624906798,0,0
1.74,100,22.0085849308112,0.618409553623889,1.33490629272876,17.3516967828301,15.7492769723971,24.5396178589946,34.982821725053,-0,0,0,19.5026159274214,0,0
1.76,100,22.2310995159454,0.645492438830756,1.37344822943917,17.6652766743888,15.6071241107428,24.597085675483,42.6591048880985,-0,0,0,19.9301661103135,0,0
1.78,100,22.4529792524805,0.673350075104458,1.41237900383246,17.9759182130039,15.4554451047362,24.6473799949181,35.3615528702022,-0,0,0,20.3621371498894,0,0
1.8,100,22.6742259516809,0.701990095116701,1.45168418852436,18.2834312315214,15.2942825517843,24.6913962586635,35.8381753140593,-0,0,0,20.7971180904661,0,0
1.82,100,22.8948414196434,0.731419841775813,1.4913492317895,18.5876268180195,15.1237185264423,24.7299181334175,46.8192909970066,-0,0,0,21.2365157036864,0,0
1.84,100,23.1148274573117,0.761646365590286,1.53135944337401,18.888318056407,14.9438697854873,24.7636314636343,39.6967264984777,-0,0,0,21.6807867520556,0,0
1.86,100,23.3341858604914,0.792676421792975,1.57169998464746,19.1853206768349,14.7548835319555,24.7931364823169,46.0665949684185,-0,0,0,22.1267968654955,0,0
1.88,100,23.5529184198647,0.824516467306939,1.61235586252585,19.4784536263947,14.5569336689687,24.818958497581,40.1372202646749,-0,0,0,22.577840357515,0,0
1.9,100,23.7710269210046,0.857172657623234,1.65331192666675,19.7675395692812,14.3502174828346,24.8415572452541,41.6388937051533,-0,0,0,23.0309266457172,0,0
1.92,100,23.98851314439,0.890650843651643,1.6945528694985,20.0524053244619,14.1349527024786,24.8613350740243,41.6739843234197,-0,0,0,23.4880451412498,0,0
1.94,100,24.2053788654197,0.924956568597079,1.73606322869835,20.3328822479089,13.9113748888959,24.8786441088664,49.6455162231445,-0,0,0,23.9490311008008,0,0
1.96,100,24.4216258544275,0.960095064907184,1.77782739178132,20.6088065655772,13.6797351141114,24.8937925202844,49.7678814980196,-0,0,0,24.4147754406182,0,0
1.98,100,24.6372558766959,0.996071251330305,1.81982960250214,20.8800196625585,13.4402978942118,24.907050010987,49.2034507762852,-0,0,0,24.8839441042363,0,0
2,100,24.8522706924714,1.03288973011743,1.86205396880844,21.1463683331747,13.1933393454539,24.9186526176814,50.528922934121,-0,0,0,25.3560716631049,0,0
2.02,100,25.0666720569781,1.07055478439677,1.90448447211507,21.4077049961957,12.9391455363412,24.9288069134772,61.3436734406152,-0,0,0,25.8321160243985,0,0
2.04,100,25.2804617204324,1.10907037574528,1.94710497769644,21.6638878788582,12.6780110119574,24.9376936857195,47.5318014193503,-0,0,0,26.3127756699793,0,0
2.06,100,25.4936414280572,1.14844014197779,1.9898992460183,21.9147811729185,12.410237469824,24.9454711547311,51.7231649866963,-0,0,0,26.7952517133561,0,0
2.08,100,25.7062129200963,1.18866739517073,2.03285094485132,22.1602551655852,12.1361325691479,24.9522777907713,54.8453933110144,-0,0,0,27.2816780171663,0,0
2.1,100,25.9181779318282,1.22975511993487,2.07594366202755,22.4001863478365,11.8560088576036,24.9582347793643,59.1030679633727,-0,0,0,27.7713192653669,0,0
2.12,100,26.1295381935809,1.2717059719485,2.1191609187171,22.6344575023314,11.5701828017857,24.963448178889,59.5490605461222,-0,0,0,28.2655115894375,0,0
2.14,100,26.3402954307453,1.3145222767605,2.16248618311664,22.8629577728649,11.2789739092099,24.9680108088453,60.8238824409919,-0,0,0,28.7623040116437,0,0
2.16,100,26.5504513637899,1.35820602887046,2.20590288445409,23.0855827170886,10.982703931262,24.9720039024151,54.9263719311314,-0,0,0,29.2624716284941,0,0
2.18,100,26.7600077082745,1.4027588910913,2.2493944272247,23.3022343440217,10.6816961378324,24.9754985527395,62.0938320353817,-0,0,0,29.764313658152,0,0
2.2,100,26.9689661748643,1.44818219419842,2.29294420558375,23.5128211377039,10.3762746555313,24.9785569786632,65.6249539758152,-0,0,0,30.2702951262338,0,0
2.22,100,27.1773284693438,1.49447693686756,2.33653561782942,23.7172580681874,10.0667638624075,24.9812336324805,71.4051604611236,-0,0,0,30.7800548923695,0,0
2.24,100,27.3850962926309,1.54164378590282,2.38015208091707,23.9154665909371,9.75348783297729,24.9835761694052,72.9313025963339,-0,0,0,31.2931065592121,0,0
2.26,100,27.5922713407906,1.5896830767548,2.42377704495284,24.1073746355881,9.43676982815346,24.9856262960252,78.4708886547566,-0,0,0,31.8099087170328,0,0
2.28,100,27.798855305049,1.63859481432806,2.46739400762038,24.2929165849118,9.11693182534431,24.9874205128479,75.3429937181034,-0,0,0,32.3292166813222,0,0
2.3,100,28.0048498718069,1.68837867407603,2.51098652849963,24.4720332447492,8.79429408458619,24.9889907641561,81.8483976634554,-0,0,0,32.8511241676999,0,0
2.32,100,28.2102567226537,1.73903400338097,2.55453824324116,24.6446718055988,8.46917474709504,24.9903650067446,81.0356803703615,-0,0,0,33.3770867965355,0,0
2.34,100,28.4150775343812,1.79055982321567,2.59803287756395,24.8107857964706,8.14188946307554,24.991567707664,73.9215972875703,-0,0,0,33.9057495707242,0,0
2.36,100,28.6193139789972,1.84295483008312,2.6414542610477,24.9703350315679,7.81275104602364,24.9926202798326,83.2143678708744,-0,0,0,34.4365350829187,0,0
2.38,100,28.822967723739,1.89621739822972,2.68478634069417,25.1232855502979,7.48206915110452,24.9935414632725,90.2050826748674,-0,0,0,34.9710918578291,0,0
2.4,100,29.0260404310875,1.95034558212726,2.72801319423506,25.2696095510737,7.15014997549084,24.9943476587575,91.55325989052,-0,0,0,35.5092889091413,0,0
2.42,100,29.22853375878,2.00533711921831,2.77111904316619,25.4092853193268,6.8172959788096,24.9950532198128,87.1821395466508,-0,0,0,36.0498056642755,0,0
2.44,100,29.4304493598244,2.06118943291944,2.81408826549026,25.5422971501157,6.48380562207666,24.9956707082657,93.2678846224353,-0,0,0,36.592740260187,0,0
2.46,100,29.6317888825126,2.11789963587627,2.85690540815234,25.6686352656867,6.14997312369846,24.9962111178967,100.401102697104,-0,0,0,37.1390673708665,0,0
2.48,100,29.8325539704335,2.17546453346393,2.89955519915435,25.7882957283139,5.81608823129566,24.9966840701726,100.84650506443,-0,0,0,37.6886195484068,0,0
2.5,100,30.032746262487,2.23388062752664,2.942022559336,25.901280348726,5.48243600825576,24.9970979855482,100.918699516472,-0,0,0,38.2405926523321,0,0
2.52,100,30.2323673928969,2.29314412034941,2.98429261381166,26.0075965904021,5.14929663405461,24.9974602333835,107.30512356597,-0,0,0,38.7958273876391,0,0
2.54,100,30.4314189912246,2.35325091885491,3.02635070305354,26.1072574700052,4.81694521750222,24.9977772631482,116.515170671891,-0,0,0,39.3538438529402,0,0
2.56,100,30.6299026823823,2.41419663901851,3.06818239361304,26.2002814542035,4.4856516221687,24.9980547192485,117.924723231268,-0,0,0,39.9158744486953,0,0
2.58,100,30.827820086646,2.47597661049397,3.10977348847323,26.286692353116,4.15568030333328,24.99829754152,116.761431978983,-0,0,0,40.4802255356541,0,0
2.6,100,31.0251728196692,2.53858588144248,3.15111003702619,26.3665192106083,3.82729015587551,24.9985100531767,122.036509125106,-0,0,0,41.0463087120525,0,0
2.62,100,31.2219624924956,2.60201922355749,3.19217834467034,26.4397961916504,3.5007343725929,24.9986960377817,115.825209202673,-0,0,0,41.6155943712803,0,0
2.64,100,31.4181907115726,2.66627113727754,3.23296498202314,26.5065624669418,3.17626031248649,24.9988588066096,127.442285940472,-0,0,0,42.185734380947,0,0
2.66,100,31.6138590787644,2.7313358571796,3.27345679374591,26.5668620949986,2.85410937860507,24.9990012576008,133.328407512205,-0,0,0,42.7594261855397,0,0
2.68,100,31.8089691913649,2.79720735754492,3.31364090697781,26.6207439018894,2.53451690508099,24.9991259269566,129.817413304873,-0,0,0,43.3371431008151,0,0
2.7,100,32.0035226421106,2.86387935808962,3.35350473937696,26.6682613588014,2.21771205302751,24.9992350342932,142.21149146733,-0,0,0,43.9162107330969,0,0
2.72,100,32.1975210191942,2.93134532985226,3.39303600676716,26.7094724576111,1.90391771499901,24.9993305221607,139.19183433437,-0,0,0,44.49846788859,0,0
2.74,100,32.390965906277,2.99959850123026,3.43222273038934,26.7444395846265,1.59335042774245,24.9994140906274,152.786840545228,-0,0,0,45.0826697128038,0,0
2.76,100,32.5838588825019,3.0686318641575,3.47105324375726,26.773229392666,1.28622029299191,24.9994872275484,149.830424389865,-0,0,0,45.6702430553386,0,0
2.78,100,32.7762015225066,3.13843818041505,3.50951619911784,26.7959126716312,0.98273090607771,24.9995512350555,149.702627503427,-0,0,0,46.2599168193451,0,0
2.8,100,32.9679953964361,3.2090099880671,3.54760057351649,26.8125642177284,0.683079292138646,24.9996072527399,159.011544129948,-0,0,0,46.8518846385791,0,0
2.82,100,33.1592420699558,3.28033960801433,3.5852956744687,26.8232627014891,0.387455849740189,24.9996562779419,163.368462312315,-0,0,0,47.4458867012765,0,0
2.84,100,33.349943104264,3.35241915065674,3.62259114523924,26.8280905347346,0.0960443017137381,24.9996991835075,166.109798875429,-0,0,0,48.0427549885644,0,0
2.86,100,33.540100056105,3.42524052265819,3.65947696973106,26.8271337366289,-0.190978346957818,24.9997367333285,172.195028274641,-0,0,0,48.641867454526,0,0
2.88,100,33.7297144777815,3.49879543380483,3.69594347698598,26.8204817989579,-0.47344184437436,24.9997695959429,174.837380138334,-0,0,0,49.2440506002412,0,0
2.9,100,33.9187879171674,3.57307540394961,3.73198134529996,26.8082275507716,-0.751182720231622,24.9997983564375,178.667893498741,-0,0,0,49.8481599613414,0,0
2.92,100,34.1073219177203,3.64807177003539,3.76758160595586,26.7904670225218,-1.0240443077662,24.9998235268649,181.201335916299,-0,0,0,50.453826846284,0,0
2.94,100,34.2953180184943,3.7237756931888,3.80273564657706,26.7672993098257,-1.29187675928075,24.99984555536,183.311993420189,-0,0,0,51.0615154026026,0,0
2.96,100,34.4827777541527,3.80017816587749,3.83743521410548,26.7388264369813,-1.55453705539377,24.9998648341187,188.587289210195,-0,0,0,51.6723455727912,0,0
2.98,100,34.6697026549798,3.87727001912314,3.871672417408,26.7051532203603,-1.81188900815519,24.9998817063806,195.906084514767,-0,0,0,52.2848531512779,0,0
3,100,34.8560942468944,3.95504192976299,3.90543972951545,26.6663871317982,-2.06380325816651,24.9998964725399,203.294107886024,-0,0,0,52.8999476773515,0,0
3.02,100,35.0419540514616,4.03348442775247,3.93872998949864,26.6226381621009,-2.3101572658425,24.9999093954936,208.343912816627,-0,0,0,53.5168785002954,0,0
3.04,100,35.2272835859051,4.11258790350176,3.97153640398611,26.5740186847837,-2.5508352969498,24.9999207053223,211.798658098232,-0,0,0,54.1370725468204,0,0
3.06,100,35.4120843631203,4.19234261523919,4.0038525483286,26.5206433201557,-2.78572840255706,24.9999306033865,211.555573001417,-0,0,0,54.7588211664449,0,0
3.08,100,35.5963578916859,4.27273869639442,4.03567236741549,26.4626287998595,-3.01473439353034,24.9999392659116,221.197703183689,-0,0,0,55.3818948209436,0,0
3.1,100,35.7801056758766,4.3537661629945,4.06699017614844,26.400093831975,-3.23775780970725,24.9999468471254,227.53110912232,-0,0,0,56.0080946635048,0,0
3.12,100,35.9633292156754,4.43541492106607,4.09780065957804,26.3331589667917,-3.45470988388308,24.999953482004,234.746186864054,-0,0,0,56.6360672032408,0,0
3.14,100,36.1460300067856,4.5176747740369,4.12809887270926,26.2619464633514,-3.66550850074221,24.9999592886751,232.38715671625,-0,0,0,57.2667408732413,0,0
3.16,100,36.3282095406434,4.60053543013035,4.1578802399815,26.1865801568629,-3.87007815086829,24.9999643705207,242.351313569254,-0,0,0,57.8987301435793,0,0
3.18,100,36.5098693044295,4.6839865097462,4.18714055442978,26.1071853270834,-4.06834987996673,24.9999688180181,245.337451392924,-0,0,0,58.5322095939597,0,0
3.2,100,36.6910107810819,4.7680175528215,4.21587597653301,26.0238885677629,-4.26026123343378,24.9999727103507,246.877672456273,-0,0,0,59.1675932211445,0,0
3.22,100,36.8716354493074,4.85261802616547,4.24408303275626,25.9368176572426,-4.44575619640647,24.9999761168177,260.3826654218,-0,0,0,59.8045380050956,0,0
3.24,100,37.0517447835942,4.93777733076205,4.2717586137933,25.8461014302961,-4.62478512942825,24.9999790980678,263.085307567047,-0,0,0,60.4447808168698,0,0
3.26,100,37.2313402542235,5.02348480903453,4.29889997251653,25.7518696512999,-4.79730469986582,24.9999817071795,262.604086607012,-0,0,0,61.0866387882407,0,0
3.28,100,37.4104233272819,5.10972975206619,4.32550472164102,25.6542528888177,-4.9632778092126,24.9999839906053,276.882279718932,-0,0,0,61.7297652820317,0,0
3.3,100,37.5889954646729,5.19650140677146,4.35157083110979,25.5533823916776,-5.12267351641516,24.9999859889994,277.484690421397,-0,0,0,62.3746772505142,0,0
3.32,100,37.7670581241293,5.28378898301211,4.37709662520748,25.4493899666223,-5.275466957359,24.9999877379413,284.867237753759,-0,0,0,63.0217817650946,0,0
3.34,100,37.9446127592248,5.37158166065296,4.40208077940971,25.342407857606,-5.42163926065057,24.9999892685691,291.677443617282,-0,0,0,63.6709779333842,0,0
3.36,100,38.1216608193859,5.45986859655205,4.42652231697543,25.2325686268123,-5.56117745983248,24.9999906081344,297.224910353683,-0,0,0,64.321324625726,0,0
3.38,100,38.298203749904,5.54863893148019,4.45042060528978,25.1200050374621,-5.69407440216943,24.9999917804865,300.453889817918,-0,0,0,64.9733769735935,0,0
3.4,100,38.4742429919468,5.63788179696484,4.47377535196494,25.0048499384783,-5.82032865414201,24.9999928064983,310.431598705027,-0,0,0,65.6281112956482,0,0
3.42,100,38.6497799825703,5.72758632205371,4.49658660070663,24.8872361510738,-5.93994440378618,24.9999937044368,310.549483357541,-0,0,0,66.2844049967833,0,0
3.44,100,38.8248161547305,5.81774163999344,4.51885472695389,24.7672963573215,-6.05293136001577,24.9999944902889,322.01567447343,-0,0,0,66.9419792651796,0,0
3.46,100,38.9993529372951,5.90833689481876,4.54058043329987,24.645162990768,-6.15930464906541,24.9999951780459,321.986173298054,-0,0,0,67.60189055481,0,0
3.48,100,39.1733917550552,5.99936124784809,4.56176474470143,24.5209681291455,-6.25908470819129,24.9999957799528,324.95058022261,-0,0,0,68.262467152805,0,0
3.5,100,39.3469340287367,6.09080388408115,4.58240900348539,24.3948433892365,-6.35229717676663,24.9999963067258,335.414939741155,-0,0,0,68.9249154897063,0,0
3.52,100,39.5199811750122,6.18265401849482,4.60251486415916,24.2669198239411,-6.4389727849086,24.9999967677437,342.977417079162,-0,0,0,69.5890039234718,0,0
3.54,100,39.6925346065124,6.27490090223328,4.62208428803382,24.137327821595,-6.51914723977288,24.9999971712144,350.953348139148,-0,0,0,70.2548522810814,0,0
3.56,100,39.8645957318379,6.36753382868879,4.64111953766738,24.0061970075847,-6.59286110965155,24.9999975243214,355.578143596853,-0,0,0,70.9229367386138,0,0
3.58,100,40.03616595557,6.46054213946966,4.65962317113625,23.8736561483009,-6.66015970600961,24.9999978333513,359.705275173691,-0,0,0,71.5921226793367,0,0
3.6,100,40.2072466782831,6.55391523025193,4.67759803614272,23.7398330574709,-6.72109296359422,24.9999981038061,363.295648987857,-0,0,0,72.2627855115188,0,0
3.62,100,40.3778392965553,6.64764255651166,4.69504726396652,23.6048545049067,-6.77571531875063,24.999998340501,377.191262001966,-0,0,0,72.9346395932353,0,0
3.64,100,40.5479452029806,6.74171363913476,4.7119742632682,23.4688461277041,-6.82408558607734,24.9999985476502,379.65062302103,-0,0,0,73.6092705182091,0,0
3.66,100,40.7175657861793,6.83611806990148,4.7283827137524,23.3319323439239,-6.86626683355238,24.9999987289417,387.321365944331,-0,0,0,74.2842532024006,0,0
3.68,100,40.8867024308104,6.93084551684278,4.74427655969868,23.1942362687846,-6.90232625626143,24.9999988876033,396.933152458372,-0,0,0,74.9612611733457,0,0
3.7,100,41.0553565175821,7.02588572946612,4.75966000336802,23.0558796333938,-6.93233504885751,24.9999990264597,400.48197816375,-0,0,0,75.6405607340734,0,0
3.72,100,41.2235294232633,7.12122854384816,4.7745374982925,22.916982706042,-6.95636827688046,24.9999991479832,404.935497041507,-0,0,0,76.3200163076457,0,0
3.74,100,41.391222520695,7.21686388759219,4.78891374245623,22.7776642160798,-6.97450474706359,24.9999992543373,405.980836001285,-0,0,0,77.0014360036544,0,0
3.76,100,41.5584371788014,7.31278178464809,4.80279367137502,22.6380412803988,-6.98682687675305,24.9999993474156,416.085020146955,-0,0,0,77.6836294368428,0,0
3.78,100,41.725174762601,7.40897235999302,4.81618245108266,22.4982293325318,-6.9934205625643,24.9999994288754,425.046877904742,-0,0,0,78.3672661013565,0,0
3.8,100,41.891436633218,7.50542584417088,4.82908547103131,22.3583420543856,-6.99437504839854,24.9999995001668,430.788870766152,-0,0,0,79.0536917528581,0,0
3.82,100,42.0572241478929,7.60213257768904,4.8415083369136,22.2184913106202,-6.98978279294015,24.9999995625591,438.308778245536,-0,0,0,79.7401723807472,0,0
3.84,100,42.2225386599943,7.6990830152708,4.85345686341398,22.0787870856813,-6.97973933675474,24.9999996171632,443.31006573746,-0,0,0,80.4286151177961,0,0
3.86,100,42.3873815190291,7.79626772996215,4.8649370668967,21.9393374234943,-6.9643431691056,24.9999996649514,454.219169678257,-0,0,0,81.1178764124168,0,0
3.88,100,42.5517540706544,7.89367741709183,4.87595515803776,21.8002483698232,-6.94369559460452,24.9999997067743,462.038652938371,-0,0,0,81.8095994629411,0,0
3.9,100,42.7156576566877,7.99130289808343,4.88651753440814,21.6616239172983,-6.91790059981099,24.9999997433766,456.24434034536,-0,0,0,82.5019931050763,0,0
3.92,100,42.8790936151185,8.08913512411879,4.89663077301546,21.5235659531104,-6.88706471989221,24.9999997754099,468.50252748854,-0,0,0,83.1951132765943,0,0
3.94,100,43.0420632801188,8.18716517965186,4.9063016228112,21.386174209371,-6.85129690545376,24.9999998034447,481.62698545376,-0,0,0,83.8891835775129,0,0
3.96,100,43.204567982054,8.28538428577241,4.91553699717042,21.2495462161327,-6.81070838964947,24.99999982798,483.991637861082,-0,0,0,84.5860683896229,0,0
3.98,100,43.366609047494,8.3837838034191,4.92434396635092,21.113777257064,-6.76541255567619,24.9999998494526,491.849402346342,-0,0,0,85.2841762948382,0,0
4,100,43.5281877992241,8.48235523644163,4.93272974993861,20.9789603277698,-6.7155248047576,24.9999998682449,499.744557451093,-0,0,0,85.9825941186308,0,0
4.02,100,43.6893055562552,8.58109023451171,4.94070170928583,20.8451860967462,-6.66116242471867,24.9999998846914,514.00011733298,-0,0,0,86.6827116910785,0,0
4.04,100,43.8499636338353,8.67998059588271,4.94826733994909,20.7125428689566,-6.60244445925025,24.9999998990849,512.068486097885,-0,0,0,87.3845809137788,0,0
4.06,100,44.0101633434598,8.77901826999821,4.95543426413283,20.5811165520157,-6.53949157796095,24.9999999116818,517.417343619025,-0,0,0,88.0869388545159,0,0
4.08,100,44.1699059928823,8.87819535994947,4.9622102231454,20.4509906249632,-6.47242594731119,24.9999999227062,526.198019986681,-0,0,0,88.7892411168854,0,0
4.1,100,44.3291928861253,8.97750412478223,4.96860306987364,20.3222461096093,-6.40137110252182,24.9999999323545,529.299296380861,-0,0,0,89.4948114006371,0,0
4.12,100,44.4880253234909,9.07693698165321,4.974620761282,20.1949615444317,-6.32645182054748,24.9999999407985,545.453116117658,-0,0,0,90.2000246082971,0,0
4.14,100,44.6464046015712,9.17648650783692,4.98027135094231,20.0692129610018,-6.24779399420221,24.9999999481884,548.009518719334,-0,0,0,90.9075899063847,0,0
4.16,100,44.8043320132593,9.2761454425834,4.98556298159991,19.9450738629156,-6.16552450752262,24.9999999546558,559.654970008819,-0,0,0,91.6161997188949,0,0
4.18,100,44.9618088477593,9.37590668882769,4.99050387778202,19.8226152072051,-6.07977111245116,24.999999960316,566.706941850001,-0,0,0,92.3262249083503,0,0
4.2,100,45.1188363905974,9.47576331475195,4.99510233845375,19.7019053882015,-5.99066230691962,24.9999999652696,567.068624135671,-0,0,0,93.0378176150807,0,0
4.22,100,45.2754159236318,9.57570855520123,4.99936672972728,19.5830102238226,-5.89832721441065,24.9999999696049,578.234747593959,-0,0,0,93.7493984309099,0,0
4.24,100,45.4315487250637,9.67573581295394,5.00330547762952,19.4659929442528,-5.80289546507206,24.999999973399,583.793429663426,-0,0,0,94.4626056794932,0,0
4.26,100,45.5872360694475,9.77583865984842,5.00692706093339,19.3509141829857,-5.70449707845651,24.9999999767195,583.197401196911,-0,0,0,95.1765207400411,0,0
4.28,100,45.7424792277012,9.87601083776668,5.01024000405766,19.2378319701942,-5.60326234795646,24.9999999796255,598.634387483411,-0,0,0,95.8917072498175,0,0
4.3,100,45.8972794671166,9.97624625947693,5.0132528700404,19.1268017283948,-5.49932172700141,24.9999999821688,605.009172445642,-0,0,0,96.6081289757887,0,0
4.32,100,46.0516380513701,10.0765390093364,5.01597425359051,19.0178762703699,-5.39280571708232,24.9999999843946,612.57914876229,-0,0,0,97.3252729932879,0,0
4.34,100,46.2055562405326,10.1768833438559,5.01841277422217,18.9111057993103,-5.28384475766489,24.9999999863425,625.274803276367,-0,0,0,98.0437761882307,0,0
4.36,100,46.3590352910799,10.2772736921279,5.02057706947646,18.8065379111405,-5.1725691180512,24.9999999880474,626.204831625753,-0,0,0,98.7636328786327,0,0
4.38,100,46.5120764559031,10.3777046561205,5.02247578823445,18.704217598987,-5.05910879124635,24.9999999895394,633.245494323701,-0,0,0,99.4841886681167,0,0
4.4,100,46.6646809843188,10.4781710108374,5.02411758412595,18.604187259748,-4.94359338988418,24.9999999908451,637.790207910727,-0,0,0,100.205934712222,0,0
4.42,100,46.816850122079,10.5786677043484,5.02551110903784,18.5064867027242,-4.82615204426325,24.9999999919879,644.246546710185,-0,0,0,100.928252924631,0,0
4.44,100,46.9685851113815,10.6791898576903,5.02666500672582,18.4111531602675,-4.7069133025422,24.999999992988,653.327913485152,-0,0,0,101.651585867156,0,0
4.46,100,47.1198871908803,10.7797327646413,5.02758790653322,18.3182213004029,-4.58600503314017,24.9999999938633,665.287548587171,-0,0,0,102.376535333822,0,0
4.48,100,47.2707575956951,10.8802918913707,5.02828841722042,18.227723241381,-4.46355432938611,24.9999999946293,677.712731915019,-0,0,0,103.102494058028,0,0
4.5,100,47.421197557422,10.9808628759666,5.02877512090821,18.1396885681143,-4.33968741645763,24.9999999952997,667.703475241237,-0,0,0,103.830206964818,0,0
4.52,100,47.5712083041431,11.0814415278437,5.02905656713833,18.0541443504512,-4.21452956064763,24.9999999958864,686.748086674475,-0,0,0,104.556523707298,0,0
4.54,100,47.7207910604367,11.1820238270329,5.02914126705413,17.9711151632415,-4.0882049809945,24.9999999963999,692.897193120039,-0,0,0,105.286616981353,0,0
4.56,100,47.8699470473875,11.2826059233568,5.0290376877045,17.8906231081454,-3.9608367633088,24.9999999968493,699.903915656628,-0,0,0,106.016670407486,0,0
4.58,100,48.0186774825961,11.383184135491,5.02875424647343,17.8126878371372,-3.83254677662692,24.9999999972426,708.115216230412,-0,0,0,106.747380309018,0,0
4.6,100,48.1669835801893,11.4837549499171,5.0282993056382,17.7373265776562,-3.70345559211976,24.9999999975868,715.888485923661,-0,0,0,107.479138778578,0,0
4.62,100,48.3148665508301,11.5843150197666,5.02768116705829,17.664554159354,-3.57368240448179,24.999999997888,724.175563386463,-0,0,0,108.212286311873,0,0
4.64,100,48.4623276017271,11.6848611635608,5.02690806699756,17.5943830423895,-3.44334495582331,24.9999999981517,731.644810285791,-0,0,0,108.946058519769,0,0
4.66,100,48.6093679366448,11.7853903638481,5.02598817108162,17.5268233472205,-3.3125594620865,24.9999999983824,731.868219038963,-0,0,0,109.680915420286,0,0
4.68,100,48.7559887559134,11.8858997657422,5.02492956939253,17.4618828858419,-3.18144054200311,24.9999999985843,747.065335765147,-0,0,0,110.415470327407,0,0
4.7,100,48.9021912564383,11.986386675363,5.0237402717026,17.3995671944186,-3.05010114860937,24.999999998761,745.488098288739,-0,0,0,111.152170806893,0,0
4.72,100,49.0479766317101,12.0868485581843,5.02242820284893,17.3398795672637,-2.91865250333125,24.9999999989157,761.462459546169,-0,0,0,111.888667238011,0,0
4.74,100,49.1933460718143,12.1872830372896,5.02100119825031,17.2828210921072,-2.7872040326509,24.999999999051,767.525077666861,-0,0,0,112.626812385557,0,0
4.76,100,49.338300763441,12.2876878915403,5.01946699956782,17.2283906866078,-2.65586330736258,24.9999999991695,775.44311153172,-0,0,0,113.366522760719,0,0
4.78,100,49.4828418898947,12.3880610536586,5.01783325051036,17.1765851360516,-2.52473598442433,24.9999999992732,780.775857630307,-0,0,0,114.107316930041,0,0
4.8,100,49.6269706311037,12.4884006082274,5.01610749278627,17.1273991321891,-2.3939257514092,24.9999999993639,786.692071245488,-0,0,0,114.84851438282,0,0
4.82,100,49.7706881636299,12.5887047896109,5.01429716220195,17.0808253131565,-2.26353427355762,24.9999999994433,796.870557563138,-0,0,0,115.589571853921,0,0
4.84,100,49.9139956606785,12.6889719797993,5.01240958490832,17.0368543044304,-2.13366114343039,24.9999999995128,802.88180824461,-0,0,0,116.332611341399,0,0
4.86,100,50.0568942921074,12.789200706179,5.01045197379574,16.9954747607629,-2.00440383315956,24.9999999995736,813.377060063267,-0,0,0,117.075918077675,0,0
4.88,100,50.1993852244369,12.8893896392326,5.00843142503811,16.9566734090463,-1.87585764929226,24.9999999996268,823.941319467456,-0,0,0,117.820422412784,0,0
4.9,100,50.3414696208591,12.9895375901715,5.0063549147863,16.9204350920546,-1.74811569022071,24.9999999996734,825.715545802447,-0,0,0,118.566858488121,0,0
4.92,100,50.4831486412472,13.0896435085032,5.00422929601139,16.886742813011,-1.62126880618924,24.9999999997142,827.229887752776,-0,0,0,119.313005339201,0,0
4.94,100,50.6244234421656,13.1897064795379,5.00206129549783,16.8555777809294,-1.49540556186755,24.9999999997499,843.086628938339,-0,0,0,120.058741546705,0,0
4.96,100,50.7652951768787,13.2897257218356,4.99985751098645,16.8269194566786,-1.37061220147713,24.9999999997811,848.901346383954,-0,0,0,120.807059056378,0,0
4.98,100,50.9057649953607,13.3897005845979,4.99762440846728,16.800745599719,-1.24697261645613,24.9999999998084,854.336245782562,-0,0,0,121.555794752853,0,0
5,100,51.0458340443047,13.4896305450074,4.99536831962194,16.7770323154609,-1.12456831564591,24.9999999998323,861.609557351969,-0,0,0,122.304472875063,0,0
5.02,100,51.1855034671323,13.5895152055169,4.99309543941525,16.755754103193,-1.00347839798085,24.9999999998533,867.106947835073,-0,0,0,123.054637154018,0,0
5.04,100,51.3247744040028,13.6893542910926,4.99081182383558,16.7368839045337,-0.883779527661071,24.9999999998716,880.606318768765,-0,0,0,123.804389938224,0,0
5.06,100,51.4636479918227,13.7891476464128,4.9885233877833,16.7203931523529,-0.76554591178607,24.9999999998876,882.968870965345,-0,0,0,124.556307605748,0,0
5.08,100,51.6021253642546,13.8888952330265,4.98623590310668,16.7062518201177,-0.648849280425697,24.9999999999016,889.63244300476,-0,0,0,125.308534418354,0,0
5.1,100,51.7402076517268,13.9885971264737,4.98395499678447,16.6944284716121,-0.533758869103046,24.9999999999139,903.765796200258,-0,0,0,126.06198002845,0,0
5.12,100,51.8778959814425,14.0882535133716,4.98168614925412,16.6848903109831,-0.420341403662475,24.9999999999247,904.61153234805,-0,0,0,126.816826828992,0,0
5.14,100,52.0151914773887,14.1878646884676,4.97943469288462,16.6776032330661,-0.308661087494313,24.9999999999341,917.77185282299,-0,0,0,127.571182813318,0,0
5.16,100,52.1520952603459,14.2874310516642,4.97720581059296,16.6725318739421,-0.19877959108639,24.9999999999423,920.365762916071,-0,0,0,128.32742953143,0,0
5.18,100,52.2886084478966,14.3869531050174,4.97500453460282,16.6696396616813,-0.0907560438710799,24.9999999999495,930.195495748949,-0,0,0,129.0834378565,0,0
5.2,100,52.4247321544349,14.4864314497112,4.97283574534417,16.6688888672266,0.0153529716648328,24.9999999999558,941.029178070086,-0,0,0,129.840180966949,0,0
5.22,100,52.5604674911757,14.5858667830123,4.97070417049249,16.6702406553733,0.119493423641461,24.9999999999613,947.66076185768,-0,0,0,130.598693860387,0,0
5.24,100,52.6958155661631,14.6852598952064,4.96861438414588,16.6736551357988,0.22161383225359,24.9999999999661,951.225740635452,-0,0,0,131.357328155891,0,0
5.26,100,52.8307774842802,14.7846116665196,4.9665708061386,16.6790914141015,0.321665269081427,24.9999999999704,959.994316752966,-0,0,0,132.116779259174,0,0
5.28,100,52.9653543472578,14.8839230640272,4.9645777014893,16.6865076428033,0.41960135428199,24.9999999999741,972.61923930921,-0,0,0,132.877063600379,0,0
5.3,100,53.099547253683,14.9831951385531,4.96263917998205,16.6958610722762,0.515378251699956,24.9999999999773,976.176622926664,-0,0,0,133.638558449445,0,0
5.32,100,53.2333572990091,15.0824290215622,4.96075919587854,16.7071081015498,0.608954661937816,24.9999999999801,981.272943464237,-0,0,0,134.400538515311,0,0
5.34,100,53.3667855755636,15.181625922048,4.95894154775924,16.7202043289606,0.700291813426235,24.9999999999826,988.160512194224,-0,0,0,135.162090575305,0,0
5.36,100,53.4998331725577,15.2807871234181,4.95718987849166,16.7351046026028,0.789353451536459,24.9999999999848,994.740714851758,-0,0,0,135.924701708101,0,0
5.38,100,53.632501176095,15.3799139803814,4.9555076753236,16.7517630705424,0.876105825777533,24.9999999999867,1012.4343680539,-0,0,0,136.687582649245,0,0
5.4,100,53.7647906691804,15.4790079158369,4.95389827009918,16.7701332307561,0.960517675121961,24.9999999999884,1012.09591524497,-0,0,0,137.452559738217,0,0
5.42,100,53.8967027317287,15.5780704177695,4.95236483959548,16.7901679807587,1.04256021150424,24.9999999999898,1022.16726675567,-0,0,0,138.216788260236,0,0
5.44,100,54.0282384405739,15.6771030361524,4.95091040597745,16.8118196668824,1.12220710153745,24.9999999999911,1035.17288070737,-0,0,0,138.982740735979,0,0
5.46,100,54.1593988694776,15.7761073798607,4.94953783736875,16.835040133173,1.19943444649388,24.9999999999922,1035.3013889515,-0,0,0,139.749395838369,0,0
5.48,100,54.290185089138,15.8750851135973,4.94824984853621,16.859780769869,1.2742207605961,24.9999999999932,1045.10333094947,-0,0,0,140.515105487792,0,0
5.5,100,54.4205981671983,15.9740379548332,4.94704900168524,16.8859925614293,1.34654694766588,24.999999999994,1052.99346677425,-0,0,0,141.282294651917,0,0
5.52,100,54.5506391682558,16.0729676707656,4.9459377073639,16.9136261340788,1.41639627617845,24.9999999999948,1056.92365139324,-0,0,0,142.049963398853,0,0
5.54,100,54.6803091538705,16.171876075294,4.94491822547294,16.942631802839,1.48375435277049,24.9999999999954,1061.69562599252,-0,0,0,142.817977345567,0,0
5.56,100,54.8096091825735,16.2707650260192,4.94399266637923,16.9729596180136,1.5486090942506,24.999999999996,1073.139367825,-0,0,0,143.587167292304,0,0
5.58,100,54.9385403098761,16.3696364212636,4.94316299212998,17.0045594111,1.61095069816114,24.9999999999965,1082.24853266492,-0,0,0,144.357042065434,0,0
5.6,100,55.0671035882778,16.4684921971182,4.94243101776494,17.0373808400981,1.67077161194121,24.9999999999969,1090.382771207,-0,0,0,145.127828244779,0,0
5.62,100,55.1953000672757,16.5673343245168,4.94179841272406,17.0713734341883,1.72806650074033,24.9999999999973,1101.05423437132,-0,0,0,145.89911343763,0,0
5.64,100,55.3231307933723,16.6661648063379,4.94126670234762,17.1064866377532,1.78283221393301,24.9999999999976,1110.53700458552,-0,0,0,146.670580926149,0,0
5.66,100,55.4505968100843,16.7649856745394,4.94083726946621,17.1426698537165,1.83506775038448,24.9999999999979,1113.75532419687,-0,0,0,147.442671098835,0,0
5.68,100,55.5776991579515,16.8637989873243,4.94051135607775,17.1798724861758,1.88477422251801,24.9999999999982,1114.03587708832,-0,0,0,148.216271897092,0,0
5.7,100,55.7044388745448,16.962606826342,4.94029006510852,17.2180439823047,1.93195481923444,24.9999999999984,1128.5996900231,-0,0,0,148.989113255489,0,0
5.72,100,55.8308169944747,17.0614112939251,4.94017436225556,17.2571338735022,1.97661476773467,24.9999999999986,1134.50038543928,-0,0,0,149.763269463058,0,0
5.74,100,55.9568345494001,17.1602145103636,4.94016507790749,17.2970918157683,2.01876129429566,24.9999999999988,1144.52070621419,-0,0,0,150.537692795246,0,0
5.76,100,56.0824925680364,17.2590186112188,4.94026290914078,17.3378676292851,2.0584035840509,24.9999999999989,1153.80349971126,-0,0,0,151.313161609887,0,0
5.78,100,56.2077920761641,17.3578257446776,4.94046842178861,17.3794113371834,2.09555273982589,24.9999999999991,1155.36424081295,-0,0,0,152.089269373476,0,0
5.8,100,56.3327340966369,17.456638068949,4.94078205257946,17.4216732034779,2.13022174007924,24.9999999999992,1162.96010309556,-0,0,0,152.864520381249,0,0
5.82,100,56.4573196493905,17.5554577497038,4.94120411134235,17.4646037701516,2.16242539599995,24.9999999999993,1164.93610087031,-0,0,0,153.640672283645,0,0
5.84,100,56.5815497514505,17.6542869575591,4.94173478327598,17.5081538933755,2.19218030781112,24.9999999999994,1179.39389791676,-0,0,0,154.416523265038,0,0
5.86,100,56.7054254169408,17.7531278656093,4.94237413127865,17.5522747788454,2.21950482033026,24.9999999999995,1178.99658720878,-0,0,0,155.194018183629,0,0
5.88,100,56.828947657092,17.8519826470033,4.94312209833616,17.5969180162239,2.24441897783597,24.9999999999995,1192.75305031818,-0,0,0,155.970782326827,0,0
5.9,100,56.9521174802497,17.9508534725711,4.94397850996464,17.6420356126727,2.26694447829077,24.9999999999996,1201.46915778335,-0,0,0,156.748874751169,0,0
5.92,100,57.0749358918824,18.0497425084991,4.94494307670547,17.6875800254637,2.28710462696912,24.9999999999996,1208.77074717844,-0,0,0,157.527320446318,0,0
5.94,100,57.1974038945902,18.1486519140559,4.94601539666931,17.733504193657,2.30492428953983,24.9999999999997,1213.7031127927,-0,0,0,158.306410995828,0,0
5.96,100,57.3195224881125,18.2475838393695,4.94719495812629,17.779761568835,2.32042984465109,24.9999999999997,1227.30605962017,-0,0,0,159.08620811328,0,0
5.98,100,57.4412926693364,18.3465404232568,4.94848114213953,17.8263061448845,2.33364913606657,24.9999999999998,1235.30944307933,-0,0,0,159.867357125334,0,0
6,100,57.562715432305,18.4455237911063,4.94987322523905,17.8730924868168,2.34461142440002,24.9999999999998,1242.74009763929,-0,0,0,160.648481924187,0,0
6.02,100,57.6837917682251,18.5445360528141,4.95137038213318,17.920075758619,2.35334733849564,24.9999999999998,1246.42888168324,-0,0,0,161.430659612794,0,0
6.04,100,57.8045226654757,18.6435793007754,4.95297168845463,17.96721175013,2.35988882650089,24.9999999999998,1253.44907440611,-0,0,0,162.212572172517,0,0
6.06,100,57.9249091096158,18.7426556079301,4.95467612353835,18.014456902935,2.36426910667791,24.9999999999999,1257.07078060029,-0,0,0,162.994729222768,0,0
6.08,100,58.0449520833924,18.8417670258654,4.95648257322839,18.0617683352737,2.366522617999,24.9999999999999,1270.70573710771,-0,0,0,163.777171404077,0,0
6.1,100,58.1646525667491,18.9409155829741,4.95838983271096,18.1091038659598,2.36668497057115,24.9999999999999,1282.11699124005,-0,0,0,164.560100811564,0,0
6.12,100,58.2840115368331,19.0401032826697,4.96039660937093,18.156422037306,2.36479289593401,24.9999999999999,1287.50635663392,-0,0,0,165.344262082236,0,0
6.14,100,58.4030299680041,19.1393321016596,4.96250152566892,18.2036821370555,2.36088419727481,24.9999999999999,1288.59566729553,-0,0,0,166.128697584143,0,0
6.16,100,58.5217088318419,19.238603988275,4.96470312203644,18.2508442193164,2.35499769960337,24.9999999999999,1299.13997879115,-0,0,0,166.912887127999,0,0
6.18,100,58.640049097154,19.33792086086,4.96699985978628,18.2978691245001,2.34717319992937,24.9999999999999,1315.6740871583,-0,0,0,167.697814455455,0,0
6.2,100,58.7580517299842,19.437284606218,4.96939012403551,18.3447184982632,2.3374514174834,24.9999999999999,1316.82404329255,-0,0,0,168.483878177919,0,0
6.22,100,58.8757176936199,19.536697078117,4.97187222663853,18.391354809455,2.32587394402273,25,1317.65012165372,-0,0,0,169.269433429203,0,0
6.24,100,58.9930479486002,19.6361600958544,4.97444440912749,18.437741367072,2.31248319426168,25,1330.06015587377,-0,0,0,170.054455680481,0,0
6.26,100,59.1100434527239,19.735675442879,4.97710484565768,18.4838423362225,2.2973223564658,25,1332.28659878401,-0,0,0,170.840311638347,0,0
6.28,100,59.2267051610568,19.8352448654741,4.97985164595523,18.5296227531057,2.28043534324851,25,1341.19950053151,-0,0,0,171.625634017629,0,0
6.3,100,59.3430340259401,19.9348700714973,4.98268285826481,18.575048539008,2.26186674260746,25,1354.90331236611,-0,0,0,172.412035078932,0,0
6.32,100,59.4590309969978,20.0345527291812,4.98559647229477,18.6200865133237,2.2416617692376,25,1361.46828155542,-0,0,0,173.199494450178,0,0
6.34,100,59.5746970211447,20.1342944659914,4.98859042215744,18.6647044056048,2.21986621615677,25,1364.12851269333,-0,0,0,173.986764772185,0,0
6.36,100,59.6900330425938,20.2340968675445,4.99166258930224,18.708870866646,2.19652640667877,25,1378.03799352028,-0,0,0,174.773278879215,0,0
6.38,100,59.8050400028642,20.3339614765836,4.99481080543928,18.7525554786141,2.17168914676804,25,1379.25532376362,-0,0,0,175.562032112447,0,0
6.4,100,59.9197188407891,20.4338897920131,4.99803285545119,18.7957287642275,2.14540167780922,25,1386.91706818006,-0,0,0,176.349649986721,0,0
6.42,100,60.0340704925227,20.5338832679908,5.00132648029111,18.8383621949966,2.11771162982381,25,1398.86113153733,-0,0,0,177.137819187397,0,0
6.44,100,60.1480958915486,20.6339433130783,5.00468937986458,18.8804281985319,2.08866697516527,25,1403.64313898273,-0,0,0,177.926074299878,0,0
6.46,100,60.261795968687,20.7340712894488,5.00811921589319,18.9219001649325,2.05831598272309,25,1417.55859337847,-0,0,0,178.714805633479,0,0
6.48,100,60.3751716521024,20.8342685121518,5.01161361475816,18.9627524522629,2.02670717266521,25,1423.24574373498,-0,0,0,179.504529659161,0,0
6.5,100,60.4882238673113,20.9345362484344,5.01517017032165,19.0029603911308,1.99388927174733,25,1423.6950639537,-0,0,0,180.295113195069,0,0
6.52,100,60.6009535371894,21.0348757171193,5.01878644672392,19.0425002883772,1.95991116921668,25,1432.25922423014,-0,0,0,181.084038167677,0,0
6.54,100,60.7133615819797,21.1352880880378,5.02245998115451,19.0813494298897,1.92482187333685,25,1444.73996089418,-0,0,0,181.874093979463,0,0
6.56,100,60.8254489192994,21.2357744815183,5.02618828659557,19.1194860825541,1.88867046855925,25,1454.31323523335,-0,0,0,182.66487104957,0,0
6.58,100,60.9372164641479,21.3363359679295,5.02996885453553,19.1568894953552,1.85150607336588,25,1459.21163475571,-0,0,0,183.455813631933,0,0
6.6,100,61.0486651289138,21.4369735672772,5.03379915765144,19.1935398996418,1.81337779880702,25,1471.89026076233,-0,0,0,184.246760718715,0,0
6.62,100,61.1597958233829,21.537688248855,5.03767665245828,19.2294185085688,1.7743347077565,25,1473.22337664511,-0,0,0,185.038247538967,0,0
6.64,100,61.270609454745,21.6384809309468,5.04159878192364,19.2645075157333,1.73442577490625,25,1489.63157756378,-0,0,0,185.82952952007,0,0
6.66,100,61.3811069276019,21.7393524805817,5.04556297804623,19.2987900930163,1.69369984752084,25,1490.46057996129,-0,0,0,186.621791272203,0,0
6.68,100,61.4912891439743,21.8403037133408,5.04956666439666,19.332250387649,1.65220560697158,25,1497.30190039187,-0,0,0,187.41405507614,0,0
6.7,100,61.6011570033096,21.9413353932127,5.05360725861916,19.3648735185162,1.60999153106907,25,1501.82194668918,-0,0,0,188.205453041319,0,0
6.72,100,61.7107114024888,22.0424482325005,5.0576821748927,19.3966455717157,1.56710585721174,25,1512.27234989155,-0,0,0,188.996427457821,0,0
6.74,100,61.8199532358342,22.1436428917762,5.06178882635037,19.4275535953882,1.52359654636723,25,1517.58850158958,-0,0,0,189.788464551744,0,0
6.76,100,61.9288833951164,22.2449199798841,5.06592462745555,19.4575855938356,1.47951124790233,25,1533.25520833123,-0,0,0,190.579489082291,0,0
6.78,100,62.0375027695618,22.3462800539903,5.07008699633381,19.4867305209447,1.43489726527619,25,1538.94164902947,-0,0,0,191.372377372203,0,0
6.8,100,62.1458122458599,22.4477236196792,5.07427335705933,19.5149782729329,1.38980152261072,25,1545.18440778623,-0,0,0,192.165142426723,0,0
6.82,100,62.2538127081702,22.5492511310949,5.07848114189476,19.5423196804348,1.34427053215086,25,1551.73247649961,-0,0,0,192.958391408178,0,0
6.84,100,62.3615050381297,22.6508629911269,5.08270779348338,19.5687464999468,1.29835036262673,25,1560.66634899375,-0,0,0,193.751475674746,0,0
6.86,100,62.4688901148601,22.7525595516395,5.08695076699274,19.5942514046478,1.25208660852845,25,1569.45922457237,-0,0,0,194.544797305675,0,0
6.88,100,62.5759688149748,22.8543411137427,5.09120753220876,19.6188279746152,1.20552436030363,25,1574.0653251023,-0,0,0,195.338236151341,0,0
6.9,100,62.6827420125863,22.9562079281057,5.0954755755794,19.6424706864532,1.15870817548662,25,1578.92284645614,-0,0,0,196.131526386182,0,0
6.92,100,62.7892105793131,23.05816019531,5.09975240220714,19.6651749023544,1.11168205076746,25,1593.37410318404,-0,0,0,196.923731473556,0,0
6.94,100,62.8953753842871,23.1601980662417,5.10403553778951,19.6869368586108,1.06448939500782,25,1602.38903859722,-0,0,0,197.718328162277,0,0
6.96,100,63.0012372941601,23.2623216425228,5.10832253050692,19.7077536535958,1.01717300321013,25,1606.66246526163,-0,0,0,198.512215874736,0,0
6.98,100,63.1067971731117,23.3645309769789,5.11261095285721,19.7276232352345,0.969775031445211,25,1612.63071392776,-0,0,0,199.306011955351,0,0
7,100,63.2120558828558,23.4668260741436,5.11689840343627,19.7465443879822,0.92233697274296,25,1613.67198508669,-0,0,0,200.099816763205,0,0
7.02,100,63.3170142826476,23.5692068907981,5.12118250866426,19.764516719331,0.874899633949537,25,1628.40542970405,-0,0,0,200.892219342235,0,0
7.04,100,63.4216732292912,23.6716733365438,5.12546092445692,19.7815406458623,0.82750311355387,25,1630.63008142422,-0,0,0,201.685553602529,0,0
7.06,100,63.5260335771457,23.7742252744092,5.12973133784145,19.7976173788663,0.780186780485272,25,1643.22267910985,-0,0,0,202.478985167172,0,0
7.08,100,63.630096178133,23.8768625214875,5.13399146851682,19.8127489095468,0.732989253883184,25,1658.44154023251,-0,0,0,203.273362904395,0,0
7.1,100,63.7338618817443,23.979584849605,5.13823907035792,19.8269379938311,0.685948383839246,25,1659.76881372682,-0,0,0,204.068547347182,0,0
7.12,100,63.8373315350471,24.0823919860194,5.1424719328635,19.8401881368047,0.639101233111044,25,1658.7080116639,-0,0,0,204.862215240029,0,0
7.14,100,63.9405059826922,24.1852836141464,5.14668788254751,19.8525035767899,0.592484059806101,25,1674.22491250394,-0,0,0,205.655425406399,0,0
7.16,100,64.0433860669206,24.2882593743132,5.1508847842738,19.8638892690876,0.5461323010339,25,1684.90425214711,-0,0,0,206.448487685801,0,0
7.18,100,64.1459726275702,24.3913188645386,5.15506054253402,19.8743508694018,0.500080557522954,25,1690.38345415875,-0,0,0,207.242147363625,0,0
7.2,100,64.2482665020831,24.4944616413374,5.15921310266863,19.8838947169662,0.454362579199164,25,1700.03853456929,-0,0,0,208.035421178343,0,0
7.22,100,64.3502685255117,24.5976872205498,5.16334045203101,19.8925278173924,0.409011251721007,25,1708.9284202088,-0,0,0,208.829132430053,0,0
7.24,100,64.4519795305262,24.7009950781924,5.16744062109476,19.9002578252569,0.364058583966336,25,1719.34199265454,-0,0,0,209.623527517238,0,0
7.26,100,64.5534003474211,24.8043846513311,5.17151168450412,19.9070930264492,0.319535696464891,25,1721.08670643554,-0,0,0,210.418324149632,0,0
7.28,100,64.654531804122,24.9078553389749,5.17555176206785,19.9130423202964,0.275472810769938,25,1726.80368486289,-0,0,0,211.212104909581,0,0
7.3,100,64.7553747261923,25.0114065029884,5.17955901969645,19.9181152014852,0.231899239761755,25,1742.42932848778,-0,0,0,212.006058971066,0,0
7.32,100,64.8559299368403,25.1150374690228,5.18353167028327,19.9223217417996,0.188843378875061,25,1746.7245024154,-0,0,0,212.800559443761,0,0
7.34,100,64.9561982569251,25.218747527464,5.18746797452942,19.9256725716913,0.146332698241832,25,1749.41707549744,-0,0,0,213.595521285126,0,0
7.36,100,65.0561805049645,25.3225359343964,5.19136624171304,19.9281788617031,0.104393735740338,25,1761.84039386266,-0,0,0,214.388717875567,0,0
7.38,100,65.1558774971404,25.4264019125817,5.19522483040312,19.9298523037617,0.0630520909406303,25,1763.98461124608,-0,0,0,215.183036321407,0,0
7.4,100,65.2552900473065,25.5303446524514,5.19904214911828,19.9307050923581,0.022332419936143,25,1779.55828773498,-0,0,0,215.976680232934,0,0
7.42,100,65.3544189669943,25.6343633131121,5.202816656931,19.9307499056341,-0.0177415689495161,25,1782.06181295413,-0,0,0,216.770765692979,0,0
7.44,100,65.45326506542,25.738457023362,5.20654686401758,19.9299998863909,-0.0571471185920218,25,1796.13372579402,-0,0,0,217.563614727851,0,0
7.46,100,65.5518291494912,25.8426248827177,5.21023133215455,19.9284686230381,-0.0958624256440164,25,1790.9764050674,-0,0,0,218.357661826051,0,0
7.48,100,65.6501120238131,25.9468659624516,5.21386867516183,19.9261701304991,-0.133866642273503,25,1813.3469096228,-0,0,0,219.150283530177,0,0
7.5,100,65.7481144906954,26.0511793066358,5.21745755929341,19.9231188310908,-0.171139877075909,25,1816.29076323538,-0,0,0,219.94412598256,0,0
7.52,100,65.8458373501589,26.1555639331949,5.22099670357595,19.919329535392,-0.20766319517326,25,1828.39462226603,-0,0,0,220.736911151515,0,0
7.54,100,65.9432813999418,26.2600188349642,5.22448488009606,19.9148174231195,-0.243418617514335,25,1831.02364894273,-0,0,0,221.530676915729,0,0
7.56,100,66.0404474355061,26.3645429807533,5.22792091423697,19.9095980240242,-0.278389119390114,25,1843.07498848235,-0,0,0,222.323528166116,0,0
7.58,100,66.1373362500446,26.4691353164139,5.23130368486501,19.9036871988259,-0.312558628179238,25,1854.59080180611,-0,0,0,223.116410277948,0,0
7.6,100,66.2339486344868,26.5737947659112,5.23463212446701,19.8971011202008,-0.345912020338583,25,1856.35286167709,-0,0,0,223.909834964094,0,0
7.62,100,66.3302853775059,26.6785202323972,5.23790521923902,19.8898562538353,-0.378435117654429,25,1861.67687324447,-0,0,0,224.702329185511,0,0
7.64,100,66.4263472655248,26.783310599285,5.24112200912736,19.8819693395639,-0.410114682770046,25,1868.01079885086,-0,0,0,225.493726842829,0,0
7.66,100,66.5221350827227,26.8881647313245,5.24428158782269,19.8734573726019,-0.44093841400586,25,1880.99547746597,-0,0,0,226.284575987321,0,0
7.68,100,66.6176496110414,26.993081475676,5.24738310270792,19.8643375848901,-0.470894939488669,25,1891.16193709767,-0,0,0,227.076936138457,0,0
7.7,100,66.712891630192,27.0980596629841,5.25042575476091,19.8546274265625,-0.499973810606683,25,1890.32314746889,-0,0,0,227.868311041764,0,0
7.72,100,66.8078619176609,27.2030981084475,5.25340879841278,19.8443445475521,-0.528165494807405,25,1900.82170796982,-0,0,0,228.658700524004,0,0
7.74,100,66.9025612487162,27.3081956128864,5.25633154136262,19.8335067793474,-0.55546136775568,25,1903.84745373064,-0,0,0,229.449435361439,0,0
7.76,100,66.9969903964142,27.4133509638062,5.25919334434976,19.8221321169114,-0.58185370486941,25,1916.2598129626,-0,0,0,230.239294577419,0,0
7.78,100,67.0911501316057,27.5185629364549,5.26199362088429,19.8102387007764,-0.607335672250716,25,1930.54658102032,-0,0,0,231.029703294704,0,0
7.8,100,67.185041222942,27.623830294876,5.26473183693696,19.7978447993254,-0.631901317030471,25,1927.05501529478,-0,0,0,231.820464505783,0,0
7.82,100,67.2786644368816,27.7291517929541,5.2674075105893,19.7849687912737,-0.655545557144351,25,1946.93671682509,-0,0,0,232.609522863318,0,0
7.84,100,67.372020537696,27.8345261754536,5.27002021164513,19.771629148359,-0.678264170558688,25,1948.80673861348,-0,0,0,233.399668473698,0,0
7.86,100,67.4651102874766,27.9399521790483,5.27256956120418,19.757844418253,-0.700053783964563,25,1955.12433964019,-0,0,0,234.18922128561,0,0
7.88,100,67.55793444614,28.0454285333432,5.2750552311992,19.7436332077047,-0.72091186095871,25,1966.01166584299,-0,0,0,234.978489816646,0,0
7.9,100,67.6504937714351,28.1509539618864,5.27747694389725,19.7290141659241,-0.740836689729896,25,1971.1862433536,-0,0,0,235.768050271111,0,0
7.92,100,67.7427890189487,28.2565271831701,5.27983447136647,19.7140059682177,-0.75982737026955,25,1977.24182111905,-0,0,0,236.557035982935,0,0
7.94,100,67.8348209421119,28.3621469116211,5.28212763490919,19.6986272998844,-0.777883801125473,25,1982.26496834115,-0,0,0,237.345001022316,0,0
7.96,100,67.9265902922062,28.4678118585797,5.2843563044626,19.6828968403799,-0.795006665717533,25,1992.46862381146,-0,0,0,238.132815177227,0,0
7.98,100,68.0180978183696,28.5735207332661,5.28652039796798,19.6668332477604,-0.811197418234279,25,2008.76675695535,-0,0,0,238.920638100762,0,0
8,100,68.1093442676029,28.6792722437339,5.28861988070953,19.6504551434107,-0.82645826912944,25,2009.70869311179,-0,0,0,239.709365283778,0,0
8.02,100,68.2003303847757,28.7850650978099,5.29065476462398,19.6337810970681,-0.840792170237274,25,2017.60954317394,-0,0,0,240.496379233387,0,0
8.04,100,68.2910569126321,28.8908980040205,5.292625107582,19.6168296121458,-0.854202799525731,25,2023.49973641655,-0,0,0,241.283373235156,0,0
8.06,100,68.3815245917974,28.9967696725023,5.29453101264254,19.5996191113661,-0.866694545506372,25,2034.88069902257,-0,0,0,242.070108057389,0,0
8.08,100,68.4717341607838,29.1026788158989,5.29637262728121,19.5821679227081,-0.878272491319941,25,2041.05139880504,-0,0,0,242.857018174911,0,0
8.1,100,68.5616863559965,29.2086241502407,5.29815014259376,19.5644942656764,-0.888942398516432,25,2045.46184238745,-0,0,0,243.643561626919,0,0
8.12,100,68.6513819117395,29.3146043958096,5.29986379247578,19.5466162378982,-0.898710690548436,25,2051.77748593599,-0,0,0,244.429207122939,0,0
8.14,100,68.740821560222,29.4206182779862,5.30151385277979,19.5285518020521,-0.907584435996447,25,2066.22678356535,-0,0,0,245.21530431403,0,0
8.16,100,68.830006031564,29.5266645280806,5.30310064045073,19.5103187731352,-0.91557133154474,25,2072.76227217429,-0,0,0,246.001619257556,0,0
8.18,100,68.9189360538026,29.6327418841456,5.30462451264099,19.4919348060739,-0.922679684726294,25,2079.34840997079,-0,0,0,246.786952301361,0,0
8.2,100,69.0076123528976,29.7388490917712,5.30608586580613,19.4734173836806,-0.928918396455115,25,2084.11199739906,-0,0,0,247.571446359245,0,0
8.22,100,69.0960356527376,29.8449849048622,5.30748513478228,19.4547838049627,-0.934296943364189,25,2098.85465611195,-0,0,0,248.354897083071,0,0
8.24,100,69.1842066751461,29.9511480863959,5.30882279184647,19.4360511737864,-0.938825359967139,25,2101.90811888491,-0,0,0,249.138941388034,0,0
8.26,100,69.2721261398869,30.0573374091617,5.3100993457608,19.4172363878983,-0.942514220661475,25,2108.7381046732,-0,0,0,249.922274685392,0,0
8.28,100,69.3597947646704,30.163551656481,5.31131534080173,19.3983561283098,-0.945374621591182,25,2123.99455222364,-0,0,0,250.704929513808,0,0
8.3,100,69.4472132651595,30.2697896229077,5.31247135577534,19.3794268490435,-0.947418162386193,25,2123.08601829954,-0,0,0,251.488678918512,0,0
8.32,100,69.5343823549749,30.3760501149088,5.31356800301989,19.360464767248,-0.94865692779607,25,2135.70895217426,-0,0,0,252.270411851033,0,0
8.34,100,69.6213027457015,30.482331951525,5.31460592739652,19.341485853679,-0.949103469235065,25,2141.69028520785,-0,0,0,253.052444280317,0,0
8.36,100,69.7079751468941,30.5886339650108,5.31558580526928,19.3225058235518,-0.948770786255431,25,2148.37985692151,-0,0,0,253.834951885329,0,0
8.38,100,69.794400266083,30.6949550014546,5.3165083434755,19.3035401277643,-0.947672307965708,25,2156.13847550446,-0,0,0,254.616667827689,0,0
8.4,100,69.8805788087798,30.8012939213778,5.31737427828747,19.2846039444914,-0.945821874410403,25,2166.35823975255,-0,0,0,255.39662886797,0,0
8.42,100,69.9665114784833,30.9076496003124,5.3181843743666,19.2657121711535,-0.943233717927257,25,2173.12877862138,-0,0,0,256.177960930024,0,0
8.44,100,70.0521989766851,31.0140209293593,5.31893942371097,19.2468794167564,-0.939922444498054,25,2185.80144245072,-0,0,0,256.957628487518,0,0
8.46,100,70.1376420028755,31.1204068157235,5.31964024459719,19.2281199946053,-0.935903015108601,25,2188.18908873946,-0,0,0,257.73857552752,0,0
8.48,100,70.2228412545491,31.2268061832297,5.32028768051783,19.209447915391,-0.931190727133306,25,2200.18596526362,-0,0,0,258.517983144718,0,0
8.5,100,70.3077974272104,31.3332179728156,5.32088259911507,19.1908768806474,-0.925801195759429,25,2195.73593382219,-0,0,0,259.296885070739,0,0
8.52,100,70.3925112143797,31.4396411430045,5.3214258911118,19.1724202765812,-0.919750335465826,25,2209.38098886378,-0,0,0,260.074519133916,0,0
8.54,100,70.4769833075986,31.5460746703557,5.32191846924093,19.1540911682704,-0.913054341570699,25,2220.88256008578,-0,0,0,260.852361229377,0,0
8.56,100,70.5612143964356,31.6525175498948,5.32236126717396,19.1359022942312,-0.905729671862557,25,2224.72897976425,-0,0,0,261.630308264343,0,0
8.58,100,70.645205168492,31.7589687955209,5.32275523844967,19.117866061352,-0.897793028328264,25,2231.43564241459,-0,0,0,262.407932566856,0,0
8.6,100,70.7289563094072,31.8654274403938,5.32310135540385,19.0999945401907,-0.889261338991768,25,2241.95537062643,-0,0,0,263.184676811701,0,0
8.62,100,70.8124685028643,31.9718925372991,5.32340060810096,19.0822994606348,-0.880151739876734,25,2247.89966206085,-0,0,0,263.961087708289,0,0
8.64,100,70.8957424305962,32.078363158992,5.32365400326855,19.0647922079206,-0.870481557106009,25,2259.39897059261,-0,0,0,264.736853250248,0,0
8.66,100,70.9787787723903,32.1848383985201,5.32386256323532,19.0474838190093,-0.860268289150487,25,2264.62667790714,-0,0,0,265.512572335624,0,0
8.68,100,71.0615782060949,32.2913173695248,5.32402732487373,19.0303849793154,-0.849529589239626,25,2269.77553685477,-0,0,0,266.288245371375,0,0
8.7,100,71.1441414076242,32.3977992065214,5.32414933854777,19.0135060197871,-0.838283247945491,25,2276.07339010345,-0,0,0,267.063224971588,0,0
8.72,100,71.2264690509639,32.504283065159,5.32422966706689,18.9968569143309,-0.826547175951879,25,2282.00400861692,-0,0,0,267.837067404065,0,0
8.74,100,71.3085618081768,32.6107681224585,5.32426938464681,18.9804472775812,-0.814339387019707,25,2292.75306075782,-0,0,0,268.610322481382,0,0
8.76,100,71.3904203494085,32.7172535770304,5.32426957587786,18.9642863630063,-0.801677981159513,25,2294.41903862737,-0,0,0,269.382928681305,0,0
8.78,100,71.4720453428923,32.8237386492726,5.32423133470175,18.9483830613508,-0.788581128021525,25,2303.52620478177,-0,0,0,270.153938399245,0,0
8.8,100,71.5534374549552,32.9302225815466,5.32415576339739,18.9327458994063,-0.775067050513424,25,2312.4736915651,-0,0,0,270.924903402166,0,0
8.82,100,71.634597350023,33.0367046383346,5.32404397157647,18.9173830391088,-0.761154008655547,25,2322.95574769455,-0,0,0,271.696211596498,0,0
8.84,100,71.7155256906259,33.143184106376,5.3238970751895,18.902302276955,-0.746860283682928,25,2329.04129274929,-0,0,0,272.467340254213,0,0
8.86,100,71.7962231374039,33.2496602947844,5.32371619554298,18.8875110437356,-0.732204162403161,25,2340.05994404695,-0,0,0,273.237296786115,0,0
8.88,100,71.8766903491122,33.3561325351451,5.32350245832827,18.8730164045779,-0.717203921818779,25,2343.08258476787,-0,0,0,274.007364253967,0,0
8.9,100,71.9569279826263,33.4626001815929,5.32325699266286,18.858825059293,-0.701877814022385,25,2352.43423424878,-0,0,0,274.776658012626,0,0
8.92,100,72.0369366929477,33.5690626108715,5.32298093014456,18.8449433430232,-0.686244051372479,25,2358.55482344644,-0,0,0,275.545020338205,0,0
8.94,100,72.1167171332094,33.6755192223734,5.32267540391929,18.8313772271824,-0.670320791957503,25,2368.58920483045,-0,0,0,276.313175344145,0,0
8.96,100,72.1962699546806,33.781969438162,5.32234154776287,18.8181323206842,-0.654126125355273,25,2369.93755648166,-0,0,0,277.081481996712,0,0
8.98,100,72.2755958067725,33.8884127029748,5.32198049517749,18.8052138714523,-0.637678058694609,25,2387.32075090147,-0,0,0,277.848036595149,0,0
9,100,72.3546953370436,33.9948484842093,5.32159337850325,18.7926267682061,-0.620994503025589,25,2387.42508718214,-0,0,0,278.615648566583,0,0
9.02,100,72.4335691912047,34.1012762718911,5.32118132804538,18.7803755425159,-0.604093260004482,25,2395.91399381937,-0,0,0,279.382046035463,0,0
9.04,100,72.5122180131245,34.2076955786239,5.3207454712175,18.7684643711216,-0.586992008899071,25,2399.78273116577,-0,0,0,280.147417622979,0,0
9.06,100,72.5906424448346,34.3141059395241,5.32028693170139,18.7568970785073,-0.569708293919692,25,2408.31748170807,-0,0,0,280.911835429341,0,0
9.08,100,72.6688431265349,34.4205069121376,5.31980682862379,18.7456771397266,-0.552259511880947,25,2425.84077817206,-0,0,0,281.675726981758,0,0
9.1,100,72.7468206965987,34.5268980763403,5.31930627575045,18.7348076834712,-0.534662900198718,25,2426.51174149905,-0,0,0,282.440890921717,0,0
9.12,100,72.8245757915782,34.6332790342234,5.31878638069799,18.7242914953758,-0.516935525226708,25,2436.30917762255,-0,0,0,283.20447065202,0,0
9.14,100,72.902109046209,34.7396494099624,5.31824824416384,18.7141310215532,-0.499094270936422,25,2442.19838285772,-0,0,0,283.967753816046,0,0
9.16,100,72.9794210934163,34.8460088496714,5.31769295917459,18.7043283723526,-0.481155827944109,25,2447.5524022913,-0,0,0,284.730901984394,0,0
9.18,100,73.0565125643193,34.952357021242,5.31712161035315,18.694885326333,-0.463136682887859,25,2454.89030761338,-0,0,0,285.491966962843,0,0
9.2,100,73.1333840882364,35.0586936141686,5.31653527320484,18.6858033344464,-0.445053108157709,25,2457.54519894384,-0,0,0,286.252488383553,0,0
9.22,100,73.2100362926907,35.1650183393583,5.31593501342295,18.6770835244225,-0.426921151981229,25,2463.63914023281,-0,0,0,287.012523787019,0,0
9.24,100,73.286469803415,35.2713309289287,5.31532188621376,18.6687267053477,-0.408756628866773,25,2474.28442849103,-0,0,0,287.77161433342,0,0
9.26,100,73.3626852443566,35.3776311359908,5.31469693564141,18.6607333724327,-0.390575110406206,25,2482.7538805606,-0,0,0,288.530825328557,0,0
9.28,100,73.438683237683,35.4839187344205,5.31406119399281,18.6531037119593,-0.372391916438599,25,2494.78260144138,-0,0,0,289.289709646673,0,0
9.3,100,73.5144644037862,35.5901935186164,5.31341568116274,18.6458376064009,-0.354222106576054,25,2493.93355415667,-0,0,0,290.048712003721,0,0
9.32,100,73.5900293612885,35.6964553032459,5.31276140405934,18.6389346397091,-0.336080472092517,25,2505.21343108006,-0,0,0,290.805881114753,0,0
9.34,100,73.6653787270471,35.8027039229803,5.31209935603009,18.632394102758,-0.317981528176087,25,2507.0264381241,-0,0,0,291.562252856316,0,0
9.36,100,73.7405131161593,35.9089392322172,5.31143051630859,18.6262149989407,-0.299939506545039,25,2523.96821996464,-0,0,0,292.317449146452,0,0
9.38,100,73.8154331419674,36.0151611047935,5.31075584948198,18.6203960499095,-0.281968348427483,25,2528.15733683002,-0,0,0,293.072885524821,0,0
9.4,100,73.8901394160639,36.1213694336872,5.31007630497927,18.6149357014528,-0.264081697904235,25,2533.67689947149,-0,0,0,293.827548824131,0,0
9.42,100,73.9646325482964,36.2275641307089,5.30939281658071,18.6098321295016,-0.246292895614241,25,2537.36356429235,-0,0,0,294.582121210331,0,0
9.44,100,74.0389131467724,36.3337451261846,5.30870630194801,18.6050832462582,-0.228614972821539,25,2547.34978275006,-0,0,0,295.335407534329,0,0
9.46,100,74.1129818178647,36.4399123686285,5.30801766217577,18.6006867064402,-0.211060645842526,25,2553.2934174659,-0,0,0,296.088359427915,0,0
9.48,100,74.1868391662157,36.5460658244076,5.30732778136379,18.5966399136321,-0.193642310831953,25,2556.94931120578,-0,0,0,296.840788978947,0,0
9.5,100,74.2604857947432,36.6522054773972,5.3066375262106,18.5929400267377,-0.176372038925854,25,2561.0105992152,-0,0,0,297.591974379079,0,0
9.52,100,74.3339223046444,36.7583313286298,5.30594774562793,18.589583966526,-0.159261571739309,25,2572.21375516833,-0,0,0,298.342168782165,0,0
9.54,100,74.4071492954015,36.8644433959347,5.3052592703762,18.5865684222639,-0.142322317216704,25,2582.36044564625,-0,0,0,299.09171003731,0,0
9.56,100,74.4801673647862,36.9705417135725,5.30457291272106,18.583889858428,-0.125565345831892,25,2588.27463279364,-0,0,0,299.841581088266,0,0
9.58,100,74.5529771088649,37.0766263318611,5.30388946611063,18.5815445214891,-0.109001387135389,25,2596.02734387832,-0,0,0,300.590518905101,0,0
9.6,100,74.6255791220031,37.1826973167968,5.30320970487376,18.5795284467626,-0.0926408266455548,25,2600.98484337695,-0,0,0,301.338576052657,0,0
9.62,100,74.6979739968708,37.2887547496689,5.30253438393883,18.5778374653171,-0.0764937030804015,25,2616.17567984253,-0,0,0,302.086324884403,0,0
9.64,100,74.7701623244469,37.3947987266691,5.30186423857319,18.5764672109354,-0.0605697059265044,25,2621.91123143077,-0,0,0,302.834912118974,0,0
9.66,100,74.8421446940243,37.5008293584958,5.3011999841431,18.5754131271206,-0.0448781733412418,25,2628.3908422713,-0,0,0,303.582564049328,0,0
9.68,100,74.9139216932147,37.6068467699539,5.30054231589389,18.5746704741409,-0.0294280903843804,25,2631.45366048348,-0,0,0,304.329160956447,0,0
9.7,100,74.985493907953,37.7128510995503,5.29989190875037,18.5742343361069,-0.0142280875748229,25,2632.12561622342,-0,0,0,305.074834237018,0,0
9.72,100,75.0568619225027,37.8188424990856,5.2992494171371,18.5740996280734,0.000713560231871766,25,2639.56125244029,-0,0,0,305.81844660604,0,0
9.74,100,75.1280263194602,37.9248211332426,5.29861547481855,18.5742611031621,0.0153889346497717,25,2647.82414921469,-0,0,0,306.560808864912,0,0
9.76,100,75.1989876797597,38.0307871791717,5.29799069475879,18.5747133596956,0.0297904742574256,25,2663.08333591168,-0,0,0,307.30363834164,0,0
9.78,100,75.2697465826781,38.1367408260733,5.29737566900053,18.5754508483401,0.0439109747862255,25,2664.36629202518,-0,0,0,308.047003070781,0,0
9.8,100,75.3403036058394,38.2426822747789,5.29677096856336,18.5764678792468,0.0577435890073924,25,2664.88309131864,-0,0,0,308.789133845821,0,0
9.82,100,75.4106593252197,38.3486117373291,5.29617714336084,18.5777586291897,0.0712818263228614,25,2679.39567383619,-0,0,0,309.529161126052,0,0
9.84,100,75.4808143151518,38.4545294365516,5.29559472213626,18.5793171486917,0.0845195520654975,25,2678.4266163639,-0,0,0,310.269616141506,0,0
9.86,100,75.5507691483299,38.5604356056364,5.29502421241682,18.5811373691335,0.097450986514224,25,2692.21983534183,-0,0,0,311.008996072468,0,0
9.88,100,75.6205243958143,38.666330487712,5.29446610048582,18.5832131098407,0.110070703629787,25,2698.11522312359,-0,0,0,311.748400460718,0,0
9.9,100,75.690080627036,38.7722143354198,5.29392085137285,18.5855380851421,0.122373629517012,25,2703.55919506315,-0,0,0,312.486979480785,0,0
9.92,100,75.7594384098012,38.8780874104894,5.29338890886133,18.5881059113954,0.134355040619546,25,2714.24061512908,-0,0,0,313.223596334126,0,0
9.94,100,75.8285983102964,38.9839499833137,5.29287069551344,18.5909101139735,0.146010561653174,25,2716.21667357353,-0,0,0,313.961141615239,0,0
9.96,100,75.8975608930925,39.0898023325253,5.29236661271187,18.5939441342073,0.157336163283953,25,2720.40340715089,-0,0,0,314.697666767715,0,0
9.98,100,75.9663267211498,39.1956447445727,5.29187704071823,18.5972013362792,0.168328159557459,25,2727.61944097698,-0,0,0,315.432673383123,0,0
10,100,76.0348963558224,39.3014775132992,5.2914023387477,18.600675014063,0.178983205085606,25,2738.44404719563,-0,0,0,316.167045778961,0,0
10.02,100,76.1032703568628,39.4073009395227,5.29094284505958,18.6043583979052,0.189298291997514,25,2740.86513751244,-0,0,0,316.900478344366,0,0
10.04,100,76.1714492824265,39.5131153306177,5.29049887706354,18.6082446613432,0.199270746661058,25,2749.373975934,-0,0,0,317.633251803123,0,0
10.06,100,76.2394336890764,39.6189210000992,5.29007073144095,18.6123269277547,0.208898226181763,25,2756.73436041163,-0,0,0,318.364949413643,0,0
10.08,100,76.3072241317878,39.7247182672098,5.28965868428124,18.6165982769364,0.218178714685791,25,2759.26077634227,-0,0,0,319.096356370811,0,0
10.1,100,76.3748211639524,39.8305074565092,5.28926299123263,18.6210517516051,0.227110519393838,25,2768.02321273254,-0,0,0,319.826637863931,0,0
10.12,100,76.442225337383,39.9362888974669,5.2888838876671,18.6256803638187,0.235692266492821,25,2778.06652147146,-0,0,0,320.55630637182,0,0
10.14,100,76.5094372023183,40.0420629240587,5.28852158885908,18.6304771013127,0.243922896812252,25,2783.42230843268,-0,0,0,321.285838566647,0,0
10.16,100,76.5764573074267,40.1478298743665,5.2881762901775,18.6354349337481,0.251801661312289,25,2787.86506759829,-0,0,0,322.015073862471,0,0
10.18,100,76.6432861998117,40.253590090182,5.28784816729091,18.6405468188674,0.259328116390458,25,2796.00331278394,-0,0,0,322.742179934054,0,0
10.2,100,76.7099244250155,40.3593439166154,5.28753737638508,18.6458057085551,0.266502119014069,25,2809.64244446388,-0,0,0,323.469019728146,0,0
10.22,100,76.7763725270241,40.4650917017075,5.28724405439297,18.6512045547989,0.273323821685404,25,2805.12730038704,-0,0,0,324.196408337405,0,0
10.24,100,76.8426310482713,40.5708337960472,5.28696831923632,18.6567363155486,0.279793667246735,25,2814.83032689574,-0,0,0,324.920534402418,0,0
10.26,100,76.9087005296434,40.6765705523939,5.28671027007885,18.6623939604701,0.285912383532272,25,2816.00405398488,-0,0,0,325.645086707458,0,0
10.28,100,76.9745815104833,40.782302325305,5.28646998759026,18.6681704765899,0.29168097787413,25,2820.68490056191,-0,0,0,326.367415603397,0,0
10.3,100,77.0402745285955,40.8880294707684,5.28624753422103,18.6740588738295,0.297100731469409,25,2836.48286097449,-0,0,0,327.089936943036,0,0
10.32,100,77.1057801202498,40.9937523458413,5.28604295448726,18.680052190425,0.302173193615477,25,2843.4388236374,-0,0,0,327.812254883,0,0
10.34,100,77.1710988201862,41.0994713082943,5.28585627526537,18.6861434982305,0.306900175820528,25,2847.72323927699,-0,0,0,328.534007805571,0,0
10.36,100,77.2362311616187,41.2051867162618,5.28568750609613,18.6923259079024,0.311283745796487,25,2852.17380002016,-0,0,0,329.25520714828,0,0
10.38,100,77.3011776762405,41.310898927898,5.28553663949771,18.6985925739623,0.315326221341267,25,2854.40171985284,-0,0,0,329.974681819002,0,0
10.4,100,77.3659388942274,41.4166083010401,5.28540365128719,18.7049366997372,0.319030164117425,25,2866.77865872029,-0,0,0,330.69300543708,0,0
10.42,100,77.4305153442429,41.5223151928774,5.28528850091028,18.7113515421731,0.322398373334156,25,2866.79128718481,-0,0,0,331.411699436948,0,0
10.44,100,77.494907553442,41.628019959627,5.28519113177877,18.7178304165225,0.325433879339574,25,2879.70968926092,-0,0,0,332.127956704065,0,0
10.46,100,77.5591160474758,41.733722956217,5.28511147161519,18.7243667009022,0.32813993713017,25,2879.48870057263,-0,0,0,332.844377284233,0,0
10.48,100,77.6231413504954,41.8394245359757,5.28504943280452,18.7309538407208,0.330520019784277,25,2888.17946718004,-0,0,0,333.559495997671,0,0
10.5,100,77.686983985157,41.9451250503291,5.28500491275229,18.7375853529739,0.332577811826341,25,2891.73626521378,-0,0,0,334.273925700547,0,0
10.52,100,77.7506444726252,42.0508248485041,5.28497779424879,18.7442548304064,0.334317202528711,25,2897.16134615276,-0,0,0,334.987996432431,0,0
10.54,100,77.8141233325777,42.1565242772408,5.28496794583901,18.7509559455398,0.335742279157622,25,2903.32569251499,-0,0,0,335.700654049253,0,0
10.56,100,77.8774210832097,42.2622236805104,5.28497522219775,18.7576824545643,0.336857320169957,25,2910.53936973811,-0,0,0,336.412376120395,0,0
10.58,100,77.940538241238,42.3679233992424,5.28499946450978,18.764428201094,0.337666788367326,25,2919.10457865595,-0,0,0,337.122975669179,0,0
10.6,100,78.0034753219049,42.4736237710582,5.28504050085427,18.7711871197853,0.338175324013883,25,2926.54856500548,-0,0,0,337.833434210802,0,0
10.62,100,78.0662328389829,42.5793251300129,5.28509814659348,18.7779532398168,0.338387737924277,25,2930.22437484348,-0,0,0,338.543334994805,0,0
10.64,100,78.1288113047785,42.6850278063449,5.28517220476506,18.7847206882312,0.338309004527993,25,2936.18250700266,-0,0,0,339.252601925376,0,0
10.66,100,78.1912112301369,42.7907321262336,5.28526246647768,18.7914836931381,0.33794425491629,25,2942.41762205689,-0,0,0,339.960117094384,0,0
10.68,100,78.2534331244454,42.8964384115644,5.28536871130954,18.7982365867772,0.337298769877838,25,2948.75592561828,-0,0,0,340.666816792797,0,0
10.7,100,78.3154774956382,43.0021469797025,5.28549070770949,18.8049738084431,0.336377972929045,25,2954.44119128021,-0,0,0,341.373015779956,0,0
10.72,100,78.3773448502004,43.1078581432739,5.28562821340027,18.8116899072699,0.335187423345005,25,2958.7855860957,-0,0,0,342.077917335343,0,0
10.74,100,78.4390356931719,43.2135722099554,5.28578097578352,18.8183795448768,0.333732809196843,25,2967.39467455864,-0,0,0,342.782057913209,0,0
10.76,100,78.5005505281517,43.3192894822719,5.28594873234633,18.8250374978744,0.332019940401184,25,2971.40763886986,-0,0,0,343.485600697344,0,0
10.78,100,78.5618898573022,43.4250102574022,5.28613121106869,18.8316586602322,0.33005474178732,25,2976.06916009065,-0,0,0,344.18866570937,0,0
10.8,100,78.6230541813529,43.5307348269932,5.28632813083181,18.8382380455079,0.32784324618756,25,2988.77377837269,-0,0,0,344.890036269039,0,0
10.82,100,78.6840439996047,43.6364634769817,5.28653920182672,18.8447707889385,0.325391587556138,25,2988.73075758347,-0,0,0,345.591755145763,0,0
10.84,100,78.7448598099341,43.742196487425,5.28676412596288,18.8512521493943,0.322705994121912,25,2988.15489687256,-0,0,0,346.291832701385,0,0
10.86,100,78.8055021087969,43.847934132339,5.2870025972765,18.857677511196,0.319792781580013,25,3004.54413061956,-0,0,0,346.990255134459,0,0
10.88,100,78.8659713912327,43.9536766795451,5.2872543023382,18.8640423857965,0.316658346327425,25,3006.86608006924,-0,0,0,347.688504962722,0,0
10.9,100,78.9262681508687,44.0594243905247,5.28751892065968,18.8703424133276,0.313309158747419,25,3012.24729771723,-0,0,0,348.385687578591,0,0
10.92,100,78.9863928799235,44.1651775202825,5.28779612509912,18.8765733640133,0.30975175654757,25,3019.46600186388,-0,0,0,349.081726151158,0,0
10.94,100,79.0463460692117,44.2709363172169,5.2880855822649,18.8827311394497,0.305992738156028,25,3017.10484403003,-0,0,0,349.777481623647,0,0
10.96,100,79.1061282081474,44.3767010229995,5.28838695291745,18.888811773754,0.302038756180524,25,3031.60814949369,-0,0,0,350.470662826552,0,0
10.98,100,79.1657397847483,44.4824718724618,5.28869989236888,18.8948114345837,0.297896510934514,25,3032.93150431435,-0,0,0,351.164581092284,0,0
11,100,79.2251812856399,44.5882490934907,5.28902405088009,18.9007264240259,0.293572744034689,25,3040.1880223477,-0,0,0,351.856866406779,0,0
11.02,100,79.2844531960593,44.6940329069306,5.28935907405506,18.9065531793603,0.289074232073989,25,3044.78192824464,-0,0,0,352.548639877251,0,0
11.04,100,79.3435559998592,44.7998235264951,5.28970460323206,18.9122882736963,0.284407780374077,25,3054.25076887644,-0,0,0,353.239627004871,0,0
11.06,100,79.4024901795117,44.905621158685,5.29006027587158,18.9179284164854,0.279580216821142,25,3051.60943006673,-0,0,0,353.929576294726,0,0
11.08,100,79.4612562161124,45.0114260027147,5.29042572594053,18.9234704539118,0.274598385788733,25,3066.05780663471,-0,0,0,354.618003841942,0,0
11.1,100,79.5198545893846,45.1172382504461,5.2908005842927,18.9289113691621,0.269469142151202,25,3069.62419948868,-0,0,0,355.305763120383,0,0
11.12,100,79.5782857776826,45.2230580863305,5.29118447904499,18.9342482825761,0.264199345391186,25,3074.00176374794,-0,0,0,355.99351306021,0,0
11.14,100,79.6365502579959,45.3288856873568,5.29157703594931,18.9394784516811,0.258795853804443,25,3084.27009787783,-0,0,0,356.679542868337,0,0
11.16,100,79.6946485059534,45.4347212230088,5.29197787875998,18.9445992711109,0.253265518805197,25,3094.6203395549,-0,0,0,357.364623160885,0,0
11.18,100,79.7525809958267,45.5405648552282,5.29238662959615,18.949608272412,0.247615179335008,25,3088.51691863553,-0,0,0,358.050310583197,0,0
11.2,100,79.8103482005345,45.6464167383858,5.29280290929934,18.9545031237392,0.241851656378072,25,3095.80875742445,-0,0,0,358.733469041927,0,0
11.22,100,79.867950591646,45.7522770192592,5.29322633778563,18.9592816294426,0.235981747585678,25,3106.74179601133,-0,0,0,359.416226444185,0,0
11.24,100,79.9253886393854,45.8581458370182,5.29365653439241,18.9639417295481,0.230012222012453,25,3103.04239545749,-0,0,0,360.098227997643,0,0
11.26,100,79.9826628126348,45.9640233232164,5.2940931182196,18.9684814991335,0.223949814966842,25,3113.10174165674,-0,0,0,360.778260145895,0,0
11.28,100,80.0397735789388,46.0699096017896,5.29453570846487,18.9728991476034,0.217801222978183,25,3113.03515745466,-0,0,0,361.458277366525,0,0
11.3,100,80.0967214045081,46.1758047890616,5.29498392475303,18.9771930178642,0.211573098882544,25,3121.55747087726,-0,0,0,362.135912723667,0,0
11.32,100,80.1535067542233,46.2817089937554,5.29543738745907,18.9813615854019,0.20527204702941,25,3125.99004814799,-0,0,0,362.813085333044,0,0
11.34,100,80.2101300916385,46.3876223170117,5.29589571802505,18.9854034572657,0.198904618611121,25,3131.63045425759,-0,0,0,363.489218291485,0,0
11.36,100,80.2665918789854,46.4935448524134,5.29635853927035,18.9893173709591,0.192477307116863,25,3137.28477636342,-0,0,0,364.164130225702,0,0
11.38,100,80.3228925771768,46.599476686016,5.29682547569537,18.9931021932414,0.185996543912851,25,3139.01494557796,-0,0,0,364.838294923587,0,0
11.4,100,80.3790326458106,46.7054178963844,5.29729615377841,18.996756918842,0.179468693950244,25,3152.72360343129,-0,0,0,365.511218363241,0,0
11.42,100,80.4350125431734,46.8113685546352,5.2977702022657,19.0002806690905,0.172900051602148,25,3152.51833639185,-0,0,0,366.184340220907,0,0
11.44,100,80.4908327262441,46.9173287244849,5.29824725245436,19.0036726904644,0.166296836630999,25,3157.31564477806,-0,0,0,366.855675395691,0,0
11.46,100,80.5464936506982,47.0232984623039,5.29872693846822,19.0069323530579,0.159665190287416,25,3162.39490758499,-0,0,0,367.525883362171,0,0
11.48,100,80.6019957709108,47.1292778171754,5.29920889752649,19.0100591489733,0.153011171541543,25,3167.89046804603,-0,0,0,368.194788059874,0,0
11.5,100,80.6573395399607,47.2352668309605,5.29969277020492,19.0130526906393,0.14634075344774,25,3177.06466465744,-0,0,0,368.862814111672,0,0
11.52,100,80.7125254096342,47.3412655383669,5.3001782006897,19.0159127090571,0.139659819643358,25,3179.41099913661,-0,0,0,369.531032352014,0,0
11.54,100,80.7675538304284,47.4472739670248,5.30066483702375,19.0186390519784,0.132974160982232,25,3177.71734009045,-0,0,0,370.19712491709,0,0
11.56,100,80.8224252515552,47.5532921375655,5.30115233134545,19.0212316820171,0.126289472303366,25,3192.93264417903,-0,0,0,370.86124987595,0,0
11.58,100,80.8771401209449,47.6593200637059,5.30164034011972,19.0236906746979,0.119611349335203,25,3196.75004910777,-0,0,0,371.526226684569,0,0
11.6,100,80.9316988852498,47.7653577523375,5.30212852436134,19.0260162164438,0.112945285735713,25,3211.77930965929,-0,0,0,372.189343247748,0,0
11.62,100,80.986101989848,47.8714052036193,5.30261654985061,19.0282086025072,0.106296670268455,25,3202.50454355709,-0,0,0,372.85295196347,0,0
11.64,100,81.0403498788465,47.9774624110753,5.30310408734107,19.0302682348438,0.0996707841146148,25,3206.89002763599,-0,0,0,373.513763901938,0,0
11.66,100,81.0944429950857,48.0835293616962,5.30359081275945,19.032195619936,0.093072798320938,25,3212.85858363269,-0,0,0,374.173413934788,0,0
11.68,100,81.1483817801423,48.1896060360441,5.30407640739773,19.0339913665655,0.0865077713833454,25,3218.32399729588,-0,0,0,374.832332186865,0,0
11.7,100,81.2021666743333,48.2956924083627,5.30456055809729,19.0356561835392,0.0799806469659178,25,3223.25075536368,-0,0,0,375.490069219135,0,0
11.72,100,81.2557981167192,48.401788446689,5.30504295742513,19.0371908773711,0.073496251754827,25,3234.03427033422,-0,0,0,376.147936902944,0,0
11.74,100,81.3092765451082,48.5078941129703,5.30552330384218,19.0385963499221,0.0670592934466849,25,3231.36507766783,-0,0,0,376.804462326967,0,0
11.76,100,81.362602396059,48.6140093631833,5.30600130186365,19.0398735960015,0.0606743588706794,25,3237.08848220915,-0,0,0,377.45872513417,0,0
11.78,100,81.4157761048851,48.7201341474569,5.30647666221153,19.0410237009318,0.0543459122437653,25,3241.17930601662,-0,0,0,378.112792467287,0,0
11.8,100,81.4687981056578,48.8262684101975,5.30694910195904,19.0420478380803,0.0480782935580791,25,3245.16641482884,-0,0,0,378.765210674731,0,0
11.82,100,81.5216688312101,48.932412090218,5.30741834466733,19.0429472663592,0.0418757170996522,25,3253.16903644741,-0,0,0,379.416157729476,0,0
11.84,100,81.57438871314,49.0385651208681,5.30788412051418,19.0437233276982,0.0357422700974018,25,3266.35915919489,-0,0,0,380.066185962857,0,0
11.86,100,81.6269581818142,49.1447274301685,5.30834616641494,19.0443774444907,0.0296819115012871,25,3263.07091011455,-0,0,0,380.716625974099,0,0
11.88,100,81.6793776663716,49.2508989409463,5.30880422613559,19.044911117017,0.0236984708884346,25,3266.15860642161,-0,0,0,381.364959469903,0,0
11.9,100,81.7316475947265,49.3570795709736,5.30925805039808,19.045325920847,0.0177956474959407,25,3273.27563850217,-0,0,0,382.012376789552,0,0
11.92,100,81.7837683935726,49.4632692331071,5.30970739697794,19.0456235042251,0.0119770093789876,25,3275.20831001305,-0,0,0,382.658950317774,0,0
11.94,100,81.8357404883861,49.5694678354303,5.31015203079419,19.0458055854385,0.00624599269281794,25,3276.35758192658,-0,0,0,383.303864870068,0,0
11.96,100,81.8875643034292,49.6756752813974,5.31059172399164,19.0458739501738,0.000605901097041031,25,3286.45642038253,-0,0,0,383.947498366333,0,0
11.98,100,81.9392402617538,49.7818914699781,5.31102625601571,19.0458304488616,-0.00494009471933537,25,3290.96904564729,-0,0,0,384.590483008154,0,0
12,100,81.9907687852048,49.8881162958048,5.31145541367963,19.0456769940135,-0.0103889573938246,25,3300.50205073888,-0,0,0,385.23273798409,0,0
12.02,100,82.0421502944233,49.9943496493203,5.31187899122441,19.045415557553,-0.0157377831290811,25,3299.59487231894,-0,0,0,385.874629774707,0,0
12.04,100,82.0933852088507,50.100591416927,5.31229679037132,19.0450481681429,-0.020983801816038,25,3304.17821773134,-0,0,0,386.514208131564,0,0
12.06,100,82.1444739467313,50.2068414811367,5.31270862036722,19.044576908511,-0.0261243770434416,25,3311.66465044652,-0,0,0,387.153716999767,0,0
12.08,100,82.1954169251165,50.3130997207219,5.31311429802271,19.0440039127772,-0.0311570059957292,25,3312.68998050567,-0,0,0,387.791216943764,0,0
12.1,100,82.2462145598674,50.4193660108671,5.3135136477432,19.0433313637832,-0.0360793192412514,25,3308.04730082906,-0,0,0,388.427882660688,0,0
12.12,100,82.296867265659,50.5256402233213,5.31390650155303,19.0425614904285,-0.0408890804129025,25,3317.63300900042,-0,0,0,389.062240833781,0,0
12.14,100,82.3473754559831,50.63192222655,5.3142926991127,19.0416965650123,-0.0455841857832705,25,3329.10531093688,-0,0,0,389.695847289784,0,0
12.16,100,82.3977395431516,50.7382118858886,5.31467208772941,19.0407389005865,-0.050162663736477,25,3331.66784989794,-0,0,0,390.328802355903,0,0
12.18,100,82.4479599383003,50.844509063695,5.3150445223608,19.0396908483193,-0.0546226741389201,25,3332.53472137184,-0,0,0,390.96100709437,0,0
12.2,100,82.4980370513918,50.9508136195029,5.31540986561231,19.0385547948729,-0.058962507611183,25,3341.99488216557,-0,0,0,391.591676631562,0,0
12.22,100,82.5479712912192,51.0571254101744,5.31576798772801,19.037333159796,-0.063180584703415,25,3345.4243346752,-0,0,0,392.222267005328,0,0
12.24,100,82.5977630654093,51.1634442900527,5.31611876657516,19.0360283929349,-0.0672754549765286,25,3341.18579892042,-0,0,0,392.850983753479,0,0
12.26,100,82.6474127804256,51.2697701111145,5.31646208762259,19.0346429718628,-0.0712457959916009,25,3349.31927051953,-0,0,0,393.477982977494,0,0
12.28,100,82.6969208415724,51.3761027231217,5.316797843913,19.0331793993308,-0.0750904122098965,25,3357.35132846121,-0,0,0,394.10433043879,0,0
12.3,100,82.7462876529973,51.4824419737723,5.31712593602934,19.0316402007414,-0.0788082338059666,25,3356.6849109556,-0,0,0,394.729818187191,0,0
12.32,100,82.795513617695,51.5887877088514,5.3174462720554,19.0300279216473,-0.0823983153963085,25,3362.6557627567,-0,0,0,395.353875658631,0,0
12.34,100,82.8445991375103,51.6951397723801,5.31775876753071,19.0283451252755,-0.0858598346860954,25,3374.10270745673,-0,0,0,395.976609655467,0,0
12.36,100,82.8935446131417,51.8014980067645,5.31806334539995,19.02659439008,-0.0891920910365138,25,3375.19016588348,-0,0,0,396.599044489086,0,0
12.38,100,82.9423504441443,51.9078622529433,5.31835993595693,19.0247783073233,-0.0923945039552688,25,3380.58827740985,-0,0,0,397.220040406307,0,0
12.4,100,82.9910170289334,52.0142323505339,5.31864847678332,19.0228994786896,-0.095466611512834,25,3379.29813537367,-0,0,0,397.839428083658,0,0
12.42,100,83.0395447647875,52.1206081379778,5.31892891268231,19.0209605139298,-0.0984080686870462,25,3385.45167710577,-0,0,0,398.457323772785,0,0
12.44,100,83.0879340478515,52.2269894526841,5.31920119560723,19.0189640285404,-0.101218645638655,25,3385.61133835071,-0,0,0,399.075166567426,0,0
12.46,100,83.1361852731405,52.3333761311718,5.31946528458546,19.0169126414779,-0.10389822592045,25,3390.62949687064,-0,0,0,399.690516656435,0,0
12.48,100,83.184298834542,52.4397680092108,5.31972114563757,19.0148089729089,-0.106446804622611,25,3397.30161673225,-0,0,0,400.3053205262,0,0
12.5,100,83.2322751248203,52.5461649219602,5.31996875169198,19.0126556419991,-0.108864486456904,25,3404.47079303289,-0,0,0,400.919213811769,0,0
12.52,100,83.2801145356187,52.6525667041064,5.32020808249522,19.0104552647399,-0.111151483782398,25,3408.14728015796,-0,0,0,401.531951928716,0,0
12.54,100,83.3278174574634,52.7589731899978,5.32043912451806,19.0082104518161,-0.113308114575332,25,3413.00631354663,-0,0,0,402.143243989985,0,0
12.56,100,83.3753842797661,52.8653842137789,5.32066187085738,19.005923806514,-0.115334800345795,25,3414.81597507401,-0,0,0,402.753897276842,0,0
12.58,100,83.4228153908277,52.9717996095214,5.32087632113437,19.0035979226721,-0.117232064003872,25,3415.68699895244,-0,0,0,403.363539937728,0,0
12.6,100,83.4701111778413,53.0782192113539,5.32108248138872,19.0012353826749,-0.119000527677906,25,3418.02792529657,-0,0,0,403.971433620976,0,0
12.62,100,83.5172720268952,53.184642853589,5.32128036396939,18.9988387554907,-0.1206409104875,25,3426.41494149229,-0,0,0,404.577403195201,0,0
12.64,100,83.5642983229762,53.2910703708484,5.32146998742183,18.9964105947542,-0.122154026273931,25,3430.78464966018,-0,0,0,405.183092598413,0,0
12.66,100,83.6111904499726,53.3975015981858,5.32165137637189,18.9939534368955,-0.123540781290558,25,3430.1376640031,-0,0,0,405.788195192001,0,0
12.68,100,83.6579487906775,53.5039363712072,5.32182456140662,18.991469799315,-0.124802171855873,25,3436.85585928563,-0,0,0,406.391127276677,0,0
12.7,100,83.7045737267921,53.6103745261889,5.32198957895208,18.9889621786057,-0.125939281971777,25,3437.77478531493,-0,0,0,406.993092433294,0,0
12.72,100,83.7510656389282,53.7168159001932,5.32214647114828,18.986433048824,-0.126953280909665,25,3449.28338183716,-0,0,0,407.593417732013,0,0
12.74,100,83.7974249066119,53.823260331181,5.32229528572145,18.9838848598085,-0.1278454207669,25,3449.02051468847,-0,0,0,408.193386766309,0,0
12.76,100,83.8436519082866,53.9297076581228,5.32243607585376,18.9813200355481,-0.128617033996201,25,3449.70406787001,-0,0,0,408.792132173966,0,0
12.78,100,83.8897470213156,54.036157721106,5.3225689000507,18.9787409726,-0.129269530910497,25,3458.55395226731,-0,0,0,409.388662892467,0,0
12.8,100,83.935710621986,54.1426103614403,5.32269382200621,18.9761500385572,-0.129804397165727,25,3462.33803162848,-0,0,0,409.984975897549,0,0
12.82,100,83.981543085511,54.2490654217602,5.32281091046572,18.9735495705677,-0.130223191224085,25,3462.76577601408,-0,0,0,410.580363246065,0,0
12.84,100,84.0272447860335,54.355522746124,5.3229202390873,18.9709418739031,-0.13052754180014,25,3459.04756942908,-0,0,0,411.174962239806,0,0
12.86,100,84.0728160966288,54.4619821801116,5.32302188630099,18.9683292205798,-0.130719145292277,25,3462.44187995375,-0,0,0,411.766580598847,0,0
12.88,100,84.1182573893079,54.5684435709179,5.32311593516655,18.9657138480308,-0.130799763201841,25,3473.66873191978,-0,0,0,412.35720755208,0,0
12.9,100,84.1635690350204,54.6749067674438,5.32320247322973,18.9630979578295,-0.13077121954235,25,3475.58116683981,-0,0,0,412.946717925139,0,0
12.92,100,84.2087514036574,54.7813716203852,5.32328159237713,18.9604837144659,-0.130635398241111,25,3480.7293073254,-0,0,0,413.53521990014,0,0
12.94,100,84.2538048640549,54.8878379823177,5.32335338869,18.9578732441737,-0.130394240535539,25,3483.1876067466,-0,0,0,414.122974702691,0,0
12.96,100,84.2987297839965,54.9943057077793,5.32341796229688,18.9552686338106,-0.130049742366433,25,3487.19367686993,-0,0,0,414.70903528717,0,0
12.98,100,84.3435265302165,55.1007746533496,5.32347541722538,18.9526719297901,-0.129603951770449,25,3485.47915715192,-0,0,0,415.293767630567,0,0
13,100,84.3881954684029,55.2072446777269,5.32352586125324,18.9500851370659,-0.129058966273944,25,3499.43062142078,-0,0,0,415.876773667065,0,0
13.02,100,84.4327369632003,55.313715641801,5.32356940575868,18.9475102181677,-0.128416930290356,25,3498.28260374923,-0,0,0,416.460786455411,0,0
13.04,100,84.4771513782129,55.4201874087241,5.32360616557035,18.94494909229,-0.12768003252322,25,3499.48113560918,-0,0,0,417.042620665934,0,0
13.06,100,84.5214390760078,55.5266598439782,5.32363625881682,18.9424036344318,-0.126850503376887,25,3499.83906031284,-0,0,0,417.623264484942,0,0
13.08,100,84.5656004181173,55.6331328154398,5.32365980677596,18.9398756745883,-0.125930612376992,25,3506.62333054452,-0,0,0,418.202269750517,0,0
13.1,100,84.6096357650425,55.7396061934409,5.32367693372415,18.9373669969948,-0.124922665602629,25,3514.71094862265,-0,0,0,418.779698282863,0,0
13.12,100,84.6535454762558,55.846079850828,5.32368776678556,18.9348793394204,-0.123829003132195,25,3509.006506531,-0,0,0,419.357511675138,0,0
13.14,100,84.6973299102041,55.9525536630171,5.32369243578158,18.932414392514,-0.122651996504787,25,3510.03862547648,-0,0,0,419.932896490529,0,0
13.16,100,84.7409894243116,56.0590275080466,5.32369107308052,18.9299737992001,-0.121394046199007,25,3526.19269643412,-0,0,0,420.506510747301,0,0
13.18,100,84.7845243749827,56.1655012666262,5.32368381344778,18.9275591541251,-0.120057579130978,25,3524.98194145318,-0,0,0,421.079773459041,0,0
13.2,100,84.8279351176051,56.2719748221838,5.32367079389642,18.9251720031534,-0.118645046173326,25,3526.44043655757,-0,0,0,421.651284616033,0,0
13.22,100,84.8712220065523,56.3784480609089,5.32365215353855,18.9228138429129,-0.117158919696843,25,3533.23551049014,-0,0,0,422.221200082607,0,0
13.24,100,84.9143853951869,56.4849208717927,5.32362803343727,18.9204861203894,-0.115601691136481,25,3537.21725841408,-0,0,0,422.790917856409,0,0
13.26,100,84.9574256358635,56.5913931466662,5.32359857645965,18.9181902325693,-0.113975868583301,25,3532.1344455923,-0,0,0,423.359409696959,0,0
13.28,100,85.0003430799311,56.6978647802345,5.32356392713059,18.9159275261308,-0.112283974403935,25,3536.07073441361,-0,0,0,423.925452834183,0,0
13.3,100,85.0431380777365,56.8043356701085,5.32352423148777,18.9136992971814,-0.110528542889068,25,3543.20879653368,-0,0,0,424.490537567267,0,0
13.32,100,85.0858109786268,56.9108057168339,5.32347963693782,18.9115067910429,-0.108712117932413,25,3549.66589966721,-0,0,0,425.055004867922,0,0
13.34,100,85.1283621309525,57.0172748239169,5.32343029211373,18.9093512020824,-0.106837250741586,25,3544.20102839503,-0,0,0,425.618551355071,0,0
13.36,100,85.1707918820701,57.1237428978475,5.32337634673367,18.9072336735885,-0.104906497582238,25,3544.20632736305,-0,0,0,426.178930375949,0,0
13.38,100,85.2131005783452,57.2302098481198,5.32331795146125,18.9051552976925,-0.102922417556764,25,3547.78072663645,-0,0,0,426.738267644735,0,0
13.4,100,85.2552885651552,57.3366755872494,5.32325525776741,18.9031171153335,-0.10088757041884,25,3551.96864455843,-0,0,0,427.295831450046,0,0
13.42,100,85.297356186892,57.4431400307883,5.3231884177939,18.9011201162667,-0.0988045144249971,25,3555.85264717985,-0,0,0,427.85318812095,0,0
13.44,100,85.339303786965,57.5496030973369,5.32311758421853,18.8991652391152,-0.0966758042243866,25,3565.52392132234,-0,0,0,428.409151819733,0,0
13.46,100,85.3811317078038,57.6560647085534,5.32304291012225,18.8972533714623,-0.0945039887878477,25,3564.78536233409,-0,0,0,428.96463132901,0,0
13.48,100,85.4228402908611,57.7625247891606,5.32296454885812,18.8953853499854,-0.0922916093773195,25,3562.79035190146,-0,0,0,429.518138002982,0,0
13.5,100,85.4644298766153,57.8689832669499,5.32288265392229,18.8935619606307,-0.0900411975566035,25,3565.68193147403,-0,0,0,430.070146163115,0,0
13.52,100,85.5059008045736,57.9754400727831,5.32279737882698,18.8917839388261,-0.0877552732444253,25,3568.61971171361,-0,0,0,430.620518350835,0,0
13.54,100,85.5472534132742,58.0818951405913,5.32270887697565,18.8900519697336,-0.0854363428106902,25,3580.49529152239,-0,0,0,431.169786164264,0,0
13.56,100,85.5884880402898,58.1883484073717,5.32261730154033,18.888366688539,-0.08308689721678,25,3573.83775360798,-0,0,0,431.718481631459,0,0
13.58,100,85.6296050222297,58.2947998131814,5.32252280534122,18.8867286807777,-0.0807094102006852,25,3574.05994989105,-0,0,0,432.265448450726,0,0
13.6,100,85.6706046947431,58.4012493011296,5.3224255407286,18.8851384826978,-0.0783063365077155,25,3581.74241522358,-0,0,0,432.810436962694,0,0
13.62,100,85.7114873925214,58.5076968173666,5.32232565946716,18.8835965816564,-0.0758801101674809,25,3581.92875319658,-0,0,0,433.355096833102,0,0
13.64,100,85.752253449301,58.6141423110715,5.3222233126227,18.8821034165516,-0.0734331428177869,25,3583.45334231809,-0,0,0,433.898405384252,0,0
13.66,100,85.7929031978665,58.7205857344365,5.32211865045138,18.8806593782859,-0.0709678220760331,25,3581.44664588097,-0,0,0,434.440736245124,0,0
13.68,100,85.8334369700526,58.8270270426501,5.32201182229149,18.879264810263,-0.0684865099586593,25,3590.87813435451,-0,0,0,434.980267477682,0,0
13.7,100,85.8738550967476,58.9334661938776,5.32190297645783,18.8779200089153,-0.0659915413491321,25,3594.49115556829,-0,0,0,435.520469080092,0,0
13.72,100,85.9141579078955,59.0399031492392,5.32179226013865,18.8766252242609,-0.0634852225149124,25,3596.51426467919,-0,0,0,436.058909411067,0,0
13.74,100,85.9543457324991,59.146337872787,5.32167981929534,18.875380660491,-0.0609698296738038,25,3598.20240857462,-0,0,0,436.595277141751,0,0
13.76,100,85.9944188986226,59.2527703314792,5.32156579856483,18.8741864765843,-0.058447607610025,25,3600.0703471323,-0,0,0,437.130685990775,0,0
13.78,100,86.034377733394,59.3592004951526,5.32145034116467,18.8730427869494,-0.0559207683403081,25,3605.70451665915,-0,0,0,437.664515512914,0,0
13.8,100,86.0742225630081,59.4656283364935,5.32133358880094,18.871949662093,-0.0533914898302747,25,3594.17894838184,-0,0,0,438.197308831278,0,0
13.82,100,86.1139537127291,59.5720538310065,5.32121568157896,18.8709071293133,-0.0508619147612977,25,3606.16608450426,-0,0,0,438.727895633001,0,0
13.84,100,86.153571506893,59.6784769569814,5.32109675791687,18.8699151734176,-0.0483341493480086,25,3613.07186372014,-0,0,0,439.257564198542,0,0
13.86,100,86.1930762689107,59.7848976954589,5.32097695446194,18.8689737374631,-0.0458102622065653,25,3608.47584081335,-0,0,0,439.786785737362,0,0
13.88,100,86.2324683212703,59.8913160301943,5.32085640600996,18.8680827235195,-0.043292283273755,25,3606.4730047294,-0,0,0,440.313368222442,0,0
13.9,100,86.2717479855397,59.9977319476195,5.32073524542735,18.8672419934536,-0.0407822027769567,25,3609.91450551547,-0,0,0,440.838325674868,0,0
13.92,100,86.3109155823695,60.104145436804,5.32061360357627,18.8664513697324,-0.0382819702549507,25,3615.20708286766,-0,0,0,441.363079524071,0,0
13.94,100,86.3499714314954,60.2105564894139,5.32049160924265,18.8657106362473,-0.0357934936295174,25,3614.50466824488,-0,0,0,441.886026661786,0,0
13.96,100,86.3889158517408,60.3169650996694,5.32036938906712,18.8650195391546,-0.0333186383277254,25,3623.35869929921,-0,0,0,442.407078728294,0,0
13.98,100,86.4277491610196,60.4233712643017,5.32024706747894,18.8643777877338,-0.0308592264547725,25,3627.84626886353,-0,0,0,442.9272370825,0,0
14,100,86.4664716763387,60.5297749825081,5.32012476663286,18.8637850552621,-0.0284170360171982,25,3630.64023182414,-0.8,0,0,443.447072542996,0,0
14.02,100,86.5050837138004,60.6360167922054,5.30408298790414,18.8632425269413,-0.0257623187066966,25,3621.23789084149,-0.8,0,0,443.966212940738,0,0
14.04,100,86.5435855886052,60.7419393686685,5.28820120868905,18.8627574502198,-0.0226744486333542,25,3623.78402763545,-0.8,0,0,444.481894872448,0,0
14.06,100,86.5819776150544,60.8475458979292,5.27247803868734,18.8623383336957,-0.0191688756601789,25,3635.35640195763,-0.8,0,0,444.99666392974,0,0
14.08,100,86.6202601065525,60.9528395385425,5.25691212034371,18.8619933767639,-0.0152610681345082,25,3638.55351359226,-0.8,0,0,445.510477014655,0,0
14.1,100,86.6584333756097,61.0578234222306,5.24150212774149,18.8617304693714,-0.0109665004309728,25,3637.76450233914,-0.8,0,0,446.02231392856,0,0
14.12,100,86.696497733845,61.1625006545047,5.22624676550875,18.86155719202,-0.00630064069443712,25,3642.14054640514,-0.8,0,0,446.533443533432,0,0
14.14,100,86.7344534919878,61.2668743152647,5.21114476773747,18.8614808160113,-0.00127893878981163,25,3646.8670330455,-0.8,0,0,447.042835995601,0,0
14.16,100,86.7723009598814,61.3709474593783,5.19619489691605,18.8615083039313,0.00408318553465743,25,3650.33910122779,-0.8,0,0,447.551150014685,0,0
14.18,100,86.8100404464849,61.4747231172383,5.18139594287576,18.861646310369,0.00977035426431057,25,3659.40299456851,-0.8,0,0,448.05849092893,0,0
14.2,100,86.847672259876,61.5782042952985,5.16674672175141,18.861901182866,0.0157672425091909,25,3660.108549675,-0.8,0,0,448.565315347106,0,0
14.22,100,86.8851967072533,61.6813939765901,5.15224607495668,18.8622789630901,0.022058589663628,25,3659.95662840244,-0.8,0,0,449.07021461144,0,0
14.24,100,86.922614094939,61.784295121217,5.13789286817454,18.8627853882312,0.0286292103288571,25,3663.37527314444,-0.8,0,0,449.572709271415,0,0
14.26,100,86.9599247283814,61.8869106668309,5.12368599036302,18.8634258926126,0.0354640049935344,25,3664.56231594278,-0.8,0,0,450.074633706798,0,0
14.28,100,86.9971289121574,61.9892435290875,5.10962435277681,18.8642056095133,0.042547970467298,25,3669.25218090061,-0.8,0,0,450.574173427498,0,0
14.3,100,87.0342269499748,62.0912966020825,5.09570688800486,18.8651293731968,0.0498662100628176,25,3668.76690710797,-0.8,0,0,451.073092496303,0,0
14.32,100,87.0712191446748,62.1930727587686,5.08193254902449,18.8662017211409,0.057403943522064,25,3678.32827030936,-0.8,0,0,451.570539122989,0,0
14.34,100,87.1081057982348,62.2945748513544,5.06830030827206,18.867426896463,0.0651465166828168,25,3684.27584962156,-0.8,0,0,452.066803926997,0,0
14.36,100,87.1448872117706,62.3958057116842,5.05480915673077,18.8688088505373,0.0730794108817158,25,3682.5982702006,-0.8,0,0,452.563166392757,0,0
14.38,100,87.1815636855387,62.4967681515997,5.04145810303558,18.8703512457955,0.081188252090446,25,3683.2795634297,-0.8,0,0,453.056997061628,0,0
14.4,100,87.2181355189392,62.5974649632849,5.02824617259571,18.8720574587097,0.0894588197819285,25,3685.67305067604,-0.8,0,0,453.548617397377,0,0
14.42,100,87.2546030105179,62.6978989195922,5.01517240673481,18.8739305829481,0.0978770555236692,25,3687.11316261632,-0.8,0,0,454.040516513768,0,0
14.44,100,87.2909664579688,62.7980727743526,5.0022358618491,18.8759734327006,0.106429071295694,25,3688.42434937645,-0.8,0,0,454.530249903895,0,0
14.46,100,87.3272261581364,62.8979892626692,4.98943560858365,18.8781885461684,0.115101157530778,25,3691.55380237594,-0.8,0,0,455.018076227628,0,0
14.48,100,87.3633824070187,62.9976511011935,4.97677073102692,18.8805781892104,0.123879790874944,25,3698.67453193722,-0.8,0,0,455.504682343483,0,0
14.5,100,87.3994354997688,63.0970609883865,4.96424032592392,18.8831443591434,0.132751641666473,25,3697.46811605681,-0.8,0,0,455.991513106236,0,0
14.52,100,87.4353857306979,63.1962216047646,4.95184350190783,18.885888788688,0.141703581131951,25,3710.05888834044,-0.8,0,0,456.475650952822,0,0
14.54,100,87.4712333932775,63.2951356131292,4.93957937875056,18.8888129500561,0.150722688298107,25,3710.75124315559,-0.8,0,0,456.960397622376,0,0
14.56,100,87.5069787801418,63.3938056587826,4.92744708663209,18.8919180591734,0.1597962566185,25,3709.9254605555,-0.8,0,0,457.443716274629,0,0
14.58,100,87.5426221830899,63.4922343697288,4.91544576542886,18.8952050800323,0.168911800314322,25,3708.25722467293,-0.8,0,0,457.925114750876,0,0
14.6,100,87.5781638930888,63.5904243568603,4.90357456402123,18.8986747291678,0.178057060428872,25,3717.33394614264,-0.8,0,0,458.404663924486,0,0
14.62,100,87.6136042002749,63.6883782141319,4.89183263962005,18.9023274802524,0.187220010595494,25,3714.44499042446,-0.8,0,0,458.883600805064,0,0
14.64,100,87.6489433939572,63.7860985187203,4.88021915711255,18.9061635688029,0.196388862518988,25,3723.82249321612,-0.8,0,0,459.360853160697,0,0
14.66,100,87.684181762619,63.8835878311715,4.86873328842734,18.9101829969948,0.205552071170801,25,3720.48711967199,-0.8,0,0,459.837621253823,0,0
14.68,100,87.7193195939206,63.9808486955352,4.85737421191883,18.9143855385764,0.214698339698471,25,3731.24855718662,-0.8,0,0,460.312262031733,0,0
14.7,100,87.7543571747018,64.0778836394875,4.84614111177084,18.9187707438799,0.223816624050082,25,3729.6931570723,-0.8,0,0,460.786938204079,0,0
14.72,100,87.7892947909837,64.1746951744419,4.83503317741959,18.9233379449205,0.232896137314695,25,3735.6692329922,-0.8,0,0,461.259816093794,0,0
14.74,100,87.8241327279717,64.2712857956481,4.82404960299587,18.928086260581,0.241926353779923,25,3730.07755259516,-0.8,0,0,461.731577059548,0,0
14.76,100,87.8588712700571,64.367657982281,4.81318958678655,18.9330146018733,0.250897012708069,25,3738.83210626622,-0.8,0,0,462.201459855647,0,0
14.78,100,87.8935107008202,64.4638141975186,4.80245233071526,18.9381216772739,0.259798121832431,25,3736.62491167021,-0.8,0,0,462.670448395662,0,0
14.8,100,87.928051303032,64.5597568886093,4.79183703984222,18.9434059981256,0.268619960575596,25,3738.30647677668,-0.8,0,0,463.137574520137,0,0
14.82,100,87.9624933586567,64.6554884869303,4.78134292188314,18.9488658841014,0.277353082991744,25,3746.66876627549,-0.8,0,0,463.603667133303,0,0
14.84,100,87.9968371488543,64.7510114080357,4.77096918674713,18.9544994687241,0.28598832043518,25,3741.58483247861,-0.8,0,0,464.068491464466,0,0
14.86,100,88.0310829539824,64.8463280516959,4.76071504609354,18.9603047049367,0.2945167839575,25,3749.24788922653,-0.8,0,0,464.532040087642,0,0
14.88,100,88.0652310535987,64.9414408019286,4.75057971290754,18.9662793707183,0.302929866435993,25,3754.94912227615,-0.8,0,0,464.994842273862,0,0
14.9,100,88.0992817264635,65.036352027021,4.74056240109445,18.9724210747395,0.311219244436044,25,3752.43382343879,-0.8,0,0,465.456826554235,0,0
14.92,100,88.1332352505415,65.1310640795443,4.73066232509252,18.9787272620527,0.319376879810494,25,3756.86391998126,-0.8,0,0,465.916880310274,0,0
14.94,100,88.1670919030047,65.2255792963608,4.72087869950423,18.9851952198114,0.327395021039077,25,3757.43175952802,-0.8,0,0,466.375503883159,0,0
14.96,100,88.2008519602341,65.3198999986235,4.71121073874577,18.9918220830145,0.335266204311215,25,3759.44212268948,-0.8,0,0,466.832756222723,0,0
14.98,100,88.2345156978221,65.4140284917692,4.70165765671458,18.9986048402686,0.342983254355611,25,3769.3945362415,-0.8,0,0,467.289209934477,0,0
15,100,88.2680833905749,65.5079670655046,4.69221866647492,19.0055403395654,0.350539285020248,25,3766.85996490764,-0.8,0,0,467.744718560874,0,0
15.02,100,88.3015553125148,65.601717993787,4.682892979961,19.012625294068,0.357927699606511,25,3770.82916953205,-0.8,0,0,468.198703524146,0,0
15.04,100,88.334931736882,65.6952835347989,4.67367980769781,19.0198562879007,0.365142190961344,25,3764.76514447304,-0.8,0,0,468.65185067426,0,0
15.06,100,88.3682129361375,65.7886659309166,4.66457835853917,19.0272297819392,0.372176741331443,25,3770.36681328666,-0.8,0,0,469.102506297506,0,0
15.08,100,88.4013991819645,65.8818674086752,4.6555878394229,19.0347421195954,0.379025621983639,25,3779.07255863558,-0.8,0,0,469.552414441022,0,0
15.1,100,88.4344907452715,65.974890178727,4.64670745514294,19.0423895325916,0.385683392595751,25,3776.97789854016,-0.8,0,0,470.002345967226,0,0
15.12,100,88.4674878961938,66.0677364357974,4.63793640813808,19.0501681467212,0.392144900422291,25,3780.71707363574,-0.8,0,0,470.451535571853,0,0
15.14,100,88.5003909040961,66.1604083586351,4.62927389829709,19.0580739875896,0.398405279239537,25,3788.97369316911,-0.8,0,0,470.898763629299,0,0
15.16,100,88.5332000375745,66.2529081099597,4.62071912278011,19.0661029863328,0.404459948074587,25,3792.53543772295,-0.8,0,0,471.345812432032,0,0
15.18,100,88.565915564459,66.3452378364053,4.61227127585583,19.0742509853075,0.410304609723097,25,3782.89264038218,-0.8,0,0,471.791419561435,0,0
15.2,100,88.5985377518152,66.4373996684611,4.60392954875442,19.0825137437501,0.415935249060532,25,3790.42196306242,-0.8,0,0,472.234258678624,0,0
15.22,100,88.6310668659469,66.5293957204098,4.59569312953581,19.0908869433998,0.421348131151817,25,3784.27899181907,-0.8,0,0,472.677177425495,0,0
15.24,100,88.6635031723981,66.6212280902621,4.58756120297304,19.0993661940818,0.426539799164377,25,3791.37116633593,-0.8,0,0,473.117710166732,0,0
15.26,100,88.695846935955,66.7128988596909,4.57953295045048,19.1079470392466,0.431507072089636,25,3795.4819899847,-0.8,0,0,473.557634522055,0,0
15.28,100,88.7280984206487,66.8044100939618,4.57160754987659,19.1166249614627,0.436247042278108,25,3796.77390965407,-0.8,0,0,473.996521814416,0,0
15.3,100,88.7602578897566,66.8957638418633,4.5637841756108,19.125395387857,0.44075707279329,25,3795.42816087872,-0.8,0,0,474.433823070778,0,0
15.32,100,88.7923256058053,66.9869621356353,4.55606199840453,19.1342536955016,0.445034794589618,25,3801.55236794316,-0.8,0,0,474.869792561467,0,0
15.34,100,88.8243018305722,67.0780069908959,4.54844018535562,19.1431952167418,0.449078103519823,25,3804.50368777003,-0.8,0,0,475.305767239054,0,0
15.36,100,88.856186825088,67.1689004065687,4.54091789987624,19.1522152444627,0.452885157177052,25,3805.60657064622,-0.8,0,0,475.740327374153,0,0
15.38,100,88.8879808496384,67.2596443648082,4.53349430167372,19.1613090372912,0.456454371577185,25,3804.87572439402,-0.8,0,0,476.172554578455,0,0
15.4,100,88.9196841637666,67.3502408309262,4.52616854674413,19.1704718247299,0.459784417686805,25,3809.78041060547,-0.8,0,0,476.604366048791,0,0
15.42,100,88.9512970262755,67.4406917533171,4.51893978737813,19.1796988122202,0.462874217802329,25,3810.76906174716,-0.8,0,0,477.035230392212,0,0
15.44,100,88.9828196952294,67.5309990633845,4.51180717217896,19.1889851861313,0.465722941785819,25,3815.91688898196,-0.8,0,0,477.464660637387,0,0
15.46,100,89.0142524279563,67.621164675467,4.50476984609207,19.1983261186733,0.468330003163032,25,3816.16220653915,-0.8,0,0,477.893200400552,0,0
15.48,100,89.0455954810502,67.7111904867664,4.49782695044616,19.2077167727295,0.470695055089288,25,3823.88457653514,-0.8,0,0,478.320360228939,0,0
15.5,100,89.0768491103729,67.8010783772749,4.49097762300524,19.2171523066084,0.472817986188734,25,3820.80617759153,-0.8,0,0,478.747627796437,0,0
15.52,100,89.1080135710563,67.890830209705,4.48422099803138,19.2266278787098,0.47469891627262,25,3824.23041835373,-0.8,0,0,479.172970302302,0,0
15.54,100,89.1390891175042,67.98044782942,4.4775562063579,19.2361386521051,0.476338191942169,25,3825.51877544323,-0.8,0,0,479.596490235937,0,0
15.56,100,89.1700760033948,68.0699330643664,4.47098237547249,19.2456797990284,0.477736382081674,25,3824.84937183118,-0.8,0,0,480.019882503182,0,0
15.58,100,89.2009744816825,68.1592877250075,4.46449862961007,19.2552465052756,0.478894273247401,25,3832.62053756054,-0.8,0,0,480.440875542897,0,0
15.6,100,89.2317848045998,68.2485136042599,4.45810408985498,19.2648339745116,0.479812864957895,25,3830.96104337006,-0.8,0,0,480.861679831862,0,0
15.62,100,89.2625072236599,68.3376124774311,4.45179787425217,19.2744374324811,0.480493364891283,25,3828.41099266426,-0.8,0,0,481.281501757531,0,0
15.64,100,89.293141989658,68.4265861021601,4.44557909792702,19.2840521311235,0.480937183995111,25,3830.47282044611,-0.8,0,0,481.698609529489,0,0
15.66,100,89.3236893526742,68.5154362183604,4.43944687321351,19.2936733525883,0.481145931514275,25,3833.02374655146,-0.8,0,0,482.114765282829,0,0
15.68,100,89.3541495620747,68.6041645481653,4.43340030979033,19.3032964131508,0.481121409942546,25,3832.04200170262,-0.8,0,0,482.52988368868,0,0
15.7,100,89.3845228665146,68.6927727958764,4.42743851482458,19.3129166670264,0.480865609903177,25,3842.20226787055,-0.8,0,0,482.943467034446,0,0
15.72,100,89.4148095139394,68.7812626479147,4.42156059312286,19.3225295100808,0.480380704964045,25,3836.31105692845,-0.8,0,0,483.35728412919,0,0
15.74,100,89.4450097515871,68.869635772775,4.41576564728914,19.3321303834369,0.479669046392718,25,3839.95553605369,-0.8,0,0,483.768797252026,0,0
15.76,100,89.4751238259905,68.9578938209835,4.41005277788937,19.3417147769758,0.478733157856837,25,3846.51971161672,-0.8,0,0,484.179076461508,0,0
15.78,100,89.505151982979,69.0460384250591,4.40442108362224,19.3512782327315,0.477575730075125,25,3845.09404588738,-0.8,0,0,484.589754182896,0,0
15.8,100,89.5350944676804,69.1340711994769,4.39886966149596,19.360816348178,0.476199615424283,25,3847.07793453005,-0.8,0,0,484.998215186747,0,0
15.82,100,89.5649515245235,69.2219937406373,4.39339760701051,19.3703247794081,0.474607822507008,25,3848.26042137722,-0.8,0,0,485.405310208356,0,0
15.84,100,89.5947233972394,69.3098076268368,4.38800401434522,19.3797992442034,0.472803510686289,25,3846.03068923121,-0.8,0,0,485.811271736787,0,0
15.86,100,89.6244103288641,69.3975144182441,4.38268797655129,19.3892355249946,0.470789984591067,25,3850.16458114781,-0.8,0,0,486.21624861218,0,0
15.88,100,89.6540125617399,69.4851156568793,4.37744858574877,19.3986294717116,0.468570688598324,25,3853.29066832549,-0.8,0,0,486.619570228815,0,0
15.9,100,89.683530337518,69.572612866597,4.37228493332799,19.4079770045234,0.466149201296545,25,3852.33349523733,-0.8,0,0,487.022869754588,0,0
15.92,100,89.71296389716,69.6600075530743,4.36719611015473,19.4172741164665,0.463529229935472,25,3848.96304805549,-0.8,0,0,487.4240003638,0,0
15.94,100,89.7423134809398,69.747301203802,4.36218120677922,19.4265168759626,0.460714604866974,25,3855.09522147614,-0.8,0,0,487.823452128616,0,0
15.96,100,89.7715793284463,69.8344952880804,4.35723931364825,19.4357014292253,0.457709273981784,25,3853.11184489831,-0.8,0,0,488.223321875258,0,0
15.98,100,89.8007616785843,69.9215912570198,4.35236952132041,19.4448240025549,0.454517297146782,25,3864.87800134212,-0.8,0,0,488.620915064314,0,0
16,100,89.8298607695773,70.0085905435443,4.34757092068395,19.4538809045225,0.451142840647424,25,3856.14941731268,-0.8,0,0,489.018653418354,0,0
16.02,100,89.8588768389692,70.095494562401,4.34284260317703,19.4628685280429,0.447590171639824,25,3860.58903293683,-0.8,0,0,489.414093977001,0,0
16.04,100,89.8878101236258,70.1823047101731,4.33818366101008,19.4717833523365,0.443863652616913,25,3859.25911035868,-0.8,0,0,489.807798972489,0,0
16.06,100,89.9166608597375,70.2690223652977,4.33359318738988,19.4806219447812,0.439967735893034,25,3860.88143681657,-0.8,0,0,490.201051061636,0,0
16.08,100,89.9454292828206,70.3556488880878,4.32907027674518,19.4893809626532,0.435906958111195,25,3858.49326011191,-0.8,0,0,490.592912540198,0,0
16.1,100,89.9741156277196,70.442185620759,4.32461402495354,19.4980571547596,0.431685934777172,25,3863.65562718129,-0.8,0,0,490.983525643358,0,0
16.12,100,90.0027201286089,70.528633887461,4.32022352956899,19.5066473629609,0.427309354824495,25,3868.13763488893,-0.8,0,0,491.373935304633,0,0
16.14,100,90.0312430189947,70.6149949943131,4.31589789005049,19.5151485235853,0.422781975214318,25,3868.97999457114,-0.8,0,0,491.763661415978,0,0
16.16,100,90.0596845317172,70.7012702294448,4.3116362079906,19.5235576687359,0.418108615574022,25,3870.55462933966,-0.8,0,0,492.151066784613,0,0
16.18,100,90.088044898952,70.7874608630408,4.30743758734437,19.5318719274908,0.413294152878337,25,3866.289294119,-0.8,0,0,492.537666955828,0,0
16.2,100,90.1163243522126,70.8735681473902,4.30330113465803,19.5400885269969,0.408343516176668,25,3869.97853215926,-0.8,0,0,492.922638368938,0,0
16.22,100,90.1445231223518,70.959593316941,4.29922595929726,19.5482047934592,0.403261681370174,25,3875.22350726817,-0.8,0,0,493.306855196336,0,0
16.24,100,90.1726414395638,71.0455375883586,4.2952111736748,19.5562181530265,0.398053666042092,25,3873.425765194,-0.8,0,0,493.689922222139,0,0
16.26,100,90.2006795333861,71.1314021605889,4.29125589347718,19.5641261325729,0.392724524344669,25,3867.37807611773,-0.8,0,0,494.071884871489,0,0
16.28,100,90.2286376327012,71.2171882149264,4.28735923789022,19.5719263603795,0.387279341945959,25,3868.47651930407,-0.8,0,0,494.451791761731,0,0
16.3,100,90.2565159657385,71.3028969150859,4.28352032982327,19.579616566714,0.381723231039648,25,3874.9125096659,-0.8,0,0,494.83018212004,0,0
16.32,100,90.2843147600766,71.3885294072796,4.27973829613172,19.5871945843123,0.37606132542095,25,3873.88076258979,-0.8,0,0,495.207482440989,0,0
16.34,100,90.3120342426445,71.4740868202981,4.27601226783775,19.5946583487617,0.370298775631532,25,3874.97622896105,-0.8,0,0,495.584318465341,0,0
16.36,100,90.3396746397239,71.559570265596,4.27234138034904,19.6020058987878,0.364440744176285,25,3876.47024280004,-0.8,0,0,495.959740334919,0,0
16.38,100,90.3672361769507,71.6449808373815,4.26872477367514,19.6092353764466,0.358492400814684,25,3875.45200725386,-0.8,0,0,496.333734177641,0,0
16.4,100,90.3947190793173,71.7303196127112,4.2651615926415,19.6163450272234,0.352458917929348,25,3876.2398456406,-0.8,0,0,496.706159907972,0,0
16.42,100,90.4221235711741,71.8155876515876,4.26165098710073,19.623333200039,0.346345465974304,25,3881.17602773594,-0.8,0,0,497.078565184547,0,0
16.44,100,90.4494498762314,71.9007859970628,4.2581921121411,19.630198347167,0.340157209005371,25,3874.4551085246,-0.8,0,0,497.449579308559,0,0
16.46,100,90.4766982175611,71.9859156753443,4.25478412829197,19.6369390240615,0.33389930029494,25,3880.01794989916,-0.8,0,0,497.817821225917,0,0
16.48,100,90.5038688175989,72.0709776959065,4.251426201726,19.643553889098,0.327576878033337,25,3880.62614097369,-0.8,0,0,498.186704513191,0,0
16.5,100,90.5309618981457,72.1559730516053,4.24811750445803,19.6500417032303,0.321195061118839,25,3878.74124865203,-0.8,0,0,498.554861074026,0,0
16.52,100,90.5579776803698,72.2409027187971,4.24485721454033,19.6564013295625,0.31475894503831,25,3882.0309799543,-0.8,0,0,498.920668093237,0,0
16.54,100,90.5849163848081,72.325767657461,4.24164451625426,19.6626317328407,0.308273597840308,25,3883.48930902815,-0.8,0,0,499.285330219627,0,0
16.56,100,90.6117782313688,72.4105688113258,4.23847860029797,19.668731978865,0.301744056202398,25,3886.15646788344,-0.8,0,0,499.649571221566,0,0
16.58,100,90.6385634393323,72.495307108,4.23535866397018,19.674701233823,0.29517532159433,25,3886.81220680162,-0.8,0,0,500.012416144187,0,0
16.6,100,90.6652722273535,72.5799834591055,4.23228391134973,19.6805387635484,0.28857235653859,25,3887.6533259061,-0.8,0,0,500.374124060283,0,0
16.62,100,90.6919048134635,72.6645987604151,4.229253553471,19.6862439327057,0.281940080969751,25,3883.42102030096,-0.8,0,0,500.735342730606,0,0
16.64,100,90.7184614150713,72.749153891993,4.22626680849475,19.6918162039024,0.275283368693948,25,3882.66769057121,-0.8,0,0,501.095055602098,0,0
16.66,100,90.7449422489657,72.8336497183398,4.22332290187463,19.6972551367322,0.268607043949673,25,3888.43693018066,-0.8,0,0,501.453322427401,0,0
16.68,100,90.7713475313168,72.9180870885389,4.22042106651889,19.7025603867498,0.261915878071004,25,3890.42522086743,-0.8,0,0,501.810601253032,0,0
16.7,100,90.7976774776781,73.0024668364082,4.2175605429475,19.7077317043808,0.255214586254264,25,3891.08259839462,-0.8,0,0,502.167028854415,0,0
16.72,100,90.8239323029882,73.0867897806529,4.21474057944431,19.712768933767,0.248507824429001,25,3889.87263309908,-0.8,0,0,502.522647623298,0,0
16.74,100,90.8501122215722,73.1710567250233,4.21196043220439,19.7176720115509,0.241800186234102,25,3885.05204146132,-0.8,0,0,502.876335722277,0,0
16.76,100,90.8762174471439,73.2552684584734,4.20921936547624,19.7224409656005,0.23509620009971,25,3895.17676387561,-0.8,0,0,503.228493643415,0,0
16.78,100,90.9022481928075,73.3394257553241,4.206516651699,19.7270759136766,0.228400326435554,25,3887.50692098123,-0.8,0,0,503.58003094572,0,0
16.8,100,90.9282046710588,73.4235293754281,4.20385157163442,19.7315770620456,0.221716954926186,25,3891.37511092749,-0.8,0,0,503.929816545224,0,0
16.82,100,90.9540870937876,73.5075800643376,4.20122341449363,19.7359447040385,0.215050401933515,25,3893.31859813038,-0.8,0,0,504.27811663842,0,0
16.84,100,90.9798956722792,73.5915785534744,4.19863147805855,19.7401792185595,0.208404908006942,25,3895.14587422044,-0.8,0,0,504.625647602123,0,0
16.86,100,91.005630617216,73.6755255603029,4.19607506879801,19.7442810685457,0.201784635501311,25,3890.85750863712,-0.8,0,0,504.973276395798,0,0
16.88,100,91.0312921386794,73.7594217885044,4.19355350197837,19.7482507993803,0.195193666302772,25,3896.98159383984,-0.8,0,0,505.3185577098,0,0
16.9,100,91.0568804461512,73.8432679281544,4.19106610176879,19.7520890372613,0.188635999662601,25,3894.08252436723,-0.8,0,0,505.663438434952,0,0
16.92,100,91.0823957485157,73.927064655902,4.18861220134087,19.7557964875285,0.182115550138881,25,3896.4379561905,-0.8,0,0,506.00729853421,0,0
16.94,100,91.1078382540614,74.01081263515,4.18619114296287,19.7593739329491,0.175636145645914,25,3894.58591106639,-0.8,0,0,506.34998568557,0,0
16.96,100,91.1332081704821,74.0945125162387,4.18380227808836,19.762822231967,0.169201525611102,25,3901.5904942221,-0.8,0,0,506.690367695061,0,0
16.98,100,91.1585057048796,74.1781649366299,4.18144496743918,19.7661423169152,0.162815339238974,25,3899.46821451794,-0.8,0,0,507.031206386542,0,0
17,100,91.1837310637643,74.261770521093,4.17911858108297,19.7693351921948,0.156481143881941,25,3903.72045146804,-0.8,0,0,507.370510954533,0,0
17.02,100,91.2088844530576,74.3453298818931,4.17682249850497,19.7724019324227,0.150202403517301,25,3892.00662474839,-0.8,0,0,507.708748868316,0,0
17.04,100,91.2339660780937,74.4288436189796,4.17455610867427,19.7753436805497,0.143982487329893,25,3894.87793936846,-0.8,0,0,508.044474330426,0,0
17.06,100,91.2589761436204,74.5123123201765,4.17231881010439,19.7781616459513,0.137824668399775,25,3901.01097095999,-0.8,0,0,508.379909567221,0,0
17.08,100,91.2839148538019,74.5957365613742,4.17011001090834,19.7808571024936,0.131732122494176,25,3904.64583244815,-0.8,0,0,508.714743349992,0,0
17.1,100,91.3087824122194,74.6791169067217,4.16792912884799,19.7834313865752,0.125707926962934,25,3893.54027314486,-0.8,0,0,509.048955445691,0,0
17.12,100,91.3335790218737,74.76245390882,4.16577559137793,19.7858858951496,0.119755059736534,25,3901.15788883711,-0.8,0,0,509.380247658632,0,0
17.14,100,91.3583048851862,74.8457481089166,4.16364883568374,19.7882220837267,0.113876398425808,25,3897.2672150259,-0.8,0,0,509.710915703179,0,0
17.16,100,91.3829602040007,74.9290000371001,4.16154830871469,19.7904414643591,0.10807471952228,25,3896.52408012323,-0.8,0,0,510.040672794727,0,0
17.18,100,91.4075451795854,75.0122102124962,4.15947346721102,19.7925456036116,0.102352697698075,25,3896.75525660228,-0.8,0,0,510.368947276272,0,0
17.2,100,91.4320600126341,75.0953791434632,4.15742377772564,19.7945361205196,0.0967129052042533,25,3902.78863076925,-0.8,0,0,510.696211959666,0,0
17.22,100,91.4565049032679,75.1785073277891,4.15539871664048,19.7964146845347,0.091157811366352,25,3888.71730186158,-0.8,0,0,511.022656113855,0,0
17.24,100,91.4808800510371,75.2615952528875,4.1533977701774,19.7981830134627,0.0856897821758789,25,3894.7148534479,-0.8,0,0,511.345762676467,0,0
17.26,100,91.5051856549228,75.3446433959953,4.15142043440377,19.7998428713927,0.0803110799764276,25,3898.29437508934,-0.8,0,0,511.669302873772,0,0
17.28,100,91.529421913338,75.4276522243689,4.14946621523277,19.8013960666226,0.075023863243033,25,3898.74005208099,-0.8,0,0,511.992478432262,0,0
17.3,100,91.55358902413,75.5106221954815,4.14753462841841,19.8028444495798,0.0698301864533343,25,3899.59570162954,-0.8,0,0,512.314096035257,0,0
17.32,100,91.5776871845814,75.5935537572198,4.14562519954539,19.8041899107411,0.0647320000490585,25,3898.76288684159,-0.8,0,0,512.634924416011,0,0
17.34,100,91.601716591412,75.6764473480802,4.14373746401389,19.8054343785518,0.0597311504862876,25,3897.14683049776,-0.8,0,0,512.9541082137,0,0
17.36,100,91.6256774407804,75.7593033973651,4.14187096701921,19.8065798173478,0.054829380372926,25,3900.58150424131,-0.8,0,0,513.271221306968,0,0
17.38,100,91.6495699282855,75.8421223253789,4.14002526352652,19.8076282252804,0.05002832869174,25,3896.00209111887,-0.8,0,0,513.588084759804,0,0
17.4,100,91.6733942489681,75.9249045436222,4.13819991824063,19.8085816322468,0.0453295311072967,25,3895.487589435,-0.8,0,0,513.903106398849,0,0
17.42,100,91.6971505973126,76.0076504549872,4.13639450557097,19.8094420978273,0.0407344203550886,25,3892.54123557507,-0.8,0,0,514.216913385902,0,0
17.44,100,91.7208391672486,76.0903604539509,4.13460860959182,19.8102117092318,0.0362443267110929,25,3897.36669495755,-0.8,0,0,514.529341988316,0,0
17.46,100,91.7444601521522,76.1730349267681,4.13284182399784,19.8108925792554,0.0318604785399756,25,3893.19460677711,-0.8,0,0,514.841102018374,0,0
17.48,100,91.7680137448479,76.2556742516632,4.13109375205499,19.8114868442465,0.0275840029201172,25,3901.15675256476,-0.8,0,0,515.151473375187,0,0
17.5,100,91.7915001376101,76.3382787990213,4.12936400654707,19.8119966620881,0.0234159263436032,25,3894.79576847618,-0.8,0,0,515.461597188804,0,0
17.52,100,91.8149195221646,76.4208489315777,4.12765220971768,19.8124242101936,0.0193571754892934,25,3896.71243013625,-0.8,0,0,515.769242345645,0,0
17.54,100,91.8382720896901,76.5033850046069,4.12595799320802,19.8127716835187,0.0154085780670549,25,3898.7483223166,-0.8,0,0,516.076077765017,0,0
17.56,100,91.8615580308201,76.5858873661095,4.12428099799038,19.8130412925911,0.0115708637312169,25,3894.11586110682,-0.8,0,0,516.383116708401,0,0
17.58,100,91.8847775356438,76.6683563569982,4.12262087429752,19.8132352615593,0.00784466506128213,25,3905.02606913874,-0.8,0,0,516.68825024847,0,0
17.6,100,91.9079307937085,76.7507923112826,4.12097728154807,19.8133558262613,0.00423051860790646,25,3894.63796707201,-0.8,0,0,516.994180917057,0,0
17.62,100,91.9310179940205,76.8331955562516,4.11934988826798,19.813405232315,0.00072886600214055,25,3893.34529140901,-0.8,0,0,517.295554544138,0,0
17.64,100,91.9540393250468,76.9155664126551,4.11773837200813,19.8133857332314,-0.00265994487409466,25,3886.13753102209,-0.8,0,0,517.596887415838,0,0
17.66,100,91.9769949747167,76.9979051948837,4.11614241925829,19.8132995885517,-0.00593565865833874,25,3899.17835446613,-0.8,0,0,517.895723113163,0,0
17.68,100,91.9998851304236,77.0802122111462,4.11456172535743,19.8131490620102,-0.00909811122078653,25,3886.45406053898,-0.8,0,0,518.195886874649,0,0
17.7,100,92.0227099790258,77.1624877636461,4.11299599440051,19.8129364197222,-0.0121472283224144,25,3890.92540142108,-0.8,0,0,518.493041976332,0,0
17.72,100,92.0454697068489,77.2447321487554,4.11144493914199,19.8126639284007,-0.0150830242201167,25,3894.42546426163,-0.8,0,0,518.789463171741,0,0
17.74,100,92.0681644996866,77.3269456571872,4.10990828089594,19.8123338536006,-0.0179056002209404,25,3887.86584653683,-0.8,0,0,519.085089048824,0,0
17.76,100,92.0907945428028,77.4091285741652,4.10838574943307,19.8119484579926,-0.0206151431875092,25,3886.80429402901,-0.8,0,0,519.379303095898,0,0
17.78,100,92.1133600209325,77.4912811795926,4.10687708287471,19.8115099996671,-0.0232119239967371,25,3886.43297694287,-0.8,0,0,519.671529428171,0,0
17.8,100,92.1358611182839,77.5734037482174,4.10538202758376,19.8110207304704,-0.0256962959539321,25,3878.40135340076,-0.8,0,0,519.963023497447,0,0
17.82,100,92.1582980185395,77.6554965497965,4.10390033805298,19.8104828943717,-0.0280686931643898,25,3883.79955688706,-0.8,0,0,520.251904639167,0,0
17.84,100,92.1806709048579,77.7375598492569,4.10243177679044,19.809898725864,-0.0303296288645799,25,3885.0356693814,-0.8,0,0,520.540558793549,0,0
17.86,100,92.2029799598749,77.8195939068549,4.10097611420245,19.8092704483986,-0.0324796937150241,25,3882.60379267966,-0.8,0,0,520.828611004134,0,0
17.88,100,92.2252253657054,77.9015989783331,4.09953312847401,19.8086002728537,-0.0345195540569571,25,3887.40380605167,-0.8,0,0,521.115306246415,0,0
17.9,100,92.2474073039448,77.9835753150743,4.09810260544689,19.8078903960387,-0.036449950134862,25,3877.96414356449,-0.8,0,0,521.401597894182,0,0
17.92,100,92.26952595567,78.065523164254,4.09668433849548,19.807142999234,-0.0382716942869589,25,3882.27763905172,-0.8,0,0,521.685528541168,0,0
17.94,100,92.2915815014418,78.1474427689891,4.09527812840056,19.8063602467679,-0.0399856691057185,25,3881.44515026887,-0.8,0,0,521.968530913911,0,0
17.96,100,92.3135741213055,78.2293343684855,4.09388378322101,19.8055442846296,-0.0415928255704623,25,3881.10770783454,-0.8,0,0,522.251390617597,0,0
17.98,100,92.3355039947928,78.3111981981815,4.09250111816367,19.8046972391207,-0.0430941811540964,25,3880.64712888633,-0.8,0,0,522.532621396535,0,0
18,100,92.3573713009232,78.3930344898904,4.09112995545146,19.8038212155443,-0.0444908179060165,25,3880.74962773663,-0.8,0,0,522.811886734948,0,0
18.02,100,92.3791762182054,78.4748434719388,4.08977012418976,19.802918296933,-0.0457838805131998,25,3878.22332294036,-0.8,0,0,523.090758091875,0,0
18.04,100,92.400918924639,78.556625369303,4.0884214602314,19.8019905428155,-0.0469745743414894,25,3873.4300945355,-0.8,0,0,523.36804743056,0,0
18.06,100,92.4225995977154,78.6383804037429,4.08708380604008,19.8010399880228,-0.0480641634590569,25,3870.29077778512,-0.8,0,0,523.643641855071,0,0
18.08,100,92.44421841442,78.7201087939324,4.08575701055264,19.8000686415343,-0.0490539686440048,25,3873.94011886892,-0.8,0,0,523.917709802705,0,0
18.1,100,92.4657755512329,78.801810755588,4.08444092904,19.7990784853632,-0.0499453653780586,25,3871.91560294232,-0.8,0,0,524.191061903299,0,0
18.12,100,92.487271184131,78.8834865015936,4.08313542296715,19.7980714734831,-0.0507397818282667,25,3869.54227368895,-0.8,0,0,524.463194675672,0,0
18.14,100,92.5087054885888,78.9651362421231,4.08184035985213,19.7970495307941,-0.0514386968186123,25,3869.25860345615,-0.8,0,0,524.734024031588,0,0
18.16,100,92.5300786395804,79.0467601847603,4.08055561312415,19.7960145521303,-0.0520436377934088,25,3863.74806845133,-0.8,0,0,525.0039654237,0,0
18.18,100,92.5513908115807,79.1283585346154,4.07928106198103,19.7949684013076,-0.0525561787743319,25,3870.28456097014,-0.8,0,0,525.271960771938,0,0
18.2,100,92.5726421785666,79.2099314944392,4.07801659124595,19.7939129102131,-0.052977938312909,25,3871.48533017519,-0.8,0,0,525.540166189075,0,0
18.22,100,92.5938329140189,79.2914792647337,4.07676209122378,19.7928498779342,-0.0533105774402635,25,3869.47533962869,-0.8,0,0,525.80720395023,0,0
18.24,100,92.6149631909232,79.3730020438609,4.0755174575569,19.7917810699304,-0.0535557976158802,25,3861.70999825483,-0.8,0,0,526.073316752696,0,0
18.26,100,92.6360331817717,79.4545000281477,4.07428259108081,19.7907082172444,-0.0537153386771287,25,3859.44075309827,-0.8,0,0,526.336167782198,0,0
18.28,100,92.6570430585646,79.5359734119885,4.07305739767949,19.7896330157559,-0.0537909767912528,25,3858.08712404077,-0.8,0,0,526.597918144725,0,0
18.3,100,92.6779929928109,79.6174223879446,4.07184178814072,19.7885571254746,-0.0537845224114996,25,3863.61009366663,-0.8,0,0,526.858700274601,0,0
18.32,100,92.6988831555309,79.698847146841,4.07063567801139,19.7874821698754,-0.0536978182390326,25,3863.62181989597,-0.8,0,0,527.119511456463,0,0
18.34,100,92.7197137172564,79.7802478778597,4.06943898745294,19.7864097352737,-0.0535327371922362,25,3861.22611283793,-0.8,0,0,527.378809084192,0,0
18.36,100,92.7404848480331,79.8616247686313,4.06825164109696,19.7853413702412,-0.0532911803849915,25,3857.0413052632,-0.8,0,0,527.637559534082,0,0
18.38,100,92.7611967174214,79.9429780053223,4.06707356790123,19.7842785850621,-0.0529750751154595,25,3858.18847050521,-0.8,0,0,527.894105612905,0,0
18.4,100,92.7818494944977,80.0243077727204,4.06590470100603,19.7832228512293,-0.0525863728668816,25,3850.12586981554,-0.8,0,0,528.150072174225,0,0
18.42,100,92.8024433478563,80.1056142543169,4.06474497759105,19.7821756009811,-0.0521270473218644,25,3854.44986185555,-0.8,0,0,528.403291897255,0,0
18.44,100,92.8229784456105,80.1868976323857,4.06359433873286,19.7811382268764,-0.0515990923915833,25,3851.27440494591,-0.8,0,0,528.656823075947,0,0
18.46,100,92.8434549553938,80.2681580880601,4.06245272926307,19.7801120814098,-0.0510045202613005,25,3847.57124304856,-0.8,0,0,528.908443043597,0,0
18.48,100,92.8638730443614,80.3493958014064,4.06132009762729,19.7790984766657,-0.050345359453556,25,3853.9357528523,-0.8,0,0,529.158236003427,0,0
18.5,100,92.8842328791918,80.430610951495,4.06019639574491,19.7780986840107,-0.0496236529103504,25,3845.94644790491,-0.8,0,0,529.408661585174,0,0
18.52,100,92.9045346260878,80.5118037164678,4.05908157886988,19.7771139338242,-0.0488414560956029,25,3845.94318786914,-0.8,0,0,529.657036883561,0,0
18.54,100,92.9247784507781,80.5929742736044,4.05797560545249,19.7761454152667,-0.0480008351191254,25,3839.4593994189,-0.8,0,0,529.904103350827,0,0
18.56,100,92.9449645185186,80.674122799384,4.05687843700228,19.7751942760855,-0.0471038648833162,25,3843.665195848,-0.8,0,0,530.149315115867,0,0
18.58,100,92.9650929940934,80.7552494695456,4.0557900379521,19.7742616224573,-0.0461526272537366,25,3844.44614269816,-0.8,0,0,530.394001071693,0,0
18.6,100,92.9851640418169,80.8363544591447,4.05471037552352,19.7733485188668,-0.045149209254694,25,3836.07411335578,-0.8,0,0,530.638807333219,0,0
18.62,100,93.0051778255345,80.9174379426084,4.05363941959348,19.7724559880216,-0.0440957012909138,25,3838.16494404735,-0.8,0,0,530.879826243672,0,0
18.64,100,93.025134508624,80.9985000937864,4.05257714256244,19.7715850108018,-0.0429941953963436,25,3837.07261902942,-0.8,0,0,531.120668735509,0,0
18.66,100,93.0450342539973,81.0795410860009,4.05152351922397,19.7707365262452,-0.0418467835110904,25,3834.82832636218,-0.8,0,0,531.361275478997,0,0
18.68,100,93.0648772241014,81.1605610920925,4.0504785266359,19.7699114315655,-0.0406555557874534,25,3833.66364389531,-0.8,0,0,531.599060193641,0,0
18.7,100,93.0846635809198,81.2415602844648,4.04944214399306,19.7691105822055,-0.0394225989259711,25,3830.67552499977,-0.8,0,0,531.836023948296,0,0
18.72,100,93.104393485974,81.3225388351255,4.0484143525018,19.768334791922,-0.038149994542364,25,3825.18427795328,-0.8,0,0,532.071730317285,0,0
18.74,100,93.1240671003244,81.4034969157255,4.04739513525607,19.7675848329037,-0.0368398175662094,25,3828.26711733337,-0.8,0,0,532.30631784473,0,0
18.76,100,93.1436845845722,81.4844346975955,4.04638447711553,19.7668614359205,-0.0354941346721459,25,3829.44045614429,-0.8,0,0,532.539748837007,0,0
18.78,100,93.1632460988602,81.56535235178,4.04538236458526,19.7661652905045,-0.0341150027443661,25,3820.87659444526,-0.8,0,0,532.772825883441,0,0
18.8,100,93.1827518028742,81.6462500490691,4.04438878569763,19.7654970451603,-0.0327044673751099,25,3816.08362235081,-0.8,0,0,533.004268804443,0,0
18.82,100,93.2022018558447,81.7271279600277,4.04340372989593,19.764857307606,-0.0312645613978365,25,3819.01282123631,-0.8,0,0,533.233531156675,0,0
18.84,100,93.2215964165477,81.807986255023,4.04242718792012,19.7642466450426,-0.0297973034557065,25,3817.48486688567,-0.8,0,0,533.462673039995,0,0
18.86,100,93.2409356433063,81.8888251042489,4.04145915169458,19.7636655844515,-0.0283046966059708,25,3815.48850616765,-0.8,0,0,533.69002613859,0,0
18.88,100,93.2602196939917,81.9696446777486,4.04049961421804,19.7631146129205,-0.0267887269608162,25,3808.35987984763,-0.8,0,0,533.916628877174,0,0
18.9,100,93.279448726025,82.0504451454352,4.03954856945553,19.7625941779955,-0.0252513623651866,25,3799.9740007782,-0.8,0,0,534.140668760691,0,0
18.92,100,93.2986228963779,82.13122667711,4.03860601223262,19.7621046880591,-0.023694551112047,25,3803.03254324889,-0.8,0,0,534.362238870915,0,0
18.94,100,93.3177423615744,82.2119894424783,4.03767193813183,19.7616465127336,-0.0221202206955312,25,3804.25655873977,-0.8,0,0,534.584296452465,0,0
18.96,100,93.3368072776919,82.292733611164,4.0367463433913,19.7612199833099,-0.0205302766023633,25,3803.61816223828,-0.8,0,0,534.805173039162,0,0
18.98,100,93.3558178003623,82.3734593527213,4.03582922480576,19.7608253931988,-0.0189266011419128,25,3803.08396624487,-0.8,0,0,535.025672516594,0,0
19,100,93.3747740847738,82.4541668366454,4.03492057962976,19.7604629984062,-0.0173110523151997,25,3795.4680107414,-0.8,0,0,535.244363099006,0,0
19.02,100,93.3936762856717,82.5348562323799,4.03402040548336,19.7601330180302,-0.0156854627231299,25,3797.46265233823,-0.8,0,0,535.461677715063,0,0
19.04,100,93.4125245573597,82.6155277093241,4.03312870026009,19.7598356347797,-0.0140516385142036,25,3796.69658937905,-0.8,0,0,535.678545503634,0,0
19.06,100,93.4313190537014,82.6961814368369,4.03224546203733,19.7595709955136,-0.0124113583719013,25,3798.3595002268,-0.8,0,0,535.893731437951,0,0
19.08,100,93.4500599281213,82.77681758424,4.03137068898911,19.7593392118,-0.0107663725419171,25,3790.39071495758,-0.8,0,0,536.108742478173,0,0
19.1,100,93.4687473336063,82.8574363208189,4.03050437930137,19.7591403604941,-0.00911840189936972,25,3789.41721622823,-0.8,0,0,536.320926652023,0,0
19.12,100,93.4873814227068,82.938037815822,4.02964653108965,19.758974484335,-0.00746913705608924,25,3788.80842200104,-0.8,0,0,536.532483382962,0,0
19.14,100,93.5059623475378,83.0186222384588,4.02879714231922,19.7588415925591,-0.00582023750804173,25,3783.43680482736,-0.8,0,0,536.74354510978,0,0
19.16,100,93.5244902597804,83.0991897578961,4.02795621072772,19.758741661531,-0.00417333082291631,25,3781.99462632527,-0.8,0,0,536.951919048721,0,0
19.18,100,93.5429653106831,83.1797405432522,4.0271237337503,19.7586746353896,-0.00253001186786928,25,3777.21767797136,-0.8,0,0,537.159897813296,0,0
19.2,100,93.5613876510627,83.2602747635908,4.02629970844725,19.7586404267097,-0.000891842077384139,25,3773.04124138904,-0.8,0,0,537.366361732567,0,0
19.22,100,93.5797574313058,83.3407925879123,4.02548413143407,19.7586389171775,0.000739651238825684,25,3781.13112739573,-0.8,0,0,537.571527285839,0,0
19.24,100,93.5980748013697,83.4212941851444,4.02467699881417,19.7586699582797,0.00236297554797787,25,3767.75331582577,-0.8,0,0,537.775802524167,0,0
19.26,100,93.6163399107843,83.5017797241313,4.02387830611394,19.7587333720053,0.00397667370658218,25,3770.41664611493,-0.8,0,0,537.978230026804,0,0
19.28,100,93.6345529086524,83.5822493736214,4.02308804822048,19.758828951559,0.00557932453317025,25,3768.85136087471,-0.8,0,0,538.180098710514,0,0
19.3,100,93.6527139436518,83.6627033022539,4.02230621932168,19.7589564620861,0.00716954334159189,25,3765.07458759284,-0.8,0,0,538.381010297964,0,0
19.32,100,93.6708231640359,83.7431416785442,4.02153281284891,19.7591156414072,0.00874598243510649,25,3755.99732606444,-0.8,0,0,538.580284444001,0,0
19.34,100,93.6888807176352,83.8235646708686,4.02076782142219,19.7593062007628,0.0103073315615263,25,3753.00494404676,-0.8,0,0,538.777124383436,0,0
19.36,100,93.7068867518583,83.9039724474469,4.02001123679784,19.7595278255661,0.0118523183296957,25,3752.27865820894,-0.8,0,0,538.973218294319,0,0
19.38,100,93.7248414136935,83.9843651763253,4.01926304981858,19.7597801761646,0.0133797085876192,25,3754.68916983763,-0.8,0,0,539.168043798073,0,0
19.4,100,93.7427448497095,84.0647430253571,4.01852325036614,19.7600628886076,0.0148883067625778,25,3750.37959196006,-0.8,0,0,539.36208057574,0,0
19.42,100,93.7605972060567,84.1451061621832,4.01779182731632,19.7603755754216,0.0163769561635974,25,3747.76525607365,-0.8,0,0,539.553969487516,0,0
19.44,100,93.778398628469,84.2254547542119,4.01706876849649,19.7607178263902,0.0178445392466606,25,3743.32772340062,-0.8,0,0,539.745488078957,0,0
19.46,100,93.7961492622642,84.3057889685968,4.0163540606455,19.7610892093396,0.0192899778430752,25,3738.32052620621,-0.8,0,0,539.935354509487,0,0
19.48,100,93.8138492523453,84.3861089722155,4.015647689376,19.761489270928,0.0207122333514394,25,3740.01093210801,-0.8,0,0,540.123907335176,0,0
19.5,100,93.8314987432024,84.4664149316461,4.0149496391392,19.7619175374384,0.0221103068936627,25,3729.87478110372,-0.8,0,0,540.311679952855,0,0
19.52,100,93.8490978789129,84.5467070131437,4.01425989319188,19.7623735155749,0.0234832394355273,25,3736.75107113626,-0.8,0,0,540.497417920309,0,0
19.54,100,93.8666468031433,84.6269853826166,4.01357843356589,19.7628566932596,0.0248301118722939,25,3721.0798491287,-0.8,0,0,540.682789637648,0,0
19.56,100,93.8841456591504,84.707250205601,4.01290524103983,19.7633665404327,0.026150045079877,25,3731.1952206271,-0.8,0,0,540.865679698425,0,0
19.58,100,93.9015945897819,84.7875016472362,4.01224029511316,19.7639025098516,0.0274421999321352,25,3726.67862402769,-0.8,0,0,541.049142998106,0,0
19.6,100,93.9189937374782,84.8677398722383,4.01158357398245,19.7644640378911,0.0287057772848393,25,3719.02604399715,-0.8,0,0,541.230268151106,0,0
19.62,100,93.9363432442733,84.9479650448741,4.01093505451996,19.7650505453427,0.0299400179269003,25,3720.22571475813,-0.8,0,0,541.409324632278,0,0
19.64,100,93.9536432517959,85.0281773289345,4.01029471225439,19.7656614382123,0.0311442024994585,25,3707.94603809222,-0.8,0,0,541.588801190221,0,0
19.66,100,93.9708939012707,85.1083768877074,4.00966252135381,19.7662961085161,0.0323176513834464,25,3709.57852849263,-0.8,0,0,541.765681216527,0,0
19.68,100,93.9880953335194,85.1885638839504,4.00903845461077,19.7669539350743,0.0334597245562594,25,3705.83590939602,-0.8,0,0,541.941790577215,0,0
19.7,100,94.0052476889618,85.268738479863,4.00842248342945,19.7676342843011,0.0345698214181803,25,3708.74635093745,-0.8,0,0,542.116251157515,0,0
19.72,100,94.0223511076175,85.3489008370588,4.00781457781501,19.7683365109913,0.0356473805892185,25,3698.03264089148,-0.8,0,0,542.290291273466,0,0
19.74,100,94.0394057291061,85.4290511165375,4.00721470636484,19.7690599591025,0.036691879677037,25,3702.49772746877,-0.8,0,0,542.462176492669,0,0
19.76,100,94.0564116926492,85.5091894786565,4.00662283626197,19.769803962532,0.0377028350166562,25,3695.01002815392,-0.8,0,0,542.634258684303,0,0
19.78,100,94.073369137071,85.5893160831028,4.00603893327031,19.7705678458887,0.0386798013826302,25,3690.82232128063,-0.8,0,0,542.804432797598,0,0
19.8,100,94.0902782007999,85.6694310888645,4.00546296173193,19.771350925259,0.0396223716744075,25,3691.9745258498,-0.8,0,0,542.973367055041,0,0
19.82,100,94.107139021869,85.7495346542021,4.00489488456619,19.7721525089655,0.0405301765755946,25,3685.77810776769,-0.8,0,0,543.14186292957,0,0
19.84,100,94.1239517379178,85.8296269366204,4.0043346632707,19.7729718983194,0.0414028841878518,25,3685.65174336314,-0.8,0,0,543.307975631002,0,0
19.86,100,94.140716486193,85.90970809284,4.00378225792417,19.7738083883649,0.0422401996401593,25,3679.18287806131,-0.8,0,0,543.473397273031,0,0
19.88,100,94.1574334035499,85.9897782787689,4.00323762719098,19.7746612686154,0.0430418646741998,25,3676.02922067126,-0.8,0,0,543.637320065979,0,0
19.9,100,94.1741026264532,86.0698376494742,4.00270072832747,19.7755298237819,0.0438076572066091,25,3671.94181719031,-0.8,0,0,543.799933776777,0,0
19.92,100,94.1907242909782,86.1498863591543,4.00217151718993,19.7764133344915,0.0445373908688563,25,3671.97647850025,-0.8,0,0,543.960594846125,0,0
19.94,100,94.207298532812,86.2299245611105,4.00164994824432,19.7773110779971,0.0452309145255154,25,3662.81398287878,-0.8,0,0,544.121148117939,0,0
19.96,100,94.2238254872548,86.30995240772,4.00113597457741,19.7782223288773,0.045888111771702,25,3662.06410666543,-0.8,0,0,544.279394747627,0,0
19.98,100,94.2403052892205,86.3899700504077,4.0006295479097,19.7791463597251,0.046508900410446,25,3660.79554527788,-0.8,0,0,544.436311266262,0,0
20,100,94.2567380732383,86.4699776396196,4.00013061860965,19.7800824418275,0.0470932319107788,25,3656.67176135337,-0,0,0,544.59264528655,0,0
20.02,100,94.2731239734533,86.5501347884955,4.01555875415426,19.7810282987955,0.0474096093577627,25,3647.18670035093,-0,0,0,544.747355776924,0,0
20.04,100,94.2894631236281,86.6305989741576,4.03083454228854,19.7819755578008,0.0472357362843217,25,3644.71494190879,-0,0,0,544.900470779422,0,0
20.06,100,94.3057556571436,86.7113671642362,4.04595943470734,19.7829145522352,0.0465854700378214,25,3642.63055256292,-0,0,0,545.05230384735,0,0
20.08,100,94.3220017070003,86.7924363550289,4.06093484658246,19.7838358936235,0.0454727644780957,25,3643.86764500546,-0,0,0,545.203319271198,0,0
20.1,100,94.3382014058189,86.8738035707801,4.07576215764173,19.7847304734279,0.0439116574227496,25,3630.03364110471,-0,0,0,545.354476947787,0,0
20.12,100,94.354354885842,86.9554658629836,4.09044271323986,19.7855894646031,0.0419162582293413,25,3627.07706494018,-0,0,0,545.503457960852,0,0
20.14,100,94.370462278935,87.0374203097052,4.10497782542037,19.7864043229041,0.0395007355225532,25,3627.00786751895,-0,0,0,545.651182055877,0,0
20.16,100,94.3865237165866,87.1196640149272,4.11936877396813,19.7871667879496,0.0366793050742062,25,3614.59605195409,-0,0,0,545.79788140649,0,0
20.18,100,94.4025393299109,87.2021941079138,4.13361680745205,19.7878688840456,0.033466217843701,25,3606.10189542556,-0,0,0,545.942473979646,0,0
20.2,100,94.4185092496477,87.2850077425972,4.1477231442574,19.7885029207707,0.0298757481862106,25,3599.88195897053,-0,0,0,546.08536089226,0,0
20.22,100,94.4344336061636,87.3681020969837,4.16168897360733,19.7890614933277,0.0259221822356775,25,3599.80303236452,-0,0,0,546.227066088073,0,0
20.24,100,94.4503125294536,87.451474372581,4.17551545657311,19.7895374826643,0.0216198064694022,25,3596.96197467759,-0,0,0,546.367390080514,0,0
20.26,100,94.4661461491416,87.535121793845,4.18920372707268,19.7899240553673,0.0169828964607392,25,3587.3545435873,-0,0,0,546.506528901461,0,0
20.28,100,94.4819345944817,87.6190416076467,4.20275489285708,19.7902146633338,0.01202570582615,25,3585.91587332167,-0,0,0,546.644590683547,0,0
20.3,100,94.4976779943593,87.7032310827586,4.21617003648436,19.7904030432228,0.00676245537258592,25,3584.61815500367,-0,0,0,546.781889757895,0,0
20.32,100,94.513376477292,87.7876875093604,4.22945021628051,19.7904832156926,0.00120732245090966,25,3574.33353508035,-0,0,0,546.917148083975,0,0
20.34,100,94.5290301714307,87.8724081985639,4.24259646728724,19.7904494844269,-0.00462556947921316,25,3565.23300796841,-0,0,0,547.050813447748,0,0
20.36,100,94.5446392045609,87.9573904819567,4.25560980219594,19.7902964349541,-0.0107221610677866,25,3562.73721978668,-0,0,0,547.182879544238,0,0
20.38,100,94.5602037041033,88.0426317111645,4.26849121226777,19.7900189332653,-0.0170684670714302,25,3556.79209116491,-0,0,0,547.314067166783,0,0
20.4,100,94.5757237971151,88.1281292574313,4.28124166823935,19.7896121242335,-0.0236505861241749,25,3547.59950460399,-0,0,0,547.443093239556,0,0
20.42,100,94.5911996102911,88.2138805112181,4.29386212121385,19.7890714298408,-0.0304547102777532,25,3544.56584208798,-0,0,0,547.571186594247,0,0
20.44,100,94.6066312699644,88.299882881819,4.30635350353709,19.7883925472162,-0.037467134307302,25,3541.58443655062,-0,0,0,547.698426937023,0,0
20.46,100,94.622018902108,88.3861337969946,4.31871672965847,19.7875714464902,-0.0446742647786563,25,3532.16194768549,-0,0,0,547.823402054746,0,0
20.48,100,94.6373626323351,88.4726307026225,4.33095269697639,19.7866043684703,-0.0520626288736823,25,3530.69703145507,-0,0,0,547.946666214029,0,0
20.5,100,94.6526625859009,88.5593710623649,4.34306228666785,19.7854878221426,-0.0596188829703609,25,3522.04802574169,-0,0,0,548.069692705218,0,0
20.52,100,94.6679188877031,88.6463523573519,4.3550463645022,19.7842185820041,-0.0673298209745939,25,3515.48600985864,-0,0,0,548.191177621117,0,0
20.54,100,94.6831316622828,88.7335720858816,4.36690578163855,19.7827936852306,-0.0751823824009679,25,3508.66175950166,-0,0,0,548.311294271754,0,0
20.56,100,94.6983010338262,88.8210277631358,4.37864137540686,19.7812104286862,-0.0831636601999652,25,3500.71726107594,-0,0,0,548.429495844896,0,0
20.58,100,94.713427126165,88.9087169209109,4.39025397007233,19.7794663657785,-0.091260908329369,25,3492.91477837374,-0,0,0,548.546393993432,0,0
20.6,100,94.7285100627774,88.9966371073643,4.40174437758309,19.7775593031645,-0.0994615490678651,25,3491.30572646894,-0,0,0,548.661060257677,0,0
20.62,100,94.7435499667897,89.0847858867752,4.41311339830089,19.7754872973134,-0.107753180069087,25,3483.87141748993,-0,0,0,548.775580450741,0,0
20.64,100,94.7585469609765,89.1731608393201,4.42436182171471,19.7732486509309,-0.116123581154603,25,3475.68109648823,-0,0,0,548.887567539922,0,0
20.66,100,94.7735011677625,89.2617595608626,4.43549042713714,19.7708419092498,-0.124560720844595,25,3480.57033933295,-0,0,0,548.998598027981,0,0
20.68,100,94.7884127092229,89.3505796627562,4.44649998438338,19.7682658561931,-0.133052762625195,25,3472.43229465881,-0,0,0,549.109522614807,0,0
20.7,100,94.8032817070847,89.4396187716613,4.45739125443284,19.7655195104144,-0.141588070951725,25,3462.08596315033,-0,0,0,549.218085664028,0,0
20.72,100,94.8181082827274,89.5288745293751,4.46816499007318,19.76260212122,-0.150155216987278,25,3454.39246709269,-0,0,0,549.32505245641,0,0
20.74,100,94.8328925571845,89.6183445926737,4.47882193652672,19.7595131643805,-0.158742984076333,25,3451.30889551094,-0,0,0,549.430359464711,0,0
20.76,100,94.847634651144,89.7080266331671,4.48936283205917,19.7562523378339,-0.167340372953324,25,3440.4847969537,-0,0,0,549.534484448649,0,0
20.78,100,94.8623346849495,89.797918337166,4.49978840857065,19.7528195572882,-0.175936606686293,25,3440.50145067724,-0,0,0,549.635860908297,0,0
20.8,100,94.8769927786015,89.8880174055602,4.51009939216899,19.7492149517276,-0.184521135355996,25,3431.20585522565,-0,0,0,549.736951166714,0,0
20.82,100,94.891609051758,89.9783215537086,4.52029650372516,19.7454388588274,-0.193083640471014,25,3421.2884348875,-0,0,0,549.836848981745,0,0
20.84,100,94.9061836237355,90.0688285113392,4.53038045941099,19.7414918202838,-0.201614039119686,25,3414.47544658698,-0,0,0,549.934671725754,0,0
20.86,100,94.9207166135102,90.1595360224613,4.54035197121911,19.7373745770627,-0.21010248785982,25,3404.03713998158,-0,0,0,550.030335662859,0,0
20.88,100,94.9352081397188,90.2504418452862,4.55021174746508,19.7330880645738,-0.2185393863474,25,3405.93538654435,-0,0,0,550.123678152592,0,0
20.9,100,94.9496583206596,90.3415437521587,4.55996049327187,19.7286334077741,-0.226915380705673,25,3394.21501038744,-0,0,0,550.216865184047,0,0
20.92,100,94.9640672742934,90.4328395294982,4.5695989110366,19.7240119162078,-0.235221366636202,25,3384.03456701162,-0,0,0,550.307152403005,0,0
20.94,100,94.9784351182443,90.5243269777485,4.57912770087965,19.719225078985,-0.243448492273653,25,3381.37285179975,-0,0,0,550.395985632954,0,0
20.96,100,94.9927619698009,90.6160039113366,4.58854756107633,19.7142745597067,-0.251588160786286,25,3378.33536857743,-0,0,0,550.484325164429,0,0
20.98,100,95.0070479459173,90.7078681586402,4.59785918847088,19.7091621913409,-0.259632032724277,25,3376.69787657998,-0,0,0,550.571207064888,0,0
21,100,95.0212931632136,90.7999175619626,4.60706327887329,19.7038899710527,-0.26757202811819,25,3364.71015353896,-0,0,0,550.656392867641,0,0
21.02,100,95.0354977379775,90.8921499775165,4.61616052743872,19.6984600549964,-0.275400328330074,25,3357.92584073288,-0,0,0,550.740860932819,0,0
21.04,100,95.0496617861647,90.9845632754137,4.62515162902978,19.6928747530719,-0.283109377659835,25,3352.1338796891,-0,0,0,550.823311440354,0,0
21.06,100,95.0637854234003,91.0771553396638,4.63403727856182,19.6871365236523,-0.29069188470969,25,3334.3668979437,-0,0,0,550.904705083165,0,0
21.08,100,95.0778687649793,91.1699240681775,4.64281817133126,19.6812479682862,-0.298140823509653,25,3336.35641259004,-0,0,0,550.982310268447,0,0
21.1,100,95.0919119258677,91.2628673727781,4.6514950033272,19.6752118263795,-0.305449434407174,25,3329.89877556889,-0,0,0,551.059810918788,0,0
21.12,100,95.1059150207039,91.355983179218,4.66006847152645,19.6690309698622,-0.312611224724177,25,3319.39889813098,-0,0,0,551.135935710253,0,0
21.14,100,95.1198781637987,91.4492694272014,4.66853927417205,19.6627083978448,-0.319619969184888,25,3317.96628003948,-0,0,0,551.209716857907,0,0
21.16,100,95.1338014691372,91.5427240704121,4.67690811103564,19.656247231267,-0.32646971011798,25,3308.83901101025,-0,0,0,551.282472411768,0,0
21.18,100,95.147685050379,91.6363450765468,4.68517568366366,19.6496507075461,-0.333154757436689,25,3300.31481439261,-0,0,0,551.353873729551,0,0
21.2,100,95.1615290208595,91.7301304273529,4.69334269560776,19.642922175227,-0.339669688400677,25,3290.52857254523,-0,0,0,551.423810216802,0,0
21.22,100,95.1753334935909,91.8240781186704,4.70140985263943,19.6360650886395,-0.34600934716354,25,3289.03826596103,-0,0,0,551.490952782527,0,0
21.24,100,95.1890985812629,91.9181861604789,4.70937786294927,19.6290830025669,-0.352168844109955,25,3280.23987738951,-0,0,0,551.557734714301,0,0
21.26,100,95.2028243962434,92.0124525769474,4.71724743733091,19.6219795669294,-0.358143554986603,25,3266.13477627754,-0,0,0,551.622326822564,0,0
21.28,100,95.2165110505802,92.1068754064882,4.72501928934997,19.6147585214875,-0.363929119831059,25,3263.3178529069,-0,0,0,551.684154717292,0,0
21.3,100,95.230158656001,92.2014527018139,4.73269413549824,19.6074236905684,-0.369521441702986,25,3257.17518504726,-0,0,0,551.745682374935,0,0
21.32,100,95.2437673239149,92.2961825299976,4.74027269533318,19.5999789778199,-0.374916685222017,25,3248.15886153275,-0,0,0,551.805204403181,0,0
21.34,100,95.2573371654133,92.391062972535,4.74775569160329,19.5924283609956,-0.380111274916827,25,3238.22873663923,-0,0,0,551.863076980728,0,0
21.36,100,95.2708682912703,92.4860921254098,4.75514385035931,19.5847758867742,-0.385101893389969,25,3223.29154154333,-0,0,0,551.918360775116,0,0
21.38,100,95.2843608119443,92.5812680991604,4.76243790105163,19.5770256656187,-0.389885479303108,25,3226.13683905238,-0,0,0,551.971528117714,0,0
21.4,100,95.2978148375783,92.676589018949,4.7696385766142,19.569181866676,-0.394459225187389,25,3216.23108623212,-0,0,0,552.024557834952,0,0
21.42,100,95.3112304780011,92.772053024632,4.77674661353516,19.5612487127235,-0.398820575083705,25,3212.28328174425,-0,0,0,552.075598778053,0,0
21.44,100,95.3246078427284,92.8676582708314,4.78376275191451,19.5532304751633,-0.402967222017721,25,3200.17929874716,-0,0,0,552.125446167507,0,0
21.46,100,95.3379470409632,92.963402927008,4.79068773550899,19.5451314690697,-0.406897105314543,25,3195.04024052451,-0,0,0,552.173904859341,0,0
21.48,100,95.3512481815968,93.0592851775342,4.79752231176466,19.5369560482909,-0.410608407757997,25,3183.94871001266,-0,0,0,552.220455757755,0,0
21.5,100,95.3645113732102,93.1553032217686,4.8042672318372,19.5287086006095,-0.414099552599487,25,3180.48609779598,-0,0,0,552.265188315365,0,0
21.52,100,95.3777367240744,93.2514552741302,4.81092325060051,19.5203935429646,-0.417369200421491,25,3169.68195486288,-0,0,0,552.308628110426,0,0
21.54,100,95.3909243421515,93.3477395641724,4.81749112664364,19.5120153167376,-0.420416245860749,25,3163.56639920972,-0,0,0,552.350317341006,0,0
21.56,100,95.4040743350956,93.4441543366577,4.82397162225658,19.5035783831047,-0.423239814196253,25,3150.11072374108,-0,0,0,552.390166210982,0,0
21.58,100,95.4171868102536,93.5406978516309,4.83036550340499,19.4950872184597,-0.42583925780715,25,3153.21303278586,-0,0,0,552.427910733223,0,0
21.6,100,95.4302618746663,93.6373683844928,4.8366735396944,19.4865463099083,-0.428214152505728,25,3138.27636469753,-0,0,0,552.465360963452,0,0
21.62,100,95.4432996350688,93.7341642260723,4.84289650432401,19.4779601508368,-0.430364293750621,25,3124.98524909069,-0,0,0,552.500354253628,0,0
21.64,100,95.4563001978921,93.8310836826977,4.84903517403048,19.4693332365586,-0.432289692745434,25,3123.41415863145,-0,0,0,552.532275784309,0,0
21.66,100,95.4692636692632,93.9281250762668,4.85509032902204,19.4606700600389,-0.433990572427945,25,3119.28263487989,-0,0,0,552.564495870116,0,0
21.68,100,95.4821901550064,94.0252867443159,4.86106275290316,19.4519751077007,-0.43546736335509,25,3100.93931833684,-0,0,0,552.595690474169,0,0
21.7,100,95.4950797606442,94.1225670400865,4.86695323259014,19.4432528553151,-0.436720699488899,25,3097.58548280359,-0,0,0,552.623379601411,0,0
21.72,100,95.5079325913979,94.2199643325907,4.87276255821802,19.4345077639755,-0.437751413888567,25,3089.71810820174,-0,0,0,552.649757265331,0,0
21.74,100,95.5207487521886,94.3174770066748,4.87849152303889,19.4257442761597,-0.438560534313827,25,3085.53033064004,-0,0,0,552.674996038269,0,0
21.76,100,95.5335283476381,94.4151034630803,4.88414092331222,19.4169668118806,-0.439149278744774,25,3068.59318984961,-0,0,0,552.698895722136,0,0
21.78,100,95.5462714820697,94.5128421185031,4.88971155818729,19.4081797649274,-0.439519050823274,25,3068.35400332955,-0,0,0,552.719483582068,0,0
21.8,100,95.5589782595091,94.6106914056498,4.89520422957812,19.3993874991982,-0.439671435221076,25,3060.05528320298,-0,0,0,552.740214258463,0,0
21.82,100,95.5716487836851,94.7086497732919,4.90061974203126,19.3905943451264,-0.439608192939704,25,3056.29142617273,-0,0,0,552.758692422923,0,0
21.84,100,95.5842831580307,94.806715686317,4.90595890258674,19.381804596202,-0.439331256547193,25,3042.51820292874,-0,0,0,552.776393518364,0,0
21.86,100,95.5968814856837,94.9048876257773,4.91122252063237,19.3730225055878,-0.438842725356681,25,3028.2328773198,-0,0,0,552.790984518846,0,0
21.88,100,95.6094438694876,95.003164088935,4.91641140775194,19.3642522828337,-0.43814486055185,25,3018.84887299286,-0,0,0,552.804096665015,0,0
21.9,100,95.6219704119926,95.1015435893043,4.92152637756742,19.3554980906881,-0.437240080264155,25,3014.92150320036,-0,0,0,552.81392763567,0,0
21.92,100,95.6344612154562,95.2000246566913,4.92656824557559,19.3467640420086,-0.436130954606744,25,3007.26105722619,-0,0,0,552.822875925935,0,0
21.94,100,95.6469163818443,95.2986058372291,4.93153782897933,19.3380541967726,-0.434820200669912,25,2996.99921540893,-0,0,0,552.830693663522,0,0
21.96,100,95.6593360128318,95.3972856934105,4.93643594651403,19.3293725591876,-0.433310677482902,25,2986.82620953921,-0,0,0,552.836280029196,0,0
21.98,100,95.6717202098034,95.4960628041171,4.94126341826924,19.3207230749036,-0.431605380946791,25,2970.68548988397,-0,0,0,552.840438394321,0,0
22,100,95.6840690738547,95.5949357646439,4.94602106550595,19.312109628326,-0.429707438743148,25,2972.28530222025,-0,0,0,552.841482500982,0,0
22.02,100,95.6963827057929,95.6939031867217,4.95070971046985,19.3035360400316,-0.42762010522311,25,2962.33304625116,-0,0,0,552.842487616704,0,0
22.04,100,95.7086612061374,95.7929636985341,4.95533017620077,19.295006064286,-0.425346756281417,25,2949.52205682165,-0,0,0,552.841527685591,0,0
22.06,100,95.720904675121,95.8921159447321,4.95988328633871,19.2865233866644,-0.422890884219936,25,2950.06609089344,-0,0,0,552.838226588921,0,0
22.08,100,95.7331132126905,95.9913585864438,4.96436986492666,19.2780916217746,-0.42025609260508,25,2936.76779329327,-0,0,0,552.835095237728,0,0
22.1,100,95.7452869185073,96.0906903012805,4.96879073621046,19.2697143110835,-0.41744609112351,25,2924.91729758723,-0,0,0,552.829099298623,0,0
22.12,100,95.7574258919489,96.1901097833386,4.97314672443623,19.2613949208457,-0.414464690440381,25,2916.91776152375,-0,0,0,552.820879160259,0,0
22.14,100,95.7695302321088,96.289615743198,4.97743865364531,19.2531368401356,-0.411315797064379,25,2900.92003828251,-0,0,0,552.810960487652,0,0
22.16,100,95.7816000377982,96.3892069079154,4.98166734746727,19.2449433789818,-0.408003408223653,25,2902.79253175208,-0,0,0,552.798167862469,0,0
22.18,100,95.7936354075461,96.4888820210145,4.98583362891113,19.2368177666037,-0.404531606756719,25,2887.57897467234,-0,0,0,552.785733950538,0,0
22.2,100,95.8056364396005,96.5886398424711,4.98993832015505,19.22876314975,-0.400904556022304,25,2876.55392030943,-0,0,0,552.77058514241,0,0
22.22,100,95.8176032319291,96.6884791486943,4.99398224233488,19.2207825911397,-0.397126494832018,25,2874.84107216096,-0,0,0,552.753319219061,0,0
22.24,100,95.82953588222,96.788398732504,4.99796621533169,19.2128790680027,-0.393201732409668,25,2861.82919894084,-0,0,0,552.735251333557,0,0
22.26,100,95.8414344878827,96.8883974031033,5.00189105755859,19.2050554707223,-0.389134643380918,25,2856.43111083413,-0,0,0,552.714843179926,0,0
22.28,100,95.8532991460487,96.9884739860471,5.00575758574718,19.1973146015767,-0.384929662796936,25,2841.71685831823,-0,0,0,552.693092324106,0,0
22.3,100,95.8651299535725,97.0886273232063,5.00956661473368,19.18965917358,-0.380591281195564,25,2834.07558439721,-0,0,0,552.669092383899,0,0
22.32,100,95.8769270070322,97.1888562727278,5.01331895724526,19.1820918094215,-0.376124039703452,25,2824.7348133358,-0,0,0,552.64264617665,0,0
22.34,100,95.8886904027302,97.2891597089903,5.01701542368652,19.1746150405028,-0.371532525182521,25,2814.23625222267,-0,0,0,552.615141620297,0,0
22.36,100,95.9004202366944,97.3895365225554,5.02065682192655,19.1672313060706,-0.366821365423998,25,2806.63623662356,-0,0,0,552.585440618307,0,0
22.38,100,95.9121166046786,97.4899856201151,5.02424395708678,19.1599429524464,-0.361995224393204,25,2799.49110061838,-0,0,0,552.554952258158,0,0
22.4,100,95.9237796021634,97.5905059244345,5.02777763132971,19.1527522323499,-0.357058797528158,25,2783.96999485034,-0,0,0,552.522668297627,0,0
22.42,100,95.935409324357,97.6910963742906,5.03125864364889,19.145661304316,-0.352016807094955,25,2780.34053731751,-0,0,0,552.488392481182,0,0
22.44,100,95.947005866196,97.791755924407,5.03468778966033,19.1386722322043,-0.346873997602808,25,2771.14130518833,-0,0,0,552.451926889254,0,0
22.46,100,95.958569322346,97.8924835453839,5.03806586139546,19.1317869847994,-0.341635131281519,25,2752.11201039144,-0,0,0,552.414321394046,0,0
22.48,100,95.9700997872028,97.9932782236247,5.04139364709593,19.1250074355014,-0.336304983624053,25,2749.58330731399,-0,0,0,552.373380404666,0,0
22.5,100,95.9815973548926,98.0941389612581,5.04467193101046,19.1183353621046,-0.330888338996789,25,2735.17321563542,-0,0,0,552.332474222008,0,0
22.52,100,95.9930621192732,98.195064776056,5.04790149319382,19.1117724466632,-0.325389986319924,25,2727.61764391098,-0,0,0,552.289219401183,0,0
22.54,100,96.0044941739346,98.2960547013479,5.05108310930824,19.105320275443,-0.3198147148204,25,2714.97482120581,-0,0,0,552.243479092808,0,0
22.56,100,96.0158936121997,98.3971077859309,5.05421755042739,19.0989803389569,-0.314167309859635,25,2709.72249204427,-0,0,0,552.195973305064,0,0
22.58,100,96.0272605271252,98.4982230939763,5.05730558284308,19.0927540320834,-0.308452548838209,25,2699.60043417101,-0,0,0,552.14782684247,0,0
22.6,100,96.0385950115024,98.5993997049316,5.06034796787486,19.0866426542665,-0.302675197179598,25,2685.15255170799,-0,0,0,552.097262720489,0,0
22.62,100,96.0498971578576,98.7006367134194,5.0633454616827,19.0806474097939,-0.296840004394908,25,2678.05668956882,-0,0,0,552.043953390754,0,0
22.64,100,96.0611670584534,98.8019332291325,5.0662988150829,19.0747694081545,-0.290951700230487,25,2665.45547220631,-0,0,0,551.989788089935,0,0
22.66,100,96.072404805289,98.9032883767251,5.06920877336733,19.0690096644716,-0.285014990900168,25,2662.43415561468,-0,0,0,551.933598175678,0,0
22.68,100,96.0836104901013,99.0047012957003,5.07207607612624,19.0633691000102,-0.279034555403826,25,2648.04256813858,-0,0,0,551.875832491446,0,0
22.7,100,96.0947842043652,99.1061711402947,5.07490145707468,19.0578485427572,-0.273015041933797,25,2637.69504791579,-0,0,0,551.816597660054,0,0
22.72,100,96.1059260392948,99.2076970793591,5.07768564388273,19.0524487280734,-0.26696106437064,25,2626.52412457882,-0,0,0,551.754934022607,0,0
22.74,100,96.1170360858438,99.3092782962356,5.0804293580096,19.0471702994134,-0.260877198869592,25,2620.12073254611,-0,0,0,551.691623715859,0,0
22.76,100,96.1281144347068,99.4109139886324,5.0831333145418,19.0420138091138,-0.254767980539,25,2601.62246621253,-0,0,0,551.627744982655,0,0
22.78,100,96.1391611763191,99.5126033684941,5.08579822203543,19.0369797192464,-0.248637900211883,25,2590.06051927527,-0,0,0,551.56061232297,0,0
22.8,100,96.1501764008583,99.6143456618698,5.08842478236271,19.0320684025353,-0.242491401311707,25,2583.82640055409,-0,0,0,551.491019431506,0,0
22.82,100,96.1611601982448,99.7161401087782,5.09101369056291,19.0272801433357,-0.236332876813337,25,2576.44133034629,-0,0,0,551.420427883592,0,0
22.84,100,96.1721126581422,99.8179859630691,5.09356563469763,19.0226151386724,-0.230166666300059,25,2560.80909881804,-0,0,0,551.348573812273,0,0
22.86,100,96.1830338699583,99.9198824922826,5.09608129571069,19.0180734993362,-0.22399705311744,25,2554.49295842836,-0,0,0,551.273543774785,0,0
22.88,100,96.1939239228461,100.021828977505,5.09856134729265,19.0136552510363,-0.217828261624724,25,2541.59214436692,-0,0,0,551.198092594264,0,0
22.9,100,96.204782905704,100.123824713224,5.10100645574996,19.0093603356068,-0.21166445454436,25,2538.33513477569,-0,0,0,551.119979214306,0,0
22.92,100,96.2156109071768,100.225869007177,5.10341727987892,19.0051886122652,-0.205509730410167,25,2518.41188728549,-0,0,0,551.041107150156,0,0
22.94,100,96.2264080156563,100.327961180203,5.10579447084449,19.0011398589205,-0.199368121114545,25,2510.92171592915,-0,0,0,550.959403599162,0,0
22.96,100,96.2371743192824,100.430100566084,5.10813867206394,18.99721377353,-0.193243589555065,25,2502.61131465581,-0,0,0,550.876183358448,0,0
22.98,100,96.2479099059432,100.532286511395,5.11045051909553,18.9934099755022,-0.187140027380664,25,2486.47009127883,-0,0,0,550.791439013659,0,0
23,100,96.2586148632763,100.634518375342,5.1127306395321,18.9897280071426,-0.181061252837607,25,2478.80936558955,-0,0,0,550.703791965442,0,0
23.02,100,96.2692892786692,100.7367955296,5.11497965289979,18.9861673351434,-0.175011008715264,25,2465.95870578076,-0,0,0,550.615027047003,0,0
23.04,100,96.2799332392599,100.839117358157,5.11719817056179,18.9827273521118,-0.168992960391698,25,2467.16239637563,-0,0,0,550.52446725043,0,0
23.06,100,96.2905468319381,100.941483257143,5.1193867956272,18.9794073781371,-0.163010693978947,25,2445.91573130459,-0,0,0,550.433312302143,0,0
23.08,100,96.3011301433453,101.043892634668,5.12154612286509,18.9762066623938,-0.157067714567826,25,2434.26512721428,-0,0,0,550.338549493938,0,0
23.1,100,96.311683259876,101.146344910653,5.12367673862364,18.9731243847786,-0.151167444571975,25,2423.68679253686,-0,0,0,550.242541949663,0,0
23.12,100,96.3222062676781,101.24883951666,5.12577922075459,18.9701596575798,-0.145313222170827,25,2410.12169620985,-0,0,0,550.145040642295,0,0
23.14,100,96.3326992526539,101.351375895726,5.12785413854274,18.9673115271766,-0.139508299851054,25,2404.45216755506,-0,0,0,550.045113188066,0,0
23.16,100,96.3431623004603,101.453953502182,5.12990205264074,18.9645789757669,-0.133755843046022,25,2395.57845142383,-0,0,0,549.943843920191,0,0
23.18,100,96.35359549651,101.556571801491,5.13192351500912,18.9619609231211,-0.12805892887267,25,2375.64342193132,-0,0,0,549.841197209623,0,0
23.2,100,96.3639989259722,101.659230270064,5.13391906886139,18.9594562283602,-0.122420544965192,25,2367.96598601173,-0,0,0,549.736083713246,0,0
23.22,100,96.3743726737727,101.76192839509,5.13588924861449,18.9570636917563,-0.116843588404795,25,2357.18010272048,-0,0,0,549.629406544387,0,0
23.24,100,96.3847168245954,101.864665674357,5.13783457984434,18.9547820565536,-0.111330864744778,25,2342.37617677641,-0,0,0,549.52030509711,0,0
23.26,100,96.3950314628822,101.967441616076,5.13975557924654,18.952610010808,-0.105885087130078,25,2336.75005295132,-0,0,0,549.408688652172,0,0
23.28,100,96.4053166728344,102.070255738705,5.14165275460229,18.9505461892431,-0.100508875510384,25,2323.1975997166,-0,0,0,549.296640960043,0,0
23.3,100,96.415572538413,102.173107570764,5.14352660474939,18.9485891751215,-0.0952047559458425,25,2316.52221017352,-0,0,0,549.18180659092,0,0
23.32,100,96.4257991433393,102.275996650664,5.14537761955832,18.9467375021285,-0.0899751600043439,25,2302.03594551566,-0,0,0,549.066331649832,0,0
23.34,100,96.435996571096,102.378922526522,5.14720627991339,18.9449896562672,-0.084822424249284,25,2285.47206832531,-0,0,0,548.948577438084,0,0
23.36,100,96.4461649049273,102.481884755982,5.14901305769896,18.9433440777632,-0.0797487898166706,25,2275.6876436657,-0,0,0,548.828322979817,0,0
23.38,100,96.4563042278401,102.584882906037,5.15079841579054,18.9417991629766,-0.0747564020803716,25,2258.13472691615,-0,0,0,548.706004361321,0,0
23.4,100,96.4664146226045,102.687916552846,5.15256280805096,18.9403532663196,-0.0698473104042549,25,2260.81800989059,-0,0,0,548.581100208129,0,0
23.42,100,96.4764961717544,102.790985281557,5.15430667933125,18.9390047021786,-0.0650234679799211,25,2247.8965334036,-0,0,0,548.456051135391,0,0
23.44,100,96.4865489575881,102.894088686124,5.15603046547656,18.937751746839,-0.0602867317486748,25,2232.35269826835,-0,0,0,548.329012416668,0,0
23.46,100,96.4965730621694,102.997226369126,5.15773459333668,18.9365926404093,-0.0556388624063405,25,2218.44382347248,-0,0,0,548.199856001286,0,0
23.48,100,96.5065685673276,103.100397941593,5.15941948078134,18.9355255887465,-0.0510815244894797,25,2212.55649873402,-0,0,0,548.069242068769,0,0
23.5,100,96.5165355546588,103.203603022819,5.16108553672025,18.9345487653767,-0.0466162865415242,25,2193.03002206383,-0,0,0,547.936736063666,0,0
23.52,100,96.5264741055261,103.30684124019,5.16273316112754,18.9336603134133,-0.0422446213572998,25,2179.82263253806,-0,0,0,547.80237357043,0,0
23.54,100,96.5363843010608,103.410112228999,5.16436274507094,18.9328583474686,-0.0379679063043755,25,2171.53383644726,-0,0,0,547.665224872652,0,0
23.56,100,96.5462662221624,103.513415632275,5.1659746707452,18.9321409555587,-0.0337874237196352,25,2154.04669678555,-0,0,0,547.527365176014,0,0
23.58,100,96.5561199494997,103.616751100601,5.16756931151005,18.9315062009991,-0.0297043613794364,25,2146.86878883602,-0,0,0,547.385955563578,0,0
23.6,100,96.5659455635113,103.720118291938,5.16914703193234,18.9309521242914,-0.025719813041684,25,2138.06941282776,-0,0,0,547.243348776476,0,0
23.62,100,96.5757431444064,103.823516871453,5.17070818783246,18.9304767449967,-0.0218347790581191,25,2120.70188185655,-0,0,0,547.099160206651,0,0
23.64,100,96.5855127721653,103.926946511341,5.17225312633484,18.9300780635979,-0.0180501670550914,25,2107.03136003651,-0,0,0,546.952702518559,0,0
23.66,100,96.5952545265401,104.030406890652,5.17378218592257,18.9297540633461,-0.0143667926810578,25,2097.73307966307,-0,0,0,546.804265865833,0,0
23.68,100,96.6049684870554,104.133897695122,5.1752956964959,18.9295027120928,-0.0107853804190243,25,2079.36914942256,-0,0,0,546.655134716698,0,0
23.7,100,96.6146547330088,104.237418616999,5.17679397943465,18.9293219641041,-0.00730656446212457,25,2075.78597060392,-0,0,0,546.503453797649,0,0
23.72,100,96.624313343472,104.340969354873,5.17827734766442,18.9292097618573,-0.00393088965050672,25,2069.59953793184,-0,0,0,546.349992069068,0,0
23.74,100,96.6339443972906,104.444549613509,5.17974610572642,18.9291640378184,-0.000658812467681486,25,2049.03651862588,-0,0,0,546.195528540343,0,0
23.76,100,96.6435479730856,104.54815910368,5.18120054985095,18.9291827161984,0.00250929790553311,25,2035.79456077863,-0,0,0,546.038016910238,0,0
23.78,100,96.6531241492535,104.651797542001,5.18264096803434,18.9292637146884,0.00557315848135319,25,2026.07789217072,-0,0,0,545.878591715917,0,0
23.8,100,96.6626730039674,104.755464650765,5.18406764011931,18.9294049461724,0.00853257130155035,25,2013.6707051666,-0,0,0,545.718025983324,0,0
23.82,100,96.672194615177,104.859160157782,5.18548083787862,18.9296043204149,0.0113874222220604,25,1998.23139061099,-0,0,0,545.555432958227,0,0
23.84,100,96.68168906061,104.962883796215,5.18688082510187,18.9298597457258,0.0141376796475975,25,1984.54253534649,-0,0,0,545.390795533041,0,0
23.86,100,96.6911564177719,105.066635304426,5.18826785768545,18.9301691305971,0.0167833932181999,25,1974.03488949376,-0,0,0,545.224378609103,0,0
23.88,100,96.7005967639474,105.170414425816,5.18964218372545,18.9305303853149,0.0193246924496406,25,1965.26603473494,-0,0,0,545.056405381107,0,0
23.9,100,96.7100101762007,105.274220908671,5.19100404361348,18.9309414235428,0.0217617853296399,25,1953.54291420245,-0,0,0,544.885809193489,0,0
23.92,100,96.7193967313759,105.378054506009,5.19235367013519,18.9314001638768,0.0240949568718244,25,1941.45821850815,-0,0,0,544.713439572646,0,0
23.94,100,96.728756506098,105.481914975427,5.19369128857158,18.9319045313709,0.0263245676293721,25,1919.20933870588,-0,0,0,544.539421124038,0,0
23.96,100,96.7380895767735,105.585802078955,5.19501711680277,18.9324524590332,0.0284510521702918,25,1905.4471894714,-0,0,0,544.363054588551,0,0
23.98,100,96.7473960195906,105.689715582906,5.19633136541429,18.93304188929,0.0304749175162731,25,1900.10693011904,-0,0,0,544.183734223816,0,0
24,100,96.7566759105205,105.793655257734,5.1976342378057,18.9336707754195,0.0323967415470524,25,1882.0685602317,-0,0,0,544.004333021646,0,0
24.02,100,96.7659293253173,105.897620877889,5.19892593030143,18.9343370829525,0.0342171713722227,25,1872.49520596139,-0,0,0,543.821685401193,0,0
24.04,100,96.7751563395192,106.001612221679,5.20020663226379,18.9350387910405,0.035936921672421,25,1855.68569984673,-0,0,0,543.638258750898,0,0
24.06,100,96.7843570284488,106.10562907113,5.20147652620801,18.9357738937902,0.03755677301181,25,1842.56234152074,-0,0,0,543.452272425,0,0
24.08,100,96.7935314672139,106.20967121185,5.20273578791912,18.9365404015642,0.0390775701237655,25,1831.21833933964,-0,0,0,543.264310148456,0,0
24.1,100,96.8026797307079,106.313738432897,5.20398458657071,18.9373363422472,0.0405002201716724,25,1820.96936329524,-0,0,0,543.074759941145,0,0
24.12,100,96.8118018936104,106.417830526647,5.2052230848454,18.9381597624764,0.041825690986715,25,1812.88600759577,-0,0,0,542.884001366101,0,0
24.14,100,96.8208980303883,106.521947288667,5.20645143905682,18.9390087288376,0.0430550092845391,25,1793.51915373877,-0,0,0,542.691734868694,0,0
24.16,100,96.8299682152957,106.626088517586,5.20766979927311,18.9398813290251,0.0441892588626439,25,1774.64456747161,-0,0,0,542.496883787492,0,0
24.18,100,96.839012522375,106.730254014974,5.20887830944185,18.9407756729642,0.0452295787803514,25,1767.29851326799,-0,0,0,542.299006271156,0,0
24.2,100,96.8480310254574,106.83444358522,5.21007710751615,18.9416898938993,0.0461771615231768,25,1759.90143208159,-0,0,0,542.10083823183,0,0
24.22,100,96.8570237981632,106.938657035411,5.21126632558197,18.9426221494429,0.0470332511534115,25,1739.73984705745,-0,0,0,541.900462479537,0,0
24.24,100,96.8659909139031,107.042894175222,5.21244608998648,18.9435706225894,0.0477991414487056,25,1725.0802328221,-0,0,0,541.697796367644,0,0
24.26,100,96.8749324458778,107.147154816795,5.21361652146735,18.9445335226901,0.04847617403042,25,1713.74407468908,-0,0,0,541.492919824011,0,0
24.28,100,96.8838484670797,107.251438774632,5.21477773528291,18.9455090863914,0.0490657364834918,25,1695.73301281333,-0,0,0,541.286069431787,0,0
24.3,100,96.8927390502926,107.35574586549,5.21592984134299,18.9464955785357,0.0495692604695389,25,1686.57003898896,-0,0,0,541.077508784919,0,0
24.32,100,96.9016042680927,107.460075908269,5.21707294434049,18.9474912930232,0.0499882198349008,25,1672.81447522477,-0,0,0,540.867065119805,0,0
24.34,100,96.9104441928493,107.56442872391,5.21820714388337,18.9484945536373,0.0503241287152896,25,1656.87700155591,-0,0,0,540.655315014841,0,0
24.36,100,96.9192588967249,107.668804135301,5.21933253462719,18.9495037148313,0.050578539638701,25,1645.59959551602,-0,0,0,540.440306863063,0,0
24.38,100,96.9280484516765,107.773201967172,5.22044920640788,18.9505171624769,0.0507530416282043,25,1628.85926756228,-0,0,0,540.224020168781,0,0
24.4,100,96.9368129294555,107.877622046002,5.2215572443748,18.9515333145756,0.0508492583062053,25,1624.31682826709,-0,0,0,540.005595984925,0,0
24.42,100,96.9455524016087,107.982064199928,5.22265672912392,18.9525506219316,0.0508688460017465,25,1600.45550886349,-0,0,0,539.786463294277,0,0
24.44,100,96.9542669394789,108.086528258655,5.22374773683109,18.9535675687869,0.0508134918623788,25,1586.70173583831,-0,0,0,539.56357777734,0,0
24.46,100,96.9629566142052,108.191014053369,5.22483033938513,18.9545826734189,0.0506849119721113,25,1572.49551960616,-0,0,0,539.339482783755,0,0
24.48,100,96.9716214967237,108.29552141665,5.22590460452094,18.9555944887005,0.0504848494769096,25,1558.11088599896,-0,0,0,539.113129731646,0,0
24.5,100,96.9802616577682,108.400050182394,5.22697059595223,18.9566016026227,0.0502150727191876,25,1545.97890491095,-0,0,0,538.884808145524,0,0
24.52,100,96.9888771678706,108.504600185731,5.22802837350404,18.9576026387796,0.0498773733827,25,1533.38604674227,-0,0,0,538.655791644993,0,0
24.54,100,96.9974680973618,108.609171262951,5.22907799324472,18.9585962568173,0.0494735646492132,25,1521.95336045982,-0,0,0,538.424090016847,0,0
24.56,100,97.0060345163719,108.713763251427,5.23011950761751,18.9595811528449,0.0490054793682972,25,1507.16042190295,-0,0,0,538.190989475357,0,0
24.58,100,97.0145764948307,108.818375989548,5.23115296557154,18.9605560598103,0.0484749682415464,25,1494.34688067696,-0,0,0,537.957021575653,0,0
24.6,100,97.0230941024689,108.923009316646,5.23217841269201,18.9615197478388,0.0478838980225063,25,1480.54277279859,-0,0,0,537.720848454917,0,0
24.62,100,97.0315874088178,109.027663072934,5.23319589132984,18.9624710245366,0.0472341497335409,25,1467.52682557593,-0,0,0,537.482346097478,0,0
24.64,100,97.0400564832108,109.13233709944,5.23420544073029,18.9634087352581,0.0465276169008483,25,1444.63254254725,-0,0,0,537.2418497732,0,0
24.66,100,97.0485013947831,109.237031237945,5.23520709716082,18.9643317633387,0.0457662038087894,25,1437.43509970285,-0,0,0,536.998154055175,0,0
24.68,100,97.0569222124729,109.341745330931,5.23620089403784,18.9652390302929,0.0449518237746636,25,1416.77516265476,-0,0,0,536.753100835042,0,0
24.7,100,97.0653190050215,109.446479221516,5.23718686205251,18.9661294959775,0.0440863974450229,25,1404.04766302396,-0,0,0,536.505716010396,0,0
24.72,100,97.0736918409743,109.551232753409,5.23816502929535,18.9670021587214,0.0431718511145868,25,1387.0783348528,-0,0,0,536.256467147515,0,0
24.74,100,97.0820407886809,109.656005770855,5.23913542137966,18.9678560554222,0.0422101150687743,25,1375.76301557992,-0,0,0,536.005423348444,0,0
24.76,100,97.0903659162962,109.760798118586,5.24009806156367,18.9686902616095,0.0412031219508406,25,1357.93372852805,-0,0,0,535.753278549461,0,0
24.78,100,97.0986672917803,109.865609641779,5.24105297087138,18.9695038914757,0.0401528051545602,25,1345.51522820043,-0,0,0,535.498468675422,0,0
24.8,100,97.1069449828997,109.970440186009,5.24200016821196,18.9702960978758,0.0390610972433691,25,1332.84807771185,-0,0,0,535.241666178689,0,0
24.82,100,97.1151990572273,110.075289597208,5.24293967049775,18.9710660722943,0.0379299283968334,25,1317.97776907856,-0,0,0,534.982670345698,0,0
24.84,100,97.1234295821435,110.18015772163,5.24387149276068,18.9718130447831,0.0367612248852788,25,1300.20166278898,-0,0,0,534.722139596098,0,0
24.86,100,97.1316366248362,110.285044405808,5.24479564826718,18.9725362838678,0.035556907573375,25,1290.63194656009,-0,0,0,534.458986114236,0,0
24.88,100,97.1398202523018,110.389949496527,5.24571214863137,18.9732350964249,0.0343188904534329,25,1276.99714905758,-0,0,0,534.195370963154,0,0
24.9,100,97.1479805313454,110.494872840787,5.24662100392666,18.9739088275301,0.0330490792091321,25,1263.78070626011,-0,0,0,533.929943357106,0,0
24.92,100,97.1561175285815,110.599814285775,5.24752222279559,18.974556860278,0.0317493698103618,25,1242.39336711397,-0,0,0,533.661949660159,0,0
24.94,100,97.1642313104348,110.704773678839,5.24841581255782,18.9751786155739,0.0304216471398175,25,1228.64200075982,-0,0,0,533.391652183139,0,0
24.96,100,97.1723219431401,110.809750867458,5.24930177931638,18.9757735518988,0.0290677836519598,25,1221.14721636986,-0,0,0,533.119346899828,0,0
24.98,100,97.1803894927436,110.914745699225,5.25018012806201,18.9763411650473,0.0276896380649038,25,1200.38941639433,-0,0,0,532.846552938615,0,0
25,100,97.1884340251028,111.019758021821,5.25105086277558,18.9768809878408,0.0262890540857694,25,1188.92065453613,-0,0,0,532.570987087202,0,0
25.02,100,97.1964556058874,111.124787682997,5.25191398652852,18.9773925898139,0.0248678591699887,25,1173.45450156239,-0,0,0,532.2940064403,0,0
25.04,100,97.2044543005797,111.229834530558,5.25276950158135,18.977875576878,0.0234278633150242,25,1152.77178011799,-0,0,0,532.015603709426,0,0
25.06,100,97.2124301744753,111.334898412346,5.25361740948008,18.97832959096,0.0219708578889218,25,1134.88455038087,-0,0,0,531.734184297969,0,0
25.08,100,97.2203832926834,111.439979176229,5.25445771115063,18.9787543096184,0.0204986144940805,25,1121.81539793939,-0,0,0,531.449706007461,0,0
25.1,100,97.2283137201274,111.545076670087,5.25529040699105,18.9791494456368,0.0190128838665877,25,1114.07357990138,-0,0,0,531.16342000991,0,0
25.12,100,97.2362215215455,111.650190741803,5.25611549696175,18.979514746596,0.0175153948114321,25,1094.91752773149,-0,0,0,530.876911025169,0,0
25.14,100,97.2441067614913,111.755321239257,5.25693298067345,18.9798499944251,0.0160078531738717,25,1079.33754548906,-0,0,0,530.587949110547,0,0
25.16,100,97.2519695043342,111.860468010318,5.25774285747307,18.9801550049319,0.0144919408471988,25,1060.18050568786,-0,0,0,530.296255345504,0,0
25.18,100,97.2598098142598,111.965630902838,5.2585451265273,18.980429627315,0.012969314817109,25,1052.1095785719,-0,0,0,530.002644979743,0,0
25.2,100,97.2676277552708,112.070809764654,5.25933978690407,18.9806737436556,0.0114416062428477,25,1032.98049809636,-0,0,0,529.708049120191,0,0
25.22,100,97.2754233911869,112.176004443583,5.26012683765171,18.9808872683925,0.0099104195752744,25,1022.01949521112,-0,0,0,529.411371129255,0,0
25.24,100,97.2831967856463,112.281214787423,5.26090627787585,18.9810701477795,0.00837733171194949,25,1003.91327661661,-0,0,0,529.11370119989,0,0
25.26,100,97.2909480021052,112.386440643956,5.26167810681408,18.9812223593259,0.00684389118931872,25,993.90055472729,-0,0,0,528.812650538012,0,0
25.28,100,97.2986771038388,112.49168186095,5.26244232390834,18.9813439112218,0.00531161741203581,25,975.803360111478,-0,0,0,528.510846551754,0,0
25.3,100,97.3063841539419,112.596938286165,5.26319892887498,18.9814348417477,0.00378199991943213,25,956.832356702688,-0,0,0,528.20630203121,0,0
25.32,100,97.3140692153293,112.702209767358,5.26394792177252,18.9814952186708,0.00225649768911299,25,935.901066044749,-0,0,0,527.899458680095,0,0
25.34,100,97.3217323507362,112.807496152292,5.26468930306714,18.9815251386263,0.000736538477627591,25,932.019967541032,-0,0,0,527.590284290386,0,0
25.36,100,97.3293736227188,112.912797288743,5.26542307369584,18.9815247264873,-0.00077648180187047,25,906.974397399728,-0,0,0,527.280810905649,0,0
25.38,100,97.336993093655,113.018113024511,5.26614923512724,18.9814941347218,-0.0022811996650827,25,895.681204792144,-0,0,0,526.967478552174,0,0
25.4,100,97.3445908257444,113.123443207433,5.26686778942012,18.9814335427386,-0.00377628460528746,25,872.313212282557,-0,0,0,526.653497757949,0,0
25.42,100,97.3521668810096,113.228787685391,5.26757873927966,18.9813431562226,-0.00526043960549246,25,863.113650997036,-0,0,0,526.336163060534,0,0
25.44,100,97.3597213212958,113.33414630633,5.26828208811126,18.98122320646,-0.00673240161421398,25,844.673725088088,-0,0,0,526.017531202326,0,0
25.46,100,97.367254208272,113.43951891827,5.26897784007218,18.9810739496549,-0.0081909419851086,25,822.589280444786,-0,0,0,525.697158419564,0,0
25.48,100,97.3747656034312,113.54490536932,5.26966600012082,18.9808956662366,-0.00963486688070583,25,810.357492512326,-0,0,0,525.373161866221,0,0
25.5,100,97.382255568091,113.6503055077,5.27034657406365,18.9806886601602,-0.0110630176405179,25,803.170418267883,-0,0,0,525.049375594037,0,0
25.52,100,97.3897241633939,113.755719181753,5.27101956859997,18.9804532581993,-0.0124742711138288,25,775.615303901952,-0,0,0,524.724203176095,0,0
25.54,100,97.3971714503081,113.861146239965,5.2716849913643,18.9801898092331,-0.0138675399574854,25,761.679218242117,-0,0,0,524.395192420038,0,0
25.56,100,97.4045974896279,113.966586530986,5.27234285096657,18.9798986835271,-0.0152417728990424,25,746.550748494428,-0,0,0,524.064676808608,0,0
25.58,100,97.412002341974,114.072039903646,5.27299315702999,18.9795802720099,-0.0165959549656308,25,730.384306856435,-0,0,0,523.732197143242,0,0
25.6,100,97.4193860677943,114.17750620698,5.2736359202268,18.9792349855445,-0.0179291076789449,25,714.681524109893,-0,0,0,523.398073128585,0,0
25.62,100,97.426748727364,114.282985290247,5.27427115231167,18.9788632541976,-0.019240289216763,25,704.808663420079,-0,0,0,523.061697802194,0,0
25.64,100,97.4340903807866,114.388477002951,5.27489886615303,18.9784655265044,-0.0205285945414396,25,679.438220993815,-0,0,0,522.723794504662,0,0
25.66,100,97.441411087994,114.493981194864,5.27551907576215,18.9780422687323,-0.0217931554958238,25,664.871033696169,-0,0,0,522.382837519758,0,0
25.68,100,97.4487109087471,114.599497716053,5.27613179632007,18.9775939641423,-0.0230331408670807,25,654.154837032038,-0,0,0,522.041650631217,0,0
25.7,100,97.4559899026362,114.705026416899,5.27673704420244,18.9771211122503,-0.0242477564189109,25,633.660242733353,-0,0,0,521.697402111843,0,0
25.72,100,97.4632481290819,114.81056714812,5.2773348370022,18.9766242280866,-0.0254362448926801,25,619.021742387633,-0,0,0,521.351239711547,0,0
25.74,100,97.470485647335,114.916119760803,5.27792519355026,18.9761038414577,-0.0265978859779882,25,595.846898535287,-0,0,0,521.003541996361,0,0
25.76,100,97.4777025164773,115.021684106421,5.27850813393398,18.9755604962067,-0.0277319962532245,25,582.49455203282,-0,0,0,520.653567445732,0,0
25.78,100,97.484898795422,115.127260036861,5.27908367951383,18.9749947494775,-0.0288379290966704,25,567.819268567014,-0,0,0,520.301921032631,0,0
25.8,100,97.4920745429143,115.232847404453,5.27965185293783,18.974407170979,-0.0299150745687265,25,550.558922460836,-0,0,0,519.947614960753,0,0
25.82,100,97.4992298175319,115.33844606199,5.28021267815418,18.9737983422535,-0.0309628592658566,25,535.647282412122,-0,0,0,519.591390079362,0,0
25.84,100,97.5063646776851,115.444055862758,5.28076618042193,18.9731688559473,-0.0319807461468487,25,517.856397557062,-0,0,0,519.234570833734,0,0
25.86,100,97.5134791816177,115.549676660563,5.28131238631964,18.9725193150856,-0.0329682343320164,25,502.108359167477,-0,0,0,518.87495152501,0,0
25.88,100,97.5205733874074,115.655308309754,5.28185132375229,18.9718503323515,-0.0339248588759642,25,483.762078398554,-0,0,0,518.513841413233,0,0
25.9,100,97.5276473529661,115.760950665251,5.28238302195632,18.9711625293697,-0.0348501905145616,25,469.105839213833,-0,0,0,518.149827922859,0,0
25.92,100,97.5347011360404,115.866603582574,5.28290751150281,18.9704565359956,-0.0357438353867732,25,445.345702031744,-0,0,0,517.784028956509,0,0
25.94,100,97.5417347942124,115.972266917866,5.28342482429895,18.9697329896105,-0.0366054347320092,25,434.493047714029,-0,0,0,517.416282605471,0,0
25.96,100,97.5487483848997,116.077940527922,5.28393499358778,18.9689925344223,-0.0374346645636642,25,418.944355641256,-0,0,0,517.047158217249,0,0
25.98,100,97.555741965356,116.183624270216,5.28443805394617,18.9682358207741,-0.0382312353195228,25,401.371912465072,-0,0,0,516.676705801411,0,0
26,100,97.562715592672,116.289318002925,5.28493404128124,18.9674635044589,-0.0389948914897188,25,380.550113978571,-0,0,0,516.302780244018,0,0
26.02,100,97.5696693237753,116.395021584961,5.28542299282506,18.9666762460427,-0.039725411222941,25,360.111195383737,-0,0,0,515.926984462894,0,0
26.04,100,97.5766032154309,116.500734875989,5.28590494712786,18.9658747101953,-0.0404226059115833,25,345.193503269182,-0,0,0,515.548579287315,0,0
26.06,100,97.5835173242422,116.606457736463,5.28637994404964,18.96505956503,-0.0410863197565469,25,334.287242682626,-0,0,0,515.169335506388,0,0
26.08,100,97.5904117066508,116.712190027642,5.28684802475029,18.9642314814515,-0.0417164293124013,25,306.783839419701,-0,0,0,514.789016152833,0,0
26.1,100,97.5972864189376,116.817931611627,5.28730923167828,18.9633911325141,-0.0423128430136203,25,296.585290674777,-0,0,0,514.40455773598,0,0
26.12,100,97.6041415172226,116.923682351375,5.28776360855791,18.9625391927885,-0.04287550068261,25,274.181556535296,-0,0,0,514.019271993944,0,0
26.14,100,97.6109770574659,117.029442110735,5.28821120037513,18.9616763377393,-0.0434043730202479,25,254.969259940259,-0,0,0,513.631453826121,0,0
26.16,100,97.6177930954678,117.135210754464,5.28865205336217,18.9608032431129,-0.0438994610796581,25,246.938878419276,-0,0,0,513.242099277664,0,0
26.18,100,97.6245896868695,117.240988148259,5.28908621498071,18.9599205843353,-0.044360795723945,25,226.117653867468,-0,0,0,512.850149397514,0,0
26.2,100,97.6313668871534,117.346774158778,5.28951373390389,18.959029035922,-0.0447884370686122,25,208.367978520755,-0,0,0,512.457196012091,0,0
26.22,100,97.6381247516437,117.452568653663,5.28993465999712,18.9581292708984,-0.0451824739093907,25,191.180151981824,-0,0,0,512.061692945615,0,0
26.24,100,97.6448633355065,117.558371501565,5.29034904429766,18.9572219602319,-0.0455430231362029,25,174.89010826654,-0,0,0,511.6648904919,0,0
26.26,100,97.6515826937509,117.66418257217,5.29075693899316,18.9563077722762,-0.0458702291339867,25,157.392322150457,-0,0,0,511.265826153945,0,0
26.28,100,97.6582828812287,117.770001736216,5.29115839739902,18.9553873722277,-0.0461642631711022,25,133.324256120683,-0,0,0,510.864130118011,0,0
26.3,100,97.6649639526353,117.875828865519,5.29155347393485,18.9544614215933,-0.0464253227760422,25,117.428609356728,-0,0,0,510.460016915776,0,0
26.32,100,97.6716259625103,117.981663832997,5.29194222409977,18.9535305776725,-0.0466536311031655,25,105.071007243881,-0,0,0,510.054065315896,0,0
26.34,100,97.6782689652373,118.087506512684,5.29232470444691,18.9525954930505,-0.0468494362881678,25,80.3737808584973,-0,0,0,509.647030206295,0,0
26.36,100,97.684893015045,118.193356779759,5.29270097255692,18.9516568151055,-0.0470130107940005,25,75.2292799520956,-0,0,0,509.237386044922,0,0
26.38,100,97.6914981660074,118.299214510561,5.29307108701063,18.9507151855287,-0.0471446507479473,25,42.1806322184588,-0,0,0,508.827786961369,0,0
26.4,100,97.698084472044,118.405079582612,5.2934351073609,18.9497712398577,-0.0472446752705589,24.982132481416,32.2378930643572,-0,0,0,508.413895178229,0,0
26.42,100,97.7046519869206,118.510951741619,5.29377114439207,18.9488041642147,-0.0508290748937904,24.633276601785,10.3488159865353,-0,0,0,507.999407913854,0,0
26.44,100,97.7112007642497,118.616828863588,5.29389193440156,18.9474950869915,-0.0876318725151923,23.433276601785,-6.31768057733408,-0,0,0,507.582896085296,0,0
26.46,100,97.7177308574907,118.722705436811,5.29371522138339,18.9449997930191,-0.169297343700633,22.233276601785,-26.294512376139,-0,0,0,507.163589799902,0,0
26.48,100,97.7242423199505,118.828575441425,5.29323368603723,18.940430302154,-0.294894800944027,21.033276601785,-48.3666111006063,-0,0,0,506.741735793718,0,0
26.5,100,97.730735204784,118.934432691068,5.29243800927998,18.932917445557,-0.463473987593896,19.833276601785,-54.7623188113896,-0,0,0,506.317633013015,0,0
26.52,100,97.7372095649942,119.040270793583,5.29131694264609,18.9216112459091,-0.674066194042685,18.633276601785,-77.9567982970007,-0,0,0,505.892815587075,0,0
26.54,100,97.7436654534333,119.146083113139,5.28985737875208,18.9056812753379,-0.925685370280677,17.433276601785,-90.8572117328973,-0,0,0,505.465301471229,0,0
26.56,100,97.7501029228023,119.251862733753,5.28804442176941,18.884316991137,-1.21732923394704,16.233276601785,-112.705102413558,-0,0,0,505.036730224332,0,0
26.58,100,97.7565220256521,119.357602424231,5.28586145785054,18.8567280493768,-1.54798037302915,15.033276601785,-127.895891412514,-0,0,0,504.605497232236,0,0
26.6,100,97.7629228143834,119.463294604507,5.28329022545432,18.8221445965209,-1.91660734238046,13.833276601785,-145.972830285946,-0,0,0,504.171830952908,0,0
26.62,100,97.7693053412478,119.568931313389,5.28031088551745,18.7798175391814,-2.3221657532466,12.633276601785,-161.396661927739,-0,0,0,503.736051727161,0,0
26.64,100,97.7756696583475,119.674504177718,5.27690209141999,18.7290187921603,-2.76359935500923,11.433276601785,-177.853139106515,-0,0,0,503.299311315946,0,0
26.66,100,97.7820158176361,119.780004382902,5.27304105869384,18.6690415049393,-3.23984110837707,10.233276601785,-187.83013513611,-0,0,0,502.860038972514,0,0
26.68,100,97.7883438709191,119.885422644863,5.26870363442417,18.5992002667989,-3.74981424927434,9.03327660178498,-212.763008498148,-0,0,0,502.419499097246,0,0
26.7,100,97.7946538698541,119.990749183356,5.26386436629473,18.5188312907579,-4.29243334269689,7.83327660178498,-223.618326762171,-0,0,0,501.975910457533,0,0
26.72,100,97.8009458659512,120.095973696667,5.25849657122937,18.4272925765424,-4.86660532582798,6.63327660178498,-240.392441033751,-0,0,0,501.531453717307,0,0
26.74,100,97.8072199105738,120.201085337681,5.25257240358289,18.3239640528057,-5.47123053972608,5.43327660178498,-254.515576218599,-0,0,0,501.084801414625,0,0
26.76,100,97.8134760549386,120.306072691312,5.24606292283555,18.2082476988337,-6.10520374891904,4.23327660178498,-270.109147878351,-0,0,0,500.636314458515,0,0
26.78,100,97.8197143501163,120.410923753272,5.23893816074703,18.0795676459858,-6.76741514826006,3.03327660178498,-289.320453942964,-0,0,0,500.185448320286,0,0
26.8,100,97.8259348470316,120.515625910186,5.2311671879263,17.9373702591304,-7.45675135642299,1.83327660178498,-297.448990559624,-0,0,0,499.731818722965,0,0
26.82,100,97.8321375964642,120.620165921032,5.22271817977543,17.7811241983494,-8.17209639543608,0.633276601784976,-314.021959609632,-0,0,0,499.277332877669,0,0
26.84,100,97.8383226490488,120.724529899888,5.21355848176645,17.6103204611963,-8.91233265567542,-0.566723398215024,-329.707273813686,-0,0,0,498.821158463316,0,0
26.86,100,97.8444900552756,120.828703299979,5.20365467401165,17.4244724058049,-9.6763418457614,-1.76672339821502,-345.490611931413,-0,0,0,498.361942100848,0,0
26.88,100,97.850639865491,120.932670899013,5.19297263508866,17.2231157551554,-10.4630059268237,-2.96672339821502,-356.327945759136,-0,0,0,497.901993221929,0,0
26.9,100,97.8567721298974,121.036416785779,5.1814776050835,17.0058085828153,-11.2712080306223,-4.16672339821502,-372.564365528202,-0,0,0,497.439702089145,0,0
26.92,100,97.8628868985542,121.139924348004,5.1691342478152,16.772131280484,-12.0998333610352,-5.36672339821502,-385.061206371222,-0,0,0,496.974852384046,0,0
26.94,100,97.8689842213779,121.243176261439,5.15590671220778,16.521686507678,-12.9477700784443,-6.56672339821502,-400.213795758816,-0,0,0,496.50804609705,0,0
26.96,100,97.8750641481426,121.346154480169,5.14175869277583,16.2540991239022,-13.8139101665749,-7.76672339821502,-417.863621777622,-0,0,0,496.039178062589,0,0
26.98,100,97.8811267284803,121.448840228125,5.12665348919168,15.9690161036645,-14.6971502813651,-8.96672339821502,-423.61267349961,-0,0,0,495.567918077478,0,0
27,100,97.8871720118817,121.55121399177,5.11055406490343,15.6661064346956,-15.5963925814648,-10.166723398215,-429.404323493531,-0,0,0,495.095479887214,0,0
27.02,100,97.8932000476959,121.653255513955,5.09342310477407,15.3450609997455,-16.5105455399861,-11.366723398215,-444.831897368952,-0,0,0,494.621902196051,0,0
27.04,100,97.8992108851314,121.754943788916,5.07522307171354,15.005592442336,-17.4385247371477,-12.566723398215,-457.904797475212,-0,0,0,494.145930805183,0,0
27.06,100,97.9052045732564,121.856257058391,5.05591626227677,14.6474350168533,-18.3792536334799,-13.766723398215,-470.325236606234,-0,0,0,493.66806505462,0,0
27.08,100,97.9111811609989,121.957172808843,5.03546486120191,14.2703444233749,-19.3316643232779,-14.966723398215,-483.244194925082,-0,0,0,493.187709573175,0,0
27.1,100,97.9171406971474,122.057667769755,5.0138309948644,13.8740976276257,-20.2946982680122,-16.1630184338102,-491.747067200659,-0,0,0,492.705218156459,0,0
27.12,100,97.9230832303513,122.157717970158,4.99098628944361,13.4585018758901,-21.2657844487903,-17.2661064768181,-501.062930619097,-0,0,0,492.221091101043,0,0
27.14,100,97.929008809121,122.257299103303,4.96692354691462,13.0234520875573,-22.2390681035725,-18.2315000795341,-512.299629718567,-0,0,0,491.735483151233,0,0
27.16,100,97.9349174818287,122.356386753176,4.94163671095027,12.5689635908433,-23.2087503064782,-19.0763871346267,-513.495444774978,-0,0,0,491.247095742409,0,0
27.18,100,97.9408092967085,122.454956353429,4.91511692285821,12.0951602899637,-24.1697570630899,-19.8158100330744,-526.82761746182,-0,0,0,490.758565789554,0,0
27.2,100,97.9466843018568,122.552983138109,4.88735318379881,11.6022610450337,-25.1176533564511,-20.4629334792833,-542.694898924598,-0,0,0,490.267628198049,0,0
27.22,100,97.9525425452329,122.650442104745,4.85833293029767,11.0905676622004,-26.048567840373,-21.0292788758249,-548.6028810267,-0,0,0,489.774154105281,0,0
27.24,100,97.9583840746593,122.747307988169,4.82804253370463,10.5604542946725,-26.9591268486699,-21.5249294507853,-557.863986782842,-0,0,0,489.278418877569,0,0
27.26,100,97.9642089378218,122.843555243644,4.79646773292753,10.012358080238,-27.8463965552468,-21.9587097798191,-566.621718643585,-0,0,0,488.781652194967,0,0
27.28,100,97.9700171822705,122.939158038047,4.76359400861109,9.44677086267653,-28.707832265503,-22.3383428991224,-575.051562631631,-0,0,0,488.282453857657,0,0
27.3,100,97.9758088554196,123.034090248017,4.72940690591756,8.86423186355897,-29.5412339468937,-22.6705878065689,-577.020016820939,-0,0,0,487.781840636306,0,0
27.32,100,97.9815840045481,123.128325464086,4.69389231217889,8.26532118763372,-30.3447072179627,-22.9613597990829,-578.951615272623,-0,0,0,487.280625450602,0,0
27.34,100,97.9873426768001,123.221836999967,4.65703669491385,7.6506540596122,-31.1166291127217,-23.2158357887388,-593.455553029526,-0,0,0,486.777846161329,0,0
27.36,100,97.9930849191853,123.314597906247,4.61882730502427,7.02087570295823,-31.8556180226309,-23.4385464726373,-601.150210251991,-0,0,0,486.272547623607,0,0
27.38,100,97.998810778579,123.406580987824,4.57925234938983,6.37665678247573,-32.56050729316,-23.6334569975541,-616.028576113987,-0,0,0,485.765566520825,0,0
27.4,100,98.0045203017231,123.497758824528,4.53830113656068,5.71868934228164,-33.2303220173013,-23.8040375555154,-617.445861543149,-0,0,0,485.255083577888,0,0
27.42,100,98.010213535226,123.588103794411,4.49596419879177,5.04768317931816,-33.8642586256414,-23.9533251671865,-622.642628259074,-0,0,0,484.744198718744,0,0
27.44,100,98.015890525563,123.677588099268,4.45223339326394,4.36436260005445,-34.4616669226806,-24.0839777530662,-630.610692862756,-0,0,0,484.232078608202,0,0
27.46,100,98.0215513190769,123.766183791989,4.40710198498847,3.66946351458604,-35.0220342629244,-24.1983214551723,-634.583088587593,-0,0,0,483.718523565213,0,0
27.48,100,98.0271959619784,123.853862805412,4.36056471358598,2.96373082807744,-35.544971598634,-24.2983920517342,-637.141063350654,-0,0,0,483.202881969507,0,0
27.5,100,98.0328245003461,123.940596982364,4.31261784586374,2.24791609451266,-36.030201164692,-24.3859712022411,-646.384040615241,-0,0,0,482.686286773802,0,0
27.52,100,98.0384369801274,124.026358106619,4.26325921588133,1.52277540210877,-36.4775455954206,-24.4626181681532,-652.773157204713,-0,0,0,482.167550275348,0,0
27.54,100,98.0440334471385,124.11111793456,4.21248825398989,0.78906746358811,-36.8869182939008,-24.5296975740341,-662.125749406867,-0,0,0,481.646640624687,0,0
27.56,100,98.0496139470648,124.194848227305,4.16030600615111,0.0475518878637675,-37.2583148968435,-24.5884037033606,-672.566798669182,-0,0,0,481.12398603221,0,0
27.58,100,98.0551785254615,124.277520783144,4.10671514468501,-0.701012387369456,-37.5918056977511,-24.6397817615775,-672.633680844478,-0,0,0,480.599922511953,0,0
27.6,100,98.0607272277537,124.359107470109,4.05171997145832,-1.45586852007716,-37.887528908344,-24.6847464849619,-669.507573264194,-0,0,0,480.074758762408,0,0
27.62,100,98.066260099237,124.439580258542,3.99532641440505,-2.21626306105285,-38.1456846533019,-24.7240984266119,-684.131996653905,-0,0,0,479.549425123444,0,0
27.64,100,98.0717771850777,124.51891125353,3.93754201816534,-2.98144713753906,-38.3665296065687,-24.7585382095142,-684.666137427428,-0,0,0,479.021702517065,0,0
27.66,100,98.0772785303133,124.597072727101,3.8783759295367,-3.75067753531315,-38.5503721890143,-24.7886790004543,-695.024673118832,-0,0,0,478.491021481807,0,0
27.68,100,98.0827641798527,124.674037150088,3.81783887835067,-4.52321768974833,-38.6975682573529,-24.8150574268536,-696.168948877926,-0,0,0,477.959879073795,0,0
27.7,100,98.0882341784769,124.749777223557,3.75594315431753,-5.29833859504847,-38.8085172230573,-24.8381431308978,-701.303666522138,-0,0,0,477.4265101748,0,0
27.72,100,98.0936885708388,124.824265909751,3.69270258031923,-6.07531963970942,-38.8836585477449,-24.8583471310587,-701.893046698297,-0,0,0,476.892639661469,0,0
27.74,100,98.0991274014642,124.897476462452,3.6281324825768,-6.85344937525806,-38.9234685682813,-24.8760291398777,-709.900775426031,-0,0,0,476.357730451752,0,0
27.76,100,98.1045507147517,124.969382456734,3.56224965807062,-7.63202622444598,-38.9284576107671,-24.8915039682971,-718.92774531065,-0,0,0,475.821077472015,0,0
27.78,100,98.1099585549733,125.039957818027,3.49507233955005,-8.41035913431075,-38.899167357757,-24.9050471305623,-715.712708524706,-0,0,0,475.282443651899,0,0
27.8,100,98.1153509662747,125.109176850466,3.42662015843265,-9.18776817885118,-38.8361684375914,-24.9168997494844,-728.258869610553,-0,0,0,474.74411306858,0,0
27.82,100,98.1207279926755,125.177014264477,3.3569141058606,-9.96358511548116,-38.7400582086872,-24.9272728493974,-727.549288725026,-0,0,0,474.203269664464,0,0
27.84,100,98.1260896780699,125.243445203572,3.28597649215404,-10.7371538989189,-38.6114587150996,-24.9363511132402,-735.172796307641,-0,0,0,473.661823886946,0,0
27.86,100,98.1314360662267,125.308445270309,3.21383090487603,-11.5078311557258,-38.4510147927054,-24.9442961706571,-734.928201288473,-0,0,0,473.11845063115,0,0
27.88,100,98.1367672007901,125.371990551414,3.14050216570212,-12.274986622323,-38.2593923080041,-24.9512494756558,-742.930744075736,-0,0,0,472.574904970634,0,0
27.9,100,98.1420831252794,125.43405764202,3.06601628626822,-13.0380035489785,-38.0372765138611,-24.9573348250584,-744.296660648018,-0,0,0,472.029665436087,0,0
27.92,100,98.1473838830901,125.494623669017,2.99040042315379,-13.796279071962,-37.7853705085368,-24.9626605625829,-751.498985264516,-0,0,0,471.482916098935,0,0
27.94,100,98.1526695174936,125.553666313496,2.91368283214209,-14.5492245558141,-37.5043937861253,-24.9673215077981,-751.960296176421,-0,0,0,470.934960850416,0,0
27.96,100,98.157940071638,125.611163832269,2.83589282188655,-15.2962659074507,-37.1950808680732,-24.971400644293,-753.89235589891,-0,0,0,470.385851024669,0,0
27.98,100,98.1631955885482,125.667095078462,2.75706070710027,-16.0368438636323,-36.8581800068014,-24.9749705971193,-764.823715342858,-0,0,0,469.836543901981,0,0
28,100,98.1684361111266,125.72143952116,2.67721776137577,-16.7704142531617,-36.4944519536412,-24.9780949258094,-765.877023802695,-0,0,0,469.284717089728,0,0
28.02,100,98.1736616821528,125.774177264117,2.59639616973261,-17.4964482350263,-36.1046687843219,-24.9808292559922,-768.594723733591,-0,0,0,468.732656476086,0,0
28.04,100,98.1788723442847,125.825289063502,2.5146289809829,-18.2144325135756,-35.689612776157,-24.9832222697528,-770.681667577747,-0,0,0,468.178881345662,0,0
28.06,100,98.1840681400582,125.874756344702,2.431950059997,-18.9238695317177,-35.2500753318573,-24.9853165723703,-776.072182791642,-0,0,0,467.625463532472,0,0
28.08,100,98.1892491118881,125.922561218162,2.34839403994573,-19.6242776430198,-34.7868559455904,-24.9871494508625,-776.048704883663,-0,0,0,467.069871011526,0,0
28.1,100,98.194415302068,125.968686494277,2.26399627458949,-20.3151912635219,-34.3007612075027,-24.9887535378455,-780.094611203037,-0,0,0,466.514201853985,0,0
28.12,100,98.199566752771,126.013115697327,2.17879279067948,-20.9961610039971,-33.7926038434439,-24.9901573925255,-788.016564372834,-0,0,0,465.957711279934,0,0
28.14,100,98.2047035060497,126.055833078462,2.09282024053187,-21.6667537833351,-33.2632017870883,-24.9913860091675,-783.777896870579,-0,0,0,465.400186549135,0,0
28.16,100,98.2098256038369,126.096823627737,2.00611585483126,-22.3265529236712,-32.7133772820421,-24.9924612620939,-790.028336170548,-0,0,0,464.84313529596,0,0
28.18,100,98.2149330879456,126.136073085216,1.91871739571636,-22.9751582278405,-32.1439560118726,-24.9934022951357,-790.303694320953,-0,0,0,464.284891288637,0,0
28.2,100,98.2200260000696,126.173567951133,1.83066311019702,-23.6121860396964,-31.5557662562919,-24.9942258624695,-791.665309444326,-0,0,0,463.726809933668,0,0
28.22,100,98.2251043817837,126.209295495122,1.74199168394914,-24.2372692878022,-30.9496380719901,-24.9949466269094,-803.345692999308,-0,0,0,463.167881215142,0,0
28.24,100,98.2301682745441,126.243243764537,1.65274219553046,-24.8500575129744,-30.3264024968351,-24.995577420964,-801.235958516726,-0,0,0,462.606937718065,0,0
28.26,100,98.2352177196887,126.275401591855,1.56295407105838,-25.4502168801346,-29.6868907763538,-24.9961294753072,-803.632417772442,-0,0,0,462.04696063313,0,0
28.28,100,98.2402527584377,126.305758601176,1.47266703938783,-26.0374301749066,-29.0319336115766,-24.9966126187286,-804.426719540413,-0,0,0,461.48595921745,0,0
28.3,100,98.2452734318932,126.334305213834,1.38192108782554,-26.6113967853764,-28.3623604274728,-24.9970354531262,-811.400970148246,-0,0,0,460.924484877506,0,0
28.32,100,98.2502797810405,126.361032653129,1.29075641841458,-27.1718326694226,-27.678998661329,-24.9974055066547,-813.615629213752,-0,0,0,460.362467214794,0,0
28.34,100,98.2552718467477,126.385932948192,1.19921340482131,-27.7184703080085,-26.9826730705307,-24.9977293677565,-817.97402997956,-0,0,0,459.799955688336,0,0
28.36,100,98.2602496697664,126.408998936986,1.10733254985497,-28.2510586448199,-26.2742050592994,-24.9980128024632,-819.405211598305,-0,0,0,459.237091095347,0,0
28.38,100,98.2652132907319,126.430224268474,1.01515444364848,-28.7693630126243,-25.5544120240141,-24.9982608570535,-819.033289603804,-0,0,0,458.673239666068,0,0
28.4,100,98.2701627501636,126.449603403952,0.922719722527203,-29.2731650467204,-24.8241067168155,-24.9984779478978,-821.703687062079,-0,0,0,458.10943809958,0,0
28.42,100,98.2750980884654,126.467131617565,0.8300690285912,-29.7622625858391,-24.0840966272441,-24.9986679400871,-830.601268115243,-0,0,0,457.546116785088,0,0
28.44,100,98.2800193459256,126.482804996028,0.737242970034636,-30.2364695608571,-23.3351833817134,-24.9988342162473,-836.003595899638,-0,0,0,456.982248086271,0,0
28.46,100,98.2849265627179,126.496620437555,0.644282082224902,-30.6956158716764,-22.5781621606567,-24.9989797367634,-834.420046129941,-0,0,0,456.417305931278,0,0
28.48,100,98.2898197789011,126.508575650023,0.551226789562461,-31.1395472526224,-21.8138211332199,-24.9991070924865,-836.029242316284,-0,0,0,455.852757008215,0,0
28.5,100,98.29469903442,126.518669148372,0.458117368141193,-31.5681251267103,-21.0429409093974,-24.9992185508611,-839.826973571411,-0,0,0,455.288666432933,0,0
28.52,100,98.2995643691052,126.526900251278,0.364993909227729,-31.9812264491289,-20.2662940095312,-24.999316096295,-841.91346395419,-0,0,0,454.724080894048,0,0
28.54,100,98.3044158226738,126.533269077095,0.271896283577021,-32.3787435402858,-19.4846443511091,-24.9994014654896,-847.610680910785,-0,0,0,454.159383171871,0,0
28.56,100,98.3092534347295,126.537776539097,0.178864106600234,-32.7605839087627,-18.6987467528093,-24.9994761783604,-856.884227756814,-0,0,0,453.594158011846,0,0
28.58,100,98.314077244763,126.540424340028,0.0859367043998585,-33.126670064523,-17.9093464557519,-24.9995415650971,-848.868868747239,-0,0,0,453.028269714859,0,0
28.6,100,98.3188872921524,126.541214965984,-0.00684691931418269,-33.4769393227159,-17.1171786619188,-24.999598789847,-855.987319153806,-0,-0,0,452.464144797685,0,0
28.62,100,98.3236836161634,126.540151679645,-0.0994481154147425,-33.811343598421,-16.3229680897115,-24.999648871441,-857.186327485678,-0,-0,0,451.899311950714,0,0
28.64,100,98.3284662559498,126.537238512863,-0.191828620642381,-34.1298491926748,-15.5274285466158,-24.999692701533,-866.498227301057,-0,-0,0,451.334677263367,0,0
28.66,100,98.3332352505534,126.532480258645,-0.283950587974466,-34.4324365701213,-14.7312625189433,-24.9997310604751,-857.160397204801,-0,-0,0,450.769380985086,0,0
28.68,100,98.3379906389049,126.525882462528,-0.375776616068929,-34.7191001286281,-13.9351607786147,-24.999764631211,-866.152925791911,-0,-0,0,450.20607410718,0,0
28.7,100,98.3427324598239,126.517451413382,-0.467269777774155,-34.9898479612079,-13.1398020069516,-24.9997940114349,-866.865461829056,-0,-0,0,449.642320255045,0,0
28.72,100,98.347460752019,126.507194133648,-0.558393647697498,-35.2447016105862,-12.3458524354332,-24.999819724233,-868.569546951188,-0,-0,0,449.079292623008,0,0
28.74,100,98.3521755540886,126.495118369034,-0.649112328825853,-35.4836958167529,-11.5539655033724,-24.9998422273967,-877.875053088945,-0,-0,0,448.517303885877,0,0
28.76,100,98.356876904521,126.481232577688,-0.739390478192688,-35.7068782578362,-10.7647815324589,-24.999861921573,-879.750867942773,-0,-0,0,447.954518944432,0,0
28.78,100,98.3615648416945,126.465545918874,-0.829193331586869,-35.9143092846359,-9.97892741810811,-24.9998791573973,-883.505381304995,-0,-0,0,447.392002905637,0,0
28.8,100,98.366239403878,126.44806824115,-0.9184867272995,-36.1060616491509,-9.1970163375485,-24.9998942417368,-887.482155211334,-0,-0,0,446.829800583696,0,0
28.82,100,98.3709006292312,126.428810070096,-1.00723712890593,-36.2822202274351,-8.41964747457104,-24.9999074431534,-892.519971498708,-0,-0,0,446.267957904504,0,0
28.84,100,98.375548555805,126.407782595582,-1.09541164708096,-36.4428817371147,-7.64740576085643,-24.9999189966856,-897.230547784954,-0,-0,0,445.705642367336,0,0
28.86,100,98.3801832215417,126.384997658622,-1.18297806044603,-36.5881544498962,-6.88086163378636,-24.9999291080327,-897.402816269271,-0,-0,0,445.144706863873,0,0
28.88,100,98.3848046642753,126.360467737808,-1.26990483544828,-36.7181578993957,-6.1205708106362,-24.9999379572173,-893.859788018541,-0,-0,0,444.584819436652,0,0
28.9,100,98.3894129217318,126.334205935369,-1.35616114527184,-36.8330225846141,-5.36707407903739,-24.9999457017906,-902.159012843056,-0,-0,0,444.026124114667,0,0
28.92,100,98.3940080315298,126.306225962853,-1.44171688778284,-36.9328896693833,-4.62089710358847,-24.9999524796372,-908.380363396322,-0,-0,0,443.467683608526,0,0
28.94,100,98.3985900311803,126.27654212646,-1.52654270251021,-37.0179106781057,-3.88255024848435,-24.9999584114301,-903.704680589781,-0,-0,0,442.909671509716,0,0
28.96,100,98.4031589580876,126.245169312048,-1.61060998666522,-37.0882471881048,-3.15252841602402,-24.9999636027789,-904.562351580137,-0,-0,0,442.352880897195,0,0
28.98,100,98.4077148495488,126.21212296983,-1.69389091020347,-37.144070518903,-2.43131090084774,-24.9999681461107,-908.936819258928,-0,-0,0,441.796962847181,0,0
29,100,98.4122577427551,126.177419098773,-1.77635842993367,-37.1855614187417,-1.71936125974558,-24.9999721223151,-920.171432722584,-0,-0,0,441.242672662864,0,0
29.02,100,98.4167876747913,126.141074230727,-1.8579863026784,-37.2129097486497,-1.01712719687011,-24.9999756021844,-923.109805017059,-0,-0,0,440.687829030386,0,0
29.04,100,98.4213046826365,126.103105414306,-1.93874909749269,-37.2263141643708,-0.325040464176896,-24.9999786476743,-926.95198461428,-0,-0,0,440.133606740435,0,0
29.06,100,98.4258088031642,126.063530198524,-2.01862220694696,-37.225981796449,0.356483223091853,-24.9999813130069,-924.358416079646,-0,-0,0,439.57999157952,0,0
29.08,100,98.4303000731427,126.022366616221,-2.09758185748147,-37.212127928773,1.0270442560741,-24.9999836456358,-932.740672781536,-0,-0,0,439.027796525153,0,0
29.1,100,98.4347785292356,125.97963316729,-2.17560511884018,-37.1849756758748,1.68625918730704,-24.9999856870912,-935.404573740992,-0,-0,0,438.475881769653,0,0
29.12,100,98.4392442080017,125.935348801726,-2.25266991259247,-37.1447556592714,2.33376077130838,-24.9999874737192,-943.998761511996,-0,-0,0,437.925651531056,0,0
29.14,100,98.4436971458955,125.88953290251,-2.32875501975181,-37.0917056831381,2.9691979909376,-24.999989037329,-942.821301197204,-0,-0,0,437.3761162244,0,0
29.16,100,98.4481373792676,125.842205268349,-2.40384008750105,-37.0260704095954,3.59223606976283,-24.999990405759,-948.403306210704,-0,-0,0,436.827249045881,0,0
29.18,100,98.4525649443647,125.793386096297,-2.47790563503469,-36.9481010338854,4.20255647066607,-24.999991603373,-944.651009628328,-0,-0,0,436.279459924402,0,0
29.2,100,98.4569798773304,125.743095964263,-2.55093305852877,-36.8580549597127,4.79985688092684,-24.9999926514932,-952.068747392277,-0,-0,0,435.734246561236,0,0
29.22,100,98.4613822142048,125.691355813425,-2.6229046352499,-36.7561954750164,5.38385118403107,-24.9999935687804,-957.453735764589,-0,-0,0,435.188984500032,0,0
29.24,100,98.4657719909255,125.638186930579,-2.69380352681524,-36.6427914284366,5.95426941845862,-24.999994371566,-964.40545816828,-0,-0,0,434.645269601949,0,0
29.26,100,98.4701492433275,125.583610930424,-2.76361378161578,-36.518116906733,6.51085772370905,-24.9999950741428,-965.962641513935,-0,-0,0,434.102209122111,0,0
29.28,100,98.4745140071433,125.527649737808,-2.83232033641579,-36.3824509134092,7.05337827383132,-24.9999956890195,-966.761635202693,-0,-0,0,433.559819541782,0,0
29.3,100,98.4788663180037,125.470325569955,-2.89990901714184,-36.2360770487877,7.5816091987287,-24.9999962271434,-976.145859780115,-0,-0,0,433.019119352843,0,0
29.32,100,98.4832062114379,125.411660918676,-2.966366538875,-36.0792831917802,8.09534449351554,-24.9999966980953,-981.398568461764,-0,-0,0,432.479612564513,0,0
29.34,100,98.4875337228736,125.351678532597,-3.03168050506054,-35.9123611835871,8.59439391620768,-24.99999711026,-979.371979050527,-0,-0,0,431.941263733131,0,0
29.36,100,98.4918488876374,125.290401399401,-3.0958394059496,-35.7356065135575,9.07858287403303,-24.9999974709756,-990.166313427265,-0,-0,0,431.404831790391,0,0
29.38,100,98.4961517409551,125.22785272812,-3.15883261628794,-35.5493180074347,9.54775229865325,-24.9999977866645,-984.394348067424,-0,-0,0,430.868564076653,0,0
29.4,100,98.5004423179522,125.164055931467,-3.22065039226699,-35.3537975182052,10.0017585105917,-24.999998062947,-988.476345504348,-0,-0,0,430.334944519666,0,0
29.42,100,98.5047206536538,125.099034608252,-3.28128386775292,-35.1493496197654,10.4404730731667,-24.9999983047423,-989.195259701023,-0,-0,0,429.803032571963,0,0
29.44,100,98.508986782985,125.032812525864,-3.34072504980977,-34.936281303611,10.8637826362323,-24.9999985163551,-990.344406961236,-0,-0,0,429.272380436728,0,0
29.46,100,98.5132407407715,124.965413602862,-3.39896681353295,-34.7149016787519,11.271588770033,-24.999998701553,-1004.99563920955,-0,-0,0,428.742925736644,0,0
29.48,100,98.5174825617395,124.896861891673,-3.45600289620971,-34.4855216750458,11.6638077894808,-24.9999988636334,-1007.18521345306,-0,-0,0,428.213539296319,0,0
29.5,100,98.5217122805161,124.827181561408,-3.51182789082346,-34.2484537501397,12.0403705691647,-24.9999990054819,-1004.61331213488,-0,-0,0,427.686330660727,0,0
29.52,100,98.5259299316295,124.75639688082,-3.56643723891911,-34.0040116002006,12.4012223494096,-24.9999991296239,-1018.30331120687,-0,-0,0,427.161499288057,0,0
29.54,100,98.5301355495098,124.68453220141,-3.61982722284673,-33.7525098746132,12.7463225336962,-24.9999992382698,-1018.35428669021,-0,-0,0,426.636909316618,0,0
29.56,100,98.5343291684885,124.611611940695,-3.6719949574012,-33.4942638948117,13.0756444777623,-24.9999993333538,-1020.43122001866,-0,-0,0,426.114495339283,0,0
29.58,100,98.5385108227991,124.537660565643,-3.72293838087561,-33.2295893774106,13.389175270704,-24.9999994165688,-1027.26182514829,-0,-0,0,425.59434249299,0,0
29.6,100,98.5426805465777,124.462702576302,-3.77265624554624,-32.958802161791,13.6869155083956,-24.9999994893964,-1027.73682279075,-0,-0,0,425.07484642083,0,0
29.62,100,98.5468383738629,124.386762489616,-3.82114810760751,-32.6822179422922,13.9688790595502,-24.9999995531332,-1034.74862113347,-0,-0,0,424.557244655204,0,0
29.64,100,98.5509843385962,124.309864823456,-3.86841431657485,-32.4001520051535,14.2350928247432,-24.9999996089139,-1037.14607008507,-0,-0,0,424.040907354483,0,0
29.66,100,98.5551184746221,124.23203408086,-3.91445600417414,-32.1129189703426,14.4855964887189,-24.9999996577318,-1041.85135856593,-0,-0,0,423.526704624998,0,0
29.68,100,98.5592408156888,124.153294734507,-3.95927507273603,-31.8208325384031,14.7204422663036,-24.9999997004558,-1040.01251650289,-0,-0,0,423.014596325511,0,0
29.7,100,98.563351395448,124.073671211423,-4.00287418311387,-31.5242052424444,14.9396946422468,-24.9999997378468,-1050.9292835886,-0,-0,0,422.503978360546,0,0
29.72,100,98.5674502474555,123.993187877936,-4.04525674214378,-31.2233482053929,15.143430105311,-24.9999997705705,-1054.06045396745,-0,-0,0,421.994010780345,0,0
29.74,100,98.5715374051714,123.911869024884,-4.08642688966572,-30.9185709026165,15.3317368769317,-24.9999997992093,-1053.06105916036,-0,-0,0,421.485710153444,0,0
29.76,100,98.5756129019602,123.829738853092,-4.12638948512411,-30.6101809300275,15.5047146347661,-24.9999998242733,-1059.97105180541,-0,-0,0,420.980151216548,0,0
29.78,100,98.5796767710913,123.746821459113,-4.16515009376705,-30.2984837777627,15.6624742314502,-24.9999998462086,-1065.72472147508,-0,-0,0,420.476003190128,0,0
29.8,100,98.5837290457391,123.663140821255,-4.20271497246268,-29.9837826095338,15.80513740888,-24.9999998654058,-1068.50709499669,-0,-0,0,419.973438361279,0,0
29.82,100,98.5877697589836,123.578720785893,-4.23909105515164,-29.6663780477345,15.932836508332,-24.9999998822067,-1071.35987085278,-0,-0,0,419.472024449294,0,0
29.84,100,98.5917989438101,123.493585054078,-4.2742859379542,-29.3465679643838,16.0457141767375,-24.9999998969104,-1077.40569624956,-0,-0,0,418.972425786086,0,0
29.86,100,98.5958166331099,123.407757168442,-4.30830786395105,-29.02464727798,16.1439230694198,-24.9999999097787,-1083.17609531257,-0,-0,0,418.474930491861,0,0
29.88,100,98.5998228596806,123.321260500415,-4.34116570765612,-28.7009077563328,16.2276255496049,-24.9999999210407,-1083.42600111657,-0,-0,0,417.978968251699,0,0
29.9,100,98.6038176562261,123.234118237754,-4.3728689592002,-28.3756378254342,16.2969933850099,-24.9999999308969,-1083.73321508755,-0,-0,0,417.484686509856,0,0
29.92,100,98.6078010553569,123.146353372392,-4.40342770824388,-28.0491223844255,16.3522074418138,-24.9999999395228,-1093.3032736564,-0,-0,0,416.993353733517,0,0
29.94,100,98.6117730895906,123.057988688608,-4.43285262763811,-27.7216426267076,16.3934573763098,-24.9999999470719,-1095.8671070949,-0,-0,0,416.502849262726,0,0
29.96,100,98.615733791352,122.969046751531,-4.46115495685082,-27.3934758672392,16.4209413245369,-24.9999999536788,-1099.30910258248,-0,-0,0,416.014382215829,0,0
29.98,100,98.6196831929735,122.879549895974,-4.48834648517768,-27.0648953760605,16.4348655901833,-24.9999999594609,-1100.00546409335,-0,-0,0,415.528248840189,0,0
30,100,98.623621326695,122.789520215607,-4.51443953475512,-26.7361702180731,16.435444331053,-24.9999999645212,-1106.8549058364,-0,-0,0,415.043539238716,0,0
30.02,100,98.6275482246645,122.698979552472,-4.53944694339347,-26.407565099103,16.42289924438,-24.9999999689499,-1108.25620716186,-0,-0,0,414.560611574823,0,0
30.04,100,98.6314639189385,122.607949486842,-4.56338204724794,-26.0793402182663,16.3974592512735,-24.9999999728258,-1108.65997860961,-0,-0,0,414.080234775117,0,0
30.06,100,98.6353684414817,122.516451327429,-4.58625866334512,-25.7517511266524,16.359360180572,-24.9999999762178,-1111.54635891343,-0,-0,0,413.601863024726,0,0
30.08,100,98.639261824168,122.424506101944,-4.60809107198213,-25.4250485923339,16.3088444523797,-24.9999999791865,-1120.08820798608,-0,-0,0,413.12554388822,0,0
30.1,100,98.6431440987799,122.332134548003,-4.62889399901593,-25.0994784717062,16.2461607615547,-24.9999999817846,-1118.43534639171,-0,-0,0,412.650906806206,0,0
30.12,100,98.6470152970096,122.239357104402,-4.64868259805949,-24.7752815871563,16.1715637614137,-24.9999999840583,-1124.26495573338,-0,-0,0,412.178671362083,0,0
30.14,100,98.6508754504587,122.146193902734,-4.6674724326017,-24.4526936110526,16.0853137479137,-24.9999999860483,-1129.88173810206,-0,-0,0,411.708118739337,0,0
30.16,100,98.6547245906387,122.052664759372,-4.68527945806759,-24.1319449560445,15.9876763445648,-24.9999999877898,-1132.98650819835,-0,-0,0,411.238355389635,0,0
30.18,100,98.6585627489711,121.958789167812,-4.70212000383499,-23.8132606716542,15.8789221883255,-24.999999989314,-1134.59288066054,-0,-0,0,410.771320920368,0,0
30.2,100,98.6623899567879,121.864586291373,-4.71801075522387,-23.4968603471388,15.7593266167247,-24.9999999906479,-1144.81037408922,-0,-0,0,410.306201119007,0,0
30.22,100,98.6662062453316,121.77007495626,-4.73296873547402,-23.1829580205954,15.6291693564503,-24.9999999918153,-1136.24120644131,-0,-0,0,409.841444545371,0,0
30.24,100,98.6700116457556,121.675273644981,-4.74701128772664,-22.8717620942784,15.4887342136392,-24.9999999928369,-1144.67629747705,-0,-0,0,409.380895261028,0,0
30.26,100,98.6738061891245,121.580200490133,-4.76015605702502,-22.5634752560917,15.3383087660978,-24.9999999937311,-1150.23497632249,-0,-0,0,408.921025478705,0,0
30.28,100,98.677589906414,121.484873268545,-4.77242097234944,-22.258294407215,15.1781840576752,-24.9999999945136,-1149.44699362605,-0,-0,0,408.463279180795,0,0
30.3,100,98.6813628285118,121.389309395775,-4.78382422870076,-21.9564105958198,15.0086542950094,-24.9999999951984,-1154.71580904485,-0,-0,0,408.007852420185,0,0
30.32,100,98.6851249862172,121.293525920969,-4.79438426924726,-21.658008956825,14.830016546856,-24.9999999957978,-1155.40980772267,-0,-0,0,407.554560250671,0,0
30.34,100,98.6888764102417,121.197539522077,-4.80411976754872,-21.363268657638,14.6425704462071,-24.9999999963223,-1162.33204633283,-0,-0,0,407.103595722593,0,0
30.36,100,98.6926171312092,121.10136650142,-4.81304960987146,-21.072362849824,14.4466178954013,-24.9999999967814,-1162.38418270226,-0,-0,0,406.653667075491,0,0
30.38,100,98.6963471796562,121.005022781616,-4.82119287760797,-20.7854586266416,14.2424627744174,-24.9999999971832,-1162.43487399272,-0,-0,0,406.206504373704,0,0
30.4,100,98.7000665860322,120.908523901847,-4.82856882981407,-20.5027169863792,14.0304106525426,-24.9999999975348,-1170.10462964309,-0,-0,0,405.76157901182,0,0
30.42,100,98.7037753806996,120.811885014482,-4.8351968858765,-20.2242928014224,13.8107685035961,-24.9999999978425,-1172.33721228742,-0,-0,0,405.317771242953,0,0
30.44,100,98.7074735939343,120.715120882044,-4.84109660832346,-19.9503347929807,13.5838444248847,-24.9999999981118,-1175.59160492632,-0,-0,0,404.876588009346,0,0
30.46,100,98.7111612559259,120.618245874514,-4.84628768579009,-19.6809855113953,13.3499473600616,-24.9999999983475,-1168.57361654203,-0,-0,0,404.437188358047,0,0
30.48,100,98.7148383967777,120.521273966982,-4.85078991615082,-19.4163813219498,13.1093868260504,-24.9999999985538,-1176.56409320137,-0,-0,0,404.000954078037,0,0
30.5,100,98.7185050465073,120.424218737626,-4.85462318983,-19.156652396101,12.8624726441949,-24.9999999987343,-1180.1483206445,-0,-0,0,403.565981114844,0,0
30.52,100,98.7221612350464,120.327093366028,-4.85780747330192,-18.9019227080421,12.6095146757836,-24.9999999988923,-1182.9838914294,-0,-0,0,403.133270376674,0,0
30.54,100,98.7258069922416,120.229910631816,-4.86036279279091,-18.6523100365115,12.3508225620955,-24.9999999990306,-1178.29448109279,-0,-0,0,402.701997467026,0,0
30.56,100,98.7294423478542,120.13268291363,-4.86230921818198,-18.4079259717531,12.0867054691069,-24.9999999991516,-1186.49430084316,-0,-0,0,402.273351116429,0,0
30.58,100,98.7330673315604,120.035422188409,-4.86366684715209,-18.1688759275364,11.8174718369905,-24.9999999992575,-1188.07284170427,-0,-0,0,401.846089609786,0,0
30.6,100,98.7366819729522,119.938140030991,-4.86445578953157,-17.9352591581357,11.5434291345341,-24.9999999993502,-1188.59370844739,-0,-0,0,401.421283938101,0,0
30.62,100,98.7402863015367,119.840847614022,-4.86469615190517,-17.7071687801726,11.2648836185997,-24.9999999994313,-1193.59081848041,-0,-0,0,400.998381861035,0,0
30.64,100,98.7438803467371,119.743555708179,-4.86440802246158,-17.4846917992164,10.9821400987353,-24.9999999995023,-1194.58045147283,-0,-0,0,400.576941350305,0,0
30.66,100,98.7474641378926,119.646274682681,-4.86361145610013,-17.2679091410407,10.6955017070489,-24.9999999995644,-1193.61327154903,-0,-0,0,400.158233834253,0,0
30.68,100,98.7510377042585,119.549014506104,-4.86232645980274,-17.0568956874292,10.4052696734452,-24.9999999996188,-1199.80077596248,-0,-0,0,399.741468891136,0,0
30.7,100,98.7546010750069,119.451784747485,-4.86057297827913,-16.8517203164215,10.1117431063203,-24.9999999996664,-1204.55246650657,-0,-0,0,399.326404607036,0,0
30.72,100,98.7581542792266,119.354594577706,-4.85837087989276,-16.6524459468903,9.81521877880357,-24.999999999708,-1198.31629633314,-0,-0,0,398.912681768102,0,0
30.74,100,98.7616973459233,119.257452771159,-4.85573994287448,-16.4591295873376,9.51599092062983,-24.9999999997445,-1205.15188764209,-0,-0,0,398.502066430691,0,0
30.76,100,98.76523030402,119.160367707689,-4.85269984183089,-16.2718223887963,9.21435101571801,-24.9999999997764,-1206.86432774526,-0,-0,0,398.092718350613,0,0
30.78,100,98.7687531823572,119.063347374793,-4.84927013455364,-16.0905697017227,8.91058760552772,-24.9999999998043,-1206.48723645374,-0,-0,0,397.685584568303,0,0
30.8,100,98.7722660096932,118.966399370086,-4.84547024913576,-15.9154111367634,8.60498609825784,-24.9999999998287,-1211.87218484032,-0,-0,0,397.280820058222,0,0
30.82,100,98.775768814704,118.869530904027,-4.84131947140072,-15.7463806292793,8.29782858394606,-24.9999999998501,-1212.04998220108,-0,-0,0,396.876614374441,0,0
30.84,100,98.7792616259841,118.772748802881,-4.8368369326495,-15.5835065075085,7.98939365552206,-24.9999999998688,-1212.34819063294,-0,-0,0,396.475369883052,0,0
30.86,100,98.7827444720462,118.676059511933,-4.83204159773061,-15.4268115642478,7.67995623586123,-24.9999999998852,-1216.83426659767,-0,-0,0,396.076675220545,0,0
30.88,100,98.7862173813217,118.579469098932,-4.82695225343772,-15.2763131319329,7.36978741087993,-24.9999999998995,-1212.92432510158,-0,-0,0,395.679011803254,0,0
30.9,100,98.789680382161,118.482983257767,-4.82158749723911,-15.1320231609962,7.05915426870775,-24.9999999999121,-1218.5208002617,-0,-0,0,395.284777122709,0,0
30.92,100,98.7931335028334,118.38660731236,-4.81596572634276,-14.9939483013799,6.7483197449662,-24.999999999923,-1215.24456941772,-0,-0,0,394.891376738511,0,0
30.94,100,98.7965767715276,118.290346220782,-4.81010512710083,-14.8620899870819,6.43754247417816,-24.9999999999326,-1219.55167247799,-0,-0,0,394.500651563557,0,0
30.96,100,98.8000102163521,118.194204579571,-4.8040236647564,-14.7364445236131,6.12707664732627,-24.9999999999411,-1216.69545240614,-0,-0,0,394.111474566513,0,0
30.98,100,98.803433865335,118.098186628253,-4.79773907353568,-14.6170031782407,5.81717187557366,-24.9999999999484,-1222.00737468142,-0,-0,0,393.725486453041,0,0
31,100,98.8068477464244,118.002296254061,-4.79126884708795,-14.5037522728966,5.50807306015447,-24.9999999999549,-1222.00085373829,-0,-0,0,393.340526748741,0,0
31.02,100,98.8102518874888,117.906536996837,-4.78463022927549,-14.3966732796247,5.20002026843675,-24.9999999999605,-1220.04859148051,-0,-0,0,392.957782972862,0,0
31.04,100,98.813646316317,117.810912054118,-4.77784020531537,-14.2957429184473,4.89324861615483,-24.9999999999654,-1217.07472623956,-0,-0,0,392.57682726779,0,0
31.06,100,98.8170310606189,117.715424286395,-4.77091549327461,-14.2009332575232,4.58798815580345,-24.9999999999697,-1219.02903028941,-0,-0,0,392.197886381598,0,0
31.08,100,98.8204061480248,117.620076222534,-4.76387253591988,-14.1122118154776,4.28446377118069,-24.9999999999735,-1218.95474556739,-0,-0,0,391.82153549419,0,0
31.1,100,98.8237716060867,117.524870065369,-4.75672749292261,-14.0295416657797,3.98289507806193,-24.9999999999768,-1225.4224691929,-0,-0,0,391.447207367799,0,0
31.12,100,98.8271274622776,117.429807697431,-4.74949623342015,-13.9528815430453,3.68349633098228,-24.9999999999797,-1224.3746995006,-0,-0,0,391.073585997342,0,0
31.14,100,98.8304737439922,117.334890686832,-4.74219432893314,-13.8821859511428,3.38647633610016,-24.9999999999822,-1220.14966663862,-0,-0,0,390.702299517957,0,0
31.16,100,98.8338104785473,117.240120293288,-4.7348370466391,-13.8174052729822,3.09203837011021,-24.9999999999845,-1220.85559143225,-0,-0,0,390.333205822576,0,0
31.18,100,98.8371376931814,117.145497474268,-4.72743934300188,-13.7584858818649,2.800380105169,-24.9999999999864,-1234.46964485592,-0,-0,0,389.966408534696,0,0
31.2,100,98.8404554150555,117.051022891268,-4.72001585775632,-13.7053702542752,2.51169353979293,-24.9999999999881,-1218.32298468641,-0,-0,0,389.600081553822,0,0
31.22,100,98.8437636712531,116.956696916205,-4.71258090824725,-13.6579970839948,2.22616493568312,-24.9999999999896,-1222.49528910939,-0,-0,0,389.237182294544,0,0
31.24,100,98.8470624887804,116.862519637919,-4.70514848412148,-13.616301397422,1.94397476042808,-24.9999999999909,-1226.53455478189,-0,-0,0,388.876241183225,0,0
31.26,100,98.8503518945665,116.768490868772,-4.69773224237151,-13.5802146699781,1.66529763603098,-24.999999999992,-1220.08954996362,-0,-0,0,388.51620252854,0,0
31.28,100,98.8536319154638,116.674610151354,-4.69034550272897,-13.549664943486,1.39030229320413,-24.999999999993,-1225.35113647952,-0,-0,0,388.1595883928,0,0
31.3,100,98.8569025782478,116.58087676527,-4.68300124340599,-13.524576944405,1.11915153136976,-24.9999999999939,-1217.12849533095,-0,-0,0,387.803281991642,0,0
31.32,100,98.860163909618,116.487289734005,-4.67571209718208,-13.5048722028102,0.852002184302155,-24.9999999999947,-1222.86131021337,-0,-0,0,387.450558965587,0,0
31.34,100,98.8634159361974,116.393847831875,-4.66849034783403,-13.4904691720019,0.589005091343047,-24.9999999999953,-1226.99436450555,-0,-0,0,387.098479420681,0,0
31.36,100,98.8666586845333,116.300549591039,-4.66134792690612,-13.4812833486366,0.330305074118121,-24.9999999999959,-1222.80876640545,-0,-0,0,386.748094570229,0,0
31.38,100,98.869892181097,116.207393308569,-4.65429641081751,-13.4772273932685,0.0760409186796855,-24.9999999999964,-1219.01154605922,-0,-0,0,386.400470230105,0,0
31.4,100,98.8731164522845,116.114377053583,-4.64734701830375,-13.4782112511954,-0.173654637003026,-24.9999999999969,-1211.25592996656,-0,-0,0,386.054506443343,0,0
31.42,100,98.8763315244164,116.02149867442,-4.64051060818873,-13.4841422735011,-0.418654910287438,-24.9999999999973,-1223.60617606775,-0,-0,0,385.711412120752,0,0
31.44,100,98.8795374237381,115.928755805858,-4.63379767748357,-13.4949253381913,-0.658839275919617,-24.9999999999976,-1211.22787046741,-0,-0,0,385.369175008852,0,0
31.46,100,98.8827341764204,115.836145876365,-4.62721835980847,-13.5104629713193,-0.894093163002064,-24.9999999999979,-1222.97716459967,-0,-0,0,385.030237005705,0,0
31.48,100,98.8859218085591,115.743666115382,-4.62078242413345,-13.5306554680015,-1.12430804695745,-24.9999999999982,-1218.34350058041,-0,-0,0,384.691306540031,0,0
31.5,100,98.8891003461758,115.651313560627,-4.61449927383362,-13.5554010132216,-1.34938143658107,-24.9999999999984,-1214.44951689099,-0,-0,0,384.354486387478,0,0
31.52,100,98.8922698152177,115.559085065409,-4.60837794605462,-13.5845958023292,-1.5692168562773,-24.9999999999986,-1208.71394142139,-0,-0,0,384.020276620889,0,0
31.54,100,98.895430241558,115.46697730596,-4.60242711138346,-13.6181341611345,-1.78372382357761,-24.9999999999988,-1205.84621634636,-0,-0,0,383.687972008923,0,0
31.56,100,98.8985816509963,115.374986788769,-4.59665507381996,-13.6559086655075,-1.99281782204027,-24.9999999999989,-1208.25618903009,-0,-0,0,383.357962735887,0,0
31.58,100,98.9017240692582,115.283109857906,-4.59106977104375,-13.6978102603899,-2.19642026963346,-24.9999999999991,-1211.03472571258,-0,-0,0,383.02920503561,0,0
31.6,100,98.9048575219963,115.191342702346,-4.58567877497166,-13.7437283781302,-2.3944584827062,-24.9999999999992,-1208.50042433814,-0,-0,0,382.702350289666,0,0
31.62,100,98.9079820347896,115.09968136328,-4.58048929260023,-13.793551056055,-2.58686563565271,-24.9999999999993,-1203.88442729903,-0,-0,0,382.377968802618,0,0
31.64,100,98.9110976331445,115.008121741395,-4.57550816712777,-13.8471650531918,-2.77358071637818,-24.9999999999994,-1199.2246706954,-0,-0,0,382.054851118568,0,0
31.66,100,98.9142043424945,114.916659604142,-4.5707418793504,-13.904455966059,-2.9545484776752,-24.9999999999994,-1207.79261880842,-0,-0,0,381.734908461616,0,0
31.68,100,98.9173021882004,114.825290592969,-4.56619654932632,-13.9653083434451,-3.12971938462174,-24.9999999999995,-1204.90454656034,-0,-0,0,381.41487920151,0,0
31.7,100,98.9203911955508,114.734010230511,-4.56187793830243,-14.0296058000953,-3.29904955811307,-24.9999999999996,-1205.45535222377,-0,-0,0,381.096944513122,0,0
31.72,100,98.9234713897622,114.642813927749,-4.55779145089729,-14.0972311292321,-3.46250071464113,-24.9999999999996,-1202.76838305832,-0,-0,0,380.780752346919,0,0
31.74,100,98.9265427959789,114.551696991118,-4.55394213753432,-14.1680664138348,-3.62004010243623,-24.9999999999997,-1191.05787759496,-0,-0,0,380.467189502385,0,0
31.76,100,98.9296054392736,114.460654629566,-4.55033469711903,-14.2419931366057,-3.77164043408688,-24.9999999999997,-1193.18780541706,-0,-0,0,380.155833648219,0,0
31.78,100,98.9326593446477,114.369681961553,-4.54697347995393,-14.3188922885557,-3.91727981575452,-24.9999999999998,-1194.51299045324,-0,-0,0,379.846552259314,0,0
31.8,100,98.9357045370309,114.27877402199,-4.54386249088482,-14.3986444761398,-4.05694167310085,-24.9999999999998,-1193.21850353439,-0,-0,0,379.538475120832,0,0
31.82,100,98.9387410412819,114.187925769122,-4.5410053926718,-14.4811300268802,-4.19061467404599,-24.9999999999998,-1187.22467534171,-0,-0,0,379.232280104515,0,0
31.84,100,98.9417688821887,114.097132091329,-4.53840550957859,-14.5662290934134,-4.31829264847663,-24.9999999999998,-1184.90019309189,-0,-0,0,378.928152116577,0,0
31.86,100,98.9447880844681,114.006387813856,-4.53606583117351,-14.6538217559023,-4.43997450502333,-24.9999999999999,-1175.43604104181,-0,-0,0,378.625543010497,0,0
31.88,100,98.9477986727669,113.915687705475,-4.53398901633526,-14.7437881227549,-4.55566414502711,-24.9999999999999,-1184.59281952427,-0,-0,0,378.326919642027,0,0
31.9,100,98.9508006716613,113.82502648505,-4.53217739745696,-14.836008429596,-4.66537037381526,-24.9999999999999,-1177.70740756663,-0,-0,0,378.027503912831,0,0
31.92,100,98.9537941056573,113.734398828024,-4.53063298484151,-14.9303631364384,-4.76910680940682,-24.9999999999999,-1171.86831799149,-0,-0,0,377.730403086958,0,0
31.94,100,98.9567789991913,113.643799372821,-4.52935747128142,-15.0267330230024,-4.86689178876798,-24.9999999999999,-1169.29380567726,-0,-0,0,377.43519551788,0,0
31.96,100,98.9597553766297,113.55322272714,-4.52835223681634,-15.1249992821387,-4.95874827173788,-24.9999999999999,-1172.08102924561,-0,-0,0,377.142653220324,0,0
31.98,100,98.9627232622694,113.46266347417,-4.52761835366115,-15.2250436113063,-5.04470374274501,-24.9999999999999,-1169.14674730302,-0,-0,0,376.851490959025,0,0
32,100,98.9656826803382,113.372116178688,-4.52715659129792,-15.3267483020635,-5.12479011043415,-24.9999999999999,-1166.10020452746,-0,-0,0,376.562361910703,0,0
32.02,100,98.9686336549945,113.281575393069,-4.5269674217246,-15.4299963275328,-5.19904360532372,-25,-1161.2111310494,-0,-0,0,376.275038854461,0,0
32.04,100,98.971576210328,113.191035663174,-4.5270510248535,-15.5346714277987,-5.26750467561256,-25,-1152.22727576197,-0,-0,0,375.989715090856,0,0
32.06,100,98.9745103703596,113.100491534143,-4.52740729405265,-15.6406581932052,-5.3302178812552,-25,-1154.57189337675,-0,-0,0,375.706940111209,0,0
32.08,100,98.9774361590416,113.009937556067,-4.52803584182297,-15.747842145518,-5.38723178642352,-25,-1156.11801478526,-0,-0,0,375.426162840156,0,0
32.1,100,98.9803536002579,112.919368289546,-4.52893600560428,-15.8561098169213,-5.43859885047254,-25,-1142.89701222923,-0,-0,0,375.145838311181,0,0
32.12,100,98.9832627178245,112.828778311133,-4.53010685370335,-15.9653488268186,-5.48437531752683,-25,-1143.2619548786,-0,-0,0,374.868501326373,0,0
32.14,100,98.9861635354893,112.738162218656,-4.53154719133669,-16.0754479564145,-5.52462110480357,-25,-1144.22384357562,-0,-0,0,374.593051771162,0,0
32.16,100,98.9890560769324,112.64751463642,-4.53325556678158,-16.1862972210491,-5.55939968978713,-25,-1140.49642909476,-0,-0,0,374.319043003048,0,0
32.18,100,98.9919403657664,112.556830220278,-4.53523027762811,-16.2977879402671,-5.588777996369,-25,-1134.47470915823,-0,-0,0,374.046934133785,0,0
32.2,100,98.9948164255366,112.466103662589,-4.5374693771255,-16.4098128055992,-5.61282628006604,-25,-1129.09999814117,-0,-0,0,373.776100838358,0,0
32.22,100,98.9976842797211,112.375329697036,-4.53997068061591,-16.5222659460398,-5.63161801242851,-25,-1127.46617325301,-0,-0,0,373.508085101855,0,0
32.24,100,99.0005439517308,112.284503103318,-4.5427317720489,-16.6350429912064,-5.64522976474847,-25,-1123.05769262307,-0,-0,0,373.241302492597,0,0
32.26,100,99.0033954649101,112.193618711717,-4.54575001056973,-16.7480411321659,-5.65374109117739,-25,-1122.39699348325,-0,-0,0,372.977159352297,0,0
32.28,100,99.0062388425366,112.102671407522,-4.54902253717503,-16.8611591799193,-5.65723441136096,-25,-1120.43253234704,-0,-0,0,372.713912050004,0,0
32.3,100,99.0090741078216,112.01165613533,-4.55254628142897,-16.9742976215343,-5.65579489269715,-25,-1116.08647829037,-0,-0,0,372.453003780744,0,0
32.32,100,99.0119012839102,111.920567903203,-4.55631796823357,-17.0873586739209,-5.64951033232223,-25,-1113.73162949999,-0,-0,0,372.193731812697,0,0
32.34,100,99.0147203938813,111.829401786695,-4.56033412464653,-17.2002463352446,-5.63847103892814,-25,-1105.23368098659,-0,-0,0,371.935989219596,0,0
32.36,100,99.0175314607481,111.738152932742,-4.5645910867402,-17.3128664339745,-5.62276971451255,-25,-1096.63781141138,-0,-0,0,371.681340127707,0,0
32.38,100,99.0203345074581,111.646816563408,-4.56908500649532,-17.4251266755677,-5.60250133616144,-25,-1099.87549267892,-0,-0,0,371.429658238342,0,0
32.4,100,99.0231295568933,111.555387979502,-4.57381185872334,-17.5369366867897,-5.57776303796252,-25,-1093.27732160104,-0,-0,0,371.178180709874,0,0
32.42,100,99.0259166318706,111.463862564052,-4.57876744801097,-17.6482080576752,-5.54865399314547,-25,-1094.39833216748,-0,-0,0,370.929342990724,0,0
32.44,100,99.0286957551414,111.372235785637,-4.58394741568107,-17.7588543811353,-5.51527529654381,-25,-1089.6009000447,-0,-0,0,370.681525634268,0,0
32.46,100,99.0314669493926,111.280503201584,-4.58934724676366,-17.8687912902171,-5.47772984747067,-25,-1086.64162283267,-0,-0,0,370.435418690861,0,0
32.48,100,99.0342302372462,111.188660461025,-4.5949622769713,-17.9779364930267,-5.43612223309927,-25,-1078.19734604166,-0,-0,0,370.190834052703,0,0
32.5,100,99.0369856412596,111.096703307812,-4.60078769967294,-18.0862098053246,-5.39055861243671,-25,-1076.77094034669,-0,-0,0,369.948839354106,0,0
32.52,100,99.039733183926,111.004627583295,-4.6068185728605,-18.1935331808082,-5.3411466009777,-25,-1068.33968478541,-0,-0,0,369.708329860716,0,0
32.54,100,99.0424728876743,110.912429228961,-4.61304982610267,-18.2998307390939,-5.2879951561228,-25,-1062.90607075696,-0,-0,0,369.470855442205,0,0
32.56,100,99.0452047748694,110.820104288931,-4.61947626748029,-18.4050287914167,-5.23121446344367,-25,-1062.79279888506,-0,-0,0,369.235263757798,0,0
32.58,100,99.0479288678124,110.727648912322,-4.626092590498,-18.5090558640639,-5.17091582387572,-25,-1055.46048088518,-0,-0,0,369.000033044241,0,0
32.6,100,99.0506451887409,110.63505935547,-4.63289338096687,-18.6118427195624,-5.10721154191628,-25,-1057.69323008254,-0,-0,0,368.767762704219,0,0
32.62,100,99.053353759829,110.542331984013,-4.63987312385274,-18.7133223756413,-5.04021481490441,-25,-1050.01997951299,-0,-0,0,368.536156217868,0,0
32.64,100,99.0560546031873,110.449463274843,-4.64702621008539,-18.8134301219907,-4.97003962345608,-25,-1041.95664045331,-0,-0,0,368.307302906378,0,0
32.66,100,99.0587477408638,110.356449817917,-4.65434694332341,-18.9121035348418,-4.89680062312637,-25,-1036.53847605021,-0,-0,0,368.08064942821,0,0
32.68,100,99.0614331948431,110.263288317933,-4.66182954667007,-19.0092824893934,-4.82061303736797,-25,-1036.0552649237,-0,-0,0,367.856331941028,0,0
32.7,100,99.0641109870473,110.169975595882,-4.66946816933549,-19.1049091701104,-4.74159255185306,-25,-1029.05228445216,-0,-0,0,367.633648588092,0,0
32.72,100,99.0667811393361,110.076508590449,-4.67725689324047,-19.1989280789232,-4.65985521022327,-25,-1030.66568646954,-0,-0,0,367.4128661178,0,0
32.74,100,99.0694436735065,109.982884359304,-4.68518973955766,-19.2912860413573,-4.5755173113303,-25,-1028.09518375576,-0,-0,0,367.19280735812,0,0
32.76,100,99.0720986112935,109.889100080243,-4.69326067518558,-19.3819322106225,-4.48869530802724,-25,-1018.98929793235,-0,-0,0,366.974780332488,0,0
32.78,100,99.0747459743702,109.795153052216,-4.70146361915149,-19.4708180696944,-4.39950570756835,-25,-1009.86493411463,-0,-0,0,366.758641092207,0,0
32.8,100,99.0773857843477,109.701040696217,-4.70979244893893,-19.55789743142,-4.308064973673,-25,-1016.37498564784,-0,-0,0,366.545407028942,0,0
32.82,100,99.0800180627754,109.606760556054,-4.71824100673605,-19.6431264366822,-4.21448943030666,-25,-1005.46187425485,-0,-0,0,366.33290906398,0,0
32.84,100,99.0826428311414,109.512310298993,-4.72680310560093,-19.7264635506568,-4.11889516722983,-25,-997.259868929807,-0,-0,0,366.12308160522,0,0
32.86,100,99.0852601108724,109.417687716278,-4.73547253554026,-19.8078695571996,-4.02139794736339,-25,-993.200271680578,-0,-0,0,365.915474667064,0,0
32.88,100,99.0878699233338,109.322890723537,-4.7442430694978,-19.8873075513983,-3.92211311601643,-25,-989.064392497058,-0,-0,0,365.709429007784,0,0
32.9,100,99.0904722898304,109.227917361055,-4.75310846924933,-19.9647429303283,-3.82115551202023,-25,-975.391760351966,-0,-0,0,365.504974921427,0,0
32.92,100,99.093067231606,109.132765793951,-4.76206249120067,-20.040143382051,-3.71863938080994,-25,-973.416429050866,-0,-0,0,365.304226815598,0,0
32.94,100,99.0956547698437,109.037434312216,-4.77109889208592,-20.1134788728932,-3.61467828949286,-25,-972.679013948547,-0,-0,0,365.104971276514,0,0
32.96,100,99.0982349256663,108.941921330661,-4.7802114345626,-20.1847216330479,-3.50938504394026,-25,-959.875840569042,-0,-0,0,364.906849067429,0,0
32.98,100,99.1008077201364,108.846225388737,-4.78939389270116,-20.2538461405377,-3.40287160793695,-25,-959.942125989466,-0,-0,0,364.712069157255,0,0
33,100,99.1033731742563,108.750345150254,-4.79864005736598,-20.3208291035816,-3.29524902442082,-25,-953.720898018657,-0,-0,0,364.51789656074,0,0
33.02,100,99.1059313089686,108.654279402993,-4.80794374148534,-20.385649441409,-3.18662733884216,-25,-956.199511630452,-0,-0,0,364.326632586047,0,0
33.04,100,99.108482145156,108.558027058214,-4.81729878520788,-20.4482882635604,-3.07711552467032,-25,-947.505517587838,-0,-0,0,364.13600682142,0,0
33.06,100,99.1110257036417,108.461587150057,-4.82669906094332,-20.5087288477216,-2.96682141107282,-25,-941.466979609492,-0,-0,0,363.94783042066,0,0
33.08,100,99.1135620051895,108.364958834854,-4.83613847828527,-20.5669566161324,-2.85585161279019,-25,-935.40105218751,-0,-0,0,363.761164987728,0,0
33.1,100,99.1160910705037,108.268141390329,-4.84561098881402,-20.6229591106155,-2.74431146222707,-25,-928.706461124981,-0,-0,0,363.577152174987,0,0
33.12,100,99.11861292023,108.171134214719,-4.85511059077752,-20.6767259662689,-2.63230494377832,-25,-925.420370457849,-0,-0,0,363.395554004801,0,0
33.14,100,99.1211275749548,108.073936825788,-4.86463133364873,-20.7282488838683,-2.51993463040655,-25,-922.904490302044,-0,-0,0,363.215329112293,0,0
33.16,100,99.1236350552059,107.976548859765,-4.87416732255772,-20.7775216010227,-2.40730162248515,-25,-913.493508012559,-0,-0,0,363.036464102883,0,0
33.18,100,99.1261353814527,107.87897007018,-4.88371272259702,-20.8245398621301,-2.29450548891913,-25,-910.906068572665,-0,-0,0,362.860612242411,0,0
33.2,100,99.1286285741058,107.781200326629,-4.89326176299893,-20.8693013871783,-2.1816442105536,-25,-903.083774463921,-0,-0,0,362.686381704298,0,0
33.22,100,99.131114653518,107.683239613447,-4.90280874118339,-20.9118058394371,-2.06881412587795,-25,-904.85046238325,-0,-0,0,362.514124143267,0,0
33.24,100,99.1335936399838,107.585088028307,-4.9123480266755,-20.9520547920875,-1.95610987903146,-25,-888.933801014335,-0,-0,0,362.342941856084,0,0
33.26,100,99.1360655537397,107.486745780738,-4.92187406489156,-20.9900516938334,-1.84362437011429,-25,-888.619457102511,-0,-0,0,362.174962153532,0,0
33.28,100,99.1385304149648,107.388213190572,-4.93138138079287,-21.025801833544,-1.73144870780568,-25,-878.681544368152,-0,-0,0,362.008155224254,0,0
33.3,100,99.1409882437803,107.289490686316,-4.94086458240649,-21.0593123039699,-1.61967216428913,-25,-873.211769675109,-0,-0,0,361.844726685016,0,0
33.32,100,99.1434390602502,107.190578803457,-4.95031836421241,-21.0905919645823,-1.50838213248283,-25,-864.990902457059,-0,-0,0,361.682259980732,0,0
33.34,100,99.1458828843811,107.091478182702,-4.95973751039663,-21.119651403579,-1.39766408557108,-25,-859.960256870241,-0,-0,0,361.522442577104,0,0
33.36,100,99.1483197361227,106.992189568151,-4.96911689796976,-21.1465028991041,-1.28760153883117,-25,-858.684526248335,-0,-0,0,361.364913045452,0,0
33.38,100,99.1507496353675,106.892713805409,-4.97845149975093,-21.1711603797271,-1.17827601374806,-25,-850.780861773793,-0,-0,0,361.20879411462,0,0
33.4,100,99.1531726019517,106.793051839645,-4.98773638721687,-21.1936393842275,-1.0697670044075,-25,-842.647319652227,-0,-0,0,361.054625655927,0,0
33.42,100,99.1555886556544,106.693204713587,-4.99696673321609,-21.2139570207293,-0.962151946156488,-25,-840.184041495301,-0,-0,0,360.903280279694,0,0
33.44,100,99.1579978161986,106.593173565473,-5.0061378145484,-21.2321319252319,-0.855506186518224,-25,-832.878691496659,-0,-0,0,360.753590567987,0,0
33.46,100,99.1604001032509,106.492959626941,-5.01524501440972,-21.2481842195815,-0.749902958347228,-25,-822.320198567381,-0,-0,0,360.606293479629,0,0
33.48,100,99.1627955364218,106.392564220888,-5.02428382470285,-21.2621354689275,-0.645413355208374,-25,-822.134901917631,-0,-0,0,360.461749500593,0,0
33.5,100,99.1651841352659,106.291988759261,-5.03324984821423,-21.2740086387091,-0.542106308962279,-25,-817.048522313505,-0,-0,0,360.317799721119,0,0
33.52,100,99.167565919282,106.191234740829,-5.04213880065757,-21.2838280512155,-0.44004856953782,-25,-811.87260306301,-0,-0,0,360.176500518222,0,0
33.54,100,99.1699409079132,106.090303748902,-5.05094651258469,-21.2916193417624,-0.339304686871073,-25,-802.068125864194,-0,-0,0,360.036199878043,0,0
33.56,100,99.1723091205473,105.989197449014,-5.05966893116448,-21.2974094145305,-0.239936994988547,-25,-792.580224141008,-0,-0,0,359.898891345409,0,0
33.58,100,99.1746705765164,105.887917586575,-5.06830212183073,-21.3012263981048,-0.14200559821114,-25,-788.976944196515,-0,-0,0,359.764405583271,0,0
33.6,100,99.177025295098,105.786465984492,-5.07684226979979,-21.3030996007604,-0.0455683594539008,-25,-786.170568590705,-0,-0,0,359.630694327048,0,0
33.62,100,99.1793732955141,105.684844540759,-5.08528568145895,-21.303059465535,0.0493191094046343,-25,-776.831640427231,-0,-0,0,359.498884278045,0,0
33.64,100,99.1817145969322,105.583055226019,-5.09362878562683,-21.3011375251284,0.142603455111063,-25,-761.526550640295,-0,-0,0,359.369867227227,0,0
33.66,100,99.1840492184649,105.481100081104,-5.10186813468678,-21.2973663566709,0.234233588612432,-25,-763.516481803597,-0,-0,0,359.244122402682,0,0
33.68,100,99.1863771791703,105.378981214555,-5.11000040559474,-21.2917795364007,0.324160688648179,-25,-754.832828704973,-0,-0,0,359.118986542337,0,0
33.7,100,99.1886984980523,105.276700800121,-5.11802240076271,-21.2844115942878,0.412338203389785,-25,-745.008852644278,-0,-0,0,358.995922225646,0,0
33.72,100,99.1910131940604,105.174261074242,-5.12593104881948,-21.2752979686451,0.498721850160297,-25,-740.178716989391,-0,-0,0,358.876134941525,0,0
33.74,100,99.19332128609,105.071664333517,-5.13372340524997,-21.2644749607642,0.583269613266942,-25,-731.544868228668,-0,-0,0,358.757912676187,0,0
33.76,100,99.1956227929828,104.968912932161,-5.14139665291485,-21.2519796896127,0.665941739981051,-25,-733.971302776999,-0,-0,0,358.642629318073,0,0
33.78,100,99.1979177335267,104.866009279459,-5.14894810245206,-21.2378500466302,0.746700734700474,-25,-717.989795914529,-0,-0,0,358.527243979237,0,0
33.8,100,99.2002061264557,104.762955837197,-5.15637519256198,-21.2221246506591,0.825511351330583,-25,-717.70838358076,-0,-0,0,358.41543056271,0,0
33.82,100,99.2024879904507,104.659755117111,-5.16367549017804,-21.2048428030454,0.902340583920808,-25,-714.760554974314,-0,-0,0,358.304979495388,0,0
33.84,100,99.2047633441391,104.55640967831,-5.17084669052465,-21.1860444429433,0.977157655594487,-25,-703.611220820192,-0,-0,0,358.196031091174,0,0
33.86,100,99.2070322060953,104.45292212472,-5.17788661706433,-21.1657701028587,1.0499340058106,-25,-698.088496945666,-0,-0,0,358.090525859461,0,0
33.88,100,99.2092945948407,104.349295102514,-5.18479322133603,-21.1440608644634,1.12064327599662,-25,-683.984670236995,-0,-0,0,357.986606926989,0,0
33.9,100,99.2115505288436,104.245531297557,-5.1915645826867,-21.1209583147124,1.18926129359252,-25,-682.545406365435,-0,-0,0,357.88515605726,0,0
33.92,100,99.2138000265199,104.141633432851,-5.19819890789824,-21.0965045022968,1.25576605454649,-25,-676.637338887062,-0,-0,0,357.785141891403,0,0
33.94,100,99.216043106233,104.037604265994,-5.20469453071183,-21.0707418944604,1.32013770430352,-25,-668.960577083774,-0,-0,0,357.687285267735,0,0
33.96,100,99.2182797862935,103.933446586641,-5.21104991125198,-21.043713334213,1.38235851732873,-25,-666.797350706042,-0,-0,0,357.591885734724,0,0
33.98,100,99.2205100849602,103.829163213989,-5.2172636353525,-21.0154619979658,1.44241287520758,-25,-655.503924845816,-0,-0,0,357.497647887886,0,0
34,100,99.2227340204396,103.724756994267,-5.22333441378656,-20.9860313536204,1.50028724336568,-25,-651.107384694193,-0,-0,0,357.406006653533,0,0
34.02,100,99.2249516108863,103.620230798245,-5.22926108140334,-20.9554651191352,1.55597014645142,-25,-638.644800888012,-0,-0,0,357.316675837891,0,0
34.04,100,99.2271628744031,103.515587518765,-5.23504259617349,-20.9238072215985,1.60945214242482,-25,-630.488063745619,-0,-0,0,357.229716459565,0,0
34.06,100,99.2293678290411,103.410830068285,-5.24067803814579,-20.8911017568316,1.66072579539657,-25,-624.365629650158,-0,-0,0,357.145155655153,0,0
34.08,100,99.2315664927999,103.305961376451,-5.2461666083176,-20.8573929495473,1.70978564726118,-25,-616.403465136003,-0,-0,0,357.062488441812,0,0
34.1,100,99.2337588836278,103.200984387692,-5.2515076274213,-20.8227251140881,1.75662818816886,-25,-605.091305569372,-0,-0,0,356.982070446786,0,0
34.12,100,99.235945019422,103.095902058832,-5.25670053462943,-20.7871426157651,1.80125182588053,-25,-601.444726463011,-0,-0,0,356.905025242872,0,0
34.14,100,99.2381249180285,102.990717356742,-5.26174488618089,-20.7506898328218,1.84365685405076,-25,-597.74686954468,-0,-0,0,356.829128067096,0,0
34.16,100,99.2402985972422,102.885433256008,-5.26664035393082,-20.7134111190416,1.88384541948359,-25,-591.613270517333,-0,-0,0,356.755708643524,0,0
34.18,100,99.2424660748077,102.780052736634,-5.27138672382666,-20.6753507670204,1.92182148840603,-25,-580.160611404218,-0,-0,0,356.683902530713,0,0
34.2,100,99.2446273684185,102.674578781779,-5.27598389431295,-20.6365529721238,1.95759081180443,-25,-570.155422759467,-0,-0,0,356.614122837015,0,0
34.22,100,99.246782495718,102.569014375523,-5.28043187466751,-20.5970617971455,1.99116088986855,-25,-570.675769597963,-0,-0,0,356.547172622074,0,0
34.24,100,99.2489314742989,102.463362500665,-5.28473078327151,-20.556921137686,2.02254093558848,-25,-560.188580002186,-0,-0,0,356.481470444538,0,0
34.26,100,99.2510743217041,102.357626136559,-5.28888084581612,-20.5161746882674,2.05174183754923,-25,-549.830206872834,-0,-0,0,356.417923462023,0,0
34.28,100,99.253211055426,102.251808256989,-5.29288239344831,-20.4748659092,2.07877612196779,-25,-545.246395979746,-0,-0,0,356.35696957274,0,0
34.3,100,99.2553416929076,102.145911828079,-5.29673586085839,-20.4330379942152,2.10365791401745,-25,-536.907521983246,-0,-0,0,356.298456316366,0,0
34.32,100,99.2574662515416,102.039939806237,-5.30044178431196,-20.3907338388786,2.12640289848375,-25,-522.8248664607,-0,-0,0,356.242257596077,0,0
34.34,100,99.2595847486716,101.933895136149,-5.30400079962891,-20.3479960097966,2.1470282797965,-25,-514.541820415919,-0,-0,0,356.188320189071,0,0
34.36,100,99.2616972015913,101.827780748805,-5.30741364011198,-20.3048667146279,2.16555274148173,-25,-515.169999804423,-0,-0,0,356.136769323352,0,0
34.38,100,99.2638036275453,101.721599559571,-5.31068113442763,-20.2613877729119,2.18199640507761,-25,-495.324310924839,-0,-0,0,356.085725908682,0,0
34.4,100,99.265904043729,101.615354466307,-5.31380420444181,-20.2176005877231,2.19638078855758,-25,-489.059064274946,-0,-0,0,356.03836629288,0,0
34.42,100,99.2679984672884,101.50904834752,-5.31678386301309,-20.1735461181619,2.20872876430396,-25,-486.938718999764,-0,-0,0,355.993640120814,0,0
34.44,100,99.2700869153211,101.402684060568,-5.31962121174596,-20.1292648526904,2.21906451667487,-25,-486.034773172225,-0,-0,0,355.949756140119,0,0
34.46,100,99.2721694048756,101.296264439909,-5.32231743870675,-20.0847967833203,2.2274134992066,-25,-472.020175579167,-0,-0,0,355.907612091995,0,0
34.48,100,99.2742459529518,101.189792295396,-5.32487381610473,-20.0401813806596,2.23380239149372,-25,-464.190229479318,-0,-0,0,355.86787725366,0,0
34.5,100,99.2763165765012,101.083270410614,-5.32729169794107,-19.9954575698254,2.23825905578818,-25,-457.419577132655,-0,-0,0,355.830541785851,0,0
34.52,100,99.2783812924267,100.976701541269,-5.32957251762803,-19.9506637072268,2.24081249335848,-25,-446.524301219102,-0,-0,0,355.795453427817,0,0
34.54,100,99.2804401175833,100.870088413629,-5.33171778558103,-19.9058375582225,2.24149280064955,-25,-441.127937843254,-0,-0,0,355.762930568993,0,0
34.56,100,99.2824930687776,100.763433722999,-5.33372908678602,-19.861016275657,2.24033112528317,-25,-432.251698250037,-0,-0,0,355.731520801467,0,0
34.58,100,99.2845401627685,100.656740132261,-5.33560807834472,-19.8162363792782,2.23735962193848,-25,-420.843127450664,-0,-0,0,355.703018667419,0,0
34.6,100,99.286581416267,100.550010270455,-5.33735648699999,-19.7715337360383,2.23261140815134,-25,-414.536873422749,-0,-0,0,355.676978470402,0,0
34.62,100,99.2886168459364,100.443246731411,-5.33897610664403,-19.7269435412788,2.22612052007096,-25,-401.42745437917,-0,-0,0,355.652904478608,0,0
34.64,100,99.2906464683924,100.336452072428,-5.34046879581154,-19.6825003008008,2.21792186821126,-25,-397.81664021099,-0,-0,0,355.631090908028,0,0
34.66,100,99.2926703002033,100.229628813011,-5.34183647516039,-19.6382378138201,2.208051193234,-25,-387.209175318355,-0,-0,0,355.610956815264,0,0
34.68,100,99.2946883578904,100.122779433651,-5.34308112494205,-19.5941891568056,2.19654502180015,-25,-375.032712999731,-0,-0,0,355.593133652778,0,0
34.7,100,99.2967006579274,100.01590637466,-5.3442047824641,-19.5503866682003,2.18344062252494,-25,-373.4702742013,-0,-0,0,355.578639339019,0,0
34.72,100,99.2987072167415,99.9090120350518,-5.34520953954713,-19.5068619340214,2.16877596207173,-25,-365.769275768486,-0,-0,0,355.565158942491,0,0
34.74,100,99.3007080507126,99.8020987714835,-5.34609753997821,-19.4636457743369,2.1525896614188,-25,-350.455749986424,-0,-0,0,355.553021835294,0,0
34.76,100,99.3027031761741,99.6951688972357,-5.34687097696322,-19.4207682306149,2.1349209523326,-25,-350.795351921877,-0,-0,0,355.545155382925,0,0
34.78,100,99.3046926094127,99.5882246812527,-5.34753209058003,-19.3782585539413,2.11580963408034,-25,-340.353528304912,-0,-0,0,355.537119450938,0,0
34.8,100,99.3066763666688,99.4812683472295,-5.34808316523494,-19.3361451941006,2.09529603041367,-25,-331.599589656423,-0,-0,0,355.531099225491,0,0
34.82,100,99.3086544641363,99.374302072751,-5.34852652712413,-19.2944557895133,2.07342094685487,-25,-321.338605819698,-0,-0,0,355.528580377462,0,0
34.84,100,99.3106269179629,99.2673279884811,-5.34886454170249,-19.2532171580253,2.05022562831596,-25,-309.717577880651,-0,-0,0,355.527852963556,0,0
34.86,100,99.3125937442504,99.1603481774034,-5.34909961116157,-19.2124552885411,2.0257517170802,-25,-302.374070226373,-0,-0,0,355.530382796494,0,0
34.88,100,99.3145549590543,99.053364674111,-5.3492341719188,-19.1721953334928,2.00004121117499,-25,-295.265169795046,-0,-0,0,355.534504517764,0,0
34.9,100,99.3165105783848,98.9463794641473,-5.34927069211978,-19.1324616021382,1.97313642316406,-25,-286.007596101159,-0,-0,0,355.539665027129,0,0
34.92,100,99.318460618206,98.8393944833962,-5.34921166915563,-19.0932775546789,1.9450799393861,-25,-272.513440127276,-0,-0,0,355.548260788001,0,0
34.94,100,99.3204050944366,98.7324116175219,-5.34905962719707,-19.0546657971877,1.91591457966626,-25,-265.87412564065,-0,-0,0,355.558975582343,0,0
34.96,100,99.3223440229499,98.6254327014578,-5.34881711474721,-19.0166480773384,1.88568335752584,-25,-261.469801992619,-0,-0,0,355.572140683686,0,0
34.98,100,99.3242774195739,98.518459518944,-5.34848670221462,-18.9792452809248,1.85442944091498,-25,-244.420515709981,-0,-0,0,355.586695169027,0,0
35,100,99.3262053000915,98.4114938021138,-5.34807097950845,-18.9424774291608,1.8221961134919,-25,-239.796134856344,-0,-0,0,355.604155622695,0,0
35.02,100,99.3281276802404,98.3045372311269,-5.34757255365727,-18.9063636767484,1.78902673647183,-25,-223.671385118771,-0,-0,0,355.623106627651,0,0
35.04,100,99.3300445757136,98.1975914338508,-5.34699404645317,-18.8709223107031,1.75496471106745,-25,-219.767523962851,-0,-0,0,355.644592573885,0,0
35.06,100,99.3319560021592,98.0906579855892,-5.34633809212268,-18.8361707499248,1.72005344154212,-25,-203.232082780607,-0,-0,0,355.668271307668,0,0
35.08,100,99.3338619751807,97.983738408856,-5.34560733502599,-18.8021255455005,1.68433629889616,-25,-204.103384762879,-0,-0,0,355.69464201796,0,0
35.1,100,99.3357625103371,97.8768341731955,-5.34480442738603,-18.7688023817278,1.64785658520559,-25,-188.597088555001,-0,-0,0,355.722127510033,0,0
35.12,100,99.3376576231429,97.7699466950477,-5.34393202704865,-18.7362160778442,1.6106574986318,-25,-188.194039703811,-0,-0,0,355.75245570381,0,0
35.14,100,99.3395473290685,97.6630773376578,-5.34299279527531,-18.7043805904493,1.57278209911994,-25,-178.987309731177,-0,-0,0,355.783846662475,0,0
35.16,100,99.3414316435401,97.5562274110297,-5.34198939456967,-18.6733090166068,1.53427327480264,-25,-166.402708446831,-0,-0,0,355.817674480926,0,0
35.18,100,99.3433105819398,97.4493981719227,-5.34092448653913,-18.6430135976103,1.49517370912512,-25,-152.39805419677,-0,-0,0,355.853139089425,0,0
35.2,100,99.3451841596059,97.3425908238906,-5.33980072979277,-18.6135057233998,1.45552584870651,-25,-142.08849709231,-0,-0,0,355.892548717431,0,0
35.22,100,99.3470523918329,97.2358065173621,-5.33862077787655,-18.5847959376134,1.41537187195181,-25,-129.209242821805,-0,-0,0,355.933739495791,0,0
35.24,100,99.3489152938718,97.1290463497625,-5.33738727724715,-18.5568939432591,1.37475365842749,-25,-118.753403712849,-0,-0,0,355.97714355474,0,0
35.26,100,99.3507728809298,97.0223113656755,-5.33610286528524,-18.5298086089915,1.33371275901329,-25,-117.205756557901,-0,-0,0,356.02332597337,0,0
35.28,100,99.3526251681711,96.9156025570443,-5.33477016834936,-18.503547975977,1.29229036684183,-25,-98.7440686909302,-0,-0,0,356.070431042657,0,0
35.3,100,99.3544721707162,96.8089208634108,-5.33339179987124,-18.4781192653333,1.25052728903653,-25,-96.0993003611227,-0,-0,0,356.121255359558,0,0
35.32,100,99.3563139036428,96.7022671721933,-5.3319703584935,-18.4535288861249,1.20846391925794,-25,-79.7902166300604,-0,-0,0,356.173461678505,0,0
35.34,100,99.3581503819854,96.5956423190004,-5.33050842625058,-18.4297824439007,1.1661402110673,-25,-67.4971439183466,-0,-0,0,356.227595128029,0,0
35.36,100,99.3599816207358,96.4890470879807,-5.3290085667936,-18.4068847497548,1.12359565211549,-25,-65.648977026643,-0,-0,0,356.283885136156,0,0
35.38,100,99.3618076348428,96.3824822122082,-5.32747332366004,-18.3848398298966,1.08086923916494,-25,-53.5148234828396,-0,-0,0,356.342119854875,0,0
35.4,100,99.3636284392127,96.2759483741013,-5.32590521858875,-18.3636509357107,1.03799945395073,-25,-40.2913769938576,-0,-0,0,356.402762828194,0,0
35.42,100,99.3654440487091,96.1694462058754,-5.3243067498811,-18.3433205542922,0.995024239886721,-25,-31.1030758418356,-0,-0,0,356.465417288607,0,0
35.44,100,99.3672544781534,96.0629762900275,-5.32268039080872,-18.323850419439,0.951980979621725,-24.9056399903447,-21.808211248819,-0,-0,0,356.530331091029,0,0
35.46,100,99.3690597423247,95.9565399752914,-5.32090584330899,-18.3051104388975,0.928542780528847,-23.9337952464704,-12.2685787795384,-0,-0,0,356.597718073711,0,0
35.48,100,99.3708598559597,95.8501420874071,-5.31883060234153,-18.2864145923664,0.948514959764559,-22.7337952464704,0.25333785357271,-0,-0,0,356.666168601622,0,0
35.5,100,99.3726548337533,95.7437888586633,-5.31643906692636,-18.2668738731128,1.01288047745157,-21.5337952464704,8.9004671111412,-0,-0,0,356.737579164313,0,0
35.52,100,99.3744446903584,95.6374866735585,-5.31372503837996,-18.2456094578792,1.1207316245755,-20.3337952464704,18.3930317467407,-0,-0,0,356.811640927921,0,0
35.54,100,99.3762294403861,95.5312420605984,-5.31068032618674,-18.2217608753937,1.27114109474655,-19.1337952464704,34.8154678072554,-0,-0,0,356.888050007078,0,0
35.56,100,99.3780090984057,95.4250617314409,-5.3072948171732,-18.1944863873366,1.46316308179491,-17.9337952464704,38.6207347704849,-0,-0,0,356.966594046541,0,0
35.58,100,99.3797836789452,95.318952618657,-5.30355654476348,-18.1629633473869,1.69583437408863,-16.7337952464704,48.9277583322675,-0,-0,0,357.047078119301,0,0
35.6,100,99.3815531964908,95.2129219121057,-5.2994517582611,-18.1263885384219,1.96817544471542,-15.5337952464704,58.2796926981538,-0,-0,0,357.129872681409,0,0
35.62,100,99.3833176654877,95.1069770939241,-5.29496499210258,-18.0839784879617,2.27919153668838,-14.3337952464704,77.5867708607644,-0,-0,0,357.21398249767,0,0
35.64,100,99.3850771003396,95.0011259721326,-5.29007913502953,-18.0349697619666,2.62787374235378,-13.1337952464704,81.5929865379421,-0,-0,0,357.301868572198,0,0
35.66,100,99.3868315154093,94.8953767128584,-5.28477549912668,-17.9786192371105,3.01320007619859,-11.9337952464704,82.2831589488789,-0,-0,0,357.391761888234,0,0
35.68,100,99.3885809250186,94.7897378711793,-5.27903388867435,-17.9142043516709,3.43413654027414,-10.7337952464704,96.2367575276684,-0,-0,0,357.482368650151,0,0
35.7,100,99.3903253434484,94.6842184205939,-5.27283266876486,-17.8410233351908,3.88963818147252,-9.53379524647041,101.938709709113,-0,-0,0,357.575636042117,0,0
35.72,100,99.3920647849389,94.5788277811209,-5.26614883363341,-17.7583954170823,4.37865013991187,-8.33379524647041,104.719126838888,-0,-0,0,357.670274818406,0,0
35.74,100,99.3937992636895,94.4735758460359,-5.25895807465484,-17.6656610143582,4.90010868770709,-7.13379524647041,120.536558191293,-0,-0,0,357.767187625271,0,0
35.76,100,99.3955287938593,94.3684730072519,-5.25123484795911,-17.5621818986891,5.45294225742298,-5.93379524647041,126.222771993059,-0,-0,0,357.867074637098,0,0
35.78,100,99.3972533895669,94.2635301793514,-5.24295244161893,-17.4473413430019,6.03607245952747,-4.73379524647041,126.185747609004,-0,-0,0,357.9684060449,0,0
35.8,100,99.3989730648907,94.1587588222798,-5.23408304236464,-17.3205442478429,6.64841508818355,-3.53379524647041,140.10124122538,-0,-0,0,358.070527632727,0,0
35.82,100,99.4006878338688,94.0541709627089,-5.22459780178205,-17.1812172477489,7.28888111473973,-2.33379524647041,150.451206246108,-0,-0,0,358.175755553019,0,0
35.84,100,99.4023977104994,93.949779214083,-5.21446690195044,-17.0288087978747,7.95637766829982,-1.13379524647041,164.949560733015,-0,-0,0,358.28441910519,0,0
35.86,100,99.4041027087406,93.8455967953572,-5.20365962047901,-16.8627892411455,8.64980900277478,0.0662047535295866,165.45384790271,-0,-0,0,358.39585114499,0,0
35.88,100,99.4058028425109,93.7416375484422,-5.1921443949011,-16.6826508562065,9.36807744984035,1.26620475352959,166.454558881034,-0,-0,0,358.507914763368,0,0
35.9,100,99.4074981256887,93.637915954367,-5.17988888638691,-16.4879078864601,10.1100843572464,2.46620475352959,173.973417709948,-0,-0,0,358.621912198881,0,0
35.92,100,99.4091885721134,93.5344471481753,-5.1668600427365,-16.2780965504871,10.8747310119454,3.66620475352959,178.91270430525,-0,-0,0,358.738213927741,0,0
35.94,100,99.4108741955842,93.4312469325694,-5.15302416061614,-16.0527750341618,11.660919547529,4.86620475352959,180.856214025435,-0,-0,0,358.856299356059,0,0
35.96,100,99.4125550098616,93.3283317903166,-5.13834694700225,-15.8115234647793,12.4675538354846,6.06620475352959,193.580579736012,-0,-0,0,358.976455701364,0,0
35.98,100,99.4142310286664,93.2257188954359,-5.12279357979856,-15.5539438675237,13.293540359804,7.26620475352959,195.329038240361,-0,-0,0,359.098819171931,0,0
36,100,99.4159022656805,93.1234261231803,-5.10632876759306,-15.2796601046133,14.1377890745003,8.46620475352959,201.358217650306,-0,-0,0,359.222932703981,0,0
36.02,100,99.4175687345465,93.0214720588327,-5.08891680852294,-14.9883177974712,14.999214243609,9.66620475352959,211.23875305987,-0,-0,0,359.348511705932,0,0
36.04,100,99.4192304488683,92.9198760053343,-5.0705216482167,-14.6795842322739,15.8767352632727,10.8662047535296,214.032067057263,-0,-0,0,359.478249670273,0,0
36.06,100,99.420887422211,92.818657989763,-5.05110693678391,-14.3531482492397,16.76927746553,12.0662047535296,212.643231441836,-0,-0,0,359.608920579447,0,0
36.08,100,99.4225396681009,92.7178387686821,-5.03063608482458,-14.0087201160292,17.6757729034511,13.2662047535296,222.03021899191,-0,-0,0,359.740969284599,0,0
36.1,100,99.4241872000257,92.6174398323788,-5.00907231843098,-13.6460313856302,18.5951611172842,14.4662047535296,225.636216677279,-0,-0,0,359.876821667928,0,0
36.12,100,99.4258300314346,92.5174834080129,-4.9863787331565,-13.264834739114,19.5263898812988,15.6662047535296,232.470812960981,-0,-0,0,360.014478393048,0,0
36.14,100,99.4274681757385,92.4179924476552,-4.96252107053575,-12.8649060852632,20.467978953611,16.824818040244,233.800226891474,-0,-0,0,360.154023238664,0,0
36.16,100,99.4291016463101,92.318990415798,-4.93748551510098,-12.4460783896357,21.4152111876083,17.8452960622559,230.77449659007,-0,-0,0,360.295254483961,0,0
36.18,100,99.4307304564838,92.2205009034822,-4.91126819916919,-12.0083012792348,22.3619650443568,18.7383915503333,234.029379704946,-0,-0,0,360.438712899627,0,0
36.2,100,99.432354619556,92.122547611532,-4.88386209505405,-11.5516390925383,23.3028829513303,19.5200051996421,229.18057838129,-0,-0,0,360.584059054246,0,0
36.22,100,99.4339741487852,92.0251544069539,-4.85525772140818,-11.0762564518944,24.2332799143881,20.204052879808,242.929477226974,-0,-0,0,360.729223334004,0,0
36.24,100,99.4355890573921,91.9283453657625,-4.82544375373524,-10.5824056250923,25.1490639604098,20.8027133934185,248.072322662156,-0,-0,0,360.878536676364,0,0
36.26,100,99.4371993585596,91.8321448044153,-4.79440755462169,-10.0704153773951,26.0466664289725,21.32664530774,237.406264884561,-0,-0,0,361.030035880092,0,0
36.28,100,99.438805065433,91.7365773013632,-4.76213563354531,-9.5406811296413,26.9229808814471,21.7851767201243,241.361296027418,-0,-0,0,361.182723138009,0,0
36.3,100,99.4404061911202,91.6416677100356,-4.72861404489304,-8.9936562610867,27.7753095497392,22.1864713356955,243.042035686738,-0,-0,0,361.337923847704,0,0
36.32,100,99.4420027486915,91.5474411644199,-4.69382873174938,-8.42984441583473,28.6013163815418,22.5376738141672,240.145485406475,-0,-0,0,361.494580549775,0,0
36.34,100,99.4435947511801,91.453923078251,-4.65776582207914,-7.84979268936122,29.398985856803,22.8450369735484,246.268952024446,-0,-0,0,361.652188863148,0,0
36.36,100,99.445182211582,91.3611391387047,-4.62041188310755,-7.25408558709262,30.1665868532364,23.1140331154774,247.830496357811,-0,-0,0,361.812911326845,0,0
36.38,100,99.4467651428559,91.2691152953788,-4.58175413898259,-6.64333966051664,30.9026409289598,23.3494514542216,248.82574897731,-0,-0,0,361.97521791121,0,0
36.4,100,99.4483435579239,91.1778777452494,-4.54178065617606,-6.01819873813524,31.6058944693263,23.5554833839722,246.903080080337,-0,-0,0,362.139608915044,0,0
36.42,100,99.449917469671,91.0874529142103,-4.50048050052991,-5.37932967892224,32.2752942141478,23.7357971025345,244.665994365626,-0,-0,0,362.30622195463,0,0
36.44,100,99.4514868909453,90.9978674357251,-4.4578438693726,-4.72741858500494,32.9099657419992,23.893602920017,246.526331475568,-0,-0,0,362.474137544389,0,0
36.46,100,99.4530518345586,90.9091481270613,-4.41386220170954,-4.06316741821471,33.5091945412429,24.0317104152751,239.46510879481,-0,-0,0,362.644045551319,0,0
36.48,100,99.4546123132858,90.8213219635178,-4.36852826912235,-3.38729097208443,34.0724093437448,24.1525784577259,241.089358649125,-0,-0,0,362.814977296575,0,0
36.5,100,99.4561683398656,90.7344160510071,-4.32183624968946,-2.7005141569372,34.5991674378042,24.2583589851229,241.14634110509,-0,-0,0,362.988016332725,0,0
36.52,100,99.4577199270003,90.6484575973129,-4.27378178695769,-2.00356956101727,35.0891417123074,24.3509353167117,247.361047706246,-0,-0,0,363.163613945235,0,0
36.54,100,99.4592670873559,90.5634738823016,-4.22436203574754,-1.29719525525653,35.5421092151734,24.4319556838938,233.947748234106,-0,-0,0,363.341587624443,0,0
36.56,100,99.4608098335623,90.4794922273366,-4.17357569635833,-0.582132813330572,35.9579410363363,24.5028625753818,244.547872534073,-0,-0,0,363.519476785775,0,0
36.58,100,99.4623481782132,90.3965399641132,-4.12142303854996,0.140874477789405,36.3365933492979,24.5649184193055,238.296366734495,-0,-0,0,363.700715391939,0,0
36.6,100,99.4638821338667,90.3146444031053,-4.06790591651228,0.871083238476454,36.6780994660955,24.6192280595149,237.587427353102,-0,-0,0,363.882613267054,0,0
36.62,100,99.4654117130449,90.2338328017944,-4.01302777588774,1.60775146724985,36.9825627787483,24.6667584262489,230.577666639269,-0,-0,0,364.06647331189,0,0
36.64,100,99.4669369282341,90.154132332829,-3.95679365378609,2.35013987833398,37.2501504761862,24.7083557513858,235.821444662992,-0,-0,0,364.251162827055,0,0
36.66,100,99.468457791885,90.0755700522478,-3.8992101726184,3.09751312049151,37.481087939611,24.7447606347782,235.717567192269,-0,-0,0,364.437959751792,0,0
36.68,100,99.469974316413,89.9981728678806,-3.84028552848039,3.84914088983204,37.6756537314522,24.7766212299116,226.3377031017,-0,-0,0,364.627196515218,0,0
36.7,100,99.4714865141977,89.9219675080322,-3.78002947472954,4.60429894770988,37.8341751037551,24.8045047836455,231.390152670914,-0,-0,0,364.817272647714,0,0
36.72,100,99.4729943975836,89.8469804905362,-3.71845330132582,5.36227005343686,37.9570239611909,24.8289077354917,221.289511701191,-0,-0,0,365.010135168066,0,0
36.74,100,99.4744979788801,89.7732380922616,-3.65556981044028,6.12234482032356,38.0446132220533,24.8502645562361,224.582914766539,-0,-0,0,365.202966139443,0,0
36.76,100,99.4759972703613,89.7007663191401,-3.59139328877836,6.88382250250263,38.0973935277632,24.8689554832674,221.405563060856,-0,-0,0,365.398747995831,0,0
36.78,100,99.4774922842662,89.6295908767765,-3.5259394770144,7.64601171906259,38.1158502576654,24.8853132903338,219.14017816954,-0,-0,0,365.595795013559,0,0
36.8,100,99.4789830327992,89.5597371416963,-3.45922553669001,8.40823112121179,38.1005008113763,24.8996292122555,213.514594125934,-0,-0,0,365.793328582053,0,0
36.82,100,99.4804695281295,89.4912301332782,-3.39127001488967,9.16981000748688,38.0518921257366,24.9121581300764,214.765381752105,-0,-0,0,365.992522158443,0,0
36.84,100,99.4819517823918,89.4240944864131,-3.32209280697366,9.93008889140346,37.970598397613,24.9231231089736,209.441547623181,-0,-0,0,366.193455675478,0,0
36.86,100,99.4834298076862,89.3583544249251,-3.25171511761815,10.6884200254096,37.8572189874623,24.9327193697149,202.885862363876,-0,-0,0,366.395392675301,0,0
36.88,100,99.4849036160783,89.2940337357876,-3.18015942038627,11.4441678845336,37.7123764817768,24.9411177643746,199.926832928892,-0,-0,0,366.598288007766,0,0
36.9,100,99.486373219599,89.2311557441604,-3.10744941603098,12.196709612708,37.536714895336,24.9484678181885,196.334902343793,-0,-0,0,366.802766190185,0,0
36.92,100,99.4878386302452,89.169743289272,-3.03360998971027,12.9454354343973,37.3308979966444,24.9549003917048,191.901833419976,-0,-0,0,367.008073580031,0,0
36.94,100,99.4892998599794,89.1098187011675,-2.95866716727751,13.6897490338426,37.0956077420768,24.9605300106286,190.723595842368,-0,-0,0,367.214942752329,0,0
36.96,100,99.4907569207301,89.0514037783378,-2.88264807079404,14.4290679039715,36.8315428061313,24.965456904841,183.690326635917,-0,-0,0,367.422868137378,0,0
36.98,100,99.4922098243915,88.9945197662464,-2.8055808733971,15.1628236667803,36.5394171968275,24.9697687928938,181.155305840849,-0,-0,0,367.631970484488,0,0
37,100,99.4936585828243,88.9391873367634,-2.72749475364442,15.8904623667956,36.2199589467202,24.9735424437535,180.821022009362,-0,-0,0,367.842855826339,0,0
37.02,100,99.4951032078548,88.885426568517,-2.6484198494454,16.6114447390425,35.8739088712527,24.9768450435976,174.523683016499,-0,-0,0,368.053703276305,0,0
37.04,100,99.4965437112761,88.8332569281703,-2.56838721167977,17.3252464527925,35.5020193872623,24.9797353919991,168.71541939484,-0,-0,0,368.266077962364,0,0
37.06,100,99.4979801048474,88.7826972526269,-2.48742875759593,18.0313583322303,35.1050533854133,24.9822649487957,161.853764724126,-0,-0,0,368.479452615009,0,0
37.08,100,99.4994124002943,88.7337657321717,-2.40557722407353,18.7292865550631,34.6837831511581,24.984478750282,160.396896019699,-0,-0,0,368.693427625626,0,0
37.1,100,99.500840609309,88.6864798945452,-2.3228661208284,19.418552829995,34.2389893295605,24.9864162110369,168.798345661732,-0,-0,0,368.908274747528,0,0
37.12,100,99.5022647435504,88.6408565899553,-2.23932968363164,20.0986945539021,33.7714599299482,24.9881118256619,148.199952284455,-0,-0,0,369.125990102329,0,0
37.14,100,99.5036848146441,88.5969119770232,-2.15500282760981,20.7692649494702,33.2819893669129,24.9895957829234,157.995752321272,-0,-0,0,369.34289515068,0,0
37.16,100,99.5051008341825,88.5546615096622,-2.06992110068763,21.4298331839895,32.7713775346617,24.9908945032351,146.517456791103,-0,-0,0,369.562410598485,0,0
37.18,100,99.5065128137249,88.5141199248856,-1.98412063723109,22.0799844699496,32.2404289121407,24.9920311090469,144.536659598806,-0,-0,0,369.78198959191,0,0
37.2,100,99.5079207647978,88.4753012315393,-1.89763811194428,22.7193201480245,31.6899516967194,24.9930258365181,141.606695715442,-0,-0,0,370.002320258217,0,0
37.22,100,99.5093246988946,88.4382186999538,-1.81051069407023,23.3474577530014,31.1207569645391,24.9938963958023,134.795147415709,-0,-0,0,370.223611213296,0,0
37.24,100,99.5107246274761,88.4028848525085,-1.72277600194237,23.9640310631703,30.533657855908,24.9946582863596,131.365048819886,-0,-0,0,370.444415042762,0,0
37.26,100,99.5121205619701,88.3693114551007,-1.63447205793076,24.5686901336588,29.9294687843616,24.995325072909,129.892247164278,-0,-0,0,370.666689285091,0,0
37.28,100,99.5135125137721,88.3375095095126,-1.54563724382414,25.1611013141755,29.3090046682172,24.9959086269356,128.265402371612,-0,-0,0,370.890059953174,0,0
37.3,100,99.514900494245,88.3074892466643,-1.45631025668658,25.7409472516017,28.6730801836285,24.9964193380504,117.888304412645,-0,-0,0,371.114163192503,0,0
37.32,100,99.5162845147193,88.2792601207462,-1.36653006522524,26.3079268778509,28.0225090383024,24.9968662989672,116.356582821761,-0,-0,0,371.337940130524,0,0
37.34,100,99.517664586493,88.2528308042175,-1.27633586670346,26.8617553834039,27.3581032651737,24.9972574673898,117.122255844208,-0,-0,0,371.563291661278,0,0
37.36,100,99.5190407208321,88.2282091836614,-1.18576704443164,27.4021641769123,26.6806725354471,24.9975998076908,101.781850282072,-0,-0,0,371.789666197472,0,0
37.38,100,99.5204129289704,88.2054023564841,-1.09486312586623,27.9289008312516,25.9910234905155,24.997899414906,103.008118171207,-0,-0,0,372.015623131239,0,0
37.4,100,99.5217812221094,88.1844166284457,-1.00366374134575,28.4417290163984,25.2899590923475,24.9981616232498,101.553197063045,-0,-0,0,372.24201141,0,0
37.42,100,99.5231456114191,88.1652575120093,-0.912208583490726,28.9404284194972,24.5782779920068,24.9983911010863,96.0605714622332,-0,-0,0,372.469626795363,0,0
37.44,100,99.5245061080372,88.1479297254965,-0.820537367293213,29.4247946524767,23.8567739160308,24.9985919340451,92.2502110540897,-0,-0,0,372.696995513662,0,0
37.46,100,99.5258627230699,88.1324371930321,-0.728689790919835,29.8946391475695,23.1262350704412,24.9987676977611,92.3421007344165,-0,-0,0,372.924760074613,0,0
37.48,100,99.5272154675916,88.1187830452671,-0.636705497250966,30.3497890410884,22.3874435622082,24.9989215215362,83.1796598960267,-0,-0,0,373.153978027798,0,0
37.5,100,99.5285643526451,88.1069696208628,-0.544624036177275,30.7900870458035,21.6411748380205,24.9990561440529,77.6369465858078,-0,-0,0,373.382933939176,0,0
37.52,100,99.5299093892417,88.0969984687206,-0.452484827673565,31.2153913122682,20.8881971402446,24.9991739621338,75.5466194842951,-0,-0,0,373.6104802747,0,0
37.54,100,99.5312505883613,88.0888703509437,-0.360327125668539,31.6255752794343,20.1292709799813,24.9992770734153,62.2976661592795,-0,-0,0,373.838817225642,0,0
37.56,100,99.5325879609525,88.082585246512,-0.268189982727926,32.0205275148998,19.3651486271436,24.9993673136931,68.0913321461823,-0,-0,0,374.066135636755,0,0
37.58,100,99.5339215179326,88.0781423556557,-0.176112215567197,32.4001515451267,18.5965736174974,24.9994462896075,62.1938513746264,-0,-0,0,374.295890659456,0,0
37.6,100,99.5352512701879,88.0755401049104,-0.0841323714089584,32.7643656759699,17.8242802766155,24.9995154072478,56.0133673346136,-0,-0,0,374.525295295922,0,0
37.62,100,99.5365772285733,88.0747761528362,0.00771130480102403,33.1131028038533,17.0489932607042,24.9995758971862,48.2467357079386,-0,0,0,374.753514687811,0,0
37.64,100,99.5378994039132,88.0758473963834,0.0993809023062957,33.4463102179311,16.271427114266,24.9996288363872,55.8161585772952,-0,0,0,374.982287991092,0,0
37.66,100,99.5392178070007,88.0787499778888,0.190838875568891,33.7639493935705,15.4922858445667,24.9996751673816,45.0868889856992,-0,0,0,375.212280888106,0,0
37.68,100,99.5405324485984,88.0834792926822,0.282048074404459,34.0659957774913,14.7122625128723,24.9997157150476,45.5075823514535,-0,0,0,375.441542248988,0,0
37.7,100,99.541843339438,88.0900299972877,0.372971773213595,34.3524385648976,13.9320388424238,24.999751201297,36.0361055491008,-0,0,0,375.671049152046,0,0
37.72,100,99.5431504902207,88.0983960182,0.463573699300664,34.6232804689369,13.1522848431125,24.9997822579279,37.2602886415601,-0,0,0,375.899635576423,0,0
37.74,100,99.5444539116171,88.1085705612181,0.553818060272334,34.878537482818,12.3736584528175,24.9998094378732,29.8017314226818,-0,0,0,376.129746888986,0,0
37.76,100,99.5457536142674,88.1205461213173,0.643669570509038,35.1182386349231,11.5968051953576,24.9998332250456,22.5603608899412,-0,0,0,376.357970775814,0,0
37.78,100,99.5470496087814,88.1343141380856,0.733035995886095,35.3423686470772,10.813154774794,24.4421697460579,18.7787608905151,-0,0,0,376.586097222541,0,0
37.8,100,99.5483419057387,88.1498632546793,0.821757732822075,35.5505914845541,10.003760714304,23.4901300299957,18.1819706390647,-0,0,0,376.814525837247,0,0
37.82,100,99.5496305156887,88.1671796287767,0.909757392580595,35.7423125883489,9.16353834287115,22.591011850854,12.4864259005012,-0,0,0,377.041899443327,0,0
37.84,100,99.5509154491505,88.1862482048734,0.996959103252001,35.9168926255576,8.28792468690695,21.391011850854,9.59496183263483,-0,0,0,377.269266768373,0,0
37.86,100,99.5521967166135,88.2070522112747,1.0832934565406,36.073573024986,7.37382885121179,20.191011850854,5.93711641333963,-0,0,0,377.496131762632,0,0
37.88,100,99.553474328537,88.2295738784914,1.16871800826744,36.2115994158178,6.42277878092153,18.991011850854,1.17226679417334,-0,0,0,377.722363892445,0,0
37.9,100,99.5547482953505,88.2537945758506,1.25318909925644,36.3302480217102,5.43630575652046,17.791011850854,-2.79178380812381,-0,0,0,377.948716348273,0,0
37.92,100,99.5560186274538,88.2796947880923,1.3366619447381,36.4288257142647,4.41594307367757,16.591011850854,-1.61119912354723,-0,0,0,378.173516327369,0,0
37.94,100,99.5572853352168,88.3072540937424,1.41909072277455,36.5066700403027,3.36322474391641,15.391011850854,-3.34293017866863,-0,0,0,378.398801264463,0,0
37.96,100,99.5585484289802,88.3364511452458,1.5004286616536,36.563149223368,2.27968421684671,14.191011850854,-2.77409948766374,-0,0,0,378.623554840569,0,0
37.98,100,99.5598079190548,88.3672636508357,1.58062812620109,36.5976621398956,1.166853124655,12.991011850854,-7.819268853595,-0,0,0,378.847965166809,0,0
38,100,99.5610638157222,88.3996683581176,1.65964070296242,36.6096382704993,0.0262600495213238,11.791011850854,-8.49442736699332,-0,0,0,379.071833464973,0,0
38.02,100,99.5623161292346,88.4336410393467,1.73741728420615,36.5985376268409,-1.14057068540178,10.591011850854,-8.65100504769682,-0,0,0,379.29482700051,0,0
38.04,100,99.563564869815,88.4691564783712,1.81390815070403,36.5638506545609,-2.33212020084229,9.391011850854,-13.8123049454798,-0,0,0,379.517182168562,0,0
38.06,100,99.5648100476573,88.5061884592206,1.88906305324377,36.5050981127576,-3.54687622151876,8.191011850854,-14.2690456516822,-0,0,0,379.738141484847,0,0
38.08,100,99.5660516729261,88.5447097563092,1.96283129283244,36.421830930517,-4.78333421096272,6.991011850854,-21.3750464355951,-0,0,0,379.959079389888,0,0
38.1,100,99.5672897557572,88.5846921262325,2.03516179955041,36.3136300410023,-6.03999848053955,5.791011850854,-17.0430989810471,-0,0,0,380.178342351272,0,0
38.12,100,99.5685243062573,88.6261063011248,2.10600321001715,36.1801061936265,-7.31538327218404,4.591011850854,-13.4419456667317,-0,0,0,380.396925593369,0,0
38.14,100,99.5697553345045,88.6689219835529,2.17530394343238,36.0208997448352,-8.60801381439733,3.391011850854,-14.235862736742,-0,0,0,380.615393197009,0,0
38.16,100,99.570982850548,88.7131078429164,2.24301227615749,35.8356804280421,-9.91642735108189,2.191011850854,-13.4605467258204,-0,0,0,380.833602307464,0,0
38.18,100,99.5722068644082,88.7586315133241,2.30907641480416,35.6241471032614,-11.2391741428212,0.991011850854001,-14.1106390948231,-0,0,0,381.050310360172,0,0
38.2,100,99.5734273860773,88.805459592917,2.37344456779864,35.3860274869942,-12.5748184402408,-0.208988149145999,-15.979637897617,-0,0,0,381.265368064885,0,0
38.22,100,99.5746444255185,88.8535576446077,2.43606501539232,35.1210778629287,-13.9219394291162,-1.408988149146,-7.48862538445632,-0,0,0,381.479355920383,0,0
38.24,100,99.575857992667,88.9028905712286,2.49694537595966,34.8291427215372,-15.2696567560179,-2.0593150606769,-10.9128350975583,-0,0,0,381.69399752066,0,0
38.26,100,99.5770680974293,88.9534237273106,2.55606662884409,34.5103273368917,-16.611903824082,-3.04074465737588,-9.85736006326224,-0,0,0,381.906371262358,0,0
38.28,100,99.578274749684,89.005121145083,2.61337420438407,34.1647048630298,-17.9484477952898,-3.75033466912685,-1.1274603740137,-0,0,0,382.117366393691,0,0
38.3,100,99.5794779592813,89.0579474750653,2.66899763555227,33.792625411944,-19.2498770956631,-3.26573415580995,-6.07401885931436,-0,0,0,382.329216717696,0,0
38.32,100,99.5806777360432,89.1118699151179,2.72295178031139,33.3950067328546,-20.5066174037464,-3.45158461596765,-3.93178425721694,-0,0,0,382.539192816481,0,0
38.34,100,99.5818740897639,89.1668538723487,2.77515466871965,32.9726171738533,-21.7249818191098,-3.3368854752967,1.78305174445271,-0,0,0,382.747188307092,0,0
38.36,100,99.5830670302096,89.222864986782,2.82568963749904,32.5263961569528,-22.8852457128299,-2.51475952441258,4.17759643735793,-0,0,0,382.954856584075,0,0
38.38,100,99.5842565671185,89.2798708319753,2.87463060601139,32.057708308448,-23.9704653724867,-1.49363241772348,9.61016504269106,-0,0,0,383.161543503121,0,0
38.4,100,99.5854427102011,89.3378397443328,2.92199931934865,31.5681304435897,-24.9731919780411,-0.293632417723479,8.53735462484052,-0,0,0,383.366473489606,0,0
38.42,100,99.5866254691403,89.3967402670943,2.96778819832413,31.0593419390428,-25.8916554859171,0.902611738777943,15.5063034608184,-0,0,0,383.570865495494,0,0
38.44,100,99.5878048535913,89.4565406201351,3.011979618043,30.5330217502787,-26.7264954101188,2.10261173877794,19.5264215545599,-0,0,0,383.774367088478,0,0
38.46,100,99.5889808731816,89.5172087047746,3.05455933342003,29.9908340421287,-27.4785519324436,3.30261173877794,21.3683014155166,-0,0,0,383.977195474577,0,0
38.48,100,99.5901535375114,89.5787121793592,3.09551727597261,29.4344256340221,-28.1487186835146,4.50261173877794,27.1867274096778,-0,0,0,384.177882838882,0,0
38.5,100,99.5913228561536,89.6410185418431,3.13484745914746,28.8654249520867,-28.7379410865675,5.70261173877794,23.9262365729078,-0,0,0,384.378582356571,0,0
38.52,100,99.5924888386535,89.7040952104739,3.17254788281477,28.2854410099236,-29.2472146924424,6.90261173877794,26.0040379213042,-0,0,0,384.576951569938,0,0
38.54,100,99.5936514945295,89.767909602555,3.20862043643841,27.696062422817,-29.6775835012065,8.10261173877794,32.507804064434,-0,0,0,384.773872122884,0,0
38.56,100,99.5948108332725,89.8324292112589,3.24307080102121,27.0988564556336,-30.0301382720396,9.30261173877794,33.5173009943517,-0,0,0,384.969299283421,0,0
38.58,100,99.5959668643467,89.8976216804678,3.27590834992425,26.4953681046263,-30.306014822997,10.5026117387779,29.2080171462753,-0,0,0,385.16421788253,0,0
38.6,100,99.5971195971889,89.9634548776205,3.3071460486578,25.8871192133322,-30.5063923222424,11.7026117387779,29.5706220375769,-0,0,0,385.357101612816,0,0
38.62,100,99.5982690412092,90.0298969645453,3.33680035374123,25.2756076227167,-30.6324915723272,12.9026117387779,43.4218717442892,-0,0,0,385.546974083222,0,0
38.64,100,99.5994152057909,90.0969164662618,3.36489111072814,24.6623063556897,-30.6855732890668,14.1026117387779,49.8541881494099,-0,0,0,385.737881954507,0,0
38.66,100,99.6005581002905,90.1644823377358,3.3914414514921,24.048662836085,-30.6669363765451,15.3026117387779,41.1599914591338,-0,0,0,385.928251603369,0,0
38.68,100,99.6016977340376,90.2325640285728,3.41647769086737,23.4360981421657,-30.5779161997561,16.4914425890273,48.0176709267413,-0,0,0,386.116369641417,0,0
38.7,100,99.6028341163355,90.3011314370693,3.44001293347714,22.8259888465412,-30.4224886014017,17.5535346476098,49.4414101373784,-0,0,0,386.303262923063,0,0
38.72,100,99.6039672564606,90.3701545302156,3.46204638446571,22.2195970381536,-30.2072280624198,18.4830496444863,50.0922949114166,-0,0,0,386.488898242141,0,0
38.74,100,99.6050971636632,90.4396033070114,3.48258251274747,21.6180582517182,-29.9381297701789,19.2965366886992,50.4829208940944,-0,0,0,386.673004284832,0,0
38.76,100,99.606223847167,90.5094479123413,3.50163131448309,21.0223948391451,-29.6205313918032,20.0084791246211,46.0599576484108,-0,0,0,386.85565817597,0,0
38.78,100,99.6073473161694,90.5796587404299,3.51920761882291,20.4335282847372,-29.2591947640056,20.6315523937927,42.6054329384166,-0,0,0,387.036260239338,0,0
38.8,100,99.6084675798416,90.6502065252536,3.53533047587468,19.8522899915404,-28.8583773167952,21.1768497088115,53.4585818656143,-0,0,0,387.215068939423,0,0
38.82,100,99.6095846473286,90.7210624194469,3.55002261670893,19.2794307310536,-28.4218945141125,21.6540795571759,53.0098685665436,-0,0,0,387.394214477264,0,0
38.84,100,99.6106985277493,90.7921980630543,3.56330997648893,18.7156289244796,-27.9531744343151,22.0717385514479,59.257002115177,-0,0,0,387.571831724833,0,0
38.86,100,99.6118092301967,90.8635856433106,3.57522127292725,18.1614979026733,-27.4553054732946,22.4372627031625,59.6301001972522,-0,0,0,387.747449599916,0,0
38.88,100,99.6129167637376,90.9351979464856,3.58578763324647,17.6175922735432,-26.9310780303539,22.7571598137695,56.3748818273529,-0,0,0,387.921465483074,0,0
38.9,100,99.6140211374133,91.0070084027025,3.59504226367523,17.0844135095543,-26.3830209296304,23.0371253396991,53.4039106095388,-0,0,0,388.094391496776,0,0
38.92,100,99.615122360239,91.0789911245285,3.60302015625786,16.5624148538869,-25.813433235908,23.2821437944151,59.3997948867461,-0,0,0,388.266503104881,0,0
38.94,100,99.6162204412042,91.1511209400348,3.60975782840951,16.052005631469,-25.2244120414344,23.4965774928215,57.6995143809261,-0,0,0,388.43698288742,0,0
38.96,100,99.6173153892729,91.2233734209423,3.61529309122074,15.5535550403036,-24.6178767284092,23.6842442180303,58.2115140509678,-0,0,0,388.6048264112,0,0
38.98,100,99.6184072133835,91.2957249063916,3.61966484301574,15.0673954890617,-23.9955901488223,23.8484851932704,51.7415484818774,-0,0,0,388.771841073291,0,0
39,100,99.6194959224489,91.3681525228099,3.62291288510657,14.5938255386427,-23.3591771082088,23.9922245691122,56.22399624599,-0,0,0,388.936716215414,0,0
39.02,100,99.6205815253564,91.4406342002932,3.62507775706869,14.1331124981653,-22.7101404916437,24.1180214851206,49.101337908077,-0,0,0,389.10094313349,0,0
39.04,100,99.6216640309681,91.5131486858696,3.62620058919831,13.6854947195179,-22.0498753280798,24.2281156328413,48.8214881991051,-0,0,0,389.262471139656,0,0
39.06,100,99.6227434481208,91.5856755539653,3.62632297010531,13.2511836290504,-21.379681052182,24.3244671313275,54.5225962022292,-0,0,0,389.422371105742,0,0
39.08,100,99.6238197856261,91.6581952143599,3.62548682765213,12.8303655301413,-20.7007721904671,24.40879142515,60.1178517204587,-0,0,0,389.582644159101,0,0
39.1,100,99.6248930522704,91.7306889178797,3.62373432167329,12.4232032061237,-20.014287670257,24.4825898262167,52.3866631083206,-0,0,0,389.742070714393,0,0
39.12,100,99.6259632568151,91.8031387600526,3.62110774710651,12.0298373493369,-19.321298925175,24.5471762431687,53.9181895754444,-0,0,0,389.899385247624,0,0
39.14,100,99.6270304079966,91.8755276829187,3.61764944633824,11.6503878388207,-18.6228169492346,24.6037005742437,49.0698584909304,-0,0,0,390.055944949626,0,0
39.16,100,99.6280945145262,91.9478394751719,3.61340172971647,11.2849548863183,-17.9197984325918,24.6531691800938,53.377346360838,-0,0,0,390.209624340804,0,0
39.18,100,99.6291555850907,92.0200587707853,3.60840680331484,10.9336200677646,-17.2131510954202,24.696462801057,52.7712001681011,-0,0,0,390.363043979813,0,0
39.2,100,99.6302136283517,92.0921710462575,3.60270670314733,10.5964472552561,-16.5037383218306,24.7343522378804,49.5158083685465,-0,0,0,390.514969923347,0,0
39.22,100,99.6312686529464,92.1641626166022,3.59634323513267,10.2734834625884,-15.7923831830308,24.7675120750772,46.7328513500426,-0,0,0,390.6650016365,0,0
39.24,100,99.6323206674873,92.2360206301891,3.58935792019589,9.96475961578075,-15.0798719277829,24.7965326912463,39.491029396879,-0,0,0,390.813559981728,0,0
39.26,100,99.6333696805622,92.307733062534,3.58179194397074,9.67029125854011,-14.3669570084672,24.8219307701886,43.9045496590424,-0,0,0,390.959945948122,0,0
39.28,100,99.6344157007345,92.3792887091244,3.57368611063403,9.39007920134508,-13.6543597025254,24.8441584999582,39.1186846763899,-0,0,0,391.105695527546,0,0
39.3,100,99.6354587365431,92.4506771773603,3.56508080046138,9.12411012170481,-12.9427723815878,24.8636116236309,38.479432041687,-0,0,0,391.249847358048,0,0
39.32,100,99.6364987965027,92.52188887768,3.55601593074522,8.8723571221726,-12.232860474051,24.8806364851236,37.6211042673393,-0,0,0,391.39314003396,0,0
39.34,100,99.6375358891034,92.5929150139349,3.54653091976029,8.63478025183544,-11.5252641611447,24.8955361955106,40.1312950254801,-0,0,0,391.533983638684,0,0
39.36,100,99.6385700228115,92.6637475730729,3.53666465350134,8.41132699625172,-10.8205998415207,24.908576029621,39.5307717077453,-0,0,0,391.674970627597,0,0
39.38,100,99.6396012060687,92.7343793141805,3.52645545495144,8.2019327401533,-10.1194613950062,24.9199881489984,30.9372467564841,-0,0,0,391.814206977479,0,0
39.4,100,99.640629447293,92.8048037569354,3.51594105566938,8.0065212066546,-9.42242127232619,24.9299757353114,29.7992828815406,-0,0,0,391.951723467823,0,0
39.42,100,99.6416547548781,92.8750151695114,3.50515856951023,7.82500487620977,-8.73003143423531,24.938716607805,29.590230203913,-0,0,0,392.088072809902,0,0
39.44,100,99.642677137194,92.9450085559785,3.49414446831616,7.65728538812009,-8.04282416055885,24.9463663891991,23.4626058259377,-0,0,0,392.222728996619,0,0
39.46,100,99.6436966025865,93.0147794179898,3.48289787049383,7.5032176978539,-7.36718727627887,24.5951896381501,21.0086527375437,-0,0,0,392.355503935484,0,0
39.48,100,99.6447131593779,93.0843226073536,3.47137217913212,7.36243163612381,-6.71637174540311,23.9787793987686,18.2679366875561,-0,0,0,392.487270062989,0,0
39.5,100,99.6457268158665,93.1536322310295,3.45953580540422,7.23432862200235,-6.10056169449076,23.096269790167,14.5570390963911,-0,0,0,392.617612223766,0,0
39.52,100,99.6467375803272,93.2227016803922,3.4473465775575,7.11809965052315,-5.53095286692471,21.9065091080831,24.3693251950542,-0,0,0,392.74641565273,0,0
39.54,100,99.6477454610111,93.2915248129048,3.43496169745589,7.01292979016066,-4.98604834708708,22.0472486393508,14.9632029969475,-0,0,0,392.874911419072,0,0
39.56,100,99.6487504661458,93.3600990559977,3.42241455171503,6.91849709864098,-4.46488628081504,20.9925638368754,15.8684198280027,-0,0,0,393.00196819487,0,0
39.58,100,99.6497526039354,93.4284197436359,3.40961959922669,6.83406035060627,-3.984809051738,20.1852170646634,7.78672744821026,-0,0,0,393.127910690212,0,0
39.6,100,99.6507518825606,93.4964821609016,3.39657510246803,6.75880610603641,-3.54909204843798,18.9852170646634,3.27032973781154,-0,0,0,393.251356060983,0,0
39.62,100,99.6517483101788,93.5642809257018,3.38325707934485,6.69175964875499,-3.16392545075794,17.7852170646634,-6.46493059691043,-0,0,0,393.374096755609,0,0
39.64,100,99.6527418949242,93.6318107223562,3.36968058211343,6.63191636449627,-2.82866488505879,16.5852170646634,-2.44732621076641,-0,0,0,393.494396136076,0,0
39.66,100,99.6537326449076,93.6990665104919,3.35585809975011,6.57828482231559,-2.54263656797735,15.3852170646634,-2.26028741882328,-0,0,0,393.613820256452,0,0
39.68,100,99.6547205682168,93.7660434744113,3.34179962150868,6.52988735225518,-2.30513836032626,14.1852170646634,-4.34531503412548,-0,0,0,393.733146561392,0,0
39.7,100,99.6557056729165,93.8327369737396,3.3275127011156,6.48576060187327,-2.11544082669955,12.9852170646634,-5.84154282783079,-0,0,0,393.850158726532,0,0
39.72,100,99.6566879670483,93.8991424953604,3.31300252154274,6.44495607153229,-1.97278829980024,11.7852170646634,-11.7436541792856,-0,0,0,393.96630343251,0,0
39.74,100,99.657667458631,93.9652556066528,3.29827196029787,6.40654062836128,-1.87639994851864,10.5852170646634,-17.1931489983876,-0,0,0,394.080397940189,0,0
39.76,100,99.6586441556605,94.031071910039,3.28332165517366,6.36959699882738,-1.82547084880425,9.38521706466337,-15.7246923036822,-0,0,0,394.192616531041,0,0
39.78,100,99.6596180661097,94.0965869988511,3.26815007039649,6.33322423986967,-1.81917305638769,8.18521706466337,-14.0747997383059,-0,0,0,394.304658948532,0,0
39.8,100,99.660589197929,94.1617964145236,3.25275356311703,6.29653818856792,-1.85665668042439,6.98521706466337,-12.1180501894416,-0,0,0,394.415382089599,0,0
39.82,100,99.661557559046,94.2266956051197,3.23712645018531,6.25867189033679,-1.93705095714643,5.78521706466337,-13.7040288362836,-0,0,0,394.525314778356,0,0
39.84,100,99.6625231573657,94.2912798851946,3.22126107515347,6.21877600565453,-2.05946532262505,4.58521706466337,-14.3265591836197,-0,0,0,394.633536017707,0,0
39.86,100,99.6634860007705,94.3555443970016,3.20514787545037,6.17601919535255,-2.22299048376229,3.38521706466337,-23.7098615574268,-0,0,0,394.741017218732,0,0
39.88,100,99.6644460971204,94.4194840730417,3.18877544967286,6.12958848451015,-2.42669948664697,2.18521706466337,-22.2348324540246,-0,0,0,394.845992767218,0,0
39.9,100,99.6654034542529,94.4830935999609,3.17213062493931,6.07868960501556,-2.66964878142726,0.985217064663372,-17.7189654609062,-0,0,0,394.950278802454,0,0
39.92,100,99.6663580799831,94.5463673837943,3.155198524252,6.02254731687132,-2.95087928286968,-0.214782935336627,-21.7780800091837,-0,0,0,395.053247727762,0,0
39.94,100,99.667309982104,94.6092995165567,3.13796263381555,5.96040570833833,-3.26941742579209,-1.41478293533663,-20.9429572826962,-0,0,0,395.154100616782,0,0
39.96,100,99.6682591683862,94.6718837441794,3.12040487025984,5.89152847502921,-3.62427621457666,-2.61478293533663,-26.1619924430222,-0,0,0,395.255624218293,0,0
39.98,100,99.6692056465781,94.7341134357899,3.10250564771636,5.81519917807705,-4.01445626598728,-3.81478293533663,-22.0564614134801,-0,0,0,395.354330941301,0,0
40,100,99.6701494244061,94.7959815543306,3.08424394469838,5.73072148152106,-4.43894684453493,-5.01478293533663,-21.5896831806391,-0,0,0,395.452588835129,0,0
40.02,100,99.6710905095745,94.8574806285137,3.06559737073578,5.63741936906565,-4.89672688965364,-6.21478293533663,-13.0375534625472,-0,0,0,395.548716451979,0,0
40.04,100,99.6720289097656,94.9186029990655,3.04658535200087,5.53468120137386,-5.3798646365091,-7.0176720484291,-17.5613665801225,-0,0,0,395.645421669549,0,0
40.06,100,99.6729646326399,94.9793415185732,3.02719249991017,5.42207260828506,-5.8861613808377,-8.20339809257355,-17.7125926057998,-0,0,0,395.740516543567,0,0
40.08,100,99.673897685836,95.0396877177245,3.00735242710595,5.29904236130416,-6.42131163183539,-9.30675687289888,-13.523033014727,-0,0,0,395.833389910474,0,0
40.1,100,99.6748280769705,95.0996330762743,2.98713088625378,5.16513346715791,-6.96959231165988,-9.74557507414764,-17.6719168868079,-0,0,0,395.925888473834,0,0
40.12,100,99.6757558136385,95.1591703959495,2.96652641103097,5.02019988307733,-7.52657322513094,-10.637291376985,-10.7525911991654,-0,0,0,396.01700706115,0,0
40.14,100,99.6766809034134,95.2182918660087,2.94558082628596,4.86409062372042,-8.08078775787711,-10.5445256925567,-14.4992214743827,-0,0,0,396.106343172116,0,0
40.16,100,99.6776033538469,95.2769915755191,2.92432785274552,4.69704919162775,-8.62277651737674,-10.9243088789443,-16.5692048413765,-0,0,0,396.194769027369,0,0
40.18,100,99.6785231724693,95.3352622462156,2.90266508244314,4.51917766528308,-9.16501045183082,-11.5058429186111,-5.36341699520314,-0,0,0,396.281845778659,0,0
40.2,100,99.6794403667893,95.393096349984,2.88072625784032,4.33062036494972,-9.68189300946373,-10.6084582954435,-10.2557134634944,-0,0,0,396.3686042953,0,0
40.22,100,99.6803549442942,95.4504898878397,2.85857695676271,4.1321587436794,-10.1601245488956,-10.4343037559347,-9.39365820780974,-0,0,0,396.453623324547,0,0
40.24,100,99.6812669124498,95.5074374232954,2.8361267782249,3.92439343896205,-10.6117065634402,-10.1705553347216,1.0455993140836,-0,0,0,396.537542977449,0,0
40.26,100,99.682176278701,95.5639337097154,2.8134869848294,3.70800582676651,-11.0164352505664,-8.97055533472161,2.73469725975199,-0,0,0,396.621384006788,0,0
40.28,100,99.6830830504711,95.6199762722655,2.79075289439756,3.48415788504186,-11.3578886130817,-7.77055533472161,2.67173980622132,-0,0,0,396.703983624894,0,0
40.3,100,99.6839872351622,95.6755631457147,2.76791709707916,3.25410605312627,-11.6369793199055,-6.57055533472161,4.58498193690861,-0,0,0,396.784358668685,0,0
40.32,100,99.6848888401556,95.7306922475115,2.74497525687315,3.01908816433932,-11.8546550749048,-5.37055533472161,-2.24261847714405,-0,0,0,396.864089004829,0,0
40.34,100,99.6857878728112,95.7853608520468,2.72183944502423,2.7802286986209,-12.0257428570034,-4.86901664508899,6.78364034940528,-0,0,0,396.941678441906,0,0
40.36,100,99.6866843404681,95.8395645823176,2.69851571339239,2.53837373221433,-12.1498483491534,-3.66901664508899,12.765649983381,-0,0,0,397.01911804889,0,0
40.38,100,99.6875782504444,95.8933007763445,2.67508658113753,2.29462754184465,-12.2150398336242,-2.46901664508899,9.31944386458447,-0,0,0,397.096437884163,0,0
40.4,100,99.6884696100373,95.9465673810066,2.65155799337407,2.05015783233015,-12.222379754022,-1.26901664508899,11.0163847275786,-0,0,0,397.171552183111,0,0
40.42,100,99.6893584265233,95.9993624891581,2.62793858824849,1.80611076964413,-12.1729593195786,-0.0690166450889869,14.3228241826918,-0,0,0,397.245850224676,0,0
40.44,100,99.690244707158,96.0516843926327,2.60423961124656,1.56361041950317,-12.0678971151174,1.13098335491101,22.730299366924,-0,0,0,397.318608370755,0,0
40.46,100,99.6911284591763,96.1035316335307,2.58047482918038,1.3237582137493,-11.9083377118954,2.33098335491101,15.2457820019476,-0,0,0,397.391857795535,0,0
40.48,100,99.6920096897926,96.1549030537832,2.55666044392801,1.08763244449703,-11.6954502804689,3.53098335491101,15.0317833393873,-0,0,0,397.463107829304,0,0
40.5,100,99.6928884062006,96.2057978429892,2.53281500599748,0.856287785993364,-11.4304272067044,4.73098335491101,15.1122686712059,-0,0,0,397.533548016824,0,0
40.52,100,99.6937646155734,96.2562155845232,2.5089593279858,0.630754844116992,-11.1144827120406,5.93098335491101,15.8355854078292,-0,0,0,397.602901183409,0,0
40.54,100,99.6946383250638,96.3061562999109,2.48511639800258,0.412039733420696,-10.7488514790794,7.13065725385037,20.3771304909588,-0,0,0,397.670317076172,0,0
40.56,100,99.6955095418042,96.3556204906964,2.4613112151353,0.201123557191005,-10.3347996835075,8.33065725385037,15.6361690068618,-0,0,0,397.737233577302,0,0
40.58,100,99.6963782729065,96.4046089754863,2.43753885328516,-0.00107070567737465,-9.87872052744481,9.23982085695136,19.1104313768699,-0,0,0,397.804038996925,0,0
40.6,100,99.6972445254624,96.4531224074975,2.41382231489553,-0.193759553465023,-9.38259010261412,10.4263762595903,10.4556191082504,-0,0,0,397.869199825609,0,0
40.62,100,99.6981083065434,96.5011616956716,2.39008086756291,-0.376234883577911,-8.86533749735923,10.4031331057491,15.2757368329824,-0,0,0,397.932456694767,0,0
40.64,100,99.6989696232007,96.5487252022866,2.36627258135659,-0.548310846295853,-8.33891947799941,10.9791644433494,12.9113374369035,-0,0,0,397.994966006537,0,0
40.66,100,99.6998284824655,96.5958125035825,2.34245030651781,-0.709709778532166,-7.80014740668449,11.1804203514039,12.2007299531281,-0,0,0,398.056656809531,0,0
40.68,100,99.7006848913488,96.6424229231684,2.31858433756639,-0.860301031222884,-7.25900254098767,11.2616988361785,12.5008145413503,-0,0,0,398.117071081755,0,0
40.7,100,99.7015388568419,96.6885556974615,2.2946913204321,-1.00006917284801,-6.71776008267161,11.3668208465117,16.7381581087511,-0,0,0,398.177809326997,0,0
40.72,100,99.7023903859159,96.7342110169864,2.27086374926195,-1.12894357889571,-6.16647446873435,11.981775851655,14.0745832087618,-0,0,0,398.23825739619,0,0
40.74,100,99.7032394855219,96.779390928818,2.24713877156679,-1.24665747794142,-5.604498920521,12.1785030748885,14.4958133789168,-0,0,0,398.297486719997,0,0
40.76,100,99.7040861625915,96.8240971341173,2.22349863321898,-1.35310565419109,-5.03984823486139,12.3974019383618,15.3993637495134,-0,0,0,398.356295989749,0,0
40.78,100,99.7049304240363,96.8683317078855,2.19998338592197,-1.4482239522133,-4.47110052362856,12.694976851977,11.1115095070515,-0,0,0,398.414328294181,0,0
40.8,100,99.7057722767482,96.9120970742085,2.17655945896396,-1.53199263876134,-3.90865067134934,12.4139003863426,7.45667913077542,-0,0,0,398.471135490451,0,0
40.82,100,99.7066117275995,96.9553940710939,2.15313371626809,-1.60474186211201,-3.37186040973044,11.7093163598528,9.63214396237062,-0,0,0,398.526373261532,0,0
40.84,100,99.7074487834428,96.9982225309674,2.12972375373883,-1.66704308235526,-2.86153547710419,11.3647129515305,3.46557456568785,-0,0,0,398.581066717057,0,0
40.86,100,99.7082834511114,97.0405829555364,2.1063047845053,-1.71943069966931,-2.38511741625024,10.2927108301084,6.86935788017572,-0,0,0,398.634137306212,0,0
40.88,100,99.7091157374187,97.0824746842961,2.08287949638383,-1.76268830449142,-1.94487372692841,9.78469181076924,10.2526232288894,-0,0,0,398.688037570071,0,0
40.9,100,99.7099456491591,97.1238990470511,2.05959038292962,-1.79733112111123,-1.52054794720623,9.76115540828548,-0.516413972433992,-0,0,0,398.741037934776,0,0
40.92,100,99.7107731931072,97.1648587355442,2.03636811413643,-1.82371230625795,-1.12621181480167,8.56115540828548,7.26177727906292,-0,0,0,398.791533989462,0,0
40.94,100,99.7115983760185,97.2053541888484,2.01320715209812,-1.84259674547431,-0.764675500209384,8.32014293841162,-4.76478350232563,-0,0,0,398.842768260579,0,0
40.96,100,99.7124212046292,97.2453874770997,1.99011562644119,-1.85452400281901,-0.436582659814764,7.12014293841162,-4.34012612161054,-0,0,0,398.892235156288,0,0
40.98,100,99.7132416856564,97.2849586044947,1.96699247398168,-1.8603990003622,-0.1593296144702,5.92014293841162,-3.72594202544495,-0,0,0,398.940854915786,0,0
41,100,99.7140598257978,97.3240670144545,1.94384487125239,-1.86123124233068,0.0678175786574762,4.72014293841162,-0.933725717735205,-0,0,0,398.988723394753,0,0
41.02,100,99.714875631732,97.3627126189839,1.92073000655708,-1.8579591095646,0.254017046279893,3.95777619107814,-7.21856351360452,-0,0,0,399.036644658177,0,0
41.04,100,99.7156891101189,97.4008964526864,1.89765082456453,-1.85134073924451,0.399739510383785,2.75777619107814,-3.86621569219621,-0,0,0,399.082954955726,0,0
41.06,100,99.7165002675989,97.4386188088208,1.87459536848466,-1.84224895756744,0.503591860386424,1.88781030940397,-4.43178450854048,-0,0,0,399.129289094678,0,0
41.08,100,99.7173091107938,97.4758807210436,1.85160798140362,-1.83142392285285,0.573440482002731,1.06159918801939,-0.659754777803532,-0,0,0,399.174568174497,0,0
41.1,100,99.7181156463064,97.5126840787077,1.82876259707837,-1.81945260737038,0.621988612618848,0.815003420372249,-4.46454576933339,-0,0,0,399.219871416458,0,0
41.12,100,99.7189198807207,97.5490322486129,1.80607135771838,-1.80667059934408,0.651735107285021,0.126575924584667,-5.70001871648459,-0,0,0,399.264011705779,0,0
41.14,100,99.7197218206019,97.5849275451883,1.78347210049335,-1.79356953395446,0.653578051597462,-0.624698953453562,-2.17584246837526,-0,0,0,399.307248550656,0,0
41.16,100,99.7205214724963,97.6203721076652,1.7610185507997,-1.78064692782419,0.637398787773501,-0.836653829317608,-14.4190934677133,-0,0,0,399.350420551685,0,0
41.18,100,99.7213188429319,97.6553688630786,1.73865127558751,-1.76825073004546,0.594698962878946,-2.03665382931761,-10.3664735573226,-0,0,0,399.390448655516,0,0
41.2,100,99.7221139384176,97.6899179997273,1.71626134025523,-1.75714127807123,0.50986160072958,-3.08157011691647,-0.735944316551292,-0,0,0,399.430978021186,0,0
41.22,100,99.7229067654442,97.7240203387556,1.69402322358104,-1.74793301679296,0.413207308267606,-2.78636071524307,-9.25969476148789,-0,0,0,399.472131442272,0,0
41.24,100,99.7236973304836,97.7576800315383,1.67195190015908,-1.74066886153174,0.30845093831051,-3.59082259146575,-6.54577331890369,-0,0,0,399.512167742761,0,0
41.26,100,99.7244856399896,97.7908989787144,1.64996469012892,-1.73572493813805,0.184109040291419,-3.95051795553778,-12.5149947291821,-0,0,0,399.550811540103,0,0
41.28,100,99.7252717003971,97.8236788911966,1.62801918745762,-1.73346853419651,0.0353532621315275,-5.00417210991632,-9.9848742798208,-0,0,0,399.588718547139,0,0
41.3,100,99.7260555181232,97.8560197813399,1.60607848321584,-1.73449550349618,-0.141195072341597,-5.60129169509707,-7.50456002543788,-0,0,0,399.626045875458,0,0
41.32,100,99.7268370995662,97.8879226543773,1.58423093906615,-1.73918932845965,-0.328778385377277,-5.80880456665491,-9.48086732469618,-0,0,0,399.662501458384,0,0
41.34,100,99.7276164511065,97.9193896876483,1.56248403120428,-1.74769807006778,-0.524014224626255,-6.23155464446865,-3.05964072498196,-0,0,0,399.699161007189,0,0
41.36,100,99.7283935791061,97.9504231443305,1.54090543909769,-1.76011237027625,-0.713833779893557,-5.79636529769688,-6.40223960738573,-0,0,0,399.735505194638,0,0
41.38,100,99.7291684899089,97.981027240437,1.51952769563906,-1.7761709368593,-0.891477853977084,-5.83343845512858,-10.3296566704441,-0,0,0,399.770816824585,0,0
41.4,100,99.7299411898408,98.0112047636331,1.49822725193978,-1.79581293153935,-1.07522353901682,-6.35343746396513,-2.7603412381736,-0,0,0,399.804746607896,0,0
41.42,100,99.7307116852094,98.0409572293037,1.47706045950205,-1.81914484287543,-1.25396361383644,-5.85836716436183,-7.96866429535452,-0,0,0,399.839377503605,0,0
41.44,100,99.7314799823046,98.0702882166881,1.45604965762407,-1.84590603835214,-1.42273579860887,-6.07818641967873,-6.30225363034639,-0,0,0,399.871217138998,0,0
41.46,100,99.7322460873982,98.0991998350826,1.43513152692492,-1.87604512787307,-1.5901958374037,-6.05761573365859,0.265153256067402,-0,0,0,399.90376458948,0,0
41.48,100,99.733010006744,98.1276948943749,1.41442488333624,-1.90936677243763,-1.73581357913974,-5.22056715038754,-0.655701869475341,-0,0,0,399.935546759886,0,0
41.5,100,99.7337717465782,98.1557786523984,1.39399177465207,-1.94526231035508,-1.84910114815314,-4.60688595614668,0.663333104046868,-0,0,0,399.967157751186,0,0
41.52,100,99.7345313131191,98.1834562582498,1.37381247571663,-1.98313502437095,-1.93306542339309,-3.90779542709432,0.838599552083563,-0,0,0,399.99906538938,0,0
41.54,100,99.7352887125672,98.2107328357918,1.35388586533535,-2.02239108850684,-1.98796553903093,-3.27827928163584,-1.70012043237902,-0,0,0,400.030536901733,0,0
41.56,100,99.7360439511053,98.237612986891,1.33415375852888,-2.0625243758037,-2.02340487361184,-3.04881664740022,1.52399477958945,-0,0,0,400.060373912704,0,0
41.58,100,99.7367970348987,98.2641002688399,1.31461357580155,-2.10320023786248,-2.0398982795677,-2.44715726213942,-0.802143337466217,-0,0,0,400.09007684803,0,0
41.6,100,99.737547970095,98.2901987971683,1.29526387582632,-2.14399869466084,-2.03808021334368,-2.21380357273003,0.627372175473188,-0,0,0,400.119593468607,0,0
41.62,100,99.7382967628243,98.3159119318573,1.27608012552647,-2.18462979166019,-2.02227190473845,-1.8340931357568,3.82420451735472,-0,0,0,400.147815245067,0,0
41.64,100,99.7390434191992,98.3412435163735,1.25712304256092,-2.22473407245011,-1.98324603036927,-1.10576622052195,7.57272106784641,-0,0,0,400.176112810528,0,0
41.66,100,99.7397879453148,98.3661989614569,1.238481632011,-2.26371588317952,-1.90778083029809,-0.00726534192354801,1.48980752239062,-0,0,0,400.204060489069,0,0
41.68,100,99.740530347249,98.3907844716552,1.22009474027955,-2.30088050943265,-1.80739952968528,0.188411574636451,4.28945423212443,-0,0,0,400.231815046088,0,0
41.7,100,99.7412706310621,98.4150040465485,1.20190171643899,-2.33591868936436,-1.69313924660313,0.705439393440983,1.13611880219431,-0,0,0,400.258626754358,0,0
41.72,100,99.7420088027973,98.4388617430384,1.18388961455883,-2.36853696968106,-1.56841112586473,0.7615385993635,7.02760864853966,-0,0,0,400.285592814009,0,0
41.74,100,99.7427448684804,98.4623611125357,1.16609878757749,-2.39854875948941,-1.42792262672149,1.54208202006259,-0.146235881852539,-0,0,0,400.311623780309,0,0
41.76,100,99.7434788341203,98.4855069629849,1.14849936139058,-2.42559343670691,-1.27813751068102,1.32485428642054,5.32017328534168,-0,0,0,400.336979500108,0,0
41.78,100,99.7442107057084,98.5083022117685,1.13106779103432,-2.44964430071201,-1.12403437080306,1.81735888100905,-7.29384039064552,-0,0,0,400.363015987448,0,0
41.8,100,99.7449404892192,98.5307500527113,1.11369453142023,-2.47065462250971,-0.984550050253764,0.672740424427277,-0.551146340355094,-0,0,0,400.386587150035,0,0
41.82,100,99.7456681906101,98.5528499388899,1.0963119894424,-2.48919582063083,-0.870715598403678,0.516926910959124,3.61007672919872,-0,0,0,400.410228026543,0,0
41.84,100,99.7463938158216,98.5746037027754,1.07910434311184,-2.50545803819082,-0.753237596266582,0.899000871455474,0.648907780088274,-0,0,0,400.433430328466,0,0
41.86,100,99.7471173707771,98.5960153850522,1.06208803161796,-2.51929094863868,-0.630507269364437,0.861167837552549,0.0676002848651555,-0,0,0,400.456329497513,0,0
41.88,100,99.7478388613832,98.6170881486782,1.04521047354772,-2.53070561886568,-0.511853728940419,0.755306665650521,1.10857737407652,-0,0,0,400.478914178691,0,0
41.9,100,99.7485582935296,98.6378248198829,1.02848509621418,-2.539782058113,-0.395781182286878,0.791913056827456,0.163238846952114,-0,0,0,400.500835251026,0,0
41.92,100,99.7492756730893,98.6582286032588,1.01191744801184,-2.54655308286302,-0.282112491423555,0.70494726377781,0.498311253073156,-0,0,0,400.522168987374,0,0
41.94,100,99.7499910059184,98.6783025416091,0.995503309672313,-2.55109125897861,-0.172157848906526,0.671615077321774,4.15973237714092,-0,0,0,400.543964034843,0,0
41.96,100,99.7507042978563,98.6980502020199,0.979308546566768,-2.55339707367754,-0.0559737490944094,1.09746574610981,-2.53565409673681,-0,0,0,400.565219257042,0,0
41.98,100,99.7514155547259,98.7174760021378,0.963282596512879,-2.55335087255018,0.0573238461816342,0.630902818362535,4.23690851505468,-0,0,0,400.584858786692,0,0
42,100,99.7521247823334,98.7365827008815,0.947434831878281,-2.55111489938021,0.168789210206353,1.06993604078682,8.18350578620929,-0,0,0,400.60523220246,0,0
42.02,100,99.7528319864683,98.7553756711485,0.931927895443791,-2.54644271322129,0.303624615245057,1.94214233236001,-0.662111649888067,-0,0,0,400.626021021304,0,0
42.04,100,99.7535371729037,98.7738614705821,0.9166704573219,-2.5389247833476,0.445520059452712,1.59570753923736,1.73939296503935,-0,0,0,400.64587644232,0,0
42.06,100,99.7542403473964,98.7920435197799,0.901567157699082,-2.52868211687063,0.578308586230165,1.59317913706108,-0.095221656275554,-0,0,0,400.665489829601,0,0
42.08,100,99.7549415156864,98.8099252910001,0.886634255547007,-2.51584041816359,0.703964470287759,1.36218238378886,-4.35747781700685,-0,0,0,400.685214343902,0,0
42.1,100,99.7556406834977,98.8275094591535,0.871787303042327,-2.50066539167184,0.808475734150931,0.628686205421411,-0.446991288860274,-0,0,0,400.703395582083,0,0
42.12,100,99.7563378565376,98.8447974524404,0.85704009660604,-2.48362563984183,0.894226772285928,0.480130121625913,-8.61116588942286,-0,0,0,400.7224554054,0,0
42.14,100,99.7570330404975,98.8617913743321,0.842340531186693,-2.46507804945104,0.95293939891396,-0.665929467584324,4.29040236587015,-0,0,0,400.73959689837,0,0
42.16,100,99.7577262410523,98.8784920425477,0.827784246533974,-2.44557784084282,1.00077230580143,-0.055022105352533,-2.31976432767676,-0,0,0,400.757250587045,0,0
42.18,100,99.7584174638608,98.8949043280946,0.813466628662093,-2.42502008348384,1.05288619336374,-0.348066769677728,-2.79170264296245,-0,0,0,400.774741132655,0,0
42.2,100,99.7591067145656,98.9110315806228,0.799279973427352,-2.40354934063668,1.09197115153779,-0.662076881938183,-0.472961564805037,-0,0,0,400.791343926309,0,0
42.22,100,99.7597939987933,98.9268766477998,0.785261088005047,-2.38138572966092,1.1243140441816,-0.643989941833261,-3.88342270361493,-0,0,0,400.809128988224,0,0
42.24,100,99.7604793221543,98.9424430445831,0.771395765117807,-2.35863632242131,1.1478330537132,-1.05415703956741,-7.45411012474859,-0,0,0,400.825736069458,0,0
42.26,100,99.7611626902431,98.9577328351866,0.757584427244967,-2.33563492504486,1.1470836765445,-1.85563371506951,0.959545892188384,-0,0,0,400.841127246836,0,0
42.28,100,99.7618441086383,98.9727473979304,0.743918199459218,-2.31280803420182,1.13780608568831,-1.50154140613007,-2.89754079431576,-0,0,0,400.857534902098,0,0
42.3,100,99.7625235829024,98.9874909802054,0.730465137033577,-2.29010489540045,1.13132000021539,-1.67546107800152,-4.74822919652943,-0,0,0,400.872813017261,0,0
42.32,100,99.7632011185823,99.0019668273106,0.717135922274141,-2.26762969900848,1.11372292214139,-2.05641997237237,-6.49772094183363,-0,0,0,400.887820516007,0,0
42.34,100,99.7638767212087,99.0161769189263,0.703882190868526,-2.24567630001322,1.07812894890389,-2.60483607424157,-0.442281315918349,-0,0,0,400.902111134328,0,0
42.36,100,99.7645503962968,99.0301231336797,0.690780316894647,-2.2245337404413,1.03795990890993,-2.32494514732515,-2.5124917603262,-0,0,0,400.917082311621,0,0
42.38,100,99.7652221493461,99.0438095217673,0.677887298314973,-2.2041239199661,1.00295273819014,-2.34036302184854,8.43676878300588,-0,0,0,400.931043453259,0,0
42.4,100,99.7658919858402,99.0572407346192,0.665310683300812,-2.1842628359655,0.990794647286451,-1.14036302184854,-5.94641508152284,-0,0,0,400.946145265035,0,0
42.42,100,99.7665599112471,99.0704235761617,0.652978769556608,-2.16442134959328,0.989440774124618,-1.7398098051708,-3.0730631028463,-0,0,0,400.959526437214,0,0
42.44,100,99.7672259310193,99.0833604428561,0.640729989848052,-2.14478276276559,0.97336007847038,-1.90057705496975,0.458567913085576,-0,0,0,400.973605580977,0,0
42.46,100,99.7678900505938,99.0960540275921,0.628668421641256,-2.12546808956388,0.959990896218637,-1.60066317973284,-5.61903317088889,-0,0,0,400.987043792719,0,0
42.48,100,99.7685522753919,99.1085081191042,0.616748715773843,-2.10641329800528,0.942292653352847,-2.09662002998478,-3.50724210939884,-0,0,0,401.000340141857,0,0
42.5,100,99.7692126108196,99.1207245504826,0.604914750750032,-2.08785981743148,0.912004014957833,-2.26432481572164,-5.04150969253492,-0,0,0,401.012836284275,0,0
42.52,100,99.7698710622672,99.1327053713681,0.593180332167128,-2.06999694771272,0.872190384226156,-2.60009404283753,2.44700443735381,-0,0,0,401.025238077788,0,0
42.54,100,99.77052763511,99.1444530706769,0.581640783187948,-2.05292621738831,0.839030672112634,-1.9582720097966,6.35540480942751,-0,0,0,401.037702742205,0,0
42.56,100,99.7711823347078,99.1559733792302,0.570457231833845,-2.03621788122453,0.838429246463977,-0.913185336451665,-0.902769451867335,-0,0,0,401.051077587605,0,0
42.58,100,99.7718351664049,99.167273198348,0.559550637830483,-2.01926352048396,0.856892968565875,-0.91123004374043,-1.55594108997765,-0,0,0,401.063412863633,0,0
42.6,100,99.7724861355308,99.1783563733115,0.548789407786031,-2.00195753739615,0.873068669712011,-0.991615129343307,-2.75860002392183,-0,0,0,401.074987386464,0,0
42.62,100,99.7731352473993,99.189225558786,0.538145977345959,-1.98438437340611,0.882744160535819,-1.21026065060784,5.47059370459016,-0,0,0,401.086922311162,0,0
42.64,100,99.7737825073094,99.1998837454757,0.52773125312314,-1.96656847746886,0.904050519081795,-0.37454848403465,4.17343968327819,-0,0,0,401.099404395319,0,0
42.66,100,99.7744279205448,99.2103369370384,0.517636046112184,-1.94805173772441,0.950997560256842,0.188837311537085,-4.00956701189614,-0,0,0,401.111811180159,0,0
42.68,100,99.7750714923743,99.220590223032,0.507697458102055,-1.92853915631347,0.996619155065187,-0.34334396423454,-2.01845179454112,-0,0,0,401.122618882172,0,0
42.7,100,99.7757132280514,99.2306452879562,0.497826410239595,-1.90828961634041,1.02678061886305,-0.556217834644779,3.05180628448075,-0,0,0,401.134079398959,0,0
42.72,100,99.7763531328149,99.240504512852,0.488139585664703,-1.88744275846812,1.0605555224385,-0.109600947377014,-3.04880799502697,-0,0,0,401.1455975709,0,0
42.74,100,99.7769912118884,99.2501719440862,0.47861462025886,-1.86587037295897,1.09408074496588,-0.482861648140108,2.20421322077722,-0,0,0,401.156180005217,0,0
42.76,100,99.7776274704807,99.2596501139213,0.469241269842604,-1.84369014261276,1.12584644455997,-0.152137132735002,1.5105045146844,-0,0,0,401.167192900155,0,0
42.78,100,99.7782619137859,99.2689430479589,0.460086030304498,-1.82077824627306,1.16637928063377,0.0482837411412411,0.175482526047548,-0,0,0,401.178159378082,0,0
42.8,100,99.778894546983,99.2780547553789,0.451111035796574,-1.79701952383542,1.20927267647894,0.0546192660219935,1.9608640734911,-0,0,0,401.188226195732,0,0
42.82,100,99.7795253752364,99.2869887252619,0.44232116179259,-1.77238708119393,1.2551510953954,0.282229314063098,-2.07216542966038,-0,0,0,401.198303995948,0,0
42.84,100,99.7801544036957,99.295748576915,0.433678184965911,-1.74683709513048,1.29762080524925,-0.0229124608821382,-4.49144375622569,-0,0,0,401.20809573988,0,0
42.86,100,99.7807816374959,99.3043362019839,0.425087933982761,-1.72060522908091,1.32172102128676,-0.589190014405221,1.14458426197434,-0,0,0,401.217599824612,0,0
42.88,100,99.7814070817572,99.3127528671981,0.416612704996193,-1.69401857057196,1.3380910027059,-0.379079075058759,-4.00569779318582,-0,0,0,401.226862589223,0,0
42.9,100,99.7820307415853,99.3210015241496,0.408260363523977,-1.66712449678489,1.34819132523213,-0.838989569156375,5.31226849382232,-0,0,0,401.235258298685,0,0
42.92,100,99.7826526220714,99.3290845709541,0.400100012156685,-1.64005381994659,1.36356635996562,-0.0748846843945436,-2.52105970251469,-0,0,0,401.245875160659,0,0
42.94,100,99.7832727282919,99.3370068737424,0.392143265087741,-1.61253791124807,1.38578340281272,-0.389685783567371,2.36649921159862,-0,0,0,401.254621797304,0,0
42.96,100,99.7838910653089,99.3447713496241,0.384342984432323,-1.58462575805817,1.40735714751511,-0.0533024294927446,-3.65222355499172,-0,0,0,401.264131527752,0,0
42.98,100,99.7845076381702,99.352381488691,0.376677977023516,-1.55627211462624,1.42485288066452,-0.511989016514331,-2.53473298385027,-0,0,0,401.272701864907,0,0
43,100,99.785122451909,99.3598389057433,0.369078306477464,-1.52773060700983,1.4274673338625,-0.770996067096809,-4.03630548792108,-0,0,0,401.281014784802,0,0
43.02,100,99.7857355115442,99.3671450698377,0.361546175183292,-1.49926625383077,1.41620598598166,-1.18244741279861,-0.676621040693295,-0,0,0,401.28924362534,0,0
43.04,100,99.7863468220803,99.3743014514766,0.354118312906586,-1.47112961595652,1.39774987172137,-1.12059197164882,-2.71154348904962,-0,0,0,401.29761902035,0,0
43.06,100,99.7869563885076,99.3813106327702,0.346815330719192,-1.44337914913286,1.37592664531405,-1.32044650248007,-5.20084100306119,-0,0,0,401.30556174375,0,0
43.08,100,99.7875642158023,99.3881744407826,0.339569112480673,-1.416184279109,1.34042265837263,-1.80381667708964,-6.61944860160864,-0,0,0,401.313049421409,0,0
43.1,100,99.7881703089261,99.3948934337373,0.332328544772282,-1.38990142874096,1.28408610044573,-2.39825964411162,-3.76067953562743,-0,0,0,401.321109534641,0,0
43.12,100,99.7887746728267,99.4014678527715,0.325128004299965,-1.36491317131317,1.21380171875063,-2.55756607624497,3.76704288188454,-0,0,0,401.328907545134,0,0
43.14,100,99.7893773124378,99.4078999101262,0.318129760977215,-1.34125989668815,1.15669528579612,-1.75742960489071,-6.47390604822014,-0,0,0,401.337042466714,0,0
43.16,100,99.7899782326789,99.4141939864762,0.311274626013687,-1.31862217104877,1.10339590057574,-2.33926436008823,-1.59717892962808,-0,0,0,401.343837346863,0,0
43.18,100,99.7905774384553,99.4203513078275,0.304480611300657,-1.29717963386599,1.04160265871334,-2.23501307406364,0.985547657239096,-0,0,0,401.351458359212,0,0
43.2,100,99.7911749346587,99.4263743760611,0.297861000533916,-1.276887633461,0.990291699703656,-1.82210028242132,1.87013390769044,-0,0,0,401.359255725238,0,0
43.22,100,99.7917707261665,99.432267178796,0.291455951475309,-1.25745350751951,0.956122874341109,-1.353390114807,-0.344988805945796,-0,0,0,401.366924859324,0,0
43.24,100,99.7923648178424,99.4380338008034,0.285229295500256,-1.23856799203323,0.933236275052859,-1.22238691537872,0.209695591896725,-0,0,0,401.374381864032,0,0
43.26,100,99.792957214536,99.4436773093867,0.279146385628036,-1.22008509298509,0.916176432832325,-1.03958209659365,0.9896962416612,-0,0,0,401.381651334831,0,0
43.28,100,99.7935479210832,99.4492007052196,0.273220732892006,-1.20186667683697,0.907231786250349,-0.783580028252278,0.122183762857107,-0,0,0,401.388946747385,0,0
43.3,100,99.7941369423063,99.4546071215609,0.267442659331846,-1.18375236569191,0.904833268438071,-0.670064472620075,1.70904785912957,-0,0,0,401.395666131483,0,0
43.32,100,99.7947242830134,99.4598994297192,0.261817098715475,-1.16562405174897,0.90978214052925,-0.373067109749048,-2.90468184031953,-0,0,0,401.403007355795,0,0
43.34,100,99.7953099479993,99.4650804591683,0.256290288564388,-1.14737133463232,0.913338573757785,-0.691377539969116,0.547527986069184,-0,0,0,401.409074364539,0,0
43.36,100,99.7958939420448,99.4701515999714,0.250846756183799,-1.12911355916269,0.913329784019393,-0.536112831028082,-3.42392570186447,-0,0,0,401.416242245255,0,0
43.38,100,99.7964762699173,99.4751148222869,0.245477730998517,-1.1108708411591,0.90853851791081,-0.897924616459699,-2.41909395640603,-0,0,0,401.421718413488,0,0
43.4,100,99.7970569363704,99.4799709327695,0.240142064172801,-1.09284451119087,0.89284185462853,-1.08552694377018,-1.96101267031672,-0,0,0,401.427855928947,0,0
43.42,100,99.7976359461444,99.4847209135362,0.23486760501269,-1.07519602300358,0.871299964663112,-1.19115574946176,0.127392691803426,-0,0,0,401.433804910583,0,0
43.44,100,99.7982133039657,99.4893663177997,0.229694946157147,-1.05798433874668,0.850916460712994,-1.02241610398167,8.77320333091028,-0,0,0,401.439787860893,0,0
43.46,100,99.7987890145477,99.4939104072599,0.224777038429884,-1.04098687966285,0.856395010409454,0.168782873508125,-3.35801460699245,-0,0,0,401.447209603212,0,0
43.48,100,99.7993630825898,99.498358593367,0.220039626001163,-1.02364340644055,0.874942484314895,-0.276661199963176,-2.34309611221341,-0,0,0,401.453028853495,0,0
43.5,100,99.7999355127784,99.5027120602977,0.215312213263519,-1.00608423979574,0.879197437075552,-0.536293184308962,-1.02913992011347,-0,0,0,401.459137595095,0,0
43.52,100,99.8005063097865,99.5069714440881,0.210638893714587,-0.988519952247812,0.876741473697657,-0.598159694436951,-1.43746442783443,-0,0,0,401.464999077544,0,0
43.54,100,99.8010754782735,99.5111380852921,0.206036004064356,-0.971039680145444,0.87053178032577,-0.703209271679098,0.823068957543867,-0,0,0,401.470330674646,0,0
43.56,100,99.8016430228857,99.51521355252,0.201533010172479,-0.953689620046711,0.865609609459072,-0.512500352367021,-3.61570750226172,-0,0,0,401.475860100871,0,0
43.58,100,99.8022089482563,99.5191998206859,0.197092946019199,-0.93644647036883,0.856153395725927,-0.900218869221661,3.61080866476908,-0,0,0,401.480810168106,0,0
43.6,100,99.8027732590049,99.5230980084019,0.192762487784495,-0.919419205205285,0.850110393502726,-0.335002786269693,-2.06225794780236,-0,0,0,401.487073909682,0,0
43.62,100,99.8033359597382,99.5269111480172,0.18855711720253,-0.902404693698735,0.849856053997014,-0.551454630363192,-0.422898733082825,-0,0,0,401.492839723827,0,0
43.64,100,99.8038970550496,99.5306407037981,0.184413068985773,-0.885453228432072,0.845306489635006,-0.535612819073905,-7.23091009471121,-0,0,0,401.498166282404,0,0
43.66,100,99.8044565495196,99.534287552707,0.180252316305186,-0.868703902380785,0.824251619070308,-1.37040992792859,-1.30464831801178,-0,0,0,401.502530408672,0,0
43.68,100,99.8050144477155,99.5378506965184,0.176075601170578,-0.852584416403122,0.787815862095232,-1.35525366164027,-4.98628792955903,-0,0,0,401.50776105369,0,0
43.7,100,99.8055707541915,99.541330731324,0.171922608131186,-0.837247157471152,0.743110355275573,-1.8010444392248,-4.64701546290942,-0,0,0,401.512144544775,0,0
43.72,100,99.8061254734888,99.5447274580542,0.16774810025489,-0.822957509076498,0.683764504185753,-2.14436541755691,-3.56694234906288,-0,0,0,401.516899160212,0,0
43.74,100,99.806678610136,99.5480407089086,0.163581431800539,-0.809955465504,0.615547199865602,-2.30640713703319,-1.86281389337251,-0,0,0,401.522070169365,0,0
43.76,100,99.8072301686482,99.5512710705388,0.159467761422169,-0.798339909778245,0.546626830849881,-2.23418528585893,-2.01248046210107,-0,0,0,401.527134404133,0,0
43.78,100,99.8077801535281,99.5544199058438,0.15542707974446,-0.788069251655242,0.480877659968183,-2.1899011334962,3.74383144094048,-0,0,0,401.531818323217,0,0
43.8,100,99.8083285692653,99.5574891795286,0.151539415412342,-0.778993285496229,0.431670709051444,-1.43347763614715,1.71304746456119,-0,0,0,401.537074546364,0,0
43.82,100,99.8088754203367,99.5604827587278,0.147843594010529,-0.770652160128954,0.405072247873932,-1.02914731824051,5.25164115269174,-0,0,0,401.542697431478,0,0
43.84,100,99.8094207112064,99.5634042448159,0.144345512952125,-0.762634793085826,0.401701554632051,-0.237482822832366,-3.95421973624093,-0,0,0,401.548465475184,0,0
43.86,100,99.8099644463258,99.5662571787519,0.140938795356957,-0.754549215892399,0.403856051449288,-0.698671605581406,2.82546116344531,-0,0,0,401.552714377845,0,0
43.88,100,99.8105066301334,99.5690421696343,0.137586947768116,-0.74648020137193,0.405841765144079,-0.254302018374866,0.939686954745797,-0,0,0,401.557242639899,0,0
43.9,100,99.8110472670554,99.571761486329,0.134359892440598,-0.7382432228077,0.418739930695197,-0.103025067149229,-1.70359128579026,-0,0,0,401.562161188667,0,0
43.92,100,99.811586361505,99.5744168869321,0.131181459551225,-0.729741665188623,0.430059506321048,-0.302231058979047,-4.60261674999564,-0,0,0,401.566066317417,0,0
43.94,100,99.8121239178831,99.577008518886,0.127969565861778,-0.72113875933322,0.426783194695902,-0.835352100960769,-0.752950496886521,-0,0,0,401.570317267853,0,0
43.96,100,99.8126599405778,99.5795356259372,0.124750498098522,-0.71273450006408,0.413757168802507,-0.816936535629197,3.51898398858668,-0,0,0,401.575637663984,0,0
43.98,100,99.8131944339648,99.5819993447952,0.121651666765278,-0.704514041385715,0.411755054789973,-0.26948813819596,5.12530968275953,-0,0,0,401.580614623477,0,0
44,100,99.8137274024074,99.5844030138497,0.118750833024735,-0.696109898760744,0.432862901792183,0.404966284521352,-2.7621767702944,-0,0,0,401.585328871852,0,0
44.02,100,99.8142588502564,99.5867499317574,0.115934299447689,-0.687174055981371,0.458046705619146,0.00743861932695546,0.952921531049037,-0,0,0,401.589613118355,0,0
44.04,100,99.81478878185,99.5890405398126,0.113140257747671,-0.67782627434125,0.477373152797548,0.125618739076188,-2.26889866732218,-0,0,0,401.5943951555,0,0
44.06,100,99.8153172015143,99.5912757519838,0.110378178466108,-0.668108722972449,0.492361322357551,-0.173899804236766,2.54560876453627,-0,0,0,401.598522850545,0,0
44.08,100,99.8158441135629,99.5934560775747,0.107676934518965,-0.658127739312229,0.507806449710126,0.166166672388098,3.02065973215209,-0,0,0,401.603119108741,0,0
44.1,100,99.8163695222971,99.5955837481862,0.105113479509628,-0.64771251941727,0.535830563256568,0.520181187554497,0.990741834734941,-0,0,0,401.607753964374,0,0
44.12,100,99.816893432006,99.5976613115845,0.102654588669562,-0.63665020583081,0.570568563869031,0.574077984443441,5.39181036605874,-0,0,0,401.612208677748,0,0
44.14,100,99.8174158469664,99.5996908496303,0.100332740634861,-0.624811882650909,0.616853888305981,1.16937176857547,-1.35732441348149,-0,0,0,401.6174351215,0,0
44.16,100,99.8179367714428,99.6016752191547,0.0981016467219723,-0.611955042521796,0.666508609595421,0.843881082680237,-1.56278856661631,-0,0,0,401.621712107478,0,0
44.18,100,99.8184562096879,99.6036148278869,0.0958573893110621,-0.598241602749711,0.702658009560445,0.535121757809075,-4.43089208700679,-0,0,0,401.625647298715,0,0
44.2,100,99.8189741659418,99.6055091802278,0.0935633453219133,-0.583976995604687,0.719656745910431,-0.0901456003297706,-2.17877629223223,-0,0,0,401.629435679907,0,0
44.22,100,99.8194906444327,99.6073570715548,0.0912253411190336,-0.569572123930387,0.71905751842631,-0.353304572530943,-2.35589138890359,-0,0,0,401.632423158496,0,0
44.24,100,99.8200056493769,99.6091581811072,0.0888854422219921,-0.555283288814607,0.708177346996884,-0.602246641636641,2.55562168387168,-0,0,0,401.636355093989,0,0
44.26,100,99.8205191849785,99.6109130053862,0.0866222197585371,-0.541225339862124,0.700095439762781,-0.205252215826005,1.65340751275021,-0,0,0,401.641336691623,0,0
44.28,100,99.8210312554296,99.6126239451042,0.0844904340692704,-0.527202941570045,0.703520277880068,0.0252987087461534,-2.17644628385062,-0,0,0,401.645188561532,0,0
44.3,100,99.8215418649103,99.6142929546427,0.0824090468322949,-0.513096821110133,0.70522759498474,-0.251071865409595,-0.0516113461054471,-0,0,0,401.64932967466,0,0
44.32,100,99.822051017589,99.6159204902842,0.080354816604792,-0.499028058029924,0.701734498393201,-0.225371077833207,9.67196288884822,-0,0,0,401.654134381178,0,0
44.34,100,99.8225587176219,99.6175084885964,0.0785020343371137,-0.484874509165804,0.72114660787214,0.966518485634663,-1.35463957004182,-0,0,0,401.659194023216,0,0
44.36,100,99.8230649691535,99.6190616514247,0.0768122528146303,-0.47007891837131,0.756283331407742,0.666353325581699,-0.326243957597087,-0,0,0,401.662622036192,0,0
44.38,100,99.8235697763166,99.6205810359572,0.0751308858811713,-0.454685670434942,0.782015692998319,0.534584975180489,2.90514776060003,-0,0,0,401.666701087528,0,0
44.4,100,99.8240731432319,99.622067418784,0.0735288019210769,-0.438783811624656,0.809816673477736,0.821942815964948,-0.205179117780299,-0,0,0,401.670552201916,0,0
44.42,100,99.8245750740087,99.6235227004889,0.0720041070856664,-0.422283862660617,0.839095053731215,0.684291763253811,0.698241012843943,-0,0,0,401.674818802277,0,0
44.44,100,99.8250755727443,99.6249478800617,0.0705238141413822,-0.405245917367085,0.86446007602094,0.677143219614285,-1.0648855471705,-0,0,0,401.679150089911,0,0
44.46,100,99.8255746435244,99.6263438726844,0.069076716544799,-0.387743998501984,0.884100303258519,0.450158137054477,-7.52494519095106,-0,0,0,401.68270339452,0,0
44.48,100,99.8260722904231,99.6277103601467,0.0675422710531723,-0.370048915303208,0.878894794329439,-0.551724221667183,-3.65477480874475,-0,0,0,401.68570548437,0,0
44.5,100,99.8265685175028,99.6290448614599,0.0659018182020229,-0.352765659707231,0.84694189833473,-0.938666085468494,1.94951696495062,-0,0,0,401.688842229715,0,0
44.52,100,99.8270633288143,99.6303467946299,0.0643147599673988,-0.336171100141084,0.814830732738966,-0.575590935642024,1.42829494540159,-0,0,0,401.69257126917,0,0
44.54,100,99.8275567283969,99.6316182876586,0.0628532238202779,-0.320095218080508,0.794324905470745,-0.324260518761169,-5.02200288489293,-0,0,0,401.697072896496,0,0
44.56,100,99.8280487202784,99.6328609810758,0.0614012959117845,-0.304446197391743,0.766810482696186,-0.910273874536705,-1.40407274988801,-0,0,0,401.700621064661,0,0
44.58,100,99.828539308475,99.6340741664007,0.0599227899584658,-0.289502562394551,0.727211328884138,-0.967978093222078,3.40929928887359,-0,0,0,401.704127490297,0,0
44.6,100,99.8290284969916,99.6352586052286,0.058550459154963,-0.275291073524806,0.697461113701301,-0.417609434029048,-2.81946958994795,-0,0,0,401.708325768418,0,0
44.62,100,99.8295162898214,99.6364166632502,0.0572509133434353,-0.2615760397294,0.672126647552124,-0.715322526998279,-1.71162008008101,-0,0,0,401.71252514955,0,0
44.64,100,99.8300026909466,99.6375486004773,0.0559449627094024,-0.248458581412617,0.638866530771995,-0.835948450470552,-2.25528760652259,-0,0,0,401.716313365972,0,0
44.66,100,99.8304877043377,99.6386544966586,0.0546442999085321,-0.236057998407736,0.60012688293099,-1.00888134396666,1.20229691145053,-0,0,0,401.719395014693,0,0
44.68,100,99.830971333954,99.6397347217249,0.0533955176229483,-0.224435727910802,0.563946401236966,-0.726496584071248,4.60456020980062,-0,0,0,401.72367986102,0,0
44.7,100,99.8314535837435,99.6407913241709,0.0522972871718489,-0.213375784906636,0.546313009723902,-0.0574922459974681,-6.80672628876624,-0,0,0,401.728189796501,0,0
44.72,100,99.831934457643,99.6418266797925,0.0512108318154966,-0.202612942015933,0.524587450168865,-0.898350572447831,4.64300076704717,-0,0,0,401.732064270229,0,0
44.74,100,99.8324139595779,99.6428399068606,0.0501449634316678,-0.192403189894614,0.500853310637932,-0.201981671470756,7.06133351918308,-0,0,0,401.736137238198,0,0
44.76,100,99.8328920934626,99.6438339787733,0.0493039246637542,-0.182373834694088,0.507799210645746,0.70515486696095,-5.18511789511306,-0,0,0,401.74168766019,0,0
44.78,100,99.8333688632001,99.6448123905917,0.0485137966543729,-0.172081459905616,0.516599889627786,-0.0356581357977933,1.75398959520627,-0,0,0,401.744933320657,0,0
44.8,100,99.8338442726826,99.6457743731374,0.0476989269060345,-0.161774986634105,0.515404570267208,0.186540671332144,-1.87060221575837,-0,0,0,401.748962911466,0,0
44.82,100,99.8343183257909,99.6467205322825,0.0469123032891639,-0.151474891560613,0.512882163472263,-0.073125600329498,2.37793724139475,-0,0,0,401.752103980029,0,0
44.84,100,99.8347910263948,99.6476511360698,0.0461656560091633,-0.141253715289151,0.511124289963415,0.231819222343221,-1.97706628561211,-0,0,0,401.756222348715,0,0
44.86,100,99.835262378353,99.6485673850381,0.0454536658407372,-0.131031849122145,0.50921701192626,-0.0467100718604408,-4.28842756565081,-0,0,0,401.759663243987,0,0
44.88,100,99.8357323855135,99.6494688482474,0.0446768298909196,-0.120991330368981,0.491439041771946,-0.575595729599145,2.37221667503901,-0,0,0,401.763365291141,0,0
44.9,100,99.8362010517129,99.6503545535344,0.0439132356322147,-0.111390353505397,0.47103591144626,-0.204282315693676,1.36863450478508,-0,0,0,401.767651965601,0,0
44.92,100,99.8366683807772,99.6512260167194,0.0432456956399474,-0.102078441470824,0.461385202100787,-0.00713827021005762,3.73628331923727,-0,-0,0,401.771843253742,0,0
44.94,100,99.8371343765212,99.6520851061587,0.0426865239950073,-0.0928507634308518,0.464284496965187,0.457409252204633,-0.0719874888077854,-0,0,0,401.775166431514,0,0
44.96,100,99.837599042749,99.6529339744259,0.0422025265586039,-0.0834624825837585,0.474001653829038,0.387562763435569,-2.75517739914798,-0,0,0,401.779480022869,0,0
44.98,100,99.8380623832538,99.6537730279648,0.0416920132086409,-0.0739551734159204,0.474129937637023,-0.00840392855046395,1.98438901559002,-0,0,0,401.782838772651,0,0
45,100,99.8385244018179,99.6546017437893,0.0411940645800068,-0.0645157486757666,0.471334771956722,0.238037544360253,0.238177040516784,0,0,0,401.786158867217,0,0
45.02,100,99.8389851022131,99.655421166898,0.0407528872503453,-0.0550742923724862,0.472725337549988,0.235440240041692,-4.87617461714087,0,0,0,401.790239120454,0,0
45.04,100,99.8394444882,99.6562315202379,0.040261598479816,-0.0456941639479076,0.461161860263167,-0.404937285558637,6.15564305159422,0,-0,0,401.793209937796,0,0
45.06,100,99.8399025635287,99.6570319843367,0.0398216246469696,-0.0365991443991381,0.453546209894512,0.414345628087285,-4.79904982185002,0,0,0,401.797252097695,0,0
45.08,100,99.8403593319388,99.6578246558314,0.0394239726547663,-0.0275399403267469,0.448140834455758,-0.240090841516055,4.03294601762353,0,0,0,401.800206598907,0,0
45.1,100,99.8408147971588,99.6586090461344,0.0390403883331439,-0.0186849530082369,0.440738753679296,0.29392697542012,-0.431611642042856,0,0,0,401.804815226228,0,0
45.12,100,99.8412689629069,99.6593867741708,0.0387329460317968,-0.00985889852411569,0.441204858275073,0.200235507143967,-7.1070548838153,0,0,0,401.808579188443,0,0
45.14,100,99.8417218328905,99.6601577092035,0.0383282467416566,-0.00117113206115036,0.421722969787462,-0.714019799902127,-6.34400631139424,0,0,0,401.810806385357,0,0
45.16,100,99.8421734108066,99.6609187733077,0.0377537330679096,0.00680653411780167,0.371690150821848,-1.41069099714936,-0.167333782407244,0,0,0,401.813810243705,0,0
45.18,100,99.8426237003415,99.6616675717859,0.0371352122543654,0.013637546604321,0.312616669826992,-1.24459156556765,4.43256778459885,0,0,0,401.817557409965,0,0
45.2,100,99.8430727051711,99.6624049910637,0.0366374152746887,0.0194319246747719,0.271504619659635,-0.527247836549948,1.59957452218957,0,0,0,401.821455085255,0,0
45.22,100,99.8435204289606,99.663133931141,0.0362695398390615,0.0246247044056315,0.249532449643029,-0.25786785494556,0.0994992801909622,0,0,0,401.824994590073,0,0
45.24,100,99.843966875365,99.6638561073705,0.0359521271502949,0.0294537740142079,0.233691861779556,-0.211062873448005,-5.24013713351652,0,0,0,401.828316528846,0,0
45.26,100,99.8444120480287,99.6645716241675,0.0355767117965233,0.0338965523174612,0.206647550411677,-0.835185333070396,2.15425094720774,0,0,0,401.831457580068,0,0
45.28,100,99.8448559505859,99.6652790743249,0.0351848992777009,0.0376958733288088,0.175793666006605,-0.454555692227957,0.966274477733222,0,0,0,401.835533430706,0,0
45.3,100,99.8452985866601,99.6659795207554,0.0348683869145776,0.0410018069361776,0.156002845918457,-0.272980066406816,0.78357383500197,0,0,0,401.838915427489,0,0
45.32,100,99.8457399598648,99.6666741163469,0.0345979123779931,0.0439776766176776,0.142472904738743,-0.137729701950586,3.01996394968156,0,0,0,401.842545551692,0,0
45.34,100,99.8461800738031,99.6673639204586,0.0343995985530218,0.0467704128368685,0.139325282465095,0.258092340021522,-2.18682857770536,0,0,0,401.846211425129,0,0
45.36,100,99.8466189320676,99.6680502128121,0.0342189874117829,0.0495584763955531,0.137514175558584,-0.0471458875391095,3.19887321066468,0,0,0,401.849543794602,0,0
45.38,100,99.8470565382408,99.6687328337039,0.034060594622989,0.0522867037491,0.137887620153361,0.358894067634719,-1.7656373666709,0,0,0,401.853169193116,0,0
45.4,100,99.8474928958952,99.6694127893351,0.0339259087802163,0.0550877387079255,0.140486542685599,0.0930157610583526,-2.96894800448238,0,0,0,401.856739033618,0,0
45.42,100,99.8479280085928,99.6700894097327,0.0337223082084801,0.0578223831750283,0.130552406643336,-0.287987836493417,-4.84285695637742,0,0,0,401.85985216967,0,0
45.44,100,99.8483618798856,99.6707609716326,0.033412436497923,0.0601895289501587,0.102628789001711,-0.851486712253445,7.58947369889276,0,-0,0,401.863011965007,0,0
45.46,100,99.8487945133153,99.6714263715,0.0331702963216013,0.0620014883125039,0.0853990180714948,0.209215386035514,1.34815698749496,0,0,0,401.867419153077,0,0
45.48,100,99.8492259124136,99.6720887503688,0.0330742364515199,0.0637556371439663,0.0908948927559146,0.351171467659895,-4.74566241149015,0,0,0,401.870918301018,0,0
45.5,100,99.8496560807022,99.6727489696569,0.0329233818806208,0.0655695203787801,0.0864171381006322,-0.286034937889327,3.8066272287669,0,0,0,401.873111793386,0,0
45.52,100,99.8500850216927,99.6734056492595,0.0327657516659715,0.0672022767718136,0.0801613471151349,0.228618729588486,-4.36260198659932,0,0,0,401.877315511116,0,0
45.54,100,99.8505127388867,99.6740595598723,0.0326033982736332,0.0687638680119229,0.0723485482925117,-0.343784876419881,2.43849983512628,0,0,0,401.88006253614,0,0
45.56,100,99.8509392357756,99.6747096582286,0.032420918034013,0.0700731409641618,0.0608535841719434,0.0072567065441762,1.71472002925335,0,-0,0,401.883438707628,0,0
45.58,100,99.8513645158411,99.6753568660926,0.0323089975825991,0.0712702744902747,0.0602207249022755,0.220815350578301,0.557441326962852,0,0,0,401.886156229172,0,0
45.6,100,99.8517885825549,99.6760022449738,0.0322313356678914,0.0725133679592953,0.0643411921902118,0.263686929505407,-3.55178190128322,0,0,0,401.890128110852,0,0
45.62,100,99.8522114393788,99.6766457926762,0.0321052371751154,0.0737856345693813,0.0598450534148957,-0.2122412839539,0.337403650235973,0,0,0,401.892922691213,0,0
45.64,100,99.8526330897646,99.6772861696882,0.0319358009735761,0.0748587918257709,0.0479673413298335,-0.139431269495095,-1.35527509844299,0,0,0,401.896766132186,0,0
45.66,100,99.8530535371544,99.6779231759616,0.0317592969958837,0.0756950028635851,0.0347420074464614,-0.287618013534389,-1.35662073362266,0,0,0,401.900048551948,0,0
45.68,100,99.8534727849804,99.6785563324898,0.0315514122360844,0.0762149437894344,0.01648550770723,-0.415983272054653,2.88866484094729,0,0,0,401.903463755733,0,0
45.7,100,99.8538908366651,99.6791854788183,0.0313798304128068,0.0763960628200493,0.00433762877066757,0.00170398046819826,4.75049148977702,0,0,0,401.907193485705,0,0
45.72,100,99.8543076956211,99.6798123394783,0.0313301029205983,0.0765194591863336,0.0117869186825676,0.596919709522993,-0.200157023605795,0,0,0,401.911753159366,0,0
45.74,100,99.8547233652514,99.6804390752078,0.0313400163737278,0.076926021605379,0.0281686120597535,0.496095199225811,2.03384394664084,0,0,0,401.915765091721,0,0
45.76,100,99.8551378489492,99.6810660422779,0.0313648811817334,0.0776567220081304,0.0460528745695245,0.68572827251307,2.41835170294774,0,-0,0,401.919169687186,0,0
45.78,100,99.8555511500979,99.6816940215895,0.0314423663436455,0.0788167091684338,0.0712104456973081,0.897137412465242,-1.07972987261276,0,0,0,401.922042831244,0,0
45.8,100,99.8559632720716,99.6823237349336,0.0315201001261848,0.0804940749125503,0.0948222455599725,0.644557868655418,4.52202493856712,0,-0,0,401.924718459161,0,0
45.82,100,99.8563742182345,99.6829550717964,0.0316339090653639,0.0826383080460129,0.122563296601531,1.12359715891204,-1.17365087103384,0,0,0,401.928196443766,0,0
45.84,100,99.8567839919412,99.6835892796061,0.0317768841503882,0.0854121725712234,0.152826876734815,0.829911328922482,0.875134248289154,0,0,0,401.931741141842,0,0
45.86,100,99.8571925965368,99.6842259895082,0.0318958685553745,0.0887107999924522,0.176936831640749,0.830145441837999,-3.52806483026453,0,0,0,401.935458674076,0,0
45.88,100,99.857600035357,99.6848647371039,0.0319589123661744,0.092413258002535,0.189728013112223,0.281141572375141,2.17467647016515,0,0,0,401.938517491105,0,0
45.9,100,99.8580063117276,99.6855041843109,0.0319967836532643,0.0962609757477864,0.196492690640379,0.515136024186359,0.314401385815434,0,0,0,401.941906365302,0,0
45.92,100,99.8584114289653,99.6861448350549,0.0320689456589893,0.100295753245019,0.206735973423371,0.485779981748466,0.0327707175726864,0,0,0,401.944819626514,0,0
45.94,100,99.8588153903772,99.6867869436912,0.032141400454981,0.104516416777209,0.21489236444216,0.426098437612228,5.91563561206452,0,0,0,401.948435986555,0,0
45.96,100,99.8592181992608,99.6874310793033,0.0323012266983649,0.108971731836455,0.234907896393028,1.10802081230853,1.1374141764336,0,0,0,401.953203786852,0,0
45.98,100,99.8596198589045,99.6880796036016,0.0325534715686181,0.113991640738255,0.266917048982699,1.10370781394333,-4.20642003860998,0,0,0,401.957434686373,0,0
46,100,99.860020372587,99.6887327656797,0.0327386045901815,0.119553862243619,0.284909351895021,0.432074315114148,3.08042653799659,0,0,0,401.959893929766,0,0
46.02,100,99.860419743578,99.6893889950393,0.0328996948541248,0.125344965823667,0.2962148792105,0.758818330917136,3.46602795469608,0,0,0,401.964149024471,0,0
46.04,100,99.8608179751375,99.6900493770723,0.0331543032381849,0.131482895666256,0.319576554221998,1.08956904750073,4.26420928000684,0,-0,0,401.968073981034,0,0
46.06,100,99.8612150705164,99.6907158515478,0.0335114879830524,0.138214493903953,0.355886393053074,1.47505590975152,-5.24413445948806,0,0,0,401.971692652968,0,0
46.08,100,99.8616110329564,99.6913895649633,0.0338294072390159,0.145646692784824,0.381756747308352,0.624977852371388,-0.210212367680427,0,0,0,401.974944884387,0,0
46.1,100,99.8620058656897,99.6920684092128,0.0340536850091411,0.153360817067624,0.388871503000747,0.514604584145277,5.07027049781099,0,0,0,401.978627393694,0,0
46.12,100,99.8623995719395,99.69275221019,0.0343518477139801,0.161259010802406,0.404439125491306,1.07666419700601,3.75284881594162,0,-0,0,401.982795119647,0,0
46.14,100,99.8627921549198,99.6934433130669,0.034774766203328,0.169645317617721,0.436094310739966,1.39913095973131,2.36776463430715,0,0,0,401.986394950453,0,0
46.16,100,99.8631836178353,99.6941436849985,0.0352705720141747,0.178749730314212,0.474842836433793,1.50615392656117,4.70834348437827,0,0,0,401.990103988308,0,0
46.18,100,99.8635739638816,99.694854695659,0.0358500151017015,0.188695049102077,0.521925560720629,1.89024650426347,-2.68329094829278,0,0,0,401.994115107642,0,0
46.2,100,99.8639631962452,99.6955776784201,0.0364295240663421,0.19958706444098,0.56329481136896,1.30107355189733,-1.10141982890453,0,0,0,401.996870702606,0,0
46.22,100,99.8643513181035,99.6963113505803,0.0369298659343739,0.211104965993459,0.586338265576134,0.988461321394282,3.68308274960442,0,0,0,402.001046709159,0,0
46.24,100,99.8647383326249,99.6970550815003,0.0374607380628648,0.22303885315905,0.608970491849215,1.31311613192214,2.4632000540861,0,0,0,402.005637516711,0,0
46.26,100,99.8651242429687,99.6978103263055,0.0380737674935624,0.235514059744219,0.639187922856549,1.44182700608317,-6.7511584287869,0,0,0,402.009726298126,0,0
46.28,100,99.8655090522851,99.6985774799678,0.0386053384733192,0.24847778739629,0.650412150051946,0.403750874656421,-6.38764585212758,0,0,0,402.012038207161,0,0
46.3,100,99.8658927637156,99.6993532258227,0.0389396530966716,0.261285764759621,0.624906186395415,-0.450801011552711,-2.95787134197871,0,0,0,402.014830660695,0,0
46.32,100,99.8662753803922,99.7001343093428,0.0391598499990441,0.273327836008249,0.577356966838009,-0.764864234267874,-5.53087632021073,0,0,0,402.017604286632,0,0
46.34,100,99.8666569054387,99.700919024037,0.0392910472658879,0.284266273653185,0.512824653379234,-1.35706566339875,-9.37301168134392,0,0,0,402.020404511206,0,0
46.36,100,99.8670373419693,99.7017047803552,0.0392471106309925,0.293642894904168,0.418719032235198,-2.34957173569909,-3.21696039530162,0,0,0,402.022269541598,0,0
46.38,100,99.8674166930897,99.7024881198057,0.0390838749716969,0.300891095509901,0.305822735580591,-2.44133675091653,-0.188957166786416,0,0,0,402.025511946084,0,0
46.4,100,99.8677949618967,99.7032683183356,0.0389476402476805,0.305916565048126,0.198942359093691,-2.14248199029295,-0.814607898014931,0,0,0,402.02911650714,0,0
46.42,100,99.8681721514781,99.7040463831293,0.0388652020885089,0.308921769333864,0.103028724492524,-1.96025959433086,-0.870969916807086,0,0,0,402.03265641588,0,0
46.44,100,99.8685482649131,99.7048231430352,0.0388152763209323,0.310091519491554,0.0151838618506361,-1.80932960656854,2.47994218476272,0,0,0,402.035465071786,0,0
46.46,100,99.868923305272,99.7055994901727,0.0388393146333151,0.309631143073828,-0.0574594401380706,-1.25810244012464,3.57893656787928,0,0,0,402.040048185462,0,0
46.48,100,99.8692972756164,99.7063775597952,0.0389898679175689,0.307951128324433,-0.106440860847311,-0.643410982702355,-6.59427973451617,0,0,0,402.044017780272,0,0
46.5,100,99.8696701789989,99.7071588660068,0.039109139195241,0.305358534529762,-0.157349051819618,-1.37934721432876,-0.665926616402013,0,0,0,402.045593146852,0,0
46.52,100,99.8700420184639,99.7079413312941,0.0391383560860987,0.301587901781217,-0.218838125855505,-1.2771313193654,0.00751088157304363,0,-0,0,402.048673242559,0,0
46.54,100,99.8704127970467,99.7087244893909,0.0391808442174537,0.296649297198043,-0.273709222323395,-1.10463356280888,-0.931197365474046,0,0,0,402.0513253175,0,0
46.56,100,99.870782517774,99.7095085813119,0.0392259525200375,0.290673556665742,-0.323444695167383,-1.07019743775905,6.74848273772196,0,0,0,402.054801271424,0,0
46.58,100,99.871151183664,99.7102942079598,0.0393719838806282,0.283853937384032,-0.352063189679941,-0.0834097361212419,2.8406903612156,0,0,0,402.058677976767,0,0
46.6,100,99.8715187977262,99.7110843743731,0.0396557797466028,0.276765932396262,-0.354315430274383,0.286314687976386,-0.438573209215263,0,0,0,402.062586057829,0,0
46.62,100,99.8718853629616,99.7118805137407,0.0399512880595884,0.269717153827087,-0.35108789174114,0.198323017656475,0.591410841641679,0,0,0,402.06611543562,0,0
46.64,100,99.8722508823625,99.7126822660996,0.0402226406596988,0.262719980035297,-0.348263063132577,0.249495739814393,-4.96029639895478,0,0,0,402.069119755611,0,0
46.66,100,99.8726153589127,99.7134887953742,0.0404012232614006,0.255709130326021,-0.356887712566509,-0.397571817334269,-3.79196788192108,0,0,0,402.071796789915,0,0
46.68,100,99.8729787955876,99.7142973332728,0.0404322695532833,0.248313643136401,-0.38518246872449,-0.813662302887123,3.13032660720379,0,0,0,402.07412342921,0,0
46.7,100,99.873341195354,99.7151060195897,0.040452253631207,0.2403229116698,-0.410539031076767,-0.311337162866105,3.45140847415903,0,0,0,402.077371920456,0,0
46.72,100,99.8737025611703,99.7159160417243,0.0405650062538127,0.232021794127155,-0.416445415722915,0.16534563718014,4.1685994189115,0,0,0,402.081208492497,0,0
46.74,100,99.8740628959864,99.7167292498285,0.040772196568004,0.223792708836822,-0.403231752282548,0.667920139769146,4.38108814301022,0,0,0,402.084911764781,0,0
46.76,100,99.8744222027438,99.717547562037,0.0410742722905212,0.216015432862569,-0.371586711041645,1.12985729257127,2.20640679796117,0,0,0,402.088421206049,0,0
46.78,100,99.8747804843756,99.7183725694434,0.0414290210720811,0.209000762322094,-0.329142614280549,1.25875934852457,2.60711131355902,0,0,0,402.091380500602,0,0
46.8,100,99.8751377438066,99.7192048612127,0.0418044878172417,0.20288322732307,-0.281682261811403,1.42099679365674,-1.63650382433193,0,0,0,402.09504690345,0,0
46.82,100,99.8754939839531,99.720044479961,0.0421402401421767,0.197697578455058,-0.239471146048037,1.03209423795537,0.702704694170626,0,0,0,402.098001577532,0,0
46.84,100,99.8758492077234,99.7208900684024,0.0424152311336455,0.193246703467641,-0.205987991813399,0.98598040926206,3.47863776014317,0,0,0,402.101242596097,0,0
46.86,100,99.8762034180171,99.7217412481509,0.0427136341466113,0.189489541030999,-0.167871549971512,1.29108041194632,2.3842736530188,0,0,0,402.104403301233,0,0
46.88,100,99.8765566177258,99.7225989145781,0.0430573699118532,0.186582099812991,-0.122176225964057,1.41963033109387,-3.23226622531447,0,0,0,402.107956440401,0,0
46.9,100,99.8769088097327,99.7234631370286,0.0433410534672723,0.184535398120157,-0.0863665842387647,0.830303460914558,-1.16666558671941,0,0,0,402.110558467915,0,0
46.92,100,99.8772599969128,99.7243318770267,0.0435224038828327,0.183017812293116,-0.0670691171751878,0.576307354297243,1.31883956756406,0,0,0,402.113401862729,0,0
46.94,100,99.8776101821331,99.7252038934404,0.043682405543159,0.18183129337051,-0.05105050305844,0.666238938987272,-3.82108110081436,0,0,0,402.116998715245,0,0
46.96,100,99.8779593682522,99.7260787672297,0.0437822534537983,0.180910773592607,-0.044624495493547,0.102406265084908,-6.42753574495858,0,0,0,402.119185936005,0,0
46.98,100,99.8783075581205,99.7269540628068,0.0437143043794296,0.179869544636592,-0.0646350232746675,-0.711284741579505,0.508607806052229,0,0,0,402.121191370243,0,0
47,100,99.8786547545804,99.7278268045092,0.0435650038205757,0.178249790940483,-0.0962075002339449,-0.551859074360663,0.789795005500508,0,0,0,402.124336691788,0,0
47.02,100,99.8790009604663,99.7286968778046,0.0434479144719896,0.176068210421934,-0.12074316295636,-0.377872255270794,6.96099927135157,0,0,0,402.127782339697,0,0
47.04,100,99.8793461786042,99.7295655567367,0.0434552887055025,0.173566461275682,-0.123512907346714,0.542787482189617,0.656752958339131,0,0,0,402.132264005233,0,0
47.06,100,99.8796904118123,99.730435768374,0.0435655547471009,0.171242962644474,-0.108787706449774,0.555338021868236,3.68691331579764,0,0,0,402.135837889135,0,0
47.08,100,99.8800336629006,99.7313084773052,0.0437201149060514,0.169266355912758,-0.0864497751056107,0.942960985049529,-2.70525220872178,0,0,0,402.139205599895,0,0
47.1,100,99.8803759346712,99.7321844761646,0.0438611473476799,0.167769272934264,-0.0662609442420629,0.48234052358159,-1.96445068764968,0,0,0,402.141874389821,0,0
47.12,100,99.8807172299182,99.7330623011924,0.0439087125276952,0.166516896146262,-0.0609515205929983,0.175090480692051,-1.57798082970856,0,0,0,402.14468747628,0,0
47.14,100,99.8810575514277,99.7339403887258,0.0438907896492767,0.165264531963244,-0.0656588074208025,-0.0433014312791108,-1.17829964797369,0,0,0,402.147503752065,0,0
47.16,100,99.8813969019777,99.7348176238016,0.0438264273443799,0.163846401542382,-0.0770030396556751,-0.183170198149762,-3.9145700407787,0,0,0,402.150117020142,0,0
47.18,100,99.8817352843384,99.7356929261718,0.0436845165575043,0.16210832056564,-0.0996741265224511,-0.644693588789612,0.392766857229125,0,0,0,402.15289608476,0,0
47.2,100,99.8820727012723,99.7365647143697,0.0434983826290715,0.159824458770971,-0.127734869401446,-0.508604840421159,-3.09374701914841,0,0,0,402.155655944007,0,0
47.22,100,99.8824091555337,99.737432651125,0.0432812367673264,0.156978232411289,-0.158788421615801,-0.824252745508333,-1.94914775544478,0,0,0,402.158410756631,0,0
47.24,100,99.8827446498692,99.7382955446181,0.0430009905900475,0.153421952509,-0.19752884386588,-0.95527910971334,-1.60911474073425,0,0,0,402.161104093213,0,0
47.26,100,99.8830791870175,99.7391524476405,0.0426841925714991,0.149057742685292,-0.23918629095835,-1.02694919615563,5.12725552535588,0,0,0,402.163228397636,0,0
47.28,100,99.8834127697095,99.7400033991341,0.0424394381649061,0.14395504275879,-0.265973621105819,-0.247594945167699,1.08617866852113,0,0,0,402.167269739293,0,0
47.3,100,99.8837454006684,99.7408506726498,0.042292470862936,0.138541678749141,-0.27420138878124,-0.0762637469438789,0.0975596347734095,0,0,0,402.1699434059,0,0
47.32,100,99.8840770826096,99.7416951627273,0.0421554030473613,0.133013997384596,-0.278343003922411,-0.0494817306502706,3.30157083538073,0,0,0,402.17344765933,0,0
47.34,100,99.8844078182405,99.742537168929,0.0420598749361085,0.127469040806146,-0.273426121798826,0.372836060881656,-4.88138446529009,0,0,0,402.177113157313,0,0
47.36,100,99.8847376102611,99.7433772674038,0.0419220487681707,0.122043373308809,-0.273286691394553,-0.280887822396079,4.87788720002352,0,0,0,402.179712076127,0,0
47.38,100,99.8850664613637,99.7442139959092,0.0417744337846531,0.116544755455854,-0.272386709343428,0.367828304423411,5.50665990072124,0,0,0,402.182969277992,0,0
47.4,100,99.8853943742326,99.7450491935974,0.0417691378628227,0.111313183020824,-0.246709480151237,1.00936420055723,1.18314294309287,0,0,0,402.186714750275,0,0
47.42,100,99.8857213515448,99.7458852139116,0.0418324160164264,0.106755194013383,-0.209070331796395,1.02609760391691,10.427539085401,0,0,0,402.189528741593,0,0
47.44,100,99.8860473959694,99.7467234026341,0.0420321987752258,0.103099449686598,-0.14919897043667,2.18581085174444,0.2010780684706,0,0,0,402.194297391684,0,0
47.46,100,99.886372510168,99.7475671841322,0.0423358823172276,0.100888861363028,-0.0737673947457237,1.92303273532613,3.13629939331182,0,-0,0,402.196994598826,0,0
47.48,100,99.8866966967947,99.7484167718804,0.0426291845175704,0.100125497269204,-0.00191728788422732,2.05989526916136,-1.38860197877403,0,0,0,402.199797055293,0,0
47.5,100,99.8870199584958,99.7492721376202,0.0428910979481372,0.100761016418336,0.0624081790006167,1.61446255104553,1.65888639271405,0,0,0,402.202439126445,0,0
47.52,100,99.8873422979102,99.750132127948,0.0431093316763856,0.102557892369898,0.117047480457012,1.60747292974366,-8.99375610812654,0,0,0,402.205541461251,0,0
47.54,100,99.8876637176693,99.7509956227102,0.0431943532119623,0.105280726713602,0.147439311279928,0.407472929743656,-1.17954446395128,0,0,0,402.207291959032,0,0
47.56,100,99.8879842203969,99.7518588514691,0.0431220088960764,0.108273090322129,0.15047868808049,0.206215438609826,3.62862478773595,0,0,0,402.210115372657,0,0
47.58,100,99.8883038087093,99.7527207539503,0.043086564863553,0.111330012787525,0.157886403093999,0.630803547128256,-6.38674349119055,0,0,0,402.213460367483,0,0
47.6,100,99.8886224852155,99.7535819818661,0.0430028275990738,0.114522637067949,0.155728344371223,-0.249235015853205,-1.99319649847561,0,0,0,402.215643095708,0,0
47.62,100,99.8889402525169,99.7544400638722,0.0427978492168285,0.117422518587475,0.132929956005001,-0.465329397510254,-2.82265547964481,0,0,0,402.217998818278,0,0
47.64,100,99.8892571132074,99.7552935266384,0.042537584377321,0.119777266955717,0.100769773184506,-0.75628433898564,-1.3527226992913,0,0,0,402.219967203,0,0
47.66,100,99.8895730698738,99.7561413068761,0.0422380239153908,0.121412248982317,0.0624029183904934,-0.824639068346938,4.54172485342803,0,-0,0,402.222449235892,0,0
47.68,100,99.8898881250953,99.7569835548365,0.0420136628332794,0.122358603491657,0.0366298956954365,-0.149557562421404,0.691317258943968,0,0,0,402.225168100359,0,0
47.7,100,99.8902022814436,99.7578224669215,0.0418820096857122,0.12297709358183,0.0259340606976934,-0.0425865208031704,7.02443010947126,0,0,0,402.228269228556,0,0
47.72,100,99.8905155414835,99.7586596503095,0.0418716993370301,0.123526545406507,0.0346260742657168,0.839596006953807,1.74573667591446,0,0,0,402.232140567588,0,0
47.74,100,99.890827907772,99.7594981261828,0.0419809679524716,0.124482784498809,0.061588593018085,0.946397833005979,-7.59739940927831,0,0,0,402.235178309317,0,0
47.76,100,99.8911393828593,99.7603381289817,0.0419776113691331,0.125858017346863,0.0690354524590926,-0.126363260769146,-1.03520344651794,0,0,0,402.236598861294,0,0
47.78,100,99.8914499692878,99.7611763378085,0.0418392394152308,0.127096915844071,0.054176222559062,-0.238461222067344,0.329825703546761,0,0,0,402.239140278005,0,0
47.8,100,99.891759669593,99.7620116855832,0.0416987187258315,0.128022627763161,0.0389088660866127,-0.16484183848294,-0.405288031196834,0,0,0,402.24226133696,0,0
47.82,100,99.892068486303,99.7628443288713,0.0415646520989002,0.128660326938533,0.0247215215620227,-0.19310377671715,1.86716568652196,0,0,0,402.244825665405,0,0
47.84,100,99.8923764219389,99.763674467121,0.0414595943092483,0.129043930079107,0.0153326637732508,0.0672501540238445,-2.461697571483,0,0,0,402.248769895399,0,0
47.86,100,99.8926834790144,99.7645026592551,0.0413471609398705,0.12926511668697,0.0047983762261731,-0.248394319787763,1.56025400656705,0,0,0,402.250713987656,0,0
47.88,100,99.892989660036,99.7653282957082,0.0412254300204531,0.129228640471065,-0.00694720949534192,-0.0201994887381033,2.14740600269853,0,0,0,402.253556257887,0,0
47.9,100,99.8932949675033,99.766152070928,0.0411628153191899,0.129052423952479,-0.00893004716679378,0.251109851440045,-1.36129645059387,0,0,0,402.256555776843,0,0
47.92,100,99.8935994039085,99.7669748513514,0.041107185543553,0.128878216367786,-0.00978680616976327,0.0479095840986564,2.76275386546272,0,0,0,402.258239180691,0,0
47.94,100,99.8939029717368,99.7677964785658,0.0410689784504024,0.128680872661489,-0.00778317148488537,0.3868108195887,-0.418624196435056,0,0,0,402.261246019486,0,0
47.96,100,99.8942056734662,99.7686177902119,0.0410582328135482,0.128594556605091,-0.00152771151233542,0.283657333410705,1.26186593048175,0,0,0,402.263471902307,0,0
47.98,100,99.894507511568,99.769438832449,0.0410509122603312,0.128622167098006,0.00503480209077701,0.403470590764884,-1.3408271726083,0,0,0,402.265818643297,0,0
48,100,99.894808488506,99.7702597468622,0.0410320315081059,0.128780719247174,0.00939894048314151,0.183697070453801,-2.10610730590078,0,0,0,402.268410526544,0,0
48.02,100,99.8951086067372,99.7710797171167,0.0409537528648039,0.12893297552077,0.00401420234572941,-0.102051119007958,-0.616220729587364,0,0,0,402.271103271828,0,0
48.04,100,99.8954078687116,99.7718976256803,0.0408344967333181,0.128898746662407,-0.00780535279412843,-0.165624511885012,1.84920170679864,0,0,0,402.272867986542,0,0
48.06,100,99.895706276872,99.7727132496691,0.0407377881600538,0.128647841637149,-0.0156388159160533,0.087339474534659,-1.70316113208213,0,0,0,402.275450144548,0,0
48.08,100,99.8960038336546,99.7735271431716,0.0406425106770161,0.128275709060197,-0.0229842911304758,-0.137112159523661,-1.09907574929468,0,0,0,402.276740825004,0,0
48.1,100,99.8963005414882,99.774338670581,0.0405052117656006,0.127686448810215,-0.0366502924523693,-0.255372517763662,1.89729751470134,0,0,0,402.278855321024,0,0
48.12,100,99.8965964027951,99.7751474669568,0.0403847538794659,0.126832917827689,-0.0469290412678842,0.0156078327034969,0.250544168811983,0,0,0,402.281298208424,0,0
48.14,100,99.8968914199905,99.7759542783576,0.0402972349417787,0.12584800231107,-0.0513439035869347,0.0464298700188094,0.747047768171899,0,0,0,402.284239175104,0,0
48.16,100,99.8971855954825,99.776759437565,0.0402218222413026,0.124795464122398,-0.0533300064256079,0.134835827458596,-2.64087079871094,0,0,0,402.28705195581,0,0
48.18,100,99.8974789316728,99.777562920996,0.0401123712743445,0.123680595190291,-0.0603415560478111,-0.211296708278594,-2.1115488420498,0,0,0,402.28902254927,0,0
48.2,100,99.8977714309557,99.7783634527867,0.0399308579935835,0.122309888672426,-0.0781592783081777,-0.445240424414129,-3.29109458104831,0,0,0,402.291188284298,0,0
48.22,100,99.8980630957192,99.7791596563458,0.0396746402865916,0.120482253872011,-0.106738569247352,-0.795105127562517,1.888532083029,0,-0,0,402.293089372194,0,0
48.24,100,99.8983539283441,99.7799504034367,0.0394123542284036,0.118046919068561,-0.134501775388274,-0.453504634284394,-3.93630819977651,0,0,0,402.295004419259,0,0
48.26,100,99.8986439312046,99.7807360097531,0.0391298821568753,0.115091762335061,-0.16363884811685,-0.881526490682792,0.939453487161227,0,0,0,402.297240661037,0,0
48.28,100,99.8989331066681,99.7815153988585,0.0388166446757749,0.111484885279908,-0.195408515376068,-0.645194813542112,1.92253043358183,0,0,0,402.299724381431,0,0
48.3,100,99.8992214570951,99.7822890538076,0.038560015343462,0.107352658082154,-0.215626048846534,-0.318087254539073,-1.88410218865999,0,0,0,402.301805335925,0,0
48.32,100,99.8995089848396,99.7830578230154,0.0383075324233529,0.102878603009179,-0.232906203101832,-0.507784398586672,6.48176380574002,0,0,0,402.30402901637,0,0
48.34,100,99.8997956922488,99.7838218527614,0.0381284314221881,0.0981325250587424,-0.236036837098281,0.370395128865913,-10.3091756518447,0,0,0,402.307142387167,0,0
48.36,100,99.900081581663,99.784582618059,0.0378987671327433,0.0933933938216696,-0.245490987730701,-0.829604871134087,-5.8735308761929,0,0,0,402.308789291844,0,0
48.38,100,99.9003666554161,99.7853362570894,0.0374381302379816,0.0880818981069316,-0.289443231545653,-1.44889213541212,-2.68254765011765,0,0,0,402.310009315694,0,0
48.4,100,99.9006509158352,99.7860794429879,0.0368718942066638,0.081728930022537,-0.346514820470189,-1.58790988157954,3.31603730846462,0,0,0,402.311514556785,0,0
48.42,100,99.9009343652408,99.7868114100842,0.0363463320609331,0.0742963258471984,-0.392527688862364,-0.960269212039749,4.66476545694281,0,0,0,402.313723162151,0,0
48.44,100,99.9012170059469,99.7875342296096,0.0359606530399064,0.066206697615108,-0.411749000594681,-0.246767560014137,-4.2332052477924,0,0,0,402.316528769987,0,0
48.46,100,99.9014988402606,99.7882498564912,0.0355793982527287,0.0578538199868481,-0.426570804410522,-0.737257866744703,4.48451603896986,0,0,0,402.317860852584,0,0
48.48,100,99.9017798704826,99.7889574382943,0.0352016988373816,0.0491754307011615,-0.436939572206263,-0.0758733824602014,3.6750512944427,0,0,0,402.320272030562,0,0
48.5,100,99.9020600989071,99.7896586946811,0.0349397233194576,0.0405232592882132,-0.425227656423487,0.39681220036124,6.1053305126655,0,0,0,402.322463603283,0,0
48.52,100,99.9023395278217,99.7903558652837,0.0348031544574881,0.032319054185917,-0.390679872999276,1.11001917802345,-2.03061012001138,0,0,0,402.325276088002,0,0
48.54,100,99.9026181595074,99.7910509583483,0.034688473245905,0.0249289067935165,-0.350946887739127,0.713482731503326,0.154449655588144,0,0,0,402.326537341988,0,0
48.56,100,99.9028959962388,99.791742965485,0.0345076092676422,0.0182202306077563,-0.32042740783455,0.642018163049097,-0.596156570471748,0,0,0,402.328376108087,0,0
48.58,100,99.9031730402839,99.7924310127323,0.0342893393363692,0.0120805268548286,-0.294578297929315,0.486233926774917,2.97571608401181,0,0,0,402.330113765189,0,0
48.6,100,99.9034492939042,99.7931146130502,0.0340816105212402,0.00645732171165011,-0.26581088855466,0.795976674035575,3.81091212985982,0,0,0,402.332193229818,0,0
48.62,100,99.903724759355,99.7937947748864,0.0339484567177881,0.00153297759452393,-0.224333878741865,1.16884220155303,6.30061019386487,0,0,0,402.334662997259,0,0
48.64,100,99.903999438885,99.7944733329038,0.0339322229514974,-0.00239089917796775,-0.164160646012391,1.80271525050585,1.39731293207378,0,0,0,402.337866188053,0,0
48.66,100,99.9042733347363,99.79515250525,0.0339829792130181,-0.00497088343293889,-0.0944456987425429,1.73956650078925,3.43876330789897,0,-0,0,402.339600086228,0,0
48.68,100,99.904546449145,99.7958327962696,0.0340550537870937,-0.00615851594427669,-0.0232616502835679,1.93863834677286,5.16734121049336,0,0,0,402.341631496173,0,0
48.7,100,99.9048187843405,99.7965152333695,0.0342058041029567,-0.00583480498810934,0.0578556247439735,2.32669394972613,-1.24965022972334,0,0,0,402.344362374045,0,0
48.72,100,99.9050903425459,99.7972010319352,0.0343580665397266,-0.00386865800601682,0.135525242999538,1.86226855831335,3.48128507388765,0,0,0,402.346021686158,0,0
48.74,100,99.9053611259781,99.7978894565002,0.034494655915694,-0.000456633492299299,0.2066216303878,2.04896766741543,0.276936806896117,0,0,0,402.348698448727,0,0
48.76,100,99.9056311368475,99.7985808923997,0.0346428601581953,0.00437738169429023,0.27499747437753,1.80980980636536,4.14543896066677,0,0,0,402.35026103659,0,0
48.78,100,99.9059003773584,99.7992753565342,0.0348183359542642,0.0105399808511369,0.342764450635707,2.08500402999724,-0.394838514937779,0,-0,0,402.35314249816,0,0
48.8,100,99.9061688497085,99.7999737344876,0.0350107939155985,0.0180677400588341,0.407644063550637,1.75567213338663,-6.60349244143337,0,0,0,402.354429610063,0,0
48.82,100,99.9064365560895,99.8006748464137,0.0350628844978484,0.0266553087172121,0.444161245784361,0.697128131615757,0.762982825168794,0,0,0,402.356092084306,0,0
48.84,100,99.9067034986868,99.8013756084171,0.0350175389182175,0.0356975677312551,0.459946805829942,0.696394030533958,2.86435261966267,0,0,0,402.358329390035,0,0
48.86,100,99.9069696796795,99.8020759329751,0.0350296385663129,0.0450828811076451,0.48012333277793,0.957077203968791,-6.66085144720484,0,0,0,402.360548368459,0,0
48.88,100,99.9072351012405,99.802776384545,0.0349817850963372,0.0548024250820867,0.485595906615649,-0.00380614506719137,-3.05398521157673,0,0,0,402.361936880878,0,0
48.9,100,99.9074997655365,99.8034743155111,0.0347999650958285,0.0643352378632657,0.465228852514481,-0.38744524246783,-4.68887821079806,0,0,0,402.363936076679,0,0
48.92,100,99.907763674728,99.8041677942281,0.0345300124717281,0.0732939790571652,0.427272226153163,-0.923705656799866,0.117968998725007,0,-0,0,402.365773211088,0,0
48.94,100,99.9080268309694,99.8048553360381,0.0342322673406369,0.0813806014406974,0.382327023300264,-0.791057329058597,-0.642818118335014,0,0,0,402.366938305245,0,0
48.96,100,99.9082892364089,99.8055373113076,0.0339686565125097,0.0886096935575592,0.340808367789409,-0.768631254112127,-4.69332358222939,0,0,0,402.369339496764,0,0
48.98,100,99.9085508931886,99.8062137939064,0.03366237939643,0.0949550737811624,0.290735953002907,-1.25454490430508,-4.94072589670929,0,0,0,402.370579727469,0,0
49,100,99.9088118034446,99.8068831308758,0.0332547710668117,0.100125026682676,0.223555671770934,-1.70495864799432,-4.88999110710331,0,0,0,402.372783014202,0,0
49.02,100,99.9090719693065,99.8075433603651,0.0327534374449507,0.103798962640949,0.14161654545336,-2.08906176309275,0.841144994318941,0,0,0,402.374655720651,0,0
49.04,100,99.9093313928983,99.8081932895317,0.0322543808449161,0.105802717704268,0.0614444896937313,-1.70746795253618,0.512229045452369,0,0,0,402.376943277522,0,0
49.06,100,99.9095900763377,99.8088340492923,0.0318324646716922,0.106351558178136,-0.00449645072734946,-1.41746731485253,1.50776467955403,0,0,0,402.378662606394,0,0
49.08,100,99.9098480217364,99.8094670874867,0.0314853501263886,0.105716363986553,-0.0564423435125515,-1.04103104298129,2.56822116275286,0,0,0,402.38065814125,0,0
49.1,100,99.9101052312001,99.8100940883836,0.0312318969043133,0.104207382883853,-0.0913918684650045,-0.581524551043091,-4.3144249971287,0,0,0,402.383049749649,0,0
49.12,100,99.9103617068284,99.8107162959732,0.0309693947619256,0.102061321688267,-0.126029537163068,-1.04114065500767,0.598729459205738,0,0,0,402.384112534039,0,0
49.14,100,99.9106174507151,99.8113326277865,0.0306706629907283,0.0991434201337099,-0.1642427951556,-0.826380844770152,5.751771118028,0,0,0,402.386249605298,0,0
49.16,100,99.9108724649478,99.8119438994363,0.0304877363160048,0.0956329330184231,-0.181420676926196,0.00250384278277884,2.50633261470936,0,0,0,402.389016724331,0,0
49.18,100,99.9111267516083,99.8125529733292,0.0304308068179442,0.0920326343973271,-0.17658431890951,0.317298914849467,-1.35548098994063,0,0,0,402.391580738571,0,0
49.2,100,99.9113803127725,99.8131611533991,0.0303777241482193,0.0885809452995553,-0.169918567218463,0.108369679280518,-3.49584078994141,0,0,0,402.393236622909,0,0
49.22,100,99.91163315051,99.8137675055612,0.030238421865752,0.0851514493870961,-0.175853201717996,-0.339361435014813,-0.242540271234806,0,0,0,402.394819152356,0,0
49.24,100,99.9118852668851,99.8143703025759,0.0300404131586867,0.081496088915963,-0.189506220255321,-0.322698758606185,-1.93316980970309,0,0,0,402.39635099574,0,0
49.26,100,99.9121366639557,99.8149689113728,0.0298110530645665,0.0775502575594777,-0.20624743071527,-0.518372429644405,0.74980790917329,0,0,0,402.397984846669,0,0
49.28,100,99.9123873437742,99.8155626599768,0.029568577198279,0.0732473975605549,-0.222892967480054,-0.352501645707726,-1.75338772035251,0,0,0,402.400664851386,0,0
49.3,100,99.9126373083868,99.8161515706085,0.0293138738645325,0.0686359855701484,-0.239248651542561,-0.522170191543699,1.46164756150035,0,0,0,402.401765947487,0,0
49.32,100,99.912886559834,99.8167352144232,0.0290586148401592,0.0636936987903627,-0.253268486216964,-0.267294156285726,3.6502772704145,0,0,0,402.404080843785,0,0
49.34,100,99.9131351001507,99.8173144375258,0.0288813909083785,0.058604714285048,-0.25243969215239,0.225866308927256,-4.45596799605424,0,0,0,402.406056532712,0,0
49.36,100,99.9133829313656,99.8178903014823,0.0286801241366502,0.0535809435290304,-0.253629131480187,-0.357172663964507,1.83887538430326,0,0,0,402.406716101903,0,0
49.38,100,99.913630055502,99.8184613482226,0.0284337292295012,0.0484267300970011,-0.259942804507959,-0.0771557402505749,5.81997137453393,0,-0,0,402.408910441516,0,0
49.4,100,99.9138764745771,99.8190283980711,0.0282988702287695,0.0433171328145183,-0.24629922361652,0.661015827661842,-5.94881068978253,0,0,0,402.410897930467,0,0
49.42,100,99.9141221906026,99.8195931347059,0.028140576496236,0.0385557030962225,-0.235139578051451,-0.166200043553691,4.26773357503366,0,0,0,402.411080368928,0,0
49.44,100,99.9143672055842,99.8201537802599,0.0279445689655738,0.0338837439681768,-0.228475053316016,0.39142362087325,2.23218387532968,0,0,0,402.413799466064,0,0
49.46,100,99.9146115215221,99.8207114807542,0.0278334026168696,0.0295156041934151,-0.206910212025298,0.620503654124363,2.80402581212684,0,0,0,402.415698354762,0,0
49.48,100,99.9148551404108,99.821267473959,0.027775827670699,0.0256694077458157,-0.176049057672585,0.891024735116298,5.00516330342622,0,0,0,402.418229241443,0,0
49.5,100,99.9150980642389,99.8218231145241,0.0278080407514241,0.0225708082395436,-0.130682608825501,1.39895504307674,0.48860499064833,0,0,0,402.420491563366,0,0
49.52,100,99.9153402949895,99.8223800840726,0.0278842461514618,0.0204829779299052,-0.0790385707344132,1.27579349865526,3.69303447995472,0,-0,0,402.421971308567,0,0
49.54,100,99.91558183464,99.82293864487,0.0279840197473911,0.0194265380988941,-0.0249065880679271,1.56698463303804,-3.91789908150273,0,0,0,402.423190946891,0,0
49.56,100,99.9158226851621,99.8234991337532,0.028038309422255,0.0194238540044644,0.0200444694738685,0.871626991273856,1.89142105286166,0,0,0,402.42437025604,0,0
49.58,100,99.9160628485221,99.8240597827044,0.0280324818068635,0.0201534174360322,0.0535750469523266,0.992698584711448,3.41691629535538,0,0,0,402.426629266368,0,0
49.6,100,99.9163023266803,99.824620818412,0.0280842572884365,0.0216159868058014,0.0944302793492947,1.28781018659392,-1.47935199606587,0,0,0,402.429308272905,0,0
49.62,100,99.9165411215918,99.8251831555475,0.0281371518181111,0.0239141610393206,0.132970226877552,0.931867353506554,-3.0626268228862,0,0,0,402.430488573081,0,0
49.64,100,99.9167792352058,99.825745689363,0.0280979683011354,0.0268188887343509,0.15417322450462,0.425354985286073,2.0166252210949,0,0,0,402.431391133639,0,0
49.66,100,99.9170166694662,99.8263069149863,0.0280340912986389,0.0300411599227773,0.169225802542949,0.61939729259339,2.78420448892663,0,0,0,402.433265379917,0,0
49.68,100,99.9172534263111,99.8268674949382,0.0280364287810888,0.0336435970596935,0.192610394373579,0.883764736042205,5.34846569893899,0,-0,0,402.435664577532,0,0
49.7,100,99.9174895076734,99.8274291130525,0.0281495485055013,0.0378461021196517,0.230994911813481,1.43163699207346,-2.34503190458754,0,0,0,402.437837422334,0,0
49.72,100,99.9177249154802,99.827993608516,0.0282836219669762,0.0428803684344235,0.269175292075982,0.947394035679814,-1.71500020192428,0,0,0,402.438995165722,0,0
49.74,100,99.9179596516532,99.8285599184746,0.0283366329793827,0.0485024862367302,0.290741441495268,0.605691599674746,3.09043654372,0,0,0,402.440322184516,0,0
49.76,100,99.9181937181086,99.8291271714974,0.0284035667051058,0.0545037747112757,0.31122104160109,0.908958614039303,-0.403757903822291,0,0,0,402.442917589308,0,0
49.78,100,99.9184271167571,99.8296962722314,0.0285027103275477,0.0609612231079857,0.333297791290295,0.735481921242109,-2.66311235398976,0,0,0,402.444538264704,0,0
49.8,100,99.9186598495042,99.8302669156981,0.0285475475174932,0.0677528201924964,0.343018197879101,0.303450331031088,-1.98554609170203,0,0,0,402.446072383594,0,0
49.82,100,99.9188919182495,99.8308377217564,0.0285243888485382,0.0745877058936887,0.33858037926262,0.0134026072280773,-3.77394377188527,0,0,0,402.44791562889,0,0
49.84,100,99.9191233248876,99.8314073872118,0.0284258492911231,0.08119665991729,0.319290412634677,-0.461610003298917,-2.36056911329679,0,0,0,402.4491087684,0,0
49.86,100,99.9193540713075,99.8319742898706,0.0282571806013732,0.087270876119861,0.286687780927919,-0.696814156593202,-3.83617267771421,0,0,0,402.450790983386,0,0
49.88,100,99.9195841593928,99.8325372509753,0.0280251986168102,0.092586905487726,0.242541926170249,-1.08388168971229,2.4295792326911,0,0,0,402.452680211755,0,0
49.9,100,99.9198135910219,99.8330954198248,0.027810550774656,0.0969882300406761,0.20054647516918,-0.638242709437804,-4.55673160964195,0,0,0,402.455324508306,0,0
49.92,100,99.9200423680675,99.8336496628765,0.0275954653872876,0.100603662403598,0.158007441282274,-1.12262953889631,0.90685964612568,0,0,0,402.456733800477,0,0
49.94,100,99.9202704923974,99.8341991056949,0.0273596043164515,0.103288269032942,0.112252545827494,-0.861474096973924,-1.37011791344482,0,0,0,402.458723125027,0,0
49.96,100,99.9204979658737,99.8347442136573,0.0271491156490794,0.105123427569846,0.0710213603121054,-0.917895833352887,0.962222271117833,0,-0,0,402.460763044688,0,0
49.98,100,99.9207247903534,99.8352852246754,0.0269614088083578,0.106158917805496,0.0341806499301369,-0.676963946779234,2.13156002708589,0,0,0,402.462189861316,0,0
50,100,99.920950967688,99.8358231383216,0.0268438215106303,0.106571443050002,0.0094244515482826,-0.321341629985815,0.187408172184817,0,0,0,402.464188819481,0,0
50.02,100,99.921176499724,99.836359295438,0.0267742500999768,0.106591205959199,-0.00697216146207053,-0.25516152130047,-6.30059847359191,0,0,0,402.46583304657,0,0
50.04,100,99.9214013883024,99.8368935299496,0.0266188987507242,0.106203820270258,-0.0364730186937721,-1.00570675828465,0.137214782821444,0,0,0,402.467065767628,0,0
50.06,100,99.921625635259,99.8374235655008,0.0263896090704138,0.105064462370381,-0.0763592665237379,-0.854530853650024,-2.49564300915974,0,0,0,402.468646869996,0,0
50.08,100,99.9218492424245,99.8379490225911,0.0261469619496735,0.103147513925471,-0.116454371838668,-1.05153611904138,-3.67301083613818,0,0,0,402.469633543527,0,0
50.1,100,99.9220722116242,99.8384689709761,0.0258335091371349,0.100346163557683,-0.165534919443294,-1.36893191176539,5.47817365065359,0,0,0,402.470313112794,0,0
50.12,100,99.9222945446783,99.8389827490233,0.0255765942721619,0.0966086977467133,-0.202518834062143,-0.502123737916932,-1.25493317079794,0,0,0,402.472855285304,0,0
50.14,100,99.9225162434016,99.8394925495184,0.0253979816670825,0.0923457423161871,-0.224238036423844,-0.589787618089733,-3.72270929124738,0,-0,0,402.474132521648,0,0
50.16,100,99.9227373096041,99.8399982019513,0.0251497461583843,0.0875819087257165,-0.254475424643082,-0.974283184120614,0.0758161272734227,0,0,0,402.47426304465,0,0
50.18,100,99.9229577450903,99.8404982609566,0.0248591606258455,0.0821436024443642,-0.288302507216097,-0.832768060619099,0.996506203457706,0,0,0,402.475740244303,0,0
50.2,100,99.9231775516597,99.8409927654301,0.0245980209088614,0.0761044686266812,-0.313959434678365,-0.594263617167101,-2.5336488188267,0,0,0,402.47781256773,0,0
50.22,100,99.9233967311066,99.8414820640233,0.0243197555885077,0.0695887641335976,-0.338975674043849,-0.827206843827622,0.243510792597353,0,0,0,402.479377949336,0,0
50.24,100,99.9236152852203,99.8419653758689,0.0240140627475851,0.0625410943523246,-0.364738380185082,-0.683414207501898,-6.43173453595384,0,0,0,402.480830552685,0,0
50.26,100,99.9238332157849,99.8424420318908,0.0236201662270263,0.0549290142365998,-0.400824994791405,-1.39041228926715,3.88030023845553,0,0,0,402.481431003462,0,0
50.28,100,99.9240505245794,99.8429100467617,0.0232042966301624,0.046517246855945,-0.435871690189587,-0.717326401207784,0.402844152732093,0,0,0,402.483712939099,0,0
50.3,100,99.9242672133778,99.8433706981578,0.0228631535892265,0.0376032142654197,-0.454450434621477,-0.567626276409884,2.22909313073837,0,0,0,402.48482287671,0,0
50.32,100,99.9244832839489,99.8438248367013,0.0225613285326331,0.0284096977073258,-0.462517053532086,-0.209380065974609,5.40245179978576,0,-0,0,402.486568988686,0,0
50.34,100,99.9246987380566,99.8442738670286,0.0223664202057316,0.0192430942139216,-0.449600857238421,0.496591112879089,5.92639970578383,0,-0,0,402.488438659357,0,0
50.36,100,99.9249135774597,99.844720471517,0.0223182113323476,0.0106022021856085,-0.410217113294383,1.17401235829702,1.77529334235265,0,0,0,402.490335126161,0,0
50.38,100,99.925127803912,99.8451670801513,0.02234339311195,0.00292378403207752,-0.357291260227589,1.24403291515085,2.18274718796983,0,-0,0,402.491900404864,0,0
50.4,100,99.9253414191623,99.8456142804669,0.0223794879816795,-0.00367096612731303,-0.301606992250976,1.3546197412009,1.24503053784525,0,-0,0,402.49318395544,0,0
50.42,100,99.9255544249544,99.8460622759444,0.0224181621286833,-0.00913517497348822,-0.245094687385711,1.332862998222,5.15620343652992,0,-0,0,402.494141069411,0,0
50.44,100,99.9257668230271,99.8465113426569,0.0225066139496168,-0.0134214682156128,-0.18071095559952,1.80139023365822,8.15260107060723,0,-0,0,402.495906733269,0,0
50.46,100,99.9259786151142,99.8469635364957,0.0227440663960515,-0.0162108218070262,-0.0934993796298165,2.58004473436598,-1.88174302261082,0,0,0,402.497664936438,0,0
50.48,100,99.9261898029448,99.8474212688782,0.0230076414639234,-0.0171527024618706,-0.00464918656831555,2.0045477723081,1.46301307268742,0,0,0,402.498702493206,0,0
50.5,100,99.9264003882427,99.8478833915931,0.0232030759844604,-0.016489324181861,0.0702157257340077,1.92210588550961,3.55318524120969,0,0,0,402.500618816055,0,0
50.52,100,99.926610372727,99.8483495622822,0.0234237379494879,-0.0143392734402621,0.14573580351987,2.10999786591574,0.796021259572923,0,0,0,402.502512318216,0,0
50.54,100,99.9268197581119,99.8488204414224,0.0236598792188247,-0.0106712584111398,0.219642979136706,1.92859893586327,-0.448558621561879,0,0,0,402.504102709694,0,0
50.56,100,99.9270285461068,99.8492956854707,0.0238553768991993,-0.00562768911195253,0.282469921899653,1.61483208447452,-6.34199148227577,0,0,0,402.505107934047,0,0
50.58,100,99.9272367384158,99.8497737257275,0.0239121045805872,0.000446867667783606,0.318385073398831,0.608059283668273,-0.3401622631446,0,0,0,402.505756740188,0,0
50.6,100,99.9274443367386,99.8502514229216,0.0238558238099997,0.00696176379387276,0.332214535178683,0.482958346622163,-3.02825545905919,0,0,0,402.507397674054,0,0
50.62,100,99.9276513427699,99.8507276244841,0.0237497840428661,0.0136579980107231,0.334509563050423,0.0383306953005889,1.64457570129073,0,-0,0,402.5080178992,0,0
50.64,100,99.9278577581996,99.8512013524082,0.0236337221988277,0.0203115355202267,0.332063533467901,0.234782960994998,1.08795573626509,0,0,0,402.508996450751,0,0
50.66,100,99.9280635847125,99.8516733252914,0.0235705849642586,0.0269763867511928,0.335018989584897,0.336822482997168,-4.22578049022556,0,0,0,402.510683153945,0,0
50.68,100,99.9282688239891,99.8521439023326,0.0234672327298419,0.0336468878906478,0.3283338926125,-0.236936732951429,-3.08908085694533,0,0,0,402.511781124673,0,0
50.7,100,99.9284734777046,99.8526113879807,0.023269639254704,0.039991645089152,0.303892758182271,-0.593701891383773,1.25218584272449,0,-0,0,402.512363944724,0,0
50.72,100,99.9286775475297,99.8530746944341,0.0230723608058078,0.0457909931515531,0.277573994863776,-0.361237208570087,-3.688945799125,0,0,0,402.513907174273,0,0
50.74,100,99.9288810351303,99.853534203975,0.0228640865421458,0.0510702739704226,0.247764523633221,-0.775017678761998,-4.47183833288455,0,0,0,402.515008374981,0,0
50.76,100,99.9290839421676,99.8539886314641,0.0225619002095019,0.0555932184913409,0.201720644294635,-1.23210774791884,-3.1420734408299,0,0,0,402.515319876178,0,0
50.78,100,99.9292862702979,99.8544361821841,0.022184813387356,0.0590576736298246,0.143419453875839,-1.46150824802287,-6.77902341070326,0,0,0,402.516403892464,0,0
50.8,100,99.9294880211728,99.8548753300601,0.0217041418735224,0.0612226855951778,0.0691321005447729,-2.11347941750867,6.44988307414644,0,0,0,402.516816318009,0,0
50.82,100,99.9296891964394,99.8553047204723,0.0212773541062032,0.061895315660983,0.0052772248801686,-1.02820438083317,-0.51401675761008,0,0,0,402.519719051627,0,0
50.84,100,99.9298897977398,99.8557272960105,0.0209824734488196,0.0615842435439447,-0.0357855929390774,-0.95559591971611,0.143264581231327,0,0,0,402.520841471724,0,0
50.86,100,99.9300898267116,99.856144165024,0.0207093597921849,0.0604974204739818,-0.0718389851190984,-0.809616088384293,-1.96027240302435,0,0,0,402.522543490881,0,0
50.88,100,99.9302892849878,99.8565556330443,0.0204309582275527,0.0587156974225478,-0.107076552662878,-0.945388476561354,-4.73431660705321,0,0,0,402.52357143807,0,0
50.9,100,99.9304881741965,99.8569608676736,0.0200725799205965,0.0561417880446397,-0.153117567799385,-1.40931296246492,-1.54409946412166,0,-0,0,402.523666433137,0,0
50.92,100,99.9306864959614,99.8573581037708,0.0196488044396411,0.0525404940060586,-0.206839693677158,-1.41335069300531,1.39525569406085,0,0,0,402.524298869559,0,0
50.94,100,99.9308842519013,99.8577470251965,0.0192554128179067,0.047923724221474,-0.25232593140183,-1.04887821924723,2.98976079929796,0,0,0,402.52607718552,0,0
50.96,100,99.9310814436307,99.8581289256728,0.0189526294420317,0.0425671802398089,-0.279905071780456,-0.533762290367928,-0.885316260860544,0,0,0,402.52792077415,0,0
50.98,100,99.9312780727593,99.8585054007753,0.0186910250253265,0.0367908608662465,-0.297861446679813,-0.570203548489698,8.69715018128769,0,-0,0,402.528915395037,0,0
51,100,99.9314741408921,99.858877381787,0.018550918545402,0.030803423048816,-0.293412952210757,0.58735005881001,-2.02751884549345,0,0,0,402.530931900002,0,0
51.02,100,99.9316696496298,99.8592479851744,0.018494637512868,0.0251545880481499,-0.273590434372726,0.259772466134499,5.48312065269459,0,0,0,402.53168542431,0,0
51.04,100,99.9318646005683,99.8596173801121,0.0184691372616769,0.0199047669087775,-0.247261883702122,0.912349563323649,5.41009934424169,0,0,0,402.533900539571,0,0
51.06,100,99.9320589952991,99.8599876566776,0.0185796203378366,0.0154153138921724,-0.198246889368982,1.46880103677321,0.49511180020303,0,0,0,402.535994881813,0,0
51.08,100,99.9322528354091,99.8603608602043,0.0187351722711674,0.0120205836325943,-0.142219890962546,1.3377630973929,0.562854503881796,0,0,0,402.537062074415,0,0
51.1,100,99.9324461224806,99.860736869461,0.0188615883622891,0.00969028743814202,-0.0916276489846563,1.23265657215312,-0.134904308661274,0,0,0,402.538591692105,0,0
51.12,100,99.9326388580915,99.8611151032443,0.0189550073530234,0.0083131522219921,-0.0473632347832422,1.05363036956548,3.58999227895765,0,0,0,402.539719888097,0,0
51.14,100,99.9328310438152,99.8614952040634,0.0190680226402312,0.0078092761354691,-0.00118485886712979,1.36353615144636,-2.30031834856706,0,0,0,402.542287890768,0,0
51.16,100,99.9330226812205,99.8618777161769,0.0191657394915776,0.00823637480698984,0.0407743244770004,0.897410429159817,5.66010908820371,0,-0,0,402.543911660649,0,0
51.18,100,99.9332137718718,99.8622620008709,0.0192872892703022,0.009455077172868,0.0847018004520377,1.4840290763465,0.996158404617915,0,0,0,402.545871865828,0,0
51.2,100,99.933404317329,99.8626496629124,0.0194778774721568,0.011680483710853,0.13718875387667,1.41109539448961,-0.957468861339198,0,0,0,402.547306547139,0,0
51.22,100,99.9335943191477,99.8630408885057,0.0196346161408961,0.0148857172393432,0.181201161755498,1.10322594470192,2.23800098467662,0,0,0,402.548059652261,0,0
51.24,100,99.9337837788788,99.8634350079868,0.0197849402856757,0.0189016013763622,0.22107807855194,1.23548122352831,-1.92136570984572,0,0,0,402.550259164487,0,0
51.26,100,99.9339726980689,99.8638321569466,0.0199165064207397,0.0236853674170647,0.254566191800614,0.830533237938641,-1.45035323398899,0,0,0,402.551340431042,0,0
51.28,100,99.9341610782603,99.8642312215076,0.0199809548467006,0.0289904705632553,0.273973303338874,0.538101637052213,0.748578868334917,0,0,0,402.552774839364,0,0
51.3,100,99.9343489209907,99.8646312904381,0.0200293403239652,0.0346071904265725,0.287744183197961,0.558223342671277,1.40134499259782,0,0,0,402.5543953289,0,0
51.32,100,99.9345362277936,99.8650325972081,0.0201079450990041,0.040512293823817,0.303304091501591,0.656496015373385,-3.56042345582188,0,0,0,402.555828516924,0,0
51.34,100,99.934723000198,99.8654353566574,0.0201495644542992,0.0466773708819501,0.309726198126572,0.123131751400825,1.59274139279878,0,0,0,402.556656656681,0,0
51.36,100,99.9349092397285,99.8658384211645,0.0201665828765313,0.0528572748013092,0.309375448508472,0.303347532208845,1.47075506952348,0,-0,0,402.558559960667,0,0
51.38,100,99.9350949479056,99.8662423770091,0.0202371929916096,0.0590912593527241,0.314860406900461,0.443752803575286,6.95649204256472,0,-0,0,402.559976364632,0,0
51.4,100,99.9352801262451,99.8666487848002,0.020438412189321,0.0655725247979053,0.338301533510385,1.2493330738571,-6.89932193281854,0,0,0,402.562216964388,0,0
51.42,100,99.9354647762588,99.8670598138333,0.0206268446311927,0.0725813546023547,0.355895389477179,0.221236893563733,-3.624275550203,0,-0,0,402.563099692632,0,0
51.44,100,99.9356488994539,99.8674727870928,0.020653921671418,0.0796145325349484,0.344304998455171,-0.263920628647323,0.670036653089245,0,0,0,402.563258323441,0,0
51.46,100,99.9358324973336,99.8678857919877,0.0206535304141277,0.0863089214083549,0.325885872249284,-0.148280812646926,4.28481292075677,0,-0,0,402.564746885914,0,0
51.48,100,99.9360155713966,99.8682995618609,0.0207476459058757,0.0927371396125269,0.320428332662074,0.401702839597096,-5.45131336584195,0,0,0,402.565972828528,0,0
51.5,100,99.9361981231374,99.8687156148887,0.0208308607764493,0.0990951619320653,0.310654135471346,-0.33356971097079,-1.42542361392329,0,0,0,402.566893455377,0,0
51.52,100,99.9363801540461,99.8691322043859,0.0208246087803897,0.105054961857706,0.284496737489091,-0.469612941280644,1.42175284162751,0,0,0,402.568150251545,0,0
51.54,100,99.9365616656089,99.8695487601021,0.0208420686976427,0.110491385715596,0.260704260141383,-0.231965381754673,1.66350853628297,0,-0,0,402.570164406305,0,0
51.56,100,99.9367426593073,99.8699663287545,0.0209257513565596,0.115544796348576,0.246152965942161,0.00323394708572261,-5.80932786074492,0,0,0,402.571312005525,0,0
51.58,100,99.9369231366189,99.8703854379026,0.0209577347515232,0.120270820105659,0.221837634905128,-0.724239743028835,3.42959306519611,0,0,0,402.571408594405,0,0
51.6,100,99.937103099017,99.8708045527557,0.0209754974902495,0.124399932685477,0.194476032795978,-0.201713137142789,-3.24460656344727,0,0,0,402.573901969078,0,0
51.62,100,99.9372825479707,99.8712245897128,0.0210140895869384,0.128066177655417,0.169774574444555,-0.580859956749932,-0.889402083606577,0,0,0,402.575061705606,0,0
51.64,100,99.9374614849448,99.8716448252582,0.0210086341463014,0.131142112085684,0.137676225299794,-0.615744066837237,0.198727959528939,0,-0,0,402.576632484419,0,0
51.66,100,99.9376399114001,99.8720650110308,0.0210143921724998,0.133586097402597,0.107470690847209,-0.511186943105986,-3.33868516577078,0,0,0,402.577528391743,0,0
51.68,100,99.937817828793,99.8724852023657,0.0209909227481198,0.135410874117516,0.0728706782531013,-0.860185207135293,-2.01356841142657,0,0,0,402.578674103549,0,0
51.7,100,99.9379952385761,99.8729042587557,0.0209088358971495,0.136444131512674,0.029705930712559,-0.997618986180186,-0.548248946241287,0,0,0,402.579794847788,0,0
51.72,100,99.9381721421975,99.8733214774685,0.0208147784312266,0.136596067234152,-0.0139623037777247,-0.933276573322226,-3.46242137892769,0,0,0,402.581450737859,0,0
51.74,100,99.9383485411014,99.8737366087724,0.0206849936082745,0.135858675562641,-0.0615840134177679,-1.24017894933688,-5.78534782742689,0,0,0,402.582804907724,0,0
51.76,100,99.9385244367277,99.8741481271029,0.0204429787083975,0.13402835095571,-0.124793050113687,-1.79633034955328,-1.66149276600366,0,0,0,402.583170833811,0,0
51.78,100,99.9386998305123,99.87455383959,0.0201270299544002,0.130811944775422,-0.196391451335997,-1.76440115622486,-4.7811779903286,0,0,0,402.583769468802,0,0
51.8,100,99.938874723887,99.8749528265497,0.0197542979207934,0.126139385170702,-0.272888132627259,-2.12394195119279,0.438252385542139,0,0,0,402.584616275169,0,0
51.82,100,99.9390491182796,99.8753438748872,0.0193602515339248,0.119908501816654,-0.347744416702465,-1.78452529725027,1.86373283406132,0,0,0,402.586039936896,0,0
51.84,100,99.9392230151136,99.8757277289697,0.0190398954844925,0.112344973641824,-0.405341136497969,-1.31113649341273,2.58744624104057,0,0,0,402.588076424822,0,0
51.86,100,99.9393964158086,99.8761060815546,0.0188110963474437,0.103828405677482,-0.442931190644105,-0.810491921911181,0.793602081214823,0,0,0,402.589684145378,0,0
51.88,100,99.9395693217801,99.8764805661928,0.0186416107500008,0.094724015755091,-0.466022552683152,-0.599990757335683,-2.30104889440865,0,0,0,402.590689683655,0,0
51.9,100,99.9397417344397,99.8768515764685,0.0184471636717734,0.0851920645462501,-0.488334891319339,-0.803249756602808,1.46749795996032,0,0,0,402.591022465274,0,0
51.92,100,99.9399136551947,99.8772183661269,0.0182391472972522,0.0752101507290344,-0.507839133511614,-0.50880159860561,-3.69158751945421,0,0,0,402.592366450663,0,0
51.94,100,99.9400850854486,99.8775808784477,0.0179923325689329,0.0648688333510233,-0.528631453609498,-0.89601546735652,-1.77849503761458,0,0,0,402.593203145692,0,0
51.96,100,99.9402560266008,99.8779375008079,0.0176613929405807,0.0540104777415304,-0.557651380029597,-0.992378403755538,-1.78422615317547,0,0,0,402.594806459065,0,0
51.98,100,99.9404264800468,99.8782869993553,0.0172801917992614,0.0425467895448492,-0.589077010614281,-1.07694413288013,-1.15762480207533,0,0,0,402.595934028738,0,0
52,100,99.940596447178,99.8786284466914,0.0168595949915856,0.0304450949284299,-0.620874678638432,-1.07222338024345,-0.623703672578589,0,0,0,402.596822427862,0,0
52.02,100,99.9407659293819,99.8789612365959,0.016416924723349,0.0177293813313361,-0.650056590537134,-1.00089530108627,3.54370305734921,0,0,0,402.597987766976,0,0
52.04,100,99.940934928042,99.8792854419405,0.0160213587994862,0.00453563052863063,-0.665456444936095,-0.419827249171361,0.864797844709278,0,0,0,402.599246550035,0,0
52.06,100,99.941103444538,99.879602471049,0.0156832724860508,-0.00878955235824899,-0.665871103924912,-0.248757221034074,-3.96095943811933,0,0,0,402.600757298322,0,0
52.08,100,99.9412714802454,99.879912332234,0.01527977267057,-0.0221342424817156,-0.671396745424129,-0.70366907353592,1.37755268844028,0,0,0,402.600268056091,0,0
52.1,100,99.941439036536,99.8802133302757,0.0148256763823663,-0.0356606842628481,-0.679385080492525,-0.431749236822022,9.08570839124702,0,-0,0,402.601106228455,0,0
52.12,100,99.9416061147776,99.8805063226683,0.0145162735081759,-0.0491179195236323,-0.65865127172413,0.75439278830994,-1.38002578144436,0,0,0,402.602806211518,0,0
52.14,100,99.9417727163341,99.8807945109722,0.0142879582692005,-0.0618940462876088,-0.620689207926797,0.489198963391326,6.0794745302156,0,0,0,402.60337973574,0,0
52.16,100,99.9419388425655,99.8810780533556,0.014090345601911,-0.0738869638651548,-0.574188293820723,1.18875896654956,2.04868295260631,0,0,0,402.604953355663,0,0
52.18,100,99.942104494828,99.8813586165217,0.0139671609485536,-0.0847649322643216,-0.513059284481808,1.29300128482331,4.53350157464394,0,-0,0,402.606260956013,0,0
52.2,100,99.9422696744738,99.8816370419142,0.0138889083844021,-0.094348787597807,-0.442929408292674,1.69180402996603,5.7009953525029,0,0,0,402.607307832596,0,0
52.22,100,99.9424343828513,99.8819148075408,0.0139057437330077,-0.102374947558995,-0.356755960060762,2.18377584132638,-0.330855953859215,0,0,0,402.60940212844,0,0
52.24,100,99.942598621305,99.8821933441268,0.0139343700352579,-0.108610771791423,-0.269152438125658,1.85711463279954,3.45857018169902,0,0,0,402.610205188688,0,0
52.26,100,99.9427623911758,99.8824720733286,0.0139460342271102,-0.113165737644168,-0.185373596203895,2.0454276233132,3.19830710992786,0,0,0,402.611562303404,0,0
52.28,100,99.9429256938005,99.882751453304,0.0139979315946613,-0.115995065109675,-0.0969846482348151,2.17607993482953,2.82050151575015,0,-0,0,402.61330278056,0,0
52.3,100,99.9430885305121,99.8830321910354,0.0140799389481511,-0.117031248270237,-0.00650278726344763,2.24041133589637,-2.98208831071305,0,0,0,402.614229880924,0,0
52.32,100,99.94325090264,99.883314228199,0.0140994221477983,-0.116346760423317,0.0704301968740347,1.5730070696728,8.11446918521992,0,-0,0,402.61508951281,0,0
52.34,100,99.9434128115096,99.8835964045051,0.0141526641746889,-0.114199886817711,0.149132800652023,2.37627728073008,6.62189869846102,0,-0,0,402.617164748198,0,0
52.36,100,99.9435742584427,99.8838814943176,0.0143801401240903,-0.110226934067548,0.251066169671128,2.88507844285199,1.02677103480053,0,0,0,402.61831715734,0,0
52.38,100,99.9437352447572,99.8841719564926,0.0146604912276505,-0.104143199963901,0.355294962390296,2.62932881546424,-0.728058310328716,0,0,0,402.619790534156,0,0
52.4,100,99.9438957717673,99.8844675493558,0.014886367771647,-0.0961198968818752,0.443866001982134,2.18708211580983,5.87073101505838,0,-0,0,402.620544848697,0,0
52.42,100,99.9440558407833,99.8847676438452,0.0151461261017756,-0.0863986397183001,0.530720045714128,2.62544329669165,-3.45067221613813,0,0,0,402.62238191618,0,0
52.44,100,99.944215453112,99.8850733314408,0.0153978825960578,-0.0749546705902164,0.608341351069995,1.8430785744691,4.5261420864641,0,-0,0,402.623187546049,0,0
52.46,100,99.9443746100564,99.8853834699522,0.0156349858356978,-0.0621324849151253,0.67558437089989,2.15737601782097,-2.44851463309168,0,0,0,402.624554951885,0,0
52.48,100,99.9445333129156,99.8856987557628,0.0158769158099845,-0.04798395645046,0.735158521669568,1.56046705584095,-1.62093396659398,0,0,0,402.625465669499,0,0
52.5,100,99.9446915629852,99.8860180279072,0.0160408661261831,-0.0328655707667218,0.773794463298233,1.14545852095704,-1.81911419380285,0,0,0,402.626603885287,0,0
52.52,100,99.9448493615571,99.886340036095,0.0161516685727196,-0.0171429458799802,0.795824483247306,0.760644547125727,-4.06260737904029,0,0,0,402.627910502877,0,0
52.54,100,99.9450067099194,99.886663571321,0.0161842688267146,-0.00116783346098215,0.797640401497726,0.146828938667902,-5.93841922190778,0,0,0,402.628817317481,0,0
52.56,100,99.9451636093565,99.8869865679873,0.0160912559704638,0.0145818891217161,0.772397447080069,-0.619515395915104,-2.81163878630446,0,0,0,402.629400382648,0,0
52.58,100,99.9453200611494,99.8873066433664,0.015910979301582,0.0295970253358277,0.727397850665547,-0.894054520871805,-6.11908233433218,0,-0,0,402.630508867335,0,0
52.6,100,99.9454760665751,99.8876224734688,0.0156510960985333,0.0435601067745958,0.664844370981069,-1.54534190971943,0.812827591049965,0,0,0,402.630229445198,0,0
52.62,100,99.9456316269071,99.8879326111606,0.0153787481532968,0.0561549756591481,0.596699623968639,-1.24421484977579,2.53194113188698,0,0,0,402.631867559149,0,0
52.64,100,99.9457867434154,99.8882384024538,0.0152230769067543,0.0675330116993893,0.544244635717892,-0.767224228845831,-0.109493222214871,0,-0,0,402.634445210173,0,0
52.66,100,99.9459414173662,99.8885421160098,0.0151550890090121,0.0779976975257452,0.502810952059845,-0.684742521223161,-5.43136352579753,0,0,0,402.634930112854,0,0
52.68,100,99.9460956500222,99.8888443187275,0.0150448444343511,0.087580085145986,0.451746802936266,-1.27483362089871,3.68211635539965,0,-0,0,402.635733005627,0,0
52.7,100,99.9462494426423,99.8891440768708,0.0149582568582846,0.0960816732198405,0.402506973175511,-0.650271376803346,3.4272765987838,0,-0,0,402.637663341663,0,0
52.72,100,99.9464027964821,99.8894436463288,0.0150213887045412,0.103827920242167,0.375413055967738,-0.140377539963671,5.66343136011462,0,-0,0,402.63926468139,0,0
52.74,100,99.9465557127934,99.8897460156437,0.0152467476730339,0.111256851181385,0.372052213245177,0.58055846832837,-0.842904762367894,0,0,0,402.641019126218,0,0
52.76,100,99.9467081928245,99.8900540281167,0.0155499553732752,0.118771956250852,0.378197602212545,0.395045940237245,-1.16131903021789,0,0,0,402.64212981123,0,0
52.78,100,99.9468602378202,99.8903678169987,0.0158236667515991,0.126332635883808,0.376536133795377,0.194189047629312,-4.13672149436291,0,0,0,402.643075005763,0,0
52.8,100,99.9470118490215,99.8906864776914,0.0160232528044911,0.133735078339434,0.360223116464043,-0.350187190898641,-5.94003048052971,0,0,0,402.644160885173,0,0
52.82,100,99.9471630276663,99.8910078448676,0.0160877017595886,0.140583134573901,0.320199087436973,-1.04742406304056,1.75229293974841,0,0,0,402.644662237606,0,0
52.84,100,99.9473137749885,99.8913298027712,0.0161235017556557,0.146507789182727,0.274641622769067,-0.692454926911324,-9.50420980876452,0,0,0,402.646519338893,0,0
52.86,100,99.9474640922188,99.8916522076239,0.0160744140808976,0.151472106562926,0.214937362868883,-1.78740297575381,-1.31133793191172,0,-0,0,402.646812526696,0,0
52.88,100,99.9476139805843,99.8919720099966,0.0159085683932153,0.15498720209074,0.137250172189841,-1.7163805708183,-6.19429776367392,0,0,0,402.647320397969,0,0
52.9,100,99.9477634413085,99.8922881419984,0.0156822235567887,0.156907947548948,0.0515939605661905,-2.26171895775656,-2.96514733657143,0,0,0,402.647898659505,0,0
52.92,100,99.9479124756115,99.8925987724787,0.0153763689400134,0.156985703345659,-0.0439596064449299,-2.33138915690882,-2.93562525619118,0,0,0,402.648849436219,0,0
52.94,100,99.9480610847099,99.8929030143235,0.0150431411490689,0.155146102486665,-0.140036877643001,-2.38704893703533,-8.59783817807251,0,0,0,402.649907025373,0,0
52.96,100,99.948209269817,99.8931997226212,0.0145943980431164,0.151291133972927,-0.249907114248694,-3.14099470651129,-0.782397445189149,0,-0,0,402.649585054581,0,0
52.98,100,99.9483570321422,99.8934863151605,0.0140731428629297,0.145115400180676,-0.365197462863886,-2.81967417151505,2.10934974406453,0,-0,0,402.650207668187,0,0
53,100,99.9485043728919,99.8937632288981,0.013638567158777,0.136823604939553,-0.459529112616791,-2.18021043007751,2.16249141364174,0,0,0,402.650612998174,0,0
53.02,100,99.9486512932689,99.8940326036238,0.0133159505650803,0.126901216146802,-0.52881159526318,-1.61664439752342,-2.58976404176895,0,0,0,402.652055896144,0,0
53.04,100,99.9487977944725,99.8942959994832,0.0130139696822796,0.115738280507828,-0.587875787697882,-1.71992995742822,-1.05723057809286,0,-0,0,402.652566012018,0,0
53.06,100,99.9489438776986,99.8945529351119,0.0126776281822707,0.10339781962375,-0.645251445081609,-1.61861287487419,6.23438654179162,0,-0,0,402.652697734179,0,0
53.08,100,99.9490895441397,99.8948037564436,0.0124380001418431,0.0900830730634914,-0.679631792300452,-0.62057044393278,3.29775658522906,0,-0,0,402.654276085325,0,0
53.1,100,99.949234794985,99.8950513957107,0.0123399976120833,0.0764086722286565,-0.684498992853651,-0.120964664534386,3.21496777698027,0,-0,0,402.655246670841,0,0
53.12,100,99.9493796314202,99.8952978641362,0.0123182203491458,0.0628244506170203,-0.671163201024961,0.302006827034033,-3.88298334177577,0,0,0,402.656124804095,0,0
53.14,100,99.9495240546276,99.8955438163551,0.0122513059779445,0.0495477256837972,-0.659765525539712,-0.215637029969247,6.35289012095791,0,0,0,402.656305661421,0,0
53.16,100,99.9496680657862,99.8957879893753,0.01219375130791,0.0364818209344252,-0.641499122924766,0.611225762650646,-0.207907676727414,0,0,0,402.657790812921,0,0
53.18,100,99.9498116660715,99.8960319305524,0.0121918770842621,0.0239769149308847,-0.609648637175501,0.510718597843246,3.93382895766856,0,-0,0,402.658627553096,0,0
53.2,100,99.9499548566559,99.8962757646458,0.0122043811761071,0.0121394875447644,-0.571391679688762,0.939019174426201,-3.60058078838341,0,0,0,402.65960169839,0,0
53.22,100,99.9500976387083,99.8965198148516,0.0121744007971336,0.00109717571166221,-0.536505264607614,0.371538423214365,4.27258713707536,0,0,0,402.659966431571,0,0
53.24,100,99.9502400133941,99.8967625578521,0.0121157455270148,-0.00932705330678573,-0.502823650001886,0.86024954737246,3.89121462583421,0,0,0,402.661186119078,0,0
53.26,100,99.9503819818758,99.8970049993731,0.0121404072929306,-0.0189078386608957,-0.452936887149015,1.23676385387987,3.82393829928451,0,-0,0,402.662716820127,0,0
53.28,100,99.950523545312,99.8972486195126,0.0122318971914106,-0.0273604519331733,-0.390437775925126,1.55340235263395,7.80726351245562,0,-0,0,402.6634530546,0,0
53.3,100,99.9506647048586,99.8974950750832,0.012442818240355,-0.0343907529202315,-0.30786952966161,2.32478469640754,4.84765988133423,0,-0,0,402.665331764193,0,0
53.32,100,99.9508054616678,99.8977471348125,0.0127746396713116,-0.0395502556973568,-0.206455438873527,2.6236954970301,4.5706244969325,0,-0,0,402.66654424582,0,0
53.34,100,99.9509458168887,99.8980064785406,0.0131692070568344,-0.042594694412685,-0.0968871734212213,2.84712406447138,-1.38434502701881,0,0,0,402.667504189291,0,0
53.36,100,99.951085771667,99.8982736679258,0.0135294238537716,-0.0434841643353735,0.00411445566851061,2.29887129147887,-1.82065997292941,0,0,0,402.668641751958,0,0
53.38,100,99.9512253271452,99.8985468658607,0.0137711936572126,-0.0425799502623862,0.0826547177696963,1.76845421170261,-7.22128870510695,0,0,0,402.670024642594,0,0
53.4,100,99.9513644844625,99.8988232571557,0.0138248894580638,-0.0404027958414092,0.127636977641577,0.633335171788808,1.34817079689872,0,0,0,402.669823324554,0,0
53.42,100,99.9515032447549,99.8990991318898,0.0137677668383746,-0.0376086334161239,0.152220890740286,0.717587941049549,-1.11643227164326,0,0,0,402.671449857294,0,0
53.44,100,99.9516416091552,99.8993739179637,0.0137035363188215,-0.0343385118545336,0.173201186408605,0.483130468259621,2.32976388648411,0,0,0,402.672701586703,0,0
53.46,100,99.9517795787929,99.8996473588632,0.0136515908325965,-0.0306831084708643,0.193692778067705,0.708772102805179,-6.02769620239608,0,0,0,402.674137722415,0,0
53.48,100,99.9519171547942,99.8999195481117,0.0135358728429856,-0.026678459625891,0.20130018905048,-0.13808558173808,4.71318940914302,0,-0,0,402.674034226662,0,0
53.5,100,99.9520543382822,99.900188716299,0.0134068463350331,-0.0226570850793682,0.204665849963167,0.466060138262098,-3.64775926301808,0,0,0,402.675228840929,0,0
53.52,100,99.9521911303767,99.9004559441772,0.0132974621838062,-0.0184878316832937,0.208899701757959,-0.0522983998339077,3.80018840753724,0,-0,0,402.675266172608,0,0
53.54,100,99.9523275321945,99.90072068792,0.0131979038941967,-0.0143030256887015,0.212608910218954,0.427151174077816,0.856949483770478,0,-0,0,402.676787234413,0,0
53.56,100,99.9524635448491,99.9009843525139,0.0131726536389472,-0.00992012953453402,0.225914953599599,0.475113998384749,1.33130290380136,0,0,0,402.677255606762,0,0
53.58,100,99.9525991694507,99.9012478037801,0.0131788253587788,-0.00525018756798354,0.241647890608144,0.576895834183829,2.24185485851355,0,0,0,402.678679278302,0,0
53.6,100,99.9527344071065,99.9015118448765,0.0132357845671174,-0.0002185510103736,0.262704419391586,0.778624656031346,0.695753493210226,0,0,0,402.680330274992,0,0
53.62,100,99.9528692589204,99.9017774798101,0.0133296879693766,0.00527608182995861,0.286525453158661,0.760058695198183,2.59273610571189,0,-0,0,402.681368873434,0,0
53.64,100,99.9530037259934,99.9020453103449,0.0134650115118201,0.0112645585672996,0.313603262163222,0.9802987287573,-3.57946018352186,0,0,0,402.682773587313,0,0
53.66,100,99.953137809423,99.902315896273,0.0135736782562817,0.0177656490194391,0.332695302998244,0.401613704649722,-9.74034174060809,0,0,0,402.683337851953,0,0
53.68,100,99.9532715103038,99.9025869760034,0.0134893412453447,0.0243440637472601,0.31746897342265,-0.798048636211458,3.66995249152622,0,0,0,402.68304163568,0,0
53.7,100,99.9534048297274,99.9028550691521,0.0133443315195851,0.0303869859097932,0.29045836174397,-0.237012819600443,-5.45265105849446,0,0,0,402.684631668707,0,0
53.72,100,99.9535377687819,99.9031207312645,0.0131980426586263,0.0359470880327892,0.261443439970539,-0.88734722986386,4.16086184222937,0,-0,0,402.685011348308,0,0
53.74,100,99.9536703285527,99.9033830785892,0.0130634169995761,0.0408510445542746,0.233068229775378,-0.253100299549796,-5.27252322524734,0,0,0,402.686429362206,0,0
53.76,100,99.9538025101218,99.9036433056917,0.0129359216278339,0.0452671900909457,0.204600240538735,-0.879057634962835,0.0952507434477771,0,0,0,402.686306057705,0,0
53.78,100,99.9539343145683,99.9039001853879,0.0127580670979258,0.0489777101541822,0.167359033946764,-0.751874307136979,-1.06672238867101,0,0,0,402.687403055186,0,0
53.8,100,99.9540657429682,99.9041537319588,0.0125959352986188,0.0519763733765982,0.132377224481476,-0.786416933138108,-0.243903253609566,0,0,0,402.688090034608,0,0
53.82,100,99.9541967963942,99.9044040788543,0.0124421006359229,0.0542819342660682,0.0987406181154113,-0.712938513917564,3.90059180263133,0,-0,0,402.689285688329,0,0
53.84,100,99.9543274759163,99.9046519615222,0.012369478295767,0.0560151614477564,0.0783447022890652,-0.133381740200068,-3.51349678296678,0,-0,0,402.690235277838,0,0
53.86,100,99.9544577826012,99.9048989724835,0.0123151841326095,0.0574331424378326,0.0607975633877598,-0.5555780002601,-0.620292700300226,0,0,0,402.689581572999,0,0
53.88,100,99.9545877175126,99.9051442457347,0.0122119675727579,0.0583967100610469,0.0356070805985997,-0.559639119856618,6.49759314098857,0,-0,0,402.690252866994,0,0
53.9,100,99.9547172817113,99.9053881691625,0.0122153821267629,0.0589763593389738,0.0280290027153587,0.323252626440655,4.87547598289526,0,0,0,402.691094666015,0,0
53.92,100,99.9548464762549,99.9056340106863,0.0123916426462387,0.0597010278552969,0.0479898149328036,0.889061600734464,0.377614933863634,0,-0,0,402.693390149379,0,0
53.94,100,99.9549753021981,99.9058842371322,0.0126289310004492,0.0609528870395147,0.0766308270531111,0.816457642228967,1.14957756378686,0,0,0,402.693302857944,0,0
53.96,100,99.9551037605924,99.9061391761571,0.0128673889476286,0.0627578066421707,0.103989329932143,0.852244608566811,-0.871702456717433,0,0,0,402.695392099824,0,0
53.98,100,99.9552318524866,99.9063988221716,0.013089541552575,0.0650834814521293,0.127061524517649,0.629428651033125,3.58017088805656,0,-0,0,402.696025679179,0,0
54,100,99.9553595789262,99.9066629311648,0.0133370207727949,0.0678569875044628,0.152502314049178,0.991051562940715,0.194618492733596,0,0,0,402.697387896674,0,0
54.02,100,99.955486940954,99.9069325518511,0.0136223819507754,0.0712093526031048,0.181922439148168,0.882693409481195,-0.540083621080718,0,0,0,402.698529162099,0,0
54.04,100,99.9556139396097,99.9072076588436,0.0138827063612311,0.0750913448026769,0.204986714020375,0.697011762485543,-1.49276421792102,0,0,0,402.69970963231,0,0
54.06,100,99.9557405759299,99.9074875583783,0.0140978802632271,0.0793450329584164,0.218511326124009,0.416214454752265,-2.90364698783381,0,0,0,402.700203733143,0,0
54.08,100,99.9558668509485,99.9077710832543,0.0142396224144625,0.0837392115018964,0.218193708107446,-0.00290676939399042,0.234829950253021,0,0,0,402.700819817862,0,0
54.1,100,99.9559927656962,99.9080569046084,0.0143450596761758,0.0880239763651029,0.210455215233792,0.0249352813480962,5.7455552942208,0,-0,0,402.701954910044,0,0
54.12,100,99.9561183212009,99.9083455473064,0.0145489428882211,0.0922542937725605,0.217075289942035,0.73585648655149,-1.03961937141691,0,0,0,402.703700771941,0,0
54.14,100,99.9562435184876,99.9086392896292,0.0148180238218031,0.0967615959504725,0.232108753591992,0.506853203349198,0.792744196644752,0,0,0,402.704785608144,0,0
54.16,100,99.9563683585783,99.9089381885889,0.0150748587065718,0.101511263939699,0.24297731396496,0.536237587654558,-1.85717739226752,0,0,0,402.705942593078,0,0
54.18,100,99.9564928424921,99.9092421306017,0.0153091045725169,0.106441342168939,0.248032261539109,0.232096559134641,-2.88492143181746,0,0,0,402.70735620495,0,0
54.2,100,99.9566169712452,99.9095500668631,0.0154705714915164,0.111341581328803,0.239470986790892,-0.160533442854597,-3.99806886009257,0,-0,0,402.708135596506,0,0
54.22,100,99.9567407458509,99.9098603166711,0.0155366271984887,0.11590866295597,0.214212906775962,-0.640593923372557,-4.41836169509993,0,0,0,402.708136097202,0,0
54.24,100,99.9568641673195,99.910170819287,0.0154958043905066,0.119791664644386,0.171201909351967,-1.10857657633632,-2.0740855145327,0,0,0,402.708454693864,0,0
54.26,100,99.9569872366587,99.9104797137687,0.0153893362268405,0.122689125478167,0.117973183941827,-1.22114338964783,-4.31562299649107,0,0,0,402.709579252504,0,0
54.28,100,99.957109954873,99.9107859936678,0.0152233349736205,0.124453321671505,0.0562234688992482,-1.59731627939885,-1.47326557574505,0,0,0,402.710660084199,0,0
54.3,100,99.9572323229643,99.9110883518202,0.0150125556306905,0.124903334907217,-0.0108320958383461,-1.56935269842029,-2.24078132568714,0,0,0,402.711604201099,0,0
54.32,100,99.9573543419314,99.9113864076943,0.0147886603417488,0.124022700130084,-0.0774669838518762,-1.64040074215882,0.237500434905661,0,0,0,402.712235964886,0,0
54.34,100,99.9574760127705,99.9116799742463,0.0145757929508039,0.121837555207202,-0.139248260021886,-1.39253188249936,-1.12193349349234,0,-0,0,402.713131065316,0,0
54.36,100,99.9575973364748,99.9119695795214,0.0143841621139791,0.118497759436879,-0.19424067338841,-1.34700789633278,0.278183928331903,0,0,0,402.713401843035,0,0
54.38,100,99.9577183140346,99.912255449923,0.0142087399694229,0.1141099754289,-0.242967414728549,-1.13077110490255,0.0422626163848158,0,0,0,402.715088592568,0,0
54.4,100,99.9578389464376,99.9125381120093,0.0140607921507293,0.108833927989282,-0.283460933134515,-0.972961439726582,-2.39721927376217,0,0,0,402.716145677863,0,0
54.42,100,99.9579592346685,99.9128177443449,0.0138926200135462,0.102775576875322,-0.323274810021702,-1.14020719436792,1.46656986412353,0,0,0,402.716542818786,0,0
54.44,100,99.9580791797092,99.9130938304414,0.0137258945846648,0.0959337899693092,-0.358586883233159,-0.803352451784636,7.7958550720764,0,-0,0,402.717344277179,0,0
54.46,100,99.9581987825389,99.9133677877587,0.0137094081252646,0.0886223000301861,-0.365570244356038,0.277551859628578,1.41221412323638,0,0,0,402.718588178285,0,0
54.48,100,99.958318044134,99.9136430332785,0.0138179889172165,0.0814648424901794,-0.349263156486363,0.420450675341994,-0.0701821415802826,0,0,0,402.719799938195,0,0
54.5,100,99.9584369654679,99.9139204591807,0.0139195824066361,0.0746611173541964,-0.331507179123629,0.359757946697496,-2.14334447749475,0,0,0,402.72102004362,0,0
54.52,100,99.9585555475116,99.9141994127194,0.0139608794421385,0.0681557073101878,-0.321015967144005,0.0481979479083342,-1.16227414303816,0,0,0,402.721688338296,0,0
54.54,100,99.9586737912329,99.9144784316456,0.0139325953307868,0.0617634290703807,-0.319114246074053,-0.0988266846505382,-0.0137348280132965,0,0,0,402.723178841673,0,0
54.56,100,99.9587916975972,99.9147565122879,0.013873461616518,0.0553767464373655,-0.319413056204964,-0.0839679504789687,1.97182477007327,0,0,0,402.724217409989,0,0
54.58,100,99.958909267567,99.9150334922846,0.0138323447873884,0.0490248625302358,-0.314084441399463,0.175883152941924,-0.0184086210886564,0,0,0,402.725098183194,0,0
54.6,100,99.959026502102,99.9153098916281,0.0138043890683666,0.042843286831263,-0.304203217901294,0.153697408993852,-7.73120493636258,0,0,0,402.726122355621,0,0
54.62,100,99.9591434021593,99.9155847542497,0.013640505564276,0.0367252089662922,-0.31381152564828,-0.827658545669298,2.35751636118166,0,0,0,402.725622899617,0,0
54.64,100,99.959259968693,99.9158549832535,0.0133957233300225,0.0302274792188545,-0.333248281015617,-0.420679140796352,-1.58555792076933,0,-0,0,402.726726500313,0,0
54.66,100,99.9593762026549,99.9161206713421,0.0131647675038351,0.0234311241495856,-0.347186660322396,-0.560121209745067,1.96357978576078,0,-0,0,402.72647817761,0,0
54.68,100,99.9594921049937,99.9163816167956,0.0129396943960042,0.0163691347609562,-0.356871261188849,-0.238315278015054,4.25185590411498,0,0,0,402.726814734878,0,0
54.7,100,99.9596076766556,99.9166388592349,0.0128043519515947,0.00927335381569725,-0.349062814489682,0.327060293672985,1.29741106145064,0,0,0,402.728134338189,0,0
54.72,100,99.959722918584,99.9168942289185,0.0127352251320054,0.00249288505054126,-0.328217338702018,0.449774847508228,0.706876048499815,0,0,0,402.729576029288,0,0
54.74,100,99.9598378317197,99.9171483045211,0.0126716365558723,-0.00383677938862721,-0.304569107017476,0.482717080633911,4.62579282826379,0,0,0,402.731150752584,0,0
54.76,100,99.9599524170007,99.917401468593,0.0126635822443562,-0.00961903617131895,-0.270421157449797,0.99886990005546,1.70545770911263,0,0,0,402.73272420406,0,0
54.78,100,99.9600666753624,99.9176552576048,0.0127174739068188,-0.0145823626039981,-0.225489689610321,1.08170594506502,-2.55412010887369,0,0,0,402.733561871167,0,0
54.8,100,99.9601806077376,99.9179098169573,0.0127194087108602,-0.0186934719723702,-0.188650202671242,0.622275947638036,-4.15375136019135,0,0,0,402.733896718519,0,0
54.82,100,99.9602942150564,99.9181631577804,0.0125900881300078,-0.0222669685628094,-0.172553744334161,0.0240884023988955,-3.10475275108699,0,0,0,402.733989617954,0,0
54.84,100,99.960407498246,99.9184126043563,0.0123381141841002,-0.0257209392060102,-0.175293192813928,-0.363982043249254,4.02986019468013,0,0,0,402.734266868363,0,0
54.86,100,99.9605204582313,99.9186567920579,0.0121015076761397,-0.0292518366010275,-0.174230349985994,0.189736325683986,-3.56896541884403,0,0,0,402.736145087525,0,0
54.88,100,99.9606330959345,99.9188966684346,0.0118666416457378,-0.0326831120629579,-0.171870272905557,-0.277490495182319,-6.32721459017344,0,0,0,402.736815386522,0,0
54.9,100,99.9607454122749,99.9191304415351,0.0114797028716364,-0.036281696360712,-0.192683534986052,-1.02558246720331,3.79811088656875,0,-0,0,402.737776223102,0,0
54.92,100,99.9608574081695,99.9193557228038,0.0110710761068683,-0.0403973572651955,-0.214865043486695,-0.413678875031931,-3.25477526695268,0,0,0,402.738851640092,0,0
54.94,100,99.9609690845326,99.9195734078862,0.0106820720376748,-0.0448432040314479,-0.231855155175447,-0.760861561353552,8.47382213905928,0,-0,0,402.739744986088,0,0
54.96,100,99.9610804422757,99.9197836112757,0.0103826830614689,-0.0495593811921052,-0.232304023201256,0.394473167848395,7.0411666821073,0,0,0,402.741308876431,0,0
54.98,100,99.9611914823079,99.9199902365176,0.0103118081258766,-0.0538828517035667,-0.194829758359959,1.22285352552009,1.49071190346454,0,0,0,402.743019894447,0,0
55,100,99.9613022055356,99.9201967209829,0.0103374519060654,-0.0572514704872807,-0.142009512771049,1.2489777273467,4.47487920922661,0,0,0,402.743935408512,0,0
55.02,100,99.9614126128628,99.9204040783517,0.0104142169262215,-0.0595139786096723,-0.0818942091565793,1.64314634132987,-6.46021537642823,0,0,0,402.745274352717,0,0
55.04,100,99.9615227051907,99.9206127791202,0.0104160691136306,-0.0606208122449692,-0.0354640093318517,0.622163453193434,3.38856376922492,0,0,0,402.745740852498,0,0
55.06,100,99.961632483418,99.9208202418752,0.010344435379591,-0.0610180498901372,-0.00218040209006569,0.963105886196088,0.112055394370615,0,0,0,402.746909903996,0,0
55.08,100,99.9617419484409,99.9210267627762,0.0103042676323185,-0.0606853991194307,0.0346053893575579,0.85048587810637,-4.24013350158796,0,0,0,402.747961821729,0,0
55.1,100,99.9618511011529,99.9212318472435,0.0101799085053077,-0.059736907456181,0.0560649816679468,0.209208270658082,4.90145268650226,0,-0,0,402.747872632873,0,0
55.12,100,99.9619599424452,99.921433988255,0.0100584859840688,-0.0584473845096186,0.0765436362800314,0.791963151878581,0.201516903376231,0,-0,0,402.748714932353,0,0
55.14,100,99.9620684732061,99.9216346243151,0.0100034716762725,-0.0566175559807579,0.105816444762336,0.71115404098972,0.0507395235154767,0,-0,0,402.748822944151,0,0
55.16,100,99.9621766943217,99.9218340576895,0.00993806829653569,-0.0542406081394969,0.131214641557067,0.622633274582549,-8.03239633231928,0,0,0,402.749384000907,0,0
55.18,100,99.9622846066755,99.9220312595345,0.00974072660589923,-0.051526638394237,0.133219068307326,-0.461460603156154,0.468189515851528,0,0,0,402.749217687163,0,0
55.2,100,99.9623922111482,99.9222230048113,0.0094397040934034,-0.0490296229449003,0.117280505594639,-0.342157351851994,-4.00735165039803,0,0,0,402.750106506127,0,0
55.22,100,99.9624995086184,99.9224086113721,0.00910389979863561,-0.0468793071127884,0.0948988169221255,-0.796787015886412,1.52863830852166,0,0,0,402.750120952712,0,0
55.24,100,99.962606499962,99.9225870853033,0.00875589847621839,-0.0452478815763861,0.070206700702045,-0.500810924036326,3.32939948930563,0,0,0,402.750850447493,0,0
55.26,100,99.9627131860522,99.9227594960188,0.00850498452899496,-0.0439685808588164,0.0608294392707321,-0.0189327297328596,7.36293836751326,0,-0,0,402.752183562465,0,0
55.28,100,99.9628195677601,99.9229284426693,0.00842723538654916,-0.042633541332295,0.0785030810724452,0.901928413047397,-0.265524796970919,0,-0,0,402.754127779107,0,0
55.3,100,99.9629256459541,99.9230972206311,0.0084459804392704,-0.0407387110791612,0.109883155525502,0.74822728966273,4.90437499570663,0,0,0,402.754144258749,0,0
55.32,100,99.9630314215001,99.9232666474784,0.00851881005734406,-0.0381941987409818,0.147707271982774,1.26033671904676,-2.72609526584199,0,0,0,402.755804904648,0,0
55.34,100,99.9631368952615,99.9234380320032,0.00860165801531118,-0.0348403682064827,0.184282844742644,0.752116025951382,5.8912917075162,0,0,0,402.755843900209,0,0
55.36,100,99.9632420680994,99.9236109305152,0.00871570395372265,-0.0308072107055136,0.222939597726264,1.38621163814654,1.08053910856322,0,0,0,402.757818951614,0,0
55.38,100,99.9633469408724,99.9237872125276,0.00891338825641248,-0.0258580655881152,0.271461799151933,1.33570614383219,1.8305103313984,0,-0,0,402.758896041096,0,0
55.4,100,99.9634515144366,99.9239675894958,0.00912946804631203,-0.0199561816685098,0.318845103462474,1.38435718232857,-5.12080866678128,0,0,0,402.759689186107,0,0
55.42,100,99.9635557896455,99.9241518872947,0.00927098834616008,-0.0132148639793669,0.34986040204941,0.559423496353121,-1.60227517492671,0,0,0,402.759444331716,0,0
55.44,100,99.9636597673505,99.9243376988194,0.00930237298985223,-0.00610505010212831,0.35927031769491,0.282745060846027,-5.20397581505205,0,0,0,402.760027318612,0,0
55.46,100,99.9637634484003,99.9245233285029,0.00923620019420394,0.00102807269613342,0.349611597137779,-0.406505892572129,-3.75059622954255,0,0,0,402.75996126855,0,0
55.48,100,99.9638668336414,99.9247063831833,0.0090551889726994,0.00773951159072816,0.318917892817995,-0.823020797648612,-0.35037347526062,0,0,0,402.760089956317,0,0
55.5,100,99.9639699239176,99.924885356053,0.00884666160805037,0.0137443793560735,0.282057733181823,-0.758495402730767,-2.07733318027688,0,0,0,402.761875125865,0,0
55.52,100,99.9640727200705,99.9250602429423,0.0086373870421014,0.0190118499913473,0.243755068086603,-0.917849418888472,-1.80833227452651,0,0,0,402.763150888763,0,0
55.54,100,99.9641752229393,99.9252307020389,0.00840561504396079,0.0234648049889308,0.200972757614753,-1.02308309380576,-2.99459807862584,0,0,0,402.763787834664,0,0
55.56,100,99.9642774333608,99.9253962330196,0.00813883205405867,0.0270107635003687,0.152227000367097,-1.26172321743628,1.63268204339703,0,0,0,402.76433094126,0,0
55.58,100,99.9643793521693,99.925556398593,0.00789284728435597,0.0295789283150691,0.10709132122714,-0.890588907709175,6.51214332297734,0,-0,0,402.766109721244,0,0
55.6,100,99.9644809801968,99.9257130086626,0.00780543358881152,0.0314675080311599,0.0877638614286387,0.0388188780991674,4.29757718107015,0,-0,0,402.767734714594,0,0
55.62,100,99.9645823182729,99.9258697885623,0.00789436451609671,0.0332749677672645,0.0963368901566081,0.569274873709251,4.49107504311028,0,0,0,402.769298384312,0,0
55.64,100,99.9646833672249,99.9260296259161,0.008109740266929,0.0354479986871237,0.123961706214671,1.05355417059931,-4.21881207970452,0,0,0,402.771062401274,0,0
55.66,100,99.9647841278776,99.9261940583442,0.00830846839152797,0.0382005711639403,0.146933593439213,0.386590583152852,-2.20501616250502,0,0,0,402.770947069341,0,0
55.68,100,99.9648846010536,99.9263612361829,0.00839755606073886,0.0411968612988123,0.150567444482679,0.0592534900300881,0.629095389580821,0,-0,0,402.771319566646,0,0
55.7,100,99.9649847875732,99.9265298114272,0.00846380212323789,0.0441910065830311,0.149269115193145,0.127839353849733,-0.335465713780831,0,0,0,402.771518816136,0,0
55.72,100,99.965084688254,99.9266998360394,0.00853738660891807,0.0471673651178498,0.14796635842977,0.067937964682039,-1.46089509804018,0,0,0,402.772220536691,0,0
55.74,100,99.9651843039117,99.9268711458642,0.00858697827024494,0.0500763115595197,0.14169688285241,-0.124361813648701,-3.53162313921015,0,0,0,402.772727676252,0,0
55.76,100,99.9652836353595,99.9270428560094,0.00856800379429011,0.0527558073276066,0.123580395807034,-0.547935776798557,-5.99476541783916,0,0,0,402.773886644823,0,0
55.78,100,99.9653826834082,99.9272130092347,0.0084207890185843,0.0548803690937713,0.0846586498868004,-1.22395255456156,1.56240698432326,0,0,0,402.773380353291,0,0
55.8,100,99.9654814488663,99.927379458825,0.00823807819433468,0.0561109394799429,0.0408122550298226,-0.867379035301963,-2.76234688808547,0,-0,0,402.774226413375,0,0
55.82,100,99.9655799325401,99.9275426048288,0.00806689988512912,0.0565314953383549,-0.000104363010223792,-1.09796244194732,-1.25427262408729,0,0,0,402.773640837708,0,0
55.84,100,99.9656781352337,99.9277019210344,0.00786344165515456,0.0560823834493839,-0.0447229515760986,-1.10763693840549,5.37705052142498,0,-0,0,402.774659977704,0,0
55.86,100,99.9657760577485,99.927857764685,0.00775232680440079,0.0548552033773087,-0.0726596001188252,-0.28931339003529,4.05724327369184,0,0,0,402.776333666102,0,0
55.88,100,99.965873700884,99.9280130532015,0.00779737251285066,0.0533519051874894,-0.0741637198860728,0.256193549173512,-1.6738179852618,0,0,0,402.777883049866,0,0
55.9,100,99.9659710654373,99.9281698546192,0.00787257994152414,0.0519241430445796,-0.0701608932543014,0.0147597993287567,-0.0597118013053828,0,0,0,402.778548642615,0,0
55.92,100,99.9660681522032,99.9283277377695,0.00791471607417971,0.0505147206274396,-0.0708244877329123,0.00617655287500379,2.86453961744173,0,-0,0,402.779158406844,0,0
55.94,100,99.9661649619743,99.9284867027024,0.00799533002533603,0.0491376280660724,-0.0646116854019338,0.36294871047768,3.15714358425409,0,-0,0,402.77993815029,0,0
55.96,100,99.9662614955407,99.9286480901161,0.00815681827874187,0.0480190124789915,-0.0450910459833124,0.708819724701424,3.38334267242292,0,-0,0,402.780797390368,0,0
55.98,100,99.9663577536906,99.9288135047544,0.00839770965145962,0.0474172250338738,-0.0130889758632768,1.03648733326179,1.91124829946666,0,0,0,402.781478912254,0,0
56,100,99.9664537372097,99.9289843442855,0.0086907485912711,0.0475447886654932,0.0263671721216447,1.13797151860395,6.10066847682552,0,-0,0,402.782799013025,0,0
56.02,100,99.9665494468816,99.9291617394358,0.00907387148007861,0.048559404704985,0.0788142662067641,1.74656014191293,6.62194106168903,0,-0,0,402.783777084217,0,0
56.04,100,99.9666448834876,99.9293483063691,0.00960809156529369,0.0508426863111922,0.153053419694478,2.33930473256809,-4.22545559618338,0,0,0,402.78520863923,0,0
56.06,100,99.9667400478068,99.9295459172277,0.0101221072914477,0.0546330936600503,0.220375754780217,1.50048124137072,0.4445569326013,0,0,0,402.785196363245,0,0
56.08,100,99.9668349406159,99.9297525230571,0.0105352145404608,0.0595261119358949,0.267810841125895,1.35544271210907,-1.41170916986328,0,0,0,402.786538286425,0,0
56.1,100,99.9669295626897,99.9299670251882,0.0109034785500664,0.0652730186726329,0.304428542540342,0.99716860243391,8.92684179867057,0,-0,0,402.787188285865,0,0
56.12,100,99.9670239148005,99.9301892985164,0.0113656247852661,0.0717818270085999,0.352506326133394,1.97433980082413,2.64463954931496,0,-0,0,402.788923001449,0,0
56.14,100,99.9671179977186,99.9304225905241,0.0119698745665348,0.0794929533333801,0.418745331690074,2.03777132916543,-4.41983776690132,0,0,0,402.789528598374,0,0
56.16,100,99.967211812212,99.9306676253143,0.0125049878759344,0.0884197306845615,0.468431224058159,1.21307632272853,3.44339299425439,0,0,0,402.790357820875,0,0
56.18,100,99.9673053590466,99.9309225350562,0.013000597552196,0.0981551483796456,0.506608645036301,1.47707140760292,-10.3121446668519,0,0,0,402.79194915545,0,0
56.2,100,99.9673986389859,99.9311870657689,0.0134090969338557,0.108554612181728,0.525521807493059,0.277071407602919,-6.22085112862199,0,0,0,402.791493241805,0,0
56.22,100,99.9674916527916,99.9314574381518,0.0135993642386931,0.118912002957445,0.504980755935445,-0.539848274673545,-2.53126474473813,0,0,0,402.791905100624,0,0
56.24,100,99.9675844012227,99.9317303406601,0.0136840537806113,0.128620947340767,0.464386086426683,-0.788026018896028,-2.63502727734747,0,0,0,402.792987387156,0,0
56.26,100,99.9676768850366,99.9320045325356,0.0137285635592876,0.137429525391593,0.415104062729684,-1.01656189187427,0.0332549710092376,0,-0,0,402.793535904384,0,0
56.28,100,99.9677691049881,99.9322795069822,0.0137762330821349,0.145218812488669,0.364792802933066,-0.881776091024699,4.43469451133627,0,-0,0,402.794409718348,0,0
56.3,100,99.9678610618301,99.9325563053013,0.0139318008863249,0.152129769279659,0.330624683044034,-0.215885928216429,-4.22936755096699,0,0,0,402.795821350051,0,0
56.32,100,99.9679527563132,99.9328369509896,0.0141145560934139,0.158461516265181,0.299396599718635,-0.717048236252855,2.57765959783189,0,-0,0,402.796843923893,0,0
56.34,100,99.968044189186,99.9331208980373,0.0142978116149409,0.164101091606676,0.267267074190984,-0.303948031970018,-1.65223915891117,0,0,0,402.798024530093,0,0
56.36,100,99.9681353611949,99.9334090922213,0.0145160779560254,0.169183015406297,0.239899156946647,-0.472186574534994,-0.903572876681194,0,-0,0,402.799004282988,0,0
56.38,100,99.9682262730841,99.9337014077458,0.0147141988328048,0.173671602786325,0.208687182977966,-0.525251063071515,1.71674337489617,0,0,0,402.799563660401,0,0
56.4,100,99.9683169255957,99.9339978775155,0.0149445487973186,0.177563788151568,0.182387686678202,-0.243900137366179,-2.65448536594779,0,0,0,402.800830009438,0,0
56.42,100,99.9684073194698,99.934299181726,0.0151743896910825,0.180964126831576,0.155781250633978,-0.544651675445679,0.408630349188216,0,-0,0,402.801441092705,0,0
56.44,100,99.9684974554444,99.9346047315942,0.0153855171573259,0.183776652341808,0.126317826834907,-0.423852493147614,-4.96299822115246,0,-0,0,402.802151504732,0,0
56.46,100,99.9685873342551,99.9349142328054,0.0155420108238178,0.185960144067213,0.0885196224241548,-0.988862718803606,5.60837193963896,0,-0,0,402.801804734149,0,0
56.48,100,99.9686769566357,99.9352266391135,0.0157309679960671,0.187361798073297,0.0570415626487335,-0.15983357256469,-2.64788422627165,0,-0,0,402.803580211094,0,0
56.5,100,99.9687663233178,99.9355438357054,0.0159758547132925,0.188305856161614,0.0354338728471519,-0.471034445369267,-7.22195212380983,0,0,0,402.803292407944,0,0
56.52,100,99.968855435031,99.935864718203,0.0160781359122349,0.188632958943419,-0.00795793140097606,-1.3100159541905,-4.77766397489197,0,0,0,402.803022390899,0,0
56.54,100,99.9689442925026,99.9361859146619,0.0160229859565572,0.18783479561073,-0.0743454106286289,-1.73251656226673,1.43208538717278,0,0,0,402.803071088002,0,0
56.56,100,99.9690328964581,99.9365055634898,0.0159557645544671,0.185670173875134,-0.139276709605134,-1.32347505789111,-2.9148170298645,0,0,0,402.80450462486,0,0
56.58,100,99.9691212476208,99.9368242066775,0.0158984494291839,0.182298176422148,-0.198903245008554,-1.50998691448531,4.00152223659339,0,0,0,402.805320399886,0,0
56.6,100,99.9692093467118,99.9371418149241,0.0158871079959589,0.177792291243642,-0.247015032105812,-0.809163921043829,-0.926196939935549,0,0,0,402.806956075355,0,0
56.62,100,99.9692971944504,99.9374601021097,0.015938227065858,0.172509890763887,-0.281124071902335,-0.816120696028527,0.53021880517845,0,-0,0,402.807210581798,0,0
56.64,100,99.9693847915536,99.9377793542243,0.0159906665817962,0.166575559041497,-0.311045547851951,-0.640056413322815,1.8527536302115,0,0,0,402.807804876024,0,0
56.66,100,99.9694721387367,99.938099991756,0.0160824086367451,0.160137124927518,-0.330646059288764,-0.320563323773691,-3.79682258000277,0,0,0,402.809774602976,0,0
56.68,100,99.9695592367125,99.9384224120264,0.0161392089310072,0.153336756915487,-0.352016474154737,-0.748845027451553,2.92895225937673,0,0,0,402.809986720872,0,0
56.7,100,99.9696460861921,99.938745471448,0.016181680732498,0.146070426580261,-0.371506877159844,-0.280582321501791,-1.39714875767991,0,0,0,402.811886029814,0,0
56.72,100,99.9697326878845,99.9390697872759,0.016241023615252,0.138520700782444,-0.384230227260687,-0.414588419516179,-2.34557832851474,0,0,0,402.812413517064,0,0
56.74,100,99.9698190424967,99.939394672812,0.0162345789629269,0.130657847903714,-0.403427098541302,-0.647065525433486,1.29690211901833,0,-0,0,402.814128679185,0,0
56.76,100,99.9699051507335,99.9397190445957,0.0162086269289481,0.122393004218317,-0.421344243295598,-0.397429934312801,-1.80896329427269,0,0,0,402.814112830741,0,0
56.78,100,99.9699910132979,99.9400429165307,0.0161679970058761,0.113816938695921,-0.437227952739632,-0.565585715708217,1.83381936428109,0,0,0,402.815350891111,0,0
56.8,100,99.9700766308908,99.940365729056,0.0161214629074135,0.104928383957011,-0.449559698163539,-0.258407161671428,-2.85432469463597,0,0,0,402.816143882281,0,0
56.82,100,99.9701620042111,99.9406875932277,0.0160483690819729,0.0958343049972867,-0.461781894551902,-0.576622201616567,-0.606889253489803,0,0,0,402.816008247938,0,0
56.84,100,99.9702471339559,99.9410072605523,0.0159144194996222,0.0864229921939878,-0.47919515212621,-0.571565954269615,5.15456764646255,0,-0,0,402.816688233123,0,0
56.86,100,99.9703320208198,99.9413245999908,0.0158440924972449,0.076767245795403,-0.481683482235128,0.150262443964769,8.66192025512896,0,-0,0,402.817443800945,0,0
56.88,100,99.9704166654961,99.9416422982088,0.0159644296903899,0.067387093450599,-0.449561769615934,1.21376150698969,-6.65699999056178,0,0,0,402.818847681811,0,0
56.9,100,99.9705010686756,99.9419630614646,0.0160698024883585,0.0587831589248628,-0.417190527816684,0.226998614116897,-4.6386502246567,0,0,0,402.818712404068,0,0
56.92,100,99.9705852310473,99.9422837128218,0.0159681041835652,0.0504973511777983,-0.415212485341993,-0.378363096281524,-2.42956298782069,0,0,0,402.818155494951,0,0
56.94,100,99.9706691532983,99.9426009820226,0.0157454687796279,0.0420699162303237,-0.429019991483548,-0.627236174820928,0.240887992683437,0,0,0,402.818416685384,0,0
56.96,100,99.9707528361136,99.9429132937499,0.0154867176886375,0.0333257610373405,-0.444536216572675,-0.510442159742209,4.86201629498025,0,-0,0,402.818710023523,0,0
56.98,100,99.9708362801764,99.9432209518221,0.0153024414659336,0.0243965105309587,-0.443995554767266,0.166304519275187,0.254426997980687,0,0,0,402.819054210217,0,0
57,100,99.9709194861679,99.9435257906397,0.0151788179579339,0.0156528601633188,-0.430266178324121,0.17960335888638,2.1536286303027,0,0,0,402.819284381232,0,0
57.02,100,99.9710024547673,99.94382819624,0.0150686745543193,0.00722096186540626,-0.411331415175774,0.428488439248324,-1.11468689695157,0,0,0,402.82027761749,0,0
57.04,100,99.9710851866518,99.9441284606398,0.0149474947120849,-0.000795241923567918,-0.391518865809898,0.237342084811932,0.844221263663425,0,0,0,402.821225829977,0,0
57.06,100,99.9711676824969,99.944425907649,0.01479771892369,-0.00845316724430747,-0.373779852254037,0.314830456039245,0.0408398954344161,0,-0,0,402.821860172218,0,0
57.08,100,99.971249942976,99.9447203035909,0.0146381793187218,-0.0157414613998185,-0.355272003385172,0.2811759116888,0.0325708133327484,0,0,0,402.821949674863,0,0
57.1,100,99.9713319687606,99.9450112931278,0.0144573817732051,-0.0226724378985289,-0.338022754174594,0.251242254395306,1.58043940894334,0,-0,0,402.822339237313,0,0
57.12,100,99.9714137605202,99.9452986275947,0.0142806401683512,-0.0292443259614148,-0.318119073563751,0.417379595385992,-2.8388006730548,0,0,0,402.822401687351,0,0
57.14,100,99.9714953189227,99.9455822375299,0.0140624002276018,-0.0354311386097742,-0.303163659451814,0.0114469067417704,4.86555398131435,0,0,0,402.8225975356,0,0
57.16,100,99.9715766446337,99.9458612358254,0.0138597909748917,-0.0413405117220098,-0.28390266371491,0.619210426111261,0.854089005042536,0,0,0,402.823496984037,0,0
57.18,100,99.9716577383172,99.9461370584436,0.0137222301162856,-0.0467101945826597,-0.252954251513026,0.646011321669614,-6.58927828101752,0,0,0,402.823787813785,0,0
57.2,100,99.9717386006351,99.9464093561511,0.0134704399873335,-0.0515770720067308,-0.239528556348635,-0.258224263034743,-0.597929622692652,0,0,0,402.823514891537,0,0
57.22,100,99.9718192322476,99.9466750940261,0.013100331791154,-0.0564071604187429,-0.243675332715785,-0.296301297536315,1.98534144224468,0,0,0,402.823578303744,0,0
57.24,100,99.9718996338128,99.9469335169685,0.0127519666072748,-0.0612886585162517,-0.242590981230289,-0.0070637519781591,4.87389407320001,0,-0,0,402.824112017696,0,0
57.26,100,99.9719798059871,99.9471858417019,0.0125035534032191,-0.065993633885144,-0.224022567740424,0.60367337183908,-2.31924175377424,0,0,0,402.824896164788,0,0
57.28,100,99.972059749425,99.9474337897434,0.0122758752393971,-0.0702242695566676,-0.201428268937526,0.237140536971658,-0.202309609758675,0,0,0,402.825143176431,0,0
57.3,100,99.9721394647791,99.9476765171411,0.0119938917597636,-0.0741044057873126,-0.186951182531509,0.182745183841971,-0.675227784114858,0,0,0,402.825510027011,0,0
57.32,100,99.9722189527,99.9479133855706,0.0116879747426468,-0.0777237317517378,-0.175674852935534,0.0758248579673889,0.168259609806885,0,0,0,402.82530219351,0,0
57.34,100,99.9722982138368,99.9481439360437,0.0113669176452132,-0.081143162141254,-0.166188535764708,0.0890350183733284,-0.160463847202075,0,-0,0,402.825843266244,0,0
57.36,100,99.9723772488363,99.9483680224218,0.0110399009065375,-0.0843738404198338,-0.157081841378243,0.0581332997374259,3.66583666379413,0,-0,0,402.825365343128,0,0
57.38,100,99.9724560583439,99.9485858557752,0.0107608716208564,-0.0873710845991106,-0.139793052376784,0.508446025119722,-0.105546530774822,0,0,0,402.825561311209,0,0
57.4,100,99.9725346430028,99.9487987294157,0.0105233090700374,-0.0899222109211893,-0.11587326154873,0.430912667774213,6.19225674370115,0,-0,0,402.826854508595,0,0
57.42,100,99.9726130034545,99.9490073161854,0.0103639771380887,-0.0919233583420053,-0.0797595367343625,1.14681111014928,5.54432791535997,0,-0,0,402.827762540646,0,0
57.44,100,99.9726911403388,99.9492143037805,0.0103571209381424,-0.0929580127612441,-0.0204317702338629,1.68669819186322,-0.2118114386106,0,0,0,402.828687008092,0,0
57.46,100,99.9727690542935,99.9494218626646,0.0103904323956107,-0.0927149089264864,0.0429427711711004,1.43734764789029,-3.44524979887102,0,0,0,402.829217874044,0,0
57.48,100,99.9728467459546,99.9496292893566,0.0103294179528447,-0.0913607884925219,0.0883446552828842,0.816908720654052,-0.325696773780924,0,0,0,402.828921469594,0,0
57.5,100,99.9729242159563,99.9498345120477,0.010188785915551,-0.089282861739157,0.118387537590106,0.668344027406431,1.40196227369287,0,0,0,402.82984118888,0,0
57.52,100,99.973001464931,99.9500368731684,0.0100527275229206,-0.086636557788553,0.146683952457821,0.754129659392516,-1.86117948611953,0,0,0,402.830676005207,0,0
57.54,100,99.9730784935094,99.9502364983589,0.00989872860739307,-0.0834532840398379,0.169415912987256,0.420763305773691,-4.39884282457339,0,0,0,402.830536899498,0,0
57.56,100,99.9731553023203,99.950432154792,0.00964494478255925,-0.0799842697318929,0.173575778661176,-0.184403710568589,4.67803621259803,0,-0,0,402.830412548274,0,0
57.58,100,99.9732318919906,99.9506224045534,0.00940601167335413,-0.0765057581882334,0.178120035301842,0.422185947901296,-3.59769435178265,0,0,0,402.831524035979,0,0
57.6,100,99.9733082631456,99.9508085292168,0.00918845900659488,-0.0728535040152472,0.183823468267929,-0.0839117983112,-4.20436361831532,0,0,0,402.831138396291,0,0
57.62,100,99.9733844164087,99.9509892093924,0.00886090163489003,-0.0692842522076742,0.169827201158172,-0.598813990600403,2.21304929217128,0,-0,0,402.830437979982,0,0
57.64,100,99.9734603524016,99.9511629227848,0.00852597338046119,-0.0660758720154692,0.153308161643296,-0.24481072370003,-3.3376578472633,0,0,0,402.83095140952,0,0
57.66,100,99.9735360717442,99.9513302645985,0.00819434219298238,-0.0631580872669358,0.136041170408624,-0.629969805216581,1.8943210224199,0,-0,0,402.830409612653,0,0
57.68,100,99.9736115750545,99.9514907113332,0.00786412684059921,-0.0606378783214697,0.118058780882228,-0.311554797896638,0.0183883156263755,0,-0,0,402.830646297826,0,0
57.7,100,99.973686862949,99.9516451561085,0.00758319938141943,-0.0583895224123508,0.107070442745511,-0.268876638188273,-3.40722406683975,0,0,0,402.830779310003,0,0
57.72,100,99.9737619360423,99.9517937966161,0.00726638495112273,-0.0564003638108684,0.0893956109174074,-0.658453215608613,0.951112289879735,0,-0,0,402.830677052039,0,0
57.74,100,99.9738367949471,99.9519357131543,0.0069341180879656,-0.0548324743203161,0.0687619525392089,-0.453395428286835,-1.88130715919046,0,0,0,402.830768701749,0,0
57.76,100,99.9739114402745,99.952071203029,0.00660857348879503,-0.0536455025568987,0.0488798794892552,-0.627056792878227,0.00192887193007436,0,0,0,402.831480055126,0,0
57.78,100,99.973985872634,99.9522000101283,0.00627581146270375,-0.0528851642410253,0.0277497896085859,-0.543859182536037,-1.40916770909693,0,0,0,402.831602931023,0,0
57.8,100,99.9740600926332,99.9523222273759,0.00594207373739387,-0.0525363140634547,0.00654699990264466,-0.646110632482455,3.80015639573823,0,-0,0,402.832472129504,0,0
57.82,100,99.9741341008778,99.9524380785646,0.00566533351213821,-0.0525593039127832,-0.0052317448680032,-0.0875163017624881,3.09972193323215,0,0,0,402.832359125943,0,0
57.84,100,99.9742078979721,99.952549606089,0.00550360184172543,-0.0526232629034073,0.00136828143885864,0.311263580966549,-0.343085754757269,0,0,0,402.833281661328,0,0
57.86,100,99.9742814845185,99.9526584804153,0.00538109230142041,-0.0524676085507625,0.0136244130692905,0.227970682512609,-3.06974346607043,0,0,0,402.833798739576,0,0
57.88,100,99.9743548611177,99.9527644706575,0.00520209708593084,-0.0521444173713454,0.0160451951617556,-0.184545281302455,6.06839277397982,0,-0,0,402.833734306279,0,0
57.9,100,99.9744280283686,99.9528669062269,0.00507299425509021,-0.0517736224662415,0.0260018235255492,0.596854799555087,-1.03773408767276,0,0,0,402.834966899444,0,0
57.92,100,99.9745009868686,99.9529678510643,0.00501412848273045,-0.0510376340028258,0.046194860781986,0.388587710008467,1.69798496258278,0,0,0,402.835212391613,0,0
57.94,100,99.9745737372133,99.9530674796923,0.00495607966807643,-0.0499329900827619,0.065226136855118,0.548676704919491,4.89743095276886,0,0,0,402.83574693782,0,0
57.96,100,99.9746462799965,99.9531667032577,0.00498894226279393,-0.0483409085392974,0.0973125392525594,1.08676245927638,-0.949817759566895,0,0,0,402.837176040204,0,0
57.98,100,99.9747186158105,99.9532672980768,0.00506181867702565,-0.0460139800525396,0.133561996872446,0.823267808447636,1.46186861126634,0,-0,0,402.837118837629,0,0
58,100,99.9747907452456,99.9533691042681,0.00512355305706562,-0.0430265320321456,0.165520640270806,0.895236486997471,5.08726781535931,0,-0,0,402.837553957711,0,0
58.02,100,99.9748626688908,99.953472798807,0.00526855376292869,-0.0393216224565717,0.208097048718274,1.40905107927725,-3.19928616581558,0,0,0,402.838350297441,0,0
58.04,100,99.9749343873331,99.9535798610069,0.00541704201958297,-0.0347238469898589,0.247763287579409,0.821868939130437,-7.02712244172591,0,0,0,402.838462789074,0,0
58.06,100,99.975005901158,99.9536883245266,0.00539261907065655,-0.0296194145420917,0.256297740961648,-0.165492689166905,1.61305881824648,0,0,0,402.837627566205,0,0
58.08,100,99.9750772109494,99.9537950778264,0.00529362992532819,-0.0245660488007644,0.250439740416223,0.0559426753854656,-1.5661878717839,0,-0,0,402.838549210771,0,0
58.1,100,99.9751483172892,99.9539001579185,0.00520835250131121,-0.0196023849930172,0.244597623732037,-0.149251703752028,-0.0940911195520764,0,0,0,402.838333721045,0,0
58.12,100,99.975219220758,99.9540033398209,0.00511203374972544,-0.014807087252656,0.234968897633265,-0.143117722928235,2.33154789413366,0,-0,0,402.838724022471,0,0
58.14,100,99.9752899219347,99.9541049725504,0.00506534452639299,-0.0101624564929617,0.231438753140178,0.163975564398868,-1.17996774331336,0,0,0,402.838963105209,0,0
58.16,100,99.9753604213962,99.9542061281042,0.00504540638741022,-0.00553538381405908,0.230148075150177,-0.00667724908988054,3.24856487751877,0,-0,0,402.839267004286,0,0
58.18,100,99.9754307197183,99.9543070651897,0.00506624328795992,-0.000925341506850763,0.233394339272478,0.396532937692032,-2.22175701689354,0,0,0,402.83958112091,0,0
58.2,100,99.9755008174746,99.954408897073,0.00510584410003855,0.00380421623002964,0.237394107721482,0.065094856661292,-2.01549018856812,0,0,0,402.839765368183,0,0
58.22,100,99.9755707152375,99.9545109077069,0.00508669636397153,0.00849356209876408,0.229857852057136,-0.196422482317172,-0.183492712807346,0,0,0,402.840175579008,0,0
58.24,100,99.9756404135774,99.954612234885,0.00504774788416564,0.0129664398945159,0.217449629646286,-0.194634618190875,4.80179496887678,0,-0,0,402.840962235052,0,0
58.26,100,99.9757099130635,99.9547133943144,0.00509456347996355,0.0172741890479675,0.217279649008253,0.427845183933853,-6.4247836725194,0,0,0,402.841993524575,0,0
58.28,100,99.9757792142631,99.9548158626678,0.00511990042072811,0.0216192241465338,0.211708806735755,-0.431833855716422,1.76497023929756,0,0,0,402.841449575692,0,0
58.3,100,99.9758483177418,99.9549178150207,0.00508765196354246,0.0256732935048118,0.195490194993436,-0.15547096765999,3.31659011807766,0,0,0,402.842753079644,0,0
58.32,100,99.9759172240637,99.9550199910478,0.00514855751063997,0.0295306653032118,0.192999962008004,0.277691461236044,-0.407359548414738,0,0,0,402.844230602739,0,0
58.34,100,99.9759859337915,99.9551240778905,0.00525814318056739,0.0334337546158677,0.196698770212197,0.188532845143626,-2.51167526494013,0,0,0,402.844756645904,0,0
58.36,100,99.9760544474859,99.9552300305573,0.00532510221672421,0.0373413554005818,0.191875694081669,-0.151023207071263,0.354584834676209,0,0,0,402.845095802683,0,0
58.38,100,99.9761227657063,99.9553369259852,0.0053682117864032,0.04107509475143,0.181908922472597,-0.0876833376059514,-0.553786864658954,0,-0,0,402.846195714828,0,0
58.4,100,99.9761908890104,99.9554448083338,0.0054188366270356,0.0446179149325019,0.171998079146482,-0.14731479037325,-4.19405510833638,0,0,0,402.846141924598,0,0
58.42,100,99.9762588179542,99.9555532631387,0.00540755583067878,0.0478814120622226,0.151162482543603,-0.65239224182778,2.23095006097317,0,-0,0,402.84583510974,0,0
58.44,100,99.9763265530923,99.9556610496989,0.00538614693453993,0.0506523108383328,0.128306381595754,-0.28904660422024,0.781615586841092,0,0,0,402.846613343131,0,0
58.46,100,99.9763940949777,99.9557691243719,0.00542731560450261,0.0530780454192216,0.115157239588311,-0.153810541961887,-0.413801131920214,0,0,0,402.847629836954,0,0
58.48,100,99.9764614441617,99.9558782446194,0.00548402388498142,0.0552719725518112,0.104052639580508,-0.18544693981562,0.71584875497109,0,-0,0,402.848472465404,0,0
58.5,100,99.9765286011941,99.9559885741937,0.00555387125399068,0.0572519589831111,0.0946799502253129,-0.0732446294192397,-0.608451822979689,0,0,0,402.848538724658,0,0
58.52,100,99.9765955666231,99.9561004492432,0.00563140913859999,0.0590646376268391,0.0861722376102168,-0.140392497620959,-6.96665991928958,0,0,0,402.848828316406,0,0
58.54,100,99.9766623409953,99.9562130953454,0.00559958992323667,0.0605790748201193,0.0598975800714606,-0.991448223004865,2.53632848716905,0,-0,0,402.848010683572,0,0
58.56,100,99.976728924856,99.9563241387199,0.00552216065996061,0.0614183898560668,0.0269956556454203,-0.544194232577791,0.20828130801238,0,-0,0,402.848848595344,0,0
58.58,100,99.9767953187485,99.9564343920577,0.00550666178772189,0.0617304739703612,0.0049035126980615,-0.446939719713476,1.70630423512949,0,0,0,402.848830576623,0,0
58.6,100,99.976861523215,99.9565446860065,0.00553310055440747,0.0616650153516063,-0.00965932380602072,-0.174544972052884,-2.38369403523439,0,0,0,402.849831643168,0,0
58.62,100,99.9769275387958,99.9566556840716,0.00555538002849425,0.06134328107548,-0.0242139467317147,-0.447680121634503,-2.34150926865366,0,0,0,402.850514711217,0,0
58.64,100,99.9769933660298,99.9567664762084,0.00551385464959368,0.0606344870252918,-0.0480705532824405,-0.67987074019042,-5.65756099055264,0,0,0,402.850672388811,0,0
58.66,100,99.9770590054544,99.9568755181343,0.00536476052136274,0.0593143568499805,-0.0877423868413415,-1.29483947000871,-2.60931683485208,0,0,0,402.850015674925,0,0
58.68,100,99.9771244576056,99.956980408909,0.00511649343175765,0.0570350318182048,-0.140978997282592,-1.44720143684917,0.715683834121289,0,-0,0,402.850200770371,0,0
58.7,100,99.9771897230174,99.9570802124136,0.00487289456599877,0.0537014254382324,-0.19039032271598,-1.1644354618612,-2.76865867556164,0,0,0,402.850756337637,0,0
58.72,100,99.9772548022228,99.9571752961098,0.00462557024826444,0.049436578559788,-0.237116018692748,-1.35207339312669,-0.950325156915265,0,-0,0,402.851543919517,0,0
58.74,100,99.977319695753,99.9572650361374,0.00434804931356755,0.0442095139111483,-0.285000117114536,-1.28955239715004,0.366244370516947,0,0,0,402.851179845443,0,0
58.76,100,99.9773844041377,99.9573493258331,0.00408652525916059,0.0380808728444409,-0.326279539000936,-1.06936457728039,-1.79778385014537,0,-0,0,402.851984220775,0,0
58.78,100,99.9774489279052,99.9574284731322,0.00382171447767853,0.0311819734571063,-0.363950033985714,-1.14887532841523,8.08005345731205,0,-0,0,402.851641300532,0,0
58.8,100,99.9775132675821,99.9575029381025,0.00366756322641032,0.0236715018561558,-0.379548886470961,0.0101059650931626,2.74023146269066,0,-0,0,402.853110647902,0,0
58.82,100,99.9775774236938,99.9575762290008,0.00367228941926883,0.0161918640529544,-0.366205061786944,0.353827175318255,-2.68337971915231,0,0,0,402.853584506124,0,0
58.84,100,99.9776413967639,99.9576496752921,0.00365470055497063,0.00901592101253168,-0.353794427001968,-0.0236302349370345,-3.18235190724347,0,0,0,402.853767131928,0,0
58.86,100,99.9777051873147,99.9577216988065,0.0035293781267939,0.0019429681286145,-0.35594337109673,-0.414136399227028,-2.22917199750736,0,0,0,402.853224592384,0,0
58.88,100,99.9777687958669,99.9577902550553,0.00331455723159489,-0.00529619779054907,-0.369284513903308,-0.633697301693599,-1.73642383533592,0,0,0,402.852964199443,0,0
58.9,100,99.9778322229397,99.957853883892,0.00304004433573356,-0.0128684171258286,-0.38864664167152,-0.762587053536484,-0.272648813479246,0,-0,0,402.852706109699,0,0
58.92,100,99.977895469051,99.957911685662,0.00273960435253985,-0.0208438083936823,-0.408322338551614,-0.692215574613133,1.37769473992577,0,0,0,402.852234424476,0,0
58.94,100,99.977958534717,99.9579636078931,0.00245991825711827,-0.0291525762558671,-0.420738639157349,-0.423928896934549,1.24078779655186,0,-0,0,402.852932931458,0,0
58.96,100,99.9780214204525,99.9580103336093,0.00221793333339837,-0.0376081852359161,-0.423380104239623,-0.209330275736711,3.74913992086646,0,-0,0,402.852743984702,0,0
58.98,100,99.978084126771,99.9580527737046,0.00204287572722036,-0.0459929912659718,-0.411881693165761,0.290014295627214,1.55730182857316,0,-0,0,402.853250085525,0,0
59,100,99.9781466541842,99.9580924510275,0.00192853425182453,-0.0540004917153366,-0.387870810541804,0.448958002920623,4.96203913337531,0,-0,0,402.852849540817,0,0
59.02,100,99.9782090032027,99.958130400638,0.00188655722597873,-0.0614150650618646,-0.350050054005759,1.01217320475861,0.948702083673218,0,0,0,402.853755567287,0,0
59.04,100,99.9782711743353,99.9581682605413,0.00189731836137586,-0.0679380125202216,-0.302426629829157,1.00031406659849,2.64447752453067,0,0,0,402.854335364499,0,0
59.06,100,99.9783331680897,99.9582063912148,0.00192248474981068,-0.0734914787628209,-0.251760872030176,1.20055077622228,-2.54823925971115,0,0,0,402.854824016137,0,0
59.08,100,99.9783949849719,99.9582448866683,0.00190743857082382,-0.0780514459207107,-0.207380354514413,0.726320888411625,7.83499866807316,0,-0,0,402.854503755527,0,0
59.1,100,99.9784566254864,99.958283019567,0.00194042885560458,-0.0817327544175204,-0.155237909535672,1.60953828548004,-0.346637546671641,0,0,0,402.856029817512,0,0
59.12,100,99.9785180901366,99.9583229729253,0.00204508334101395,-0.0841922562140724,-0.0925259008183383,1.35473289944259,2.14379509156928,0,-0,0,402.856143201899,0,0
59.14,100,99.9785793794241,99.9583647184893,0.00213366091601878,-0.085460703743439,-0.0339316625769658,1.44301107687247,-1.44683730216689,0,0,0,402.856162390347,0,0
59.16,100,99.9786404938492,99.958408119467,0.00219278941258904,-0.085594946552013,0.0179642731848775,1.07134878966881,7.45224729790342,0,-0,0,402.855637083259,0,0
59.18,100,99.978701433911,99.9584528385068,0.00231183417964091,-0.0846905808797482,0.0773130476514089,1.85822741261229,8.91879239953625,0,-0,0,402.856622732457,0,0
59.2,100,99.9787622001068,99.958501985249,0.00263962408947767,-0.0823002435160806,0.166951552480812,2.72286957498362,2.47330203675284,0,-0,0,402.857826655658,0,0
59.22,100,99.9788227929326,99.9585591652332,0.003079740810729,-0.0779263288258476,0.269732984070578,2.66856811918795,4.90241188312787,0,0,0,402.858304580914,0,0
59.24,100,99.9788832128832,99.9586254981801,0.00356800743687815,-0.0714985659316817,0.374298887425513,2.9240723003719,8.96652332103015,0,-0,0,402.859734086866,0,0
59.26,100,99.9789434604518,99.9587028693867,0.00420327142967411,-0.0628428303736959,0.495472813661137,3.65007350617662,1.38894034548869,0,0,0,402.860908607186,0,0
59.28,100,99.9790035361301,99.9587941670915,0.00492047672551225,-0.0516507714192717,0.62123332861342,3.33472096390021,2.78755961860997,0,0,0,402.861685258017,0,0
59.3,100,99.9790634404085,99.9588996379385,0.00562988263171936,-0.0380648234046648,0.7362582723659,3.23485294929323,0.625502899142999,0,0,0,402.863086542137,0,0
59.32,100,99.9791231737762,99.9590192964043,0.0063297051690896,-0.0222786222853391,0.839630685677843,2.87722935045046,1.67206594715966,0,-0,0,402.863986906361,0,0
59.34,100,99.9791827367207,99.9591527297245,0.00701487161239299,-0.0045651670360322,0.930138311427811,2.69568333007048,5.4885170657971,0,-0,0,402.864490755414,0,0
59.36,100,99.9792421297282,99.9593003601888,0.00776982782685221,0.0149297155391127,1.02095632208931,3.01359297678046,2.86561085823972,0,-0,0,402.865983461571,0,0
59.38,100,99.9793013532836,99.9594641006182,0.00861189958196601,0.0362876318790099,1.11405047844614,2.96111498589712,3.25561841436839,0,-0,0,402.866979274725,0,0
59.4,100,99.9793604078704,99.9596451993637,0.00950842424071558,0.0594673649202965,1.20348840680281,2.96360240701883,-3.88999673646145,0,0,0,402.868361669083,0,0
59.42,100,99.9794192939706,99.959844133573,0.0103604286164839,0.0842919217322403,1.27287496010588,2.07389740862867,-8.81163938070039,0,0,0,402.868699577894,0,0
59.44,100,99.9794780120648,99.9600583955113,0.011028627539204,0.110102681262384,1.30024744683841,0.873897408628672,-2.85330338471229,0,0,0,402.86849374566,0,0
59.46,100,99.9795365626326,99.9602843458393,0.0115571477801869,0.136077015165187,1.2939250746643,0.389999425995252,-2.02966714518602,0,-0,0,402.869283901725,0,0
59.48,100,99.9795949461517,99.9605204370188,0.0120488551474277,0.16175207942229,1.27143918141348,0.0724883961230271,-4.84712037989315,0,0,0,402.869883770848,0,0
59.5,100,99.9796531630989,99.960765910578,0.0124825596377438,0.186808763441889,1.23017493949,-0.553813647102815,-2.72796291173497,0,-0,0,402.870255812259,0,0
59.52,100,99.9797112139494,99.9610193690186,0.0128603516231461,0.210843933842038,1.1715740439071,-0.832691059445174,-1.03365071053044,0,-0,0,402.870827919975,0,0
59.54,100,99.979769099177,99.9612803954835,0.0132485178261402,0.233634333868457,1.10731411658395,-0.863227497868357,-8.04576910685941,0,0,0,402.871416794934,0,0
59.56,100,99.9798268192542,99.9615488312128,0.0135659758672891,0.255015946289502,1.02519814016199,-1.76309172500143,-4.79782324506075,0,-0,0,402.871217255151,0,0
59.58,100,99.9798843746524,99.9618222748427,0.0137689267957384,0.274487360838031,0.919742451985013,-2.13798583819568,-8.38958580949178,0,0,0,402.87143920721,0,0
59.6,100,99.9799417658412,99.9620988598525,0.0138631284623206,0.291666176373106,0.793479790372563,-2.90990430676375,-5.76802650971374,0,0,0,402.87118936514,0,0
59.62,100,99.9799989932892,99.9623760636974,0.0138464468517909,0.306098674574353,0.647950138662223,-3.25082503238693,-17.2489297811259,0,0,0,402.871740687818,0,0
59.64,100,99.9800560574636,99.962651592134,0.0136599250795283,0.317405687940464,0.47554388978813,-4.45082503238693,1.15018929237968,0,0,0,402.86981049555,0,0
59.66,100,99.9801129588302,99.9629221007715,0.0134192710887459,0.325082359955418,0.297308188104128,-3.72108310216013,-7.32336376026813,0,0,0,402.871858563287,0,0
59.68,100,99.9801696978535,99.963188531785,0.0132052784926135,0.329352531267825,0.127516218274945,-4.14354286534362,-3.71132895478265,0,0,0,402.872201222781,0,0
59.7,100,99.9802262749966,99.9634499548381,0.0129371612289636,0.330163462395867,-0.0453277571630557,-4.05759328197155,-2.57349505965305,0,-0,0,402.873358088505,0,0
59.72,100,99.9802826907215,99.9637061056004,0.012681953152411,0.327600678164516,-0.209031158345143,-3.84207892311633,-1.72531800728627,0,0,0,402.872806366131,0,0
59.74,100,99.9803389454886,99.9639574381442,0.0124574760398953,0.32188943911713,-0.359674470642534,-3.5455013956763,-5.0031100403946,0,0,0,402.874088827184,0,0
59.76,100,99.9803950397573,99.9642042660256,0.0122126996612699,0.313251257362885,-0.504589153510484,-3.69675044916575,-1.65637627969495,0,0,0,402.873920764835,0,0
59.78,100,99.9804509739853,99.9644457787348,0.0119422996984695,0.301746500784783,-0.643523007454047,-3.40930552715645,-7.49254211516327,0,0,0,402.874184067071,0,0
59.8,100,99.9805067486293,99.9646814634478,0.0115986031472298,0.287503916366952,-0.783241476166936,-3.88610291161418,-5.20265940418075,0,0,0,402.873642785788,0,0
59.82,100,99.9805623641447,99.9649088818139,0.0111283516104062,0.270364074111765,-0.930957882164877,-4.01217505432534,0.518661829628138,0,0,0,402.873795988981,0,0
59.84,100,99.9806178209853,99.9651265807602,0.0106547088042717,0.250354005567606,-1.06560535572579,-3.40701142375042,4.04754404659941,0,-0,0,402.874555738165,0,0
59.86,100,99.980673119604,99.9653358828019,0.0103024683225359,0.227964222969398,-1.16671954495387,-2.44249386338388,1.31341637080152,0,0,0,402.874605489438,0,0
59.88,100,99.9807282604522,99.9655393751713,0.0100551047912677,0.203888151752712,-1.23730640970272,-1.94454208845533,0.640204590396904,0,-0,0,402.875155103719,0,0
59.9,100,99.9807832439798,99.9657382966829,0.0098393174838435,0.178594738644467,-1.28946329003816,-1.59648926780748,-7.05470124364144,0,0,0,402.875095944503,0,0
59.92,100,99.980838070636,99.9659322132548,0.00951447994257486,0.152279537016713,-1.34589723861032,-2.25356293666514,5.20360902676071,0,-0,0,402.873698576109,0,0
59.94,100,99.980892740868,99.9661186747031,0.00915755815879191,0.124819723735348,-1.39359884289487,-1.29428431986296,5.01987836793284,0,0,0,402.874235567032,0,0
59.96,100,99.9809472551224,99.9662994381955,0.0089391658553269,0.0967736306090016,-1.40558586384733,-0.483486425684798,-1.15953523404623,0,0,0,402.875593013947,0,0
59.98,100,99.981001613844,99.9664763479909,0.00873773078586552,0.0686960617187795,-1.40241726152716,-0.551211844511463,-0.523721088726381,0,0,0,402.875459148514,0,0
60,100,99.9810558174767,99.9666484599789,0.00846304496031724,0.0406789640121477,-1.39897294994746,-0.53037506028728,5.60506415610501,0,-0,0,402.875532743643,0,0
60.02,100,99.9811098664629,99.9668150821276,0.00821925068206003,0.0128502139056086,-1.37877262437011,0.250475811246795,7.02096031942418,0,-0,0,402.875461165543,0,0
60.04,100,99.9811637612438,99.9669781107211,0.00810743672015754,-0.014258628665694,-1.32661802400021,1.10500446386466,1.37037429424769,0,0,0,402.876229956421,0,0
60.06,100,99.9812175022594,99.9671396839228,0.00804217711943909,-0.0401043085841985,-1.25775460009376,1.14145588793919,3.60285742208989,0,0,0,402.876288368143,0,0
60.08,100,99.9812710899483,99.9672997280155,0.00796608423075351,-0.064525196469287,-1.18242467799844,1.45047973801675,-2.9397351521092,0,0,0,402.876383405368,0,0
60.1,100,99.9813245247481,99.9674577963376,0.00781132169378061,-0.0874385680022752,-1.1124808170602,0.902572107061307,4.68836092668254,0,0,0,402.875753151288,0,0
60.12,100,99.981377807095,99.9676118504745,0.00760577912253607,-0.109031310965975,-1.04381727447811,1.37796389233007,3.14861026294618,0,0,0,402.876323803671,0,0
60.14,100,99.9814309374238,99.9677623048628,0.0074420948711058,-0.129106916798904,-0.962454480402482,1.59771669337769,5.54568432638999,0,0,0,402.876641589829,0,0
60.16,100,99.9814839161683,99.9679098708504,0.00732855032365254,-0.147443010820714,-0.868195628089606,2.08681664282306,6.31333799610179,0,0,0,402.877568159175,0,0
60.18,100,99.9815367437611,99.9680560567598,0.0073064027649003,-0.163713553834923,-0.7557821809097,2.60555925354049,4.84973836748311,0,0,0,402.878373561021,0,0
60.2,100,99.9815894206332,99.9682026005772,0.00735554874672478,-0.177585724089997,-0.630034106136936,2.87177096173091,5.31914054491037,0,0,0,402.878816530077,0,0
60.22,100,99.9816419472149,99.9683506245917,0.00745653070900638,-0.188856702815979,-0.49556434508589,3.16062789787447,4.37397703500158,0,0,0,402.87977669372,0,0
60.24,100,99.9816943239347,99.9685011456184,0.00760023538535523,-0.197369906647536,-0.355303438574617,3.29184208563613,-4.22765426743165,0,0,0,402.880437097931,0,0
60.26,100,99.9817465512204,99.9686539492072,0.0076425000520976,-0.203194994036397,-0.233689435841554,2.33288666445122,-1.68877321143682,0,0,0,402.880496364314,0,0
60.28,100,99.9817986294983,99.9688057099026,0.00751386595893169,-0.206916959065252,-0.142087415632798,1.81484148935703,1.3210779653143,0,0,0,402.879612777916,0,0
60.3,100,99.9818505591934,99.968954087523,0.00732228811129966,-0.208962392703593,-0.0631643167341666,1.74103364666651,0.120682637860081,0,0,0,402.879964797969,0,0
60.32,100,99.9819023407297,99.9690984329174,0.00710558953804071,-0.2094904093921,0.00876528166768736,1.52649070142337,4.4502516792371,0,-0,0,402.880034596692,0,0
60.34,100,99.9819539745299,99.9692385188242,0.00691937494279871,-0.208600618618534,0.082232439810142,1.87924000233541,-0.0864140976754583,0,-0,0,402.880545723089,0,0
60.36,100,99.9820054610155,99.9693753749682,0.006758914148275,-0.2062020576275,0.155703673255381,1.61826781684298,2.53159153328762,0,-0,0,402.87994616894,0,0
60.38,100,99.9820568006068,99.9695088859527,0.00659963440847148,-0.202401386126639,0.224758653246457,1.71837539204348,6.14935858749001,0,-0,0,402.880294936565,0,0
60.4,100,99.982107993723,99.9696400289088,0.00654012770651181,-0.197138637343641,0.304665939464646,2.25591889471254,-0.193938789019168,0,-0,0,402.881467285366,0,0
60.42,100,99.9821590407818,99.9697708196801,0.00653090718905798,-0.19020375539552,0.386428435009033,1.93011022715332,0.130357019678223,0,0,0,402.881431204198,0,0
60.44,100,99.9822099422001,99.9699010188447,0.00648465535139828,-0.181765862561071,0.455529119504681,1.68745501327131,2.9968071538937,0,-0,0,402.881660228627,0,0
60.46,100,99.9822606983933,99.970030357054,0.00646062174427927,-0.172004342391249,0.521277765117183,1.83308455973386,5.90201303290275,0,0,0,402.881893080401,0,0
60.48,100,99.9823113097757,99.9701601942224,0.00654878631196123,-0.16084385477235,0.597579059838688,2.3220056469245,-0.940442064546339,0,0,0,402.883390853328,0,0
60.5,100,99.9823617767606,99.9702925986206,0.00668154861102605,-0.148111074031574,0.672621342626202,1.89246596317133,-1.58480286053373,0,-0,0,402.884100104028,0,0
60.52,100,99.98241209976,99.9704270356729,0.0067512655449163,-0.134064708887358,0.728826451212762,1.43757268794717,0.814200593620066,0,0,0,402.883797704218,0,0
60.54,100,99.9824622791845,99.9705625092661,0.00679961025354388,-0.119037478100375,0.773042010451905,1.34248354644469,2.72294950354396,0,-0,0,402.884552535092,0,0
60.56,100,99.9825123154438,99.9706993695875,0.00690010052602406,-0.103144219992863,0.81702304180357,1.49727640192871,-0.967484329853867,0,0,0,402.8854557528,0,0
60.58,100,99.9825622089465,99.9708386724371,0.00702506023153251,-0.0863907775263381,0.855996816252749,1.17189908278603,-3.11519284317098,0,0,0,402.886539677992,0,0
60.6,100,99.9826119600997,99.9709799810784,0.00709165073691819,-0.0690265410786932,0.876708456320462,0.620243074891024,-2.49160845938644,0,0,0,402.886389483019,0,0
60.62,100,99.9826615693097,99.9711218896443,0.00709078729155614,-0.05145029063648,0.878225538463845,0.219755865565465,1.36625405336886,0,0,0,402.886689015506,0,0
60.64,100,99.9827110369813,99.9712637071891,0.00710353410552317,-0.0339340005807453,0.874153000737674,0.354009986583547,-4.23998675465355,0,0,0,402.888097785113,0,0
60.66,100,99.9827603635185,99.9714059436239,0.00710402106729231,-0.0165489947625413,0.860536596502816,-0.229185570443097,-0.330609235176392,0,-0,0,402.888209121385,0,0
60.68,100,99.9828095493238,99.9715476759586,0.0070750656874413,0.000410573582303425,0.835262749580169,-0.2478450652113,-2.84428339887737,0,0,0,402.888676719498,0,0
60.7,100,99.9828585947988,99.9716889189347,0.0070424088823462,0.0168143302766908,0.802995106823019,-0.576862077455406,-4.5240977650198,0,0,0,402.889063400483,0,0
60.72,100,99.9829075003439,99.9718289518839,0.00694691559586149,0.0324245357886637,0.754905028697291,-1.07129583159916,-6.40560657508015,0,0,0,402.889275089961,0,0
60.74,100,99.9829562663583,99.9719660817567,0.00674457020185054,0.0468644892059287,0.684963875261726,-1.73514308120557,-7.9346815837916,0,0,0,402.888564073901,0,0
60.76,100,99.9830048932401,99.972097769223,0.00639756839065757,0.0596460374965677,0.588509581634713,-2.50077399316526,-0.429402310071971,0,-0,0,402.88769762532,0,0
60.78,100,99.9830533813862,99.9722217459474,0.00601360867340393,0.070356135628421,0.484503564876297,-2.22801991151364,-5.59690262900835,0,0,0,402.888075096736,0,0
60.8,100,99.9831017311925,99.9723382818546,0.0056256953282701,0.0790164109375062,0.379195135861787,-2.63502021485551,-9.72567853215811,0,0,0,402.887484941908,0,0
60.82,100,99.9831499430536,99.9724458021981,0.00509263518459792,0.0853712906616494,0.251117242948726,-3.50070074677372,-1.97531511084259,0,0,0,402.887031201285,0,0
60.84,100,99.9831980173632,99.972541495376,0.0044845364760055,0.0889986462180921,0.113414658034956,-3.28491969969279,-0.251563610651468,0,-0,0,402.887037537576,0,0
60.86,100,99.9832459545136,99.9726256327349,0.00394356243039912,0.0900042553408513,-0.00989061525617047,-2.88252941532777,-0.557619110785936,0,-0,0,402.886581880167,0,0
60.88,100,99.9832937548962,99.9726997248689,0.00347575566404345,0.088709164493853,-0.117262963841661,-2.56959528202648,-1.39812125479122,0,0,0,402.886753290082,0,0
60.9,100,99.9833414189012,99.9727649357694,0.00304903421856428,0.0853884422994384,-0.213404853261262,-2.40186299695439,-0.612437372856838,0,0,0,402.886847177911,0,0
60.92,100,99.9833889469177,99.972821885245,0.00265207280868265,0.0802391638226553,-0.299644801662154,-2.1571520032218,3.12619696408992,0,0,0,402.887299138138,0,0
60.94,100,99.9834363393337,99.9728716128343,0.00234371648466057,0.0735347874176852,-0.366183661961818,-1.47758944083152,3.55506443249051,0,-0,0,402.88857707608,0,0
60.96,100,99.983483596536,99.9729165251808,0.00216905181663328,0.0657702155369746,-0.405977728531262,-0.83478551901884,5.34129505771453,0,-0,0,402.889411188404,0,0
60.98,100,99.9835307189105,99.9729593530026,0.00214090588578462,0.0574844872208298,-0.417505986284728,-0.054464880684662,-0.10609544445936,0,0,0,402.890320917597,0,0
61,100,99.9835777068417,99.9730026160774,0.00218186548626825,0.0491689815120244,-0.414005924615827,-0.0557199331638322,0.754812169350541,0,0,0,402.891150993588,0,0
61.02,100,99.9836245607134,99.9730465757843,0.00221489461427938,0.0409399334420108,-0.408185528712331,0.0496587016692353,8.33088171212827,0,-0,0,402.891465720698,0,0
61.04,100,99.9836712809078,99.973092010953,0.00236667055423135,0.0329924887596965,-0.379966325935518,1.08512090949058,1.22717537542995,0,-0,0,402.892600950443,0,0
61.06,100,99.9837178678065,99.9731419435369,0.00262474871016929,0.0258680254557953,-0.332505051710584,1.09716744805117,1.44789930422237,0,-0,0,402.892620768023,0,0
61.08,100,99.9837643217898,99.9731969567812,0.00287617545644423,0.0196945457268321,-0.284710764380402,1.13498292865724,-8.23343133446001,0,0,0,402.892879045417,0,0
61.1,100,99.9838106432368,99.9732560058109,0.00298040579269764,0.0143278681625679,-0.259514710730635,-0.0321886105682873,0.957091577851688,0,-0,0,402.891941832105,0,0
61.12,100,99.9838568325257,99.9733152954299,0.00295154654832326,0.00918502379776175,-0.253946781970698,0.0935059256188927,0.289253552933483,0,-0,0,402.891953114642,0,0
61.14,100,99.9839028900336,99.9733741082549,0.00292887614024806,0.00418946726437497,-0.245438442527046,0.118868327859996,-0.513571180588045,0,-0,0,402.89159910426,0,0
61.16,100,99.9839488161364,99.973432333404,0.00288876443378035,-0.00063938580130979,-0.237935760503117,0.0408934666059138,-1.26623823138042,0,-0,0,402.891249626417,0,0
61.18,100,99.983994611209,99.9734893960093,0.00280932794304778,-0.00535836546882803,-0.234970816254158,-0.120437489517093,0.750047417037701,0,0,0,402.890910026261,0,0
61.2,100,99.9840402756254,99.9735446031083,0.00271407600233242,-0.0100422199212724,-0.23266902161287,-0.00796269928302926,-3.68038490891975,0,0,0,402.89161338808,0,0
61.22,100,99.9840858097581,99.9735976031913,0.00256609147114905,-0.0147102961490401,-0.237005932466853,-0.463305386248089,5.93174140457177,0,-0,0,402.891249445067,0,0
61.24,100,99.984131213979,99.9736474806038,0.00245169800756209,-0.0194703578131349,-0.233836712926156,0.339733920816757,-1.13515890317358,0,0,0,402.891954303935,0,0
61.26,100,99.9841764886588,99.9736960743649,0.00239894503760079,-0.0239888865940053,-0.219205482683051,0.156235184740137,2.97791328756141,0,0,0,402.892424126871,0,0
61.28,100,99.9842216341669,99.9737435302897,0.00235932862142461,-0.028215063175751,-0.201180779688712,0.509189069030082,0.0431918449493315,0,-0,0,402.89308428865,0,0
61.3,100,99.9842666508719,99.9737906235743,0.00234658043286976,-0.0320020289675179,-0.177950054706659,0.44873165664081,-1.53617202598145,0,0,0,402.892919038842,0,0
61.32,100,99.9843115391413,99.9738371052372,0.00229083666400825,-0.0353751771514157,-0.160983154407336,0.200613862059186,0.897249302442693,0,-0,0,402.89355521004,0,0
61.34,100,99.9843562993416,99.9738821024574,0.00221148949952884,-0.0384613799796987,-0.147102474930661,0.28762460074806,0.571091111369263,0,0,0,402.893783367645,0,0
61.36,100,99.9844009318382,99.9739256300061,0.00214198660458741,-0.0412449290219764,-0.131057460446726,0.322994533262981,3.64806367074135,0,0,0,402.894467062277,0,0
61.38,100,99.9844454369953,99.9739681251613,0.00212351314069735,-0.0436460599251111,-0.106467243220064,0.737007533765251,9.02368031308347,0,-0,0,402.895514008403,0,0
61.4,100,99.9844898151763,99.9740117245924,0.00227739658428204,-0.0453199348963936,-0.0544917068959309,1.76551247700842,0.0288723596515927,0,0,0,402.897004491026,0,0
61.42,100,99.9845340667434,99.9740598482694,0.00252680839757027,-0.04573658846029,0.0111462435617062,1.53533805130835,4.44328935826122,0,-0,0,402.896982523793,0,0
61.44,100,99.984578192058,99.9741129537369,0.00279905108336238,-0.0448645595004733,0.0780730784498147,1.88475537511123,0.502098707428,0,-0,0,402.897127047242,0,0
61.46,100,99.9846221914801,99.9741719957912,0.0030997519224515,-0.0426047724314852,0.146465514662482,1.69640109708945,1.04813581391419,0,0,0,402.897152282015,0,0
61.48,100,99.9846660653691,99.9742368114333,0.00338050268543989,-0.0390511288112582,0.208065534723696,1.60088919309131,-4.58136565416142,0,0,0,402.897588403279,0,0
61.5,100,99.9847098140829,99.9743066047355,0.00357039878774094,-0.0344063335047677,0.251217949674315,0.815708659476905,-5.17255106296121,0,0,0,402.897264412027,0,0
61.52,100,99.9847534379789,99.9743785103197,0.00359273076134442,-0.0292048270562147,0.264023577148521,0.0607776915103361,-0.407224396895608,0,-0,0,402.896962064101,0,0
61.54,100,99.984796937413,99.9744497778236,0.00353384700383751,-0.0239488380152554,0.261157291094063,-0.000255554732263454,-3.34809738321738,0,0,0,402.897165963887,0,0
61.56,100,99.9848403127404,99.9745195608949,0.00342989984355216,-0.0188223814022119,0.248807625447442,-0.419695980214826,-3.83685882539161,0,0,0,402.897024745663,0,0
61.58,100,99.9848835643152,99.9745863792122,0.00323680182881958,-0.0141035359498656,0.22042269221723,-0.843443642507773,4.27070476515355,0,0,0,402.897426572941,0,0
61.6,100,99.9849266924904,99.9746492933566,0.00308150942081265,-0.00997013771694249,0.19707775994389,-0.200563797148464,0.0474245268377024,0,-0,0,402.898552258623,0,0
61.62,100,99.9849696976182,99.9747102176326,0.00301362339197769,-0.00613585264182024,0.186555770448687,-0.169612706046357,-1.64865315557217,0,0,0,402.898857335174,0,0
61.64,100,99.9850125800495,99.9747697679524,0.0029354493927089,-0.00252812720109963,0.173055737093604,-0.353820928098769,1.43712783733367,0,-0,0,402.899142857842,0,0
61.66,100,99.9850553401344,99.9748277280413,0.00287065429259153,0.000794210695827502,0.160630546806725,-0.129478783217419,2.39955824258196,0,0,0,402.899356212643,0,0
61.68,100,99.985097978222,99.9748850733287,0.00287765551402925,0.00396675176368922,0.158629772291588,0.186475825315013,7.08404132256772,0,-0,0,402.900676763725,0,0
61.7,100,99.9851404946604,99.9749438339442,0.00303394349471385,0.007290389244573,0.179129861657244,1.04345091675963,0.904493216761951,0,0,0,402.901933134144,0,0
61.72,100,99.9851828897967,99.975007140719,0.00329770335652686,0.0112294918641984,0.214465411039977,1.0162793629128,5.2396631128931,0,-0,0,402.902467902665,0,0
61.74,100,99.9852251639768,99.9750762316813,0.00363425530767386,0.0159279630101737,0.258508661130838,1.53206226020364,-2.34009648222454,0,0,0,402.903106934183,0,0
61.76,100,99.9852673175459,99.9751526064212,0.00398634121130013,0.0215602453073521,0.301362691829219,1.03528356489137,-1.13626915690242,0,0,0,402.903615822135,0,0
61.78,100,99.9853093508482,99.9752351860678,0.00426328965608283,0.0278774213697037,0.328418409546814,0.753247740951428,-3.62949070515645,0,0,0,402.903691012086,0,0
61.8,100,99.9853512642267,99.9753225795984,0.00445682786538349,0.0345839672930318,0.338603024835197,0.19812763748944,-2.50607633026152,0,-0,0,402.903841648561,0,0
61.82,100,99.9853930580237,99.9754128579814,0.00455994391076565,0.0413053647083954,0.331321183702102,-0.144250419960565,1.48950507274423,0,0,0,402.903517219979,0,0
61.84,100,99.9854347325802,99.9755049748561,0.00466208277926083,0.0478205548552206,0.321476795657778,0.0578766891440354,-2.46928657653317,0,0,0,402.90444335551,0,0
61.86,100,99.9854762882364,99.9755993277905,0.00476280566097301,0.0541466054790254,0.309084377412429,-0.260643095903694,2.46339480936851,0,-0,0,402.904545556277,0,0
61.88,100,99.9855177253317,99.9756956036831,0.00488026335681716,0.0601894292561723,0.297360876666358,0.0781359507415624,-8.18296232741969,0,0,0,402.905363675288,0,0
61.9,100,99.9855590442043,99.9757940325504,0.00492347057104091,0.0659460636418967,0.271729741515047,-0.955225287057608,-0.159066238789442,0,0,0,402.904630140788,0,0
61.92,100,99.9856002451914,99.975891892075,0.00486781501788348,0.0709477265100902,0.229205485978115,-0.850792096261514,2.44055182587089,0,-0,0,402.905119436346,0,0
61.94,100,99.9856413286294,99.9759892073137,0.00488110021847755,0.075185757313029,0.197317946208926,-0.437006785347856,-2.51569012684831,0,-0,0,402.905072242597,0,0
61.96,100,99.9856822948537,99.9760872796439,0.00491671608948566,0.0788598751612882,0.168505975491936,-0.695401367313398,-0.630357913422912,0,0,0,402.904560328334,0,0
61.98,100,99.9857231441987,99.9761857128268,0.00492758729336084,0.0818986559657097,0.135536310363852,-0.682791396225878,-1.74659217091721,0,0,0,402.905354837412,0,0
62,100,99.9857638769979,99.976284302193,0.00492650167148049,0.0842694712832342,0.100825295803424,-0.809899366460932,2.71189824593424,0,-0,0,402.90658270213,0,0
62.02,100,99.9858044935837,99.9763830416166,0.00496502336089466,0.0859785992637569,0.0730068729536188,-0.365721387461118,-7.17216909589643,0,0,0,402.907189072801,0,0
62.04,100,99.9858449942878,99.9764825475551,0.0049517157435757,0.0871355465693964,0.0373716584344112,-1.21280122980339,3.90049030416944,0,0,0,402.906105765288,0,0
62.06,100,99.9858853794407,99.9765809656884,0.00491501603052502,0.0874594077336986,-0.000724376085827675,-0.565631763830967,-0.638949386200509,0,-0,0,402.907415544804,0,0
62.08,100,99.9859256493721,99.9766796122568,0.0049486498894228,0.0871898745269687,-0.0261823102973215,-0.571299336862949,2.97900456329969,0,-0,0,402.907061892401,0,0
62.1,100,99.9859658044108,99.9767792393547,0.0050309074068561,0.0864736073464603,-0.0425302643592216,-0.124873925487116,-6.61922831447716,0,0,0,402.90728105979,0,0
62.12,100,99.9860058448846,99.9768804949431,0.00506160162022783,0.0854389252171797,-0.0660324502093984,-0.93364442767272,3.98325521942054,0,-0,0,402.90645834548,0,0
62.14,100,99.9860457711203,99.9769815409987,0.00506627944841721,0.0838185610803911,-0.0919365857446587,-0.312805807194974,-3.99918897733601,0,0,0,402.907348657523,0,0
62.16,100,99.9860855834438,99.9770831972467,0.00507988732317614,0.081781051853095,-0.11464583860338,-0.768695356555576,-2.93200640383102,0,0,0,402.907500693041,0,0
62.18,100,99.9861252821802,99.9771841078643,0.00499898262049212,0.0791459604167891,-0.150409116174063,-1.0309140200737,-0.665921552869395,0,0,0,402.907709143181,0,0
62.2,100,99.9861648676535,99.977282920977,0.00488236852948933,0.0757453110826318,-0.189154961927898,-0.975709661114854,3.02754404824064,0,0,0,402.908055093038,0,0
62.22,100,99.9862043401869,99.977379771951,0.00482061786862762,0.0716595484130985,-0.216050776731818,-0.466969287027536,0.399390296301142,0,0,0,402.908953366759,0,0
62.24,100,99.9862437001026,99.9774761403535,0.00481851628307493,0.0671851371694368,-0.230582825503567,-0.352907806035609,0.759022289189674,0,0,0,402.909632613425,0,0
62.26,100,99.9862829477218,99.9775726287112,0.00483378258837701,0.0624722744338711,-0.2397219534688,-0.209240126580226,-5.03378685977172,0,0,0,402.9101807553,0,0
62.28,100,99.9863220833651,99.9776690222855,0.00477949128136769,0.0575375439913341,-0.257489147474954,-0.807554512696611,4.70447411421616,0,0,0,402.909251793194,0,0
62.3,100,99.9863611073518,99.9777638177423,0.00472511846401123,0.0521949760110823,-0.272225448176145,-0.111068157490831,4.23113230285251,0,-0,0,402.910572713154,0,0
62.32,100,99.9864000200005,99.9778589130363,0.00480378627189303,0.0468089031322981,-0.262888715029522,0.433497588383035,0.0827902537533892,0,0,0,402.911377993414,0,0
62.34,100,99.986438821629,99.977956269698,0.00492820687619284,0.041740392760296,-0.244272617725815,0.388812408465224,-3.59324854204422,0,0,0,402.911778583314,0,0
62.36,100,99.9864775125538,99.9780555256936,0.00497581475696505,0.0369660226954382,-0.236338057958192,-0.108281715902415,1.95846844897303,0,-0,0,402.911706868733,0,0
62.38,100,99.9865160930909,99.9781550566608,0.00498568556910198,0.0322607718603848,-0.232499177890786,0.152190585651311,2.00731539079768,0,-0,0,402.912082068179,0,0
62.4,100,99.9865545635553,99.9782552705746,0.00504319468598467,0.0277292933559854,-0.219175245219522,0.384095343552736,-1.3760636011944,0,0,0,402.912418985303,0,0
62.42,100,99.9865929242608,99.9783567182844,0.00509131404690622,0.0234926111173035,-0.20591422106401,0.164040894195072,-5.63703926261364,0,0,0,402.912796547748,0,0
62.44,100,99.9866311755209,99.9784580997735,0.00501651726717784,0.0193701194497634,-0.210913213212628,-0.558303560521117,-1.35132429014344,0,0,0,402.91239884766,0,0
62.46,100,99.9866693176475,99.9785566737923,0.00483521524514514,0.0149574629888126,-0.230847385613525,-0.650481620135992,3.1203239851223,0,-0,0,402.912549650386,0,0
62.48,100,99.9867073509522,99.9786517455037,0.00468878669996123,0.0101917022062623,-0.242606441420849,-0.173836129707829,-0.563387789136886,0,0,0,402.912542446453,0,0
62.5,100,99.9867452757454,99.9787444752984,0.00458048690994749,0.00530843967500784,-0.245958170147188,-0.218138797564519,2.89145701824927,0,-0,0,402.913042597577,0,0
62.52,100,99.9867830923367,99.9788351746238,0.0045030998392119,0.000401452687207254,-0.242211145094845,0.173494652078822,-0.448733649977926,0,0,0,402.913523410723,0,0
62.54,100,99.9868208010348,99.9789247673891,0.00445146581784812,-0.00434131145304136,-0.232552330277574,0.0969802129648085,-1.78462763661259,0,0,0,402.913709483155,0,0
62.56,100,99.9868584021476,99.9790129174427,0.00435264251084997,-0.00894058085446041,-0.228843857818467,-0.135817741201296,-0.367123535793469,0,0,0,402.91381696455,0,0
62.58,100,99.9868958959819,99.9790986056335,0.0042134522457296,-0.0135260163957364,-0.229826446228715,-0.161211478578363,6.35256296142119,0,-0,0,402.913971562243,0,0
62.6,100,99.9869332828438,99.9791820376596,0.00416059058089911,-0.0180277698661577,-0.215140649419405,0.654881365624408,2.53268082353416,0,-0,0,402.915370862788,0,0
62.62,100,99.9869705630387,99.9792657959172,0.00422335143559571,-0.0220021135878752,-0.180905132162227,0.884509667064601,3.06051949707556,0,0,0,402.914902996618,0,0
62.64,100,99.9870077368706,99.9793513346413,0.0043405296510319,-0.0252042431798588,-0.137719145455992,1.15077162559228,2.51819322776639,0,-0,0,402.915710463537,0,0
62.66,100,99.9870448046432,99.979439743118,0.00450671127339102,-0.027461590009729,-0.0871210111359379,1.31331688749502,1.38382112005086,0,0,0,402.916183026112,0,0
62.68,100,99.9870817666591,99.9795317350027,0.00469287030910129,-0.0286752508172675,-0.0344085487890803,1.31277341348123,5.24433200127915,0,-0,0,402.916780451108,0,0
62.7,100,99.9871186232199,99.9796278768433,0.00494129527250058,-0.0287812217249837,0.0266905195950654,1.79301385852267,2.22031614916251,0,-0,0,402.917906317813,0,0
62.72,100,99.9871553746266,99.9797298392503,0.00525807547693833,-0.0275517697790336,0.0962676651268624,1.83115499689867,-1.05999211110772,0,-0,0,402.918047855129,0,0
62.74,100,99.9871920211791,99.9798379955359,0.00554469812161552,-0.0249848817839171,0.157796998193659,1.4547149121945,2.44465004303475,0,-0,0,402.917798854972,0,0
62.76,100,99.9872285631765,99.9799515165119,0.00581417132472273,-0.0212801528319813,0.213178453974263,1.5649768717871,-0.240005215404139,0,0,0,402.918381371091,0,0
62.78,100,99.9872650009173,99.9800705555213,0.00608303196310885,-0.0164840925270188,0.264696931915091,1.32560079404458,-0.401128706088999,0,0,0,402.918761356769,0,0
62.8,100,99.9873013346989,99.9801945830004,0.00631366984392101,-0.0107597018674679,0.306107521332598,1.09718797887229,2.76344404974989,0,0,0,402.918975209485,0,0
62.82,100,99.9873375648178,99.9803232117788,0.00656025177231853,-0.00424887340231428,0.34605964443429,1.2937404275638,-0.558584534477166,0,0,0,402.920070167749,0,0
62.84,100,99.9873736915698,99.9804570807009,0.00682049051643288,0.00306745520799231,0.383835619817883,1.04919090210287,-7.26904977904251,0,0,0,402.920369195916,0,0
62.86,100,99.9874097152498,99.9805951263447,0.00694594584219814,0.0109294372896721,0.395558797425417,0.000671943851103623,-4.60799977930614,0,0,0,402.920087770735,0,0
62.88,100,99.987445636152,99.980733766237,0.00689802934436124,0.0186816775761144,0.375971029592408,-0.577820197652259,-4.99635380094112,0,0,0,402.919628416913,0,0
62.9,100,99.9874814545694,99.9808702589884,0.00673185367343068,0.0258255256908973,0.334983512035518,-1.12641671971001,2.77527101639373,0,-0,0,402.920104935786,0,0
62.92,100,99.9875171707946,99.981003105269,0.00657418004912414,0.032082198311979,0.293920129849549,-0.634456659263728,-6.74515314519154,0,0,0,402.920613809573,0,0
62.94,100,99.9875527851191,99.9811330539255,0.00639214341671368,0.0375459348945154,0.247702012045681,-1.39396099783035,-1.10894742297359,0,0,0,402.919995892664,0,0
62.96,100,99.9875882978336,99.9812582912771,0.00613422792543999,0.0419077343822969,0.188918258104516,-1.34979636142285,-1.3805303685511,0,0,0,402.920022977934,0,0
62.98,100,99.9876237092279,99.9813784875045,0.00588604456581372,0.045115181660857,0.132021608214962,-1.34424040989526,-2.23694149255001,0,0,0,402.920419751043,0,0
63,100,99.9876590195913,99.9814936623809,0.00562740268213196,0.047182464595491,0.0742323699136956,-1.44495689261624,2.50162692781738,0,-0,0,402.921195736897,0,0
63.02,100,99.9876942292119,99.9816039074141,0.00541659162095806,0.0481454034646604,0.0254253733517464,-0.942754464808949,-3.38589555007822,0,0,0,402.921378934312,0,0
63.04,100,99.9877293383772,99.9817104475343,0.00522493137055383,0.0482276712396967,-0.0189656975269212,-1.24097466763597,3.72770072691683,0,0,0,402.920521656159,0,0
63.06,100,99.9877643473738,99.9818131559531,0.0050699091990017,0.0474390026156239,-0.0557460088069683,-0.611008916655117,6.41766925137143,0,0,0,402.921680124912,0,0
63.08,100,99.9877992564873,99.9819144142166,0.00509012832409518,0.046196133146791,-0.0628605198602317,0.271643023119799,-0.562705929517309,0,-0,0,402.92368696761,0,0
63.1,100,99.987834066003,99.982017329096,0.00519665198132447,0.0450198518573815,-0.0554637455192603,0.165317787952247,-1.04013278887522,0,-0,0,402.923469014069,0,0
63.12,100,99.9878687762048,99.9821220544652,0.00526935967741229,0.0439439351852864,-0.0530994234829861,0.0135566614934621,1.67788193652144,0,-0,0,402.923206511604,0,0
63.14,100,99.9879033873761,99.9822281357289,0.00534648772782365,0.0429046115905302,-0.0495108387761143,0.220799838475416,3.06545564711854,0,-0,0,402.923363565548,0,0
63.16,100,99.9879378997995,99.9823363458859,0.00548823129414983,0.0420351441516378,-0.0352166453814143,0.573771978155746,2.87976406931228,0,0,0,402.92394143764,0,0
63.18,100,99.9879723137568,99.9824481628004,0.00570472794459432,0.0415747615167276,-0.0090895193982659,0.857017777401609,-9.2151959766601,0,0,0,402.924809093584,0,0
63.2,100,99.9880066295287,99.9825638057684,0.00581206014963167,0.0415495937574343,-0.00113273624306225,-0.341345644250602,1.12412814894397,0,0,0,402.924181444488,0,0
63.22,100,99.9880408473956,99.9826798414873,0.00579852635596784,0.0414018961003891,-0.0124164988690401,-0.15644695255937,1.63173573192412,0,0,0,402.924316248921,0,0
63.24,100,99.9880749676366,99.9827960604461,0.00583200251778572,0.0411065814656923,-0.0156652016248909,0.0681530848053432,1.93956033169091,0,0,0,402.925157388468,0,0
63.26,100,99.9881089905303,99.9829134764607,0.00591868680591047,0.0408339518782856,-0.0101232653775113,0.301036931684836,-4.26778206186084,0,0,0,402.925823185723,0,0
63.28,100,99.9881429163546,99.9830325142664,0.00596225616034454,0.0406540613128075,-0.0115238391245023,-0.271378366135137,3.0765451696594,0,-0,0,402.925230235183,0,0
63.3,100,99.9881767453862,99.9831518596125,0.00598861257834778,0.0403584817755022,-0.0153369512330485,0.147808886035226,-0.847381836197136,0,0,0,402.925710086811,0,0
63.32,100,99.9882104779014,99.9832722702771,0.00604734602976421,0.0400759191772153,-0.0137196947108684,0.0233024540749314,-0.00210555072037394,0,0,0,402.926430149824,0,0
63.34,100,99.9882441141756,99.983393647677,0.00609006351712806,0.03979395750343,-0.0144919563131255,0.0202191723276913,-4.3963579534703,0,0,0,402.926929232104,0,0
63.36,100,99.9882776544833,99.983515409965,0.00606400216383186,0.039423507378571,-0.0260355754347789,-0.530043352350497,-2.08512415360835,0,0,0,402.926944676225,0,0
63.38,100,99.9883110990982,99.9836356086857,0.00594766658841605,0.0386619564095481,-0.0512440601652396,-0.719176792670549,2.91386859835943,0,0,0,402.927163925067,0,0
63.4,100,99.9883444482936,99.9837535147925,0.00586029487311687,0.037414660790209,-0.070475318369701,-0.25984405603802,-0.289315164335338,0,-0,0,402.928037647879,0,0
63.42,100,99.9883777023415,99.9838703396245,0.00582130183178987,0.0359017786220822,-0.0807811873168976,-0.261720088009415,-5.94491166550541,0,0,0,402.927643360598,0,0
63.44,100,99.9884108615134,99.9839857513555,0.00569082407299264,0.0340918737077772,-0.104638929350718,-0.96774012309363,-4.91310681015401,0,0,0,402.926829247648,0,0
63.46,100,99.9884439260801,99.9840969806612,0.00541132677531941,0.0315698688762534,-0.150487202650615,-1.45056691151422,0.889617460223802,0,-0,0,402.926582743669,0,0
63.48,100,99.9884768963114,99.9842020066437,0.00510122509874794,0.0280601983101521,-0.198355671315987,-1.14653950786697,-1.22716716824482,0,-0,0,402.926355103738,0,0
63.5,100,99.9885097724764,99.9843011756485,0.00481337459000544,0.0236801127280806,-0.239486088586923,-1.14591080780351,-4.83985325294988,0,0,0,402.926083166294,0,0
63.52,100,99.9885425548437,99.9843940742965,0.0044559564322349,0.0184282459920804,-0.288381148530091,-1.59500167858522,-1.28962514942896,0,-0,0,402.925505330222,0,0
63.54,100,99.9885752436807,99.9844789918874,0.00403462543160407,0.0121048225109986,-0.343405540256844,-1.54275965234292,-1.52905389796082,0,0,0,402.924409243043,0,0
63.56,100,99.9886078392543,99.9845553758821,0.00360083529799374,0.00470957926122684,-0.39578933114381,-1.52569759794213,0.538712824772141,0,-0,0,402.924022702777,0,0
63.58,100,99.9886403418307,99.9846231109722,0.00317957669360134,-0.00367974863652249,-0.441193291289742,-1.25303511022047,-1.66652354602813,0,0,0,402.923581130083,0,0
63.6,100,99.988672751675,99.9846825781166,0.00276155971096519,-0.0129014269553783,-0.481018260349392,-1.29000403800371,2.32246683166812,0,-0,0,402.9235364483,0,0
63.62,100,99.988705069052,99.9847337573628,0.00237052637754181,-0.0228558323124673,-0.511278539895048,-0.825010651645989,-1.67959317806617,0,-0,0,402.923562177365,0,0
63.64,100,99.9887372942254,99.9847775083239,0.00199649656166367,-0.0333014841979331,-0.533751315856096,-0.920452007159673,5.27604568896024,0,-0,0,402.922896135285,0,0
63.66,100,99.9887694274583,99.984814013845,0.00168091820055462,-0.0441081950670205,-0.541793124687273,-0.135479580170493,-1.47254269774793,0,0,0,402.923476907492,0,0
63.68,100,99.988801469013,99.9848450540833,0.00141277576913517,-0.0548942019839105,-0.537768263865545,-0.295532672072146,8.41700913639576,0,0,0,402.923337404999,0,0
63.7,100,99.988833419151,99.9848711421941,0.00123576669124381,-0.0654916331055883,-0.514961278931111,0.799953098955602,2.5173795421839,0,-0,0,402.925643021719,0,0
63.72,100,99.9888652781332,99.984895369347,0.00119239085452628,-0.0753305364263605,-0.467652374568172,1.01214065029347,7.36170348142239,0,-0,0,402.925463953854,0,0
63.74,100,99.9888970462196,99.9849195398022,0.00125362582047118,-0.0840712892581612,-0.401527269556182,1.80039456407817,-6.01433219269847,0,0,0,402.92651969314,0,0
63.76,100,99.9889287236697,99.9849452392303,0.00127563805744682,-0.0914310984062947,-0.340896574859876,0.815861238586984,5.61356086685223,0,-0,0,402.92561991067,0,0
63.78,100,99.9889603107419,99.9849702326092,0.00124590198698455,-0.0977548249250925,-0.287789843575622,1.41127351748396,-0.922289166719294,0,-0,0,402.926539510382,0,0
63.8,100,99.9889918076941,99.9849952456502,0.00124272595284878,-0.102914420283735,-0.230234762214917,1.11158047887953,3.80939674643514,0,-0,0,402.925934069279,0,0
63.82,100,99.9890232147835,99.9850199568949,0.00124110312018848,-0.10696339927919,-0.17270673968635,1.4414134938119,-0.319424963349345,0,-0,0,402.926299168015,0,0
63.84,100,99.9890545322664,99.9850449525943,0.00124954090501539,-0.109818878807672,-0.114474378252051,1.21206974499815,1.23286805329644,0,-0,0,402.925967627641,0,0
63.86,100,99.9890857603985,99.9850697711491,0.00123260788308971,-0.111577922284622,-0.0616238269848094,1.20610909013101,-1.4602181015797,0,0,0,402.925833381339,0,0
63.88,100,99.9891168994347,99.9850940017613,0.00117781038024123,-0.112335823175945,-0.0164834495728024,0.865661955496446,2.69139552177547,0,-0,0,402.926008497202,0,0
63.9,100,99.9891479496292,99.9851168415714,0.0011160314199889,-0.112255339708864,0.0258087326565217,1.08622121357038,3.20025672079735,0,-0,0,402.925811876219,0,0
63.92,100,99.9891789112355,99.9851390747409,0.00111896803931347,-0.111248461759009,0.0763408361264985,1.34081675580287,0.636551307267217,0,0,0,402.925904151975,0,0
63.94,100,99.9892097845063,99.9851617883279,0.00115053253955083,-0.109190438167013,0.128650041447186,1.24231011052869,0.976515077640369,0,-0,0,402.926212714549,0,0
63.96,100,99.9892405696936,99.9851850730753,0.00117857964137691,-0.106127629497479,0.177172986933795,1.19825675514206,-0.972275641671415,0,0,0,402.926212535663,0,0
63.98,100,99.9892712670488,99.9852087684673,0.00118245925228278,-0.102153141112798,0.218317002413779,0.917008298574419,-1.68517556926008,0,0,0,402.92621546791,0,0
64,100,99.9893018768225,99.9852319908266,0.00112932206315887,-0.0974796695595011,0.246776112266421,0.584067763094995,-2.28369581375854,0,-0,0,402.926304954292,0,0
64.02,100,99.9893323992644,99.9852534968603,0.00100954660091981,-0.0923757588627966,0.261201775209021,0.219695351130959,3.77570259755205,0,-0,0,402.925774883511,0,0
64.04,100,99.9893628346239,99.9852725600449,0.0009169501855718,-0.0870215199629909,0.276948688656765,0.659317200551628,2.43360445544719,0,-0,0,402.926408664243,0,0
64.06,100,99.9893931831493,99.9852908039096,0.000918953612758732,-0.0812194782783575,0.30449089285558,0.872353229474131,2.60224906026419,0,-0,0,402.926318850802,0,0
64.08,100,99.9894234450884,99.9853097793183,0.000990148602043827,-0.0747939204162897,0.339228873904473,1.07855015957346,-2.26145819374166,0,0,0,402.926786949501,0,0
64.1,100,99.9894536206882,99.9853303590569,0.00105448140024054,-0.0676877885632445,0.368506162205259,0.651244329117771,-1.4463500596709,0,-0,0,402.926978836621,0,0
64.12,100,99.989483710195,99.9853515520448,0.00105765295009042,-0.060147257710965,0.383717272741743,0.381178065168889,0.142587464448377,0,0,0,402.926713073282,0,0
64.14,100,99.9895137138545,99.9853725686529,0.00104610600639383,-0.052380931592003,0.392606710132262,0.345878394595424,5.2348703062405,0,-0,0,402.927424300252,0,0
64.16,100,99.9895436319116,99.9853940050921,0.00112512591862444,-0.0443710690666165,0.412124521679959,0.949509543628063,-6.16617650621893,0,0,0,402.928545035521,0,0
64.18,100,99.9895734646106,99.9854174543121,0.0011880116674458,-0.0359452591613367,0.424614090610855,0.0521806177426157,3.01062311296222,0,0,0,402.928550353034,0,0
64.2,100,99.9896032121949,99.985441280523,0.00121270478556876,-0.0274519632841062,0.426994214707432,0.418740592688438,-0.619688195095784,0,-0,0,402.930546356585,0,0
64.22,100,99.9896328749075,99.9854662781338,0.00128529218786247,-0.0188412728139902,0.433120062941801,0.282068851318789,-8.50205132203424,0,0,0,402.930609872172,0,0
64.24,100,99.9896624529903,99.9854918275095,0.00122933532725573,-0.0102922045471857,0.4147401806319,-0.818705859655912,2.21121961625102,0,-0,0,402.929905664678,0,0
64.26,100,99.989691946685,99.9855150372114,0.00110952175478716,-0.00233605666489601,0.383356986983229,-0.437832120169113,-2.30718352392162,0,0,0,402.930606341905,0,0
64.28,100,99.9897213562323,99.9855364193254,0.0010220754334777,0.00505982029645899,0.354782201142479,-0.67030954957875,-1.54325638907075,0,0,0,402.930830020472,0,0
64.3,100,99.9897506818722,99.9855557506784,0.00090905306571553,0.0118144111075765,0.320057636704589,-0.777011623271875,3.42389068943266,0,-0,0,402.930750407995,0,0
64.32,100,99.9897799238441,99.9855732139654,0.000860173626057379,0.0179211316544071,0.29402749393256,-0.250049465087971,-0.836890490274633,0,0,0,402.931369937617,0,0
64.34,100,99.9898090823868,99.9855905825312,0.000875737687493232,0.0236318609314253,0.276589870607361,-0.32363433223645,-2.81144470986661,0,0,0,402.93164531852,0,0
64.36,100,99.9898381577383,99.9856080071738,0.000856143669509852,0.0289355347800186,0.251835704246748,-0.633536617881413,-4.55752969069078,0,0,0,402.931585976974,0,0
64.38,100,99.9898671501359,99.9856242514915,0.000750259406134386,0.0336050485741188,0.212098928312214,-1.11957788033114,-6.72823632800046,0,0,0,402.931403356013,0,0
64.4,100,99.9898960598163,99.9856371138385,0.000509070939365174,0.0372727163872932,0.150408125323865,-1.81193241148064,-0.31768179257748,0,0,0,402.930462599125,0,0
64.42,100,99.9899248870155,99.9856442512352,0.000212401809393705,0.0395700158587648,0.0808063743992496,-1.61225483690656,1.47345238465066,0,-0,0,402.930706957729,0,0
64.44,100,99.9899536319688,99.9856460726525,-1.51124937443692e-05,0.0405900517724351,0.0239064462885634,-1.21630209174118,0.111415285130433,0,-0,0,402.930347738265,0,0
64.46,100,99.9899822949109,99.9856440670978,-0.000179310536496233,0.0406047695499213,-0.0211733875532519,-1.04174747772061,-2.6854039020075,0,0,0,402.930098405999,0,0
64.48,100,99.9900108760758,99.9856388361885,-0.000352667607746491,0.0397444205083115,-0.0659677953011919,-1.23790161330005,0.743762071582144,0,-0,0,402.929948220036,0,0
64.5,100,99.9900393756967,99.9856299680022,-0.000525427666937533,0.0379820742211482,-0.108473484373765,-0.980886468372037,-4.22677946039888,0,0,0,402.929695077863,0,0
64.52,100,99.9900677940064,99.9856176292165,-0.000725876352596104,0.0353908084751543,-0.153019157535377,-1.37563304233949,4.75407457994859,0,-0,0,402.9298831181,0,0
64.54,100,99.9900961312368,99.9856011866644,-0.00088966048150996,0.0319220097516364,-0.188750896679743,-0.598927048914757,4.698615832379,0,0,0,402.930632956821,0,0
64.56,100,99.9901243876192,99.9855831072623,-0.000893663582449858,0.0280292995483045,-0.196196585155014,0.068644753265604,5.40747345594465,0,-0,0,402.931769440678,0,0
64.58,100,99.9901525633843,99.9855664328658,-0.000748794430260326,0.0242457258210606,-0.177926013985369,0.73532596097997,3.53471799465689,0,-0,0,402.932484497233,0,0
64.6,100,99.9901806587621,99.98555390268,-0.000491487292286187,0.0210378548879676,-0.140751451903222,1.08007715195383,-4.21794869980037,0,0,0,402.933089245213,0,0
64.62,100,99.990208673982,99.9855464620982,-0.000279689487303777,0.0185658629575544,-0.110799942239812,0.41242081558797,7.66460324110502,0,-0,0,402.93271693452,0,0
64.64,100,99.9902366092726,99.9855429154453,-3.96742220317754e-05,0.0166398857358319,-0.0761226940690516,1.31439020812534,-0.271626147774983,0,0,0,402.934018015522,0,0
64.66,100,99.9902644648621,99.9855453939369,0.000279441258998849,0.0155998971613745,-0.0293462645208527,1.10703037249879,0.126019018871326,0,-0,0,402.934266515437,0,0
64.68,100,99.9902922409777,99.9855538371839,0.000560078836945261,0.0154176208016655,0.0101546645187569,0.976037150850869,-0.448001611683698,0,-0,0,402.93436925019,0,0
64.7,100,99.9903199378462,99.9855675642232,0.000805845714392149,0.015960470262757,0.0428309001282265,0.790002078071954,0.101264359802467,0,-0,0,402.934035665273,0,0
64.72,100,99.9903475556938,99.985585878432,0.00102262104071639,0.017091390603976,0.0695698831250863,0.696649019215083,4.43525332724189,0,-0,0,402.93366262742,0,0
64.74,100,99.9903750947459,99.9856088074234,0.00128951096921317,0.0187885435525656,0.102966352474751,1.15600851528948,-2.6605595736861,0,0,0,402.934139205425,0,0
64.76,100,99.9904025552272,99.9856374627886,0.00155810831254563,0.0211972826070706,0.134679885916942,0.670297239401135,-7.46862956986181,0,0,0,402.934220464233,0,0
64.78,100,99.9904299373621,99.9856699733649,0.0016535933329117,0.0239769770777911,0.136728077976495,-0.350744398245437,-1.549631353258,0,-0,0,402.933533632441,0,0
64.8,100,99.9904572413738,99.9857027354021,0.00161740367385791,0.0265210153424465,0.116772485379962,-0.499042720976232,-0.722121897230477,0,0,0,402.933207695202,0,0
64.82,100,99.9904844674855,99.9857345569304,0.00156419512743517,0.0286282989865182,0.0938538823695215,-0.524106434707474,1.37583388943189,0,-0,0,402.93315092538,0,0
64.84,100,99.9905116159193,99.9857654946962,0.00153940565985855,0.0303061272966974,0.075513034282418,-0.283906964228506,0.476915498531551,0,0,0,402.933533548832,0,0
64.86,100,99.9905386868969,99.9857964087119,0.00155613378369475,0.0316928640598421,0.0638117794891308,-0.186433900586056,0.216477078026156,0,-0,0,402.934565800497,0,0
64.88,100,99.9905656806392,99.9858278672691,0.0015919735200241,0.0328784308044777,0.0550904508924547,-0.135463653041387,2.00026325773844,0,0,0,402.934681205693,0,0
64.9,100,99.9905925973666,99.9858603542808,0.00166756365523666,0.0339386720077039,0.0526435939573618,0.131696626216276,1.73706850536409,0,-0,0,402.935428890119,0,0
64.92,100,99.9906194372988,99.9858949501072,0.00180026025627919,0.0350430078835759,0.0590306486716487,0.329997817969226,-2.63123749218445,0,0,0,402.935706840497,0,0
64.94,100,99.990646200655,99.9859322294087,0.00191335566163008,0.0362739422109178,0.0616674852378533,-0.041489543671806,4.10645821857982,0,-0,0,402.936223616493,0,0
64.96,100,99.9906728876535,99.9859716369115,0.00204828088119011,0.0375317388043213,0.0673913026330496,0.475143563654605,-1.75671373819269,0,0,0,402.93689799947,0,0
64.98,100,99.9906994985123,99.9860143473761,0.0022121561470501,0.0389943798506817,0.0770239608740005,0.192783173884567,0.0247213299905526,0,-0,0,402.93716433349,0,0
65,100,99.9907260334486,99.9860599088775,0.00234357297563201,0.0405733922287088,0.0807001625616123,0.168727421667289,9.05725649313384,-0,-0,0,402.936838178294,0,0
65.02,100,99.990752492679,99.9861090009294,0.00261026041285594,0.0423641291816735,0.105354973458422,1.27387098094538,1.95074164026936,-0,-0,0,402.937840403011,0,0
65.04,100,99.9907788764195,99.9861652749651,0.00302149962126922,0.0449285056259296,0.151383319658984,1.34678670078833,1.17677888197653,-0,-0,0,402.938329498474,0,0
65.06,100,99.9908051848854,99.9862299551307,0.00344698967682368,0.0484171329885284,0.197088764381374,1.31253660593938,-0.563244170355464,-0,0,0,402.938326363725,0,0
65.08,100,99.9908314182916,99.986303005035,0.00385032445990845,0.0527683668139968,0.236300866483014,1.06615938746842,-4.58802332183815,-0,0,0,402.938605353416,0,0
65.1,100,99.9908575768522,99.9863832778103,0.0041506917530178,0.0577383666160978,0.256022125191715,0.350865654874763,-2.60296786885629,-0,0,0,402.938696979101,0,0
65.12,100,99.9908836607807,99.986468255724,0.00433412602320098,0.0628685852305859,0.254575930615604,-0.0228293522976884,-2.33171035106627,-0,0,0,402.938629381115,0,0
65.14,100,99.99090967029,99.9865561866436,0.00444906072550076,0.0678362002651971,0.240341076558789,-0.312577480051012,-1.99404065510645,-0,0,0,402.938995427586,0,0
65.16,100,99.9909356055925,99.9866458813415,0.00451339068290205,0.0724196537169838,0.216707496794919,-0.52187948175575,0.923362800481549,-0,-0,0,402.939245490706,0,0
65.18,100,99.9909614669,99.9867367560029,0.004582325404191,0.0765046686409571,0.193005321358532,-0.339903012279604,-2.77920318528717,-0,-0,0,402.939620418247,0,0
65.2,100,99.9909872544234,99.9868291036635,0.00464122194790496,0.0801239734263162,0.167036388812623,-0.643940710325221,-0.813404657523473,-0,-0,0,402.939109020263,0,0
65.22,100,99.9910129683733,99.986922182006,0.00466636430949168,0.0831488384811264,0.135410453271704,-0.662563892271768,-7.13828280216087,-0,0,0,402.93870122024,0,0
65.24,100,99.9910386089597,99.987015097707,0.00459337642004499,0.0854353947357759,0.0882362914225568,-1.46615578008187,-2.5775424585025,-0,0,0,402.937931612611,0,0
65.26,100,99.9910641763918,99.9871051805211,0.00440915019780079,0.0865686989835914,0.0244742347887749,-1.59357628456564,1.80578372737604,-0,0,0,402.938162941167,0,0
65.28,100,99.9910896708784,99.987191684881,0.0042574333303078,0.0864642526556162,-0.0319466872488308,-1.15746395489613,-1.70400265725332,-0,0,0,402.938700499933,0,0
65.3,100,99.9911150926275,99.9872757148535,0.00414185178944553,0.0853438047824113,-0.0803077176983135,-1.21553697822962,-4.90477381103271,-0,0,0,402.939252208062,0,0
65.32,100,99.9911404418467,99.9873568811027,0.00395504151987397,0.0831922375102751,-0.137528865594856,-1.66515536334311,-1.46186975912721,-0,0,0,402.938813675341,0,0
65.34,100,99.991165718743,99.9874335147566,0.003707410950941,0.0798010088734544,-0.20110961376404,-1.62493661173518,1.44716778822876,-0,0,0,402.939134147807,0,0
65.36,100,99.9911909235226,99.9875054260575,0.00349662308111809,0.0752144435614135,-0.25479774972753,-1.22724515311378,-5.25513720345501,-0,0,0,402.93951860262,0,0
65.38,100,99.9912160563913,99.9875731645159,0.00325459564211678,0.0696014319173944,-0.30942459602184,-1.71709014219236,5.33361956055328,-0,-0,0,402.939113194771,0,0
65.4,100,99.9912411175543,99.9876358281645,0.0030436700134856,0.0629042670496171,-0.354373445428854,-0.822208830932129,0.434876718353024,-0,0,0,402.939562169392,0,0
65.42,100,99.9912661072162,99.987695594907,0.00293611828439243,0.0555655289499565,-0.378307809715426,-0.655876396389159,-1.72672502104428,-0,0,0,402.939657777678,0,0
65.44,100,99.991291025581,99.9877531577308,0.00281162141717497,0.0477810116173951,-0.400817342371711,-0.780874284653408,-3.20450827829764,-0,0,0,402.939401752058,0,0
65.46,100,99.9913158728521,99.9878075766268,0.00261485581434752,0.0394841974669263,-0.430578626011267,-1.07273561746293,4.7226667585099,-0,-0,0,402.939294362711,0,0
65.48,100,99.9913406492322,99.9878579710973,0.0024497171931534,0.0306252305041457,-0.450495359509966,-0.338959460838446,-0.175641218582709,-0,0,0,402.93908973795,0,0
65.5,100,99.9913653549238,99.9879059974827,0.00235022798041799,0.0215626906562609,-0.455505703078758,-0.31190815210162,-0.106436302694964,-0,0,0,402.938979369458,0,0
65.52,100,99.9913899901284,99.9879518774386,0.00223530294565964,0.0124157764651798,-0.458904840877347,-0.279792115214445,2.13692717367727,-0,-0,0,402.93882099827,0,0
65.54,100,99.9914145550471,99.9879955379781,0.00213928000911917,0.00325394298817359,-0.455262829562117,0.0268395593713972,-0.528146707855054,-0,-0,0,402.938267817999,0,0
65.56,100,99.9914390498806,99.9880374895475,0.0020498224214671,-0.00576382434151869,-0.446898486826838,-0.0390245407821761,1.5131694667409,-0,0,0,402.937646280405,0,0
65.58,100,99.9914634748286,99.9880775068797,0.00195646877335637,-0.0146024808838817,-0.435670153575606,0.159493545646699,-2.89945373793517,-0,0,0,402.938187424421,0,0
65.6,100,99.9914878300908,99.9881154623602,0.00182086914844353,-0.0232151621870128,-0.427986172621075,-0.219329831080499,-0.484812751747523,-0,0,0,402.937474498481,0,0
65.62,100,99.9915121158657,99.9881498992335,0.00161851007415262,-0.0317703401739897,-0.427642729853735,-0.245984628030142,-0.690628903785347,-0,-0,0,402.937746592476,0,0
65.64,100,99.9915363323518,99.9881800126201,0.00138762037745999,-0.0403282149706382,-0.428401093149705,-0.295932906383762,-0.63578760592968,-0,0,0,402.937082955148,0,0
65.66,100,99.9915604797467,99.9882052073123,0.00112720460079053,-0.048914691274244,-0.430408719496192,-0.331825635814632,0.57109128915138,-0,-0,0,402.936806277104,0,0
65.68,100,99.9915845582474,99.9882250426205,0.000857855491287153,-0.0575305181640523,-0.430352426166392,-0.213048902785408,5.50349466800746,-0,-0,0,402.936238218426,0,0
65.7,100,99.9916085680507,99.988240077571,0.000671192589046525,-0.0660171688987427,-0.413709682820089,0.504978918014323,-0.0136810868438241,-0,0,0,402.936432992268,0,0
65.72,100,99.9916325093524,99.9882522831653,0.00054437177331474,-0.0739993396908653,-0.38495070351315,0.441228811066201,-0.0101094023477475,-0,-0,0,402.936897740718,0,0
65.74,100,99.991656382348,99.9882616639457,0.000389233730487381,-0.0814317533173286,-0.35868088158528,0.385089503492652,0.241236884073989,-0,0,0,402.936573032971,0,0
65.76,100,99.9916801872324,99.9882677095111,0.000212589657230827,-0.0883570174589906,-0.333987286084143,0.367528304157236,1.13239360675951,-0,-0,0,402.936278615414,0,0
65.78,100,99.9917039241999,99.9882701554146,3.39739230457713e-05,-0.0947820207349043,-0.307941230959596,0.46265792790601,0.0646466153517315,-0,0,0,402.935711146563,0,0
65.8,100,99.9917275934443,99.9882690340811,-0.000149619179827507,-0.100671175328111,-0.281334881112764,0.412991856392434,4.98544145251274,-0,-0,0,402.935833351527,0,0
65.82,100,99.9917511951589,99.9882645429299,-0.000278133592007623,-0.105968173244956,-0.244802209546188,0.981893951726036,3.28517682803742,-0,0,0,402.935744092052,0,0
65.84,100,99.9917747295361,99.9882585412507,-0.000311440138685569,-0.110359814867868,-0.192691772963961,1.26392759170163,1.62074164948795,-0,0,0,402.936105003217,0,0
65.86,100,99.9917981967683,99.9882523200693,-0.000309258680722438,-0.113642012798195,-0.135451052744782,1.30083040113139,-1.81607422998381,-0,0,0,402.936437175921,0,0
65.88,100,99.9918215970469,99.9882458808985,-0.000350083173054567,-0.115832158593352,-0.0862476790683948,0.903496498715333,-1.84753037694417,-0,0,0,402.936009990897,0,0
65.9,100,99.991844930563,99.9882377420314,-0.000477159191225878,-0.117192192979196,-0.0520856946597098,0.554890313792056,6.91729308542404,-0,-0,0,402.935836250276,0,0
65.92,100,99.9918681975071,99.9882271956729,-0.00054542404537842,-0.11785818416625,-0.00959504220019557,1.34366440140839,1.34722505199241,-0,-0,0,402.936015632115,0,0
65.94,100,99.9918913980691,99.9882165681186,-0.000516302900213687,-0.117486233087485,0.0465446053062665,1.33362607911213,1.21718899451579,-0,0,0,402.935911286197,0,0
65.96,100,99.9919145324383,99.9882065807342,-0.000481577033691333,-0.116008310385459,0.100905529162499,1.30884225361862,0.561634655305267,-0,0,0,402.936287179863,0,0
65.98,100,99.9919376008037,99.9881972822068,-0.000450191420076927,-0.113474193277955,0.151660465072404,1.20472830193783,-0.0591051080389076,-0,0,0,402.936303530899,0,0
66,100,99.9919606033536,99.9881884501235,-0.000437159496993945,-0.109984029200425,0.196117415193536,1.03716003321771,2.22938551049093,-0,-0,0,402.936680313253,0,0
66.02,100,99.9919835402756,99.988179886014,-0.000410976853055242,-0.105638406362087,0.239163468150928,1.17558536770939,-1.90602516520764,-0,0,0,402.93658352198,0,0
66.04,100,99.9920064117572,99.9881719114153,-0.000399093924803001,-0.100459487680017,0.276046323940672,0.780550460099278,-2.63718023164268,-0,-0,0,402.936548910063,0,0
66.06,100,99.9920292179849,99.988163384728,-0.000467805634746294,-0.0947083865196259,0.296172284400576,0.344999269127602,-0.0245139009730843,-0,-0,0,402.935356332928,0,0
66.08,100,99.9920519591449,99.9881529414796,-0.000575588616900329,-0.0886768853187263,0.306574368456139,0.293651708428601,-5.5093404915478,-0,0,0,402.935197168585,0,0
66.1,100,99.992074635423,99.9881398422336,-0.000760414918073886,-0.0825507320048118,0.30135126904151,-0.435097851916843,-2.49069440754055,-0,0,0,402.934001774969,0,0
66.12,100,99.9920972470041,99.9881218590462,-0.00104562937469222,-0.0767465764329134,0.277469968701478,-0.689892895573456,2.08584494437831,-0,0,0,402.933868910738,0,0
66.14,100,99.992119794073,99.9880981965907,-0.00130461832406881,-0.0714354956745397,0.255907822458623,-0.340345475196391,4.14879460096663,-0,-0,0,402.934231335693,0,0
66.16,100,99.9921422768136,99.988070488215,-0.00144177860485838,-0.0663923337065583,0.251972966813812,0.22005879464901,2.09084200967473,-0,-0,0,402.934823796786,0,0
66.18,100,99.9921646954094,99.9880412375606,-0.00147174803198666,-0.0612587308162711,0.262784553174326,0.449326687609286,8.19787963283357,-0,-0,0,402.93498095978,0,0
66.2,100,99.9921870500436,99.9880126843079,-0.00134267268335935,-0.0557292341310147,0.296166207696951,1.40966391238321,3.61194259891038,-0,-0,0,402.936257985856,0,0
66.22,100,99.9922093408985,99.9879886098491,-0.00105091601969229,-0.0492662166501496,0.351582541013066,1.67054872233988,1.75920737030006,-0,0,0,402.936963554493,0,0
66.24,100,99.9922315681561,99.9879709946675,-0.000706794284722199,-0.0416437805932259,0.410386369278095,1.66542350067876,-1.27799596081784,-0,-0,0,402.937540059696,0,0
66.26,100,99.992253731998,99.9879601870232,-0.000384896431853004,-0.0329118542023125,0.460123094068637,1.28065808977174,0.126727110463414,-0,0,0,402.93689857979,0,0
66.28,100,99.9922758326049,99.9879553487998,-0.000100721781711652,-0.0233157561920681,0.498285780980455,1.12267552091403,1.92223442415461,-0,-0,0,402.937286845152,0,0
66.3,100,99.9922978701574,99.9879562893176,0.000202845959522944,-0.0129960917007294,0.534043180996115,1.20855723533444,-0.647187193230765,-0,-0,0,402.937563473249,0,0
66.32,100,99.9923198448354,99.9879635181956,0.000515155098764696,-0.00198356618922281,0.565456958186452,0.96261354602103,-2.84150186787651,-0,0,0,402.937699597073,0,0
66.34,100,99.9923417568181,99.987976502258,0.000768794981801762,0.00952072652198199,0.58172556361215,0.476186165354812,7.38111261368255,-0,-0,0,402.9381032173,0,0
66.36,100,99.9923636062845,99.9879947854093,0.00109818241145752,0.0213328489096998,0.604779280681069,1.3276827413836,-3.69649842215845,-0,-0,0,402.939389334096,0,0
66.38,100,99.992385393413,99.9880207623651,0.00147924406757316,0.0337248956566152,0.630142623170513,0.684937638768302,-6.41665151337127,-0,0,0,402.939151055722,0,0
66.4,100,99.9924071183814,99.9880529291637,0.00170673809658523,0.0463349205994866,0.625045933340479,-0.212043150414015,-0.317534148282497,-0,-0,0,402.938418059987,0,0
66.42,100,99.992428781367,99.9880885115743,0.00185519322896009,0.0586118040482408,0.602514756000527,-0.22968197664799,-1.06888246085259,-0,-0,0,402.938523249871,0,0
66.44,100,99.9924503825467,99.9881272042446,0.00201387504495474,0.0704184165639988,0.577445695593033,-0.338642190655992,-4.34112747634372,-0,0,0,402.938421165376,0,0
66.46,100,99.9924719220968,99.9881687288543,0.00212239100170393,0.0816300200766107,0.540541015667636,-0.840514880917518,-0.684944342230295,-0,-0,0,402.938128951277,0,0
66.48,100,99.9924934001932,99.9882118672359,0.00219541746975456,0.0919829993678051,0.494959621838725,-0.820153938873866,-0.332908637013326,-0,-0,0,402.938011183273,0,0
66.5,100,99.9925148170112,99.9882567302874,0.00229611704803891,0.101441986974475,0.451405776012464,-0.758516041258264,-1.6123338321765,-0,0,0,402.93773842571,0,0
66.52,100,99.9925361727257,99.988303776826,0.00240677801931735,0.110035819710546,0.407384928319397,-0.863521906230311,-3.58670999328063,-0,0,0,402.937779228529,0,0
66.54,100,99.9925574675108,99.9883527315207,0.00247725556429043,0.117683431748425,0.355335150591486,-1.19988878574468,-4.43066163433321,-0,0,0,402.937872300551,0,0
66.56,100,99.9925787015406,99.9884023467436,0.00246978394097921,0.124160425924986,0.289990238698551,-1.5962023594542,0.863955830793184,-0,0,0,402.937950251729,0,0
66.58,100,99.9925998749883,99.9884515132836,0.00246006234944589,0.129283008194514,0.224471414264464,-1.27889198936223,-5.20399618010561,-0,-0,0,402.939059626818,0,0
66.6,100,99.9926209880268,99.9885006144411,0.00243102916229377,0.133121646608204,0.156494649907298,-1.76127730282547,-7.26113429804058,-0,0,0,402.938032165531,0,0
66.62,100,99.9926420408284,99.9885478189193,0.00226194210343413,0.135402779581885,0.0675796279922789,-2.43413444553951,-7.32069366072295,-0,-0,0,402.937654383615,0,0
66.64,100,99.992663033565,99.9885900373443,0.00193454287270306,0.135675615838634,-0.0437276368414185,-3.02555503199423,-2.44119301517329,-0,0,0,402.936285789189,0,0
66.66,100,99.9926839664079,99.988624726521,0.00153526114695898,0.133608547224583,-0.16196237715735,-2.92795941065954,-6.14560147929978,-0,0,0,402.936430006534,0,0
66.68,100,99.9927048395281,99.9886510775867,0.00108100055710481,0.129175447734033,-0.28333659708951,-3.30418727382403,-1.9815670846116,-0,0,0,402.935864442559,0,0
66.7,100,99.9927256530959,99.9886676579673,0.000579793408857103,0.122271716737552,-0.405355207351427,-3.11000849907515,1.81801897358075,-0,-0,0,402.935991722883,0,0
66.72,100,99.9927464072812,99.9886747328877,0.00014756357828292,0.113087532744288,-0.508557006674643,-2.46758487931694,4.00609931178268,-0,-0,0,402.936015830436,0,0
66.74,100,99.9927671022535,99.9886745042131,-0.000143353068599103,0.102133536428471,-0.581212678244864,-1.63623239176866,-3.96345106392995,-0,0,0,402.936636872176,0,0
66.76,100,99.9927877381817,99.9886691777496,-0.000406145636035165,0.0899174472082316,-0.64185173910283,-1.90727712314124,9.95642101710249,-0,-0,0,402.936633457887,0,0
66.78,100,99.9928083152343,99.9886587570215,-0.000594665051988296,0.0765919800343184,-0.6827889032896,-0.707277123141245,5.73702150601032,-0,-0,0,402.937982765547,0,0
66.8,100,99.9928288335792,99.9886467607454,-0.000578530272123396,0.0628729729251114,-0.68379674951609,0.107659263974539,-1.77191611096491,-0,0,0,402.938556431427,0,0
66.82,100,99.9928492933839,99.9886358286895,-0.000529252909960744,0.0493136039519116,-0.673538401353949,-0.120465741528248,3.45029777843304,-0,-0,0,402.938885407384,0,0
66.84,100,99.9928696948154,99.9886255667458,-0.000484401565404378,0.0359656613621779,-0.658320661810568,0.331118889811235,1.839827653007,-0,-0,0,402.938808545248,0,0
66.86,100,99.9928900380403,99.9886167501895,-0.000394640068447737,0.0230629096528592,-0.630732121056076,0.521754818784437,-2.56106173333112,-0,0,0,402.938387892153,0,0
66.88,100,99.9929103232247,99.9886094232401,-0.000357881039210139,0.0107093000652251,-0.607063201728644,0.139716906414061,1.65283418321533,-0,-0,0,402.938404849235,0,0
66.9,100,99.9929305505342,99.9886021144917,-0.000369896942762061,-0.00124042999354887,-0.586657904111873,0.332377301137606,9.72081811108912,-0,-0,0,402.938155587847,0,0
66.92,100,99.9929507201338,99.9885955443623,-0.000244576144392238,-0.0125812294871408,-0.53998584436417,1.4977934493253,5.72290271147306,-0,-0,0,402.939195483354,0,0
66.94,100,99.9929708321882,99.9885935223337,6.00380464074245e-05,-0.0226306448248664,-0.461809273794551,2.01746087732059,3.68559085638866,-0,-0,0,402.939873143555,0,0
66.96,100,99.9929908868616,99.9885984068276,0.000434134299022504,-0.0309716175243526,-0.371268543259926,2.21285187402276,-1.01729378745404,-0,0,0,402.939826670021,0,0
66.98,100,99.9930108843178,99.9886106308755,0.000770417419756356,-0.0375219528153066,-0.286660982171133,1.79548311232146,-0.796944793673965,-0,-0,0,402.93932524418,0,0
67,100,99.9930308247199,99.9886285850449,0.00101083825884014,-0.0425424147968056,-0.217715332983442,1.4603557512517,-1.99953627815826,-0,0,0,402.938964794786,0,0
67.02,100,99.9930507082307,99.9886504175681,0.00115436405255768,-0.0463372147513578,-0.164730088666157,1.01931499522595,0.30225144909529,-0,-0,0,402.938544667874,0,0
67.04,100,99.9930705350126,99.9886743235158,0.00123207344310973,-0.0492040128677435,-0.122679516933582,0.923100787515585,0.763569815249744,-0,0,0,402.938319615888,0,0
67.06,100,99.9930903052274,99.9886995971024,0.00129418731924874,-0.0512642758355876,-0.0836256264109865,0.896722624437916,-4.81992647236943,-0,0,0,402.938120494561,0,0
67.08,100,99.9931100190364,99.988725483809,0.00126603402608522,-0.0526515409956539,-0.0597711555910348,0.177348997549815,-1.43768636037015,-0,0,0,402.937061218438,0,0
67.1,100,99.9931296766007,99.9887495192013,0.00112940849706141,-0.0537724079659576,-0.0536201027419544,-0.0247351644125538,-4.10713903421535,-0,0,0,402.936747348871,0,0
67.12,100,99.9931492780807,99.9887700831768,0.000906598127840768,-0.0548884681103131,-0.0612060292126097,-0.532988331119027,3.00450008126974,-0,-0,0,402.935920303612,0,0
67.14,100,99.9931688236364,99.9887857432155,0.00067669203881585,-0.0562226750292984,-0.0693239762181121,-0.0869925733817821,-6.59098040045052,-0,0,0,402.936202225708,0,0
67.16,100,99.9931883134273,99.988796816431,0.000398093680222338,-0.0577120520559421,-0.0847300771413393,-0.895826327872676,-0.417975930120223,-0,0,0,402.93546238547,0,0
67.18,100,99.9932077476126,99.988801072687,2.93396291411609e-05,-0.059699291211571,-0.113450448211039,-0.827602032477498,2.04523982596354,-0,0,0,402.935570935317,0,0
67.2,100,99.9932271263509,99.9887983041269,-0.00029265607895721,-0.0621890708138725,-0.133100117241334,-0.461029239053403,2.03115630279697,-0,0,0,402.936055142903,0,0
67.22,100,99.9932464498004,99.9887898690549,-0.000539220123916734,-0.0649334859067237,-0.139277382283331,-0.144766777585499,2.50986282979289,-0,0,0,402.936462878892,0,0
67.24,100,99.9932657181188,99.9887772187983,-0.000713303651812048,-0.0676758718469317,-0.132825297383719,0.189051202918468,-0.200575015999713,-0,0,0,402.936781100822,0,0
67.26,100,99.9932849314635,99.9887615289355,-0.000858148188596295,-0.0702120923194466,-0.121125438840337,0.140653363279266,0.37158486833558,-0,-0,0,402.936736005907,0,0
67.28,100,99.9933040899913,99.9887428593817,-0.00100811714437005,-0.0725237343668508,-0.109872271507801,0.169635916261253,-6.11958935693325,-0,0,0,402.936566090164,0,0
67.3,100,99.9933231938585,99.9887205666387,-0.00125276330738831,-0.0747075059455579,-0.113491982180867,-0.613874467687285,-0.699068612390956,-0,-0,0,402.935938449959,0,0
67.32,100,99.9933422432211,99.9886921139853,-0.00159354755437088,-0.0771585700354039,-0.131564444912239,-0.617938587347472,-6.41853642856272,-0,0,0,402.935807594146,0,0
67.34,100,99.9933612382347,99.9886561954675,-0.00202788346993818,-0.0800618594987174,-0.163224820860246,-1.33399220513764,2.16431699537208,-0,0,0,402.935049895035,0,0
67.36,100,99.9933801790542,99.9886107584471,-0.00249960545047886,-0.0837108700526608,-0.198659361297597,-0.88451812775469,-3.02655693956546,-0,0,0,402.935632805688,0,0
67.38,100,99.9933990658344,99.9885562802707,-0.0029601847468719,-0.0879815056258718,-0.22992454625188,-1.14256856902289,-2.3810813979607,-0,-0,0,402.934643485819,0,0
67.4,100,99.9934178987294,99.9884919587464,-0.00347974943683441,-0.0929529097570772,-0.267974354791765,-1.28576602604494,1.34479426667663,-0,0,0,402.933578689918,0,0
67.42,100,99.9934366778929,99.9884171698359,-0.00398793099352016,-0.0986665610168279,-0.301054073439507,-0.9436656513378,4.03342654483336,-0,0,0,402.934065885191,0,0
67.44,100,99.9934554034782,99.9883331284236,-0.00439344676581042,-0.104863959147881,-0.314553788869162,-0.31181358148791,2.11809905151624,-0,-0,0,402.93466481152,0,0
67.46,100,99.9934740756381,99.9882420847234,-0.00470071310144021,-0.111127161864656,-0.309760926574703,-0.00312302847395703,1.98650572617226,-0,0,0,402.934487583506,0,0
67.48,100,99.9934926945252,99.9881454676218,-0.00495274324216506,-0.117182214477634,-0.294131673079612,0.249877636043344,2.94506451882266,-0,0,0,402.935537722059,0,0
67.5,100,99.9935112602914,99.9880443820797,-0.00514384647421218,-0.122817146113052,-0.267242599400504,0.588050393448856,2.49491761466949,-0,-0,0,402.936264595494,0,0
67.52,100,99.9935297730883,99.9879401184419,-0.00527416509785008,-0.127801240856986,-0.229738768977399,0.824303256384254,4.90458330171284,-0,-0,0,402.936424779004,0,0
67.54,100,99.993548233067,99.9878339798444,-0.00532016704051888,-0.131914697632952,-0.178510260105544,1.32907205544116,1.03296114849452,-0,0,0,402.936797889238,0,0
67.56,100,99.9935666403781,99.9877276564852,-0.0053138300586544,-0.134891348953355,-0.119609452057756,1.28409658499905,-0.119572614499072,-0,-0,0,402.936903729129,0,0
67.58,100,99.993584995172,99.987621255022,-0.00533310178048546,-0.13673557221982,-0.0661498990222416,1.09973365366944,-0.31977086064531,-0,0,0,402.936014274815,0,0
67.6,100,99.9936032975984,99.9875140665768,-0.0053922257442345,-0.137590619995115,-0.0206721921738218,0.915569970300972,7.66077592473723,-0,-0,0,402.935963937314,0,0
67.62,100,99.9936215478068,99.9874061481045,-0.00536523766338327,-0.137480607357185,0.0368312056944349,1.75015370858143,-0.968123137389198,-0,0,0,402.936952954937,0,0
67.64,100,99.9936397459463,99.9872998777055,-0.00527378426163568,-0.136069262545496,0.101830652989414,1.39775899735174,4.88516943982599,-0,-0,0,402.936772023429,0,0
67.66,100,99.9936578921652,99.9871953596993,-0.00515879400751659,-0.133403484873473,0.167229783801166,1.82116224824749,-3.69430044428861,-0,0,0,402.937406022096,0,0
67.68,100,99.9936759866117,99.9870933853797,-0.00506356643982568,-0.129430154330424,0.22539357511334,1.11866257657942,-0.401576202232285,-0,-0,0,402.937180019315,0,0
67.7,100,99.9936940294337,99.9869922316101,-0.00505674543272142,-0.124508623561762,0.265315450160517,0.918270178809631,2.35334362379707,-0,-0,0,402.936649692791,0,0
67.72,100,99.9937120207783,99.9868912247316,-0.00503396546312242,-0.118826252314244,0.303845817669108,1.08804883065713,-1.53526439458868,-0,0,0,402.936915436374,0,0
67.74,100,99.9937299607924,99.9867908624968,-0.00501216679284476,-0.112385174612162,0.337944195290983,0.749932830555424,3.0439420835874,-0,-0,0,402.936490019194,0,0
67.76,100,99.9937478496225,99.9866908470044,-0.00497473396695851,-0.10531950563876,0.370245831376243,1.02734406053982,2.65174339341139,-0,-0,0,402.936831223017,0,0
67.78,100,99.9937656874146,99.9865923963581,-0.00485871396657591,-0.0975223751266145,0.410510610116186,1.21899265008834,-2.90755682479343,-0,0,0,402.937352836606,0,0
67.8,100,99.9937834743143,99.986496380474,-0.00475954113332293,-0.0889525665979431,0.442932296965594,0.691789124482477,4.28812837447201,-0,0,0,402.937128854453,0,0
67.82,100,99.9938012104669,99.9864021390016,-0.00464282886610203,-0.0798182095541653,0.473159672050079,1.13192425266712,2.30469483073019,-0,-0,0,402.938435670965,0,0
67.84,100,99.993818896017,99.9863112960907,-0.00443146884471752,-0.0699612943109557,0.513185316045302,1.26482949586495,0.000982446282064406,-0,0,0,402.938594530219,0,0
67.86,100,99.9938365311091,99.9862250362806,-0.00419632216825497,-0.0593052166260515,0.551128130778292,1.09328733272468,-1.94356287908086,-0,0,0,402.939041805853,0,0
67.88,100,99.9938541158871,99.9861431925068,-0.00399849185253273,-0.0479966632674916,0.577062752049741,0.702414886655296,-4.21949516803884,-0,-0,0,402.939758014489,0,0
67.9,100,99.9938716504947,99.986064485059,-0.0038921276841106,-0.0363592866008551,0.582577707016152,0.0777955165570468,-1.30600285384783,-0,0,0,402.938975009699,0,0
67.92,100,99.9938891350748,99.9859870697932,-0.00385188515050165,-0.0247974348792974,0.572419437054165,-0.100192950106972,-0.0393284103401903,-0,-0,0,402.939065621078,0,0
67.94,100,99.9939065697703,99.9859104538906,-0.00380520103483992,-0.0134857528471473,0.558736200480618,-0.0965471856587341,6.55179391121934,-0,-0,0,402.939388108415,0,0
67.96,100,99.9939239547235,99.9858357125813,-0.00363186434492924,-0.0023403333528225,0.560993645738085,0.727416549809798,-2.50954958737173,-0,0,0,402.939979772254,0,0
67.98,100,99.9939412900763,99.9857656548718,-0.00338572015687958,0.00899661985841027,0.569943868219727,0.313559479181444,-4.98729880864427,-0,0,0,402.940217948605,0,0
68,100,99.9939585759702,99.985699596706,-0.00324231666561985,0.0203143738656419,0.557514111343346,-0.354694973107111,-5.50812347889347,-0,0,0,402.939878799314,0,0
68.02,100,99.9939758125463,99.9856350806375,-0.00323113557008802,0.0311289735111854,0.519867454814084,-0.998765001367161,-1.53915670991266,-0,0,0,402.939710496465,0,0
68.04,100,99.9939929999453,99.9855699383502,-0.0032825477935076,0.0410237766035783,0.469297655241659,-1.06234447902453,-0.686600601101018,-0,-0,0,402.94003259647,0,0
68.06,100,99.9940101383076,99.9855038850791,-0.00331813506327755,0.0499036359441326,0.4191135981528,-1.01114258478391,-7.3628025421782,-0,0,0,402.940202218559,0,0
68.08,100,99.994027227773,99.9854367018497,-0.00342938296963519,0.0576948173822065,0.355115727184068,-1.79831933170853,0.934600860209525,-0,-0,0,402.939600577613,0,0
68.1,100,99.994044268481,99.9853664561596,-0.00357998506090689,0.0640645385874987,0.284290478997357,-1.44634550629232,-5.0830309802548,-0,0,0,402.939954380492,0,0
68.12,100,99.9940612605708,99.9852934497502,-0.00373754694241002,0.0690583363897531,0.212442435304234,-1.89022490179711,3.6774957349942,-0,-0,0,402.939736711386,0,0
68.14,100,99.9940782041811,99.9852172066192,-0.00385860716457209,0.0726091245815506,0.147345307291365,-1.18305045660304,0.0121441955154428,-0,0,0,402.94028977801,0,0
68.16,100,99.9940950994501,99.9851397794359,-0.00387792360206948,0.0750667787517202,0.0995644646871717,-1.02530475821455,-2.81922066051072,-0,0,0,402.940894589486,0,0
68.18,100,99.9941119465159,99.9850620250132,-0.00390649933365319,0.076588057999794,0.0513260090711962,-1.24094695447493,2.41134856184273,-0,-0,0,402.941146458029,0,0
68.2,100,99.9941287455158,99.9849837089461,-0.0039074584195134,0.0771605786409398,0.00903187219082643,-0.776077879139107,-0.644140105112543,-0,-0,0,402.941683278556,0,0
68.22,100,99.9941454965871,99.9849060690943,-0.00385655141050809,0.0770144362720846,-0.0233992513152882,-0.753750743423019,-3.55413046606426,-0,0,0,402.941547657262,0,0
68.24,100,99.9941621998665,99.9848291413557,-0.00385103216844253,0.0761863889820412,-0.0614710548832733,-1.0962813396175,-0.391121283413229,-0,-0,0,402.941405369689,0,0
68.26,100,99.9941788554904,99.9847517861414,-0.00388229038397423,0.074531676493912,-0.103237359341686,-0.999691827694232,-3.38430684968521,-0,0,0,402.94095173356,0,0
68.28,100,99.9941954635947,99.9846736167148,-0.00394802392429546,0.0720365936272655,-0.147951554118065,-1.28723597583838,8.48331279436714,-0,-0,0,402.941105655694,0,0
68.3,100,99.994212024315,99.9845945137105,-0.00391682187342174,0.0687386470607883,-0.174056663657446,-0.0938112318410566,2.79090076378133,-0,-0,0,402.942252190876,0,0
68.32,100,99.9942285377865,99.9845180981716,-0.00371214134087965,0.0652749726537715,-0.169988618519497,0.26736172777363,-1.7318691925359,-0,-0,0,402.942166022246,0,0
68.34,100,99.9942450041439,99.9844460351815,-0.00350568402771813,0.0619506348751304,-0.164045923457397,0.0167009974028125,2.41990184502426,-0,-0,0,402.941408168547,0,0
68.36,100,99.9942614235218,99.9843778605953,-0.00330137952128216,0.0587222554938749,-0.156864416408457,0.318063512789135,-0.277945725833086,-0,-0,0,402.942142017103,0,0
68.38,100,99.9942777960541,99.9843140921407,-0.00307983363647336,0.0557029210357917,-0.14556842964689,0.242501499914425,-1.82728330441176,-0,-0,0,402.942099312982,0,0
68.4,100,99.9942941218746,99.9842543429534,-0.00290672722379014,0.0528554887391842,-0.140830568393969,-0.0168505935318835,-1.74479906671273,-0,0,0,402.94140965554,0,0
68.42,100,99.9943104011164,99.9841973921313,-0.00279828220443674,0.050009941417335,-0.145057508796587,-0.230289773969659,0.302861606104486,-0,0,0,402.941635229858,0,0
68.44,100,99.9943266339124,99.9841422442489,-0.00271528958127873,0.0470376526032638,-0.151683255631856,-0.160502579479847,-0.368545627781801,-0,-0,0,402.941836856887,0,0
68.46,100,99.9943428203953,99.9840887528745,-0.00263636152937177,0.0439497160798432,-0.157225399288366,-0.184563141531972,0.00140785017080664,-0,0,0,402.941236708359,0,0
68.48,100,99.994358960697,99.984036729478,-0.00256651793641665,0.0407506800563018,-0.162470219742443,-0.158109290685856,2.26628043196773,-0,-0,0,402.941521069212,0,0
68.5,100,99.9943750549494,99.9839862995872,-0.00246589693586382,0.0374959400521716,-0.161032821706918,0.147067534701204,3.38963385627849,-0,-0,0,402.942002304899,0,0
68.52,100,99.9943911032839,99.9839386030353,-0.00228899743566764,0.0344006998661964,-0.145930186789266,0.551440701329938,2.40553238385992,-0,0,0,402.942408371865,0,0
68.54,100,99.9944071058314,99.9838951936628,-0.00204379924463216,0.0317371190699214,-0.119033883434974,0.779874112702588,6.73880144503665,-0,-0,0,402.943091794484,0,0
68.56,100,99.9944230627226,99.9838576028161,-0.00168645548092013,0.0297617383725424,-0.0739134437395109,1.51763946658795,5.48589345726141,-0,-0,0,402.944196230611,0,0
68.58,100,99.9944389740878,99.9838286966544,-0.00118466480584405,0.0289290617829192,-0.00647573812872849,2.00029954996753,-0.240419714907818,-0,0,0,402.944745637146,0,0
68.6,100,99.9944548400568,99.9838103739438,-0.000658299876523377,0.0295141703930666,0.0628700995976145,1.70507563359581,0.470620642067408,-0,0,0,402.945009552469,0,0
68.62,100,99.9944706607591,99.9838020481047,-0.000179552196105631,0.0313764076363658,0.122076646059409,1.53735162759931,6.5157529385654,-0,-0,0,402.945640209619,0,0
68.64,100,99.994486436324,99.98380362446,0.000363174670510228,0.034448500423064,0.188783747567811,2.14467702654463,0.593048238351435,-0,-0,0,402.946983310658,0,0
68.66,100,99.9945021668802,99.9838169594319,0.0009644981925211,0.0389643937474768,0.261180249517882,1.93204284758782,-0.731262811546219,-0,-0,0,402.947262778382,0,0
68.68,100,99.994517852556,99.9838418660421,0.0015152439565643,0.0448127922282081,0.321183436485691,1.5817351085207,0.504468794954379,-0,0,0,402.947309001613,0,0
68.7,100,99.9945334934796,99.9838773006735,0.00202551010406417,0.0517396125115294,0.370333976168104,1.4321203186426,5.14418351077903,-0,-0,0,402.948100265587,0,0
68.72,100,99.9945490897786,99.9839232734567,0.00259312506608899,0.059658453854865,0.424185229617321,1.879607475408,2.74973598648387,-0,-0,0,402.949104127852,0,0
68.74,100,99.9945646415804,99.9839815991847,0.00324719967041331,0.0687641786289404,0.486695903818377,1.96928873123386,-1.72453417687788,-0,0,0,402.950282893713,0,0
68.76,100,99.9945801490119,99.9840530127493,0.00387965071751279,0.0790631125363144,0.539876691246295,1.4885530050654,-4.33941934459453,-0,0,0,402.950786151342,0,0
68.78,100,99.9945956121996,99.9841359891319,0.00439301276086657,0.0901925237667065,0.568130638196075,0.744218215551028,-1.0226602769585,-0,0,0,402.950291711228,0,0
68.8,100,99.9946110312699,99.984228147656,0.00481797930565304,0.101659838765125,0.577005941545891,0.51223865692501,2.53990127794204,-0,0,0,402.950576890789,0,0
68.82,100,99.9946264063485,99.9843289009156,0.0052713190405228,0.113271975239445,0.585656396239131,0.755879610847122,-3.14994827972419,-0,-0,0,402.952018429928,0,0
68.84,100,99.9946417375611,99.9844389527965,0.00571838035035286,0.12504566622023,0.588424646334523,0.256670683873576,-6.10946290558782,-0,0,0,402.951898038105,0,0
68.86,100,99.9946570250327,99.9845567602941,0.00603447252200316,0.136638519447842,0.56572245712289,-0.544530341928123,0.883085810576529,-0,-0,0,402.951926258741,0,0
68.88,100,99.9946722688881,99.9846800029376,0.00630012055471984,0.147599469588294,0.531529798840695,-0.368592889515098,4.47650276187443,-0,-0,0,402.952160897893,0,0
68.9,100,99.9946874692519,99.9848095231832,0.00667900380905239,0.158001699831964,0.512528580677022,0.2328014304013,-6.96958523035296,-0,0,0,402.953355248949,0,0
68.92,100,99.994702626248,99.9849470137119,0.00703726336367083,0.168054302093399,0.486949792230433,-0.672052805905617,-8.04738500322633,-0,0,0,402.953196909852,0,0
68.94,100,99.9947177400002,99.9850896730032,0.00719447008195415,0.177248346145529,0.426697463927545,-1.59136124429171,-9.08821808659467,-0,0,0,402.952581755239,0,0
68.96,100,99.9947328106319,99.985233396053,0.00714227473700329,0.184892930994564,0.332083343357904,-2.51714182830143,-3.6303911632811,-0,0,0,402.952325763274,0,0
68.98,100,99.9947478382661,99.9853745738774,0.00697065464478517,0.190412559356761,0.219420843417317,-2.63887394212954,-4.69548156723267,-0,0,0,402.952754607052,0,0
69,100,99.9947628230255,99.9855119133211,0.00675284032179411,0.193636630051945,0.101817031274356,-2.87662772574371,-5.80014288515585,-0,0,0,402.952681793457,0,0
69.02,100,99.9947777650324,99.9856441612763,0.00645622574036708,0.194425313710015,-0.0247474228978603,-3.21992320667445,5.87357015936076,-0,-0,0,402.952060011307,0,0
69.04,100,99.9947926644088,99.9857707385736,0.00624454893786632,0.192773034102413,-0.132699581429344,-2.0615623287499,-1.69332829510222,-0,-0,0,402.954121662671,0,0
69.06,100,99.9948075212763,99.9858947638793,0.00615717889892719,0.189282020523752,-0.215713666496821,-1.99921280112015,-6.93881149255503,-0,0,0,402.953801045258,0,0
69.08,100,99.9948223357562,99.9860164389854,0.00598258177309851,0.184084922796803,-0.307499577209796,-2.59803018169968,-1.08208988228712,-0,-0,0,402.952870765946,0,0
69.1,100,99.9948371079694,99.9861336012543,0.00573716369383782,0.176950110218901,-0.404267591761723,-2.38629350794159,3.36478226693212,-0,-0,0,402.952783235523,0,0
69.12,100,99.9948518380365,99.9862464882781,0.00557552826801846,0.168052073476693,-0.480500334104417,-1.64724266625743,-2.86809408853241,-0,0,0,402.953393721036,0,0
69.14,100,99.9948665260778,99.9863568638785,0.00545114247803698,0.157815110150102,-0.543780368160323,-1.7812444403563,-9.16415452680685,-0,0,0,402.954051794475,0,0
69.16,100,99.9948811722131,99.986463457852,0.00516619586009113,0.146176785864615,-0.625485825535335,-2.68376447524379,5.14860871093023,-0,-0,0,402.952254225536,0,0
69.18,100,99.994895776562,99.9865633710035,0.00485793634300999,0.132831432315923,-0.702287788290415,-1.68027094359445,-0.0862425390110902,-0,0,0,402.953276838647,0,0
69.2,100,99.9949103392438,99.9866584469149,0.00465130122244289,0.118250521788043,-0.754136269743305,-1.46165765348491,5.93757174501641,-0,-0,0,402.953631162739,0,0
69.22,100,99.9949248603774,99.9867500792092,0.00454221195580099,0.102827589345144,-0.781937727521463,-0.520708351618675,2.89867999828423,-0,-0,0,402.954720259574,0,0
69.24,100,99.9949393400811,99.9868409435408,0.00455487720081292,0.0871536273342539,-0.782551488987253,-0.0839701507657324,-0.242019506390262,-0,-0,0,402.954782986133,0,0
69.26,100,99.9949537784734,99.9869323392821,0.0045777896229865,0.0715817529731395,-0.774633504763091,-0.0966790566550005,3.25747997134968,-0,-0,0,402.954372380045,0,0
69.28,100,99.994968175672,99.9870241418004,0.0046131795551944,0.0562261767160357,-0.758144393933613,0.329053454701878,-3.0366472113065,-0,-0,0,402.954818739091,0,0
69.3,100,99.9949825317944,99.9871166141893,0.00461167276299908,0.0412554086161435,-0.741545248036799,-0.087319144974435,-3.30244065591116,-0,0,0,402.953723380993,0,0
69.32,100,99.9949968469578,99.9872077305024,0.00447842182235229,0.0264636463920901,-0.740049624949707,-0.480724448857599,3.13539080064856,-0,-0,0,402.953239551525,0,0
69.34,100,99.9950111212792,99.9872955881973,0.00431971339772439,0.0116701067330358,-0.736263392556105,-0.0200209490295672,-0.543397447091273,-0,0,0,402.95311957554,0,0
69.36,100,99.995025354875,99.9873805959873,0.00417314846838593,-0.00293455207156758,-0.724507967800975,-0.0779581578020187,-1.21081215385786,-0,0,0,402.953262303574,0,0
69.38,100,99.9950395478615,99.9874621380968,0.00397023821823135,-0.0173322818583573,-0.716048146707223,-0.211986690035205,9.22248596426852,-0,-0,0,402.95289419131,0,0
69.4,100,99.9950537003544,99.9875400350161,0.00386124697680354,-0.0314372238424933,-0.686863845709195,0.963494667516196,4.24181297677438,-0,-0,0,402.953610035281,0,0
69.42,100,99.9950678124693,99.9876176453615,0.0039116594153019,-0.0446080119738897,-0.627706203978582,1.3704904958913,2.39606679547059,-0,-0,0,402.953842692589,0,0
69.44,100,99.9950818843215,99.9876967586218,0.00400095242146785,-0.0564835660575023,-0.559204265139722,1.49235378072843,1.71360295886771,-0,-0,0,402.953442355581,0,0
69.46,100,99.9950959160257,99.9877776651053,0.00408760186318104,-0.0669641435214947,-0.488873245084012,1.51280748414654,2.0434740676638,-0,-0,0,402.953270510321,0,0
69.48,100,99.9951099076966,99.9878602224076,0.00416814885612407,-0.0760344723282196,-0.417949056609863,1.57108270273222,-3.63134870923933,-0,0,0,402.953172869842,0,0
69.5,100,99.9951238594483,99.9879438166474,0.00416335688734714,-0.0837682829283662,-0.359773381617628,0.913219787544847,4.59246071844051,-0,0,0,402.952018093555,0,0
69.52,100,99.9951377713948,99.9880265547093,0.00412698875710254,-0.090451242762274,-0.305733381807739,1.36854553799953,0.318409730438325,-0,0,0,402.952892886418,0,0
69.54,100,99.9951516436496,99.9881090853431,0.00411965931464172,-0.0959653137830117,-0.24671112906657,1.22976132273381,2.64789557510142,-0,-0,0,402.952890914387,0,0
69.56,100,99.9951654763259,99.988191345356,0.00411259278226675,-0.10032042415973,-0.18787471878098,1.39877449270888,4.47490139547657,-0,-0,0,402.952862420314,0,0
69.58,100,99.9951792695368,99.9882740192883,0.00416981304706107,-0.103416741563309,-0.119558454905329,1.77287722648541,-1.40609960364539,-0,0,0,402.95332844165,0,0
69.6,100,99.9951930233946,99.9883581107553,0.00422386509750736,-0.105118967079591,-0.0534843086179254,1.3632446321128,-0.358461244637553,-0,0,0,402.952745573512,0,0
69.62,100,99.9952067380119,99.9884425114903,0.0042083561433407,-0.10564392683558,-0.000615064364162672,1.13841701912189,0.940390333699123,-0,-0,0,402.952639439189,0,0
69.64,100,99.9952204135004,99.9885262928949,0.00416980018796952,-0.105182198628609,0.0464173585424961,1.10436192131841,-5.55656508542796,-0,0,0,402.952359758694,0,0
69.66,100,99.9952340499719,99.9886086489813,0.00403402155236002,-0.103908272199659,0.0755004078544866,0.264713200272442,2.65465753950284,-0,-0,0,402.951341215689,0,0
69.68,100,99.9952476475376,99.9886873072171,0.00384495208160412,-0.102230015598851,0.0941452004018727,0.560031269783032,3.45455187635807,-0,-0,0,402.951598221923,0,0
69.7,100,99.9952612063086,99.9887630293106,0.00374314163749181,-0.100062334653289,0.124787842378136,0.915810531341546,2.23109943741472,-0,-0,0,402.95207230052,0,0
69.72,100,99.9952747263956,99.9888375131884,0.00371360179135367,-0.0971790451538428,0.164391685096203,1.07151459003187,3.83383267364698,-0,0,0,402.952362486814,0,0
69.74,100,99.9952882079088,99.9889120623391,0.00375719627895251,-0.0934294745826926,0.212528137459459,1.40622896517637,2.5298205531526,-0,-0,0,402.953091788208,0,0
69.76,100,99.9953016509584,99.9889882772164,0.00387244462338138,-0.088627562891447,0.268262996640374,1.5329787254593,0.220006525102922,-0,-0,0,402.953289489594,0,0
69.78,100,99.9953150556542,99.9890670449033,0.00400076200921913,-0.0827156185537002,0.321574103425024,1.35392347845683,1.25351276508616,-0,-0,0,402.952821686395,0,0
69.8,100,99.9953284221054,99.9891482952092,0.00412704782488846,-0.0757986135406589,0.369754318085751,1.32736183558096,8.93105491437929,-0,-0,0,402.952823599146,0,0
69.82,100,99.9953417504213,99.9892330326872,0.00438809063995803,-0.0678138855712219,0.434430832396221,2.26088335081547,1.64756781313799,-0,0,0,402.953908054074,0,0
69.84,100,99.9953550407106,99.9893246484541,0.00477479633250184,-0.0583309146991957,0.512922073025471,2.16300306510066,-3.5128925217977,-0,0,0,402.954838896977,0,0
69.86,100,99.9953682930819,99.989423567835,0.00509374116869454,-0.0474179919157394,0.573430243365108,1.43338466016599,-3.46187270271914,-0,0,0,402.954598890376,0,0
69.88,100,99.9953815076433,99.9895275443572,0.00528454443663622,-0.0355764897679423,0.606519749830587,0.806654099487231,-1.43309752551421,-0,0,0,402.954597375398,0,0
69.9,100,99.9953946845027,99.9896344458506,0.00539942817429743,-0.0232798068700153,0.621155528127678,0.516064211696007,-6.30963243539599,-0,0,0,402.955189937092,0,0
69.92,100,99.9954078237677,99.9897428030852,0.0054072369757348,-0.0108845696990959,0.612799561738205,-0.344583628018245,-6.58932547078092,-0,0,0,402.954713101354,0,0
69.94,100,99.9954209255455,99.9898496236673,0.00524825079149799,0.0010216057128621,0.57286417075958,-1.12550228212922,-3.23110571061593,-0,0,0,402.954425351867,0,0
69.96,100,99.995433989943,99.9899520810889,0.00499087798982718,0.0119023097067793,0.513664703149899,-1.38405215286568,-2.83463201338191,-0,0,0,402.954408270296,0,0
69.98,100,99.995447017067,99.9900490492831,0.00470199828426286,0.0215182366715752,0.446957151335137,-1.55857883514611,-6.7816411462166,-0,0,0,402.954262602331,0,0
70,100,99.9954600070238,99.9901396049404,0.00433028682076092,0.0296805523093322,0.365367383904524,-2.20088020598147,1.25143032150083,-0,-0,0,402.953911352399,0,0
70.02,100,99.9954729599193,99.9902221998452,0.00394816653929698,0.03612132038303,0.281773831173964,-1.75687799204978,-2.58200061383149,-0,-0,0,402.953861540673,0,0
70.04,100,99.9954858758594,99.9902978421701,0.00361326314815076,0.0410027269209497,0.205986737424471,-1.8488332772653,3.89398785596067,-0,-0,0,402.953329189023,0,0
70.06,100,99.9954987549495,99.9903672782459,0.00335958102857082,0.0444539916630292,0.14397350100832,-1.1208477185677,-3.1399395301776,-0,0,0,402.953506828314,0,0
70.08,100,99.9955115972947,99.9904325960172,0.00316263892219435,0.0468255365141481,0.0917692696394386,-1.3648988324021,0.973625046339052,-0,-0,0,402.953334490785,0,0
70.1,100,99.9955244029998,99.990493837932,0.00297317954553667,0.0481407826239197,0.0418346585188123,-1.06353967155515,3.48211199786978,-0,-0,0,402.953531558208,0,0
70.12,100,99.9955371721695,99.990552209049,0.00288627640050428,0.0486176249925649,0.00962851340826241,-0.488660676914987,-1.70315397700535,-0,-0,0,402.954336541178,0,0
70.14,100,99.9955499049079,99.9906095917831,0.00284560840128004,0.0485807336593159,-0.0141925608313571,-0.637292097011257,-2.38020752722298,-0,-0,0,402.95360071684,0,0
70.16,100,99.9955626013189,99.9906657192624,0.0027579104524189,0.0480067853586392,-0.0444637588009888,-0.85013897468882,-4.82944824321494,-0,0,0,402.952928496825,0,0
70.18,100,99.9955752615062,99.9907193046148,0.00258002926541678,0.0467158050332081,-0.0876142161669884,-1.33869099622516,-0.379595883733991,-0,-0,0,402.952682408723,0,0
70.2,100,99.9955878855733,99.990768592536,0.00235223752793788,0.0444657687719814,-0.136379230843441,-1.20770957394352,3.62768340118901,-0,0,0,402.952708466156,0,0
70.22,100,99.995600473623,99.9908139243217,0.00220341172472361,0.0413645385908048,-0.16968478109617,-0.593559838798836,-0.460404013731998,-0,-0,0,402.953683019937,0,0
70.24,100,99.9956130257582,99.9908571457045,0.00211774071143577,0.037761659015092,-0.190370737760801,-0.571542731854107,-3.76279895989272,-0,-0,0,402.953113012077,0,0
70.26,100,99.9956255420813,99.9908982515699,0.00197519347269247,0.0337043822329774,-0.217753916993407,-0.964215296564754,10.5503391163909,-0,-0,0,402.951841647545,0,0
70.28,100,99.9956380226946,99.9909367167875,0.00191676325403168,0.0291616366408993,-0.228773209059941,0.235784703435246,-3.72858203264457,-0,0,0,402.953768858207,0,0
70.3,100,99.9956504676998,99.9909753918794,0.00192932524662315,0.0246424084886963,-0.226288317688689,-0.258305555582403,-3.14357178005756,-0,0,0,402.953296970168,0,0
70.32,100,99.9956628771987,99.9910131412186,0.00182945807782077,0.020003840143072,-0.23976472826787,-0.613259299728673,1.74215463237153,-0,-0,0,402.953348877665,0,0
70.34,100,99.9956752512924,99.9910484566505,0.00171177340145782,0.0150511681724634,-0.253499742705297,-0.312675610914992,-2.72199288975592,-0,0,0,402.953498519869,0,0
70.36,100,99.9956875900821,99.9910815128487,0.00157989322449234,0.00986487776484041,-0.266937885832835,-0.607669788190667,-2.55289909626748,-0,0,0,402.953503054107,0,0
70.38,100,99.9956998936684,99.9911111381809,0.00137080092663024,0.00430986400764805,-0.289956286997543,-0.842932953861838,4.22935745074339,-0,0,0,402.953027605124,0,0
70.4,100,99.9957121621517,99.9911365860967,0.00119687903354152,-0.00167289553365588,-0.304117194222952,-0.199999650557539,3.22752989187021,-0,0,0,402.954408269733,0,0
70.42,100,99.9957243956323,99.9911597634238,0.00113567139432064,-0.00771567698029748,-0.297374787504301,0.232024420865128,6.80584330744291,-0,-0,0,402.955034652705,0,0
70.44,100,99.9957365942099,99.9911829327886,0.00121196439211312,-0.0134060474517779,-0.266466327486184,1.05304470206318,-4.71144332444161,-0,0,0,402.956400514548,0,0
70.46,100,99.9957487579842,99.9912082178865,0.00128643617603663,-0.0183717442038629,-0.234800662340039,0.329524312425956,6.12559387096831,-0,-0,0,402.956489274724,0,0
70.48,100,99.9957608870545,99.9912343695602,0.00135610028008171,-0.0227939665433779,-0.202868222336888,1.05203172062513,1.08510786212034,-0,-0,0,402.957598202984,0,0
70.5,100,99.9957729815197,99.9912629765084,0.00150376280076817,-0.0264013779803502,-0.158010286511726,1.04900057806708,-3.4263573014739,-0,0,0,402.957278627345,0,0
70.52,100,99.9957850414786,99.9912940328345,0.00157902909882179,-0.0291939682801427,-0.124943330468482,0.485216747889355,9.01778711869187,-0,-0,0,402.95753984414,0,0
70.54,100,99.9957970670297,99.9913265565807,0.00171519501879537,-0.0313316806415012,-0.0821623337067942,1.54564282664425,2.53520622815861,-0,0,0,402.958371768985,0,0
70.56,100,99.9958090582711,99.9913635567088,0.00198987887590538,-0.0323410626239695,-0.018254334428445,1.65797979293614,8.56683195933981,-0,-0,0,402.959195447681,0,0
70.58,100,99.9958210153008,99.9914069700144,0.00238640528786561,-0.0319443985464331,0.0630815165386285,2.50539359130957,1.33201961617241,-0,-0,0,402.95993377088,0,0
70.6,100,99.9958329382162,99.9914596014018,0.00287238391286628,-0.0297470083829402,0.155275708637492,2.33802957881091,-3.49116005375244,-0,0,0,402.959970514156,0,0
70.62,100,99.9958448271148,99.9915212269577,0.00326330649334445,-0.0258649087332342,0.227896317416805,1.59149953844863,-3.39350925409024,-0,0,0,402.959908063543,0,0
70.64,100,99.9958566820936,99.9915891504734,0.00350665222891749,-0.0208167766988305,0.272669559587743,0.955839639935552,5.50434030247403,-0,-0,0,402.960092101521,0,0
70.66,100,99.9958685032493,99.9916615749347,0.00376089892398652,-0.0149696317455302,0.315435245205679,1.51336640538745,-10.2369778343502,-0,0,0,402.961579065642,0,0
70.68,100,99.9958802906785,99.9917391877378,0.00395603570655257,-0.00829225215161897,0.344481796718867,0.313366405387446,0.367586941523571,-0,-0,0,402.960358029065,0,0
70.7,100,99.9958920444775,99.991818989865,0.00402712952916409,-0.00134692196593632,0.349988070136355,0.313852324037849,-2.03920452814722,-0,0,0,402.96022692042,0,0
70.72,100,99.995903764742,99.991900144689,0.00407936792783037,0.0056651943408076,0.349263460961251,0.0149439732956899,-3.65409450305157,-0,-0,0,402.960341187553,0,0
70.74,100,99.9959154515679,99.9919816667582,0.00405711815931701,0.0125243955838711,0.333702486647895,-0.446903214892612,-3.92433015001667,-0,0,0,402.959287052778,0,0
70.76,100,99.9959271050506,99.9920618140143,0.00394256602172407,0.0188997521143006,0.301119272246636,-0.88023695862199,-5.3328367498065,-0,0,0,402.95875693611,0,0
70.78,100,99.995938725285,99.9921386596807,0.0037217390627453,0.0244460774168668,0.250117561833338,-1.43019342450538,-1.96293151607832,-0,0,0,402.958864158122,0,0
70.8,100,99.9959503123662,99.992210262013,0.00343709878501985,0.0288347984173599,0.188553176949474,-1.48765181127442,-8.80437010449602,-0,0,0,402.958649928905,0,0
70.82,100,99.9959618663887,99.9922753832498,0.00303940924124656,0.0318690887749744,0.109335512518983,-2.38959510306779,-1.92217053534126,-0,0,0,402.957578062006,0,0
70.84,100,99.9959733874468,99.992331192466,0.00254371085352738,0.0331175081218764,0.0162852036127483,-2.31312777970319,-7.08438083025493,-0,0,0,402.957444264114,0,0
70.86,100,99.9959848756346,99.9923766703111,0.00197959084965362,0.0324657338791006,-0.0848178764275045,-2.88866191889561,-1.80460450709795,-0,0,0,402.957131882701,0,0
70.88,100,99.9959963310458,99.9924099777457,0.00135487062725066,0.0296889234269998,-0.191476145473696,-2.72837781655966,-0.987449613468393,-0,-0,0,402.957724261797,0,0
70.9,100,99.996007753774,99.9924310665013,0.00076022276192753,0.0248727823673049,-0.288254543570098,-2.48787196261633,-4.7885643920955,-0,0,0,402.957373781376,0,0
70.92,100,99.9960191439124,99.9924402102164,0.000139713918080965,0.0181673939403916,-0.383615600527593,-2.75097601570262,-1.48230992350113,-0,0,0,402.957347431081,0,0
70.94,100,99.9960305015541,99.992436427817,-0.000515433990776276,0.00953464931064538,-0.478119061450434,-2.56723191513414,-1.59357021061406,-0,0,0,402.956880718545,0,0
70.96,100,99.9960418267916,99.9924196521647,-0.00116165417445231,-0.000900794172372814,-0.564137377152836,-2.42058244807053,0.207742760793886,-0,0,0,402.956525816981,0,0
70.98,100,99.9960531197174,99.9923901399867,-0.00178138695963641,-0.012952244322281,-0.638428156741058,-2.06805836809004,1.62023228340289,-0,0,0,402.956329780175,0,0
71,100,99.9960643804239,99.9923488257907,-0.00233692298975167,-0.0263180405111415,-0.694783692097827,-1.58483330769552,4.22288298613641,-0,-0,0,402.956779857527,0,0
71.02,100,99.9960756090028,99.9922974007877,-0.00278217316586468,-0.040575377069649,-0.725996562440851,-0.842317494929084,0.493110935789772,-0,-0,0,402.956391041797,0,0
71.04,100,99.9960868055458,99.9922380196928,-0.00315467239455694,-0.0552353261542678,-0.738704640957389,-0.662781829186613,-0.378528453789693,-0,0,0,402.955586590433,0,0
71.06,100,99.9960979701444,99.9921711585804,-0.00353531835958927,-0.0700894555217092,-0.74626983623437,-0.614501778154809,-0.953343388906526,-0,-0,0,402.955401519665,0,0
71.08,100,99.9961091028896,99.9920963889158,-0.00394861667500308,-0.0850789127970072,-0.75274310998263,-0.644873891864248,2.49788299824825,-0,0,0,402.954571453151,0,0
71.1,100,99.9961202038724,99.9920132931188,-0.00435053946356017,-0.100144385669266,-0.751106880965215,-0.239321126693382,4.60085231132992,-0,-0,0,402.955324984667,0,0
71.12,100,99.9961312731833,99.9919229625319,-0.00466349882310522,-0.114988684134395,-0.72936857160208,0.372885665535392,-1.01501443499843,-0,0,0,402.95509417596,0,0
71.14,100,99.9961423109128,99.9918268859931,-0.00495564054809132,-0.129265099668106,-0.699346447637768,0.204310984098424,6.93940609983096,-0,-0,0,402.954570444891,0,0
71.16,100,99.996153317151,99.9917251141845,-0.00519241173610857,-0.142871578244353,-0.655936245551163,1.04912022230604,3.78855085968992,-0,0,0,402.954877384736,0,0
71.18,100,99.9961642919876,99.991619960327,-0.00531298321043511,-0.155356135069793,-0.590456177910513,1.39035735504269,-1.35057164165621,-0,0,0,402.955996427864,0,0
71.2,100,99.9961752355123,99.9915124465105,-0.00545505635311949,-0.166498606106417,-0.526135237909459,1.04379783420088,11.3758762707273,-0,-0,0,402.955436831857,0,0
71.22,100,99.9961861478144,99.9914023343437,-0.00551080943575844,-0.176296373791189,-0.446148035361497,2.24379783420088,0.0155026054468008,-0,0,0,402.956155209655,0,0
71.24,100,99.996197028983,99.9912926675344,-0.00546854685261436,-0.184238241056035,-0.350150985573094,1.95284672073237,6.78237202988052,-0,-0,0,402.955713133475,0,0
71.26,100,99.9962078791069,99.9911838211193,-0.00539303532743734,-0.190270367933908,-0.249561960315501,2.54310778396229,7.58519626725588,-0,-0,0,402.956162419278,0,0
71.28,100,99.9962186982747,99.991077910121,-0.00517296992090071,-0.194079319646554,-0.127780485404368,3.15471797857574,-3.39969274949145,-0,0,0,402.957156312475,0,0
71.3,100,99.9962294865747,99.990976741315,-0.0049753748769795,-0.195432250683095,-0.0132455013623454,2.31461203512099,3.66870108620143,-0,-0,0,402.956616803718,0,0
71.32,100,99.996240244095,99.9908784571006,-0.00484464727318388,-0.194706388423386,0.0864745502266485,2.46549391368113,-2.06731097912498,-0,-0,0,402.956641760986,0,0
71.34,100,99.9962509709234,99.9907827039734,-0.00475078509450147,-0.192045092485329,0.175605021103289,1.87998342158607,-1.59015417808277,-0,0,0,402.955608785951,0,0
71.36,100,99.9962616671475,99.9906877385965,-0.00476011540989521,-0.187825197545893,0.243270607478508,1.43172961934719,-3.8934055059941,-0,-0,0,402.955313786683,0,0
71.38,100,99.9962723328545,99.9905915406331,-0.00488299185834472,-0.182468234153158,0.287909971782184,0.754139287674146,5.91935658188582,-0,0,0,402.953917886718,0,0
71.4,100,99.9962829681316,99.9904925622651,-0.00498586151134374,-0.176315084543362,0.331299791854808,1.39091989992607,1.17257672400883,-0,-0,0,402.955090647617,0,0
71.42,100,99.9962935730655,99.9903927237806,-0.00499533291175819,-0.16915106914306,0.384618769138933,1.3497836099435,-0.958191682308201,-0,0,0,402.954723736314,0,0
71.44,100,99.9963041477429,99.9902926478282,-0.00501965052996035,-0.160984031777789,0.429954563513353,1.04838375635518,-2.937500552488,-0,0,0,402.954388179935,0,0
71.46,100,99.99631469225,99.9901914739326,-0.00511327808201952,-0.152064905839303,0.458551441571067,0.540057040191496,0.116530069770543,-0,0,0,402.953977287589,0,0
71.48,100,99.996325206673,99.990087859758,-0.00524593443942113,-0.142718208174342,0.475618951261828,0.480693835317394,0.931942742641287,-0,-0,0,402.954791869371,0,0
71.5,100,99.9963356910976,99.989981814345,-0.00535208274178416,-0.13304577704645,0.49181202350994,0.528586822388857,-0.745484606042389,-0,0,0,402.95420920553,0,0
71.52,100,99.9963461456095,99.9898738625922,-0.00544502479790026,-0.123066712925725,0.504916834897011,0.361987490199038,-5.91120650991561,-0,0,0,402.954258738843,0,0
71.54,100,99.9963565702939,99.9897634239912,-0.00562560769621935,-0.112977828788437,0.498879138015391,-0.425699922573652,3.64767331599606,-0,-0,0,402.95425881181,0,0
71.56,100,99.9963669652361,99.9896488188057,-0.00581062341698127,-0.103142902995541,0.487830527005866,0.0821027154506687,1.22816246261945,-0,0,0,402.95509072534,0,0
71.58,100,99.9963773305208,99.9895316714194,-0.00589435938314267,-0.0933855547722412,0.488721090981223,0.220795353436596,-0.692369279463367,-0,0,0,402.955488478913,0,0
71.6,100,99.9963876662327,99.989413223631,-0.00595090703504127,-0.0835956663195752,0.489434188175354,0.101600150276846,2.77088581965652,-0,-0,0,402.955617154994,0,0
71.62,100,99.9963979724562,99.989293979844,-0.00595628980857637,-0.0737824347950136,0.49389842202469,0.428483301948432,0.965228818702613,-0,-0,0,402.955199055157,0,0
71.64,100,99.9964082492753,99.9891754430266,-0.00589068340111791,-0.0637953608380645,0.505083806661649,0.487956547715347,1.1720657753042,-0,-0,0,402.955398405089,0,0
71.66,100,99.9964184967739,99.9890586369009,-0.00578242013909598,-0.0535658828477526,0.518247645479512,0.565722324913313,4.55382908755311,-0,-0,0,402.956051145999,0,0
71.68,100,99.9964287150358,99.9889447857594,-0.00557871563936444,-0.0429961868006392,0.541696999365551,1.05389351863428,1.76099766136265,-0,-0,0,402.956711099233,0,0
71.7,100,99.9964389041444,99.9888361166727,-0.00528027751855962,-0.0318345528541448,0.574757803122823,1.12824302967772,-0.362289980456458,-0,-0,0,402.956573310514,0,0
71.72,100,99.9964490641827,99.9887336704049,-0.00496712730195481,-0.0200306651392366,0.604174307333451,0.928393196448874,2.74731866901875,-0,-0,0,402.956695157985,0,0
71.74,100,99.9964591952338,99.9886376607764,-0.0046200603203212,-0.0076709995324156,0.632983926050463,1.14265295473311,1.98176038815572,-0,-0,0,402.957479953128,0,0
71.76,100,99.9964692973803,99.9885493224459,-0.00420468506269991,0.00531940644006788,0.666428926155796,1.23190184001989,-1.52939871687185,-0,-0,0,402.957600955322,0,0
71.78,100,99.9964793707048,99.9884694721899,-0.00378893315292417,0.0189414805551798,0.693290362336884,0.871674928002648,-1.14805751173863,-0,0,0,402.957589365926,0,0
71.8,100,99.9964894152894,99.9883974972029,-0.00341344020130547,0.0329646675405606,0.707190999976958,0.607113106862953,-4.56815305674208,-0,-0,0,402.958115500195,0,0
71.82,100,99.9964994312161,99.9883324145218,-0.00311548336658287,0.0471044400372283,0.702497393199323,-0.0496609245897806,1.01937402599918,-0,0,0,402.957601622476,0,0
71.84,100,99.9965094185668,99.9882726842872,-0.00284742821599282,0.0609976213960567,0.687588904257795,0.078335182375894,-4.63790541139518,-0,0,0,402.958672061952,0,0
71.86,100,99.9965193774229,99.9882183261578,-0.00260720533078521,0.0745432470442689,0.663148457176154,-0.516489961395017,2.86952863503142,-0,-0,0,402.95847130626,0,0
71.88,100,99.9965293078657,99.9881684633218,-0.00235805555260325,0.0875054976500811,0.635761015850442,-0.096351463148372,-0.264962988625207,-0,-0,0,402.959309529197,0,0
71.9,100,99.9965392099763,99.9881244780481,-0.00203726002626655,0.100021410964973,0.615636548145506,-0.122737086671428,5.82196616362975,-0,-0,0,402.959580554723,0,0
71.92,100,99.9965490838356,99.988087722771,-0.00160485755259557,0.112223760560382,0.609245369738421,0.613758907109076,-1.29658184071924,-0,0,0,402.961067903784,0,0
71.94,100,99.9965589295241,99.9880608185471,-0.00109107621844288,0.124445781912193,0.61127140643608,0.365152749719516,0.784649331961452,-0,-0,0,402.961633939755,0,0
71.96,100,99.9965687471222,99.9880440944961,-0.000575411173379739,0.136646120677471,0.608957697029342,0.408168492253882,-2.88028932868017,-0,0,0,402.961969878653,0,0
71.98,100,99.9965785367101,99.9880376581736,-8.07405596992723e-05,0.148750902756603,0.598790652052938,-0.00980950787359196,-3.22171984882868,-0,-0,0,402.963008679703,0,0
72,100,99.9965882983676,99.9880403655786,0.000339031245998746,0.160491002583672,0.57261981188156,-0.415853302237353,-7.90640929747386,-0,0,0,402.963261595711,0,0
72.02,100,99.9965980321745,99.988050275201,0.000617828787124853,0.171482706736228,0.52064832049241,-1.35165044513105,-3.23723787657974,-0,-0,0,402.962968485367,0,0
72.04,100,99.9966077382102,99.9880642727671,0.00077493594848599,0.181175875607585,0.44736386763465,-1.5812265904339,0.754534998804058,-0,-0,0,402.962958464457,0,0
72.06,100,99.996617416554,99.9880814118069,0.000952328109341242,0.189395358057792,0.376668622203451,-1.28161282700639,-1.26574136253642,-0,-0,0,402.963845438385,0,0
72.08,100,99.9966270672848,99.9881026532998,0.00117317213768547,0.19628713752847,0.312715824290672,-1.27346238452338,-3.68215017988645,-0,0,0,402.964108848145,0,0
72.1,100,99.9966366904814,99.9881281344371,0.00136375393142859,0.201872596837262,0.244131295002735,-1.56673868729196,-1.21185640810311,-0,0,0,402.964262809365,0,0
72.12,100,99.9966462862225,99.9881570263334,0.00152738670914274,0.206030967262406,0.172254388127942,-1.51207495256419,-9.00218180086937,-0,0,0,402.965084095259,0,0
72.14,100,99.9966558545862,99.9881884939248,0.00158177589307346,0.208655874109381,0.0845859800696103,-2.43554188165546,1.35474784946828,-0,-0,0,402.964509702684,0,0
72.16,100,99.9966653956508,99.9882199285822,0.00157919929426247,0.209376755261664,-0.00906776840292549,-1.94540228488289,-1.78517650652618,-0,0,0,402.964717888108,0,0
72.18,100,99.9966749094942,99.9882519805566,0.00162496522642853,0.208369589502655,-0.0911552687494223,-1.91015909876437,-7.65610732050326,-0,-0,0,402.964998436156,0,0
72.2,100,99.9966843961939,99.9882842691934,0.00157288533045322,0.205653369728197,-0.184639464177692,-2.61159732950868,-3.20699822464674,-0,0,0,402.963761573492,0,0
72.22,100,99.9966938558274,99.9883141649139,0.00141042088268509,0.200904224404234,-0.290238455157352,-2.6636582469239,-2.4908010472558,-0,0,0,402.963662901661,0,0
72.24,100,99.996703288472,99.9883404990822,0.00121980649423028,0.194058477184809,-0.393667523074766,-2.61817641343096,2.83124458769049,-0,-0,0,402.963878897892,0,0
72.26,100,99.9967126942046,99.9883633556561,0.00108816391878011,0.185271136095906,-0.480230167108707,-1.91526366785484,5.73546271423205,-0,-0,0,402.964096048107,0,0
72.28,100,99.9967220731021,99.9883851372025,0.0011229188069244,0.175077092504369,-0.532709118304987,-0.942367428745649,-0.728074624227237,-0,-0,0,402.965005285276,0,0
72.3,100,99.9967314252409,99.9884088283873,0.0012421222032874,0.164096402244014,-0.564938546017888,-0.904498419713212,1.37917630332234,-0,0,0,402.964505790715,0,0
72.32,100,99.9967407506975,99.9884348683859,0.00136797742303945,0.152530496863524,-0.589592120901234,-0.607467501248357,-3.48060554360902,-0,0,0,402.965133971846,0,0
72.34,100,99.996750049548,99.9884632634166,0.00145195604612597,0.140509590322938,-0.614564347659614,-0.955724635384086,-3.83491462153428,-0,-0,0,402.964829273066,0,0
72.36,100,99.9967593218682,99.9884921582963,0.00141765921686041,0.12786630060814,-0.651778864179173,-1.3027966437736,1.34699597398937,-0,0,0,402.963593146381,0,0
72.38,100,99.996768567734,99.9885197353296,0.00134740104629985,0.114450003261547,-0.6874245032987,-0.956121512553414,-0.959452575879182,-0,0,0,402.96400900474,0,0
72.4,100,99.9967777872206,99.9885460761084,0.00128077934915311,0.100421918279133,-0.715109617093255,-0.942376284942477,-0.355326072734522,-0,0,0,402.964239899866,0,0
72.42,100,99.9967869804035,99.9885707888962,0.00118740585898543,0.0858663789069412,-0.739705638571341,-0.855155174882694,0.19284501783214,-0,0,0,402.964288033333,0,0
72.44,100,99.9967961473576,99.9885934947631,0.00108230663396844,0.070870680979947,-0.758775249466369,-0.710958639125243,0.974306904994591,-0,0,0,402.96433394626,0,0
72.46,100,99.9968052881578,99.9886141116118,0.000981655735694686,0.0555690621032477,-0.769819931487239,-0.488458514944061,8.39815675472478,-0,-0,0,402.964309225367,0,0
72.48,100,99.9968144028786,99.9886335911872,0.00100443990326651,0.0402582264594972,-0.754051491783955,0.629463064080327,-3.2058011419355,-0,0,0,402.964828185839,0,0
72.5,100,99.9968234915946,99.988654524842,0.00106442322509638,0.0254831610479321,-0.726484868130147,0.153691677174504,-2.53956461208666,-0,0,0,402.964695156838,0,0
72.52,100,99.9968325543799,99.988675307044,0.000995040342330502,0.0110977169120577,-0.714117913388367,-0.177553084687301,5.42824530725367,-0,0,0,402.963540236956,0,0
72.54,100,99.9968415913085,99.988694427873,0.00093966508201031,-0.00302644790707948,-0.693737514683451,0.52973430515776,7.48042552404526,-0,-0,0,402.964480271215,0,0
72.56,100,99.9968506024542,99.9887139459654,0.00104189848256766,-0.0164494435089859,-0.643069605469263,1.39845386376672,3.46260621957701,-0,0,0,402.965441348339,0,0
72.58,100,99.9968595878904,99.9887368089956,0.00125059360097654,-0.0286125821026462,-0.571772517273424,1.65068106278482,-4.47463638812842,-0,0,0,402.965929629795,0,0
72.6,100,99.9968685476906,99.9887633922809,0.00137384400187315,-0.0393970298755645,-0.511729404532005,0.878675675874843,3.74625822613829,-0,-0,0,402.964806670496,0,0
72.62,100,99.996877481928,99.9887913323847,0.00143120601390698,-0.0491341732875856,-0.459815980468482,1.23271691256281,3.55666287830011,-0,-0,0,402.964296117985,0,0
72.64,100,99.9968863906753,99.9888210383066,0.00154832247876073,-0.0577129870770921,-0.396387918766908,1.51703414943383,6.94074886433419,-0,-0,0,402.964763150648,0,0
72.66,100,99.9968952740055,99.9888539526362,0.00176807185817464,-0.0648727066490177,-0.315516027337927,2.18514136824286,-0.764656367879994,-0,0,0,402.965894620478,0,0
72.68,100,99.9969041319909,99.9888919195981,0.00201278380658414,-0.0703107812370982,-0.230969478280441,1.80296028057723,0.543807528732237,-0,-0,0,402.965733145137,0,0
72.7,100,99.9969129647039,99.9889340135684,0.00218967094996207,-0.0741899889744947,-0.158243026209936,1.63314214015886,-1.13149947173308,-0,0,0,402.965243792634,0,0
72.72,100,99.9969217722166,99.988979084956,0.00230357663842175,-0.0767165559702661,-0.0968682198389509,1.27747078811424,-1.40039428147145,-0,0,0,402.965346960875,0,0
72.74,100,99.9969305546008,99.9890256165181,0.00233644648020381,-0.0781606126655079,-0.0498719318297546,0.934531264750133,-3.34150487116455,-0,-0,0,402.96512531378,0,0
72.76,100,99.9969393119284,99.9890718582716,0.00226686404647677,-0.0788302084564161,-0.0206339313645208,0.394199779186562,-3.81083831092362,-0,-0,0,402.964259379917,0,0
72.78,100,99.9969480442708,99.9891154640675,0.00207322003605924,-0.0791251366495575,-0.0122610768885818,-0.133673037252942,3.15465224773165,-0,-0,0,402.962955748242,0,0
72.8,100,99.9969567516992,99.9891547322678,0.00187027682404363,-0.0793320113436866,-0.00581328211054583,0.277435664955258,0.950021221426093,-0,0,0,402.963112859041,0,0
72.82,100,99.9969654342847,99.9891906785901,0.00172824276753271,-0.0792973231279824,0.00976150166193334,0.36003923597544,-1.42656949866793,-0,0,0,402.96366421807,0,0
72.84,100,99.9969740920983,99.9892237684659,0.00157253510854403,-0.0789630781462809,0.0221821144089678,0.13511569757497,4.78265712103502,-0,-0,0,402.963768394255,0,0
72.86,100,99.9969827252105,99.9892539100041,0.00146535842576074,-0.0783630157713771,0.0414548853105421,0.712523760682702,1.47619217187546,-0,0,0,402.96368131443,0,0
72.88,100,99.996991333692,99.9892829419659,0.00144264007741127,-0.0772252061451992,0.0727925241961025,0.802213573373,2.59010724166957,-0,-0,0,402.964093992176,0,0
72.9,100,99.9969999176128,99.9893119170295,0.00146495531643712,-0.0754163066902287,0.109344087482529,1.01711994777403,-3.74232818577097,-0,0,0,402.963617812362,0,0
72.92,100,99.9970084770432,99.9893412802646,0.00144926242623452,-0.072909870629833,0.13733729966778,0.414700040399523,4.51307000511113,-0,-0,0,402.962959123258,0,0
72.94,100,99.997017012053,99.9893699097723,0.0014356193547654,-0.0699340502054549,0.163382439395335,0.92111693745286,-6.25685110416913,-0,0,0,402.963483610586,0,0
72.96,100,99.9970255227118,99.9893984349361,0.00138312532267457,-0.0664359053831648,0.18057447625326,0.0182817358027235,0.962021692542493,-0,0,0,402.963093745337,0,0
72.98,100,99.9970340090892,99.9894247111071,0.00125090014867821,-0.0628092752328274,0.18280182356998,0.134718400160643,-8.29277860645482,-0,0,0,402.963488657733,0,0
73,100,99.9970424712544,99.9894477680662,0.00101460674946504,-0.0592496712907305,0.166443747549983,-0.918810793553407,3.22454785824301,-0,-0,0,402.962006714176,0,0
73.02,100,99.9970509092764,99.9894649646774,0.000726886883278374,-0.0562103372818424,0.140893515630065,-0.396566929859327,-0.295312104905654,-0,0,0,402.962150344787,0,0
73.04,100,99.9970593232243,99.9894773033605,0.00050876653126237,-0.0535455445066743,0.125722039057239,-0.379995887661414,1.29267691103489,-0,-0,0,402.963420365154,0,0
73.06,100,99.9970677131666,99.9894855443551,0.000324724398952814,-0.0511503177314553,0.115164110044195,-0.169726397092368,0.346734246148155,-0,0,0,402.963299245647,0,0
73.08,100,99.9970760791718,99.9894905496269,0.000179463375188354,-0.0489039756035765,0.109891472695117,-0.104132337079344,0.404430674398948,-0,0,0,402.963828957143,0,0
73.1,100,99.9970844213083,99.9894928678395,5.59408066556625e-05,-0.0467381236649506,0.107097084446894,-0.0401985897856908,0.16087752684771,-0,0,0,402.964229110225,0,0
73.12,100,99.9970927396442,99.9894928990219,-5.07660240214622e-05,-0.0446091652772046,0.105951037173212,-0.0146927630977442,-0.0777734554790615,-0,-0,0,402.964890433237,0,0
73.14,100,99.9971010342473,99.9894908917906,-0.000149263540746013,-0.0424984602192956,0.105053208523491,-0.023248235494206,1.10130180122799,-0,0,0,402.964836423018,0,0
73.16,100,99.9971093051853,99.9894870776187,-0.000225550926922194,-0.0403901063323443,0.106660071748529,0.11698538793491,7.3070475042569,-0,-0,0,402.965441220544,0,0
73.18,100,99.9971175525258,99.9894827558423,-0.000169821559832917,-0.0380977356340325,0.128220998165831,1.01207692475584,7.27665209314725,-0,-0,0,402.96685067231,0,0
73.2,100,99.9971257763361,99.9894816710027,9.39476661597271e-05,-0.0350535776388576,0.180942154806047,1.78349737418631,-0.223965039972972,-0,-0,0,402.967665044925,0,0
73.22,100,99.9971339766834,99.9894869837449,0.000429416025560743,-0.0308086239568152,0.241621665468061,1.5167134056632,-3.24164668321128,-0,0,0,402.967263087942,0,0
73.24,100,99.9971421536345,99.9894982562227,0.000676600567536105,-0.0255105436321163,0.284125006554981,0.909244786109938,-1.6375392548599,-0,0,0,402.966950030826,0,0
73.26,100,99.9971503072562,99.9895134267156,0.000830344064343317,-0.0195679794165531,0.307926432461131,0.583197682231976,3.43866351001626,-0,-0,0,402.96778162723,0,0
73.28,100,99.9971584376152,99.9895316187836,0.00100559696633941,-0.0131921363001232,0.331765907551556,0.931480518310892,-3.54417066480843,-0,0,0,402.968241127888,0,0
73.3,100,99.9971665447777,99.9895535743585,0.00117049327148773,-0.00633463643821213,0.350236676059008,0.362761138151936,0.713649212708839,-0,-0,0,402.967709527887,0,0
73.32,100,99.9971746288099,99.9895781518055,0.00129169591698588,0.00074836731379353,0.358227501195374,0.400137579802513,-2.22272783283835,-0,0,0,402.967804020861,0,0
73.34,100,99.9971826897779,99.9896051159556,0.00139440941076294,0.00795198929412374,0.359942469573301,0.0664087150747516,-4.9439501877146,-0,0,0,402.967505176587,0,0
73.36,100,99.9971907277474,99.9896332685252,0.00139855438597625,0.0150201785454098,0.342861414887303,-0.561653446980706,-0.328855453914522,-0,0,0,402.967294303856,0,0
73.38,100,99.997198742784,99.9896606953987,0.00134753910014533,0.0215939277857157,0.314753511827015,-0.530966785314952,-3.48494298010145,-0,0,0,402.967675606284,0,0
73.4,100,99.9972067349533,99.9896869751998,0.00126776302751009,0.0275675365805826,0.280327923187896,-0.897737821157133,-2.14811827739847,-0,-0,0,402.967476239092,0,0
73.42,100,99.9972147043203,99.9897110645636,0.00113653663129609,0.032745028249566,0.23655337631354,-1.0495319066972,-0.65396142381494,-0,0,0,402.966972357076,0,0
73.44,100,99.9972226509502,99.9897324119583,0.0010013921397933,0.0370226551134698,0.191681061792348,-0.993528501495914,-0.672183830958143,-0,0,0,402.967401729041,0,0
73.46,100,99.9972305749079,99.9897512335847,0.000883265800737551,0.040429907871955,0.149455126301791,-0.946650478586806,-6.57968548053566,-0,0,0,402.96795147442,0,0
73.48,100,99.997238476258,99.9897672260566,0.000688519301116348,0.0429194107314337,0.095194210188499,-1.64301372655599,-2.85210582603944,-0,-0,0,402.966940840482,0,0
73.5,100,99.997246355065,99.9897781155955,0.000394323364577053,0.0441406052507654,0.0262479510501869,-1.78197182502225,0.559804773626217,-0,-0,0,402.966269450763,0,0
73.52,100,99.9972542113933,99.9897831069322,0.000115804731925274,0.0440012367240589,-0.0380223637943496,-1.47639970378948,0.223405374148229,-0,0,0,402.966138634908,0,0
73.54,100,99.997262045307,99.9897831149474,-0.000107534493262075,0.0426950110214252,-0.0909845376555299,-1.25184993404139,0.120595758754172,-0,-0,0,402.966585133615,0,0
73.56,100,99.99726985687,99.9897790644759,-0.000292009837024283,0.0404205585487518,-0.135141323526669,-1.07027020148883,0.440166710148822,-0,-0,0,402.966378679414,0,0
73.58,100,99.9972776461461,99.9897716638855,-0.000442112397513262,0.0373440022136487,-0.171112495496755,-0.872599075177094,0.17241350857455,-0,0,0,402.966154453247,0,0
73.6,100,99.9972854131989,99.9897615666651,-0.000564135650392795,0.0336240703832017,-0.199871698546759,-0.733381007790345,-0.497094298516817,-0,-0,0,402.966478330246,0,0
73.62,100,99.9972931580918,99.9897491517012,-0.000678071745991187,0.0293758678119143,-0.224602600357536,-0.696338441969961,6.5894878326352,-0,-0,0,402.96631345793,0,0
73.64,100,99.997300880888,99.9897351343291,-0.000689472686155114,0.024769593543034,-0.230114584710808,0.219290836314481,-5.54614321407876,-0,0,0,402.967024389789,0,0
73.66,100,99.9973085816505,99.9897216105549,-0.000693307932377103,0.0201905507337574,-0.232347906643488,-0.498995194982601,0.242151720699612,-0,0,0,402.966311798689,0,0
73.68,100,99.9973162604423,99.9897068473925,-0.000781282576004281,0.0154024630357508,-0.245752468233323,-0.400260924096549,-0.682358659481112,-0,-0,0,402.966441054839,0,0
73.7,100,99.997323917326,99.989690322648,-0.000874617427324827,0.010371703772072,-0.257443217701086,-0.430350649918074,-2.80267931478704,-0,0,0,402.965978062404,0,0
73.72,100,99.9973315523641,99.9896715108085,-0.00102041459424392,0.00506582316811166,-0.274903118111839,-0.719616373625313,4.50058734042096,-0,0,0,402.965947883573,0,0
73.74,100,99.997339165619,99.9896497257237,-0.00113438185670523,-0.000569047449456016,-0.28429167090847,-0.0598718374328713,-1.84909595594349,-0,0,0,402.966931608786,0,0
73.76,100,99.9973467571527,99.989626370107,-0.0012121669857475,-0.00625129544833221,-0.285297178853308,-0.279748395351335,-1.43843646330955,-0,0,0,402.966573879921,0,0
73.78,100,99.9973543270273,99.9896008634256,-0.00134638086422529,-0.0120244011161334,-0.29283760667394,-0.418650382228819,2.60596336748763,-0,-0,0,402.966669691448,0,0
73.8,100,99.9973618753045,99.9895726264055,-0.0014645018959965,-0.0179286182673627,-0.295083967218371,-0.035678423407611,1.47185144820761,-0,-0,0,402.966709179023,0,0
73.82,100,99.9973694020461,99.9895426439452,-0.00152832554040167,-0.0237538108821137,-0.286200976442848,0.15517625193975,-0.703850732493818,-0,-0,0,402.966623978902,0,0
73.84,100,99.9973769073133,99.9895114709611,-0.00159518810533317,-0.0293667945383137,-0.275771832563007,0.0487879220890806,2.08045721905709,-0,-0,0,402.965766638567,0,0
73.86,100,99.9973843911675,99.9894788852917,-0.00165514862384132,-0.0347638666941583,-0.262309440122109,0.303560514211822,2.00824653741844,-0,-0,0,402.965309580255,0,0
73.88,100,99.9973918536698,99.9894455655289,-0.00166998028827872,-0.0398002584986148,-0.24000415788155,0.516246173241912,4.08544341863124,-0,-0,0,402.965458339044,0,0
73.9,100,99.9973992948811,99.9894125561786,-0.0016145895816443,-0.0442811059844522,-0.205325199666803,0.959118743777766,4.7835550850495,-0,-0,0,402.965659259083,0,0
73.92,100,99.9974067148622,99.9893816718084,-0.00145575654181476,-0.0479002567851204,-0.153710671360527,1.43078611282257,2.89038274149753,-0,-0,0,402.966609468271,0,0
73.94,100,99.9974141136735,99.9893548184587,-0.00122272576718506,-0.050354866788604,-0.0908345412441409,1.60258538614801,-1.01757586783245,-0,-0,0,402.966739288879,0,0
73.96,100,99.9974214913756,99.9893326298099,-0.00100904967899489,-0.0515647753106623,-0.0325032011772232,1.26370919503497,5.55678730706948,-0,-0,0,402.966245987448,0,0
73.98,100,99.9974288480285,99.9893146543554,-0.000766694787724225,-0.051634442344181,0.0287046718024973,1.78921033559969,2.87135371464571,-0,0,0,402.966972163062,0,0
74,100,99.9974361836925,99.9893025182635,-0.0004404280763671,-0.0503443753785064,0.100837842355675,1.91042434296895,5.58600783741931,-0,-0,0,402.967948527784,0,0
74.02,100,99.9974434984274,99.9892975731089,-3.41816224240492e-05,-0.0475375748162925,0.182389874257398,2.35233337017082,-4.41408072089387,-0,0,0,402.968652152392,0,0
74.04,100,99.9974507922928,99.9893008930813,0.000334924181392195,-0.0431200024037189,0.253583553936845,1.48914649093102,2.5601330229668,-0,-0,0,402.968683213348,0,0
74.06,100,99.9974580653484,99.9893105258335,0.000636248169364466,-0.0374945115895637,0.309510602107671,1.60845001995223,0.35853840837981,-0,0,0,402.969120055145,0,0
74.08,100,99.9974653176535,99.9893264297418,0.000950938597715661,-0.0307564492806369,0.362982772666342,1.43748983382485,0.525565623598851,-0,-0,0,402.969698467319,0,0
74.1,100,99.9974725492672,99.989348475069,0.00125232250148919,-0.0230219305526463,0.409439393505086,1.30832967999338,-3.95627875472776,-0,0,0,402.969457320492,0,0
74.12,100,99.9974797602487,99.9893760309301,0.00148060534292838,-0.014491371955932,0.439165906704228,0.637204075529561,2.73641059468427,-0,0,0,402.968654502797,0,0
74.14,100,99.9974869506568,99.9894075461034,0.00168488648443466,-0.0055103271509903,0.460430521076231,0.890851222839189,3.4713558997307,-0,-0,0,402.970050804784,0,0
74.16,100,99.9974941205502,99.9894440380725,0.0019808393844435,0.003992506227961,0.491673551334406,1.20143598470136,0.125449407911111,-0,-0,0,402.971015019045,0,0
74.18,100,99.9975012699874,99.9894870715748,0.00232110454366226,0.0141682206992105,0.524766849854005,1.05249462822378,1.25721352399752,-0,0,0,402.97090830295,0,0
74.2,100,99.9975083990268,99.9895369598129,0.00267284649013196,0.0249593093077622,0.554249533083856,1.06472168259785,-2.37954780456036,-0,0,0,402.971479972958,0,0
74.22,100,99.9975155077266,99.9895938197435,0.00300028156987193,0.0362743503492903,0.574272854007712,0.621381714739346,0.151292167004932,-0,0,0,402.971375612243,0,0
74.24,100,99.9975225961449,99.98965675948,0.00329557422057216,0.0478610735931625,0.583846387762822,0.552584629600985,2.72590793140982,-0,-0,0,402.971968156533,0,0
74.26,100,99.9975296643394,99.989725987572,0.0036422043110393,0.0596495575777597,0.596542016175995,0.812585451681177,-2.83445164654865,-0,0,0,402.972110345397,0,0
74.28,100,99.9975367123678,99.9898024528297,0.00399049460431966,0.0716878823836381,0.604190851528688,0.34547738169016,-1.0529067857953,-0,0,0,402.972035517209,0,0
74.3,100,99.9975437402879,99.9898852810835,0.00428955663493899,0.0837315417477439,0.598939207083558,0.163142088820909,-1.66977529955431,-0,0,0,402.97282040964,0,0
74.32,100,99.9975507481567,99.9899738758057,0.00456480060709425,0.095589366468173,0.585295024341962,-0.0724009877203604,-1.46471331169751,-0,-0,0,402.973162874981,0,0
74.34,100,99.9975577360317,99.9900677081257,0.00481524351079491,0.10708931697478,0.56354025787124,-0.2517061901594,-3.3449221885121,-0,-0,0,402.973058688512,0,0
74.36,100,99.9975647039698,99.9901661778035,0.00501979547241387,0.118057193174791,0.530778619630084,-0.641612451228294,-3.80053442486093,-0,-0,0,402.972576119107,0,0
74.38,100,99.997571652028,99.9902680069555,0.00515043272324659,0.128221861624911,0.483240530695192,-1.03650628096182,-13.3115643260014,-0,0,0,402.971878806773,0,0
74.4,100,99.9975785802628,99.9903710465338,0.00510805395869735,0.137189100728071,0.40598750344122,-2.23650628096182,-3.1815318646439,-0,0,0,402.970791629418,0,0
74.42,100,99.997585488731,99.9904713467231,0.00491878877881512,0.144302885172716,0.304997677027209,-2.34049970048368,-0.056469323754466,-0,-0,0,402.970824343298,0,0
74.44,100,99.9975923774889,99.9905679852732,0.00475714339523226,0.149426966568512,0.209601399441508,-2.04011139240305,0.602518705270745,-0,0,0,402.971344640385,0,0
74.46,100,99.9975992465926,99.9906621398743,0.00467156593032568,0.152779877159478,0.128126191820122,-1.69631093375168,-2.2301412076126,-0,0,0,402.97214120169,0,0
74.48,100,99.9976060960984,99.9907550428856,0.00461570833091812,0.154596534411055,0.0534200977468874,-1.75013938699766,-3.99716617944964,-0,0,0,402.97280586852,0,0
74.5,100,99.9976129260621,99.9908464598335,0.00451383393247133,0.154884110936569,-0.0261213259246524,-2.01737268076712,-9.94081497564508,-0,0,0,402.972492374931,0,0
74.52,100,99.9976197365395,99.9909345155403,0.00425070516583642,0.153401180565349,-0.128054459933441,-2.98894914871106,0.224319540161073,-0,-0,0,402.971580249619,0,0
74.54,100,99.9976265275861,99.9910159654715,0.00390756939453151,0.149712882046998,-0.237677614092678,-2.56370043411882,-1.67872587940598,-0,-0,0,402.971835623094,0,0
74.56,100,99.9976332992574,99.9910910982877,0.00360674523948593,0.143978773579507,-0.334540298687754,-2.43195285521557,0.194187552013131,-0,-0,0,402.971157785692,0,0
74.58,100,99.9976400516088,99.9911604426564,0.00333677812459806,0.136407578746181,-0.420017332351169,-2.0826360475855,-0.720956974672759,-0,0,0,402.971185633834,0,0
74.6,100,99.9976467846952,99.9912247944676,0.00310074512732125,0.127259049745642,-0.493321841975327,-1.89272368758041,-3.1228241826485,-0,0,0,402.971211207695,0,0
74.62,100,99.9976534985717,99.9912842927734,0.00283813289398952,0.116692406199027,-0.563898341035238,-2.02635926031041,-2.60129719370958,-0,0,0,402.97112253027,0,0
74.64,100,99.997660193293,99.9913379387551,0.00251825131570213,0.104692308552451,-0.636120627856625,-2.07702454060604,0.449873989240548,-0,-0,0,402.970705589989,0,0
74.66,100,99.9976668689139,99.9913850022115,0.00219479306783995,0.0912985617277109,-0.700800767919144,-1.74074991427086,1.83130997495227,-0,0,0,402.970036175759,0,0
74.68,100,99.9976735254888,99.9914261008609,0.00192675134445698,0.076774941199537,-0.748322789374877,-1.27441502230882,10.4752372931518,-0,-0,0,402.970869411683,0,0
74.7,100,99.997680163072,99.9914631171878,0.00181585306769062,0.0615869895969599,-0.762638645592377,-0.0744150223088211,2.12284552149026,-0,0,0,402.972489220931,0,0
74.72,100,99.9976867817178,99.9914996609133,0.00184360801269151,0.0464635196491052,-0.747846467946974,0.207335399822229,7.39012301810148,-0,0,0,402.973022481121,0,0
74.74,100,99.9976933814802,99.9915375818238,0.00197865594742708,0.0318286701355074,-0.709889979141817,1.1084546621212,-3.38647353352855,-0,0,0,402.974461734702,0,0
74.76,100,99.997699962413,99.9915788318282,0.00211906546134909,0.0181031258906025,-0.666312243775023,0.545260804635758,1.9349149806292,-0,0,0,402.973661022655,0,0
74.78,100,99.99770652457,99.9916218602315,0.00218598141255366,0.00512858159710949,-0.630046959941206,0.720266622854727,-0.819358213443825,-0,0,0,402.973909399949,0,0
74.8,100,99.9977130680047,99.9916660676236,0.00222278565534345,-0.0071036877264498,-0.594436683683366,0.528268405294184,5.28048042758048,-0,-0,0,402.973661334854,0,0
74.82,100,99.9977195927706,99.9917109426239,0.00228430361111194,-0.0185952635155828,-0.550977710530429,1.12218842525085,2.44907297397204,-0,-0,0,402.974493686732,0,0
74.84,100,99.9977260989209,99.9917578844556,0.00241299009187866,-0.0290512957643031,-0.493703190618822,1.28340474513589,4.21665067549972,-0,-0,0,402.974538542832,0,0
74.86,100,99.9977325865087,99.9918077618931,0.00258636861530039,-0.0382807839418105,-0.427093326829259,1.64279418988287,-2.38799505753042,-0,0,0,402.974636958145,0,0
74.88,100,99.9977390555871,99.9918611047514,0.00272560973677785,-0.0461645534366545,-0.364697505074554,1.13191418476614,7.78027103918942,-0,-0,0,402.974812975529,0,0
74.9,100,99.9977455062087,99.9919169934628,0.00289432931675782,-0.0528285188338254,-0.296605179111109,1.95442667732213,3.0541523809934,-0,0,0,402.975364398716,0,0
74.92,100,99.9977519384262,99.9919775696053,0.00316761533518045,-0.0579188052287559,-0.21185962853732,2.07926770480295,4.4472201860724,-0,-0,0,402.976220010146,0,0
74.94,100,99.9977583522923,99.9920440147804,0.0034881946751253,-0.0612602232451772,-0.120755479509522,2.35962654069649,6.21392696129591,-0,-0,0,402.976713598297,0,0
74.96,100,99.9977647478592,99.9921177169984,0.00390148672675303,-0.0626647039958733,-0.0170537354124592,2.82218848898353,2.0164701972975,-0,-0,0,402.977509315375,0,0
74.98,100,99.997771125179,99.9922003940084,0.0043634146086779,-0.061915156016629,0.0908698356011835,2.69902559468258,-1.9074782328747,-0,0,0,402.977683375003,0,0
75,100,99.997777484304,99.9922917675629,0.00475301844551926,-0.0591378515533206,0.182731941956148,2.10291893629819,2.19695361861799,-0,-0,0,402.977985579472,0,0
75.02,100,99.997783825286,99.9923901676502,0.00508986471428575,-0.0546923752088317,0.261487329178499,2.09582088789548,3.647424816683,-0,-0,0,402.978226880761,0,0
75.04,100,99.9977901481768,99.9924956374434,0.00546780805364347,-0.048667786401246,0.341789234029976,2.27031731866309,-2.80199048433447,-0,0,0,402.979145912005,0,0
75.06,100,99.9977964530279,99.9926086416902,0.00581098972684105,-0.041097744016734,0.410760112219905,1.61706572182319,-1.25737872394634,-0,0,0,402.979323582399,0,0
75.08,100,99.9978027398909,99.9927274413662,0.00605851614492512,-0.0323777650770376,0.458623824478061,1.24213757305206,-4.09137456754325,-0,0,0,402.979546159298,0,0
75.1,100,99.997809008817,99.9928503156128,0.00620643046041874,-0.0228967472228281,0.484987192549537,0.564080398602175,-6.55400678427264,-0,0,0,402.980028050645,0,0
75.12,100,99.9978152598575,99.9929746143712,0.00619198988597424,-0.0131853096872108,0.480369649665367,-0.33175195800694,-3.49628328585784,-0,0,0,402.979794562777,0,0
75.14,100,99.9978214930634,99.9930971334383,0.00604772858006169,-0.00384578473791453,0.451076995163401,-0.727712629904666,-3.08125525222981,-0,0,0,402.979818362668,0,0
75.16,100,99.9978277084855,99.9932161109244,0.00584148926714648,0.00477217548535811,0.408931875320937,-1.01858573074786,2.4845472552395,-0,0,0,402.980297465083,0,0
75.18,100,99.9978339061747,99.9933310418853,0.00567172546053,0.0125371929171354,0.370463589879832,-0.57721539015377,-0.00910877662009075,-0,-0,0,402.981142918481,0,0
75.2,100,99.9978400861814,99.993443480283,0.00557743109945157,0.019656961107956,0.342012101601257,-0.505713743961376,2.3842811696883,-0,-0,0,402.981092688609,0,0
75.22,100,99.9978462485561,99.9935545850723,0.00554970460667954,0.026275652762722,0.32218485544214,-0.144667948401574,-4.64832664300853,-0,0,0,402.981706818168,0,0
75.24,100,99.9978523933492,99.9936653762681,0.00550923070969535,0.0325149176422701,0.298166344548824,-0.708434614674521,3.023872634434,-0,-0,0,402.981071616526,0,0
75.26,100,99.9978585206108,99.993774982095,0.00547174628288143,0.0381964034420676,0.273019244671455,-0.24025167503514,1.28645233123903,-0,-0,0,402.981878072966,0,0
75.28,100,99.997864630391,99.9938848345437,0.00552283272470751,0.0435195103735766,0.260502400077331,-0.0514516139317656,5.74238134062598,-0,-0,0,402.981820309222,0,0
75.3,100,99.9978707227395,99.9939967046618,0.00569469750352107,0.0487345095005755,0.265551846541216,0.668424536156287,2.47631395850896,-0,0,0,402.982823918794,0,0
75.32,100,99.9978767977061,99.9941134403406,0.0059898363023705,0.0542560642513254,0.287885496931733,0.886030009440825,-7.11680461143293,-0,0,0,402.983769555536,0,0
75.34,100,99.9978828553405,99.9942357361124,0.00620211419701181,0.0601392360825593,0.293920338329661,-0.121746401186325,2.23364625955446,-0,0,0,402.98309816995,0,0
75.36,100,99.9978888956921,99.9943610737743,0.00634524462761623,0.065925664880643,0.286575784259792,0.170580283061437,-4.22956773150176,-0,0,0,402.984317859853,0,0
75.38,100,99.9978949188101,99.994489397662,0.00646711442133376,0.0715644515590331,0.2737627959226,-0.38266991116119,-6.4970929323248,-0,0,0,402.9838215363,0,0
75.4,100,99.9979009247438,99.9946187755982,0.00644186774917589,0.0767081925291669,0.235824311066112,-1.14382771545488,4.19572135921734,-0,0,0,402.983896360964,0,0
75.42,100,99.9979069135422,99.9947470809512,0.0064162371888618,0.0809965145973725,0.197405506202164,-0.471172324941045,-0.618738473047215,-0,-0,0,402.985080482148,0,0
75.44,100,99.9979128852542,99.9948759643083,0.00647227789269117,0.0846881909867854,0.171708404240544,-0.488287286020666,-3.28426319126236,-0,0,0,402.98511752182,0,0
75.46,100,99.9979188399284,99.9950057038933,0.00648850020584304,0.0878193450488832,0.139271368512962,-0.83465283261161,-5.41670857166311,-0,0,0,402.985170558998,0,0
75.48,100,99.9979247776136,99.9951347864388,0.00639730812741988,0.090145400368125,0.0898504558575809,-1.40104489968826,-0.382814486859626,-0,0,0,402.984567029651,0,0
75.5,100,99.9979306983582,99.9952612606456,0.0062549914581405,0.0913679628728104,0.0334584863712539,-1.26334913478693,-4.79602322877753,-0,0,0,402.985330345665,0,0
75.52,100,99.9979366022105,99.9953847073963,0.00607151715313527,0.0914507825359444,-0.0277422681388855,-1.6946907264333,-3.95692937003072,-0,0,0,402.984622827477,0,0
75.54,100,99.9979424892187,99.9955035130564,0.00579664100021062,0.090178085593462,-0.101000548285617,-1.96283308726223,-5.50255613912896,-0,0,0,402.98456508481,0,0
75.56,100,99.9979483594309,99.9956159333619,0.00542599995155979,0.0873319060549518,-0.186044758272022,-2.38771278362757,-4.24275401174514,-0,0,0,402.983997995973,0,0
75.58,100,99.9979542128951,99.9957199348585,0.00496238546340524,0.0826684708387566,-0.281310181959533,-2.59849722492461,-2.27241196509703,-0,0,0,402.983443315471,0,0
75.6,100,99.9979600496589,99.9958141667213,0.00445914032178741,0.0760758641758831,-0.377189599454459,-2.53481678816815,0.986548029883758,-0,0,0,402.983080799554,0,0
75.62,100,99.99796586977,99.9958985484886,0.00399261808267596,0.0676639755377181,-0.460713525605869,-2.072477851161,-2.81000675585506,-0,0,0,402.983078158857,0,0
75.64,100,99.997971673276,99.9959739707298,0.00354159339459892,0.0577076919046954,-0.535064996149368,-2.14408407124622,5.56582691408311,-0,-0,0,402.982419475003,0,0
75.66,100,99.9979774602242,99.9960407463941,0.00316943289041703,0.0463946253925879,-0.589700167713766,-1.16183324902608,0.395746245105451,-0,0,0,402.982521708127,0,0
75.68,100,99.9979832306619,99.9961014573532,0.00290456192962943,0.0342775812156394,-0.620482148875803,-0.952731552596179,-0.0712942361934081,-0,0,0,402.982743350806,0,0
75.7,100,99.9979889846361,99.9961569741936,0.00264656776587166,0.0216246351516087,-0.643858393599671,-0.829279967048562,-0.388034932450125,-0,0,0,402.982863168388,0,0
75.72,100,99.9979947221939,99.9962072519263,0.00237839579534493,0.00855392796276614,-0.662626486879037,-0.761534953983973,0.179214303392435,-0,0,0,402.982831368945,0,0
75.74,100,99.998000443382,99.9962520481462,0.00210084385088004,-0.00484889002182739,-0.676687374473801,-0.632127481252838,2.21842016855243,-0,0,0,402.982638125503,0,0
75.76,100,99.9980061482472,99.9962914666903,0.00185014735208728,-0.0184437464923219,-0.680342077098768,-0.265206321996176,4.55937423697538,-0,-0,0,402.982924415192,0,0
75.78,100,99.9980118368361,99.9963266251926,0.00168479306018719,-0.0319329939996851,-0.664637163117273,0.344178822305846,2.84346809362657,-0,-0,0,402.98297871912,0,0
75.8,100,99.9980175091951,99.9963593920403,0.00159978465697233,-0.0449115148040019,-0.631220511373963,0.658122516224487,2.92643443032423,-0,0,0,402.982378679686,0,0
75.82,100,99.9980231653704,99.9963909177126,0.00155997205202485,-0.0571068156809553,-0.586554152926915,0.941224740238792,4.09937386266382,-0,-0,0,402.982335957175,0,0
75.84,100,99.9980288054083,99.9964221796282,0.00157830770673629,-0.0682898357903649,-0.529348211150528,1.33235037771798,0.106706700332794,-0,0,0,402.982277954796,0,0
75.86,100,99.9980344293548,99.9964540974306,0.00160438494910048,-0.0782580983684876,-0.468616349922767,1.1738045823846,7.38291037609668,-0,-0,0,402.982002067236,0,0
75.88,100,99.9980400372559,99.9964867618474,0.00169038101834399,-0.0869575721590142,-0.396577725818745,1.94280756037388,8.58870175524795,-0,-0,0,402.982741054249,0,0
75.9,100,99.9980456291572,99.9965229076822,0.00195554679942344,-0.093926424537698,-0.29535156531098,2.76000207918526,0.353746989483926,-0,0,0,402.984118825122,0,0
75.92,100,99.9980512051044,99.9965653318009,0.00227421397988776,-0.0987249705906651,-0.186860650765235,2.44052484059447,4.38208311057567,-0,-0,0,402.983854265767,0,0
75.94,100,99.9980567651432,99.9966138294864,0.00258522350282191,-0.101423135447184,-0.0818396021711628,2.66435847851375,2.83386040634611,-0,-0,0,402.983981748067,0,0
75.96,100,99.9980623093187,99.9966689632319,0.00292985677514095,-0.101984071044817,0.0254076475736365,2.66438127507775,6.69543748749795,-0,0,0,402.983835790307,0,0
75.98,100,99.9980678376764,99.996731503595,0.00334592098529637,-0.100357223057851,0.139982380577288,3.14605249738218,-3.18899037490596,-0,0,0,402.985207342485,0,0
76,100,99.9980733502613,99.9968026281426,0.00373770519446386,-0.0964487500624393,0.245279733762395,2.33028986194157,-2.22373226323814,-0,0,0,402.985068206683,0,0
76.02,100,99.9980788471185,99.996880050181,0.0039850059103439,-0.0907380675271587,0.321740401862608,1.74222308704682,0.304605997553085,-0,0,0,402.98514715441,0,0
76.04,100,99.9980843282927,99.9969615741345,0.00416373359923918,-0.0836883353593786,0.381741667788982,1.54690122389604,0.301050620961227,-0,-0,0,402.98577954602,0,0
76.06,100,99.9980897938288,99.9970464788462,0.00432431820268476,-0.0755246158781476,0.433309528053075,1.37518051508097,-6.36940536627433,-0,0,0,402.985487034346,0,0
76.08,100,99.9980952437714,99.9971337902142,0.00437239240980449,-0.066515178183379,0.461209426392012,0.395113331260735,-0.574764068916384,-0,0,0,402.984942590927,0,0
76.1,100,99.9981006781649,99.9972206870298,0.00431636938528849,-0.0572190888154047,0.467494409481049,0.266940921082568,2.79721075458873,-0,0,0,402.985020599584,0,0
76.12,100,99.9981060970538,99.9973067655753,0.00430794444007229,-0.0477937284893297,0.476927828298884,0.576635035053371,2.12065527686809,-0,-0,0,402.986026998093,0,0
76.14,100,99.9981115004822,99.997393564337,0.00438359104139786,-0.0380837610527394,0.495118929674422,0.760391247437984,-0.0754132683873664,-0,0,0,402.986695941329,0,0
76.16,100,99.9981168884943,99.9974823344255,0.00449337142601257,-0.0279867466821894,0.513716880819557,0.64548697915091,1.89450238962423,-0,-0,0,402.986861590088,0,0
76.18,100,99.998122261134,99.9975735114967,0.00463471355493053,-0.0175351914778678,0.532240998294834,0.791569752116857,-5.9648017027565,-0,0,0,402.987605929248,0,0
76.2,100,99.9981276184453,99.9976673207153,0.00471690466965053,-0.00679707674085776,0.536021691317305,-0.0617031325997076,-3.14313062537483,-0,-0,0,402.987256865694,0,0
76.22,100,99.9981329604718,99.9977613846659,0.00467812240130836,0.00374660425722221,0.515847388490371,-0.450696415288045,-6.15676300227715,-0,0,0,402.986821312863,0,0
76.24,100,99.9981382872571,99.9978537151701,0.00453018987180716,0.0136949784026333,0.474492290912669,-1.16320744308898,-0.606860495325148,-0,-0,0,402.98623435894,0,0
76.26,100,99.9981435988448,99.9979422314892,0.00432724624842158,0.0226515370995604,0.421743960166037,-1.0891005477721,-3.3955204276418,-0,0,0,402.986297274232,0,0
76.28,100,99.9981488952781,99.9980267358745,0.0041143726488515,0.0305408818365799,0.365507885249207,-1.37145724692713,2.49933466169502,-0,-0,0,402.986363857038,0,0
76.3,100,99.9981541766004,99.9981070747995,0.00394086497489877,0.0373070507794501,0.314363462052868,-0.881119350955786,-3.18922322718785,-0,0,0,402.987152869196,0,0
76.32,100,99.9981594428548,99.9981845866371,0.00380068743247467,0.0431427432386788,0.267500014209054,-1.16463564716286,-2.57955833788266,-0,0,0,402.987079881485,0,0
76.34,100,99.9981646940841,99.9982587987985,0.00361486449329068,0.0479544888375844,0.21273010919917,-1.33428443506368,0.273274206021577,-0,0,0,402.9869434034,0,0
76.36,100,99.9981699303314,99.9983292543718,0.00343958542164574,0.0516645287424321,0.159756308597835,-1.12505825155398,-1.75491561278049,-0,-0,0,402.987362467143,0,0
76.38,100,99.9981751516393,99.99839650178,0.00328255856780894,0.0543667694914241,0.110149314163714,-1.19663543537014,-3.69406515690159,-0,0,0,402.986989012594,0,0
76.4,100,99.9981803580505,99.9984602537689,0.0030803847075377,0.0560275057221486,0.0541546271854393,-1.4992753625734,0.754893133048951,-0,0,0,402.986851120843,0,0
76.42,100,99.9981855496075,99.9985197029144,0.00287538148452163,0.0565413363106618,-0.000727130627484584,-1.20670161021453,-3.87513383406391,-0,0,0,402.987256927342,0,0
76.44,100,99.9981907263526,99.9985751932292,0.00265973589072682,0.0559986591260654,-0.0554257683700443,-1.52914813088398,0.656061436619048,-0,-0,0,402.987349430931,0,0
76.46,100,99.9981958883281,99.9986260221753,0.0024328366924059,0.0543297483661171,-0.10945862083032,-1.24446466147126,0.797247810763062,-0,-0,0,402.987287236172,0,0
76.48,100,99.9982010355761,99.9986728734814,0.00226097232025494,0.0516975548120708,-0.151909527739612,-0.979329957471336,1.30670939890665,-0,-0,0,402.987324114799,0,0
76.5,100,99.9982061681388,99.9987168292022,0.00214428392184868,0.0483307717886408,-0.182765980706803,-0.685516378759372,-1.3980826606685,-0,-0,0,402.987388788765,0,0
76.52,100,99.9982112860579,99.9987587230809,0.00203976026891994,0.0444169719530696,-0.20902904641057,-0.767777419886274,-2.04543762278688,-0,0,0,402.986917161806,0,0
76.54,100,99.9982163893752,99.9987981443155,0.00189403366622278,0.0399441130047412,-0.239097235261466,-0.91900797545579,3.66848083499343,-0,0,0,402.986738295696,0,0
76.56,100,99.9982214781325,99.9988347471454,0.001786859299569,0.034916437492387,-0.25984415045498,-0.33707150722566,-1.40700177754424,-0,-0,0,402.987712161168,0,0
76.58,100,99.9982265523712,99.9988698650269,0.00171742400465319,0.0296086852849665,-0.271682265612657,-0.466190332185603,3.18314736415739,-0,-0,0,402.987001584311,0,0
76.6,100,99.9982316121327,99.9989036253673,0.00167449136098392,0.0240971073733782,-0.276471870544368,-0.00534055027949668,-2.52668086495881,-0,0,0,402.987285404375,0,0
76.62,100,99.9982366574584,99.9989368516471,0.00163350731743478,0.0185672567345009,-0.278460951345297,-0.31670743415863,-4.31456632904062,-0,0,0,402.98725819943,0,0
76.64,100,99.9982416883895,99.9989682271487,0.00148194268853625,0.0128574143116933,-0.295589471587573,-0.810638197687369,-1.40711795003875,-0,0,0,402.986180091458,0,0
76.66,100,99.998246704967,99.9989955888873,0.00124883467142358,0.00667857620518425,-0.32257726060869,-0.875145037711871,-2.17987295351815,-0,0,0,402.986387937915,0,0
76.68,100,99.9982517072319,99.9990178881809,0.000971949819397799,-6.83729824874186e-05,-0.352952101802289,-1.02818197200944,0.775856124230891,-0,0,0,402.985697166316,0,0
76.7,100,99.998256695225,99.9990344152696,0.000686883638512072,-0.0074211322658319,-0.380664454150034,-0.790895493570915,4.898921765926,-0,0,0,402.986302755686,0,0
76.72,100,99.998261668987,99.9990460051124,0.000497470641824711,-0.0151653113283755,-0.389061861167052,-0.0706145806421763,0.732309170703526,-0,-0,0,402.98763655777,0,0
76.74,100,99.9982666285586,99.9990548328438,0.000386533782770119,-0.022878445686449,-0.381555659340071,0.0333337385094912,-6.59699734269037,-0,0,0,402.987335539924,0,0
76.76,100,99.9982715739802,99.9990607577795,0.000170389771362554,-0.0305220742672841,-0.387998259908862,-0.789401376340038,0.475094890735214,-0,0,0,402.986588491827,0,0
76.78,100,99.9982765052921,99.9990610281346,-0.000139963379200054,-0.0384737771896511,-0.405984363255347,-0.621671117717326,3.85983043200406,-0,-0,0,402.986475124743,0,0
76.8,100,99.9982814225347,99.999055623672,-0.000381149974350155,-0.0466615370547368,-0.409093651688122,-0.0545632547419903,1.28355392985933,-0,0,0,402.986453905798,0,0
76.82,100,99.9982863257482,99.9990462383473,-0.000553458362667955,-0.0547429042399949,-0.397926012704973,0.116570557373552,7.29308545040671,-0,-0,0,402.986356609668,0,0
76.84,100,99.9982912149724,99.9990342440356,-0.000612834822929798,-0.0624385027522237,-0.365936825819275,1.01412232828436,9.46684982078575,-0,-0,0,402.987145643014,0,0
76.86,100,99.9982960902473,99.9990231930898,-0.00045221136239263,-0.0691343587840783,-0.297107657085069,2.06309943846191,3.30833085877298,-0,-0,0,402.98815763902,0,0
76.88,100,99.9983009516128,99.9990170378197,-0.00015822449761514,-0.074182989575413,-0.2071028497615,2.20446077155346,3.44852832650477,-0,-0,0,402.988312317477,0,0
76.9,100,99.9983057991085,99.9990170823122,0.000168477151600443,-0.0773931394939819,-0.113300108306558,2.34339748811496,5.07587855645451,-0,-0,0,402.988284005296,0,0
76.92,100,99.9983106327739,99.9990241762899,0.000554850688660217,-0.0786668448588219,-0.012323683739818,2.66532595874976,-2.51443702005358,-0,-0,0,402.988104451392,0,0
76.94,100,99.9983154526486,99.9990390405926,0.000907022528340501,-0.0779475309901009,0.0796821315291297,1.99756953210704,1.65181530487772,-0,-0,0,402.987036400081,0,0
76.96,100,99.9983202587719,99.999059978715,0.00118673926273285,-0.0755813210919741,0.156293256306169,1.93753619129548,-1.80202232335869,-0,0,0,402.987004130718,0,0
76.98,100,99.9983250511829,99.9990861712711,0.00141613416180106,-0.0717774434171678,0.220771304278983,1.45467466875353,-0.0521604242237456,-0,0,0,402.986867012388,0,0
77,100,99.998329829921,99.9991162028973,0.00158203587667966,-0.0668454855362276,0.270941282149457,1.25337356594538,1.14327347544898,-0,0,0,402.986953341619,0,0
77.02,100,99.998334595025,99.999149401262,0.00174002509748742,-0.0609757524888743,0.315681272167322,1.22732703102027,-1.41796300874294,-0,-0,0,402.987228839363,0,0
77.04,100,99.9983393465338,99.9991856387151,0.00187361018777034,-0.0542740331911061,0.352134232421227,0.88467922419222,1.36945213656451,-0,-0,0,402.986920286755,0,0
77.06,100,99.9983440844862,99.9992242635841,0.00199443068473624,-0.0469323560702915,0.382203140863511,0.934213505428853,-8.86601993947139,-0,0,0,402.986718046907,0,0
77.08,100,99.998348808921,99.9992646444667,0.00199958707190874,-0.0391394625210902,0.389328451884062,-0.259543174076813,0.867000025205506,-0,0,0,402.985793760454,0,0
77.1,100,99.9983535198767,99.9993035549278,0.00190006109151928,-0.0314928579557704,0.376214138208395,-0.119932412111109,2.12348764948315,-0,-0,0,402.986429147562,0,0
77.12,100,99.9983582173917,99.9993411028721,0.00186874679297613,-0.0240377504591017,0.371031075861601,0.156588917977695,-0.277986433317863,-0,0,0,402.986309722683,0,0
77.14,100,99.9983629015044,99.9993785915857,0.00188086376811151,-0.016627039627816,0.369616552910737,0.0978308394111557,-3.42380785714524,-0,0,0,402.986435848235,0,0
77.16,100,99.9983675722529,99.9994160492278,0.00185021382722161,-0.00932059210582514,0.358176667596534,-0.345417630389393,0.63155639615631,-0,-0,0,402.986039630191,0,0
77.18,100,99.9983722296756,99.9994524672762,0.00179898145736917,-0.00233880469088551,0.340780973013938,-0.224792051349981,-5.94614081434219,-0,0,0,402.985785545228,0,0
77.2,100,99.9983768738103,99.9994876159781,0.00168988380473055,0.00423148770043597,0.311723714136795,-0.939033969356753,1.23095071293524,-0,-0,0,402.985328658562,0,0
77.22,100,99.998381504695,99.9995198199705,0.0015432352116171,0.0100810083495,0.275062947284723,-0.66433612097094,1.05034889443613,-0,0,0,402.985273346634,0,0
77.24,100,99.9983861223675,99.9995498037678,0.00146543403788325,0.0152992465602756,0.248199832748381,-0.447198347156559,2.19097491696567,-0,-0,0,402.986001871725,0,0
77.26,100,99.9983907268655,99.9995789400345,0.00146288754752057,0.0200810892131747,0.232113435573692,-0.117343575756286,6.97915532503795,-0,-0,0,402.986250852967,0,0
77.28,100,99.9983953182265,99.9996093629206,0.00161623609884138,0.0247412189243307,0.239495711240678,0.765857517639732,1.36645979453343,-0,-0,0,402.987271211654,0,0
77.3,100,99.9983998964881,99.9996444044868,0.00189278381541759,0.0297753161106187,0.264223954423575,0.832253914358449,-1.5477407309061,-0,-0,0,402.987680955191,0,0
77.32,100,99.9984044616876,99.9996849668857,0.00215366190043325,0.0352732709987679,0.283510278147913,0.525955927951488,7.68735063699674,-0,-0,0,402.987448551356,0,0
77.34,100,99.9984090138623,99.999731136315,0.00250096650311518,0.0411908968315426,0.313783676136506,1.41191959962527,2.02193909134149,-0,0,0,402.988952400478,0,0
77.36,100,99.9984135530493,99.9997858523515,0.00297625987916569,0.0479354574590732,0.360873779823766,1.47449343158605,-4.40676807671969,-0,0,0,402.990272938785,0,0
77.38,100,99.9984180792857,99.9998497531716,0.0033874720252148,0.0555268372182094,0.393316968379691,0.726232594437526,-5.00484957450579,-0,0,0,402.990236760332,0,0
77.4,100,99.9984225926085,99.9999203106422,0.00364258041382146,0.0634747743271915,0.396769407968056,0.00130128628867461,6.25150122129554,-0,-0,0,402.989315604582,0,0
77.42,100,99.9984270930545,99.9999956500012,0.00392501212002212,0.0714083497012173,0.401477819517517,0.776453039214003,-0.330883838677955,-0,0,0,402.990510053186,0,0
77.44,100,99.9984315806605,100.000077909116,0.00429822096029289,0.0796061799204534,0.417246537768279,0.62807905297752,0.0978730342856727,-0,-0,0,402.990819250098,0,0
77.46,100,99.9984360554629,100.00016753069,0.00466412723682883,0.0880656534037777,0.428118712874896,0.55199246457415,-2.19021854325646,-0,-0,0,402.990717676514,0,0
77.48,100,99.9984405174985,100.000264254837,0.00499745367155086,0.0966713815789395,0.430131443680607,0.199669028433448,2.59096561540956,-0,0,0,402.989606524734,0,0
77.5,100,99.9984449668036,100.000367518676,0.00534357056753781,0.105263499882824,0.430890154728392,0.492428843905404,-6.83540231750675,-0,0,0,402.990912992401,0,0
77.52,100,99.9984494034146,100.000477589114,0.00562983880149701,0.113818765704659,0.418716931003549,-0.428941798150466,-4.84420283258309,-0,0,0,402.990813956419,0,0
77.54,100,99.9984538273676,100.000591655285,0.00575715082578471,0.121825989338393,0.378545020837306,-0.980752144026035,-1.34407794516633,-0,0,0,402.990222078949,0,0
77.56,100,99.9984582386988,100.000707494193,0.00582675528887858,0.128890508530376,0.327752265519958,-1.02240827211974,-8.06732191857617,-0,0,0,402.990292073554,0,0
77.58,100,99.9984626374442,100.000824033381,0.00579354290699002,0.134820406830025,0.259821094448865,-1.89599261197186,-2.77437932454138,-0,0,0,402.989564320806,0,0
77.6,100,99.9984670236396,100.000938505856,0.00564995520717156,0.139170904913806,0.174850520935082,-1.99264917556597,-0.101758145389692,-0,0,0,402.989948468397,0,0
77.62,100,99.998471397321,100.001050151461,0.00552394832735912,0.141845356584484,0.0944322769251083,-1.7426666885627,-3.30500416215825,-0,0,0,402.99058948688,0,0
77.64,100,99.998475758524,100.001159473435,0.00539988943976964,0.142964447373165,0.016551350190872,-1.92483570325451,-0.297148045453232,-0,0,0,402.990474115196,0,0
77.66,100,99.9984801072842,100.001266126816,0.00527235158338208,0.142523667181156,-0.0589870385817465,-1.70633526184961,-1.83416036723,-0,0,0,402.991350337605,0,0
77.68,100,99.998484443637,100.001370454374,0.00515809528728438,0.140641402344307,-0.129013452875209,-1.70795621130029,-1.59613415688952,-0,0,0,402.991828473167,0,0
77.7,100,99.998488767618,100.001472372466,0.00503206169932794,0.137376296610328,-0.197077970911585,-1.6799671040516,-0.560967061162878,-0,-0,0,402.991626218983,0,0
77.72,100,99.9984930792624,100.001571764454,0.00491001650565854,0.132791731288874,-0.26016130148409,-1.52625140477039,-4.78816899168488,-0,0,0,402.991361205361,0,0
77.74,100,99.9984973786054,100.001668432339,0.00473749961827889,0.126946344939969,-0.32663734304347,-1.91891017169739,-0.825163755728323,-0,-0,0,402.990756041912,0,0
77.76,100,99.9985016656821,100.001760927556,0.00451380158408897,0.11970879170979,-0.395863768136144,-1.76544671865901,-2.77890797228794,-0,0,0,402.990176765238,0,0
77.78,100,99.9985059405274,100.00184883187,0.00426753252129227,0.111127157953078,-0.462725895320944,-1.87484176348601,-2.11722931546622,-0,-0,0,402.989575067784,0,0
77.8,100,99.9985102031764,100.001931334299,0.00397695158225571,0.101195928956044,-0.530189798138846,-1.88707560182013,-0.963017481447877,-0,-0,0,402.988655559938,0,0
77.82,100,99.9985144536637,100.002007790388,0.00366826082006024,0.089947321085533,-0.593531419907877,-1.7530365770801,0.448341911532369,-0,-0,0,402.987927145184,0,0
77.84,100,99.9985186920241,100.002078172882,0.00337559462315068,0.077521095949646,-0.646957414301584,-1.46002021744628,-1.40112581958748,-0,0,0,402.987501236821,0,0
77.86,100,99.9985229182922,100.002142815263,0.00308340249692579,0.06411856167367,-0.692895251959703,-1.4350766831339,-0.610821806098381,-0,0,0,402.987387103672,0,0
77.88,100,99.9985271325025,100.002201372891,0.00277066290233498,0.0498340135931852,-0.734554915853325,-1.3146387376456,-2.99914099275826,-0,0,0,402.987199384975,0,0
77.9,100,99.9985313346894,100.002253313669,0.00240905481455472,0.0347351697457485,-0.776323656503149,-1.5074727608234,5.51124728932023,-0,0,0,402.986630175981,0,0
77.92,100,99.9985355248871,100.002298046513,0.00209287221063861,0.0188850944355403,-0.80276274366914,-0.613020585286694,5.79292928678705,-0,-0,0,402.987463316867,0,0
77.94,100,99.99853970313,100.002338115963,0.00193984536944376,0.0028488494700246,-0.795581782837084,0.197862771914668,-2.22285366698555,-0,0,0,402.988128330468,0,0
77.96,100,99.998543869452,100.002375776158,0.0018084445425758,-0.0128744494175305,-0.778588858140237,-0.0985732578762846,8.59551919035827,-0,-0,0,402.98733385757,0,0
77.98,100,99.9985480238873,100.002410884489,0.00173998029065075,-0.0281849362965593,-0.745481368932794,0.991365060849048,2.2908465051794,-0,-0,0,402.986943717042,0,0
78,100,99.9985521664697,100.002446137061,0.00178685061761649,-0.0425393281536768,-0.689007731180227,1.15221212690723,-4.40243768777136,-0,0,0,402.986978236846,0,0
78.02,100,99.998556297233,100.00248173094,0.00174056974641479,-0.0558204753529131,-0.643608845655003,0.456856290676365,1.77919233675759,-0,0,0,402.98606264896,0,0
78.04,100,99.998560416211,100.002515188937,0.00160764270710085,-0.0683487412301261,-0.608170247102413,0.624355527619828,-1.33857406905287,-0,0,0,402.986230333388,0,0
78.06,100,99.9985645234373,100.00254580469,0.00144037796892092,-0.0801599516659364,-0.574535681729404,0.380430171344268,6.454059873056,-0,-0,0,402.985762275742,0,0
78.08,100,99.9985686189454,100.002573089336,0.0013147035014769,-0.0912608880489963,-0.530759832273331,1.13961810912167,1.99051824607019,-0,0,0,402.986064065307,0,0
78.1,100,99.9985727027687,100.002598936299,0.00127130313419716,-0.101286581477222,-0.47127199561385,1.24219252043946,-1.54144568328217,-0,-0,0,402.986442934948,0,0
78.12,100,99.9985767749406,100.002623631949,0.0011819680049591,-0.110150532267928,-0.417491825310315,0.889062151295563,3.1345179450698,-0,-0,0,402.985381835005,0,0
78.14,100,99.9985808354944,100.002646084846,0.00107236907326049,-0.117997438467398,-0.365538711064027,1.16559489836785,-0.399259347765026,-0,0,0,402.98522800988,0,0
78.16,100,99.9985848844631,100.002666509541,0.000960761076514914,-0.124769175757089,-0.313033276076795,0.965776906274016,0.0560076896623261,-0,0,0,402.985555132796,0,0
78.18,100,99.9985889218799,100.002684215874,0.000804129722476211,-0.130563484152724,-0.267252636335555,0.848515892662645,5.06801001715674,-0,-0,0,402.985750732513,0,0
78.2,100,99.9985929477777,100.002698976422,0.000691968715644623,-0.135409054743436,-0.214100446466051,1.37014120639048,2.98620257078281,-0,0,0,402.985865590266,0,0
78.22,100,99.9985969621893,100.002712442345,0.000662352564698432,-0.139043781776207,-0.148316625802083,1.56379873173159,5.0473699076673,-0,-0,0,402.986633974064,0,0
78.24,100,99.9986009651475,100.002725981967,0.000709146222425041,-0.141269671060919,-0.0717909835981936,1.98710718468543,4.24164407964214,-0,-0,0,402.986985350861,0,0
78.26,100,99.998604956685,100.002741398278,0.000844621406103499,-0.141837896121605,0.0163944972342234,2.25320342062649,1.00651990396747,-0,-0,0,402.98734490289,0,0
78.28,100,99.9986089368344,100.002759908429,0.00100183643667443,-0.140615506533407,0.104443418128514,2.07949230856968,3.88029015804358,-0,-0,0,402.987004500024,0,0
78.3,100,99.9986129056282,100.002781613055,0.00117981113544256,-0.137665895386329,0.191544786375542,2.28659130820207,0.148556402491135,-0,0,0,402.987342501902,0,0
78.32,100,99.9986168630987,100.002807158845,0.00136706340548192,-0.132978262442298,0.27508793920099,2.00048277862677,-1.0913620432175,-0,0,0,402.987414042223,0,0
78.34,100,99.9986208092784,100.002835899331,0.00149502758018651,-0.126762694145022,0.343624791026036,1.5970668358426,-0.00304783192304466,-0,-0,0,402.987395304196,0,0
78.36,100,99.9986247441993,100.002866640326,0.00157482540376371,-0.119321615232851,0.398873867633863,1.38126430588441,-4.10338381867927,-0,0,0,402.986859246738,0,0
78.38,100,99.9986286678936,100.002898330783,0.00157099743158855,-0.110935399365775,0.435109276354619,0.683742112926398,-0.856779970449683,-0,-0,0,402.986737393617,0,0
78.4,100,99.9986325803934,100.002928953985,0.00148765594046873,-0.102036075036161,0.453412470446476,0.482091667831809,-1.54062806118384,-0,0,0,402.986293197014,0,0
78.42,100,99.9986364817306,100.002957641298,0.00137505557885691,-0.0928626781505582,0.462174210334545,0.22251561528194,0.535698293188623,-0,-0,0,402.986320548835,0,0
78.44,100,99.998640371937,100.00298395233,0.00126152369663886,-0.0835801921001802,0.466204961002168,0.254965241874186,0.41992479814893,-0,0,0,402.985804679482,0,0
78.46,100,99.9986442510444,100.003008305884,0.00117858286489338,-0.0742117990824605,0.470646514840597,0.269252822666644,-6.28040094318679,-0,-0,0,402.985763537454,0,0
78.48,100,99.9986481190844,100.003030597342,0.001021881993088,-0.0648642894349889,0.458805969846923,-0.554377428967086,-0.350196231778052,-0,-0,0,402.984283702212,0,0
78.5,100,99.9986519760887,100.003048716993,0.000794608723478966,-0.0559579700608304,0.432015727542445,-0.528459948217444,0.0905609383320461,-0,0,0,402.984277738987,0,0
78.52,100,99.9986558220887,100.003062600444,0.000600106010605887,-0.0475692343639718,0.40737832955898,-0.450330476753343,2.87800938966392,-0,-0,0,402.98469585366,0,0
78.54,100,99.9986596571158,100.003073249198,0.000484403864161632,-0.0395976918030296,0.392426191429158,-0.0350395093781763,-7.72638347512413,-0,0,0,402.985403761548,0,0
78.56,100,99.9986634812013,100.003081632991,0.000318766064649762,-0.0319484983192814,0.366363283786163,-0.997484372660713,0.305529776684468,-0,-0,0,402.984053043386,0,0
78.58,100,99.9986672943764,100.00308550028,7.68795157129216e-05,-0.0250376773364265,0.325860205796874,-0.831934236475304,-3.43071002312141,-0,0,0,402.982908789461,0,0
78.6,100,99.9986710966724,100.003084660442,-0.000171544138343002,-0.0189327889753935,0.282678343113148,-1.15158490392212,2.80438879512399,-0,-0,0,402.982833941557,0,0
78.62,100,99.9986748881201,100.003078872938,-0.000385761573928418,-0.0136997813300419,0.243910795752893,-0.651492898694232,0.429126685635357,-0,0,0,402.983379399204,0,0
78.64,100,99.9986786687506,100.003069790487,-0.000515485510219864,-0.00909346602697929,0.217655258402545,-0.51357819513695,0.0167444501052279,-0,-0,0,402.983566871892,0,0
78.66,100,99.9986824385946,100.003058473249,-0.000612182318070485,-0.00496563082444826,0.195602486123234,-0.446016438869907,-3.40416664921627,-0,0,0,402.983060170063,0,0
78.68,100,99.9986861976831,100.00304510544,-0.000738000351494755,-0.00130776961008887,0.16790168775512,-0.812383247628143,1.41779188263401,-0,0,0,402.983022147498,0,0
78.7,100,99.9986899460467,100.003028941308,-0.000866360236760511,0.00174560022451165,0.139320295354675,-0.528807450842472,1.48368157678813,-0,0,0,402.983623915847,0,0
78.72,100,99.9986936837159,100.003010908273,-0.000926105511380489,0.00433609537392442,0.121396455041451,-0.27441954846491,-1.20424620401296,-0,-0,0,402.984226005422,0,0
78.74,100,99.9986974107213,100.002992027887,-0.000965814513912405,0.00661904689396033,0.106195221157425,-0.389420076949465,1.91578058980469,-0,-0,0,402.983936470928,0,0
78.76,100,99.9987011270933,100.002972448464,-0.000980072073447254,0.00860932474390544,0.094709023910251,-0.0997803870103397,-0.408506584228274,-0,0,0,402.984305085377,0,0
78.78,100,99.9987048328623,100.00295303957,-0.000961769190615506,0.0104386551690042,0.0879846378936447,-0.138515041289819,-4.74686380621361,-0,0,0,402.984145444357,0,0
78.8,100,99.9987085280585,100.002933497765,-0.00101482481233208,0.0120486160672764,0.0693818971070896,-0.713127032103147,-0.361739503268642,-0,0,0,402.983182626236,0,0
78.82,100,99.998712212712,100.002912051098,-0.00112790688523033,0.0131520715914183,0.0413590915898178,-0.664135422657663,2.56610827927618,-0,-0,0,402.983197584638,0,0
78.84,100,99.998715886853,100.00288874971,-0.00118618171317486,0.0137660277421074,0.0227005071754069,-0.256555175502564,-6.61938284813897,-0,0,0,402.983509814387,0,0
78.86,100,99.9987195505114,100.002864263572,-0.0012940953620192,0.0140078634848785,-0.00350119812124653,-1.04812888803532,-5.06728872881734,-0,0,0,402.982405791665,0,0
78.88,100,99.9987232037172,100.002835949973,-0.0015577218324317,0.0134676290564632,-0.0535111775033133,-1.54073658413684,-7.18850801556855,-0,0,0,402.981608655295,0,0
78.9,100,99.9987268465001,100.002800958886,-0.00197047476659134,0.0117227782650946,-0.125156911466934,-2.23207752518223,4.6966625482919,-0,0,0,402.980354395086,0,0
78.92,100,99.9987304788899,100.002757240566,-0.0023686066475166,0.00850308838712054,-0.190921940219773,-1.34823939467458,2.77512349155489,-0,0,0,402.981561483195,0,0
78.94,100,99.9987341009163,100.002707234404,-0.00261338741974108,0.00427296819382549,-0.228564074091863,-0.820803654755424,3.99607585857881,-0,-0,0,402.982362605206,0,0
78.96,100,99.9987377126088,100.00265351932,-0.00273617187699779,-0.000488565647142166,-0.243610487323091,-0.211920189885392,-2.87506349560255,-0,0,0,402.982511619797,0,0
78.98,100,99.9987413139969,100.002597902377,-0.00284064487396227,-0.00543695748039575,-0.25326329690782,-0.540080003844127,-1.09226760949577,-0,0,0,402.981817355237,0,0
79,100,99.99874490511,100.002539502073,-0.00300413018131315,-0.0106646888400435,-0.269812984583373,-0.601465473586009,1.34830983476133,-0,-0,0,402.981985056323,0,0
79.02,100,99.9987484859775,100.002477800896,-0.0031584572776889,-0.0162003139983042,-0.282072102803551,-0.351640545174687,6.67778268015895,-0,-0,0,402.98148396032,0,0
79.04,100,99.9987520566285,100.002413985343,-0.00319032804028726,-0.0217977995463994,-0.272035812535618,0.528460831854788,2.41209339327605,-0,0,0,402.980944742263,0,0
79.06,100,99.9987556170922,100.002350980914,-0.00310245319435922,-0.0269432246158371,-0.241074255455447,0.762105028161629,-0.612961229895063,-0,0,0,402.981435127301,0,0
79.08,100,99.9987591673976,100.002289866989,-0.00301714299233687,-0.0314377883330566,-0.209568523923545,0.587566364669596,-2.63011706740936,-0,0,0,402.981655059649,0,0
79.1,100,99.9987627075738,100.002229782119,-0.00300854039396146,-0.03540328907062,-0.18960176266385,0.183784975243553,1.46525010312117,-0,0,0,402.981090492311,0,0
79.12,100,99.9987662376497,100.002169299076,-0.00303453011177638,-0.0390515312431662,-0.174216677510426,0.344592028555777,6.35184186234281,-0,-0,0,402.981559350212,0,0
79.14,100,99.998769757654,100.002109097729,-0.00295671740083865,-0.0422546624365833,-0.141393125310666,1.09230241414713,3.08503696729011,-0,-0,0,402.982148796779,0,0
79.16,100,99.9987732676155,100.002051785452,-0.00276506670601231,-0.0445874322909751,-0.0904857883717016,1.33362551478949,1.98255462255765,-0,-0,0,402.982595288047,0,0
79.18,100,99.9987767675629,100.001998744564,-0.00253580755604143,-0.045841168626642,-0.0346026907868018,1.40473544667761,6.11689124422678,-0,-0,0,402.982704250585,0,0
79.2,100,99.9987802575247,100.001950906461,-0.00222415942465639,-0.0458938161219914,0.0328103039214934,1.98090080324256,-0.404398681328665,-0,-0,0,402.98314792839,0,0
79.22,100,99.9987837375294,100.001910019203,-0.00187532174825964,-0.0445084410156144,0.103484032244358,1.66729466163142,-2.67242156137133,-0,-0,0,402.982917944815,0,0
79.24,100,99.9987872076054,100.001875271162,-0.00161955435577563,-0.0418755936044129,0.156058804899031,1.11183142644132,0.351232733783089,-0,-0,0,402.982323731389,0,0
79.26,100,99.998790667781,100.001844804069,-0.00142924053251346,-0.0383554635743748,0.19513096921244,1.00659921273061,-5.18208852650434,-0,0,0,402.982220938768,0,0
79.28,100,99.9987941180846,100.001817467174,-0.00133326123306324,-0.0341922291183292,0.216100246043907,0.226045766405275,2.63838691695597,-0,-0,0,402.981991726929,0,0
79.3,100,99.9987975585442,100.001791198256,-0.00127985863194712,-0.0297716415539186,0.227786523357371,0.522310009979503,6.75245729519502,-0,-0,0,402.981776953252,0,0
79.32,100,99.998800989188,100.00176721828,-0.00108517628545102,-0.0249458161625339,0.259594166158652,1.29319635247792,-0.883697581521915,-0,-0,0,402.983060006733,0,0
79.34,100,99.9988044100439,100.001748258019,-0.000819261179222449,-0.0193365929327306,0.2993407347689,1.00873224967266,-3.22478436098663,-0,0,0,402.982728592539,0,0
79.36,100,99.9988078211399,100.001733903994,-0.000634598375047157,-0.0130847434656082,0.322279686246887,0.470166899754287,-7.18454691977761,-0,0,0,402.982357264595,0,0
79.38,100,99.9988112225038,100.001721784373,-0.000612863494829269,-0.00664262802394051,0.315759223783334,-0.490419889512699,1.61461533077474,-0,-0,0,402.981687335265,0,0
79.4,100,99.9988146141634,100.001708960052,-0.000656954946329622,-0.000538042028029149,0.296404283791456,-0.227023558126562,-1.33597945840019,-0,-0,0,402.981906255377,0,0
79.42,100,99.9988179961463,100.001695679589,-0.000674569993280079,0.00522814049596329,0.279333195936932,-0.366847194927728,-2.51983060809237,-0,0,0,402.981282091733,0,0
79.44,100,99.9988213684803,100.001681727471,-0.000729462303129237,0.0105834501147431,0.254527992998614,-0.634225659388637,7.97801500663421,-0,-0,0,402.981464184598,0,0
79.46,100,99.9988247311928,100.001667244111,-0.00067448529300227,0.0155201686121741,0.24602526366002,0.442131146965618,-4.61976727819924,-0,0,0,402.982668370523,0,0
79.48,100,99.9988280843112,100.001655129147,-0.000560349686270994,0.0204718028118145,0.245030024906441,-0.194729429126094,-3.04495023149847,-0,0,0,402.982150992778,0,0
79.5,100,99.998831427863,100.001644117778,-0.000553370502024441,0.0251953059317131,0.22507216908658,-0.550725134005734,-5.47310179875559,-0,0,0,402.981865015924,0,0
79.52,100,99.9988347618754,100.001632273051,-0.000654252386252767,0.0293519049414559,0.186772595812223,-1.16133995598502,-6.227506916436,-0,0,0,402.981704108719,0,0
79.54,100,99.9988380863756,100.001616996187,-0.000897836812016609,0.0325131736227548,0.125533257763402,-1.78547877879829,-2.86897490122268,-0,0,0,402.98076820541,0,0
79.56,100,99.9988414013908,100.001595777733,-0.0012292554154896,0.0342879694745781,0.0513935426370272,-1.90695782403317,0.570394278645185,-0,-0,0,402.9806951913,0,0
79.58,100,99.9988447069481,100.001567968675,-0.0015397936686582,0.0346059132506694,-0.0173092403195038,-1.58317609834076,-1.47881532603131,-0,-0,0,402.980857976307,0,0
79.6,100,99.9988480030744,100.001534409283,-0.00181650408150629,0.0336474363647849,-0.078173671462545,-1.55766890594964,-2.68599214704393,-0,0,0,402.980357939815,0,0
79.62,100,99.9988512897966,100.001495159944,-0.00211529344895936,0.0314735407646173,-0.139812350080207,-1.6840339436751,-4.2669054400738,-0,0,0,402.980709304117,0,0
79.64,100,99.9988545671416,100.001449364122,-0.00247890353875294,0.0280077482575368,-0.208487997061735,-1.99108905624543,3.14050446579205,-0,-0,0,402.980089055941,0,0
79.66,100,99.9988578351361,100.001396197144,-0.00281465647059229,0.0231930671547323,-0.268547855757574,-1.33393440278673,1.47190458002637,-0,0,0,402.980027144285,0,0
79.68,100,99.9988610938069,100.001337461957,-0.00304746127089967,0.0174031802862936,-0.307949977922319,-0.970818740215162,0.470333880443376,-0,-0,0,402.980168883835,0,0
79.7,100,99.9988643431804,100.00127461244,-0.00323302579550219,0.0109513160548512,-0.335884956141471,-0.78071956708729,4.01510822602228,-0,-0,0,402.979894112011,0,0
79.72,100,99.9988675832832,100.00120866097,-0.00334109577203517,0.00407647100138486,-0.34763061082006,-0.174045373753866,3.84066398858313,-0,-0,0,402.979834176332,0,0
79.74,100,99.9988708141419,100.001141733296,-0.00333435954502894,-0.00280973898970815,-0.337741400537678,0.33097230576758,4.23135135166143,-0,-0,0,402.980105392322,0,0
79.76,100,99.9988740357826,100.001075972985,-0.00322467981253578,-0.0093067030041691,-0.308891824413725,0.816855077194439,7.57102193326332,-0,-0,0,402.979898700768,0,0
79.78,100,99.9988772482318,100.001013726687,-0.00296833807617092,-0.0149975327974535,-0.254960181390823,1.65489223841707,-2.03673946746432,-0,0,0,402.980602128852,0,0
79.8,100,99.9988804515157,100.000957449224,-0.00267900654572738,-0.0194701541242137,-0.195473346294885,1.18427853257873,-1.84371656973253,-0,-0,0,402.980549270543,0,0
79.82,100,99.9988836456605,100.000905855777,-0.00249639788680907,-0.0229312841217485,-0.153222928178058,0.797976031664741,1.95404372065696,-0,0,0,402.979291918123,0,0
79.84,100,99.9988868306921,100.00085738397,-0.00234576509322339,-0.0256325102730543,-0.116104407406679,0.937847152517646,1.68324526435954,-0,0,0,402.979931334406,0,0
79.86,100,99.9988900066366,100.000812190583,-0.00217027195859566,-0.0275509457166678,-0.0752991790907952,1.02490244543294,-4.5173826233305,-0,0,0,402.980432850289,0,0
79.88,100,99.9988931735199,100.000770067949,-0.00206964373043665,-0.0287306124700675,-0.04721957468361,0.326418714366359,2.07864064337114,-0,-0,0,402.979599727394,0,0
79.9,100,99.9988963313679,100.000729044599,-0.00202412790495268,-0.0295000030471778,-0.0283961650868858,0.541692245318294,-1.64410223809183,-0,0,0,402.978984441267,0,0
79.92,100,99.9988994802064,100.000689047277,-0.00198633375932054,-0.029878817060626,-0.0113010594981877,0.266122887449328,2.87227627213632,-0,-0,0,402.979307978359,0,0
79.94,100,99.998902620061,100.000649653129,-0.00193997122203789,-0.0299452037636259,0.00667424260716514,0.589356796775619,-1.37046160111326,-0,0,0,402.979807573257,0,0
79.96,100,99.9989057509574,100.000611510084,-0.00188370333203117,-0.0296074505966669,0.0254445788631942,0.340282389107949,-9.47194703400706,-0,0,0,402.979474330694,0,0
79.98,100,99.9989088729212,100.00057318054,-0.0019965717028522,-0.0291134527484993,0.016301829778197,-0.850974027619112,2.34079162453744,-0,-0,0,402.978124338272,0,0
80,100,99.9989119859778,100.000531043735,-0.00220128359657425,-0.0290494636746212,-0.00723907533384754,-0.446543368051188,-4.5955318729971,-0,0,0,402.978102036118,0,0
80.02,100,99.9989150901527,100.000485009984,-0.00242280512677087,-0.0294181987181013,-0.0328367869658619,-0.96015091500216,6.4078097106539,-0,-0,0,402.977173005414,0,0
80.04,100,99.9989181854711,100.000434474922,-0.00259450144986988,-0.0303001646175928,-0.0493704005519784,-0.0336617039159193,-0.87101635887694,-0,-0,0,402.977779288739,0,0
80.06,100,99.9989212719584,100.000381841882,-0.00267322218538003,-0.031291010676959,-0.0503685758558739,-0.13753611866592,0.450066307522315,-0,-0,0,402.977250080029,0,0
80.08,100,99.9989243496397,100.000327514594,-0.00275685896700754,-0.0323173156417526,-0.0517693283151221,-0.0624380170715454,0.106610446126607,-0,0,0,402.977256858392,0,0
80.1,100,99.9989274185402,100.000271631209,-0.00283087828698972,-0.0333491435074124,-0.0512621300105989,-0.0396993626620211,3.87180347262131,-0,0,0,402.977511244998,0,0
80.12,100,99.998930478685,100.000214687148,-0.00284429771257955,-0.0343003180536242,-0.0407512726395201,0.449474555824067,0.298077728669541,-0,-0,0,402.978359930217,0,0
80.14,100,99.9989335300989,100.000158217158,-0.00280347609076031,-0.0349233714455036,-0.0217542586475285,0.426974437096185,9.35678354902415,-0,-0,0,402.977874879927,0,0
80.16,100,99.998936572807,100.000103450028,-0.00262868338452432,-0.0350292445576794,0.0181476791720172,1.53748911097647,-1.0579129086389,-0,0,0,402.979375705033,0,0
80.18,100,99.998939606834,100.000053685551,-0.0023598619040496,-0.0341110968929441,0.0713425037233649,1.20192909175479,-5.22642159271901,-0,0,0,402.979449527778,0,0
80.2,100,99.9989426322047,100.000008184302,-0.00222116662430539,-0.0323306905318556,0.101394564615666,0.390274453394864,3.1991694657443,-0,-0,0,402.978584956136,0,0
80.22,100,99.9989456489439,99.999964547181,-0.00212755887141438,-0.0301133141911977,0.122477959460875,0.736804894033599,0.220741810682209,-0,-0,0,402.979201307997,0,0
80.24,100,99.9989486570761,99.9999233455953,-0.00199394738588267,-0.0274020328559261,0.148085808008564,0.664378717371572,-0.966815175362495,-0,0,0,402.97834365245,0,0
80.26,100,99.9989516566259,99.9998846245115,-0.00188485849625039,-0.0242305855013486,0.167630658715498,0.454482285070844,-5.38815359968735,-0,0,0,402.978216640588,0,0
80.28,100,99.9989546476178,99.9998472531737,-0.00187985162630058,-0.0208225494331357,0.168453542796538,-0.278730689896154,-0.539368811188219,-0,-0,0,402.977601395756,0,0
80.3,100,99.9989576300762,99.9998088932027,-0.001956245350057,-0.0175873350610994,0.154883282105229,-0.310841199380548,4.86699640504316,-0,-0,0,402.977178812419,0,0
80.32,100,99.9989606040255,99.9997695534177,-0.00195093079220425,-0.0145451503693454,0.153452421541423,0.335034845801111,-1.24155512749565,-0,-0,0,402.977267383914,0,0
80.34,100,99.9989635694899,99.9997312406545,-0.0018869151270488,-0.011397446436673,0.159990889601352,0.134425688123996,-0.376788533895235,-0,0,0,402.977055298197,0,0
80.36,100,99.9989665264936,99.9996939226426,-0.00184615590500847,-0.0081804537168814,0.161263608781556,0.0691376161844903,-2.71954229931239,-0,0,0,402.97767667801,0,0
80.38,100,99.9989694750608,99.9996571092631,-0.00184785505549708,-0.00500199817911513,0.154341986982997,-0.280806211905619,2.04398824066313,-0,-0,0,402.977051910346,0,0
80.4,100,99.9989724152156,99.9996200209547,-0.00184842725198608,-0.00201132849674457,0.146583739727896,0.00899709230903607,-8.86780283224421,-0,0,0,402.976671685076,0,0
80.42,100,99.9989753469819,99.9995825279164,-0.00194397806716935,0.000750852563265352,0.122599187379544,-1.09914423103138,0.573662960327105,-0,0,0,402.975286457916,0,0
80.44,100,99.9989782703836,99.9995416066955,-0.00213930642865035,0.00278806183564768,0.0826247185122255,-0.882063604519173,0.0264703618026842,-0,-0,0,402.975894583349,0,0
80.46,100,99.9989811854447,99.9994972257102,-0.00229404785657607,0.00410278071863453,0.0497041084432964,-0.763219651068816,-0.109278140528395,-0,-0,0,402.975262001615,0,0
80.48,100,99.998984092189,99.9994500046505,-0.00242475487312058,0.00480612118337942,0.0212747847759057,-0.675909690588244,-1.87897607118143,-0,0,0,402.975234794499,0,0
80.5,100,99.9989869906401,99.9994001738583,-0.00256443967050722,0.00494888987775714,-0.00783170991878835,-0.820578452868085,-4.51096190719657,-0,0,0,402.974917669196,0,0
80.52,100,99.9989898808218,99.9993469223432,-0.00277947058060303,0.00441916241261698,-0.0479124072307516,-1.27422135657588,-1.09770730886092,-0,-0,0,402.973956228988,0,0
80.54,100,99.9989927627576,99.9992886314756,-0.00304960227963251,0.00298656605808239,-0.0949811438215106,-1.24217475788369,5.60448528853173,-0,-0,0,402.973153522584,0,0
80.56,100,99.998995636471,99.9992256155697,-0.00321910581594398,0.000744253628163202,-0.123610040320157,-0.377758490170296,2.43465927370828,-0,-0,0,402.97378216407,0,0
80.58,100,99.9989985019856,99.9991607716573,-0.00325237582461652,-0.00180103607992408,-0.128614345413465,-0.0229771194274733,1.77000907658934,-0,0,0,402.973957213979,0,0
80.6,100,99.9990013593246,99.9990959348087,-0.00322335915428292,-0.00432591314834387,-0.122433752725463,0.202292726482942,-0.614466946057072,-0,0,0,402.974322013765,0,0
80.62,100,99.9990042085115,99.9990318911771,-0.00318587391381946,-0.00668432902605673,-0.114066765639525,0.100977655842024,4.01468006130052,-0,-0,0,402.974804538755,0,0
80.64,100,99.9990070495694,99.9989687900712,-0.00310556542624619,-0.0088369672611725,-0.0981062238881401,0.589536794626317,-0.120508776768057,-0,0,0,402.975519248791,0,0
80.66,100,99.9990098825216,99.9989079480633,-0.00298266578342976,-0.0105624383168718,-0.0750909495651966,0.497618757604967,3.7978327827659,-0,-0,0,402.97567042734,0,0
80.68,100,99.9990127073913,99.9988497354307,-0.00282257589823235,-0.0118005807001847,-0.0461984545373584,0.905199047004737,-1.73288099915515,-0,0,0,402.97568154013,0,0
80.7,100,99.9990155242014,99.9987950855747,-0.00265551829173621,-0.0124082067619404,-0.016798859032993,0.570126043933168,2.1931820505453,-0,0,0,402.975791680332,0,0
80.72,100,99.9990183329749,99.998743428695,-0.00250198479082268,-0.0124909993112883,0.00970538525280638,0.768592927921133,-0.150090654453771,-0,0,0,402.976396753418,0,0
80.74,100,99.9990211337349,99.9986950784871,-0.00233724443443837,-0.0120150347058198,0.0370281483168535,0.647984334104404,-6.18892612105451,-0,-0,0,402.976414232316,0,0
80.76,100,99.9990239265041,99.9986491674457,-0.00228736331673265,-0.01114138482505,0.0448125659275705,-0.210280354567306,-3.94900903108398,-0,0,0,402.975137157694,0,0
80.78,100,99.9990267113053,99.9986025564771,-0.00239201904885226,-0.0103899448048209,0.027411633013083,-0.674344269384886,3.31218998185191,-0,0,0,402.974981512822,0,0
80.8,100,99.9990294881613,99.9985535407997,-0.00248966743307734,-0.0100332518403025,0.0115305028090867,-0.170515946195789,7.38133069817579,-0,-0,0,402.976535465014,0,0
80.82,100,99.9990322570948,99.9985041305089,-0.00241378236200943,-0.00974084093813543,0.0237007763050881,0.771800653438367,-2.44570549074319,-0,-0,0,402.977178420367,0,0
80.84,100,99.9990350181283,99.9984573981354,-0.00227504611960198,-0.009025488302467,0.04514704628244,0.363426236486661,-3.0338712957049,-0,-0,0,402.976126319576,0,0
80.86,100,99.9990377712844,99.9984124869732,-0.00223251527814255,-0.00804421384091206,0.0502234236741675,-0.0637056288480549,2.98535952610075,-0,-0,0,402.975399844014,0,0
80.88,100,99.9990405165856,99.9983680976047,-0.00219089913776807,-0.00701961231393077,0.0546501205277475,0.316718963239499,0.684028263950322,-0,-0,0,402.975925963047,0,0
80.9,100,99.9990432540542,99.9983251998786,-0.00209659345882493,-0.00580701064893254,0.0668279813930228,0.358176273581881,5.97665003807045,-0,-0,0,402.975009680243,0,0
80.92,100,99.9990459837127,99.9982848653696,-0.00190829595440058,-0.00425157203913842,0.093084749570572,1.05565877907638,0.316492425129378,-0,-0,0,402.976227558094,0,0
80.94,100,99.9990487055833,99.9982493677093,-0.0016441441245477,-0.00201559609729611,0.129727490399655,0.953775333333762,2.70752249469168,-0,0,0,402.975991381179,0,0
80.96,100,99.9990514196882,99.998219252757,-0.00135735619131638,0.000947318813171947,0.167768985866063,1.1644005401277,8.20170660926204,-0,-0,0,402.977046694778,0,0
80.98,100,99.9990541260496,99.9981960206087,-0.000929290323497596,0.00482932181709298,0.225762922309663,2.03075863122234,0.765821402399751,-0,-0,0,402.978291900682,0,0
81,100,99.9990568246895,99.9981827074854,-0.000406080697205753,0.0100517811737325,0.295090755654137,1.85371598777521,-3.83873050577413,-0,0,0,402.977892534107,0,0
81.02,100,99.9990595156301,99.9981791705506,2.6800255042099e-05,0.0165048996243978,0.345364031793657,1.12719379178783,-7.97050719834372,-0,0,0,402.978119856728,0,0
81.04,100,99.9990621988933,99.9981824130889,0.000254978698429036,0.0236188203695116,0.358594781665972,-0.017856833725496,-0.90830791698785,-0,-0,0,402.976829754426,0,0
81.06,100,99.9990648745009,99.9981885035971,0.000352085048402362,0.030689529373711,0.347725996469329,-0.132682964371653,-2.40928825262676,-0,-0,0,402.976450575459,0,0
81.08,100,99.9990675424748,99.9981962718877,0.000415726587096708,0.0374754640837691,0.329047420089585,-0.41887848031765,1.48329274897452,-0,0,0,402.976180051642,0,0
81.1,100,99.9990702028368,99.9982051946646,0.0004880916207277,0.0438482581506936,0.309773718330737,-0.180539626659219,-3.51299085944654,-0,0,0,402.97730513834,0,0
81.12,100,99.9990728556087,99.9982157189764,0.000549729522605935,0.049841364102733,0.286900676212995,-0.597189627357891,-1.71283891215674,-0,-0,0,402.977243253675,0,0
81.14,100,99.999075500812,99.9982268191297,0.000556340009037846,0.0552565424457691,0.253805451046477,-0.734545484440876,-6.5965323228938,-0,0,0,402.976982843677,0,0
81.16,100,99.9990781384684,99.9982373221427,0.000466091459989645,0.0598836356058723,0.20437080305638,-1.46237601536123,3.33565717856947,-0,-0,0,402.975882160434,0,0
81.18,100,99.9990807685993,99.9982454265817,0.000368870893310582,0.0634275546020392,0.154045152159399,-0.854870708759788,-1.45153422540023,-0,-0,0,402.976259937372,0,0
81.2,100,99.9990833912264,99.9982525017,0.000336142588587815,0.0661160694391627,0.114468025161664,-0.924495631500245,7.13026890309266,-0,-0,0,402.975837344078,0,0
81.22,100,99.9990860063709,99.998259651953,0.000419118364684059,0.0681352669005308,0.0939716893191059,0.0862695334838714,-2.7787552970797,-0,0,0,402.977346145151,0,0
81.24,100,99.9990886140542,99.99826976131,0.000577898604504953,0.0699532691414893,0.0855425853370638,-0.272995271542093,-4.16789520349977,-0,0,0,402.976902206198,0,0
81.26,100,99.9990912142977,99.9982821017691,0.000636926665663312,0.0714497339962368,0.0610700413037472,-0.757499159345663,-0.220879975198905,-0,-0,0,402.97638152288,0,0
81.28,100,99.9990938071224,99.9982949161884,0.000646991616555618,0.0723490788840535,0.0294209256670343,-0.685296832169304,-1.82352988512432,-0,-0,0,402.976504626136,0,0
81.3,100,99.9990963925497,99.9983079045905,0.000645769614399099,0.0726211681248018,-0.00298958672789119,-0.822611503463011,-5.53289953767058,-0,0,0,402.976073938445,0,0
81.32,100,99.9990989706006,99.9983201326916,0.000552952917991828,0.0721402933290584,-0.0486630052322003,-1.40289898390394,-6.80963313475006,-0,0,0,402.97577132104,0,0
81.34,100,99.9991015412962,99.998328977009,0.000303385036375588,0.0705224998694683,-0.117126768910404,-2.06544919316959,4.18321977488864,-0,-0,0,402.97484170817,0,0
81.36,100,99.9991041046573,99.9983323234033,6.04164297582828e-05,0.0674885607581122,-0.180943381841901,-1.26885488504823,-2.80511942602084,-0,0,0,402.975559336808,0,0
81.38,100,99.9991066607051,99.9983317599957,-0.000126466182830034,0.0633676716403205,-0.232099265166168,-1.44789631182953,0.0964682069563749,-0,-0,0,402.975765778982,0,0
81.4,100,99.9991092094602,99.9983271833447,-0.000326031789535375,0.0582177408551745,-0.281381210360331,-1.24182144227912,1.24833505705084,-0,0,0,402.97572464821,0,0
81.42,100,99.9991117509437,99.9983190173851,-0.000480938955387777,0.0521880577700787,-0.319354583928882,-0.918566629353075,2.25614344906298,-0,-0,0,402.976165421951,0,0
81.44,100,99.999114285176,99.9983083984035,-0.000568071150441071,0.0455432689657278,-0.342404042413228,-0.512320700200126,3.54992226107823,-0,-0,0,402.976652831967,0,0
81.46,100,99.9991168121781,99.9982969012373,-0.000564350832721064,0.0386141371549904,-0.347158376511379,0.00127055108459786,2.88158176026579,-0,-0,0,402.977131263005,0,0
81.48,100,99.9991193319705,99.9982863987087,-0.000474337480026423,0.0317699747342688,-0.33493547316983,0.362758018016505,-3.18029674968336,-0,0,0,402.977014917721,0,0
81.5,100,99.9991218445737,99.9982777379931,-0.000411848798806402,0.0252029853902438,-0.324578921260783,-0.0791246224123004,0.25484255028318,-0,-0,0,402.976319165906,0,0
81.52,100,99.9991243500083,99.9982695165119,-0.000411161399558138,0.0187392374612537,-0.321471736342597,-0.0340023528484672,1.07360700139855,-0,-0,0,402.976236272464,0,0
81.54,100,99.9991268482947,99.9982613376799,-0.000403685340679312,0.0123696279084904,-0.314566405956638,0.106637379584734,-1.78161053631011,-0,-0,0,402.975853030279,0,0
81.56,100,99.9991293394534,99.9982531867118,-0.000423132584245973,0.00614385503768976,-0.309479747838316,-0.127157332693304,0.404836726297282,-0,-0,0,402.975210942152,0,0
81.58,100,99.9991318235046,99.9982441913085,-0.000476096071327223,-2.78337142654755e-05,-0.307205607623612,-0.0572688745688094,2.67870417206852,-0,-0,0,402.974943766944,0,0
81.6,100,99.9991343004687,99.9982343827564,-0.000493404384771664,-0.00608900282601485,-0.296698286646878,0.287079625604411,6.32453314096636,-0,-0,0,402.975191934477,0,0
81.62,100,99.9991367703658,99.998225251812,-0.000391725716575003,-0.0117541248043434,-0.265060403639561,1.03934548475206,5.72230526354593,-0,-0,0,402.975382267649,0,0
81.64,100,99.9991392332162,99.9982197044957,-0.000141242400055205,-0.0165258843988108,-0.208565535344015,1.61702262454229,0.13233462333392,-0,0,0,402.975964061282,0,0
81.66,100,99.9991416890399,99.9982198543909,0.000147984765740792,-0.0200579667432845,-0.146070148629287,1.42140225258321,4.7749490211678,-0,0,0,402.976327099611,0,0
81.68,100,99.9991441378569,99.9982257976694,0.000462566704927603,-0.0223459105023628,-0.0803040251345515,1.82994032218615,0.692542606769361,-0,0,0,402.977374115172,0,0
81.7,100,99.9991465796873,99.9982385587935,0.000808047935299713,-0.0232485952264097,-0.0111758621350059,1.67426686995786,-0.521008129587181,-0,-0,0,402.977536946139,0,0
81.72,100,99.9991490145511,99.998257800142,0.00110575466432176,-0.0228586040446162,0.0481405389114845,1.38648536458235,0.895960827731722,-0,-0,0,402.976927356075,0,0
81.74,100,99.9991514424679,99.9982825568499,0.0013684023571056,-0.0213756792470129,0.0995075904644802,1.31311512296895,4.943774837093,-0,-0,0,402.976629882278,0,0
81.76,100,99.9991538634578,99.9983129047826,0.00168574757815392,-0.0188362844825635,0.157054580322975,1.75447246567856,2.72372899752486,-0,-0,0,402.977571577754,0,0
81.78,100,99.9991562775405,99.9983504994877,0.00208037932622685,-0.0150339043618758,0.22361539723441,1.85944712662368,3.9909579638647,-0,0,0,402.977875122139,0,0
81.8,100,99.9991586847356,99.9983965154789,0.00253418719136623,-0.00985582185436236,0.295520596438026,2.10859634657879,-3.5780010100708,-0,0,0,402.978966390658,0,0
81.82,100,99.9991610850628,99.9984515968057,0.00294862283863956,-0.00328943255334762,0.356217870520962,1.38057528676992,-0.146892600869746,-0,-0,0,402.979135113042,0,0
81.84,100,99.9991634785417,99.9985138759103,0.00327478270916121,0.0042671288801605,0.397938729541026,1.17548332907446,-3.43220619899215,-0,0,0,402.979193954667,0,0
81.86,100,99.9991658651919,99.9985820964445,0.00352767349892715,0.0125180218801543,0.423253311290274,0.588347629757249,-0.590122753896227,-0,0,0,402.979326880369,0,0
81.88,100,99.9991682450328,99.9986545483841,0.0037149046658905,0.0210993463765888,0.433788687566046,0.432707182309872,0.303807536659924,-0,-0,0,402.979531261922,0,0
81.9,100,99.9991706180839,99.9987306945823,0.00390228215490539,0.0298435649057523,0.44039603930076,0.408604000197287,0.355751389719722,-0,-0,0,402.979566550468,0,0
81.92,100,99.9991729843645,99.9988107499008,0.00410620483676989,0.0387069850761714,0.44577564471977,0.39447774467543,0.454796042176043,-0,0,0,402.979923056657,0,0
81.94,100,99.999175343894,99.9988950723422,0.00432957168126446,0.0476696639693501,0.450418119053355,0.395155291928013,3.2638169353289,-0,-0,0,402.980805561048,0,0
81.96,100,99.9991776966915,99.9989843602757,0.00461662623194086,0.0567666873271572,0.461415940290204,0.74376515272037,1.94914887486161,-0,-0,0,402.980588911585,0,0
81.98,100,99.9991800427764,99.9990802663657,0.00498329694260083,0.0661831372453901,0.480989932332797,0.88287924804617,1.70253422126003,-0,-0,0,402.980813894131,0,0
82,100,99.9991823821678,99.9991840277505,0.00540037678985098,0.0760298311217248,0.504109110296866,0.972505440739011,-10.1868523054025,-0,0,0,402.980997599662,0,0
82.02,100,99.9991847148847,99.9992955546776,0.00570858998476668,0.0861988524893997,0.505036768870642,-0.227494559260989,-7.08735696795571,-0,0,0,402.979280059206,0,0
82.04,100,99.9991870409462,99.999410858368,0.00579087126759341,0.0959640140533225,0.466042706310401,-1.08557817681861,-0.119767137513254,-0,0,0,402.978941522013,0,0
82.06,100,99.9991893603713,99.999526741635,0.00580485744604674,0.104754390471781,0.413899820885661,-0.960491360254598,-3.27666255733402,-0,0,0,402.979841522795,0,0
82.08,100,99.999191673179,99.9996430049632,0.00581218750193699,0.112502074634436,0.359169141949098,-1.24472632026491,2.10173664568061,-0,-0,0,402.980568565022,0,0
82.1,100,99.999193979388,99.9997594261467,0.00584823985616377,0.119147184984083,0.308169406450059,-0.821020316334052,2.43315597598428,-0,-0,0,402.981506061029,0,0
82.12,100,99.9991962790173,99.9998776520732,0.00599193352560326,0.124939278957002,0.273726953598174,-0.411910071053537,-6.85023237461553,-0,0,0,402.982416128748,0,0
82.14,100,99.9991985720856,99.999998811421,0.00609324697972751,0.130043360786217,0.231645755153329,-1.21392490663198,-4.05087316636323,-0,0,0,402.982134298459,0,0
82.16,100,99.9992008586116,100.000120507809,0.00606292315719467,0.134065375697132,0.168508453349889,-1.5608168471102,-2.80681619274213,-0,0,0,402.981728780092,0,0
82.18,100,99.999203138614,100.000240940643,0.00597424224243236,0.136729251937491,0.0971640946095399,-1.7051429000831,-4.8498190243843,-0,0,0,402.982111393545,0,0
82.2,100,99.9992054121114,100.000359026532,0.00581820089066685,0.137892809552617,0.0170111172648719,-2.08450013022222,-3.1975330600681,-0,0,0,402.98206174913,0,0
82.22,100,99.9992076791224,100.000473216431,0.00559403853516909,0.137357291629369,-0.071059635860726,-2.20660834436932,-5.43747947036658,-0,0,0,402.982339914496,0,0
82.24,100,99.9992099396655,100.00058228735,0.00529507246775041,0.134996407952696,-0.167168370814408,-2.59145783682431,4.07180700929001,-0,-0,0,402.981866294727,0,0
82.26,100,99.999212193759,100.000685296689,0.00503626085155567,0.130749017693789,-0.251814608382389,-1.73902779352984,0.139979289112863,-0,0,0,402.982590825556,0,0
82.28,100,99.9992144414215,100.00078445824,0.00488620787540215,0.125073198048661,-0.313927149210154,-1.48868757734636,5.20820258645896,-0,-0,0,402.983036864892,0,0
82.3,100,99.9992166826713,100.000881484029,0.00484627684991165,0.118344109993644,-0.353376149794013,-0.639891590251836,6.14695239864831,-0,0,0,402.983651407051,0,0
82.32,100,99.9992189175266,100.000979516217,0.00498736230421882,0.111161469183472,-0.359350456761024,0.214559383570616,-9.25127641089911,-0,0,0,402.985068382815,0,0
82.34,100,99.9992211460058,100.00108055996,0.00506685749741373,0.103925623676049,-0.371692177552677,-0.955958430577627,8.10691140284598,-0,-0,0,402.983531234508,0,0
82.36,100,99.9992233681269,100.001182068133,0.00512554209708401,0.0963027387590154,-0.383204478145195,0.183748800392759,-0.100938318024821,-0,0,0,402.98516617661,0,0
82.38,100,99.9992255839082,100.001286295229,0.00529258821555259,0.0887361537997424,-0.373648784418327,0.149898199992444,-0.530406698258104,-0,-0,0,402.985340232836,0,0
82.4,100,99.9992277933678,100.001393550037,0.00542643666629573,0.0813425652596616,-0.366215349200517,0.0666373561602531,-9.08729895115047,-0,0,0,402.985223612128,0,0
82.42,100,99.9992299965236,100.001502235861,0.00539361770151783,0.0739295698909367,-0.382271268797981,-1.0695054444203,1.60254920255511,-0,-0,0,402.983767076412,0,0
82.44,100,99.9992321933936,100.001608554535,0.00524806784832107,0.0659619357986103,-0.412137047698733,-0.725218837021432,-2.31900092133349,-0,0,0,402.983637496068,0,0
82.46,100,99.9992343839959,100.001712113969,0.0050964565120674,0.0574673472308798,-0.438388191218357,-0.91426119351543,0.380314053744806,-0,0,0,402.983613171906,0,0
82.48,100,99.9992365683482,100.001812247564,0.00491962037079558,0.0484318722769389,-0.463910980230494,-0.741912114300506,4.32844532649531,-0,-0,0,402.983590748051,0,0
82.5,100,99.9992387464684,100.001909392603,0.00481628143525845,0.0390224380576663,-0.472831520249344,-0.100368444362193,0.338911140680538,-0,0,0,402.983831898043,0,0
82.52,100,99.9992409183743,100.002005285336,0.00477159322713118,0.0296087272735162,-0.468104239506207,-0.0403215404521357,2.57360129451759,-0,-0,0,402.984149292207,0,0
82.54,100,99.9992430840836,100.00210042508,0.00475186830806213,0.0203511853811171,-0.455514229909485,0.289467800134122,3.45005071455917,-0,-0,0,402.984142059047,0,0
82.56,100,99.999245243614,100.002195800895,0.00479817060789376,0.0114815448485222,-0.428942841572605,0.684679689745919,1.56346685533178,-0,0,0,402.984273581252,0,0
82.58,100,99.9992473969831,100.002292624685,0.00488572150646898,0.00325504199834081,-0.393072367892285,0.79279719901233,-3.63035712134003,-0,0,0,402.984702555795,0,0
82.6,100,99.9992495442085,100.002390754129,0.00490267832479131,-0.00430353315661363,-0.366368741142947,0.237893699431799,5.0105214170876,-0,-0,0,402.983731529965,0,0
82.62,100,99.9992516853077,100.002488692812,0.00491244666403087,-0.0113903229519382,-0.338532732782268,0.834176969602248,6.11961185744522,-0,-0,0,402.984390242525,0,0
82.64,100,99.9992538202983,100.002588163437,0.00505881186143831,-0.01768729477074,-0.287099060439569,1.4880858623165,9.53760970165072,-0,-0,0,402.984302616453,0,0
82.66,100,99.9992559491975,100.002692309458,0.00539439801706383,-0.0226683595702683,-0.204874677287196,2.48189118718317,-1.68581476122707,-0,-0,0,402.985511040188,0,0
82.68,100,99.9992580720229,100.002804251918,0.00577861916390968,-0.0258410602570127,-0.116106901961216,1.94286249952722,-0.928060547632644,-0,-0,0,402.984404711843,0,0
82.7,100,99.9992601887918,100.002922747442,0.00605664632798216,-0.0274384554224385,-0.0462362980088103,1.56918443321961,1.10727536533817,-0,-0,0,402.983534169058,0,0
82.72,100,99.9992622995213,100.003046200936,0.00628681490061726,-0.0277541564446153,0.0140255478039749,1.49882132880585,-2.33248907160304,-0,0,0,402.983432095728,0,0
82.74,100,99.9992644042288,100.003173807752,0.00645563610399687,-0.0269584268510179,0.0622483178908971,1.00828965384713,-2.69445746838016,-0,-0,0,402.98275467162,0,0
82.76,100,99.9992665029314,100.003303713652,0.00651753819000626,-0.0253927757829299,0.0911976649010331,0.537062428621207,4.62945250833023,-0,-0,0,402.981859386021,0,0
82.78,100,99.9992685956463,100.003434611668,0.0065936765681819,-0.0233058710844061,0.12061392317544,1.04163511069895,-4.34151514987226,-0,0,0,402.98238936819,0,0
82.8,100,99.9992706823905,100.003567354309,0.00665523092551028,-0.020600732439359,0.145439887030843,0.360096293806631,3.40515718995606,-0,-0,0,402.981283675502,0,0
82.82,100,99.9992727631812,100.003700668474,0.00669272185063458,-0.017526174138134,0.164337398125534,0.735570560653534,-9.53017049171505,-0,0,0,402.982069450314,0,0
82.84,100,99.9992748380352,100.00383446835,0.00664132910032057,-0.0141379977859088,0.166769003917897,-0.464429439346466,-7.36502916836927,-0,0,0,402.981019451777,0,0
82.86,100,99.9992769069695,100.003964718654,0.00635058985949646,-0.0111213034734939,0.129502206407781,-1.32329389556304,-6.0103396037777,-0,0,0,402.979566052347,0,0
82.88,100,99.999278970001,100.004087382652,0.00589317579722455,-0.00913466015006783,0.065676241521099,-1.89777785157443,-3.00024292603392,-0,0,0,402.979117635379,0,0
82.9,100,99.9992810271465,100.004199893529,0.00535241615851878,-0.00857285047516692,-0.0100421257820657,-2.02060047436894,1.4218035449575,-0,-0,0,402.978739411932,0,0
82.92,100,99.9992830784229,100.004301712747,0.00484600658916706,-0.00948291705156559,-0.0778896934726704,-1.57524628691915,0.474433983123923,-0,0,0,402.978886610985,0,0
82.94,100,99.9992851238468,100.004394244694,0.0044164336109525,-0.0115894093663654,-0.130851533029476,-1.30604482434998,0.679641906106482,-0,-0,0,402.979188848305,0,0
82.96,100,99.999287163435,100.004478727554,0.00404046971202326,-0.0146423649712988,-0.172630301560255,-1.04702856762314,-2.15349070106685,-0,0,0,402.979103249982,0,0
82.98,100,99.9992891972041,100.004555887729,0.00366859175608708,-0.0184734858669927,-0.211149619562249,-1.17495188141131,0.435857872518515,-0,-0,0,402.978754681215,0,0
83,100,99.9992912251708,100.004625465016,0.00329537320516273,-0.0230699021051661,-0.246988188075337,-0.963091108532801,1.51935190224816,-0,0,0,402.978477076747,0,0
83.02,100,99.9992932473515,100.004688038562,0.00297241869448559,-0.0282789805727164,-0.271754413072913,-0.642996511855765,-3.16331838426265,-0,-0,0,402.979017218582,0,0
83.04,100,99.9992952637629,100.004744265626,0.00263573156128717,-0.0339366288566474,-0.295861310464696,-0.950600699165357,0.0210243999809355,-0,0,0,402.977612897913,0,0
83.06,100,99.9992972744212,100.004793238818,0.00226421183147153,-0.04012894871707,-0.322395688236139,-0.818456066277201,3.28774432344631,-0,0,0,402.977880409708,0,0
83.08,100,99.9992992793431,100.004835257752,0.001955758593739,-0.0467422605921026,-0.335506949826753,-0.296724095274806,3.65761912335031,-0,-0,0,402.978312417961,0,0
83.1,100,99.9993012785447,100.004872178893,0.00175374776869758,-0.0534161594726889,-0.328671297740012,0.201008555615926,6.01695493359106,-0,-0,0,402.978052765007,0,0
83.12,100,99.9993032720425,100.004906299724,0.00168527307269895,-0.0597315151969267,-0.298264822153214,0.927795252704157,5.84860185431656,-0,-0,0,402.97889603576,0,0
83.14,100,99.9993052598527,100.004940585858,0.00176630222678385,-0.0651798074475893,-0.242807826059511,1.53637349353451,0.0759728428156904,-0,-0,0,402.979374255186,0,0
83.16,100,99.9993072419916,100.004977229673,0.00188991500319831,-0.0694004772050586,-0.180663220713686,1.34332593911297,-8.57166680649702,-0,0,0,402.978522628332,0,0
83.18,100,99.9993092184753,100.005015065244,0.00184568065374859,-0.0725903269239034,-0.146089217037602,0.147359563671107,-1.18785458461016,-0,0,0,402.976731844135,0,0
83.2,100,99.99931118932,100.005049957621,0.00163633163638467,-0.0754193553970922,-0.137882866324479,-0.0188539598196389,4.08519636565818,-0,-0,0,402.976318681846,0,0
83.22,100,99.9993131545417,100.005080786909,0.00146644569924108,-0.0780585421323218,-0.122778892931789,0.494518247832521,5.46970353203697,-0,0,0,402.976823097112,0,0
83.24,100,99.9993151141565,100.005109504927,0.00142984581467578,-0.0801874938286992,-0.0862609837184958,1.1126815700991,2.90066352911781,-0,0,0,402.977882019061,0,0
83.26,100,99.9993170681804,100.005138644009,0.00149318806584178,-0.0814091169792958,-0.034677034624998,1.3283263910727,1.69147831563635,-0,-0,0,402.97869187838,0,0
83.28,100,99.9993190166294,100.005169460277,0.00159088078477878,-0.0815499212410177,0.0206421766607955,1.36283153565829,4.34994208990711,-0,-0,0,402.978394334149,0,0
83.3,100,99.9993209595193,100.005202653905,0.00174438739191106,-0.0805388000563848,0.0825749155107585,1.7236810094233,-2.37665825892781,-0,0,0,402.978519656314,0,0
83.32,100,99.999322896866,100.005239157892,0.00188725698083982,-0.0782804518025268,0.139697320918018,1.19800944172364,-0.985630768441514,-0,0,0,402.978089007212,0,0
83.34,100,99.9993248286853,100.005277594648,0.00194742983128647,-0.0750605161549565,0.180333605575112,0.915120686021469,4.020613011226,-0,-0,0,402.977967023378,0,0
83.36,100,99.999326754993,100.005317240304,0.00203460359739446,-0.071058058179179,0.222167891241441,1.29275325320807,8.13177748914146,-0,-0,0,402.978039571271,0,0
83.38,100,99.9993286758049,100.005360068188,0.00228464582259847,-0.066023521503388,0.28642235915132,2.1328861435215,2.20460317686314,-0,-0,0,402.979121629511,0,0
83.4,100,99.9993305911365,100.005409406276,0.00265269376017562,-0.0595096820561918,0.364596521381001,2.12205503358283,-1.11638364472429,-0,-0,0,402.979462064204,0,0
83.42,100,99.9993325010036,100.005465988635,0.0029931392862615,-0.0515089212465373,0.43249071932341,1.69777879486072,-2.2924862728336,-0,0,0,402.979275598459,0,0
83.44,100,99.9993344054217,100.005528564768,0.00324866106830416,-0.0423409079855025,0.480796751726989,1.18296984494972,-6.01310491009923,-0,-0,0,402.979264478482,0,0
83.46,100,99.9993363044063,100.005594975936,0.00336077943556649,-0.0324689974067958,0.500424308071537,0.270797224779346,-4.25020881558236,-0,0,0,402.97771606888,0,0
83.48,100,99.9993381979731,100.005661998237,0.00332290006152488,-0.0225160621795141,0.491177041580081,-0.299823861812882,-1.86104223927988,-0,0,0,402.977096753712,0,0
83.5,100,99.9993400861374,100.00572744675,0.00321785507490241,-0.0129191625722336,0.467269158513904,-0.495591554625401,-7.74640921360168,-0,-0,0,402.97771338254,0,0
83.52,100,99.9993419689146,100.005789959021,0.00300060913349166,-0.00396800065530473,0.422134389572416,-1.40096274659268,-0.60865674811958,-0,-0,0,402.975946419803,0,0
83.54,100,99.9993438463201,100.005846970396,0.00270712718631318,0.00387279628478315,0.362759965328721,-1.29481744837173,0.262038419230136,-0,-0,0,402.976011813616,0,0
83.56,100,99.9993457183693,100.005898577379,0.00246353287992359,0.010587407244974,0.310110485364728,-1.09361041756898,-1.36525614158317,-0,-0,0,402.976254914847,0,0
83.58,100,99.9993475850773,100.00594571555,0.00225077817626984,0.016303064012081,0.261389364772481,-1.1220182956785,-1.22276106481566,-0,-0,0,402.975884439284,0,0
83.6,100,99.9993494464596,100.005988637645,0.00204237839611234,0.0210433886442327,0.212724490129357,-1.12845965010815,-2.81577826959081,-0,0,0,402.975522178431,0,0
83.62,100,99.9993513025312,100.006027278431,0.00181438750182245,0.0247894264023983,0.160717714180731,-1.33185225390229,1.5312933225769,-0,0,0,402.975173268466,0,0
83.64,100,99.9993531533073,100.00606137721,0.00161035522110493,0.0275012086580366,0.112939646976858,-0.965421662373684,1.19086552779032,-0,-0,0,402.975749446626,0,0
83.66,100,99.9993549988031,100.006092209923,0.00148400721123762,0.029393580159043,0.0781579747595414,-0.690047440053362,1.80641150712445,-0,0,0,402.975969347148,0,0
83.68,100,99.9993568390335,100.006121212686,0.00142888992400267,0.030706826520107,0.0552540821289736,-0.373889887521344,2.3120492993796,-0,-0,0,402.976484416484,0,0
83.7,100,99.9993586740136,100.006149888129,0.00145211656121093,0.0316894088295242,0.0451838168110465,-0.0372734009203567,-5.88194532783567,-0,-0,0,402.976476271356,0,0
83.72,100,99.9993605037584,100.006178962897,0.00142641740525236,0.0324601867241245,0.0272740546347125,-0.767196353175881,1.77128520560714,-0,-0,0,402.974958630641,0,0
83.74,100,99.9993623282828,100.006206637994,0.00135349927295352,0.0327356355524042,0.00241046787447182,-0.44500768079315,-8.45203529278585,-0,0,0,402.975240396296,0,0
83.76,100,99.9993641476017,100.006232518384,0.00119447205106947,0.032468118370884,-0.0353999342145899,-1.43875740296046,0.775622373363832,-0,-0,0,402.974832479966,0,0
83.78,100,99.99936596173,100.006253847852,0.000948585291125846,0.0312411448335208,-0.085287945416083,-1.15110127599726,-2.7970567304361,-0,0,0,402.974823892782,0,0
83.8,100,99.9993677706825,100.006270466043,0.000703905781848342,0.0290728971566806,-0.132617591353937,-1.34600628723715,2.81084710660058,-0,0,0,402.974676474369,0,0
83.82,100,99.9993695744739,100.006282217286,0.000490360507042206,0.0259893366324678,-0.172192589601147,-0.815161481500136,-3.53615212974906,-0,-0,0,402.97555023872,0,0
83.84,100,99.9993713731189,100.006290139702,0.000286669227351559,0.0222124808599008,-0.207477556716564,-1.14704950381256,-2.34785345243868,-0,0,0,402.97446335666,0,0
83.86,100,99.9993731666324,100.006293224586,1.3854256200593e-05,0.0176370307893838,-0.250782741531474,-1.28550492535407,-0.655159691575818,-0,0,0,402.974174041983,0,0
83.88,100,99.9993749550288,100.006290556072,-0.000279904469367467,0.0121832358485457,-0.293835957581695,-1.19418559795321,-5.18500869462728,-0,0,0,402.974065637366,0,0
83.9,100,99.9993767383228,100.006281582716,-0.00063983177224472,0.00583806278174855,-0.343576572664472,-1.67839959740964,-1.18843482907355,-0,-0,0,402.973915017246,0,0
83.92,100,99.9993785165289,100.00626451502,-0.00106762070644013,-0.00160045800805855,-0.399551332195774,-1.6015065734847,1.45806874856558,-0,0,0,402.972908551885,0,0
83.94,100,99.9993802896617,100.006239107643,-0.00146130541225102,-0.0100727158547505,-0.444917278216275,-1.20276899777352,-1.65993189102538,-0,0,0,402.973404528261,0,0
83.96,100,99.9993820577357,100.006206172374,-0.00183806606904075,-0.019345669056115,-0.482465893903698,-1.24552498320406,-1.25382106092792,-0,0,0,402.973187011761,0,0
83.98,100,99.9993838207652,100.006165392664,-0.00224375608017229,-0.0293671790628128,-0.519406404920764,-1.23154326589039,4.09184666287199,-0,-0,0,402.973024649814,0,0
84,100,99.9993855787647,100.006116809541,-0.00259215771940304,-0.0400231342142451,-0.541704922827995,-0.553909078739009,6.5982700533909,-0,-0,0,402.972652337204,0,0
84.02,100,99.9993873317485,100.006062792906,-0.00277785222606004,-0.0508278374928028,-0.532946757329475,0.347631928571389,2.52572373974654,-0,0,0,402.973470857133,0,0
84.04,100,99.9993890797309,100.006006461568,-0.00284792447858705,-0.0611926711710315,-0.501805191517708,0.622279489645086,0.142016723463648,-0,0,0,402.974084490458,0,0
84.06,100,99.9993908227262,100.005948905748,-0.0029131636676303,-0.0708753816113992,-0.466890694642409,0.562645647870375,1.43518434538972,-0,-0,0,402.974047238994,0,0
84.08,100,99.9993925607486,100.00588985915,-0.00299000304176254,-0.07986298351404,-0.431223026419708,0.671510953777741,0.519795607609804,-0,-0,0,402.973937163089,0,0
84.1,100,99.9993942938123,100.005829267535,-0.00307242704607919,-0.0881157038746153,-0.394238348411457,0.651236398586789,0.173568212097402,-0,0,0,402.973487600414,0,0
84.12,100,99.9993960219315,100.005766804372,-0.00317846635477192,-0.0956454634847035,-0.359185632653319,0.590365176276918,3.94356394076963,-0,0,0,402.973118017756,0,0
84.14,100,99.9993977451203,100.005702344034,-0.00325279376130639,-0.102437967504453,-0.317476973188518,1.00796366470318,-1.12166117117375,-0,-0,0,402.973804134577,0,0
84.16,100,99.9993994633927,100.005636731751,-0.00332048459573179,-0.108332543285147,-0.273809602078026,0.737417230241909,5.7213651780085,-0,-0,0,402.97310546105,0,0
84.18,100,99.9994011767627,100.005569776324,-0.00335147203478772,-0.113345938123903,-0.223697612817462,1.35558006345391,3.04051472880417,-0,0,0,402.973465564704,0,0
84.2,100,99.9994028852444,100.005503291054,-0.00328925918834901,-0.117183354425222,-0.158930777209296,1.5575657008706,4.86013980888851,-0,0,0,402.973850035084,0,0
84.22,100,99.9994045888517,100.005438695011,-0.00315393061937529,-0.119632852111752,-0.0836699242717223,1.95942877671498,-0.775288527066404,-0,-0,0,402.974838188081,0,0
84.24,100,99.9994062875984,100.005377186079,-0.00300990829143644,-0.120536890157292,-0.00924032996060299,1.60392549198481,-1.22211489857477,-0,-0,0,402.974457553606,0,0
84.26,100,99.9994079814986,100.005317779917,-0.00294368671030339,-0.120103400610873,0.0500618950096615,1.23903788019225,-3.71865410527646,-0,0,0,402.973891925714,0,0
84.28,100,99.9994096705659,100.00525870713,-0.00298687155112824,-0.118669631204642,0.0891586847042602,0.610613905455151,5.79650930881869,-0,-0,0,402.972833083132,0,0
84.3,100,99.9994113548142,100.005198413542,-0.00301526253761348,-0.116534890221447,0.128277103431293,1.25133823145171,-0.572309020407111,-0,-0,0,402.973074691792,0,0
84.32,100,99.9994130342573,100.005138477829,-0.00298545339063648,-0.113497323051462,0.17378675073251,1.0127994199412,-1.48891557434005,-0,-0,0,402.972514647096,0,0
84.34,100,99.9994147089087,100.005078644626,-0.00300815872110836,-0.109661728092244,0.207578854708574,0.690987691855089,3.84839049171254,-0,-0,0,402.971661250165,0,0
84.36,100,99.9994163787823,100.005018321315,-0.00300621299088617,-0.105188114573966,0.242110520738704,1.07675599011115,0.7243338818145,-0,-0,0,402.971456048941,0,0
84.38,100,99.9994180438917,100.004958762409,-0.00294879950555539,-0.0999431288675679,0.281874331265995,1.02202341931915,-6.75465718999423,-0,0,0,402.971195215464,0,0
84.4,100,99.9994197042503,100.004899648916,-0.0029983531981087,-0.0940556526035592,0.300498708150801,0.041711681360679,2.14683227057484,-0,0,0,402.969800919549,0,0
84.42,100,99.9994213598719,100.004838403491,-0.0031130287124894,-0.0880128326175994,0.305393193161148,0.302232739104802,1.63071633908614,-0,0,0,402.970566698924,0,0
84.44,100,99.9994230107698,100.004775576381,-0.00316030274596569,-0.0817891150919087,0.317928161280702,0.463623730548558,-3.73423176507849,-0,0,0,402.971170943305,0,0
84.46,100,99.9994246569577,100.004711802762,-0.00323506118904846,-0.0753490724088728,0.322629039141521,-0.0656027419027592,2.74826301494999,-0,-0,0,402.970839120885,0,0
84.48,100,99.9994262984488,100.004646167935,-0.00331173311247543,-0.0689050580455706,0.323957695602958,0.283499278775082,-0.764578236745925,-0,-0,0,402.971450344066,0,0
84.5,100,99.9994279352567,100.004579607029,-0.00334681424790137,-0.0623679308930595,0.32882389032311,0.14755757614732,1.33718529651549,-0,-0,0,402.971026039606,0,0
84.52,100,99.9994295673947,100.004512425372,-0.00336269987788099,-0.0557521633354617,0.333617718323009,0.292301413894617,-4.27538846585317,-0,0,0,402.971424890428,0,0
84.54,100,99.999431194876,100.004444856377,-0.00341413732963891,-0.0490836943867064,0.329519587989794,-0.282054247777206,-0.850853363826537,-0,-0,0,402.970929977871,0,0
84.56,100,99.9994328177141,100.00437546592,-0.00352525519212229,-0.0426523821437127,0.313157484503487,-0.35419972475225,-4.66880010374369,-0,-0,0,402.970217824722,0,0
84.58,100,99.9994344359221,100.004303445202,-0.00369594656428939,-0.0366368063077833,0.285006123585254,-0.891999659104486,4.46602510268175,-0,-0,0,402.969393708812,0,0
84.6,100,99.9994360495132,100.004227844861,-0.00383550786045664,-0.0312272213718221,0.260303025669196,-0.218687206810926,4.15517437680204,-0,-0,0,402.970389515447,0,0
84.62,100,99.9994376585007,100.004151067245,-0.00381860230696361,-0.02606888452022,0.258981905895654,0.325518154687193,-3.21270064623949,-0,0,0,402.970485015798,0,0
84.64,100,99.9994392628976,100.004075239874,-0.00377966020938623,-0.0208615124412554,0.258865197876171,-0.120364867499084,-2.62743025260144,-0,0,0,402.970026326486,0,0
84.66,100,99.9994408627171,100.003999362137,-0.00381863428445486,-0.0158115039608535,0.244147654879663,-0.43274504867961,-2.39100079638432,-0,0,0,402.970657050352,0,0
84.68,100,99.9994424579721,100.003922124477,-0.00391320388200232,-0.01116517831517,0.218981281158395,-0.675147522290598,0.579548716230797,-0,-0,0,402.970522329675,0,0
84.7,100,99.9994440486758,100.00384283405,-0.00400822853482288,-0.00705880594238407,0.192736194323017,-0.514976807331231,-1.33473079106949,-0,-0,0,402.97070520811,0,0
84.72,100,99.9994456348412,100.003761883961,-0.00408965995809678,-0.00344703001516182,0.167856593031229,-0.614814476063795,-0.773623073489543,-0,-0,0,402.970366109693,0,0
84.74,100,99.9994472164811,100.003679195187,-0.00417905803869644,-0.000356719473134924,0.141130961213474,-0.631580478587158,7.51610060297402,-0,-0,0,402.969845548271,0,0
84.76,100,99.9994487936084,100.003595574235,-0.00414177612913245,0.00233308283780722,0.134376646521834,0.387867167809857,-1.32944535700509,-0,0,0,402.970757280416,0,0
84.78,100,99.9994503662361,100.003514170509,-0.00400609762322392,0.00511431150429172,0.142305415642746,0.169841570666583,-0.501055201280149,-0,-0,0,402.970801119013,0,0
84.8,100,99.9994519343771,100.003435136365,-0.00389967626347144,0.00798542996917064,0.144224470894661,0.0830703606125823,-5.25250974411825,-0,0,0,402.970329268026,0,0
84.82,100,99.999453498044,100.003357610879,-0.00387844269104869,0.0107836456950483,0.131347763909325,-0.584171024007946,0.651664875568817,-0,0,0,402.969450743442,0,0
84.84,100,99.9994550572496,100.003279641977,-0.00391165039707557,0.013179426555033,0.10929468023543,-0.426223790674065,0.469271912788776,-0,-0,0,402.969756278669,0,0
84.86,100,99.9994566120068,100.00320137923,-0.00390966623237972,0.0151919625319064,0.0927257818069442,-0.312444963563121,-4.21648535154652,-0,0,0,402.969551664762,0,0
84.88,100,99.9994581623281,100.003122960699,-0.00395115319166911,0.0168400465891326,0.0690461202848928,-0.796840235057419,-6.06394760885444,-0,0,0,402.96935107171,0,0
84.9,100,99.9994597082263,100.003042427547,-0.0041282758048938,0.0178114694032452,0.0240670763500127,-1.4477496596498,3.53776045860319,-0,0,0,402.968337146872,0,0
84.92,100,99.9994612497139,100.002957823955,-0.00430773373382796,0.017812191502024,-0.0197992835526107,-0.814126142701432,4.38436091181462,-0,-0,0,402.96921405023,0,0
84.94,100,99.9994627868035,100.002871111581,-0.00433825273327528,0.0171889676627003,-0.0382723662409998,-0.159882444275993,-2.01977140721177,-0,0,0,402.969317798423,0,0
84.96,100,99.9994643195077,100.002784583532,-0.00432427618410096,0.0163335011815628,-0.048706005493338,-0.389668005480488,7.57258061224905,-0,-0,0,402.969244261675,0,0
84.98,100,99.9994658478391,100.00269875449,-0.00421963942510644,0.0153455928808656,-0.0437129483107296,0.607373697095022,3.19895165774782,-0,-0,0,402.970848067812,0,0
85,100,99.99946737181,100.002616814917,-0.00396171939580356,0.014748480458907,-0.0140543381678317,0.925343916748308,-0.945957796906204,-0,-0,0,402.970788887753,0,0
85.02,100,99.9994688914329,100.00254033934,-0.0036951042037101,0.0147867805361382,0.0162429114984211,0.684150865835996,4.02469542651159,-0,-0,0,402.970183322519,0,0
85.04,100,99.9994704067202,100.002469176625,-0.00340436067129193,0.0154188016624891,0.0494752161271438,1.09464879161353,0.453704426260699,-0,-0,0,402.970526360037,0,0
85.06,100,99.9994719176843,100.002404437107,-0.00307221156204581,0.0167996325114257,0.0879010642670797,1.00503582191494,-5.55850865084404,-0,0,0,402.970285147484,0,0
85.08,100,99.9994734243375,100.002345581846,-0.00284512819872172,0.0188094198825381,0.107704835935573,0.177773510467807,-1.04898470414187,-0,0,0,402.969432444128,0,0
85.1,100,99.9994749266922,100.002289902983,-0.00272814593119042,0.0209830742130815,0.108650857991439,0.0229536294016139,0.290315537646033,-0,0,0,402.969701247943,0,0
85.12,100,99.9994764247605,100.002236392233,-0.00262094722719859,0.0231400651895487,0.107245257047754,0.055479816608658,0.870197231212114,-0,0,0,402.970057286502,0,0
85.14,100,99.9994779185547,100.00218520028,-0.00249354529474534,0.0252896717502834,0.108340899933575,0.15620638226879,0.279157637788827,-0,-0,0,402.970669036808,0,0
85.16,100,99.9994794080871,100.002136767815,-0.0023484556720768,0.0274869572042463,0.111441280180523,0.168610596785857,-3.17367664316662,-0,0,0,402.970286949134,0,0
85.18,100,99.9994808933697,100.002090957538,-0.00224851823257671,0.0296925142523961,0.106431964765533,-0.250507602086662,0.233374811091207,-0,0,0,402.969858827656,0,0
85.2,100,99.9994823744147,100.002046577467,-0.00218655574311313,0.0317011463400599,0.0948521252488416,-0.188239052332743,3.10367992151063,-0,-0,0,402.97063615921,0,0
85.22,100,99.9994838512342,100.002003898002,-0.00206463307524026,0.033549302777414,0.0925830364556365,0.221989951009976,-0.945615730361897,-0,0,0,402.97058711439,0,0
85.24,100,99.9994853238403,100.001964209007,-0.00190948929090648,0.0354348695075514,0.0950119904071635,0.0751538355821056,3.50036511924014,-0,-0,0,402.971568498948,0,0
85.26,100,99.9994867922449,100.00192777822,-0.00171608171349575,0.0373870926284066,0.102891584734643,0.500244326887256,3.33719718716631,-0,-0,0,402.971886064831,0,0
85.28,100,99.99948825646,100.001896209825,-0.00142597327779019,0.0396467988553197,0.125221831085978,0.848793524681673,6.84759014311775,-0,-0,0,402.972431126085,0,0
85.3,100,99.9994897164976,100.001871659939,-0.000998230814342534,0.042532476876596,0.16792367700868,1.58867729514596,1.48095005416576,-0,0,0,402.973661794516,0,0
85.32,100,99.9994911723697,100.001856897786,-0.000477022442140752,0.0464441064641234,0.222857143533532,1.56089516302691,3.8817075418958,-0,-0,0,402.974155314924,0,0
85.34,100,99.9994926240881,100.001852873438,8.79918146984193e-05,0.0514712256762348,0.281387499149578,1.83531874173279,-1.26055960588317,-0,0,0,402.974857329652,0,0
85.36,100,99.9994940716646,100.001860408867,0.000652518860258573,0.0576708602768032,0.335774560765845,1.43180285242752,0.25237798776247,-0,0,0,402.974945277762,0,0
85.38,100,99.9994955151111,100.001878653492,0.00116868031115901,0.0648226483577577,0.378181768318138,1.27003452044852,-2.5855176469035,-0,0,0,402.975363350104,0,0
85.4,100,99.9994969544393,100.001906755967,0.0016252465219633,0.0727056232062712,0.406807158210674,0.776266526491888,2.44870652332228,-0,-0,0,402.975944848565,0,0
85.42,100,99.999498389661,100.001943575543,0.00206781745550363,0.0810546608024867,0.429227789119086,0.973531672218629,-4.24521647662154,-0,0,0,402.975956726502,0,0
85.44,100,99.999499820788,100.0019892112,0.00247281019799585,0.0898060974409821,0.441571933775511,0.310793595762844,-2.16379641032729,-0,0,0,402.975710570288,0,0
85.46,100,99.9995012478318,100.002041847436,0.00278135238126585,0.0985908003613579,0.434838602446811,-0.00457031571766635,-2.40629514829826,-0,0,0,402.975831350789,0,0
85.48,100,99.9995026708042,100.002100089944,0.00303360164115425,0.107119386841278,0.416074992693896,-0.308310319374352,-6.75239063517221,-0,0,0,402.975904636942,0,0
85.5,100,99.9995040897168,100.002162399805,0.0031677147890548,0.115090551463436,0.375961262994283,-1.11317902744702,3.55151443646977,-0,-0,0,402.975512094896,0,0
85.52,100,99.9995055045812,100.002226736289,0.00329087185662565,0.122139625463381,0.3327840254879,-0.52724642337288,2.20926587751049,-0,-0,0,402.975930764219,0,0
85.54,100,99.9995069154088,100.002294831604,0.00353385214057888,0.128522064921145,0.307677767160538,-0.18609971980093,-4.78933779614205,-0,0,0,402.976137449028,0,0
85.56,100,99.9995083222112,100.002367944774,0.00375609474774221,0.134413934254528,0.277878637511756,-0.761560432505317,-2.33996759434588,-0,0,0,402.976043123707,0,0
85.58,100,99.999509725,100.002444521101,0.00389476912499949,0.139543499593122,0.233942014402735,-0.955175784793175,-2.66074906610945,-0,0,0,402.97618966908,0,0
85.6,100,99.9995111237865,100.002523443255,0.00398963098589994,0.143724793304382,0.18299067200538,-1.16284664899297,-0.55173138321762,-0,-0,0,402.976170899243,0,0
85.62,100,99.9995125185821,100.002604021383,0.00407141772879111,0.146854083660299,0.130614116132774,-1.07984174090956,-1.94676554701239,-0,-0,0,402.976251621443,0,0
85.64,100,99.9995139093983,100.002686270651,0.00414903526863434,0.148952021802502,0.0786819378350714,-1.18109017120005,-0.043841287039813,-0,-0,0,402.976273024273,0,0
85.66,100,99.9995152962465,100.002770000465,0.00422901684722969,0.150014840681998,0.028710198127852,-1.03126042344793,0.0782630954826657,-0,-0,0,402.976513035857,0,0
85.68,100,99.9995166791379,100.002855624799,0.00433802057662468,0.150144061840977,-0.01472111246437,-0.885951715519369,2.82929246782522,-0,-0,0,402.976534477109,0,0
85.7,100,99.9995180580838,100.00294396701,0.00451350633519376,0.149511187860798,-0.0454589998751306,-0.416338430879676,1.77946310780577,-0,-0,0,402.977124162565,0,0
85.72,100,99.9995194330954,100.00303670016,0.00476945581587822,0.148423618074346,-0.0614762294225974,-0.140734933303158,-1.76711928016827,-0,-0,0,402.976775448581,0,0
85.74,100,99.9995208041841,100.00313473958,0.00502512362684888,0.147061426077078,-0.075985215773476,-0.343392951208554,-4.08871097005741,-0,0,0,402.976144241653,0,0
85.76,100,99.999522171361,100.003237110819,0.00519199483918949,0.145300451558772,-0.102982172774278,-0.807024272752776,-2.48683989191266,-0,0,0,402.976204565996,0,0
85.78,100,99.9995235346372,100.003341823462,0.00526917463425759,0.142862739054925,-0.141946038419001,-1.00978291701312,-9.08267667507995,-0,0,0,402.976020677653,0,0
85.8,100,99.9995248940239,100.003446813,0.00518759542905632,0.139472117088106,-0.203276924887397,-2.00657242434791,-1.67092689467557,-0,0,0,402.975556937163,0,0
85.82,100,99.9995262495321,100.003548485324,0.00497849970250002,0.134626618367563,-0.280609467101367,-1.94677512580138,0.0225586000906573,-0,-0,0,402.975899584244,0,0
85.84,100,99.9995276011731,100.003646064096,0.0047858032719651,0.128301142919225,-0.34999162439535,-1.6842119309884,-0.521977009193201,-0,0,0,402.975607245794,0,0
85.86,100,99.9995289489577,100.003740084893,0.00461835532154893,0.120691088947527,-0.409734393683054,-1.52243391058726,-2.52562803971776,-0,0,0,402.97614896131,0,0
85.88,100,99.999530292897,100.003830652998,0.00442940776864042,0.111927078855743,-0.467121992172735,-1.63181138371802,3.481821741517,-0,-0,0,402.976015353254,0,0
85.9,100,99.9995316330019,100.003917517692,0.00427802892318759,0.102089051608736,-0.512277293764117,-0.977114526083143,-6.34460038354557,-0,0,0,402.976768037497,0,0
85.92,100,99.9995329692835,100.004001539103,0.00409291295788995,0.0914381512157824,-0.556797369288721,-1.63355466956521,1.03301768933213,-0,-0,0,402.976309889935,0,0
85.94,100,99.9995343017525,100.004080798592,0.00384124641367323,0.0797918579867219,-0.605358647521743,-1.28418759902435,-1.56443297389472,-0,0,0,402.975758160001,0,0
85.96,100,99.9995356304199,100.004155212919,0.00359360648979999,0.0672735283843315,-0.646378804518709,-1.30350240455019,-1.49872049249931,-0,0,0,402.975537288353,0,0
85.98,100,99.9995369552966,100.004224283881,0.00330709220777853,0.0539421670365217,-0.686587383477608,-1.31169867504991,3.04474416766097,-0,0,0,402.97523543339,0,0
86,100,99.9995382763933,100.004287702561,0.00305078361894652,0.0398918148867354,-0.714677357909641,-0.752094052501749,6.15303329626743,-0,-0,0,402.975461871709,0,0
86.02,100,99.9995395937208,100.0043472183,0.0029295370776874,0.0255462203829168,-0.71419283992677,0.121275011538149,-0.0923771125186143,-0,-0,0,402.97629238892,0,0
86.04,100,99.9995409072899,100.004405312902,0.002873618778555,0.0114320729890926,-0.697314896109658,0.0996546139931564,3.23881119794277,-0,0,0,402.975826337021,0,0
86.06,100,99.9995422171113,100.004462258614,0.0028315367107265,-0.00229491841502208,-0.672824764835561,0.496689364278933,1.3421084059773,-0,0,0,402.976269586075,0,0
86.08,100,99.9995435231956,100.004518771043,0.00281926426980625,-0.0154174708705171,-0.638758210891126,0.604303787628416,-0.808807897771547,-0,0,0,402.976365150293,0,0
86.1,100,99.9995448255537,100.004574788015,0.00277114089899651,-0.0278558107609618,-0.606208395373121,0.429911848719165,1.22719892104959,-0,0,0,402.976644028622,0,0
86.12,100,99.999546124196,100.004629396287,0.00268960719785159,-0.0396743650277636,-0.575012391835639,0.531602107298283,-1.51533034495667,-0,0,0,402.976738327047,0,0
86.14,100,99.9995474191332,100.004682084929,0.00256537397144632,-0.0508779886396775,-0.54698297988248,0.278076652469095,5.26425073796017,-0,-0,0,402.976734450977,0,0
86.16,100,99.9995487103759,100.004732179652,0.00246534578188972,-0.0615027727034899,-0.511536361019613,0.902576821955882,9.38040976542638,-0,-0,0,402.977265605544,0,0
86.18,100,99.9995499979346,100.004781917161,0.00254753729135525,-0.0711257018971746,-0.444154785941389,1.95706051497621,0.483848718651389,-0,-0,0,402.978425444279,0,0
86.2,100,99.9995512818198,100.004834645603,0.00271580539542461,-0.0791718570789246,-0.361922238807812,1.76086982253265,1.01850621582031,-0,-0,0,402.97757594471,0,0
86.22,100,99.999552562042,100.004890256075,0.00283997835430979,-0.0856486665794857,-0.286616119975429,1.65732550320655,5.37776879552431,-0,-0,0,402.977317162328,0,0
86.24,100,99.9995538386116,100.004948502272,0.00300211922463511,-0.0905974049201196,-0.205582218011793,2.11030399642175,3.53716288798421,-0,-0,0,402.977710276791,0,0
86.26,100,99.9995551115391,100.005010820828,0.0032365814641579,-0.0938042526267985,-0.114329151066725,2.27313344251039,-0.321991458245505,-0,0,0,402.977996638414,0,0
86.28,100,99.9995563808348,100.005077842405,0.00345315831772964,-0.0952065107394409,-0.0283416488639794,1.93246595801294,6.17290886409988,-0,-0,0,402.977794442295,0,0
86.3,100,99.9995576465092,100.005149160724,0.00370077117142598,-0.0949226715201269,0.0597291450637556,2.44598218636373,-1.29190322328734,-0,-0,0,402.978610249711,0,0
86.32,100,99.9995589085725,100.005225956142,0.00396195705248893,-0.0928302282072679,0.146106386102808,1.95874023621123,1.41251714736687,-0,-0,0,402.977526123611,0,0
86.34,100,99.9995601670351,100.005307302414,0.00417221415656119,-0.0891611184765838,0.219996084321318,1.87327241556492,-0.550836017302486,-0,-0,0,402.977418046484,0,0
86.36,100,99.9995614219072,100.005392644065,0.00435266766330882,-0.0840935535393019,0.284477247140113,1.55425120041439,3.54608747904706,-0,-0,0,402.977469744865,0,0
86.38,100,99.999562673199,100.005481496426,0.00454557968089669,-0.0778000795238395,0.346123247184954,1.7876722975858,-0.630544890662406,-0,0,0,402.978120732941,0,0
86.4,100,99.9995639209208,100.00557454587,0.00475093270513411,-0.0702719090384809,0.404413489066814,1.46872013413814,1.27456085794856,-0,-0,0,402.97812255687,0,0
86.42,100,99.9995651650829,100.005671429464,0.00494033641881321,-0.0616774681197455,0.454556887225241,1.429138902303,1.23129778929631,-0,-0,0,402.978504724713,0,0
86.44,100,99.9995664056952,100.005772280919,0.00514797842644557,-0.0521087778493344,0.501832190137317,1.38821535593551,-1.0716134642977,-0,0,0,402.978397438048,0,0
86.46,100,99.999567642768,100.00587724938,0.00534109994159919,-0.0416605691981453,0.54072871715187,1.06599270071518,-2.01751314108828,-0,-0,0,402.978604601557,0,0
86.48,100,99.9995688763113,100.005985552119,0.00547840331807996,-0.0305795038484354,0.564674220211145,0.667664665148099,4.94825383088051,-0,-0,0,402.978291264385,0,0
86.5,100,99.9995701063353,100.006096707996,0.00566302565517361,-0.0190596650878912,0.590493047227687,1.19056755784604,-6.27692051202844,-0,0,0,402.979183221801,0,0
86.52,100,99.9995713328499,100.006211909575,0.00582483657480861,-0.00702721017631321,0.606558272948233,0.244006384703309,-3.91498480588159,-0,0,0,402.97820615004,0,0
86.54,100,99.9995725558652,100.00632874278,0.00584241235828633,0.0050120853096096,0.593961577825746,-0.281818370245915,-6.78754580532293,-0,-0,0,402.978187092107,0,0
86.56,100,99.9995737753911,100.00644471534,0.00572673197229268,0.0165578485563816,0.55544049036127,-1.09687594919498,0.151254561533354,-0,-0,0,402.977019689287,0,0
86.58,100,99.9995749914377,100.006557468526,0.00555841475102955,0.0271526795957698,0.505142918230565,-0.938525631842181,-5.42016089981891,-0,0,0,402.976752638928,0,0
86.6,100,99.9995762040148,100.006666850783,0.00536078721069231,0.0367131128159888,0.447456539198535,-1.49496871497764,-1.84276030860684,-0,0,0,402.975939466002,0,0
86.62,100,99.9995774131323,100.006771549123,0.00510996433669712,0.0449830284821958,0.379470252679694,-1.52999764508143,-0.99628871572894,-0,0,0,402.976412834646,0,0
86.64,100,99.9995786188002,100.006871365076,0.00487638243371816,0.0519041378149824,0.313289086391821,-1.4541621919972,-4.04863867991238,-0,-0,0,402.977059181689,0,0
86.66,100,99.9995798210281,100.006966463695,0.0046221392860883,0.0574890472508389,0.243369031259388,-1.76935407162516,-7.07487615769359,-0,0,0,402.976491791627,0,0
86.68,100,99.9995810198261,100.007055506639,0.00425672682899477,0.0615222947340955,0.156052884570667,-2.41835113431826,-1.32624764816754,-0,0,0,402.9761834347,0,0
86.7,100,99.9995822152038,100.007136352817,0.00383339705577495,0.0636824206781645,0.0612365606522505,-2.26388991875952,-1.02726277898827,-0,-0,0,402.976559989675,0,0
86.72,100,99.9995834071711,100.007209064167,0.00344327685477442,0.0640250079462485,-0.0256060392359672,-2.0926181482339,2.25956978498416,-0,-0,0,402.976335127622,0,0
86.74,100,99.9995845957375,100.007274612865,0.00313204198137279,0.0627640058245129,-0.0966799443076825,-1.53360581069928,-7.01330321866774,-0,0,0,402.976495233375,0,0
86.76,100,99.9995857809129,100.007334150698,0.00279296505422854,0.0601473895770777,-0.169024314659245,-2.20428490089405,3.2041477516959,-0,-0,0,402.975176645929,0,0
86.78,100,99.999586962707,100.007386280566,0.0024446765750122,0.0560225461274238,-0.23876998541686,-1.5109161293866,-1.0056656867233,-0,-0,0,402.975716488801,0,0
86.8,100,99.9995881411293,100.00743241651,0.00216887466080152,0.0507016858534967,-0.292621572841465,-1.43521591639858,-3.16650057706596,-0,0,0,402.974539192895,0,0
86.82,100,99.9995893161894,100.007472798612,0.00185787821331234,0.0443087638241984,-0.347742007283139,-1.6372034278146,-0.681135293864518,-0,-0,0,402.973911592701,0,0
86.84,100,99.9995904878971,100.007506539569,0.00151765942403061,0.0367940816982862,-0.402636889389155,-1.50275674460208,-0.714762279739155,-0,-0,0,402.973050059028,0,0
86.86,100,99.9995916562618,100.00753353951,0.00118264164169273,0.0282439322235753,-0.451435736377961,-1.38936218429215,-0.160481454713709,-0,0,0,402.97247630147,0,0
86.88,100,99.999592821293,100.007553897633,0.000855415325231227,0.018781475522408,-0.493530518837779,-1.2209463276301,-0.403975125243468,-0,0,0,402.97230506359,0,0
86.9,100,99.9995939830004,100.007567800422,0.00053489576480416,0.00854685816567811,-0.528996144254306,-1.10384859826081,-2.7331254747933,-0,0,0,402.972773130011,0,0
86.92,100,99.9995951413933,100.007575041292,0.000176890042610497,-0.00238133928957351,-0.564838235504511,-1.292343593333,4.44094363793705,-0,-0,0,402.972826888648,0,0
86.94,100,99.9995962964813,100.007575132324,-0.000143786727618274,-0.0139656206113768,-0.588758344123251,-0.562227368065668,-4.02887768948422,-0,0,0,402.973042458263,0,0
86.96,100,99.9995974482737,100.007569311212,-0.000459923818444371,-0.0258916094069488,-0.606399662466332,-0.984064812773778,1.06694792211491,-0,0,0,402.97243867255,0,0
86.98,100,99.99959859678,100.007556432324,-0.000822342573419881,-0.0382319382306048,-0.625759696747283,-0.714688387741693,-2.4505260214578,-0,0,0,402.972336618647,0,0
87,100,99.9995997420095,100.007536255335,-0.00120855578920463,-0.0509099698117415,-0.643207898199306,-0.919398086492451,0.934831149722791,-0,-0,0,402.971654334779,0,0
87.02,100,99.9996008839716,100.007507926993,-0.00161979411965687,-0.0639471750544032,-0.658810069475385,-0.675686116041037,-1.15652276889789,-0,0,0,402.970686743963,0,0
87.04,100,99.9996020226756,100.007471405222,-0.0020394520324451,-0.0772332264423348,-0.669975303435074,-0.724195360110983,-1.74617826777252,-0,0,0,402.969860693216,0,0
87.06,100,99.9996031581309,100.007426010848,-0.00250974373385816,-0.0907619848165936,-0.683494551938112,-0.83879956782727,6.45476035123924,-0,-0,0,402.969509864188,0,0
87.08,100,99.9996042903466,100.007371475279,-0.0029123218628145,-0.104459748069587,-0.680291396818806,0.0834906169210949,-1.88932227847945,-0,0,0,402.969672307544,0,0
87.1,100,99.999605419332,100.007309837859,-0.00326558148180095,-0.117888969599694,-0.664120158424332,-0.156067903598707,-0.670158353533943,-0,-0,0,402.969175323189,0,0
87.12,100,99.9996065450963,100.007240437028,-0.00368133834937482,-0.131059482623197,-0.653235298673742,-0.21285272392807,-0.963494766969607,-0,0,0,402.968147530075,0,0
87.14,100,99.9996076676488,100.007162289984,-0.00414121075684733,-0.144034164391862,-0.644710082802613,-0.297632347094568,-0.0528985519751946,-0,-0,0,402.967840165483,0,0
87.16,100,99.9996087869985,100.007074578734,-0.00463274701494548,-0.156850380484013,-0.63659570669251,-0.25858543865167,-0.661485618855642,-0,-0,0,402.966953950557,0,0
87.18,100,99.9996099031547,100.006976803605,-0.00515068471267584,-0.169496081957542,-0.628179604942039,-0.300617200354179,4.81462275027968,-0,-0,0,402.965943997817,0,0
87.2,100,99.9996110161264,100.006868882287,-0.00561980807600109,-0.181894937743052,-0.607545629198205,0.345799203777577,-0.250588076819422,-0,0,0,402.965855378352,0,0
87.22,100,99.9996121259227,100.006752301428,-0.00604459465957175,-0.193727264829251,-0.576153120400127,0.275400701988304,4.27502992354464,-0,-0,0,402.965449790878,0,0
87.24,100,99.9996132325527,100.006627321859,-0.00643658442284911,-0.204884062018474,-0.536358650726456,0.777697146209671,4.43401087318552,-0,-0,0,402.96524304402,0,0
87.26,100,99.9996143360254,100.006495484796,-0.00673154312611862,-0.215062144910413,-0.478648146059401,1.23277562925472,4.19905025059351,-0,-0,0,402.965027985079,0,0
87.28,100,99.9996154363498,100.00635862567,-0.00694159431020529,-0.223930783044328,-0.406047021906881,1.59787152803938,4.06923351274093,-0,0,0,402.964938525816,0,0
87.3,100,99.9996165335349,100.006218295938,-0.00708034997638292,-0.23122668462906,-0.321836881257922,1.89827504998771,6.69022537663558,-0,-0,0,402.965276878874,0,0
87.32,100,99.9996176275897,100.006076105621,-0.00711538705403544,-0.236699078072479,-0.221931413661913,2.48425708245526,1.39060442379249,-0,0,0,402.965619067419,0,0
87.34,100,99.9996187185231,100.005934029086,-0.00709728742186323,-0.240063877581079,-0.115843386321742,2.3310298994828,6.20166541888146,-0,-0,0,402.965341635264,0,0
87.36,100,99.999619806344,100.005792536062,-0.00703165191152224,-0.24130298841165,-0.00543475240799135,2.79595626166298,0.299516437098491,-0,-0,0,402.965063595911,0,0
87.38,100,99.9996208910613,100.005652945263,-0.00693774974876635,-0.240282312929739,0.105011020465642,2.46279156807494,8.41306143399325,-0,-0,0,402.964291490564,0,0
87.4,100,99.9996219726837,100.00551549183,-0.0067752158991248,-0.237062774462536,0.221169749548955,3.1845738701283,1.96117098492748,-0,-0,0,402.964932470913,0,0
87.42,100,99.9996230512203,100.005382518832,-0.00652431112979722,-0.231386897440026,0.344835959339693,3.00524681408627,-4.63096491665612,-0,0,0,402.964785205114,0,0
87.44,100,99.9996241266797,100.005253789736,-0.00638190362087224,-0.223437854298315,0.443436218608858,2.0268426119275,-1.82110459885059,-0,0,0,402.963797247432,0,0
87.46,100,99.9996251990707,100.005126305002,-0.00638067222624606,-0.213849842939772,0.511887675841144,1.5280852652033,-3.94199533644542,-0,0,0,402.963549820374,0,0
87.48,100,99.9996262684022,100.004997837932,-0.00648792077726156,-0.203126807500041,0.555737494813746,0.830609126683778,-5.24530937108898,-0,0,0,402.963122999956,0,0
87.5,100,99.9996273346828,100.004865851076,-0.0067356096665327,-0.191815422513587,0.570366405697365,0.0635243344063373,-0.309206071271596,-0,0,0,402.963050229892,0,0
87.52,100,99.9996283979212,100.004727998637,-0.00704636705559729,-0.180417619378956,0.569013410305025,0.0125580513694858,-4.11300101866027,-0,0,0,402.963037487292,0,0
87.54,100,99.9996294581261,100.004583741131,-0.00739483559818107,-0.169132352675834,0.556164319223296,-0.504908240684904,7.29431523511179,-0,-0,0,402.963185175104,0,0
87.56,100,99.9996305153062,100.004432800845,-0.00765570976261921,-0.158107539341082,0.552477257616834,0.467644773740064,-2.9636403925773,-0,0,0,402.964366315287,0,0
87.58,100,99.9996315694701,100.004278106948,-0.00782581540242898,-0.146974328438776,0.557962312630352,0.0322475615651446,1.25612217702134,-0,-0,0,402.964062276612,0,0
87.6,100,99.9996326206264,100.004119755189,-0.00799856730472283,-0.135826631545244,0.557672113097498,0.179273411335116,-0.583824546623583,-0,-0,0,402.963393321045,0,0
87.62,100,99.9996336687837,100.003958392016,-0.00813685219599775,-0.124665975347208,0.557664342023081,0.0774472891999534,1.63412108397645,-0,-0,0,402.96253231473,0,0
87.64,100,99.9996347139505,100.003794552869,-0.00823467241353137,-0.113510746636822,0.558989603440178,0.266985542053897,1.3541042756565,-0,-0,0,402.963026071829,0,0
87.66,100,99.9996357561354,100.003629452656,-0.00826529012427533,-0.102269478204773,0.565864089926876,0.396259786187799,1.8207968583864,-0,-0,0,402.963396218693,0,0
87.68,100,99.9996367953468,100.00346437862,-0.00823034560629724,-0.0908420093715903,0.577853843953711,0.566477167333289,-5.44343448089779,-0,0,0,402.963879531061,0,0
87.7,100,99.9996378315934,100.003299949827,-0.0082376490615779,-0.0792391976990681,0.577495875781971,-0.191480696490764,-6.04218875008943,-0,0,0,402.963457378612,0,0
87.72,100,99.9996388648834,100.003133877237,-0.00839427229826502,-0.0679345660420307,0.548292890423461,-0.924051718437837,-0.448645557261101,-0,0,0,402.962546674093,0,0
87.74,100,99.9996398952254,100.002963829595,-0.00860418548968016,-0.0573881730399077,0.506808197397295,-0.861092054209362,0.825295927926111,-0,-0,0,402.962978288148,0,0
87.76,100,99.9996409226278,100.002790078646,-0.00875896467520153,-0.0476240133745236,0.471015019477831,-0.648433059866942,-3.64794019308616,-0,0,0,402.962784333831,0,0
87.78,100,99.9996419470989,100.002613464127,-0.0089140728415974,-0.0385687889602056,0.432183987024683,-1.02092963668483,-4.6409870058297,-0,0,0,402.962263531759,0,0
87.8,100,99.9996429686471,100.002432979323,-0.00914953308207981,-0.0304385316178571,0.378100283278149,-1.46738111108992,1.29428206226718,-0,-0,0,402.961637421176,0,0
87.82,100,99.9996439872808,100.002247519108,-0.00938046976939368,-0.0234480670299837,0.323332401910258,-1.1142668082375,5.36677772879869,-0,-0,0,402.961787578377,0,0
87.84,100,99.9996450030083,100.002058775648,-0.00945968813140155,-0.0173495932337257,0.291784714695906,-0.299970921566117,3.91019251891269,-0,-0,0,402.962437536629,0,0
87.86,100,99.9996460158378,100.001870267101,-0.00936824706873445,-0.0116055568503858,0.28595913101933,0.225375646634632,0.642291771311467,-0,-0,0,402.963233321126,0,0
87.88,100,99.9996470257777,100.001684576261,-0.00919668059566579,-0.00584153565896271,0.290695283134579,0.273588778787381,4.86004413335966,-0,-0,0,402.96355199596,0,0
87.9,100,99.9996480328361,100.001502993015,-0.00893676802772803,0.000100604068138299,0.307050644201749,0.840218070912509,-1.086877008546,-0,-0,0,402.96382535413,0,0
87.92,100,99.9996490370214,100.001327439526,-0.0086257905075461,0.0064729947056807,0.328477870775175,0.590801479549915,-1.40002332020606,-0,-0,0,402.963799098292,0,0
87.94,100,99.9996500383416,100.001157666841,-0.00835898358536156,0.0131708766587454,0.339587707601635,0.334683104855308,-1.10019488505538,-0,-0,0,402.96334511067,0,0
87.96,100,99.999651036805,100.000992835757,-0.00812891076540012,0.0199974313693035,0.341827376985499,0.149610661065104,-0.274068797358888,-0,-0,0,402.962803410265,0,0
87.98,100,99.9996520324197,100.000832420996,-0.00791236904420058,0.0268115498818189,0.339181132679851,0.0928897313298642,-5.98460634889726,-0,0,0,402.963015637685,0,0
88,100,99.9996530251939,100.000675768002,-0.00778094896993468,0.0334557713719901,0.3203779380456,-0.668911519596388,-1.48987499237379,-0,-0,0,402.961894888681,0,0
88.02,100,99.9996540151356,100.000520591837,-0.00773894329550174,0.039520906804669,0.285566566021197,-0.76844159548239,-0.904100806325952,-0,-0,0,402.96190422441,0,0
88.04,100,99.9996550022529,100.000366182537,-0.00770120357318739,0.0448672829693297,0.249061295907572,-0.782241058163527,-2.20844755758809,-0,0,0,402.961404831417,0,0
88.06,100,99.999655986554,100.000212437356,-0.00767918931771813,0.0494620100667772,0.209399226665284,-0.955021631328715,-10.0844167438078,-0,0,0,402.961797777248,0,0
88.08,100,99.9996569680467,100.000057989329,-0.00781023456650243,0.0530777690106134,0.14510401348022,-2.08572256469027,-0.112340903353185,-0,-0,0,402.959680904968,0,0
88.1,100,99.9996579467392,99.9998993617779,-0.00804278488158261,0.0551692470229255,0.065951380264321,-1.82489022970248,-1.19455168583993,-0,-0,0,402.959101876638,0,0
88.12,100,99.9996589226394,99.9997365202274,-0.00823877736263822,0.0557695979963204,-0.00509864466044905,-1.73190475421614,1.75412168467422,-0,-0,0,402.959052489764,0,0
88.14,100,99.9996598957554,99.9995701968216,-0.00837728062681682,0.0550448530515583,-0.0643122884093704,-1.28355846114352,-0.569900298949064,-0,-0,0,402.959005163361,0,0
88.16,100,99.9996608660949,99.9994017910478,-0.00846107971415432,0.0532729430894355,-0.1120763362224,-1.18391908682027,-4.4117687742637,-0,0,0,402.95859357295,0,0
88.18,100,99.999661833666,99.9992314328265,-0.00859241941145874,0.0505290287782774,-0.164635999991908,-1.57572989232848,-1.49731104899376,-0,0,0,402.957805124531,0,0
88.2,100,99.9996627984766,99.999057716066,-0.00878095564801442,0.0466504342404202,-0.2228513147075,-1.55084417416401,4.4318609879666,-0,-0,0,402.958035195359,0,0
88.22,100,99.9996637605345,99.9988807229774,-0.00889113308831773,0.0417269334834554,-0.264466698800738,-0.790764751021781,-2.90460160764917,-0,0,0,402.958205360746,0,0
88.24,100,99.9996647198476,99.9987023309831,-0.00896108321032052,0.0361379650587975,-0.295914939930384,-1.04449272281353,-0.406727682911739,-0,-0,0,402.958245885472,0,0
88.26,100,99.9996656764237,99.998522034992,-0.00906814949460986,0.0298770355276616,-0.329443610788357,-0.953297941532688,2.03417199889218,-0,-0,0,402.958278164699,0,0
88.28,100,99.9996666302706,99.9983398565186,-0.00913786247205881,0.0230280077934194,-0.352886410305383,-0.570509649433774,8.29568256641411,-0,-0,0,402.957961217542,0,0
88.3,100,99.9996675813962,99.9981575962837,-0.00904707682220091,0.0159600419870089,-0.346754820134145,0.542843108247704,5.42687955981031,-0,0,0,402.958945565997,0,0
88.32,100,99.9996685298081,99.9979792191036,-0.00876887624207545,0.00937526943869838,-0.30790566336268,1.15150817243164,1.77181110959133,-0,-0,0,402.960103766402,0,0
88.34,100,99.9996694755141,99.9978072857765,-0.00842340920492714,0.00372441329130306,-0.256850609179942,1.22240129299614,4.16261463404215,-0,0,0,402.960036424568,0,0
88.36,100,99.999670418522,99.9976425713558,-0.00803497971528039,-0.00084777696355808,-0.198220017180208,1.58250317727997,2.45627624548344,-0,-0,0,402.961088458067,0,0
88.38,100,99.9996713588394,99.997486208288,-0.00759803553085478,-0.00415378368598863,-0.13194611154834,1.6800040054377,-4.02050645791761,-0,0,0,402.960785360541,0,0
88.4,100,99.999672296474,99.9973381196722,-0.00723965086077722,-0.0062167031861445,-0.0791251019856384,0.957547163679815,4.07271742313339,-0,-0,0,402.960316401836,0,0
88.42,100,99.9996732314335,99.9971963746944,-0.00691969366136844,-0.00736313657025028,-0.0332167753186039,1.33890901013323,3.55234676234262,-0,0,0,402.960633521634,0,0
88.44,100,99.9996741637255,99.9970618557891,-0.00652101189116078,-0.00746937397366489,0.0241160099201753,1.60553787085964,4.48532094652431,-0,-0,0,402.961778380198,0,0
88.46,100,99.9996750933576,99.996936059857,-0.00604360589855896,-0.00632769369936249,0.0920414162740047,1.95169703174793,-3.79506995737717,-0,-0,0,402.962470620684,0,0
88.48,100,99.9996760203374,99.9968198393665,-0.00560577283454335,-0.00385118700736587,0.150711540958844,1.21863613895398,-4.07137584479203,-0,-0,0,402.96174016411,0,0
88.5,100,99.9996769446725,99.9967107854782,-0.00532451458524296,-0.000485646099416603,0.181424538368117,0.547486799063734,-1.20479161163966,-0,0,0,402.960693360536,0,0
88.52,100,99.9996778663704,99.996606224975,-0.00513880224084513,0.00328920622840609,0.194560278887433,0.323868463820181,-1.70956216810885,-0,-0,0,402.961080265258,0,0
88.54,100,99.9996787854386,99.9965049135212,-0.00500103578845811,0.00723270578871478,0.198100171441691,0.0660685232025861,-1.52643581563939,-0,-0,0,402.960814966034,0,0
88.56,100,99.9996797018847,99.9964058790781,-0.00490899830723544,0.0111536178448803,0.192693497963843,-0.134998648716414,-3.37868834335375,-0,0,0,402.960383183007,0,0
88.58,100,99.999680615716,99.9963081187654,-0.00488190734116976,0.0148621232499453,0.175599948666151,-0.538906064386516,-3.45974498569236,-0,0,0,402.960671880403,0,0
88.6,100,99.9996815269402,99.9962100347452,-0.00494007569087697,0.0180818670370424,0.144140663867782,-0.900050585558569,-3.04767289080306,-0,0,0,402.960283622703,0,0
88.62,100,99.9996824355646,99.996110044171,-0.00506908015004511,0.0205523120023851,0.101349604899764,-1.16151869783958,1.89743834329216,-0,-0,0,402.960002425463,0,0
88.64,100,99.9996833415966,99.9960073920264,-0.00518078271184852,0.0221601112803466,0.0620366143722523,-0.772170212172179,1.10108846329563,-0,-0,0,402.959862208658,0,0
88.66,100,99.9996842450436,99.9959033025915,-0.00521884356689383,0.0231175380708731,0.0353171265493009,-0.532700446842386,-0.424954908964331,-0,0,0,402.960135111618,0,0
88.68,100,99.9996851459131,99.9957988278654,-0.00522821299461246,0.0236075943145402,0.0138661593832277,-0.51505985168206,1.12515042236096,-0,-0,0,402.960154440573,0,0
88.7,100,99.9996860442123,99.9956943446205,-0.0052122242084255,0.0237044940226897,-0.00278758785893096,-0.306248960023501,-1.2342072712864,-0,-0,0,402.960446490736,0,0
88.72,100,99.9996869399486,99.9955903903289,-0.00518815515211458,0.023508842454346,-0.0174546061173738,-0.419510735090869,-2.49562449254645,-0,0,0,402.960117835014,0,0
88.74,100,99.9996878331293,99.9954865000864,-0.00521165825311211,0.0229607852317075,-0.0389112326770302,-0.674526704327002,1.18635967604014,-0,-0,0,402.959839752397,0,0
88.76,100,99.9996887237617,99.9953818906808,-0.0052407363113595,0.021955516136006,-0.0600188016388125,-0.436627937016758,-1.35651574920281,-0,-0,0,402.959970939573,0,0
88.78,100,99.9996896118531,99.9952769263894,-0.00526105354429818,0.0205775619025139,-0.0784171315250928,-0.547359927448811,1.32494116248165,-0,-0,0,402.959550512735,0,0
88.8,100,99.9996904974107,99.995171516663,-0.00527156543205569,0.018839474771404,-0.0938057526086492,-0.309145577727355,1.06702196171504,-0,-0,0,402.959353407324,0,0
88.82,100,99.9996913804417,99.9950663469775,-0.00523952140966108,0.016879976507204,-0.100987278815285,-0.134085973113286,5.42353964035735,-0,-0,0,402.959463450337,0,0
88.84,100,99.9996922609534,99.9949625998253,-0.00510849029015324,0.0149144684831482,-0.0911317377297136,0.561191494794598,0.754425981431921,-0,0,0,402.960412486105,0,0
88.86,100,99.9996931389529,99.9948625331218,-0.00489781413887163,0.0133217455770261,-0.0680666088779236,0.582640807621425,-0.453042862088472,-0,0,0,402.961163640196,0,0
88.88,100,99.9996940144475,99.994766579658,-0.0047031123602132,0.012174404951978,-0.04757473168171,0.449966500066187,-5.29132901971991,-0,0,0,402.961355013001,0,0
88.9,100,99.9996948874442,99.9946737057731,-0.00461315110504809,0.011305485957178,-0.0439227002496543,-0.268663028373593,-4.24787528767243,-0,0,0,402.960689637854,0,0
88.92,100,99.9996957579502,99.9945810746251,-0.00467028631104481,0.0102644022339973,-0.0632740701891459,-0.761975971946697,0.197442227900941,-0,-0,0,402.960064474011,0,0
88.94,100,99.9996966259726,99.9944865807073,-0.00477519270887449,0.00873365893542721,-0.0889018550569233,-0.636093684474091,1.94022584201936,-0,-0,0,402.959587971392,0,0
88.96,100,99.9996974915184,99.9943903865443,-0.00483238664162863,0.00677057179879669,-0.105246678641714,-0.30888471867796,-0.538713713062286,-0,0,0,402.959743790682,0,0
88.98,100,99.9996983545948,99.9942934718597,-0.00486117318681033,0.00456321221467313,-0.115597320475552,-0.333313641967693,2.57436405350878,-0,-0,0,402.96003306161,0,0
89,100,99.9996992152088,99.994196175301,-0.00485509873359362,0.00219393420450563,-0.118963310126105,0.0322632300595285,-1.97147940482741,-0,0,0,402.959715032043,0,0
89.02,100,99.9997000733674,99.9940993035621,-0.00484292815571603,-0.000182288611663722,-0.1202236583178,-0.215377234507366,1.57010114335011,-0,-0,0,402.960192748105,0,0
89.04,100,99.9997009290776,99.9940024098875,-0.00483858724119295,-0.00261466848794676,-0.121551658879282,0.00983485784132144,-3.97986930032153,-0,-0,0,402.960035953996,0,0
89.06,100,99.9997017823464,99.9939054844932,-0.00487474380014606,-0.00508140488332758,-0.128261828405493,-0.48679183903927,-1.95080949869504,-0,0,0,402.959015013368,0,0
89.08,100,99.9997026331808,99.9938068432782,-0.00499777791418999,-0.00782764040647845,-0.147413246099227,-0.66366205611266,5.63574466640256,-0,-0,0,402.958861903189,0,0
89.1,100,99.9997034815877,99.9937060284658,-0.00505369981455344,-0.0108918607212984,-0.153896806223837,0.128433226515559,-1.42924193246056,-0,0,0,402.959443469726,0,0
89.12,100,99.999704327574,99.9936050961052,-0.00504835879080493,-0.0139104679589262,-0.149195459543395,-0.0649245647508932,-0.263164812739378,-0,0,0,402.959285642947,0,0
89.14,100,99.9997051711467,99.9935038802577,-0.0050752940064326,-0.01688600286528,-0.148481364058581,-0.0870861543190074,-1.22532735170415,-0,0,0,402.959430147879,0,0
89.16,100,99.9997060123126,99.9934019057739,-0.00512888202028193,-0.0198700111313231,-0.150781724207705,-0.226222062676699,1.16612464581201,-0,-0,0,402.959448013539,0,0
89.18,100,99.9997068510786,99.993298713839,-0.00518452827848966,-0.0229097799248599,-0.152037974950579,-0.0494017095209604,6.10323667806718,-0,-0,0,402.959306354498,0,0
89.2,100,99.9997076874516,99.9931952449529,-0.00513283218927254,-0.0258275467561854,-0.13485102931867,0.719647125657193,2.91998218846553,-0,-0,0,402.960023058845,0,0
89.22,100,99.9997085214383,99.9930941853232,-0.00496286004636682,-0.0281756354156183,-0.0983302726956349,0.989644816101773,-1.5261231089242,-0,-0,0,402.960317239852,0,0
89.24,100,99.9997093530456,99.992996665923,-0.00480190444588601,-0.0297740947320311,-0.0636683984689258,0.668888538405765,-2.2630976278319,-0,0,0,402.959756332578,0,0
89.26,100,99.9997101822803,99.9929015567686,-0.00472373145731913,-0.0308144249181458,-0.042791756666691,0.298977143139932,4.86714777060463,-0,-0,0,402.959427891563,0,0
89.28,100,99.9997110091492,99.9928078963368,-0.00461970917522975,-0.0314585862322397,-0.0180658466320092,0.866622549742533,-0.786005995748779,-0,0,0,402.959952891534,0,0
89.3,100,99.9997118336588,99.9927170433952,-0.00447353023415956,-0.031498703845109,0.0125973463818996,0.654331232936253,0.289429732584527,-0,-0,0,402.959967731404,0,0
89.32,100,99.9997126558162,99.9926287721201,-0.00435499260425525,-0.0309912737088016,0.037738160740754,0.603802072580267,1.12420902295094,-0,-0,0,402.959998470034,0,0
89.34,100,99.9997134756279,99.9925428814709,-0.00423093216366826,-0.0299909191568883,0.0625897307466014,0.663008693260279,7.63860453344,-0,-0,0,402.959571334231,0,0
89.36,100,99.9997142931006,99.9924603254314,-0.0039892240231795,-0.0283701958147977,0.104862648554355,1.52652450071966,6.77509190916083,-0,-0,0,402.960318936795,0,0
89.38,100,99.9997151082409,99.9923845656522,-0.00355930430147259,-0.0256123718334775,0.174778475017462,2.16745554447758,1.25129113336703,-0,-0,0,402.961054897697,0,0
89.4,100,99.9997159210557,99.992318434537,-0.00305628877503706,-0.021328175894231,0.252510232285008,2.03441969810702,-4.85358166563314,-0,0,0,402.961335643308,0,0
89.42,100,99.9997167315514,99.9922616134051,-0.00265748446388395,-0.0156551644742268,0.308958161826991,1.15764639909808,1.95485446985529,-0,-0,0,402.961067772813,0,0
89.44,100,99.9997175397347,99.992211656572,-0.00233159374908738,-0.00907452297263876,0.349484491904842,1.24431845331387,-0.273649853098742,-0,-0,0,402.960949345665,0,0
89.46,100,99.9997183456123,99.992168382249,-0.00200047300716866,-0.00169915058134247,0.386579469215224,1.04082197451038,4.39544964932009,-0,-0,0,402.960215661911,0,0
89.48,100,99.9997191491906,99.9921319549301,-0.00162242536375054,0.00641034503296575,0.426789075356149,1.44788274578346,-3.04679091555523,-0,0,0,402.961545883092,0,0
89.5,100,99.9997199504762,99.992103482252,-0.00124368447301125,0.0153387582516525,0.462189486567632,0.871967855558837,-0.110096983401164,-0,0,0,402.961290705766,0,0
89.52,100,99.9997207494757,99.9920818138745,-0.000924469542011312,0.0248027764286559,0.483227694714839,0.739163763332069,-4.10408584254898,-0,0,0,402.962162825244,0,0
89.54,100,99.9997215461957,99.992066056051,-0.00067180159928211,0.0345652907523038,0.489005140500192,0.125008295484206,2.8010016992511,-0,-0,0,402.961866488177,0,0
89.56,100,99.9997223406425,99.992054887487,-0.000428357768669491,0.0443275887432701,0.489255339365555,0.453242183484092,-5.0097068720026,-0,-0,0,402.962683420722,0,0
89.58,100,99.9997231328227,99.9920487569741,-0.000208440893276766,0.0540819240157995,0.48171746221687,-0.23665864231585,0.148135991595702,-0,-0,0,402.961806738207,0,0
89.6,100,99.9997239227428,99.9920461916219,-4.30803380716068e-05,0.0635160351442277,0.461978392689885,-0.191567160347503,7.68958935078074,-0,-0,0,402.961961213245,0,0
89.62,100,99.9997247104092,99.9920479981703,0.000265857905970927,0.0726955028260695,0.46217215396047,0.788042260277013,-1.59074810671118,-0,0,0,402.963379820607,0,0
89.64,100,99.9997254958283,99.9920574662732,0.000672359972669988,0.0820795271479471,0.474161500709113,0.481314195707963,-0.243753592519262,-0,-0,0,402.963991384887,0,0
89.66,100,99.9997262790066,99.9920747163837,0.00105220108124722,0.0916071970055876,0.477893122271572,0.382532494219392,-7.11168550261286,-0,0,0,402.96442335437,0,0
89.68,100,99.9997270599504,99.9920988419747,0.00132621008610636,0.101055820536684,0.460929791126897,-0.558982515474077,-1.78569439310085,-0,-0,0,402.964187134985,0,0
89.7,100,99.9997278386661,99.9921270295978,0.00148902157719127,0.109908551249434,0.423413329351515,-0.713177070059767,-6.2199003519882,-0,0,0,402.963438915626,0,0
89.72,100,99.9997286151601,99.9921578162702,0.00156452820707016,0.117885500952396,0.370014165835719,-1.39768929236646,0.660508526679228,-0,0,0,402.963290501215,0,0
89.74,100,99.9997293894388,99.9921893668449,0.00160236066320767,0.124664915231988,0.309762258821253,-1.13350036981731,2.40414047656132,-0,-0,0,402.963850633958,0,0
89.76,100,99.9997301615083,99.9922225276864,0.00173253343510155,0.130373078318516,0.264021294035817,-0.68630281178079,-1.55480670026611,-0,0,0,402.964795753501,0,0
89.78,100,99.9997309313751,99.9922589653405,0.00190793615985953,0.13527086645317,0.225174899591755,-0.791153689707308,1.19673178117675,-0,-0,0,402.96551026561,0,0
89.8,100,99.9997316990454,99.9922989984328,0.00210590913935276,0.139404072459736,0.18983870626457,-0.539559819632139,-2.480628747892,-0,-0,0,402.966011971929,0,0
89.82,100,99.9997324645255,99.9923432166111,0.00230668538682297,0.142866864320881,0.154985987418288,-0.780242349144658,3.13979433965948,-0,-0,0,402.965435277776,0,0
89.84,100,99.9997332278216,99.9923914901349,0.00254027376806407,0.145642496692736,0.125805464766247,-0.287187222978887,-8.22309433358316,-0,0,0,402.966267512333,0,0
89.86,100,99.99973398894,99.9924443964062,0.00271091448908351,0.147831960810971,0.0869160955457579,-1.27660696030265,-8.38172053685104,-0,0,0,402.964924983682,0,0
89.88,100,99.9997347478869,99.9924984218305,0.00265575349604736,0.148887010742112,0.013208195506575,-2.1527936205019,-2.33128388669083,-0,-0,0,402.964496485578,0,0
89.9,100,99.9997355046684,99.9925498833195,0.00248809113080318,0.148261701760558,-0.0754906105364227,-2.15886739428858,-1.96516941833376,-0,0,0,402.964056414869,0,0
89.92,100,99.9997362592908,99.9925978788205,0.00231039431738983,0.145883812495256,-0.161737678339997,-2.11685112417183,-7.57458864821731,-0,0,0,402.964236181827,0,0
89.94,100,99.9997370117603,99.9926416657499,0.00203851911217292,0.141721934526288,-0.258351762810028,-2.77919324323144,-3.67124948717137,-0,0,0,402.963349072573,0,0
89.96,100,99.9997377620828,99.9926786778289,0.00165472608259835,0.135471073862703,-0.366897916655836,-2.86578261666014,-5.73048831989031,-0,0,0,402.963193950173,0,0
89.98,100,99.9997385102647,99.9927073187804,0.00119081967266685,0.127007748525434,-0.48112588531681,-3.19634038888859,2.30115877232387,-0,0,0,402.962842618677,0,0
90,100,99.9997392563119,99.9927264070358,0.000740143647226434,0.116297210183022,-0.58494037182657,-2.48066585928147,0.966451111521471,-0,0,0,402.963585052835,0,0
90.02,100,99.9997400002306,99.9927375912932,0.000389749331021921,0.103774155680079,-0.664112148316599,-2.02568792754376,-1.76081346612919,-0,0,0,402.963862366684,0,0
90.04,100,99.9997407420269,99.992742123312,5.87484163079101e-05,0.0898095200629545,-0.731681105167106,-1.97000599841791,6.93636342784931,-0,-0,0,402.963927127403,0,0
90.06,100,99.9997414817068,99.9927406300934,-0.000170222883538762,0.0746757754120763,-0.774202022713936,-0.837382996174583,1.32897760526736,-0,0,0,402.96477954884,0,0
90.08,100,99.9997422192763,99.9927361419937,-0.000274104290410664,0.0590271215638423,-0.788690844429045,-0.553565419580207,3.12091823748375,-0,-0,0,402.964900441845,0,0
90.1,100,99.9997429547415,99.9927300015481,-0.000327893550191326,0.0432310449279252,-0.787804013699179,-0.0840820099054472,3.80227013455674,-0,-0,0,402.9650763922,0,0
90.12,100,99.9997436881084,99.992723535316,-0.000305385880378813,0.0276415665386202,-0.767948767119492,0.407952678587046,3.83768202202502,-0,0,0,402.965248707893,0,0
90.14,100,99.9997444193829,99.9927182818545,-0.000208466115114057,0.0126319267674028,-0.730267302235223,0.839686335655455,6.56327557431581,-0,-0,0,402.965952536587,0,0
90.16,100,99.999745148571,99.9927159012845,-6.24798784732276e-06,-0.00142301490023339,-0.670758733105018,1.55210792009059,5.6579244279166,-0,-0,0,402.965957084023,0,0
90.18,100,99.9997458756787,99.9927188159862,0.000313804886409384,-0.0140485462201658,-0.588732591538211,2.05766457095018,8.08527704397235,-0,-0,0,402.966636396478,0,0
90.2,100,99.999746600712,99.9927293108102,0.000762141062093654,-0.0248200869726885,-0.483945367546736,2.79760418917975,-5.24490187781253,-0,0,0,402.967404592839,0,0
90.22,100,99.9997473236766,99.9927489417646,0.00115855197533127,-0.033461002847887,-0.386925689661317,1.77742661287902,3.60668825778733,-0,-0,0,402.966898900335,0,0
90.24,100,99.9997480445786,99.9927749754914,0.00145189817152904,-0.0404033577095573,-0.306129831151228,1.99453671537255,4.46910040527114,-0,-0,0,402.967131974086,0,0
90.26,100,99.9997487634239,99.9928073812581,0.00179967794774751,-0.045649296957261,-0.216822090574044,2.28996465095786,-1.59558626577825,-0,0,0,402.967775767658,0,0
90.28,100,99.9997494802182,99.9928467671879,0.0021190659943326,-0.0491162425508432,-0.133319409981649,1.78933626905868,3.71476859243204,-0,-0,0,402.967590659206,0,0
90.3,100,99.9997501949674,99.9928919538899,0.00240909547917871,-0.0510232713894268,-0.0561664884658206,2.01591591537366,-0.638908203648136,-0,-0,0,402.96782792735,0,0
90.32,100,99.9997509076774,99.9929430546595,0.00268833496183452,-0.0513904452863068,0.0169957006714802,1.66872012140537,0.863952013531556,-0,0,0,402.967291648178,0,0
90.34,100,99.9997516183541,99.9929991794957,0.00292115845037871,-0.0504103280439304,0.0800809023592277,1.55519790617881,0.696016224620623,-0,0,0,402.967663217992,0,0
90.36,100,99.9997523270031,99.9930597840769,0.00313645307193551,-0.0482253894258759,0.13744588864958,1.43514372746963,6.45030132007443,-0,-0,0,402.967979494773,0,0
90.38,100,99.9997530336302,99.9931251322474,0.00342507263574459,-0.0448545517887831,0.203321279437435,2.04723702155118,-0.0711597130110218,-0,-0,0,402.968714227492,0,0
90.4,100,99.9997537382414,99.9931971384776,0.00376746352619798,-0.0400644909517937,0.273618567416473,1.76479853096818,1.15534721881176,-0,-0,0,402.968801996184,0,0
90.42,100,99.9997544408422,99.9932756693863,0.00408543209701938,-0.0339670866497436,0.335287335783767,1.67192189543847,-10.0964196986075,-0,0,0,402.96898253731,0,0
90.44,100,99.9997551414385,99.9933596722571,0.00427087017460405,-0.0268280770156148,0.370768893975408,0.47192189543847,2.23793314035651,-0,-0,0,402.967241011357,0,0
90.46,100,99.9997558400359,99.9934458680972,0.00436056075551411,-0.019265774026475,0.386722274993511,0.685173801394951,-5.89926796791375,-0,0,0,402.967977613421,0,0
90.48,100,99.9997565366402,99.9935337162987,0.00439472306266015,-0.0114466762527114,0.389812133284875,-0.144572306669965,-2.58119682883025,-0,-0,0,402.9674889396,0,0
90.5,100,99.999757231257,99.9936208936687,0.00431379291655807,-0.0038176965220849,0.371131037937911,-0.451003408064075,-5.63246039204857,-0,0,0,402.967168948947,0,0
90.52,100,99.999757923892,99.9937056121736,0.00413490654561041,0.00327624860723252,0.334197471277124,-1.09700940329858,-2.67326229603881,-0,-0,0,402.966392153095,0,0
90.54,100,99.9997586145509,99.9937857220656,0.00387033177700593,0.00944885431101576,0.281963824494534,-1.28816377066087,0.0845195456830098,-0,-0,0,402.965930533293,0,0
90.56,100,99.9997593032393,99.9938604877543,0.00361469348658713,0.0145600560903383,0.230431595785084,-1.10911330871764,-0.269506792155121,-0,-0,0,402.966269674424,0,0
90.58,100,99.9997599899628,99.9939305864903,0.00340063784566828,0.0187079849992603,0.185191119738736,-0.997554493725563,-0.380350133647708,-0,0,0,402.966511217675,0,0
90.6,100,99.9997606747271,99.9939967024971,0.00321500579024557,0.0219970580853058,0.144358507210349,-0.914015268087457,1.4837758002644,-0,-0,0,402.966875010853,0,0
90.62,100,99.9997613575377,99.9940595246622,0.00307979265793183,0.0245371034347169,0.111681923718597,-0.609493740457604,1.51616430748249,-0,0,0,402.966995805905,0,0
90.64,100,99.9997620384002,99.9941203669681,0.00301554820821481,0.0265405285914956,0.090437925965391,-0.340204655434533,-5.96752279268726,-0,0,0,402.967751037986,0,0
90.66,100,99.9997627173201,99.9941797952592,0.00289972087240931,0.0280975254008218,0.0608637655511629,-1.0404374692621,5.24724836562398,-0,-0,0,402.966674993733,0,0
90.68,100,99.999763394303,99.994236464023,0.00279839794759591,0.0289971454348106,0.0342415390096462,-0.249175022640959,1.64989332327688,-0,-0,0,402.967340232869,0,0
90.7,100,99.9997640693545,99.9942925330687,0.00281799128719832,0.0295984966422344,0.0274349184980041,-0.011079766375428,0.16996180868515,-0,0,0,402.967558517295,0,0
90.72,100,99.99976474248,99.9943493882611,0.00286854575730038,0.0301273465218628,0.0256012308609181,0.0122616394996382,-4.4345759331333,-0,0,0,402.968512461601,0,0
90.74,100,99.999765413685,99.9944068412261,0.00285471019597576,0.0305524405017784,0.0133936761503442,-0.542455775184816,-2.70165712208337,-0,0,0,402.968099679184,0,0
90.76,100,99.999766082975,99.994462923575,0.00274258812236082,0.0305618332342211,-0.0140619688615439,-0.807330271427866,-1.25834599700442,-0,0,0,402.967965726057,0,0
90.78,100,99.9997667503556,99.9945162764755,0.00258998604976335,0.0299546518469029,-0.0468616618445357,-0.856490805595914,0.239045393258997,-0,-0,0,402.968293169311,0,0
90.8,100,99.999767415832,99.9945665674237,0.00244380467784718,0.028704781520356,-0.0771002465883844,-0.712823090009922,3.80098371847907,-0,0,0,402.968324506792,0,0
90.82,100,99.9997680794097,99.9946145635423,0.00237736187242748,0.0269675202309741,-0.0929173861381533,-0.143199258696202,-5.62102609181258,-0,0,0,402.969371735727,0,0
90.84,100,99.9997687410943,99.9946615027813,0.00228849696859234,0.0249705800401687,-0.111062178947652,-0.824031118132297,3.78555598118796,-0,-0,0,402.968757614007,0,0
90.86,100,99.999769400891,99.9947060064457,0.00218361089167666,0.0225214649127649,-0.130045376030007,-0.241886142703509,-6.20115765582039,-0,0,0,402.969302392474,0,0
90.88,100,99.9997700588053,99.9947486366526,0.00204869286097637,0.0197456458277804,-0.152176948933704,-0.981010019329777,-4.10768799256648,-0,0,0,402.968993222053,0,0
90.9,100,99.9997707148425,99.9947870076576,0.0017714002677485,0.0162976835692168,-0.194886770111563,-1.36043249073335,0.0880458710456606,-0,0,0,402.969238055921,0,0
90.92,100,99.999771369008,99.9948192721772,0.00146035117882004,0.0119359305858675,-0.239873411493784,-1.16665267370283,4.96918812987746,-0,-0,0,402.969589686793,0,0
90.94,100,99.9997720213071,99.9948461089342,0.00125168220240405,0.0068359332099077,-0.265038144695662,-0.389887088037467,1.50507100670729,-0,-0,0,402.970455731074,0,0
90.96,100,99.9997726717451,99.9948700419086,0.00114897492889402,0.00146598771519487,-0.27035367069055,-0.148054280537321,2.6724983230817,-0,-0,0,402.970653228102,0,0
90.98,100,99.9997733203274,99.9948924586926,0.00110473176530719,-0.00389960241355254,-0.263914407536835,0.207185747448451,5.70019595567295,-0,0,0,402.970941569799,0,0
91,100,99.9997739670593,99.9949149904334,0.0011739842107059,-0.00895608051709642,-0.237390308667264,0.89347105994108,6.74033243320669,-0,-0,0,402.972254910137,0,0
91.02,100,99.999774611946,99.9949404851911,0.00140322300851801,-0.0132178710156479,-0.184293908536752,1.6176309178052,-1.1816214947907,-0,0,0,402.973398171196,0,0
91.04,100,99.9997752549928,99.9949713568047,0.0016693318867797,-0.0162924542625869,-0.125633936011298,1.25777095136196,1.12316385025513,-0,-0,0,402.973552192645,0,0
91.06,100,99.9997758962049,99.9950069534128,0.0018892887483633,-0.0182973465733085,-0.075166482689935,1.23218808964794,4.93458713045352,-0,0,0,402.973844098444,0,0
91.08,100,99.9997765355876,99.9950472872804,0.00216252628325152,-0.0192485892302386,-0.0172377295564914,1.68511220715119,-1.7171589511889,-0,0,0,402.975019316176,0,0
91.1,100,99.9997771731462,99.9950934757272,0.00243997679635526,-0.0189963826801282,0.0394752693013135,1.24767359871277,2.66029627473203,-0,-0,0,402.974920656997,0,0
91.12,100,99.9997778088857,99.9951447307793,0.00269338880149801,-0.0177086866884645,0.0901826090344689,1.41322548308355,0.749615097469735,-0,0,0,402.975280268178,0,0
91.14,100,99.9997784428114,99.9952013220045,0.0029637364312289,-0.015388265974192,0.141079365762674,1.31937728279534,2.14637184826487,-0,-0,0,402.976307654402,0,0
91.16,100,99.9997790749285,99.9952633590329,0.00324566694281507,-0.0120721959046322,0.190928053359776,1.41051608568903,-0.718643914037075,-0,0,0,402.976744671889,0,0
91.18,100,99.9997797052421,99.9953310814596,0.00351795050865131,-0.00778416656970933,0.235917136766967,1.13185510706441,-1.54448784216229,-0,0,0,402.976753363751,0,0
91.2,100,99.9997803337574,99.9954036802152,0.00373080859781642,-0.00272211120683926,0.267944295506937,0.787204601771167,-3.66202282832736,-0,0,0,402.97696329568,0,0
91.22,100,99.9997809604795,99.9954796890143,0.00385021428946254,0.00281160510580262,0.281736743895437,0.223557962359566,-1.45705676084382,-0,0,0,402.976551659029,0,0
91.24,100,99.9997815854135,99.9955571755971,0.0038922681539892,0.00844691472618111,0.280393269203082,0.0102028254216626,-4.2200084148932,-0,0,0,402.977005007553,0,0
91.26,100,99.9997822085645,99.9956348688842,0.00385806454951792,0.0139299976548369,0.264533363900102,-0.52007103272166,-2.16853488980345,-0,0,0,402.976481256725,0,0
91.28,100,99.9997828299377,99.9957109960936,0.0037481967988513,0.0189370791304056,0.234931723029772,-0.723596299148634,0.369387709744055,-0,-0,0,402.976600829308,0,0
91.3,100,99.999783449538,99.9957848125296,0.00364029717565826,0.023323269374246,0.204648420342192,-0.58376460556598,-1.88334546625044,-0,0,0,402.976855881255,0,0
91.32,100,99.9997840673706,99.9958566335201,0.0035366076456413,0.02712190546206,0.174274430570165,-0.74173057044456,0.938609052242329,-0,0,0,402.977762783075,0,0
91.34,100,99.9997846834404,99.9959263677218,0.00344609786325521,0.0303060815403217,0.145581778875695,-0.527803243778496,1.67687590000037,-0,-0,0,402.978231420303,0,0
91.36,100,99.9997852977526,99.9959948995528,0.00341883443130341,0.0330107911211964,0.126710522227637,-0.249669218638315,-2.12035985234213,-0,0,0,402.979037974554,0,0
91.38,100,99.9997859103121,99.9960631726222,0.00339989533603079,0.0353796126884538,0.108727318062215,-0.481682582315246,0.712614643160381,-0,0,0,402.979289963848,0,0
91.4,100,99.9997865211239,99.9961308615951,0.00337544936895836,0.0373532335533894,0.0896557903537494,-0.329485503714886,-0.755188496311217,-0,0,0,402.980006197265,0,0
91.42,100,99.999787130193,99.996198280435,0.00336470619958913,0.038979632449759,0.0726980232042428,-0.380843983667733,2.68378927801064,-0,-0,0,402.980114287314,0,0
91.44,100,99.9997877375244,99.9962657349776,0.00339622192578051,0.0403072488553728,0.062545470183483,0.003338248548565,-0.990455693976352,-0,0,0,402.980610791353,0,0
91.46,100,99.9997883431231,99.9963343339754,0.00345903911143389,0.0415129427089025,0.0572371295523242,-0.120861527006422,-0.0578686435216935,-0,-0,0,402.98100619921,0,0
91.48,100,99.999788946994,99.9964040170141,0.00350975850683571,0.0425829522588241,0.0498286280507563,-0.113235239948367,-1.43535207944817,-0,0,0,402.980827010352,0,0
91.5,100,99.9997895491419,99.9964746014737,0.00354227814648579,0.043485984079581,0.0394514480236426,-0.277225287181482,-0.61390556870349,-0,0,0,402.981223733474,0,0
91.52,100,99.9997901495719,99.9965455498897,0.00355091906721046,0.0441368068736061,0.0254163174281807,-0.316991306517857,0.0210277995694768,-0,-0,0,402.981703515012,0,0
91.54,100,99.9997907482889,99.9966166387359,0.00355951899508743,0.0445052420793167,0.0117484440640728,-0.273204243434056,2.26791168302592,-0,-0,0,402.981532127536,0,0
91.56,100,99.9997913452976,99.996688216642,0.00361069787950766,0.0446556969059707,0.00535344931283555,0.0450925131502358,-3.50037565291482,-0,-0,0,402.981751768694,0,0
91.58,100,99.9997919406031,99.9967609416823,0.00364401954919095,0.0447006772277577,-0.0036631551983932,-0.398018627897062,-1.04765234757301,-0,0,0,402.981058005696,0,0
91.6,100,99.9997925342101,99.9968335581437,0.00361404153589334,0.0444458309236154,-0.0222603011783721,-0.476132629172729,2.9238874973298,-0,-0,0,402.980946339016,0,0
91.62,100,99.9997931261235,99.9969057711836,0.00362363987458362,0.0438595121752381,-0.0335975605836631,-0.0490119053599026,-7.00289886773937,-0,-0,0,402.981096016426,0,0
91.64,100,99.9997937163481,99.9969780996812,0.0035741280072535,0.0430414604810808,-0.0536921140368906,-0.916870305667826,1.95290555969711,-0,0,0,402.97917048344,0,0
91.66,100,99.9997943048888,99.9970483306861,0.00346238632913367,0.0416566645863331,-0.0823443750859632,-0.55098146765591,-0.667849665359956,-0,-0,0,402.979897413733,0,0
91.68,100,99.9997948917504,99.9971168241581,0.00338541417469808,0.0397952860272191,-0.103774909852651,-0.560829461443395,-5.38074616177372,-0,0,0,402.979707535389,0,0
91.7,100,99.9997954769375,99.9971832010774,0.00322721623655761,0.0374292917452998,-0.136513360359796,-1.1561331610181,3.76244201814433,-0,-0,0,402.979232620451,0,0
91.72,100,99.9997960604552,99.9972458985186,0.00306543812245038,0.0343490716440956,-0.167400437791435,-0.533109837576488,-1.59840526759791,-0,0,0,402.979434514725,0,0
91.74,100,99.999796642308,99.9973061227863,0.00295016282873513,0.0307975490582977,-0.188472823024869,-0.660193359111599,1.66186486948899,-0,-0,0,402.97929853277,0,0
91.76,100,99.9997972225007,99.9973639753075,0.0028449282359883,0.0268374360824738,-0.205559159191232,-0.363839970346042,-0.174136672864823,-0,-0,0,402.979556854976,0,0
91.78,100,99.9997978010381,99.997420094977,0.00276624391353829,0.0226184504164622,-0.216098777987245,-0.336167610830578,2.45042560443091,-0,0,0,402.979077463176,0,0
91.8,100,99.9997983779249,99.9974748586969,0.002722234197673,0.018245788231176,-0.218874072606236,0.015960800989083,4.85159079099752,-0,-0,0,402.979574102569,0,0
91.82,100,99.9997989531658,99.9975296810721,0.00278242031472338,0.0139878384233094,-0.203070644878508,0.620766922214216,2.56191299054775,-0,-0,0,402.980448223815,0,0
91.84,100,99.9997995267655,99.9975867629586,0.00293413164198522,0.0102275367342054,-0.17150472058305,0.859744668223416,0.811109588493996,-0,0,0,402.981026716323,0,0
91.86,100,99.9998000987287,99.9976471842488,0.00310682627637582,0.0071523764967056,-0.136170395985171,0.849223045670334,1.48371019050003,-0,0,0,402.981927821388,0,0
91.88,100,99.9998006690601,99.9977110643485,0.00328365199933983,0.00478545488343007,-0.100149156564856,0.922871929442449,-6.29595104924904,-0,0,0,402.982380191244,0,0
91.9,100,99.9998012377642,99.9977778306456,0.00335665759835252,0.00303189142372799,-0.0810624366989965,0.0156408838448834,0.52052598514845,-0,-0,0,402.981032827456,0,0
91.92,100,99.9998018048458,99.9978446653367,0.00332875103489596,0.00143833899649581,-0.0778891593136372,0.0785012376943835,-1.30185736599178,-0,0,0,402.980700344763,0,0
91.94,100,99.9998023703095,99.9979108665208,0.00328400465865103,-9.86695700374307e-05,-0.0769057511670794,-0.0936624364984461,3.57974550586032,-0,-0,0,402.980491326158,0,0
91.96,100,99.9998029341599,99.9979762476171,0.00327183220270394,-0.00159810091118546,-0.0701089387386332,0.365601309049447,-3.41311470664077,-0,0,0,402.980994063342,0,0
91.98,100,99.9998034964015,99.9980416900552,0.00325327207298553,-0.00290976849791499,-0.0641012149337513,-0.108378991942582,1.55041734389506,-0,0,0,402.980153491588,0,0
92,100,99.9998040570391,99.9981061678117,0.00320233906436537,-0.0041930597351952,-0.0628866490985308,0.100356014202175,-1.61682574180147,-0,-0,0,402.980807499632,0,0
92.02,100,99.9998046160771,99.9981697526563,0.00314722726409887,-0.00542776273242135,-0.0619542995212698,-0.114741956935566,3.6934980617929,-0,-0,0,402.980066379484,0,0
92.04,100,99.9998051735202,99.9982322647542,0.00312248946015945,-0.00663462247466165,-0.0556986648216665,0.360888625089575,-1.67968791491104,-0,0,0,402.980213032954,0,0
92.06,100,99.9998057293728,99.9982947982394,0.00312051233770477,-0.00763191247082849,-0.0456989189924239,0.104062291559922,3.23430591479312,-0,0,0,402.980016055534,0,0
92.08,100,99.9998062836395,99.9983572009574,0.00313515113048652,-0.00844356742638868,-0.0330014598597984,0.494662328550694,-1.49516488392421,-0,0,0,402.981131861024,0,0
92.1,100,99.999806836325,99.9984202999817,0.00316486608452958,-0.00893877838740313,-0.0181764683819299,0.242633087452306,7.31823137660546,-0,-0,0,402.980789681936,0,0
92.12,100,99.9998073874335,99.9984843289839,0.0032732668666912,-0.00908723640707025,0.00887929720175022,1.12290186290525,0.14106688326821,-0,-0,0,402.981918133803,0,0
92.14,100,99.9998079369697,99.9985518247547,0.00347193377138838,-0.00849686830507254,0.0491773934341486,0.990544791940892,2.50955935164895,-0,-0,0,402.981461005836,0,0
92.16,100,99.999808484938,99.9986232925326,0.00368318468472961,-0.00711795486290554,0.0897326282800765,1.17150037533209,-1.06137786646244,-0,-0,0,402.981990574494,0,0
92.18,100,99.9998090313429,99.9986991081923,0.0038883747907352,-0.00492922350174359,0.1271518717534,0.881888364859381,1.90119579269351,-0,-0,0,402.981296140732,0,0
92.2,100,99.999809576189,99.9987787635815,0.00408351791514518,-0.00205722937040367,0.160677652575699,1.00024934356215,1.9955961954618,-0,-0,0,402.981455163505,0,0
92.22,100,99.9998101194805,99.9988627060532,0.00431724503167341,0.00152221618801823,0.197854933214529,1.11465678791567,-0.822954492300275,-0,0,0,402.981881931962,0,0
92.24,100,99.999810661222,99.9989514195865,0.00454634353572439,0.00583182987897638,0.231354844491796,0.862498063072741,-0.79851617651446,-0,-0,0,402.98218628458,0,0
92.26,100,99.9998112014178,99.9990442797313,0.00473338788696392,0.0107114676097831,0.255110953687406,0.645694188793125,0.454819106689818,-0,-0,0,402.981897571226,0,0
92.28,100,99.9998117400725,99.9991406555889,0.00490530362963528,0.0160010531274253,0.273546757277562,0.613725494751897,1.33871391407492,-0,-0,0,402.98184235838,0,0
92.3,100,99.9998122771903,99.9992406317592,0.00509808392849265,0.0216563764282822,0.292414153537201,0.696358859417957,-1.36261412926255,-0,-0,0,402.98219907079,0,0
92.32,100,99.9998128127757,99.9993445271513,0.00528350635758577,0.0276686597498699,0.30702520522678,0.430783311338197,-0.222095155392895,-0,-0,0,402.981978918537,0,0
92.34,100,99.9998133468331,99.9994517975804,0.00544257840444573,0.033889669735993,0.314444742118434,0.342765479980186,-3.00654677795268,-0,0,0,402.982144034225,0,0
92.36,100,99.9998138793667,99.9995619157002,0.00555488030401657,0.0401771561768029,0.311561185612635,-0.0802433489516745,-2.8320171269486,-0,-0,0,402.98231657199,0,0
92.38,100,99.999814410381,99.9996734753469,0.00558948316816416,0.0462534559637862,0.293869555263233,-0.425998300698365,-0.902806148841406,-0,-0,0,402.982032563404,0,0
92.4,100,99.9998149398802,99.999785258055,0.00558822285485493,0.0518824265344818,0.268689163548345,-0.485241386661663,-2.86779068054511,-0,-0,0,402.982003303967,0,0
92.42,100,99.9998154678688,99.9998967815847,0.00555384891427927,0.0569564082280544,0.236878543943951,-0.781542019026976,-4.05996484353807,-0,0,0,402.981563544887,0,0
92.44,100,99.999815994351,100.000006901976,0.00544313399206312,0.0612706817841796,0.192073477602614,-1.18591041958649,-0.782315022040146,-0,0,0,402.981634722417,0,0
92.46,100,99.9998165193311,100.000114271594,0.00529658256515182,0.0646021720793335,0.141584195482013,-1.12799519803076,-3.26448032221198,-0,0,0,402.981867501209,0,0
92.48,100,99.9998170428134,100.000218607754,0.00512677136235849,0.0669126181324454,0.0879564959036868,-1.38722559219273,2.69909070554957,-0,-0,0,402.981376979026,0,0
92.5,100,99.9998175648022,100.000319559336,0.00498859831993181,0.0681634988616515,0.0405995782838142,-0.867651767516965,-7.4525094715115,-0,0,0,402.982065061356,0,0
92.52,100,99.9998180853017,100.000417864164,0.00480886266234758,0.0684986040036619,-0.0121340499440076,-1.68183894130889,-2.35563530701627,-0,0,0,402.981508819844,0,0
92.54,100,99.9998186043161,100.000511184658,0.00451889389259677,0.0675760986366681,-0.0803429015695808,-1.75231658471074,-3.08814452876396,-0,0,0,402.981461191116,0,0
92.56,100,99.9998191218498,100.000598370447,0.00419161882044447,0.0652654730460953,-0.151441891405351,-1.90321392947885,-3.95530061459553,-0,0,0,402.981938630806,0,0
92.58,100,99.999819637907,100.000678442049,0.0038033307850786,0.0614784504779567,-0.228516572396566,-2.14217995116508,-0.028242959381566,-0,0,0,402.981761214439,0,0
92.6,100,99.9998201524918,100.000750429445,0.00340329740623274,0.056144028462948,-0.302837916366536,-1.85901845862241,-2.7923329996095,-0,0,0,402.982187384577,0,0
92.62,100,99.9998206656084,100.000814568999,0.00300294183672827,0.0493977511757957,-0.372154507842766,-1.95809749483682,-3.29519962473572,-0,0,0,402.981602578546,0,0
92.64,100,99.9998211772611,100.000870187687,0.00254874752463504,0.0412372792849897,-0.44454257166166,-2.10480856028717,-3.17498673873993,-0,0,0,402.98180406215,0,0
92.66,100,99.999821687454,100.000916128073,0.0020358577163002,0.0315951031285411,-0.520086697681499,-2.21755530134241,1.89133402048009,-0,-0,0,402.981086519434,0,0
92.68,100,99.9998221961913,100.000951764367,0.00154355114143918,0.0205030715317579,-0.585408123439482,-1.6830857621734,2.51626486508658,-0,-0,0,402.980988398501,0,0
92.7,100,99.9998227034772,100.000978506323,0.001146641109371,0.00832725644486047,-0.628478384536368,-1.14075561310605,0.736960779725697,-0,0,0,402.981126801303,0,0
92.72,100,99.9998232093157,100.000998031683,0.000810312355569857,-0.00452779443929816,-0.655250732002129,-0.890830697229901,3.73709690243297,-0,-0,0,402.981676636155,0,0
92.74,100,99.999823713711,100.001011376025,0.000542104762054657,-0.017767271179685,-0.664800465291136,-0.301458682204374,-0.402697902986067,-0,0,0,402.981391110059,0,0
92.76,100,99.9998242166673,100.001019956076,0.000310622958678314,-0.0310432575506873,-0.662731583155658,-0.304666185748621,4.27546121329276,-0,-0,0,402.981662759812,0,0
92.78,100,99.9998247181886,100.001024070881,0.000118905720804057,-0.0441969613974612,-0.648881084317805,0.27481803315817,1.18667075587627,-0,0,0,402.981875559345,0,0
92.8,100,99.999825218279,100.001025066576,-1.91569743997204e-05,-0.056910199754097,-0.62168638533242,0.392527782477646,1.85210138016409,-0,0,0,402.981843541699,0,0
92.82,100,99.9998257169426,100.00102337427,-0.000146874679512149,-0.0690255760508312,-0.588689162045154,0.577165708824778,3.77483660400342,-0,-0,0,402.981748012263,0,0
92.84,100,99.9998262141835,100.001019505094,-0.000227849744493189,-0.0803833795346385,-0.544596469646396,0.976378284737184,5.39134337398851,-0,-0,0,402.981663401129,0,0
92.86,100,99.9998267100058,100.001014883018,-0.000215632957434008,-0.0906910343494154,-0.482795535404028,1.52287449253409,4.48785747471751,-0,-0,0,402.98117118837,0,0
92.88,100,99.9998272044134,100.001011495041,-0.000110911708788155,-0.0995858434505178,-0.404554508685344,1.88503772614051,2.85709028731286,-0,0,0,402.981576612183,0,0
92.9,100,99.9998276974105,100.001010747807,3.9271388479767e-05,-0.106822054006096,-0.318584782501058,1.99523127746815,1.3680525228094,-0,-0,0,402.981837851582,0,0
92.92,100,99.999828189001,100.0010130397,0.000185742995659003,-0.112336850657279,-0.23370929640509,1.90424051307655,-0.511227063178753,-0,0,0,402.981789492033,0,0
92.94,100,99.999828679189,100.001017840067,0.000281858215023925,-0.116232347481469,-0.158061168369929,1.59067995043614,5.80482538216015,-0,-0,0,402.981778573118,0,0
92.96,100,99.9998291679784,100.001024504278,0.000405511479690444,-0.11863858411533,-0.0795094950356536,2.1041490037386,-3.00758719779693,-0,0,0,402.981746143004,0,0
92.98,100,99.9998296553733,100.001033959222,0.000515339944231641,-0.11944559981198,-0.00560279474686078,1.45093736249157,-0.22945396603907,-0,-0,0,402.981053438026,0,0
93,100,99.9998301413776,100.00104448974,0.00053045190873469,-0.118981018782854,0.0504648840452632,1.22995355574134,-3.32231434199679,-0,0,0,402.980672351099,0,0
93.02,100,99.9998306259953,100.001054599483,0.000459321582491635,-0.117537525890769,0.0900525798616594,0.65247631013675,-2.71569319725767,-0,0,0,402.98004717597,0,0
93.04,100,99.9998311092304,100.001062137409,0.000279253229799257,-0.115511093278407,0.109792005734207,0.227125587983547,-0.207956726878976,-0,-0,0,402.979666019451,0,0
93.06,100,99.9998315910867,100.001065460376,5.23562489971315e-05,-0.113208446456546,0.120056605530306,0.169565706704676,5.94695322616718,-0,-0,0,402.978827381215,0,0
93.08,100,99.9998320715683,100.001064841529,-8.39462755892384e-05,-0.110623193147502,0.142977219810232,0.888112839082505,2.80980401832449,-0,-0,0,402.979814741867,0,0
93.1,100,99.9998325506791,100.001062927355,-9.59817534742672e-05,-0.107374663255642,0.183205980111601,1.11948004453235,5.43433381573963,-0,-0,0,402.980017172193,0,0
93.12,100,99.9998330284229,100.001061713555,-1.69296179104889e-06,-0.103203342081019,0.237095585202416,1.64605330912217,-4.26047895603682,-0,0,0,402.979977227513,0,0
93.14,100,99.9998335048036,100.001062772703,8.10754556719601e-05,-0.0979337152552949,0.28486997900546,0.894868949346528,2.43977966525695,-0,-0,0,402.979491513799,0,0
93.16,100,99.9998339798253,100.001064658831,0.000118089050926135,-0.0918839676806658,0.32111407997396,1.07719203344931,-1.47655198545974,-0,0,0,402.979229175004,0,0
93.18,100,99.9998344534917,100.001067504737,0.00015699653405267,-0.0851167620922671,0.353347132964271,0.747637673937409,-3.31377665513668,-0,0,0,402.979094133562,0,0
93.2,100,99.9998349258066,100.001070405731,0.000116200998741718,-0.0778643282279002,0.368502258180642,0.232804937100158,-3.38487285413213,-0,-0,0,402.978952145113,0,0
93.22,100,99.999835396774,100.001071519544,-1.96374760963181e-05,-0.0705036761957125,0.36460543081689,-0.223259385311489,0.794795702200985,-0,0,0,402.97840289882,0,0
93.24,100,99.9998358663978,100.001069497652,-0.000174515967421075,-0.0633208310099244,0.354468884634767,-0.0971357468353755,1.66969211593987,-0,0,0,402.978883519154,0,0
93.26,100,99.9998363346816,100.001064935502,-0.000270009102539692,-0.0562813851578345,0.350837623685692,0.121495302842791,0.941442766301161,-0,-0,0,402.97958222738,0,0
93.28,100,99.9998368016294,100.001059067837,-0.000309786869388977,-0.0492491028938799,0.352964619487207,0.219902873319159,-1.70578468016347,-0,0,0,402.979878707066,0,0
93.3,100,99.999837267245,100.001052542159,-0.000349418865073774,-0.0421852117941904,0.351818400638088,-0.0238764776257229,-2.31695471696662,-0,-0,0,402.980492701315,0,0
93.32,100,99.9998377315322,100.00104478437,-0.000435028287397688,-0.0352460379802038,0.340234568264782,-0.313421900498599,-2.82297595821483,-0,0,0,402.979611550429,0,0
93.34,100,99.9998381944947,100.001034767697,-0.000576577434716478,-0.0286530239682573,0.317088729818132,-0.626873761278009,0.819069227948276,-0,0,0,402.979138394837,0,0
93.36,100,99.9998386561363,100.001021722241,-0.00071854931989212,-0.0225756199410111,0.291856864477648,-0.44457000398576,1.49337279203868,-0,0,0,402.979128753109,0,0
93.38,100,99.9998391164608,100.00100645005,-0.000796921582320366,-0.0169228781303102,0.274989647332454,-0.201141219023893,-0.446406439504119,-0,0,0,402.97999252466,0,0
93.4,100,99.9998395754721,100.000990090084,-0.000838276698071026,-0.0115497349813779,0.262129241106309,-0.232210319315549,-0.0754945869074394,-0,-0,0,402.980217193942,0,0
93.42,100,99.9998400331737,100.000972989053,-0.0008691833726134,-0.00643883247074291,0.24908763493146,-0.213346234416833,2.37687014221674,-0,-0,0,402.980109669234,0,0
93.44,100,99.9998404895695,100.000955675179,-0.00084757646060125,-0.00154121830844559,0.242721819520464,0.108838634825214,-1.51430852623381,-0,-0,0,402.980363175022,0,0
93.46,100,99.9998409446631,100.000939240165,-0.000802232689729887,0.00328173230280222,0.238234767683693,-0.0972294924556594,3.03505158287111,-0,0,0,402.979748539052,0,0
93.48,100,99.9998413984583,100.000923818192,-0.000722706101441616,0.00801345391501554,0.2374001631222,0.292377790026837,-0.664129782565735,-0,-0,0,402.980645646654,0,0
93.5,100,99.9998418509588,100.000910605218,-0.000601604485789885,0.0128078134306993,0.24119464232183,0.168151596671237,-2.40804515306497,-0,0,0,402.980329531844,0,0
93.52,100,99.9998423021684,100.000899466973,-0.000523296882876198,0.0176013755107887,0.236067336604925,-0.156299538199178,-4.89080270143476,-0,-0,0,402.980315149272,0,0
93.54,100,99.9998427520905,100.000889005116,-0.000544915762027154,0.022132189875175,0.213265587461261,-0.748385816479456,-2.48130484294359,-0,0,0,402.97904255205,0,0
93.56,100,99.9998432007291,100.000877089009,-0.000654130841509892,0.0260333172556617,0.175585730687836,-0.95999316691848,3.70526572328613,-0,-0,0,402.979065745581,0,0
93.58,100,99.9998436480876,100.000863190096,-0.000711744958770486,0.029211041973169,0.146022616911719,-0.371921211902243,-0.892140449517319,-0,0,0,402.979980808379,0,0
93.6,100,99.9998440941698,100.000849048217,-0.000704257830693389,0.0319407569817496,0.126588159650559,-0.434943690404752,-4.29712135069053,-0,0,0,402.980120616361,0,0
93.62,100,99.9998445389793,100.000834601512,-0.000759008801146413,0.0342055116769512,0.0969027590608849,-0.913546739103012,-0.928938462501929,-0,0,0,402.980029823072,0,0
93.64,100,99.9998449825197,100.000818329727,-0.0008680434766239,0.0357622083880953,0.0589065365930018,-0.90898230906928,0.858090311452308,-0,0,0,402.980023624407,0,0
93.66,100,99.9998454247946,100.000800061928,-0.00095000127852,0.0365968042372234,0.0261098706524262,-0.681162078476638,0.927068483073131,-0,-0,0,402.980805458586,0,0
93.68,100,99.9998458658078,100.000780659146,-0.000982538844539928,0.0368656229882879,0.00216154721720541,-0.475693118704565,-3.64931875807246,-0,0,0,402.980850843474,0,0
93.7,100,99.9998463055627,100.000760578359,-0.00104167092233245,0.0366597720912792,-0.0251647942346079,-0.867342277868456,-1.91432060807057,-0,0,0,402.980558132139,0,0
93.72,100,99.9998467440629,100.000738558275,-0.00116620656749828,0.0357985597020816,-0.0616197803296653,-0.990104331739565,6.21840845154181,-0,-0,0,402.980753984673,0,0
93.74,100,99.9998471813121,100.000714534498,-0.00120129988572636,0.0343045646996702,-0.0818966254450729,-0.0826517917386333,-2.88487042101444,-0,0,0,402.981902703709,0,0
93.76,100,99.9998476173137,100.00069087964,-0.00117894371909221,0.0325908521661629,-0.0916583758334217,-0.430545713908286,1.82027885192732,-0,-0,0,402.9815776691,0,0
93.78,100,99.9998480520715,100.000667299946,-0.00116885701498823,0.0306349510433313,-0.102065319014968,-0.146252611482867,-1.05724670834687,-0,0,0,402.981440342994,0,0
93.8,100,99.9998484855888,100.000644209239,-0.00114572312412129,0.0285301478017868,-0.109092756227584,-0.257924439850383,0.0238485670116282,-0,-0,0,402.981176406782,0,0
93.82,100,99.9998489178693,100.000621371157,-0.00113774764513962,0.0262640811466502,-0.117230392262985,-0.220151692173702,-2.94158910623233,-0,-0,0,402.980895373213,0,0
93.84,100,99.9998493489164,100.000598404576,-0.00117355174145922,0.0238028337075461,-0.130990759710114,-0.557262197446563,1.59937041302063,-0,0,0,402.979981113442,0,0
93.86,100,99.9998497787338,100.000574339602,-0.00122345666938664,0.0210219343577991,-0.145269795242037,-0.281574588085122,-0.617250997793161,-0,-0,0,402.981041519757,0,0
93.88,100,99.9998502073248,100.000549590405,-0.00125441803003435,0.0180234128916512,-0.154777116338553,-0.320029866469286,2.6324225373139,-0,0,0,402.980780712083,0,0
93.9,100,99.9998506346931,100.000524380419,-0.00125322043490585,0.0148772884196493,-0.15742009483689,0.0525933421630786,-1.06107027134502,-0,0,0,402.981537191016,0,0
93.92,100,99.999851060842,100.000499582344,-0.00123332501971492,0.0117553088195884,-0.155640295569124,-0.0846492045052984,-0.941373611651964,-0,0,0,402.981767469933,0,0
93.94,100,99.9998514857751,100.000474803808,-0.00125001823139352,0.00862180605881747,-0.158348121706473,-0.189125584231309,2.88263881964688,-0,-0,0,402.981736154325,0,0
93.96,100,99.9998519094959,100.000449763532,-0.0012400062242437,0.00546072995357093,-0.155276662554464,0.196873882956362,-1.22245880017028,-0,0,0,402.982142382297,0,0
93.98,100,99.9998523320077,100.000425307392,-0.00121377298542997,0.00243509077768818,-0.148421404214536,0.0197944062657638,-1.42980607132133,-0,-0,0,402.98191195635,0,0
94,100,99.9998527533141,100.000400883008,-0.00123697947017291,-0.000521472189719593,-0.14836405187621,-0.159845296122754,3.58769489002568,-0,0,0,402.981522770855,0,0
94.02,100,99.9998531734185,100.000376027241,-0.00123108251632362,-0.00345865116542217,-0.142341680403805,0.310579699581878,-2.23614856422205,-0,0,0,402.982369255215,0,0
94.04,100,99.9998535923243,100.000351700293,-0.0012151934255347,-0.0061995161435391,-0.133790737557411,-0.00780081495132199,-1.03365663100077,-0,0,0,402.982167534614,0,0
94.06,100,99.999854010035,100.000327031458,-0.00125772914098472,-0.00886616359780776,-0.133662722604056,-0.133893740582425,-2.22444707829769,-0,-0,0,402.982266400128,0,0
94.08,100,99.9998544265538,100.000301039541,-0.00135287183473149,-0.0115947477145712,-0.140811370596533,-0.392944358690055,-2.73344282381965,-0,0,0,402.981260552206,0,0
94.1,100,99.9998548418844,100.000272432512,-0.00152056648948825,-0.014566461047482,-0.158120363223195,-0.679940356946566,2.11650606226584,-0,-0,0,402.980930272263,0,0
94.12,100,99.9998552560299,100.000240229296,-0.00168715418735255,-0.0179046355653432,-0.173347174843396,-0.32410676614567,-2.10388837962966,-0,-0,0,402.981240157177,0,0
94.14,100,99.9998556689939,100.000204982204,-0.00184771844727938,-0.0214825986449066,-0.185780230209287,-0.542285379310375,0.5904857769075,-0,-0,0,402.98034415153,0,0
94.16,100,99.9998560807796,100.000166209513,-0.00202535944011962,-0.0253404908484047,-0.198996947504198,-0.395066835142336,0.218944062078915,-0,-0,0,402.980122123514,0,0
94.18,100,99.9998564913905,100.0001240821,-0.00218578608883186,-0.029410880476498,-0.207462290985554,-0.313244129281667,1.19859898283672,-0,0,0,402.980073901698,0,0
94.2,100,99.9998569008299,100.000078933947,-0.0023229616450337,-0.0336012050215799,-0.210291480394041,-0.119515769645545,-1.17488932341055,-0,0,0,402.980555635509,0,0
94.22,100,99.9998573091012,100.000031144967,-0.00246257450200161,-0.0378141272736272,-0.211784894437749,-0.247449317440321,4.16529357022469,-0,-0,0,402.980612900382,0,0
94.24,100,99.9998577162076,99.9999807245952,-0.00255896233701247,-0.0420137480488722,-0.204622742413837,0.306808705285256,4.50352038687992,-0,-0,0,402.981025277293,0,0
94.26,100,99.9998581221525,99.9999295897983,-0.00253484121711955,-0.0458621156082348,-0.176930282031268,0.829432833436771,1.99621361516837,-0,-0,0,402.981366408675,0,0
94.28,100,99.9998585269393,99.9998798157695,-0.00243757711491143,-0.0490110956004544,-0.137176798182947,0.96937295418327,-1.51139925469731,-0,-0,0,402.980997210023,0,0
94.3,100,99.9998589305711,99.9998319197141,-0.00236483679836295,-0.0513780446953543,-0.101640207992966,0.652921086364513,0.711118958609105,-0,0,0,402.979996668705,0,0
94.32,100,99.9998593330514,99.9997849737071,-0.00232973049323497,-0.0531189463593118,-0.0725078419897036,0.656492800984518,6.08390611707042,-0,-0,0,402.980250985898,0,0
94.34,100,99.9998597343833,99.9997392858153,-0.00221213416941729,-0.0541926178152486,-0.0306853133305814,1.32832119086155,0.745405471055647,-0,-0,0,402.980705116116,0,0
94.36,100,99.9998601345703,99.9996969610111,-0.00202276288468381,-0.054280308770921,0.021220380513838,1.24543306427613,0.73568921206746,-0,0,0,402.980688491366,0,0
94.38,100,99.9998605336155,99.9996582932957,-0.00184569559019367,-0.0533703363138175,0.0691486199323514,1.17222054237666,1.77944668519884,-0,-0,0,402.980958379949,0,0
94.4,100,99.9998609315222,99.9996231860473,-0.00166088113198227,-0.0515211547015628,0.116023826385073,1.23737484487031,2.03458679238374,-0,-0,0,402.980648624793,0,0
94.42,100,99.9998613282936,99.9995920504387,-0.00144723505516158,-0.0487164692223303,0.164831182587244,1.32520220325634,-0.303282963345721,-0,-0,0,402.980369743118,0,0
94.44,100,99.999861723933,99.9995652736419,-0.00123666907763706,-0.0449527154789665,0.209996295701294,1.11005720519442,4.67478060358738,-0,-0,0,402.980220129327,0,0
94.46,100,99.9998621184436,99.9995428711886,-0.000983723126611026,-0.040292708884838,0.258593462117473,1.54399905305163,-2.62365348381927,-0,0,0,402.981089640618,0,0
94.48,100,99.9998625118287,99.9995259365578,-0.000727872341817788,-0.0346339666674761,0.303677730782355,1.00982449417416,-4.13495674676345,-0,0,0,402.980802425706,0,0
94.5,100,99.9998629040914,99.9995129333493,-0.000595287667473037,-0.0283042708010606,0.325010173993945,0.358485529137981,0.345344126916895,-0,-0,0,402.980879941862,0,0
94.52,100,99.9998632952349,99.9995017340082,-0.000522123276226501,-0.0217187314204608,0.333418483349528,0.350316784984795,-1.50742540776973,-0,-0,0,402.980434438801,0,0
94.54,100,99.9998636852625,99.9994919609408,-0.000461789172553466,-0.015002847108171,0.336591781999431,0.112695806889158,2.49943410488797,-0,-0,0,402.980132723056,0,0
94.56,100,99.9998640741773,99.9994834309703,-0.000376773558003244,-0.00824772758158878,0.340741110133364,0.406712306686531,-0.304512232456117,-0,-0,0,402.980888793907,0,0
94.58,100,99.9998644619826,99.9994771517895,-0.00025203947137459,-0.00135221961308842,0.348129277909535,0.311696424256703,-3.17448310800044,-0,0,0,402.980976867785,0,0
94.6,100,99.9998648486813,99.9994730289038,-0.000174961592826863,0.00560486866807389,0.344722749633071,-0.128691017550406,-0.122676954847184,-0,0,0,402.980585117717,0,0
94.62,100,99.9998652342769,99.9994699180807,-0.000133656021666735,0.0123811491124702,0.332888947799556,-0.12968244706812,-3.90029008552093,-0,0,0,402.980990769327,0,0
94.64,100,99.9998656187722,99.9994673919872,-0.000135386100915542,0.0188577602665172,0.311775736943816,-0.601246035954862,-1.4366135603126,-0,-0,0,402.98096386759,0,0
94.66,100,99.9998660021706,99.9994641380365,-0.000192246896380589,0.0247819378546594,0.28004186859455,-0.70437298467934,2.3518649755807,-0,-0,0,402.980210512127,0,0
94.68,100,99.9998663844752,99.9994600050602,-0.000204216139306269,0.0300997850328598,0.254242886802636,-0.320797389440158,1.14272636114458,-0,-0,0,402.980335843874,0,0
94.7,100,99.9998667656889,99.9994564781975,-0.00013961581664889,0.0350244320231695,0.239404832582818,-0.137904474709882,-1.13115898980972,-0,0,0,402.980849380656,0,0
94.72,100,99.9998671458151,99.9994545216655,-5.94597592336962e-05,0.0396824359851904,0.22561024522916,-0.26229839916083,-5.45400487263833,-0,0,0,402.981296861607,0,0
94.74,100,99.9998675248568,99.9994535291527,-6.42942457902937e-05,0.0439488051343963,0.196943041882738,-0.909921345098272,5.94708471469858,-0,-0,0,402.980423637527,0,0
94.76,100,99.999867902817,99.999452194087,-3.42537491869153e-05,0.0475967920356049,0.173407168201928,-0.0502575713579814,-0.778320939754803,-0,0,0,402.981010658102,0,0
94.78,100,99.9998682796988,99.9994527831466,9.05285610692523e-05,0.0509800372273867,0.164334607413788,-0.142026461987946,1.13050557600621,-0,-0,0,402.981303151467,0,0
94.8,100,99.9998686555054,99.9994559122508,0.000229568592580957,0.0541799992820448,0.15667418168324,0.0159567835568184,0.64500566702092,-0,0,0,402.981537386712,0,0
94.82,100,99.9998690302398,99.9994621873892,0.000401946024195321,0.0572765177611,0.153460669160592,0.0933395228161283,-1.80410406313216,-0,-0,0,402.982327923306,0,0
94.84,100,99.9998694039051,99.9994718904685,0.000559723943208045,0.0602958957143738,0.146941382849216,-0.146467532385175,4.05390179571049,-0,-0,0,402.981585991072,0,0
94.86,100,99.9998697765042,99.9994848527391,0.000758104345637482,0.0631937451302846,0.146177417414833,0.377345383827613,0.073748785962395,-0,0,0,402.982764877857,0,0
94.88,100,99.9998701480403,99.9995026207374,0.00101805402755429,0.0662007442179551,0.154206472072891,0.335430338734429,-2.38270910982547,-0,0,0,402.983386133489,0,0
94.9,100,99.9998705185164,99.9995253023085,0.00123746544206275,0.0693097456600235,0.154473505061596,-0.00777648869162673,-3.74647824752724,-0,-0,0,402.983271502197,0,0
94.92,100,99.9998708879355,99.9995515063069,0.00136507090204158,0.0722750944250446,0.139091638192969,-0.476108113825772,2.84155249062621,-0,0,0,402.982480552472,0,0
94.94,100,99.9998712563007,99.9995799079786,0.0014921171304526,0.0748721337468622,0.123313754013816,-0.0589200897541586,5.17544773835638,-0,-0,0,402.984054346199,0,0
94.96,100,99.9998716236148,99.9996120678269,0.00175037306814591,0.0773458680669841,0.12819500866473,0.592473778575833,-4.07742333561861,-0,0,0,402.984877854703,0,0
94.98,100,99.999871989881,99.999649974011,0.00201774625027527,0.0800006202337024,0.133477284434392,0.00400144350758219,0.356058848078788,-0,-0,0,402.984507731729,0,0
95,100,99.9998723551022,99.9996923882441,0.00222598574237635,0.0826171046150076,0.128438890334991,0.0463200223994507,-2.2391566860155,-0,0,0,402.984807804437,0,0
95.02,100,99.9998727192814,99.9997388354191,0.00240793530626463,0.0851055002517667,0.11858539174176,-0.239332065869685,1.69106712022926,-0,-0,0,402.985580297029,0,0
95.04,100,99.9998730824216,99.999788701033,0.00258854808837134,0.0873579483714153,0.108215437468357,0.00118374335167081,-3.61466591707201,-0,0,0,402.985607837065,0,0
95.06,100,99.9998734445257,99.9998422063756,0.00274434179903688,0.0894045526926014,0.0935819290600013,-0.451085373127244,-3.22764766349346,-0,0,0,402.98523840364,0,0
95.08,100,99.9998738055967,99.9998978493472,0.00280622638102861,0.0910019146840427,0.0640370286760642,-0.794786173279591,-1.59306611116605,-0,-0,0,402.98503243181,0,0
95.1,100,99.9998741656376,99.9999541014744,0.00281471969565726,0.0919149138785358,0.0267668022243672,-0.889848065245009,2.54287996347047,-0,-0,0,402.984295857027,0,0
95.12,100,99.9998745246512,100.000010694494,0.00286105670946605,0.0921226630856752,-0.00312250889961924,-0.456162917169073,0.101688722114002,-0,0,0,402.984281193457,0,0
95.14,100,99.9998748826405,100.000068907548,0.00296240819554059,0.0918564160316862,-0.0229674894066807,-0.382698244044803,1.92117727223068,-0,-0,0,402.984946642078,0,0
95.16,100,99.9998752396085,100.000129453139,0.00310282585875041,0.0912537913612043,-0.0353992975755719,-0.0932883386378359,-0.609168471510851,-0,-0,0,402.984911326743,0,0
95.18,100,99.999875595558,100.000193159376,0.00326448557766249,0.0904691329061111,-0.0434439872770166,-0.15701925348595,-5.99604550922273,-0,0,0,402.984959654361,0,0
95.2,100,99.999875950492,100.000259353509,0.00332507323211861,0.0894137003790014,-0.0666694698592347,-0.883734213704952,-1.32362055389536,-0,-0,0,402.984247571857,0,0
95.22,100,99.9998763044133,100.000325512452,0.00328739904756432,0.0877105143530945,-0.103825455783666,-0.93165471781296,-8.32798048954751,-0,0,0,402.983910719046,0,0
95.24,100,99.9998766573249,100.0003899948,0.00312255109184394,0.0851396288024091,-0.158920580270784,-1.8458942768412,1.11552491976313,-0,-0,0,402.982658949747,0,0
95.26,100,99.9998770092296,100.000449929504,0.00288344934616408,0.0813005337918647,-0.222296262705761,-1.46105932697855,-1.82845179837352,-0,-0,0,402.982672319524,0,0
95.28,100,99.9998773601303,100.000505486925,0.00266794283661115,0.0762998311156429,-0.277772563226181,-1.49403643996697,1.37042466078289,-0,-0,0,402.981999116859,0,0
95.3,100,99.9998777100298,100.000556796519,0.00247435748649503,0.0702430998014228,-0.325331990136772,-1.12312346634749,-1.06859415354372,-0,0,0,402.981899105468,0,0
95.32,100,99.999878058931,100.000604623997,0.00230560604719942,0.063342248850737,-0.364457554106017,-1.1040354631831,2.08216545142295,-0,-0,0,402.982162854121,0,0
95.34,100,99.9998784068368,100.000649225206,0.00216704202853342,0.0557281404409057,-0.394185764751757,-0.694829576759627,-1.38750818682434,-0,0,0,402.982470319238,0,0
95.36,100,99.9998787537501,100.000691409319,0.00204458434665905,0.047620705639988,-0.416920558661105,-0.771753062887323,2.29690023794744,-0,-0,0,402.9825745988,0,0
95.38,100,99.9998790996735,100.000731119291,0.00193815922679782,0.0390988996941228,-0.432639822082902,-0.379576864368977,-1.3314215579289,-0,0,0,402.982697174846,0,0
95.4,100,99.99987944461,100.000768995577,0.00184129569224976,0.0303527772041628,-0.442594264041134,-0.491304250882444,1.82991666004948,-0,0,0,402.982500967792,0,0
95.42,100,99.9998797885624,100.00080477876,0.00174511149133122,0.0214245189830965,-0.448239881532685,-0.192719222180096,-0.00340042274753099,-0,0,0,402.983657754376,0,0
95.44,100,99.9998801315334,100.000838907379,0.00166530077252152,0.0124669069898825,-0.447273316763714,-0.163330590996544,3.24668037601235,-0,-0,0,402.98373008121,0,0
95.46,100,99.999880473526,100.000871623938,0.00161996744047707,0.0035963273913957,-0.437001583753525,0.266865167943204,1.14938973127393,-0,0,0,402.983901076749,0,0
95.48,100,99.9998808145428,100.000903997722,0.0016187441809521,-0.00494463236839596,-0.416382109954815,0.379071883859371,2.72521344706646,-0,0,0,402.984233081759,0,0
95.5,100,99.9998811545867,100.000936581854,0.00164851346633134,-0.0130068003765979,-0.387989675772802,0.672663371618124,2.75368695032425,-0,0,0,402.984781257451,0,0
95.52,100,99.9998814936604,100.000970272287,0.00172841179518233,-0.0203957217197422,-0.349321944956461,0.930810277202549,-2.03390698145256,-0,-0,0,402.985492928318,0,0
95.54,100,99.9998818317667,100.001005524784,0.00177997549412524,-0.0270003442592205,-0.313606863756524,0.555972484276591,0.693637036746666,-0,-0,0,402.984383968926,0,0
95.56,100,99.9998821689083,100.00104111821,0.00177813463675586,-0.0329866038562677,-0.284969489952106,0.571404399186701,4.55904724460984,-0,0,0,402.98424320585,0,0
95.58,100,99.9998825050881,100.001077000535,0.00182829117341281,-0.0383339551868971,-0.246676241232327,1.06732992240318,10.4299112560981,-0,-0,0,402.985328584253,0,0
95.6,100,99.9998828403087,100.001115518952,0.00206886053223407,-0.0426463914866955,-0.177337898048101,2.21992352094715,3.35262243065502,-0,-0,0,402.985768682294,0,0
95.62,100,99.999883174573,100.001160744961,0.00245906635283715,-0.045276964720429,-0.0851995026238658,2.34430920737619,3.64908815678545,-0,0,0,402.985760730681,0,0
95.64,100,99.9998835078835,100.001214127554,0.00288616289835634,-0.0460313481175598,0.0103918229884157,2.48982791104671,0.63021320312479,-0,0,0,402.986960469248,0,0
95.66,100,99.9998838402431,100.001276161303,0.00330918851249351,-0.0448888366921266,0.101950195376252,2.23859031706368,3.0417112739579,-0,-0,0,402.987614167445,0,0
95.68,100,99.9998841716545,100.001346457717,0.00372619618220282,-0.0419856102154385,0.1885901193223,2.31908015919081,-1.58943376088438,-0,0,0,402.987629430145,0,0
95.7,100,99.9998845021203,100.001424969363,0.00410793850944092,-0.037414480355934,0.264994814037298,1.81105956188368,1.14097029668209,-0,-0,0,402.987260115674,0,0
95.72,100,99.9998848316432,100.001510432598,0.00443782375883532,-0.0314724824129133,0.328314611082535,1.71011055799933,-6.73285988446602,-0,0,0,402.987300369816,0,0
95.74,100,99.9998851602261,100.001601671806,0.00464729184612964,-0.0244451310374214,0.367401369055302,0.640670576409008,1.43608867184563,-0,-0,0,402.986457853781,0,0
95.76,100,99.9998854878714,100.001695715108,0.00476405401623875,-0.016902348949448,0.387337384093744,0.730834595971353,-3.76685742353058,-0,0,0,402.986549610988,0,0
95.78,100,99.999885814582,100.00179197559,0.00484286842657838,-0.00902047275084869,0.397118830171286,0.161378730011777,1.91700311144436,-0,-0,0,402.986780392873,0,0
95.8,100,99.9998861403604,100.001889301314,0.00490149627481329,-0.00106247332497644,0.399986476632542,0.375488653475491,2.08915366630148,-0,-0,0,402.987487249901,0,0
95.82,100,99.9998864652094,100.001988503424,0.00503032207670157,0.00702977425081266,0.410469280439622,0.581939628026687,1.86223690195887,-0,0,0,402.987770289403,0,0
95.84,100,99.9998867891315,100.002090936175,0.00522252522738007,0.0153977435468422,0.427182303866023,0.733042083089543,-3.90136583538591,-0,0,0,402.988394794131,0,0
95.86,100,99.9998871121295,100.002197184155,0.00538256858642467,0.024053541253903,0.434552947213439,0.145601101214243,-0.23686137538002,-0,0,0,402.988371311852,0,0
95.88,100,99.9998874342059,100.002305882011,0.00548847960042064,0.032697679949755,0.429480107258644,0.0931028214778744,0.766556110762408,-0,0,0,402.989056252971,0,0
95.9,100,99.9998877553635,100.002416879653,0.00561769256055707,0.0412349949557825,0.424714706153203,0.172538355376225,-2.67426039615894,-0,0,0,402.989799653427,0,0
95.92,100,99.9998880756047,100.002530483998,0.00573156196467118,0.0496466573260292,0.414116839775979,-0.188252950221362,-5.83998691788542,-0,0,0,402.989514185864,0,0
95.94,100,99.9998883949323,100.002645402435,0.00573490807099934,0.0576612876653895,0.382860717202475,-0.895860042765347,-1.99521778684813,-0,-0,0,402.988684055237,0,0
95.96,100,99.9998887133488,100.00275932107,0.00565373543506564,0.0648587175555457,0.336125936761686,-1.02945318951858,3.2937384736697,-0,0,0,402.988777481219,0,0
95.98,100,99.9998890308569,100.002871969756,0.00563447462012566,0.0711657276591982,0.298136174350727,-0.4850628124911,-5.21658175462194,-0,-0,0,402.989997624367,0,0
96,100,99.9998893474591,100.002984703454,0.00561702708193051,0.0767762104277191,0.259221814198353,-1.07488569766014,4.15978473642747,-0,-0,0,402.989008130402,0,0
96.02,100,99.999889663158,100.003096786082,0.00561843060094781,0.0815526356027633,0.222714996608728,-0.416892191367902,0.0493721344930953,-0,-0,0,402.989569257526,0,0
96.04,100,99.9998899779562,100.003210038882,0.00571026358389614,0.0857763399363458,0.200073099852319,-0.358234733419603,-8.67668970590175,-0,0,0,402.989629609308,0,0
96.06,100,99.9998902918562,100.003324430427,0.00568847560734738,0.0894278552832216,0.158552943662218,-1.39444334723121,-1.42763653511665,-0,-0,0,402.988835023264,0,0
96.08,100,99.9998906048607,100.0034367954,0.00554810414242196,0.091996771807809,0.098540594874597,-1.39004479934734,-2.28263224461721,-0,0,0,402.988313506051,0,0
96.1,100,99.9998909169722,100.003546261222,0.00539388113487194,0.0933636824306042,0.0376879931226528,-1.49115596328378,0.255371220909039,-0,-0,0,402.988468017378,0,0
96.12,100,99.9998912281932,100.003652626963,0.00525071213818848,0.0935296205024916,-0.0194494105057159,-1.26250558577013,1.20640841192328,-0,0,0,402.988513083865,0,0
96.14,100,99.9998915385262,100.003756678073,0.00516570893460585,0.092662924250663,-0.0650309167783044,-0.944098472477387,-0.986289885029845,-0,-0,0,402.9894292815,0,0
96.16,100,99.9998918479739,100.003859445989,0.00510965291339398,0.0909738385059626,-0.10372706027037,-0.941697635052663,-1.51801449720165,-0,-0,0,402.989419593757,0,0
96.18,100,99.9998921565386,100.003960946599,0.00503602468783732,0.0885111707218907,-0.142810637691253,-1.00622243173953,-2.31452566105673,-0,0,0,402.988813130079,0,0
96.2,100,99.999892464223,100.004060631023,0.00492412275475281,0.0852389131602461,-0.185244680765003,-1.16059045647229,-2.52069679479889,-0,-0,0,402.988449852456,0,0
96.22,100,99.9998927710296,100.004157567469,0.00476062132054168,0.0810679624712808,-0.232689242946629,-1.31992044347114,0.388770421055668,-0,-0,0,402.987914704095,0,0
96.24,100,99.9998930769609,100.004251006703,0.00458930033552533,0.0759488871494596,-0.277596565594144,-1.09457980269546,-1.06209683486678,-0,0,0,402.988033688648,0,0
96.26,100,99.9998933820193,100.004341203658,0.00442785032378975,0.0700009442640754,-0.316931542175659,-1.07914693179819,2.81228497120405,-0,-0,0,402.988243535058,0,0
96.28,100,99.9998936862073,100.004428408908,0.00430904087475235,0.0633457305230906,-0.345277832787447,-0.58313911110672,-2.41013829362534,-0,-0,0,402.988430340218,0,0
96.3,100,99.9998939895275,100.004513634307,0.00420139396993995,0.0562269193804345,-0.367897408789792,-0.804465287286786,2.80915054596702,-0,-0,0,402.987312191371,0,0
96.32,100,99.9998942919822,100.004596533633,0.00410329481160737,0.0486682248354003,-0.384926019127368,-0.345377338428675,0.261586476013107,-0,-0,0,402.987025363314,0,0
96.34,100,99.9998945935741,100.004678050378,0.00404827254729103,0.0409010316848427,-0.391198660880178,-0.264135149877545,1.16924343605207,-0,-0,0,402.986726727616,0,0
96.36,100,99.9998948943055,100.004758545657,0.0040052931494046,0.0330574552848815,-0.391923869383229,-0.0801353137915673,-1.08005098810631,-0,0,0,402.986767248645,0,0
96.38,100,99.9998951941789,100.004838176743,0.00394985738140676,0.0252329823461786,-0.391242686515498,-0.200770376102815,4.46225249677727,-0,0,0,402.986589018552,0,0
96.4,100,99.9998954931967,100.004916801967,0.00393289364799853,0.0174724348454084,-0.381034396955537,0.386038056464104,1.07140816127901,-0,0,0,402.987549636252,0,0
96.42,100,99.9998957913614,100.004995900823,0.00397773337397243,0.0100755405883701,-0.35812794196327,0.471712400547776,4.91591575205244,-0,-0,0,402.987688510444,0,0
96.44,100,99.9998960886755,100.005076330571,0.00408489185653445,0.00322980326500132,-0.322971183180576,1.02462617742586,5.91152019667562,-0,0,0,402.988034595639,0,0
96.46,100,99.9998963851412,100.005160138228,0.00431824762653765,-0.00269876612293316,-0.266157069718092,1.62911694838144,3.20110459287788,-0,-0,0,402.989393394656,0,0
96.48,100,99.9998966807612,100.00524962865,0.00463726373221978,-0.00732392722569759,-0.195374554128486,1.81322943464421,0.823267811398345,-0,0,0,402.989113459175,0,0
96.5,100,99.9998969755377,100.005345638132,0.00495808513122938,-0.0105171505808097,-0.125018903592701,1.6775740969676,-1.21439627544026,-0,0,0,402.989797812049,0,0
96.52,100,99.9998972694732,100.005447543058,0.00521783234247943,-0.0123986020495088,-0.0656866149240502,1.30514997124057,-5.93326235910855,-0,0,0,402.990127377439,0,0
96.54,100,99.9998975625701,100.005553329444,0.00532491476900888,-0.0133175373849287,-0.0321472462295313,0.392758163946198,-0.121799328904576,-0,0,0,402.989353361126,0,0
96.56,100,99.9998978548307,100.005659790984,0.00531872445986132,-0.0138089876438596,-0.0174715995012751,0.325466417142875,1.1861188640738,-0,-0,0,402.989271516438,0,0
96.58,100,99.9998981462575,100.005766120329,0.00531861898291415,-0.0140126117222844,-0.00226866121389603,0.429988242949545,-0.200536779747096,-0,0,0,402.989355067817,0,0
96.6,100,99.9998984368529,100.005872562659,0.00532278134191528,-0.0138996730477596,0.0129906366704839,0.348349531849138,-4.71901194138596,-0,0,0,402.98977370912,0,0
96.62,100,99.9998987266192,100.005978465302,0.00524264057474347,-0.0135886029992633,0.0140471229345412,-0.286633384804252,-0.457993501114201,-0,-0,0,402.988990054177,0,0
96.64,100,99.9998990155587,100.006081771352,0.00508724822349391,-0.0134182203412148,0.00289887661236411,-0.306532089478726,-0.206886140065714,-0,0,0,402.988517676158,0,0
96.66,100,99.9998993036739,100.00618195287,0.0049314815615787,-0.0134717289977008,-0.00811697315148077,-0.291424329777534,-0.0110213753936845,-0,0,0,402.988776328509,0,0
96.68,100,99.9998995909671,100.00627907067,0.00478169244595461,-0.013734632449464,-0.0178999364287417,-0.253954933418618,-1.66972552929341,-0,0,0,402.988942789495,0,0
96.7,100,99.9998998774406,100.006373101584,0.00461430700129645,-0.0142047170908524,-0.0301790683354718,-0.427941167490365,-2.91503656161617,-0,0,0,402.989013122929,0,0
96.72,100,99.9999001630968,100.006463247171,0.0043877386266408,-0.0150015448031348,-0.0513799326659873,-0.732601248530168,2.54419163381753,-0,-0,0,402.989886573232,0,0
96.74,100,99.9999004479379,100.006548694698,0.00417281406342858,-0.0162394107116996,-0.0696884139077053,-0.318523802551289,1.31528731347937,-0,-0,0,402.989711055025,0,0
96.76,100,99.9999007319665,100.006630623977,0.00402776521163386,-0.0177085203691721,-0.0758706010405747,-0.112086579042116,2.45299854320047,-0,-0,0,402.989611992284,0,0
96.78,100,99.9999010151846,100.006710207518,0.00394291044562662,-0.0192054465131784,-0.0717684831061016,0.209092677224934,0.0749913392707963,-0,0,0,402.989858452798,0,0
96.8,100,99.9999012975947,100.006788559868,0.00389136343357586,-0.0205424569652508,-0.0620690705433618,0.191076659288011,-3.47830259007711,-0,0,0,402.989708575521,0,0
96.82,100,99.9999015791991,100.006865463235,0.00378051970256302,-0.0217516950950821,-0.061779646509505,-0.267162395020592,4.522036987009,-0,-0,0,402.98936340785,0,0
96.84,100,99.9999018600001,100.006939904974,0.00368706077323636,-0.0229903729590871,-0.0582596832467638,0.33128849699145,-4.29596547758989,-0,0,0,402.989062016746,0,0
96.86,100,99.9999021399999,100.007012923143,0.00359162292029155,-0.024085388450404,-0.0549490358539077,-0.247535435443979,-1.66052825652741,-0,0,0,402.988582028527,0,0
96.88,100,99.9999024192009,100.007082970181,0.00340576365395318,-0.0252820616879345,-0.0657857146726897,-0.421130426615738,-3.04718768236064,-0,0,0,402.988372638458,0,0
96.9,100,99.9999026976052,100.007148734056,0.00315713597252527,-0.0267788774267184,-0.085890685754454,-0.744601803271572,0.91652420985141,-0,-0,0,402.987828813847,0,0
96.92,100,99.9999029752153,100.007209150077,0.00289205283735908,-0.0287259782481593,-0.107367368731156,-0.530718306342461,-5.26586715924136,-0,0,0,402.987900721515,0,0
96.94,100,99.9999032520333,100.007264063177,0.00257494753589306,-0.0311211557472064,-0.13578797708846,-1.11601974878619,4.49518832937217,-0,-0,0,402.98685841495,0,0
96.96,100,99.9999035280616,100.007312226767,0.00226813828151363,-0.0341311689133431,-0.160574498659982,-0.407084712470064,-4.05200150033611,-0,0,0,402.986762928499,0,0
96.98,100,99.9999038033023,100.007354912333,0.00198124289381631,-0.0375126114656193,-0.180355365893655,-0.856009348576352,-6.54534452962481,-0,0,0,402.986549934622,0,0
97,100,99.9999040777577,100.007390494572,0.00154736447497759,-0.0414889238882391,-0.221594748663959,-1.55589963970728,7.34136953288463,-0,-0,0,402.985996695728,0,0
97.02,100,99.9999043514301,100.007417104941,0.00115603171947012,-0.0463072888436085,-0.252916337897483,-0.432481110353988,0.878209070689495,-0,0,0,402.986545433001,0,0
97.04,100,99.9999046243217,100.007437657646,0.00090406926341903,-0.0514404382295065,-0.259255328428053,-0.262773399426124,0.889755963652263,-0,-0,0,402.986767115797,0,0
97.06,100,99.9999048964348,100.007453445481,0.000678773459257172,-0.0566348684835513,-0.25920201229779,-0.114572740957771,5.64308632021223,-0,-0,0,402.98661061104,0,0
97.08,100,99.9999051677714,100.007465444011,0.000548095090287216,-0.0616938962318888,-0.242106715282961,0.606065812891713,4.52104851870684,-0,0,0,402.986780111826,0,0
97.1,100,99.9999054383339,100.007476269888,0.000552777318962353,-0.0661678122460947,-0.202269173152022,1.09216719648061,7.10339318862595,-0,-0,0,402.987636654225,0,0
97.12,100,99.9999057081245,100.00748851083,0.000700485293837667,-0.0696312186017748,-0.139493467135511,1.83494788782442,-4.76879975734322,-0,0,0,402.988616800388,0,0
97.14,100,99.9999059771454,100.007504179409,0.000833551174221237,-0.0717741095644179,-0.0803196306341826,0.999049604934648,3.68913114978181,-0,-0,0,402.988299501778,0,0
97.16,100,99.9999062453987,100.007521494361,0.000911469445870603,-0.0729099799779128,-0.0313161627298479,1.32706992405658,3.88848893404447,-0,-0,0,402.988542839239,0,0
97.18,100,99.9999065128867,100.007541175368,0.00106996386690803,-0.0729520283336943,0.028892668501403,1.63534469317853,-1.52644517238873,-0,0,0,402.98839520101,0,0
97.2,100,99.9999067796115,100.007564251497,0.00122309811758388,-0.071778138313325,0.085699769043606,1.22802691224524,-3.67333446262723,-0,0,0,402.988180864356,0,0
97.22,100,99.9999070455754,100.007589344522,0.00126328639939022,-0.0696634158645989,0.121667570018487,0.606898655461643,-4.88635854198428,-0,0,0,402.987882270264,0,0
97.24,100,99.9999073107804,100.007613806208,0.00115706205480477,-0.0670835900606277,0.131846769678624,-0.0834032383256479,0.361359424692172,-0,-0,0,402.987359930279,0,0
97.26,100,99.9999075752288,100.0076351983,0.000985666064185688,-0.0644686844767051,0.129983855432004,-0.0284571439634788,0.575763493603084,-0,0,0,402.987228291364,0,0
97.28,100,99.9999078389227,100.007653389675,0.000837771711908825,-0.0618681785597006,0.130523735845172,0.0459531144184342,6.90863497808109,-0,-0,0,402.987143164897,0,0
97.3,100,99.9999081018642,100.00766952249,0.00081096822521773,-0.0591268319656725,0.149002927725853,0.900574531756309,-0.802102252640025,-0,-0,0,402.988435077106,0,0
97.32,100,99.9999083640556,100.007686377436,0.000867734715917033,-0.0558358695609739,0.178557089291306,0.678849279149286,-4.10380411620406,-0,0,0,402.987563720855,0,0
97.34,100,99.9999086254989,100.007703647388,0.000837303449561638,-0.0520959958928395,0.191500636673188,0.0753734120653028,-0.602057073792257,-0,-0,0,402.986742553023,0,0
97.36,100,99.9999088861963,100.007719408848,0.000737181110996855,-0.0482637902398766,0.191139493747783,-0.0113737570315586,1.95709224365256,-0,0,0,402.986578028655,0,0
97.38,100,99.9999091461499,100.007733338107,0.00066720618214872,-0.0444298774940888,0.193780344842891,0.232916231545729,5.24852715877129,-0,-0,0,402.987151738249,0,0
97.4,100,99.9999094053618,100.007746869128,0.000712585081426436,-0.04040214096875,0.2128856512238,0.854991378477001,-0.740465831823886,-0,-0,0,402.988162101851,0,0
97.42,100,99.9999096638342,100.007762238503,0.000818463223395408,-0.0358693865071443,0.238943796108695,0.64703295521544,6.35317193560032,-0,-0,0,402.987856026482,0,0
97.44,100,99.9999099215692,100.007780121134,0.00100028716969698,-0.0307818031671478,0.274165548617471,1.34998928806215,-6.23414593006528,-0,0,0,402.988039220513,0,0
97.46,100,99.9999101785689,100.007802118235,0.00116430661027335,-0.0249493209999308,0.302810414839043,0.390716380517432,-3.42234265154517,-0,0,0,402.986893866167,0,0
97.48,100,99.9999104348352,100.007825671735,0.00117456110325225,-0.0188554881372691,0.303448596738761,-0.0904362325096704,-1.63927320188884,-0,-0,0,402.986549956723,0,0
97.5,100,99.9999106903705,100.007848668841,0.00111971243876156,-0.0128977509216703,0.291070613301648,-0.286135577532619,-1.92232463685311,-0,0,0,402.98596801235,0,0
97.52,100,99.9999109451767,100.007870230198,0.00103040268486722,-0.00726359897615505,0.271063989501223,-0.490050326670324,-3.8651124381971,-0,0,0,402.98607884018,0,0
97.54,100,99.9999111992559,100.007889460711,0.000877711422810605,-0.00213434776632459,0.239242099972706,-0.909565546690118,0.984391856754028,-0,0,0,402.985434177011,0,0
97.56,100,99.9999114526102,100.007905272674,0.000714377867331596,0.00228930562774895,0.204749799976812,-0.66783492082609,-2.32994964213169,-0,-0,0,402.986006056781,0,0
97.58,100,99.9999117052417,100.007918103191,0.000561657102455801,0.00606160879748559,0.171255761999733,-0.871822918667186,-6.77597538113922,-0,0,0,402.985541123425,0,0
97.6,100,99.9999119571523,100.007927017011,0.000301274169612139,0.0090215704542692,0.120204377835518,-1.60285224081044,-3.4343152246508,-0,0,0,402.984301418794,0,0
97.62,100,99.9999122083443,100.007929420519,-6.97158588803559e-05,0.0107577126919796,0.0522330004503515,-1.81883590108562,3.47421091032772,-0,-0,0,402.984210518297,0,0
97.64,100,99.9999124588196,100.007924594244,-0.000386879901651165,0.0111817173430082,-0.00533782073134069,-1.14494184427566,4.47825633926488,-0,0,0,402.984599325855,0,0
97.66,100,99.9999127085803,100.007915016846,-0.000543369000136641,0.0107275891708566,-0.0354273212187151,-0.434332506194824,-2.86990960265526,-0,0,0,402.985470080118,0,0
97.68,100,99.9999129576284,100.007903134565,-0.000657430721218229,0.00981607327726663,-0.0575647625604313,-0.733958430208883,-1.01624847179388,-0,0,0,402.985180327312,0,0
97.7,100,99.999913205966,100.007888431881,-0.000814971428064248,0.00838772921605979,-0.0853556259069703,-0.762871693685576,-0.521593397966403,-0,-0,0,402.984878450443,0,0
97.72,100,99.999913453595,100.007870499568,-0.000978025410415676,0.00640714990640417,-0.112370770805812,-0.726794432697459,-3.14440490351459,-0,-0,0,402.984060940286,0,0
97.74,100,99.9999137005175,100.007849044559,-0.00118063357073523,0.00386247177580024,-0.143868115061734,-1.02209497956449,8.11292241148862,-0,-0,0,402.982937367617,0,0
97.76,100,99.9999139467356,100.007823918143,-0.0012879963498077,0.000771388446802948,-0.157823144581106,0.123834904924828,4.64537163303817,-0,-0,0,402.984113869554,0,0
97.78,100,99.9999141922512,100.007798819724,-0.00120047811338356,-0.00223290175421558,-0.139032959382407,0.688187794635793,-7.8738345461499,-0,0,0,402.984860497519,0,0
97.8,100,99.9999144370662,100.007775421018,-0.00118276039920864,-0.00486375427572435,-0.130919599546903,-0.38359393064791,-1.75321757034431,-0,-0,0,402.983544225867,0,0
97.82,100,99.9999146811829,100.00775050491,-0.00131674629581143,-0.00762298884912108,-0.146004117997587,-0.550485986527209,5.04609191030313,-0,-0,0,402.982835839627,0,0
97.84,100,99.999914924603,100.007723145596,-0.00139259065520446,-0.010628915337619,-0.150054464121105,0.152558126438844,-2.8641104926415,-0,0,0,402.983097121018,0,0
97.86,100,99.9999151673287,100.007694988073,-0.00143915888916684,-0.0135873921643971,-0.148183553036918,-0.223237534321257,0.48794746824642,-0,0,0,402.982628463855,0,0
97.88,100,99.9999154093618,100.007665319139,-0.00152528488307604,-0.016589466229767,-0.151402998025023,-0.131165121236223,5.50677351856654,-0,-0,0,402.982709191303,0,0
97.9,100,99.9999156507044,100.00763457937,-0.00152175325275612,-0.0195380499470828,-0.138963803386664,0.573544614274088,2.62194728846097,-0,-0,0,402.982888015763,0,0
97.92,100,99.9999158913584,100.007605166654,-0.00141004224827695,-0.0220294320608604,-0.108636925394636,0.826201380885826,0.228116157664438,-0,0,0,402.983571408761,0,0
97.94,100,99.9999161313258,100.007578292324,-0.00128075581894603,-0.0238663657002152,-0.075658364487336,0.746641850803709,4.33923045058363,-0,0,0,402.983937362723,0,0
97.96,100,99.9999163706086,100.007554235713,-0.00110718287641753,-0.0250108168824704,-0.0360650355911933,1.19045807130029,-3.58965728416101,-0,0,0,402.98535365283,0,0
97.98,100,99.9999166092087,100.007533865268,-0.000953374552721776,-0.0253391976743111,-0.00075590206290178,0.585471293581916,-3.06606961127998,-0,0,0,402.984855731485,0,0
98,100,99.9999168471281,100.007515276561,-0.000923353458789357,-0.0251801289674454,0.0136705652182682,0.125325583653315,2.20329792062153,-0,-0,0,402.984128470556,0,0
98.02,100,99.9999170843686,100.007496802586,-0.00091343499509431,-0.0248165454756882,0.0243044880929668,0.383617762517542,-3.9410112734751,-0,0,0,402.984591783111,0,0
98.04,100,99.9999173209323,100.007478511162,-0.000936786726186297,-0.0242493050613092,0.0289298310876546,-0.158710815994684,-0.318834815366999,-0,-0,0,402.983984394999,0,0
98.06,100,99.9999175568211,100.007458911033,-0.00102375671430326,-0.0237289043456392,0.0230035300131044,-0.177822077659997,0.701931776698256,-0,0,0,402.983680408509,0,0
98.08,100,99.9999177920369,100.007437645125,-0.00109824086966696,-0.0233162603503233,0.018980853289379,-0.0669296525484338,-0.124708583309844,-0,-0,0,402.983638129186,0,0
98.1,100,99.9999180265815,100.00741506929,-0.00115940440916656,-0.0229565919468902,0.0169468590059842,-0.0736996044511684,-5.88927084634479,-0,0,0,402.983530573803,0,0
98.12,100,99.999918260457,100.00739067649,-0.00130859174894873,-0.0227345163107944,0.0006741991724834,-0.798237822601384,-2.4856089665705,-0,-0,0,402.982546966465,0,0
98.14,100,99.9999184936653,100.007361992171,-0.00156838847597483,-0.0230429926990067,-0.0327173516324477,-1.00212718792601,3.44239972373764,-0,-0,0,402.982031654976,0,0
98.16,100,99.9999187262082,100.007328220424,-0.0017871705289107,-0.0239895778591168,-0.0582549514215896,-0.440074116438483,-2.09702671071562,-0,-0,0,402.982025438075,0,0
98.18,100,99.9999189580876,100.007290745421,-0.00196906300138648,-0.0253276199304264,-0.0767803429152408,-0.64322579187503,-4.6776887721006,-0,0,0,402.981016922539,0,0
98.2,100,99.9999191893054,100.007248861736,-0.00224000120434287,-0.0271483076019084,-0.108350474566043,-1.13947611764047,1.32574789501376,-0,-0,0,402.980695905768,0,0
98.22,100,99.9999194198636,100.007200974954,-0.00253746548604164,-0.0296757429196627,-0.142233423261506,-0.821848171358307,-3.19634701499099,-0,0,0,402.980689445116,0,0
98.24,100,99.999919649764,100.007147313904,-0.00284160003008388,-0.0328315572292,-0.175059141169553,-1.10913631900193,0.75600144116827,-0,-0,0,402.980499912192,0,0
98.26,100,99.9999198790084,100.007087219734,-0.00316006610660041,-0.0366759738370698,-0.207697934656073,-0.866581572932118,-1.92197879898721,-0,0,0,402.979876516419,0,0
98.28,100,99.9999201075988,100.007020919999,-0.00347678721565999,-0.0411206251143095,-0.237423320959049,-0.988923839705885,-1.00365636776427,-0,0,0,402.979454327119,0,0
98.3,100,99.9999203355371,100.006947975257,-0.00381960392724007,-0.0461815091494264,-0.268470210635544,-0.979636046883749,-2.46073263403863,-0,0,0,402.979586343126,0,0
98.32,100,99.999920562825,100.006867905251,-0.00419680514187633,-0.0518756117926992,-0.30190161344825,-1.15292849090729,0.877744036621244,-0,0,0,402.97947024068,0,0
98.34,100,99.9999207894644,100.00678008075,-0.0045778863617094,-0.0582376959442892,-0.332463291768605,-0.887278070342655,3.04947635758811,-0,-0,0,402.979374348197,0,0
98.36,100,99.9999210154572,100.006685293615,-0.0048836894626997,-0.0650697474221823,-0.347435093752942,-0.385721265577456,1.46810435947178,-0,-0,0,402.979659661888,0,0
98.38,100,99.9999212408053,100.006585207212,-0.0051181232486339,-0.072038560388094,-0.347878675892068,-0.148813974732038,4.94299728777874,-0,-0,0,402.97889824863,0,0
98.4,100,99.9999214655104,100.006481175732,-0.00526199435142895,-0.0788697073628867,-0.331154362250354,0.48963771899632,1.98722141211063,-0,-0,0,402.978456823224,0,0
98.42,100,99.9999216895744,100.006375288628,-0.00532117126568366,-0.0851824638833688,-0.298991178349203,0.675248731926684,4.99268605877739,-0,-0,0,402.977973490079,0,0
98.44,100,99.9999219129991,100.006268846286,-0.00530316275047669,-0.0907384681418817,-0.253288431823784,1.21074566213783,-4.21924461587671,-0,0,0,402.978020637121,0,0
98.46,100,99.9999221357864,100.006162971752,-0.00531227325184843,-0.0953429857906064,-0.211635874051698,0.527652311783555,-5.8850777349616,-0,0,0,402.977701067536,0,0
98.48,100,99.9999223579381,100.0060551372,-0.00550396705523797,-0.0993970020623695,-0.198903119929032,-0.273215410455223,5.17636934368275,-0,-0,0,402.976821973727,0,0
98.5,100,99.9999225794559,100.005942712885,-0.00571243354929301,-0.103307328077543,-0.187760122130275,0.41059099288519,4.25852656853353,-0,0,0,402.977149355419,0,0
98.52,100,99.9999228003418,100.005827524259,-0.00578801747419153,-0.106761009899294,-0.15462306994626,0.889634755345027,-0.761271057576402,-0,-0,0,402.977733347573,0,0
98.54,100,99.9999230205974,100.005711374022,-0.0058355487490085,-0.109464781601684,-0.117206354350107,0.678350623103308,-3.26781291955703,-0,0,0,402.977122689378,0,0
98.56,100,99.9999232402247,100.00559353034,-0.00596852160331917,-0.111544460900195,-0.0939890025074459,0.183309795397356,8.92283652450489,-0,-0,0,402.976888457972,0,0
98.58,100,99.9999234592253,100.005473144101,-0.00602672097750156,-0.113143598883734,-0.0590491523972462,1.27316406732805,-0.842950928059861,-0,0,0,402.9781529064,0,0
98.6,100,99.9999236776011,100.005353098214,-0.0059878469756241,-0.113813167100645,-0.00980439089844395,1.00061333685917,1.43651963011583,-0,0,0,402.978056754861,0,0
98.62,100,99.9999238953539,100.005233497737,-0.00596922118032757,-0.11356904502379,0.0343767571415134,1.04789664180474,-0.214363595630579,-0,0,0,402.978255076075,0,0
98.64,100,99.9999241124854,100.005114281551,-0.00595751835220957,-0.112459857130929,0.075347921672489,0.88294118682141,1.63742123581249,-0,0,0,402.978416219373,0,0
98.66,100,99.9999243289975,100.004995203527,-0.00594512669799277,-0.110569364739724,0.114126113123258,0.970697402837524,1.15951879054473,-0,-0,0,402.979111491605,0,0
98.68,100,99.9999245448917,100.004876630162,-0.00590963936410868,-0.10788763041178,0.153993053882953,0.984974983428792,2.40116228532916,-0,-0,0,402.978370235245,0,0
98.7,100,99.9999247601701,100.004759052199,-0.00583918246283097,-0.104391805718443,0.196500506427213,1.1523196320805,-0.974384551788704,-0,-0,0,402.978234018808,0,0
98.72,100,99.9999249748342,100.004643065699,-0.00576779243354496,-0.100050082770764,0.235745055644202,0.875567818546183,-0.47746965295761,-0,0,0,402.97714490532,0,0
98.74,100,99.9999251888859,100.004528090496,-0.00573397876407797,-0.0950255755509041,0.26544301576834,0.698588598195236,-1.42998189582502,-0,0,0,402.977220163508,0,0
98.76,100,99.9999254023269,100.004413459459,-0.0057371122607145,-0.0894951938230307,0.285746042071396,0.42583317456284,-0.76714218488432,-0,-0,0,402.977001315949,0,0
98.78,100,99.9999256151589,100.004298382453,-0.00577391426807011,-0.0836536062752741,0.297345763509643,0.27126381264254,3.84540995918339,-0,-0,0,402.976560319462,0,0
98.8,100,99.9999258273837,100.004182857991,-0.00575813346261412,-0.0775652778607956,0.314215247775314,0.712579911891889,-2.2601105675026,-0,-0,0,402.977146871039,0,0
98.82,100,99.999926039003,100.004068207152,-0.00571890320531134,-0.0710848937607298,0.331295352939351,0.333229242070236,2.57239876685307,-0,-0,0,402.976312962046,0,0
98.84,100,99.9999262500185,100.003954156651,-0.00567219214404472,-0.0643278323253703,0.346069671241024,0.60718701914351,-4.50951812883359,-0,0,0,402.976697089595,0,0
98.86,100,99.999926460432,100.003841128003,-0.00565310381501958,-0.057297446337493,0.352772411584598,-0.0374112684987545,-1.63138920797685,-0,0,0,402.976690797194,0,0
98.88,100,99.9999266702452,100.00372749118,-0.0057157280005282,-0.0503250463410875,0.343161994231484,-0.238579202210636,0.446485730264558,-0,0,0,402.976476569117,0,0
98.9,100,99.9999268794598,100.003612522657,-0.00577510407288673,-0.0435850986070216,0.331366950146898,-0.153631491144534,2.10677102317887,-0,-0,0,402.97679442035,0,0
98.92,100,99.9999270880774,100.003496887017,-0.00577471291044336,-0.0370233737227133,0.326569688859267,0.126802357636746,-1.17079376122758,-0,0,0,402.977141320222,0,0
98.94,100,99.9999272960999,100.003381720049,-0.00574591488591369,-0.0305110660374689,0.323565367999502,-0.0387379392641786,-4.36737813731665,-0,0,0,402.976902785039,0,0
98.96,100,99.9999275035289,100.003266580642,-0.0057871152203491,-0.024173841619564,0.306701305531921,-0.580120812859794,1.86125862874205,-0,-0,0,402.976705464321,0,0
98.98,100,99.999927710366,100.003150157853,-0.0058409386426315,-0.018268350034758,0.28583618848127,-0.273395497711087,-2.87222141430534,-0,0,0,402.977124073351,0,0
99,100,99.999927916613,100.003032994417,-0.00588632152074997,-0.0127445319472533,0.264502554452684,-0.597177407175834,-1.40156579513508,-0,-0,0,402.9769634716,0,0
99.02,100,99.9999281222716,100.002914445806,-0.00597084160027589,-0.00773946754628392,0.235436308485769,-0.694875651817563,-7.27290962743202,-0,0,0,402.976706311596,0,0
99.04,100,99.9999283273435,100.002793472135,-0.00615778842774359,-0.003444210659791,0.188985849636358,-1.51073890131867,-0.299938600673543,-0,-0,0,402.976003253251,0,0
99.06,100,99.9999285318302,100.002667667817,-0.00641584577676199,-0.000253635394804486,0.13126533674182,-1.34961068562423,4.01240201806014,-0,-0,0,402.975538986705,0,0
99.08,100,99.9999287357336,100.002537528056,-0.00657102664909302,0.00192213153075225,0.0907719956497753,-0.670494972994526,2.12952535294279,-0,-0,0,402.976608620308,0,0
99.1,100,99.9999289390552,100.002405646802,-0.00660285529770773,0.00351159073923935,0.0704909089360444,-0.316844432470687,-2.07884855889765,-0,-0,0,402.976707322482,0,0
99.12,100,99.9999291417967,100.002273515416,-0.00661879972187312,0.00475842802507676,0.052841011541391,-0.535486608570303,5.37459955893899,-0,-0,0,402.975542123725,0,0
99.14,100,99.9999293439597,100.002141335875,-0.00656968379533017,0.00569798841757094,0.0458718043595262,0.205321225080608,5.43567156453764,-0,0,0,402.976249430689,0,0
99.16,100,99.999929545546,100.002011841916,-0.00635338147326526,0.00677025204232793,0.0654529657175019,0.856749883785997,4.13626551876354,-0,-0,0,402.977930812138,0,0
99.18,100,99.9999297465572,100.001888060638,-0.0060078423645464,0.00844580768540219,0.104529911798154,1.25746381719992,-4.76570809835617,-0,-0,0,402.977939547234,0,0
99.2,100,99.9999299469948,100.001771260078,-0.00570116467342132,0.0108943258787303,0.135323641510322,0.494702757709283,-0.119804674726973,-0,-0,0,402.976578989281,0,0
99.22,100,99.9999301468606,100.001659409011,-0.00548599915888252,0.0137499394752139,0.149648251462129,0.412997016220751,-2.2866001188242,-0,0,0,402.976571873384,0,0
99.24,100,99.9999303461561,100.001551525732,-0.0053146684252835,0.0168226479129429,0.155402184385585,0.0724368221111455,-6.19184754954425,-0,0,0,402.976679676038,0,0
99.26,100,99.9999305448831,100.001445961476,-0.00527193756763442,0.0198196117908454,0.139312627544058,-0.710571857857028,2.25970573000009,-0,-0,0,402.975675769736,0,0
99.28,100,99.9999307430431,100.00134037824,-0.00527104571194874,0.0223500166366334,0.116180239115726,-0.336142852459114,1.50048446782711,-0,-0,0,402.975698044602,0,0
99.3,100,99.9999309406377,100.001235616275,-0.00519548916969707,0.0245452459941225,0.104839606200734,-0.105442671192942,-2.13839456283837,-0,-0,0,402.975924356256,0,0
99.32,100,99.9999311376685,100.001132548226,-0.00512095042512903,0.0265391697311518,0.0929480352500796,-0.359863551009151,-1.06355173744336,-0,0,0,402.974929708816,0,0
99.34,100,99.9999313341372,100.001030525584,-0.00508447918868965,0.0282216843402817,0.0748016593992951,-0.445403665426375,4.71411567687392,-0,-0,0,402.974828820402,0,0
99.36,100,99.9999315300454,100.000929639368,-0.00497831875725396,0.0296078085532356,0.0679586389910639,0.20085648339865,4.92413341402052,-0,-0,0,402.975574252057,0,0
99.38,100,99.9999317253947,100.000832384078,-0.00472343774688741,0.031096754922535,0.0846202225011399,0.786538970551814,1.18611060200848,-0,-0,0,402.975615646037,0,0
99.4,100,99.9999319201866,100.000741216687,-0.00439069056760825,0.0330671396777851,0.112586245167513,0.829060168444747,-3.33023068404987,-0,0,0,402.975692621278,0,0
99.42,100,99.9999321144227,100.000656398284,-0.00411099389352415,0.0355317958792014,0.130435633999888,0.302764305076476,-2.54773862433968,-0,0,0,402.975226976311,0,0
99.44,100,99.9999323081047,100.000576115932,-0.00393061816014866,0.0381698688893574,0.131054408618861,-0.0559602674661803,6.70232346143369,-0,-0,0,402.975125555618,0,0
99.46,100,99.9999325012341,100.000499619326,-0.00368479118119939,0.040840171415491,0.141308155409048,0.785330691786294,-1.06368216493765,-0,-0,0,402.975825550366,0,0
99.48,100,99.9999326938124,100.000429219927,-0.00336337075008621,0.0438914387990069,0.162200118751919,0.546376067598015,-3.28606707566514,-0,-0,0,402.975202081587,0,0
99.5,100,99.9999328858414,100.000364553452,-0.00312130473698218,0.0472314783016587,0.168657537558479,0.0618002535652496,5.92268262880839,-0,-0,0,402.974210532071,0,0
99.52,100,99.9999330773224,100.000304636247,-0.00284036790092457,0.0506725656059386,0.180047423395326,0.789504460108229,-1.39219960593326,-0,0,0,402.974578216146,0,0
99.54,100,99.9999332682572,100.0002513239,-0.00250046181729053,0.0544828822947762,0.199104496999148,0.509683198732063,1.22203288698731,-0,-0,0,402.974728147409,0,0
99.56,100,99.9999334586472,100.000204530548,-0.00217405840239494,0.0586098492765545,0.214044020164597,0.592428676526924,-6.32292647607584,-0,0,0,402.975062633457,0,0
99.58,100,99.999933648494,100.000163775561,-0.00193442128577542,0.0629371064818234,0.213094335519642,-0.276111640042875,-3.85844959329468,-0,-0,0,402.974649231003,0,0
99.6,100,99.9999338377992,100.000126168107,-0.00184312572048867,0.0669673815166882,0.187119481817026,-0.724207644967211,-5.11164727321734,-0,-0,0,402.973061753588,0,0
99.62,100,99.9999340265642,100.000089288967,-0.00186590533618159,0.0702976117638312,0.142543868023006,-1.26766193984523,1.20098527373098,-0,0,0,402.972136107941,0,0
99.64,100,99.9999342147907,100.00005137885,-0.00191261355648471,0.0726492413867604,0.0947835526553066,-0.950667708658499,0.538776033973934,-0,-0,0,402.972799601809,0,0
99.66,100,99.9999344024802,100.000013178594,-0.00190006748133236,0.0741585959134703,0.0574898602256861,-0.758502366945899,-5.69842655432253,-0,0,0,402.972901104739,0,0
99.68,100,99.9999345896342,99.9999750074338,-0.00194187956536623,0.0748962818934465,0.0125107474482427,-1.36878195121506,-6.66641970660542,-0,0,0,402.972299580275,0,0
99.7,100,99.9999347762543,99.9999344628412,-0.00213970029322705,0.0745044825654102,-0.0556242463148326,-2.01776101898274,-10.1630233568696,-0,0,0,402.971930094121,0,0
99.72,100,99.9999349623419,99.9998880282906,-0.00254577446149453,0.0724693646285936,-0.153951963289846,-3.01662226030898,4.49386383914534,-0,-0,0,402.970446627833,0,0
99.74,100,99.9999351478985,99.9998325327123,-0.00296901676332431,0.0683643782007977,-0.250059046713475,-2.05554028249361,-0.917727081438422,-0,0,0,402.970458876238,0,0
99.76,100,99.9999353329258,99.9997699995621,-0.00328152953842697,0.0626193210887585,-0.323141346370604,-1.89438213958208,1.86128315564413,-0,-0,0,402.970674350874,0,0
99.78,100,99.9999355174252,99.999701641405,-0.00353896672232884,0.0555337059188265,-0.382068785480004,-1.40795279749121,3.04755273299639,-0,-0,0,402.970903657108,0,0
99.8,100,99.9999357013982,99.9996291211924,-0.00369447780006475,0.047480886439521,-0.419386064801955,-0.83744252178105,-0.165501324769173,-0,0,0,402.971421827053,0,0
99.82,100,99.9999358848463,99.9995542177051,-0.00379614036600773,0.0388476270201451,-0.443196633729613,-0.742634124376147,2.40986393020527,-0,0,0,402.971610749155,0,0
99.84,100,99.999936067771,99.9994775174576,-0.00386188796123025,0.0298233787716757,-0.456535649234845,-0.338448756520518,-3.00993317402131,-0,0,0,402.972630584562,0,0
99.86,100,99.9999362501738,99.9993996273778,-0.00394404673201704,0.0205970024858441,-0.468088114707319,-0.664636585923042,-1.14474652825361,-0,0,0,402.971954980786,0,0
99.88,100,99.9999364320562,99.9993193005225,-0.00409477744674729,0.0110575382770588,-0.486050064807951,-0.714020441472127,1.67846196807392,-0,0,0,402.972136458658,0,0
99.9,100,99.9999366134197,99.9992358830633,-0.00423893430226821,0.00119475558293189,-0.498143059664963,-0.405103631588248,1.36227795171238,-0,0,0,402.972398252217,0,0
99.92,100,99.9999367942657,99.9991500021857,-0.00434416883658805,-0.00879591649124865,-0.499387835021242,-0.176664246101791,3.54516863415636,-0,-0,0,402.972448262598,0,0
99.94,100,99.9999369745958,99.9990625185658,-0.00438937302737305,-0.0186878522151227,-0.486767096803739,0.293535015313311,5.92541980432006,-0,-0,0,402.972731849427,0,0
99.96,100,99.9999371544114,99.9989752219778,-0.00431568193350849,-0.0281151395451954,-0.451502035564979,0.997574443192064,5.14762548834286,-0,-0,0,402.97306885877,0,0
99.98,100,99.9999373337139,99.9988907350784,-0.00411523145413754,-0.0365961308089166,-0.393437758443906,1.51090836087959,2.78132364702436,-0,0,0,402.973314531765,0,0
100,100,99.9999375125049,99.9988110424628,-0.00384990450715645,-0.0437752745570785,-0.323686660737487,1.66134416474664,3.53483515253751,-0,-0,0,402.973787425652,0,0
100.02,100,99.9999376907858,99.9987369777408,-0.00354886222162596,-0.0495027925413172,-0.247838223066172,1.88467825030002,3.78780202887143,-0,-0,0,402.974062921692,0,0
100.04,100,99.999937868558,99.9986694126906,-0.00319912832042306,-0.0536401611390359,-0.164698106888335,2.10928498822664,3.91745548423217,-0,-0,0,402.974452872145,0,0
100.06,100,99.9999380458231,99.9986093575265,-0.00279766394499398,-0.0560452550402046,-0.0747405793855539,2.31890689764687,-2.58186876198447,-0,0,0,402.974474366651,0,0
100.08,100,99.9999382225824,99.9985571835969,-0.00244357767341683,-0.0566980399221404,0.00519136506533303,1.69091871663149,4.7026824294628,-0,-0,0,402.974531196165,0,0
100.1,100,99.9999383988374,99.9985114777439,-0.00211116024503856,-0.0558768463959234,0.0790026800677175,2.05287155737725,5.61755151546244,-0,-0,0,402.975072638839,0,0
100.12,100,99.9999385745895,99.998473440423,-0.00167336753676655,-0.0534473104072018,0.166381256228717,2.47892661065842,-1.52247859646197,-0,0,0,402.974900447208,0,0
100.14,100,99.9999387498402,99.9984445528163,-0.00123295820903791,-0.0492501598404463,0.249714534220959,1.95977497277885,1.24694988872249,-0,0,0,402.975420536488,0,0
100.16,100,99.9999389245909,99.9984237639186,-0.00084675958464653,-0.0435482431615761,0.319531297055487,1.85318892377055,2.21901306455519,-0,-0,0,402.975782029974,0,0
100.18,100,99.999939098843,99.9984107681741,-0.00044786203006245,-0.0364890098929262,0.386303793529305,1.8805532092853,-3.28328819699895,-0,0,0,402.975803926882,0,0
100.2,100,99.999939272598,99.9984054904248,-0.000101989586983395,-0.0281908017491942,0.439048703297101,1.21792647655424,-2.27505634033223,-0,0,0,402.975240770832,0,0
100.22,100,99.9999394458572,99.9984059786791,0.000137182422360257,-0.019076521931995,0.469343338228683,0.768767232855721,-1.43880864792558,-0,0,0,402.975095632421,0,0
100.24,100,99.9999396186221,99.9984105642495,0.000314173039786308,-0.00951613444819849,0.484753179109194,0.483548106740573,-5.01745026491999,-0,0,0,402.975372914345,0,0
100.26,100,99.9999397908941,99.9984179191158,0.000397684163836673,0.000182563289131126,0.480618939155235,-0.21056655879018,1.58137767816808,-0,0,0,402.974819689401,0,0
100.28,100,99.9999399626746,99.9984262667507,0.000449436295790942,0.00965067766672448,0.467584948426272,0.0109149376691776,1.84924762845199,-0,-0,0,402.975823413265,0,0
100.3,100,99.999940133965,99.9984363933918,0.000575683541573684,0.0189416590483911,0.462896601554504,0.234945741108842,-2.4131169199582,-0,-0,0,402.975762928178,0,0
100.32,100,99.9999403047667,99.9984493329166,0.000708439773537674,0.028147519149375,0.455496247570354,-0.101240647431023,0.973512350735321,-0,-0,0,402.975753054201,0,0
100.34,100,99.9999404750811,99.9984647142099,0.000838146664159769,0.0371359342528626,0.444152128426776,0.0290881619887054,-0.448057615312296,-0,-0,0,402.97599609987,0,0
100.36,100,99.9999406449096,99.9984830361678,0.000994697932939916,0.0459199769254043,0.433811858620488,-0.0351475069882089,-5.74887665503196,-0,0,0,402.975967223126,0,0
100.38,100,99.9999408142535,99.9985039886381,0.0010750058348909,0.0543849426576296,0.408119745645416,-0.751860096133442,-2.77560892923662,-0,-0,0,402.975004826302,0,0
100.4,100,99.9999409831143,99.998525382479,0.0010567086104733,0.0621250103818809,0.364366429546651,-1.00275839331069,-0.404171028943663,-0,-0,0,402.974322879077,0,0
100.42,100,99.9999411514933,99.9985462096476,0.00103095168994722,0.0689427607912911,0.3180129699005,-0.923948080000381,1.8197294620939,-0,-0,0,402.974266441968,0,0
100.44,100,99.999941319392,99.9985670308406,0.00106643573744987,0.0749048398603274,0.280487808942883,-0.577828424149489,-3.72594761546329,-0,0,0,402.974624382813,0,0
100.46,100,99.9999414868115,99.9985888707665,0.00110334608717258,0.0801562553286519,0.242238458289343,-0.968439980807568,-6.14568563115608,-0,0,0,402.974360262475,0,0
100.48,100,99.9999416537535,99.9986103794072,0.00102277751746585,0.0844657239768035,0.184763888217717,-1.6086444793435,-0.671812394317382,-0,0,0,402.973641120742,0,0
100.5,100,99.9999418202191,99.9986294051344,0.000884835200084824,0.0874916579690987,0.118840591798732,-1.48020492708246,-0.898125125587062,-0,0,0,402.974235316839,0,0
100.52,100,99.9999419862098,99.9986459287566,0.000770326699459033,0.0892537535682279,0.0580828449861168,-1.39701477548487,-7.78241724386111,-0,0,0,402.974349812094,0,0
100.54,100,99.9999421517269,99.9986596081864,0.000565338883163375,0.0897290016703625,-0.0153554255191186,-2.1826766853084,0.684044353237562,-0,-0,0,402.973344118027,0,0
100.56,100,99.9999423167718,99.9986681823394,0.00030501744634621,0.0886022995599352,-0.0946537775122153,-1.8077324435999,2.74884838081927,-0,0,0,402.973642230205,0,0
100.58,100,99.9999424813458,99.9986724909252,0.000146752396488448,0.0860762138050928,-0.154011854899133,-1.22404041910353,-5.18878932840729,-0,0,0,402.974489411852,0,0
100.6,100,99.9999426454503,99.9986740123653,-1.62772576190841e-05,0.0824580229776582,-0.210687786793708,-1.7063022896825,4.27608085011607,-0,-0,0,402.974545165243,0,0
100.62,100,99.9999428090866,99.9986719799365,-0.000159773344101074,0.0776984976071813,-0.260203246003925,-0.945407183447671,-1.32631815142566,-0,0,0,402.974955822395,0,0
100.64,100,99.999942972256,99.9986680565971,-0.000237066687749719,0.072145724625204,-0.295162748001614,-0.982749458118548,-0.691401028897579,-0,-0,0,402.975066708698,0,0
100.66,100,99.9999431349598,99.9986623807486,-0.00033196589480589,0.0658996580162184,-0.328998531286728,-0.936891730011988,4.83179647979124,-0,-0,0,402.97432546791,0,0
100.68,100,99.9999432971995,99.9986552773578,-0.000352753956325214,0.0590936171802664,-0.346833158222681,-0.207574099712617,4.23984569159285,-0,-0,0,402.97485179718,0,0
100.7,100,99.9999434589763,99.9986491634335,-0.000239446884772136,0.052193365764665,-0.339591079884252,0.351153093309852,2.88890225194416,-0,-0,0,402.975167448073,0,0
100.72,100,99.9999436202915,99.9986462775812,-3.91597484148142e-05,0.0456209342675161,-0.31565880601434,0.667417048034077,2.42141325302795,-0,-0,0,402.975414707523,0,0
100.74,100,99.9999437811465,99.9986479226993,0.000210084644448005,0.039632860938154,-0.281831660084431,0.883599104358499,-1.53367705266155,-0,0,0,402.97588284059,0,0
100.76,100,99.9999439415425,99.9986545176288,0.000435428162050876,0.0343310488171447,-0.250371742476735,0.577641801630162,-6.35713796494799,-0,-0,0,402.975723325477,0,0
100.78,100,99.999944101481,99.9986643208547,0.000508573746866033,0.0294636672155785,-0.241913897527829,-0.29018818564473,-3.25780533521586,-0,0,0,402.974200907043,0,0
100.8,100,99.9999442609631,99.9986738103181,0.000423638312790391,0.0245004913617026,-0.256657102067523,-0.65505303072471,-1.78035436288014,-0,-0,0,402.97416617482,0,0
100.82,100,99.9999444199902,99.9986807810945,0.000265614086018043,0.0191386153691396,-0.28027092572857,-0.78845633395671,1.06423245382849,-0,0,0,402.973355693984,0,0
100.84,100,99.9999445785636,99.9986844233781,0.00010543688070724,0.0133095112017868,-0.3009969632092,-0.548604290738266,1.38622530712777,-0,0,0,402.973439150965,0,0
100.86,100,99.9999447366845,99.9986852796553,-1.25876405878775e-05,0.00716520565102799,-0.311761189982172,-0.299428491523866,-4.54748229658855,-0,0,0,402.974147432173,0,0
100.88,100,99.9999448943544,99.9986835764871,-0.000181235797644251,0.000803663744532109,-0.327650946287795,-0.823400816880423,5.61882359434624,-0,-0,0,402.973635490654,0,0
100.9,100,99.9999450515744,99.9986781789629,-0.000329163589213638,-0.00589391846568038,-0.336833530530409,-0.0114326971984584,-0.0967031682409717,-0,-0,0,402.973711809854,0,0
100.92,100,99.9999452083458,99.9986709212049,-0.000399453901382682,-0.0125683415268899,-0.330629501180766,-0.0189295553276394,3.69684061235051,-0,-0,0,402.973497966668,0,0
100.94,100,99.99994536467,99.9986624782042,-0.000428696666186804,-0.0190574356291933,-0.315296310122679,0.447743949471252,5.991698972456,-0,-0,0,402.974034686652,0,0
100.96,100,99.9999455205481,99.9986546126612,-0.000332339859828483,-0.0250323063631167,-0.27785158632117,1.13783028224435,-0.378326600683347,-0,-0,0,402.974463773484,0,0
100.98,100,99.9999456759815,99.9986494932127,-0.000188689752270262,-0.0301161846805079,-0.231906025684574,0.941159129313235,-5.35257045357922,-0,0,0,402.973467679199,0,0
101,100,99.9999458309715,99.9986462190087,-0.000171221987888914,-0.0344412864520213,-0.205711755197612,0.151457722050783,4.20605581370934,-0,-0,0,402.972767616965,0,0
101.02,100,99.9999459855193,99.9986424030279,-0.000191466615428815,-0.0383766329776593,-0.184622378753867,0.657673771505989,2.89279096774576,-0,-0,0,402.973212188306,0,0
101.04,100,99.9999461396261,99.9986391372745,-0.000124934087615441,-0.0417297025893417,-0.149018322632261,0.93206438900762,2.47019187895791,-0,-0,0,402.972942771991,0,0
101.06,100,99.9999462932932,99.9986377490121,-6.79720567491823e-06,-0.0442830900970699,-0.105255348987398,1.11750183007203,2.40620562919639,-0,-0,0,402.972973070906,0,0
101.08,100,99.999946446522,99.9986391314929,0.000151277731768038,-0.0459021504228242,-0.0558240637981526,1.26953537111076,-0.379241205333865,-0,0,0,402.972707380885,0,0
101.1,100,99.9999465993135,99.9986437574941,0.000303403320979981,-0.0465318206966739,-0.00866473228798912,1.05462995668565,-0.231869438486914,-0,0,0,402.972749948362,0,0
101.12,100,99.9999467516692,99.9986509934634,0.000414355303518872,-0.0463031569446992,0.0303273976376551,0.886272112435511,-6.15929101325553,-0,0,0,402.972887440656,0,0
101.14,100,99.9999469035901,99.9986595131348,0.000403377163047052,-0.0454610774109848,0.048154084934988,0.00135984840072046,3.71155985412377,-0,-0,0,402.972467020888,0,0
101.16,100,99.9999470550776,99.9986668563776,0.000349991530983368,-0.0444267732474402,0.0581940124615118,0.463295820889357,-1.59818321351025,-0,0,0,402.972732841532,0,0
101.18,100,99.9999472061329,99.9986736882646,0.000323771427634494,-0.0431128561981904,0.0714752309993389,0.202198579018222,2.14683313038675,-0,0,0,402.972476994175,0,0
101.2,100,99.9999473567573,99.9986798405198,0.000301970080763487,-0.0415700685738272,0.0842929857542872,0.442966409796352,-1.41901761099745,-0,0,0,402.973104070166,0,0
101.22,100,99.9999475069519,99.9986858011486,0.000285828089110435,-0.0397448980245066,0.0966600538690075,0.206738123767443,-0.138050786478062,-0,-0,0,402.972948895132,0,0
101.24,100,99.999947656718,99.9986910982022,0.000243148671672008,-0.0377406436727712,0.10343848040324,0.161190790784131,3.77031677847597,-0,-0,0,402.972798523271,0,0
101.26,100,99.9999478060568,99.9986959035159,0.000256368645637131,-0.035555317241199,0.117902895283959,0.609630328765975,2.46582403688057,-0,-0,0,402.973789379169,0,0
101.28,100,99.9999479549695,99.9987019375847,0.000357519308672724,-0.0329424458064398,0.144722893879224,0.835028635987931,1.05474082423886,-0,-0,0,402.974062786632,0,0
101.3,100,99.9999481034573,99.9987104611623,0.000497442594198286,-0.0297405241556092,0.175472895857675,0.854468869398686,2.88444234663713,-0,0,0,402.974250894004,0,0
101.32,100,99.9999482515216,99.9987221294238,0.000681241802173099,-0.0258937585211454,0.210636231257772,1.10011989287416,2.15883085651327,-0,-0,0,402.975452202573,0,0
101.34,100,99.9999483991633,99.9987380917399,0.000922300434063251,-0.0212746678067683,0.251884925136132,1.22146046885509,0.792200656651161,-0,0,0,402.97591515564,0,0
101.36,100,99.9999485463839,99.9987591682581,0.00118562506739909,-0.0158187788213831,0.29312134412051,1.15709290769205,-5.38850836692561,-0,0,0,402.977070394608,0,0
101.38,100,99.9999486931844,99.9987849060578,0.00135823961139,-0.00967360205328391,0.315984261280769,0.329717814502016,-3.71373727339948,-0,0,0,402.976890388837,0,0
101.4,100,99.9999488395661,99.9988125539058,0.00138890831848567,-0.00335240119404874,0.31283963733788,-0.17991513144625,-2.5090875095172,-0,0,0,402.976486736835,0,0
101.42,100,99.9999489855301,99.9988399277173,0.00133915033391465,0.00273786720722931,0.294338495361366,-0.471320397955517,-0.616935727426727,-0,0,0,402.976544539724,0,0
101.44,100,99.9999491310777,99.998865965028,0.00126585001756767,0.00838399455264018,0.270204632412058,-0.488060498450383,-0.711919940952382,-0,-0,0,402.976835585747,0,0
101.46,100,99.9999492762101,99.9988905998467,0.00119827682896337,0.0135420613716245,0.245473823504411,-0.514801347269455,1.77047655138573,-0,-0,0,402.976682885381,0,0
101.48,100,99.9999494209284,99.9989141745161,0.00117211447521796,0.0182392182368696,0.226107477049413,-0.22782167221061,-5.54270708040117,-0,0,0,402.977252280396,0,0
101.5,100,99.9999495652337,99.9989372216749,0.00110765252746935,0.0225352890624016,0.199312615243697,-0.890661809101873,0.593551243726093,-0,0,0,402.976626078612,0,0
101.52,100,99.9999497091274,99.9989581697907,0.000995591250908382,0.0261580562874571,0.16427038457201,-0.700093586941484,-9.56618214017512,-0,0,0,402.977027970159,0,0
101.54,100,99.9999498526105,99.998976318607,0.000776046027606804,0.0289878568643796,0.111811889939333,-1.8009167870605,-6.29563377620915,-0,0,0,402.976061144708,0,0
101.56,100,99.9999499956843,99.998987913441,0.0003611442595262,0.0304299332204222,0.0291486580279719,-2.34802742246543,5.84808159032114,-0,-0,0,402.975070494136,0,0
101.58,100,99.9999501383499,99.9989911561505,3.16468912267163e-06,0.0302343925178981,-0.0418140944706657,-1.30745825913051,-0.98044892040813,-0,-0,0,402.976089015651,0,0
101.6,100,99.9999502806084,99.998988832642,-0.00023479520026353,0.0289006953955354,-0.0910589597514207,-1.25595136367076,-1.49518540781294,-0,0,0,402.975876988412,0,0
101.62,100,99.9999504224611,99.9989817290193,-0.000477950736699174,0.0266027008832077,-0.138686122230797,-1.27376759125337,2.67845130172354,-0,-0,0,402.976463393104,0,0
101.64,100,99.999950563909,99.9989700411481,-0.000672772919274821,0.0234244337956404,-0.175774335397415,-0.769865174666121,-0.762183469859282,-0,0,0,402.976600351962,0,0
101.66,100,99.9999507049534,99.9989551355045,-0.00081940926931779,0.019640214400677,-0.202478075813816,-0.760873410547317,3.14249103615055,-0,-0,0,402.976630538143,0,0
101.68,100,99.9999508455954,99.9989375954356,-0.000917034281800505,0.0153961422186474,-0.218683557373141,-0.266544605120903,-3.1264134332921,-0,0,0,402.976837842128,0,0
101.7,100,99.9999509858361,99.9989184658113,-0.00101192941641868,0.0109101481332874,-0.232098442346013,-0.619190124995378,4.78412143423476,-0,-0,0,402.97612342347,0,0
101.72,100,99.9999511256767,99.998897320381,-0.0010777219079495,0.00616177710258629,-0.238331276849717,0.0610789868965031,-2.77548613808782,-0,0,0,402.976386717348,0,0
101.74,100,99.9999512651183,99.9988755136421,-0.00111880525829795,0.00141582782824225,-0.238481015010988,-0.290643148182838,-3.01406227215197,-0,0,0,402.97603457404,0,0
101.76,100,99.9999514041621,99.9988519437722,-0.00125356504634482,-0.00346320500935234,-0.25148893580599,-0.625417889088022,0.63974404858846,-0,0,0,402.975614431582,0,0
101.78,100,99.9999515428092,99.9988251603621,-0.00142052019944627,-0.00865980584189095,-0.267029146715474,-0.460507174506784,-1.79436864275805,-0,0,0,402.975410713593,0,0
101.8,100,99.9999516810607,99.9987950267143,-0.00160153824681076,-0.0141418042704338,-0.282108252984171,-0.620593463653193,1.3949131457707,-0,0,0,402.974968736663,0,0
101.82,100,99.9999518189178,99.9987610917297,-0.00178410588909423,-0.0199260007864784,-0.294569078770766,-0.36098664052494,-4.52251203962298,-0,-0,0,402.975473962621,0,0
101.84,100,99.9999519563816,99.9987233444402,-0.00201351086629979,-0.0259571536237146,-0.311736157110376,-0.874671857936419,-1.14128858818016,-0,-0,0,402.974169270287,0,0
101.86,100,99.9999520934531,99.998680029055,-0.00232182966096256,-0.0324574385948549,-0.338316177694355,-0.898937959860665,7.29932210320953,-0,-0,0,402.972973083179,0,0
101.88,100,99.9999522301336,99.9986311832368,-0.00252457699296814,-0.0393514117350186,-0.344402343549824,0.133876311709421,5.71730399306158,-0,-0,0,402.973960554089,0,0
101.9,100,99.9999523664242,99.9985803122922,-0.00253703626468107,-0.0460124744606004,-0.317276228642928,0.831849364668502,0.0257780592437045,-0,-0,0,402.974283958354,0,0
101.92,100,99.9999525023259,99.9985300764799,-0.00249237855371878,-0.0519725297791528,-0.279477208852644,0.727290119251439,-0.484011186971709,-0,-0,0,402.973705525111,0,0
101.94,100,99.9999526378398,99.998480347987,-0.00248803654857483,-0.0572279098083362,-0.247114524570367,0.572997928106965,-5.00012256361843,-0,0,0,402.973249811616,0,0
101.96,100,99.9999527729672,99.9984298103462,-0.00259474814345755,-0.0619704963818218,-0.231617684937232,-0.12348548600623,-5.39337019530566,-0,0,0,402.972579451441,0,0
101.98,100,99.999952907709,99.9983754261244,-0.00287129751301067,-0.0666645054862296,-0.241899944861467,-0.777098999620693,-0.416541746980809,-0,0,0,402.97150617007,0,0
102,100,99.9999530420663,99.9983144248497,-0.00322869523408566,-0.0717165564912569,-0.26285349319818,-0.722676022225248,1.37016549303654,-0,-0,0,402.971650769808,0,0
102.02,100,99.9999531760404,99.9982464587876,-0.00355930257637675,-0.0771322251660974,-0.276905169537353,-0.453276148266415,1.53340147998015,-0,-0,0,402.971477419102,0,0
102.04,100,99.9999533096322,99.9981723865486,-0.00383984870580182,-0.0827229550133482,-0.280492748331099,-0.199648969517442,-0.0729191716719003,-0,0,0,402.970934159459,0,0
102.06,100,99.9999534428428,99.9980929999338,-0.00409984176502268,-0.0883161143930936,-0.278652163460433,-0.178260287815042,1.22818431031427,-0,0,0,402.971337971261,0,0
102.08,100,99.9999535756734,99.9980084835911,-0.00434644581633302,-0.0938412654790379,-0.272691186688204,0.00158977693836961,11.8506077041957,-0,-0,0,402.971248785057,0,0
102.1,100,99.9999537081251,99.9979201660296,-0.00443908264234865,-0.0990478807330697,-0.240356748538292,1.20158977693837,2.41663822572039,-0,-0,0,402.973722457748,0,0
102.12,100,99.9999538401988,99.997831956066,-0.00437672507471881,-0.103287371033983,-0.182819964306751,1.34627623612604,5.97026991176946,-0,-0,0,402.973943496822,0,0
102.14,100,99.9999539718957,99.9977456635828,-0.00422989895026917,-0.106274408147502,-0.112452942348079,1.91412200615268,2.02664205264488,-0,-0,0,402.974603244566,0,0
102.16,100,99.9999541032169,99.9976632178705,-0.00401376148165641,-0.107724323707411,-0.0327807766497828,1.91445646079952,1.04648752802578,-0,0,0,402.974828487024,0,0
102.18,100,99.9999542341634,99.9975850611525,-0.00380527436628193,-0.107611677182481,0.0430197067458025,1.79215461792815,2.63056398115919,-0,-0,0,402.975184159286,0,0
102.2,100,99.9999543647363,99.9975110572083,-0.00358949579063452,-0.106016425335846,0.116837750036372,1.88265988439668,6.44078033626568,-0,-0,0,402.975648386218,0,0
102.22,100,99.9999544949367,99.9974420984531,-0.00328169439294952,-0.102864290404162,0.201621516963908,2.43558543440555,5.05662087995532,-0,-0,0,402.976794415169,0,0
102.24,100,99.9999546247656,99.9973805943177,-0.0028528889332851,-0.0978555554922398,0.300857968559108,2.74159794371589,3.16272676453985,-0,-0,0,402.977677590575,0,0
102.26,100,99.9999547542241,99.9973284062905,-0.00236027777572651,-0.0908032596927099,0.404164474151202,2.76858706057073,-6.45106638622554,-0,0,0,402.97734746731,0,0
102.28,100,99.9999548833133,99.9972854474348,-0.00197711440184594,-0.0818542706556193,0.482904747659638,1.59859512869167,-0.344100357795921,-0,-0,0,402.977040271241,0,0
102.3,100,99.9999550120341,99.9972484076592,-0.001732071104414,-0.0716776286436624,0.532870411069216,1.33957603459658,-3.04372579336098,-0,0,0,402.977155232806,0,0
102.32,100,99.9999551403877,99.9972157104173,-0.00155478155103886,-0.0606545428697395,0.565659762491978,0.777701467502002,3.46567536610257,-0,-0,0,402.976772019823,0,0
102.34,100,99.9999552683751,99.9971862547279,-0.00137275409697347,-0.0490846369266688,0.593234896340202,1.10166780336622,1.52500127831503,-0,-0,0,402.977434991062,0,0
102.36,100,99.9999553959973,99.9971612944622,-0.00111625511410754,-0.0368873163463034,0.626552615204514,1.14039494442903,-7.57849582175092,-0,0,0,402.977857598682,0,0
102.38,100,99.9999555232555,99.9971409526588,-0.000956176395637894,-0.0241707811207602,0.637924610383718,0.038832154521399,-2.03698895544481,-0,0,0,402.977062380114,0,0
102.4,100,99.9999556501505,99.9971221898824,-0.000925659846421001,-0.0115449595665932,0.622924056744468,-0.225632040395619,-4.69318550237061,-0,-0,0,402.977217251101,0,0
102.42,100,99.9999557766835,99.9971034527127,-0.000965829827814955,0.000638270982012023,0.591817191904607,-0.78745082215601,-1.45373191498175,-0,0,0,402.975954288802,0,0
102.44,100,99.9999559028555,99.9970832256855,-0.00105614109864878,0.0120488108404689,0.548775082143016,-0.868539354990638,-4.24378019219011,-0,0,0,402.976672902936,0,0
102.46,100,99.9999560286675,99.9970609506865,-0.00118449523113428,0.0225266783320613,0.496432110568464,-1.28618289284636,-7.16830621707197,-0,0,0,402.977092980173,0,0
102.48,100,99.9999561541206,99.9970350515862,-0.00143161491371019,0.0317631252415558,0.422731048468219,-2.01305477589063,1.70153835404278,-0,-0,0,402.976684619079,0,0
102.5,100,99.9999562792158,99.9970036035011,-0.00169251419279033,0.0394167432576597,0.345867082454345,-1.53740822335857,-7.04944952068016,-0,0,0,402.977256454402,0,0
102.52,100,99.999956403954,99.9969672246247,-0.00197101402815865,0.0455744891800734,0.265783642937238,-2.21495999773275,0.633798205188947,-0,-0,0,402.976692484026,0,0
102.54,100,99.9999565283364,99.9969245755428,-0.00227885781404822,0.0500227215109769,0.181642222579573,-1.84550713899499,0.891217005930079,-0,-0,0,402.976113212957,0,0
102.56,100,99.9999566523638,99.9968766501973,-0.00249969079156074,0.0529416235545924,0.112712581951046,-1.49165851135008,6.47477833546055,-0,-0,0,402.975981909339,0,0
102.58,100,99.9999567760375,99.9968256751711,-0.00255819124971279,0.054714921495646,0.0711652892331611,-0.487323309113348,-2.1627772541234,-0,0,0,402.97720544268,0,0
102.6,100,99.9999568993582,99.9967749206353,-0.00252559144910961,0.0558887919143308,0.0449782306448577,-0.693325588378888,-1.6747125498115,-0,-0,0,402.976748900728,0,0
102.62,100,99.9999570223272,99.9967243838877,-0.00253323457399802,0.0564764051502379,0.0131262330111993,-0.811157222548335,0.185761120189594,-0,0,0,402.97616359939,0,0
102.64,100,99.9999571449453,99.9966735827347,-0.00254241700521486,0.0564206142755544,-0.0177662498953209,-0.679833121317078,5.99121144688922,-0,-0,0,402.976781342725,0,0
102.66,100,99.9999572672135,99.9966234427059,-0.00243913529276023,0.0558961618338509,-0.0292842456576468,0.156802443148922,0.931610414201853,-0,-0,0,402.977299934089,0,0
102.68,100,99.999957389133,99.9965767160077,-0.00223019411648889,0.055365669247153,-0.0231719169875369,0.252060956287645,-5.12077147226709,-0,0,0,402.977344504567,0,0
102.7,100,99.9999575107045,99.9965337409567,-0.00209443800825918,0.0548917326389331,-0.0284993789490242,-0.419340683532487,6.47903133755839,-0,-0,0,402.976928951095,0,0
102.72,100,99.9999576319293,99.996493104086,-0.00193565033109741,0.0542581833339186,-0.0293267281099664,0.443468042307811,1.03713417177688,-0,-0,0,402.977413385682,0,0
102.74,100,99.9999577528081,99.9964570196273,-0.00167023698845871,0.0538336449622953,-0.0127265058046232,0.514021114118735,-0.769561236565762,-0,-0,0,402.977633377255,0,0
102.76,100,99.9999578733421,99.9964262075065,-0.00141762328973814,0.0537339912145085,0.00166061385889787,0.349270510793302,5.4342695537488,-0,-0,0,402.977198750317,0,0
102.78,100,99.9999579935322,99.9964007024414,-0.00110775010263307,0.053961213318551,0.0250283480534231,0.981127730610671,-3.3562271390704,-0,0,0,402.978757300669,0,0
102.8,100,99.9999581133794,99.9963819458865,-0.000789250509897385,0.0547369838780871,0.0489568943153094,0.432914663576454,-1.07803098692432,-0,0,0,402.978989672251,0,0
102.82,100,99.9999582328847,99.9963685672848,-0.00055593980120571,0.0558237806297449,0.0584519279309656,0.24041621035672,2.24828382475678,-0,-0,0,402.978938863888,0,0
102.84,100,99.999958352049,99.9963597751847,-0.000313110655239286,0.0570825585129538,0.068965728426598,0.487757190712473,-7.6792552114643,-0,-0,0,402.979162889118,0,0
102.86,100,99.9999584708733,99.9963554102675,-0.000163686577417499,0.0584760026844699,0.0638322281323231,-0.536016526903187,0.01551075165973,-0,-0,0,402.977547238281,0,0
102.88,100,99.9999585893586,99.9963525005144,-0.000124577977927377,0.0595204154328827,0.0411378053504341,-0.463510162540156,1.56463200660772,-0,0,0,402.977816591199,0,0
102.9,100,99.9999587075058,99.996350684125,-4.71272269155073e-05,0.0601668190240975,0.0251922988219011,-0.206649344963065,-1.90749566393629,-0,0,0,402.978788733459,0,0
102.92,100,99.999958825316,99.9963506301394,3.30618754723997e-05,0.0605336672578002,0.0101896094419591,-0.417213965457465,0.783820625955138,-0,-0,0,402.978804664247,0,0
102.94,100,99.9999589427901,99.9963519531902,0.000104810899445567,0.0605706216875909,-0.00546819825027827,-0.264617303451089,-6.3614917092567,-0,0,0,402.978882441369,0,0
102.96,100,99.999959059929,99.9963542967738,9.87594482475133e-05,0.0602356624618226,-0.0327921369958139,-1.02296738451448,1.27223392566021,-0,0,0,402.977872935879,0,0
102.98,100,99.9999591767337,99.9963555225626,3.43632035343559e-05,0.0592087130511605,-0.0678930517265322,-0.727548855062083,-2.32220627849372,-0,0,0,402.978819426091,0,0
103,100,99.9999592932051,99.9963556914482,-2.64682139357947e-05,0.0575355854784037,-0.100536923189998,-0.920200135169782,1.37578943260137,-0,-0,0,402.978440039979,0,0
103.02,100,99.9999594093442,99.9963544964906,-8.29731487055187e-05,0.0552071552227646,-0.130312832583412,-0.626161927972342,-2.53003856214466,-0,0,0,402.978430136892,0,0
103.04,100,99.999959525152,99.9963523428615,-0.000143309190052709,0.0523330453311723,-0.158467874424796,-0.857338076878436,-0.0994805432410537,-0,0,0,402.978176655499,0,0
103.06,100,99.9999596406294,99.9963485947212,-0.000229437472263485,0.048858220518135,-0.188234857216963,-0.75414467576518,-0.594279552173567,-0,-0,0,402.978552943048,0,0
103.08,100,99.9999597557773,99.9963431834484,-0.000312783493953611,0.0448247817134697,-0.214819956352448,-0.726659236208378,1.82285931319296,-0,-0,0,402.978390681765,0,0
103.1,100,99.9999598705967,99.9963362812481,-0.00036680216660225,0.0403162770658121,-0.233854166046155,-0.401047882481533,0.832054774904367,-0,-0,0,402.978696107166,0,0
103.12,100,99.9999599850885,99.9963288018589,-0.000377074204777275,0.0355350974270743,-0.24318570180445,-0.242487163872692,-0.373484848829143,-0,-0,0,402.978481915372,0,0
103.14,100,99.9999600992536,99.9963212216017,-0.000383650191920187,0.0306091422919283,-0.2494347127699,-0.25487480548633,3.15559476439593,-0,-0,0,402.978293563778,0,0
103.16,100,99.9999602130931,99.9963137103637,-0.000352567289240905,0.0256149964459049,-0.24720196872052,0.174824683190744,1.3269087571571,-0,-0,0,402.978912670524,0,0
103.18,100,99.9999603266077,99.9963074872916,-0.000265940223049121,0.020793670727745,-0.234023176089313,0.317902939200456,4.39259926903259,-0,-0,0,402.978090940906,0,0
103.2,100,99.9999604397985,99.9963035278106,-0.000111476475988025,0.0163379464193723,-0.208356111259599,0.824771214020572,-4.80285290053226,-0,0,0,402.978235098619,0,0
103.22,100,99.9999605526663,99.9963027841342,7.79358514448049e-06,0.0124261644248009,-0.187383494154551,0.118320791913493,3.1497296513958,-0,-0,0,402.977453302237,0,0
103.24,100,99.9999606652121,99.9963035520042,8.26604747565894e-05,0.00880446610902834,-0.17238915030853,0.496384886730835,0.276795839353425,-0,0,0,402.977453985478,0,0
103.26,100,99.9999607774368,99.9963063099809,0.000190922528854338,0.00557192864184044,-0.151099808555305,0.466759376917008,-1.69539249506336,-0,0,0,402.977617371855,0,0
103.28,100,99.9999608893413,99.9963109047277,0.000256837997303322,0.00271917477052218,-0.135943916762782,0.194934834035254,0.249610704364998,-0,-0,0,402.97743586107,0,0
103.3,100,99.9999610009266,99.9963163426245,0.000286298352779645,0.000100645675987977,-0.125880506408061,0.201547687901095,-0.641697129747017,-0,0,0,402.977539911469,0,0
103.32,100,99.9999611121935,99.9963222407784,0.000298518196052142,-0.00232965074950549,-0.117828061295062,0.0968501856860203,-0.249742837812333,-0,-0,0,402.978076328285,0,0
103.34,100,99.9999612231429,99.9963281345258,0.000288313957691013,-0.00463125207932516,-0.112609636585393,0.0535435351889688,-3.00003161034891,-0,0,0,402.977707509798,0,0
103.36,100,99.9999613337758,99.9963333955436,0.000221852541067667,-0.00688943486724268,-0.115612813529244,-0.326076956994034,-3.35846183075731,-0,0,0,402.977552207977,0,0
103.38,100,99.9999614440931,99.9963363702009,5.96099052434725e-05,-0.00935046374003675,-0.132816473779244,-0.700914231107432,-2.00662957476756,-0,0,0,402.976620471009,0,0
103.4,100,99.9999615540956,99.9963353121671,-0.000173028908388347,-0.012265505041916,-0.159575801612174,-0.856302682756085,1.6073711592395,-0,-0,0,402.976592000005,0,0
103.42,100,99.9999616637843,99.9963295254011,-0.000394787695042571,-0.0157065705184002,-0.182416218341006,-0.541198152424181,3.06334023941362,-0,0,0,402.976379889389,0,0
103.44,100,99.99996177316,99.9963200717102,-0.000534044010431564,-0.0194596137701316,-0.189917152045586,-0.0849139102161736,0.222589144003119,-0,0,0,402.977304594449,0,0
103.46,100,99.9999618822237,99.9963084903245,-0.000623824748206678,-0.0232399016010525,-0.187822946955402,-0.0429273240477408,2.65184360051231,-0,-0,0,402.978056697332,0,0
103.48,100,99.9999619909762,99.9962953745022,-0.000675625593006818,-0.0269219710839787,-0.178226684517605,0.294835289198039,4.34770965186456,-0,-0,0,402.97806200902,0,0
103.5,100,99.9999620994184,99.996282094046,-0.000633318808821682,-0.0302613904919198,-0.152543807938316,0.799487459340917,0.0508507922065543,-0,0,0,402.978601988811,0,0
103.52,100,99.9999622075512,99.9962703221523,-0.000548250654372615,-0.0329773212330403,-0.119759819439952,0.701870568353512,-3.02761076757464,-0,0,0,402.978984268046,0,0
103.54,100,99.9999623153755,99.9962596880551,-0.000534144861446091,-0.0351289807343505,-0.0984596613272175,0.233046888139764,3.43225547745319,-0,0,0,402.978853768308,0,0
103.56,100,99.9999624228922,99.996248906431,-0.000528545014394349,-0.0369226624869967,-0.078410335711247,0.631381052265833,2.45362409896826,-0,-0,0,402.979504155166,0,0
103.58,100,99.9999625301021,99.9962390299786,-0.000450203937871632,-0.0381893885817701,-0.0469274026973312,0.854255095972189,-3.3379521187646,-0,0,0,402.979729959744,0,0
103.6,100,99.9999626370062,99.9962306449315,-0.000408973223590491,-0.0388459040064554,-0.0221794286966368,0.326030486915746,-1.67268453451595,-0,0,0,402.979701106326,0,0
103.62,100,99.9999627436053,99.996222068779,-0.000458397862671251,-0.0391772032584801,-0.0125833849243001,0.0753035781075656,5.19282293709303,-0,-0,0,402.979911973991,0,0
103.64,100,99.9999628499002,99.9962126470207,-0.000458171701463529,-0.0392969253457784,0.00464070272706052,0.713318459526313,-1.70325129399272,-0,0,0,402.980866427136,0,0
103.66,100,99.9999629558918,99.9962040019074,-0.00041784734441988,-0.0389561412972092,0.0274031772503726,0.407178240200819,2.72527396049972,-0,-0,0,402.981129222441,0,0
103.68,100,99.9999630615811,99.9961959584136,-0.000374437965371052,-0.0382035928827441,0.0496027129976491,0.692644146209286,-1.40113602836152,-0,0,0,402.981375441724,0,0
103.7,100,99.9999631669688,99.9961890609567,-0.000324873413703731,-0.036975322006667,0.0714461510256482,0.427083466419866,0.683826912766241,-0,-0,0,402.982135554233,0,0
103.72,100,99.9999632720558,99.996182821904,-0.000296924858401488,-0.0353776530154939,0.0884305450214158,0.454426093169071,-2.82300866621437,-0,0,0,402.981687319577,0,0
103.74,100,99.9999633768431,99.9961769090313,-0.000309683089521739,-0.0334918825743225,0.0974611348314676,0.0414040534168595,3.43778513797761,-0,-0,0,402.981184003995,0,0
103.76,100,99.9999634813313,99.9961705033034,-0.000313101245951366,-0.031475752740137,0.10681090253153,0.463703753677211,-5.46585544478947,-0,0,0,402.981649312058,0,0
103.78,100,99.9999635855214,99.9961641460015,-0.000350987874570816,-0.0292675653510247,0.109229320611313,-0.279277797748293,3.43363289702619,-0,-0,0,402.98145381855,0,0
103.8,100,99.9999636894143,99.9961563114253,-0.000413139603978951,-0.0271370823833957,0.106785351738619,0.185271630844264,2.93133174837929,-0,-0,0,402.982156491274,0,0
103.82,100,99.9999637930108,99.9961482971394,-0.000373654537758994,-0.0248948105439824,0.119561439099586,0.525267253608707,-1.88187815082692,-0,0,0,402.982591831343,0,0
103.84,100,99.9999638963117,99.9961414267829,-0.000324192144543229,-0.0223556108073348,0.132343810790023,0.219640031425088,1.45741837464851,-0,-0,0,402.982105552949,0,0
103.86,100,99.9999639993179,99.9961352692256,-0.000284305578151235,-0.0196209501396047,0.142033779868999,0.369856184935847,2.89117617471152,-0,-0,0,402.981452154205,0,0
103.88,100,99.9999641020301,99.9961304788129,-0.000180945928964533,-0.0166171515988573,0.160251032944867,0.679890450458967,4.21758977659064,-0,-0,0,402.981842935794,0,0
103.9,100,99.9999642044494,99.9961286915241,2.1284015493371e-05,-0.0131190299626191,0.192212835361175,1.11403443491573,-3.17876859314782,-0,0,0,402.982514537005,0,0
103.92,100,99.9999643065764,99.996131298659,0.000219948229146782,-0.00895260874686691,0.220819809839456,0.569014092008514,1.07085467689415,-0,0,0,402.982761424266,0,0
103.94,100,99.9999644084121,99.9961372009959,0.000374654588868876,-0.00435029314643427,0.239682561854231,0.625855025825772,3.80573641716344,-0,-0,0,402.983646105926,0,0
103.96,100,99.9999645099572,99.996146736277,0.00059667965236892,0.000689249689176215,0.266644034295709,1.01557232060363,-2.9510130368193,-0,-0,0,402.984707599392,0,0
103.98,100,99.9999646112126,99.9961610543359,0.000817659136981877,0.0062915945164321,0.290239879687097,0.510063350694342,-3.15741715572275,-0,0,0,402.984162612618,0,0
104,100,99.9999647121791,99.9961787738098,0.000938293397600867,0.0121711826653148,0.294692417228806,0.0459129585984833,-2.87261585924762,-0,0,0,402.983764187223,0,0
104.02,100,99.9999648128576,99.9961980198854,0.000973922140444631,0.0179719614709641,0.283037135457294,-0.320403493599563,-1.89222052254331,-0,0,0,402.983982295337,0,0
104.04,100,99.9999649132488,99.9962173678012,0.000954929032319646,0.0234219865982611,0.260746270066482,-0.516001292421769,5.03353429428123,-0,-0,0,402.984182786405,0,0
104.06,100,99.9999650133536,99.9962367028082,0.00100774389249071,0.028470621327203,0.248554860545814,0.176811180513503,-7.4361815706894,-0,-0,0,402.984552314323,0,0
104.08,100,99.9999651131727,99.9962574989018,0.00103568239486924,0.0333233218510444,0.230632588629173,-0.777151311355954,-1.75393535360456,-0,-0,0,402.982861979905,0,0
104.1,100,99.9999652127071,99.9962773526704,0.000946078555776894,0.0375646510549771,0.192837161697469,-0.894976824094273,-0.827995066280352,-0,0,0,402.982696110505,0,0
104.12,100,99.9999653119576,99.996295297639,0.000849681747457451,0.0410279474982028,0.153684351604975,-0.880722093829703,-7.57407181001535,-0,0,0,402.983148665439,0,0
104.14,100,99.9999654109248,99.9963106921847,0.000657117225950367,0.0436087204676074,0.0992471166749432,-1.70905447065427,0.827787637767702,-0,-0,0,402.982575565898,0,0
104.16,100,99.9999655096097,99.996321206935,0.000406898761480615,0.0449463195755318,0.03680924175052,-1.37999019303436,-0.152872721798945,-0,0,0,402.982838217737,0,0
104.18,100,99.999965608013,99.9963273290914,0.000211029419097168,0.0451507086959558,-0.015151671021255,-1.21528828606665,0.107424385528148,-0,-0,0,402.983675479263,0,0
104.2,100,99.9999657061356,99.996329879464,4.98199378732998e-05,0.0443901727079484,-0.0596376268803762,-1.04080650954642,-3.83301566627486,-0,0,0,402.983587107361,0,0
104.22,100,99.9999658039782,99.9963291279711,-0.000139870834596094,0.0427478175216763,-0.106607226192667,-1.38000610940776,-2.11130366201694,-0,0,0,402.983128841368,0,0
104.24,100,99.9999659015417,99.99632389056,-0.000388970474830412,0.040080573156242,-0.160432715656051,-1.4591284559759,-2.99010784051558,-0,-0,0,402.982867507866,0,0
104.26,100,99.9999659988268,99.9963132750825,-0.000682070154323279,0.0363051742752919,-0.218035227206882,-1.63707986098345,2.42679339159958,-0,-0,0,402.982236844682,0,0
104.28,100,99.9999660958344,99.9962967913806,-0.000948464557263784,0.031414656424502,-0.267491469649444,-1.11644777645491,0.0593371400735575,-0,-0,0,402.981706829049,0,0
104.3,100,99.9999661925652,99.9962757515935,-0.0011521689461287,0.0256977251653436,-0.303038063610671,-0.958700567157105,0.13509998081953,-0,0,0,402.981465761448,0,0
104.32,100,99.99996628902,99.9962508269288,-0.00133751600013864,0.0193380306766469,-0.331852801060513,-0.811565040205028,2.72797042917799,-0,-0,0,402.981603440243,0,0
104.34,100,99.9999663851996,99.9962226099451,-0.00146940337528558,0.0125065533883016,-0.348312789086102,-0.3613837147563,-6.0650335634826,-0,0,0,402.981396413433,0,0
104.36,100,99.9999664811048,99.9961916973364,-0.00165296002313945,0.00537168939193649,-0.369568353801474,-1.06650298481832,2.32596571153528,-0,0,0,402.980236634061,0,0
104.38,100,99.9999665767364,99.9961561719042,-0.00188578573691509,-0.00230025082251887,-0.394705607600535,-0.631292934062625,-3.68845087083745,-0,0,0,402.980579259638,0,0
104.4,100,99.9999666720951,99.9961161579463,-0.0021338733929158,-0.0104068739206328,-0.418203955401536,-1.00308639357232,3.26392257092604,-0,-0,0,402.980243860427,0,0
104.42,100,99.9999667671818,99.9960708311553,-0.00238092769064028,-0.018996764188434,-0.437183035475324,-0.459287013094632,2.24088957967567,-0,-0,0,402.980348270995,0,0
104.44,100,99.9999668619972,99.9960214778553,-0.00254421641980439,-0.0277773880231874,-0.43860700240846,-0.114657547927271,5.00843596599256,-0,-0,0,402.980542619386,0,0
104.46,100,99.9999669565421,99.9959697211708,-0.00260909189753212,-0.0364113938526709,-0.420672382937793,0.528666108869762,2.43011147504506,-0,-0,0,402.980673084963,0,0
104.48,100,99.9999670508172,99.9959176869043,-0.00258761348694895,-0.0444943686433048,-0.386166709536494,0.764841550587516,-1.81885450010491,-0,0,0,402.980294499443,0,0
104.5,100,99.9999671448234,99.9958660342695,-0.00259283281217933,-0.051874177755201,-0.353941830263033,0.440374008442096,0.368897574600655,-0,0,0,402.979810863536,0,0
104.52,100,99.9999672385614,99.995813627223,-0.00265036838247609,-0.0586949177029972,-0.328218920221839,0.432136737391181,3.205865384556,-0,-0,0,402.980143821571,0,0
104.54,100,99.9999673320319,99.9957602154751,-0.00267895119694962,-0.0649597173166936,-0.29610560013714,0.778011291075159,5.0563836689444,-0,-0,0,402.980561546824,0,0
104.56,100,99.9999674252357,99.9957071053142,-0.00261235707636039,-0.070429358981356,-0.247582073381389,1.30811888582122,9.5460872254259,-0,-0,0,402.981054918417,0,0
104.58,100,99.9999675181736,99.9956569262268,-0.00236562106541651,-0.0746686968662489,-0.170051694897276,2.3264836723723,2.2136506741097,-0,-0,0,402.981745273628,0,0
104.6,100,99.9999676108464,99.9956132417929,-0.00200347981183,-0.0771199609632005,-0.0755597513450245,2.29521941741916,-0.262407130191105,-0,-0,0,402.981680205846,0,0
104.62,100,99.9999677032548,99.9955765244503,-0.00168036354885701,-0.0777508579228635,0.0100481905326752,1.95890223055207,4.11812605497904,-0,-0,0,402.98154139941,0,0
104.64,100,99.9999677953995,99.9955460359333,-0.00135664030710628,-0.0767367140975063,0.0927155522358807,2.21212670747929,6.79438172680797,-0,-0,0,402.981766704353,0,0
104.66,100,99.9999678872813,99.9955229942841,-0.000922972337367579,-0.0739495696352319,0.189202532186334,2.76392274796253,2.54356194110013,-0,-0,0,402.981928371876,0,0
104.68,100,99.999967978901,99.995509625097,-0.000412388291510883,-0.0691213836590954,0.292918333368613,2.71205251546217,1.65583263865966,-0,-0,0,402.981839849276,0,0
104.7,100,99.9999680702593,99.9955064899218,9.70166542831577e-05,-0.062274658966103,0.390396349579832,2.55618008789617,0.0208880161107548,-0,-0,0,402.98223698275,0,0
104.72,100,99.9999681613569,99.9955132920422,0.000574577127834699,-0.0535840904044232,0.476143937436144,2.21539980084935,-1.94972973635057,-0,0,0,402.981826922288,0,0
104.74,100,99.9999682521946,99.9955289707575,0.000977079025074436,-0.043355574332294,0.542959231198966,1.67440171175725,-0.598162973076479,-0,-0,0,402.981941779989,0,0
104.76,100,99.9999683427732,99.9955519243738,0.00131167555729215,-0.0319832872891592,0.592094217990202,1.37157576657495,-2.1750652936585,-0,0,0,402.981205316641,0,0
104.78,100,99.9999684330933,99.9955810470327,0.00158789480450619,-0.0197789679642238,0.62521162361338,0.913135144062851,3.90210609121891,-0,-0,0,402.981209144353,0,0
104.8,100,99.9999685231557,99.9956156013871,0.00188735588811497,-0.00699128690645622,0.655668575656109,1.27242848059746,2.61314642778619,-0,-0,0,402.981848269928,0,0
104.82,100,99.9999686129612,99.9956571700255,0.00228136893889926,0.00650386707282614,0.694585809297418,1.42220497129569,-3.57377370078394,-0,0,0,402.981760490592,0,0
104.84,100,99.9999687025105,99.9957066873242,0.00265103940799214,0.0207170534289592,0.722446146073074,0.782089279630278,-4.12056667339497,-0,0,0,402.982067643039,0,0
104.86,100,99.9999687918043,99.995762445831,0.00290585481298349,0.035233551896404,0.7250985388272,0.158050049974806,-1.01271966477539,-0,-0,0,402.982016246285,0,0
104.88,100,99.9999688808433,99.9958225392985,0.00310281546477308,0.0496199073956407,0.712488655276466,0.00383019575151434,-3.13458418895189,-0,0,0,402.982156781289,0,0
104.9,100,99.9999689696283,99.9958863250917,0.00326508740777061,0.0636592953131512,0.68887826022366,-0.394291923129347,-0.876961854789302,-0,-0,0,402.982073999061,0,0
104.92,100,99.9999690581599,99.9959529793357,0.0034024701777691,0.077116994593167,0.656489457421888,-0.458454093577966,-5.7308301630919,-0,0,0,402.981963690202,0,0
104.94,100,99.999969146439,99.9960220118632,0.00347877784541438,0.0898243555815059,0.610079024282444,-1.11874712110648,-5.06972735815245,-0,0,0,402.981316025975,0,0
104.96,100,99.9999692344662,99.9960913725331,0.00344124236323357,0.10137729424431,0.542216574137025,-1.60833193485317,3.22321120934167,-0,-0,0,402.980946978016,0,0
104.98,100,99.9999693222423,99.9961599042105,0.00343884900587544,0.111539073729015,0.477999987584207,-0.998149896883888,-1.46685953556366,-0,0,0,402.982029846448,0,0
105,100,99.999969409768,99.9962294543585,0.00351641986690752,0.120570092104263,0.424856769618923,-1.05292804864794,2.06983841922138,-0,-0,0,402.982567571936,0,0
105.02,100,99.9999694970439,99.9963009294958,0.00364874750169881,0.128582840491309,0.379026603053745,-0.659306223481799,1.92995627423492,-0,0,0,402.983450552505,0,0
105.04,100,99.9999695840708,99.9963760509112,0.00387816158344203,0.135825668967724,0.347382776733272,-0.334712803624065,-2.43911694115709,-0,-0,0,402.984524251578,0,0
105.06,100,99.9999696708494,99.9964561623521,0.00412421035212329,0.142485115743973,0.316921925399026,-0.598666395409,-0.64324750616477,-0,-0,0,402.984206398333,0,0
105.08,100,99.9999697573805,99.9965408723884,0.00434794640233679,0.148471691600579,0.281777854646617,-0.602859822696061,-0.251899549818607,-0,-0,0,402.984581714925,0,0
105.1,100,99.9999698436646,99.9966301607769,0.00458371675190111,0.153764495371977,0.247861670287446,-0.557680245250405,-2.66830992673271,-0,0,0,402.984820076445,0,0
105.12,100,99.9999699297026,99.9967240766668,0.004798202210253,0.158360031014299,0.210104078895047,-0.819377930906876,0.61941832835838,-0,-0,0,402.984764116295,0,0
105.14,100,99.9999700154951,99.9968220572591,0.00500742905441329,0.162164306629218,0.171587099703798,-0.636832243181076,-5.33888455081908,-0,0,0,402.984675368646,0,0
105.16,100,99.9999701010429,99.9969240435743,0.00516805119160257,0.165172799497114,0.125656103931356,-1.21968066553696,-4.72693207148476,-0,0,0,402.984670609622,0,0
105.18,100,99.9999701863465,99.9970279640765,0.00520621718125063,0.167067796879905,0.0612853771241805,-1.64930121130211,0.657847165975206,-0,0,0,402.98411485763,0,0
105.2,100,99.9999702714068,99.9971321639603,0.00522431349869667,0.167618964820821,-0.00404451257835979,-1.34929369520766,-4.36700359050419,-0,0,0,402.98484267963,0,0
105.22,100,99.9999703562245,99.997236805622,0.00522354207195972,0.166902805574343,-0.0696972935630046,-1.71485474004489,-0.971058998022489,-0,-0,0,402.984883455504,0,0
105.24,100,99.9999704408001,99.9973408259348,0.00518025347889793,0.164809106296439,-0.138759864618553,-1.60891122138175,0.0713555136372254,-0,0,0,402.984662194121,0,0
105.26,100,99.9999705251344,99.9974441735288,0.00516051026351869,0.161404277591675,-0.200074016251055,-1.38548138352326,-1.56038672422355,-0,0,0,402.985266983584,0,0
105.28,100,99.9999706092281,99.9975472895278,0.00514750504845377,0.156841143179749,-0.256089266726297,-1.39486531730307,0.577130332323757,-0,-0,0,402.985383981368,0,0
105.3,100,99.9999706930819,99.997650142361,0.00514446839966199,0.151202182387142,-0.305954681625501,-1.13645802292943,4.42888389695028,-0,-0,0,402.985446164148,0,0
105.32,100,99.9999707766964,99.9977536990102,0.00523550465037907,0.14473545267431,-0.336067819830298,-0.43186894720809,-1.33662812264322,-0,0,0,402.985921358753,0,0
105.34,100,99.9999708600724,99.9978598737158,0.00537414655903805,0.137837145808148,-0.354345083061624,-0.539396759620095,-5.65777299671093,-0,0,0,402.985461550624,0,0
105.36,100,99.9999709432105,99.9979679182442,0.00540141750097105,0.130469555516505,-0.386302279482229,-1.17084902063247,-1.05638996160318,-0,0,0,402.984578405253,0,0
105.38,100,99.9999710261114,99.9980753026753,0.00533377226209559,0.122317561887228,-0.428534808073996,-1.14420319533046,1.90114283602694,-0,0,0,402.984563131924,0,0
105.4,100,99.9999711087758,99.9981814345947,0.00529052404703968,0.113390952746537,-0.461442562352525,-0.751053369165175,0.459810713783933,-0,-0,0,402.985625144871,0,0
105.42,100,99.9999711912044,99.9982871786868,0.00528576232402454,0.103935934250107,-0.482897785782295,-0.590599019467099,-3.55997572875221,-0,0,0,402.985607949796,0,0
105.44,100,99.9999712733977,99.9983925116019,0.00522858917178181,0.094052470973534,-0.507612412099585,-0.951808972670525,0.912960093854956,-0,-0,0,402.985373885291,0,0
105.46,100,99.9999713553566,99.9984960544055,0.00513050645175546,0.0836254538172234,-0.533374599828463,-0.708198718632781,1.042394781372,-0,0,0,402.985011459284,0,0
105.48,100,99.9999714370816,99.9985979124211,0.00505952512394325,0.072783626761475,-0.54921890810299,-0.479681188470673,0.355706885664326,-0,0,0,402.985256230608,0,0
105.5,100,99.9999715185735,99.9986985119275,0.00500015127419121,0.0617046705170005,-0.55784537752648,-0.366216677695549,-1.03270920807086,-0,-0,0,402.985895501826,0,0
105.52,100,99.9999715998329,99.9987977540746,0.00491629064971476,0.0504780077608696,-0.565206346563039,-0.442456547663765,-1.8962183107324,-0,0,0,402.98508008092,0,0
105.54,100,99.9999716808604,99.9988947725861,0.00477392297074576,0.0390684698658312,-0.576730739937367,-0.614364075240283,5.82334308701586,-0,0,0,402.985398370334,0,0
105.56,100,99.9999717616568,99.9989890521678,0.00468155805716597,0.0274996997713842,-0.574865242327232,0.198978604704458,2.61551925241264,-0,0,0,402.986751793604,0,0
105.58,100,99.9999718422226,99.9990827314139,0.00469421652131829,0.0162165630673184,-0.551492072743489,0.503930009586616,-3.34335222234949,-0,0,0,402.987235794058,0,0
105.6,100,99.9999719225586,99.9991765006097,0.00465974571783266,0.00541441129561813,-0.531771660564489,0.0255996337439575,6.65973705996078,-0,-0,0,402.987021142235,0,0
105.62,100,99.9999720026653,99.9992692766979,0.004647028154522,-0.00500269260385832,-0.504633607574896,0.856540175693187,1.82703808305062,-0,0,0,402.987416997847,0,0
105.64,100,99.9999720825435,99.9993629800503,0.00472488254976577,-0.0146542937798786,-0.459839281742781,0.975683876522879,-2.54219148927422,-0,0,0,402.987993135386,0,0
105.66,100,99.9999721621939,99.9994578836915,0.0047451151382701,-0.0234430611127973,-0.421930405589433,0.532915153180743,3.66902890565368,-0,-0,0,402.987180694244,0,0
105.68,100,99.9999722416169,99.9995526547659,0.00474488049190878,-0.031536686843693,-0.384998460377019,0.922637485412502,4.89996172310977,-0,-0,0,402.987047610693,0,0
105.7,100,99.9999723208134,99.9996482899713,0.00483617523714542,-0.0387330886393151,-0.331614276839339,1.41435822421953,-0.558612144671854,-0,0,0,402.987535273277,0,0
105.72,100,99.9999723997839,99.9997462061607,0.00494398577040825,-0.0447795664764907,-0.274800233867573,1.1600142826453,4.1238854818856,-0,-0,0,402.987372477207,0,0
105.74,100,99.9999724785292,99.9998461038024,0.00505922463145209,-0.0497140771988906,-0.216482366204672,1.52246803092516,-2.9340256249232,-0,0,0,402.987745688653,0,0
105.76,100,99.9999725570497,99.9999483655175,0.00514412369733424,-0.0534752189376952,-0.16338805222067,0.957951437789853,2.50232504830846,-0,-0,0,402.988244444802,0,0
105.78,100,99.9999726353462,100.000051574034,0.005183911245179,-0.0562997928315527,-0.118001852657705,1.14421998237188,8.42448472535995,-0,-0,0,402.988507477112,0,0
105.8,100,99.9999727134194,100.000156604581,0.00535522610316806,-0.058059132177303,-0.0523774374363125,2.04284995456123,-0.956175374955038,-0,0,0,402.989070344016,0,0
105.82,100,99.9999727912698,100.000266190228,0.00558911901592001,-0.0583445012551257,0.0211122222858481,1.65293257808129,-1.62311200444717,-0,0,0,402.988888327603,0,0
105.84,100,99.999972868898,100.000379580541,0.00573475553418331,-0.0573273399652488,0.0777205266348393,1.2317845220163,-1.01855764588904,-0,0,0,402.989240719776,0,0
105.86,100,99.9999729463048,100.00049508398,0.00580576073739553,-0.0553331408911398,0.119686708851322,0.940390867247537,1.04822302440682,-0,-0,0,402.988967275847,0,0
105.88,100,99.9999730234908,100.000611662517,0.00585413484013211,-0.0525809994808127,0.155414771668389,0.943530193641379,1.53584474878477,-0,-0,0,402.987972505506,0,0
105.9,100,99.9999731004565,100.000729386095,0.00592298377934505,-0.049113148402631,0.191645554452461,1.00836182012383,-6.51336258510722,-0,0,0,402.988286196435,0,0
105.92,100,99.9999731772027,100.00084794669,0.00589774967908527,-0.0450378123909011,0.209736852842712,0.060715352546207,3.86666540343696,-0,-0,0,402.987397013589,0,0
105.94,100,99.9999732537299,100.000965038046,0.00583215863408185,-0.0407808579859194,0.2189166882775,0.532030509040238,5.04921257978385,-0,-0,0,402.987509427498,0,0
105.96,100,99.9999733300387,100.001082140962,0.00590265757395506,-0.0361526009474669,0.247347948376713,1.08854558667731,0.218473569806731,-0,0,0,402.988140509653,0,0
105.98,100,99.9999734061299,100.001201581294,0.00603949315623861,-0.0308396776383179,0.283028871874144,0.969128660944327,-1.00532367879484,-0,0,0,402.988430293886,0,0
106,100,99.9999734820039,100.001323535958,0.00614879119447477,-0.0248859905513361,0.310568721491014,0.712668383463818,-4.71018508539556,-0,0,0,402.988577802234,0,0
106.02,100,99.9999735576615,100.001446893682,0.00616270752268713,-0.0185438083856101,0.319191965359332,0.0274244721377146,-1.45151366848829,-0,0,0,402.987698658924,0,0
106.04,100,99.9999736331032,100.001569472996,0.00609039314666599,-0.0122297398039717,0.310997809481325,-0.159956797738816,-2.23121690820738,-0,0,0,402.987848903986,0,0
106.06,100,99.9999737083296,100.001690252111,0.0059795815427933,-0.00616173777933228,0.294151604161999,-0.41969666481387,1.90380057089129,-0,0,0,402.987824962835,0,0
106.08,100,99.9999737833415,100.001808783727,0.00588726097475068,-0.000456667964149672,0.278226033688232,-0.129168211896461,3.83199678750897,-0,-0,0,402.98851827455,0,0
106.1,100,99.9999738581393,100.001926456234,0.00590174579250279,0.00506815418707155,0.277369545150327,0.362871599181197,-3.89871967732208,-0,-0,0,402.98918840911,0,0
106.12,100,99.9999739327237,100.002044883966,0.00592197890055778,0.0106259670093296,0.274936849900741,-0.17520920776405,-3.76270409785633,-0,0,0,402.987989138243,0,0
106.14,100,99.9999740070954,100.002162637838,0.00583751728650185,0.0159393751509994,0.253562213248846,-0.624096798328788,-3.60273300211603,-0,-0,0,402.987397543828,0,0
106.16,100,99.9999740812548,100.002277804245,0.00566591859282983,0.0206661934815283,0.216840092865358,-0.993473493114061,-3.61206276745175,-0,0,0,402.98667130849,0,0
106.18,100,99.9999741552027,100.002388774901,0.00541934379914656,0.0245289917294667,0.167519554193177,-1.31394061779651,0.304932164440827,-0,-0,0,402.98645104543,0,0
106.2,100,99.9999742289396,100.002494529711,0.00516491304833927,0.0273609119952931,0.117162538100789,-1.10324111736268,2.55201207382847,-0,-0,0,402.986681360107,0,0
106.22,100,99.9999743024661,100.002595924679,0.00499317097257519,0.0293080708008047,0.080622019701412,-0.639945611628319,0.82267555930351,-0,-0,0,402.987208552642,0,0
106.24,100,99.9999743757829,100.002694773015,0.00489920827439004,0.0306711996482997,0.0569488677399385,-0.453751464777534,-2.91932931276505,-0,0,0,402.987229126051,0,0
106.26,100,99.9999744488904,100.002791790382,0.00479043467733509,0.0315713377334048,0.0311924590340434,-0.758205914613176,3.03345169360386,-0,-0,0,402.986958459196,0,0
106.28,100,99.9999745217894,100.002886541453,0.00470341383865824,0.0319478305361713,0.00958670425253126,-0.279576650097764,-1.83260169122432,-0,-0,0,402.987779568825,0,0
106.3,100,99.9999745944804,100.002980128751,0.00464740884043709,0.0319906911644674,-0.00648524566132908,-0.472684987026099,1.13539431283884,-0,-0,0,402.986592213536,0,0
106.32,100,99.999974666964,100.00307244171,0.00459154770354235,0.031693646381682,-0.021865721176791,-0.269245060285961,2.12732576848104,-0,-0,0,402.986383710346,0,0
106.34,100,99.9999747392408,100.003164176793,0.00459347999650729,0.0311825466911328,-0.0273046302100615,0.0304997612947584,-0.21357884463674,-0,0,0,402.985956659706,0,0
106.36,100,99.9999748113114,100.003256373202,0.00462466773445853,0.0306348504854839,-0.0276545729319533,0.000125588201120922,-3.41497879415726,-0,0,0,402.986257022998,0,0
106.38,100,99.9999748831763,100.003348778641,0.00459858166479087,0.0300167394451429,-0.0368495642120807,-0.425914504821221,1.55713931106895,-0,0,0,402.985648711768,0,0
106.4,100,99.9999749548363,100.003440173379,0.00455025980126647,0.0291431964197536,-0.0488535214703294,-0.174882684507211,1.46466980332488,-0,-0,0,402.986175241538,0,0
106.42,100,99.9999750262918,100.0035311284,0.00455287449489646,0.0281222348582626,-0.0519097954583121,0.030705997095584,1.49974674285989,-0,-0,0,402.986169228884,0,0
106.44,100,99.9999750975434,100.003622577458,0.00459888320771926,0.0271167224962927,-0.0474766343053167,0.213819835066108,-0.127858406294203,-0,-0,0,402.986473270285,0,0
106.46,100,99.9999751685917,100.003715174139,0.00465870197543121,0.0262393879877248,-0.0405600609734835,0.168928241198873,1.84611770285488,-0,-0,0,402.985991607316,0,0
106.48,100,99.9999752394373,100.003809049749,0.0047368613446413,0.0255154680385468,-0.0305326691513468,0.376141737504525,-3.84695588147949,-0,0,0,402.985888149118,0,0
106.5,100,99.9999753100808,100.003904367949,0.00477380863019988,0.0249725156098647,-0.0271556130999252,-0.152875709191133,-0.337008500923272,-0,0,0,402.98576768858,0,0
106.52,100,99.9999753805228,100.003999566604,0.00474485307049128,0.0243614947491156,-0.0340548723015223,-0.173919908099467,-1.16375901658098,-0,-0,0,402.986300471678,0,0
106.54,100,99.9999754507637,100.004094029846,0.00469615806463197,0.0235927581686273,-0.04356685132499,-0.296423125387613,-0.379166460739616,-0,0,0,402.98578848134,0,0
106.56,100,99.9999755208043,100.00418729137,0.00462911279803766,0.0226042466096394,-0.0552887725761796,-0.304078588763792,-0.814070212085353,-0,0,0,402.98588380685,0,0
106.58,100,99.9999755906451,100.004279113771,0.0045500449759744,0.0213740872270126,-0.0680652459340923,-0.364648911041572,-0.761005330698639,-0,-0,0,402.986035562846,0,0
106.6,100,99.9999756602865,100.004369178726,0.00445376529664279,0.0198701097209311,-0.0825782467158943,-0.412008023568913,-3.2156649892865,-0,0,0,402.985033257823,0,0
106.62,100,99.9999757297293,100.004456908886,0.00430455076770648,0.0180218859958387,-0.10437027739795,-0.757142005036401,-5.13282677058832,-0,-0,0,402.984989641397,0,0
106.64,100,99.999975798974,100.004540605863,0.00404231187887017,0.0155854753641908,-0.142583836096384,-1.29663224630536,3.30701796654903,-0,0,0,402.983630590813,0,0
106.66,100,99.9999758680211,100.004618598834,0.00377840994816097,0.0123353989043531,-0.178535031719452,-0.710637242189308,-3.71230108577904,-0,0,0,402.984456549164,0,0
106.68,100,99.9999759368712,100.004691819653,0.00352720978675937,0.0084730128542718,-0.209923791477147,-1.07751510340772,0.883599454580705,-0,-0,0,402.983979830624,0,0
106.7,100,99.9999760055249,100.004759530157,0.00325171898717273,0.00393240330029087,-0.242369591925729,-0.822627454001187,2.33037870035461,-0,0,0,402.983999131852,0,0
106.72,100,99.9999760739827,100.004822323458,0.00304130921148562,-0.00113209475154375,-0.261408453921967,-0.420320306199682,-1.01197580048636,-0,0,0,402.984630534447,0,0
106.74,100,99.9999761422451,100.004881347659,0.00285619952622397,-0.00647973219801776,-0.273711759793114,-0.488094069684297,3.20832223366674,-0,-0,0,402.984618709891,0,0
106.76,100,99.9999762103129,100.004936812254,0.00270656474887162,-0.0120241424257445,-0.277688818212435,-0.0212030369130494,0.603751566308459,-0,-0,0,402.984767939272,0,0
106.78,100,99.9999762781864,100.004989951103,0.00260848218796239,-0.0175175574879879,-0.271124503978528,0.0584852126896483,2.93574731665554,-0,-0,0,402.984105173317,0,0
106.8,100,99.9999763458663,100.005041430942,0.00255197669087526,-0.0228112299521164,-0.255949187537133,0.418527349742634,-0.581487970338142,-0,0,0,402.98396031244,0,0
106.82,100,99.9999764133531,100.005092137947,0.00251221122690271,-0.0277285555433865,-0.236613031345526,0.293113755074061,7.9417697784712,-0,-0,0,402.983992849457,0,0
106.84,100,99.9999764806473,100.005142546995,0.0025653077600806,-0.0321665275739518,-0.201163611995501,1.2465673074148,-2.94341129223028,-0,0,0,402.985134235721,0,0
106.86,100,99.9999765477496,100.005195014834,0.00265979330364443,-0.0357318234398593,-0.158874516860179,0.715557568461855,-1.02077040499197,-0,0,0,402.984290938948,0,0
106.88,100,99.9999766146603,100.005248325978,0.00266203283075442,-0.0386199876247697,-0.131418129050342,0.495413465813449,4.21041445348222,-0,-0,0,402.984508904472,0,0
106.9,100,99.9999766813802,100.005301685437,0.00269185350780201,-0.0409574843913807,-0.0994700279449957,0.955836475353843,1.27047619563172,-0,0,0,402.985077168035,0,0
106.92,100,99.9999767479098,100.005356377717,0.00277879850879727,-0.0425417045074777,-0.0588629525735985,0.988247053306361,0.580769741239237,-0,0,0,402.985163622477,0,0
106.94,100,99.9999768142495,100.005412827225,0.00286434477642116,-0.0433204633608996,-0.01949865164401,0.931151214307218,2.03991982450805,-0,-0,0,402.986006760224,0,0
106.96,100,99.9999768804,100.005471039322,0.0029628097270609,-0.0433162212216292,0.0206301580251093,1.0616544425633,-5.29398485471123,-0,0,0,402.985956015039,0,0
106.98,100,99.9999769463617,100.005530819951,0.00298442520509291,-0.0425901175388645,0.0467640972447565,0.26047534983507,6.14000490631441,-0,-0,0,402.985071661387,0,0
107,100,99.9999770121352,100.005590433756,0.0030068600806825,-0.0414510003564017,0.0717297398727676,0.990022346177277,3.52992982561249,-0,-0,0,402.98525474497,0,0
107.02,100,99.9999770777211,100.005651957485,0.00315925880159405,-0.0395947799199916,0.115709641158309,1.29794090491731,-1.44899130145579,-0,0,0,402.985701588187,0,0
107.04,100,99.9999771431198,100.005716820924,0.00331495286943925,-0.0368378791787173,0.157561247286891,0.943873233836096,-2.67277953643419,-0,-0,0,402.985453107969,0,0
107.06,100,99.999977208332,100.0057839843,0.00338508291723792,-0.033402494753094,0.182925070610303,0.48339380761758,-4.32143642399126,-0,0,0,402.984708458684,0,0
107.08,100,99.9999772733581,100.00585145048,0.00333933952612475,-0.029661180859624,0.187293770048813,-0.121693317850521,-3.7210089905095,-0,0,0,402.983758998015,0,0
107.1,100,99.9999773381987,100.005916789382,0.00317816477872653,-0.0260456199365016,0.171409146784779,-0.571539445220402,1.81669263446584,-0,0,0,402.982975352241,0,0
107.12,100,99.9999774028543,100.005978529177,0.00300896155651446,-0.0228190870935275,0.153209742872563,-0.270049097173507,3.95578784548397,-0,-0,0,402.983812495177,0,0
107.14,100,99.9999774673254,100.006037860378,0.00294634029972623,-0.0198093635522221,0.151121562471177,0.256942696998172,0.15156247668236,-0,0,0,402.9840058033,0,0
107.16,100,99.9999775316126,100.006096829891,0.00295143161469658,-0.0167125785337424,0.158407775986003,0.240649638670892,3.28005967007372,-0,-0,0,402.984334219315,0,0
107.18,100,99.9999775957164,100.006156272677,0.00300930495749605,-0.0134273943191349,0.172443009139702,0.61564325678305,-3.31349280711813,-0,-0,0,402.984530194478,0,0
107.2,100,99.9999776596373,100.006217151002,0.00306053382071146,-0.00983727004361814,0.183328092599802,0.118561799463903,0.0409361332503143,-0,-0,0,402.983663035498,0,0
107.22,100,99.9999777233758,100.006278366346,0.00306206665725716,-0.00615917259208466,0.184371186579868,0.105826125810765,-5.00052635379207,-0,-0,0,402.98349931963,0,0
107.24,100,99.9999777869324,100.006339160717,0.00299339257389289,-0.00254947324001238,0.172514944803599,-0.53424969178259,0.874746471124812,-0,-0,0,402.982229848385,0,0
107.26,100,99.9999778503078,100.006397803538,0.00287901614194308,0.000687122379009327,0.152326223271773,-0.356220076132481,-4.45872205476845,-0,0,0,402.982241108231,0,0
107.28,100,99.9999779135023,100.006454080052,0.00272925996912593,0.00349982906010054,0.125745792942764,-0.86621640669341,4.04616235825589,-0,-0,0,402.981716224635,0,0
107.3,100,99.9999779765165,100.006507113625,0.00259912405232288,0.0057386647690836,0.102146716773126,-0.249264357146792,-6.27195795465722,-0,0,0,402.981491755856,0,0
107.32,100,99.9999780393509,100.006557927546,0.0024529962076827,0.00756469258928093,0.0757309118826255,-0.998746771383673,3.90982942099625,-0,-0,0,402.980918427168,0,0
107.34,100,99.9999781020061,100.006605171962,0.00229602815980476,0.00876076437549044,0.0479139204083537,-0.380556225392775,-4.96512063511228,-0,-0,0,402.980794315053,0,0
107.36,100,99.9999781644825,100.006649779889,0.00214212412498231,0.0094849780002105,0.0209392075025051,-0.950811615749546,2.88666041876984,-0,0,0,402.979203577949,0,0
107.38,100,99.9999782267807,100.00669080627,0.00197943168555352,0.00959589915095232,-0.00664726676299273,-0.464558174351404,-4.16350659913927,-0,0,0,402.979993236395,0,0
107.4,100,99.9999782889011,100.006728941282,0.00181544200340032,0.00922184177172271,-0.0335982892221753,-0.922171900815257,-1.09591121405975,-0,0,0,402.979265481947,0,0
107.42,100,99.9999783508443,100.006763032917,0.0015922992425616,0.00819781789853004,-0.0687713810692309,-0.935800378010704,3.90464367256266,-0,0,0,402.979373671874,0,0
107.44,100,99.9999784126107,100.006793084721,0.0014361391402801,0.00655484853304042,-0.0915242562957093,-0.323835105805482,2.19324776355139,-0,-0,0,402.980234612681,0,0
107.46,100,99.9999784742009,100.006821171686,0.00138426635396471,0.0046568851603411,-0.0962173325963487,-0.00726118343143638,4.35622837135157,-0,-0,0,402.980096971535,0,0
107.48,100,99.9999785356154,100.006849114797,0.00143103913280329,0.00281776905375689,-0.0842324882197444,0.537582893404137,0.423766873829313,-0,0,0,402.980713961874,0,0
107.5,100,99.9999785968547,100.006878800559,0.00153655939177074,0.00135082776189368,-0.062632218218796,0.520139968192417,3.20223836296485,-0,-0,0,402.981055940468,0,0
107.52,100,99.9999786579193,100.006910827479,0.00167920769013178,0.000351554690846569,-0.0352587221118468,0.850906881923512,-3.25707115760055,-0,0,0,402.981598030416,0,0
107.54,100,99.9999787188096,100.006945803198,0.00179800149898257,-9.06983110174073e-05,-0.0123542729711524,0.332598819266209,0.894101687222911,-0,0,0,402.981463408342,0,0
107.56,100,99.9999787795263,100.006982411116,0.00186566319611772,-0.000199878336234528,0.00182810338260002,0.400811413768033,-4.61055788780854,-0,0,0,402.982240554157,0,0
107.58,100,99.9999788400696,100.007019976376,0.00186612730551813,-9.37432301806915e-05,0.00475725602975551,-0.226971625227774,-2.61831760105652,-0,0,0,402.981803979909,0,0
107.6,100,99.9999789004403,100.007056331053,0.00175744509835703,-0.000125766526466921,-0.00980810425829251,-0.523126971478611,-5.70093495273829,-0,0,0,402.981610546056,0,0
107.62,100,99.9999789606387,100.007089509141,0.00153443482008934,-0.000604778498207036,-0.0420843272683793,-1.16340628715475,4.08284939518895,-0,-0,0,402.981481704775,0,0
107.64,100,99.9999790206654,100.00711772925,0.0013130106550512,-0.00179550383460039,-0.072631904632966,-0.499402337907942,3.43753171085461,-0,-0,0,402.982223754691,0,0
107.66,100,99.9999790805208,100.00714291307,0.00122428031000065,-0.00335925110098889,-0.0805363125905891,-0.00412023412934581,-3.81456076563669,-0,0,0,402.982563889956,0,0
107.68,100,99.9999791402054,100.007166666247,0.00113155252048264,-0.00501742011699436,-0.0882777222377477,-0.478107417527987,-5.33407360726562,-0,0,0,402.982204586579,0,0
107.7,100,99.9999791997198,100.00718728445,0.000905375369451237,-0.00702594218026158,-0.11631375886567,-1.07860536669539,0.155154001837204,-0,0,0,402.981544915283,0,0
107.72,100,99.9999792590643,100.007202501034,0.000621276492662102,-0.00971755807864877,-0.151667541911521,-0.914893568806538,-4.08435544183715,-0,0,0,402.981586360369,0,0
107.74,100,99.9999793182396,100.007211880536,0.000299562408658528,-0.0131181589912914,-0.19071775486939,-1.30152832267649,-5.88198129912624,-0,0,0,402.980670005458,0,0
107.76,100,99.999979377246,100.007213646928,-0.000147417104574242,-0.0174610709997968,-0.246935414524221,-1.85976894707795,-5.92359236122287,-0,0,0,402.980036926448,0,0
107.78,100,99.999979436084,100.007205045742,-0.000735172910577243,-0.0231195881312983,-0.321760287361065,-2.34783789979912,2.16200154683009,-0,-0,0,402.979869454376,0,0
107.8,100,99.9999794947542,100.007184205052,-0.00132945342643812,-0.0303026629975555,-0.392529041433648,-1.76344605037046,3.32580736608356,-0,-0,0,402.980055104933,0,0
107.82,100,99.999979553257,100.007152699047,-0.00179914057214427,-0.0386520501518806,-0.438032422262962,-1.11160476997134,-0.366657255384206,-0,0,0,402.97982484762,0,0
107.84,100,99.9999796115929,100.007112674298,-0.00220296501575788,-0.0477219630575063,-0.468116447150042,-1.00509718381236,1.82781110613899,-0,-0,0,402.979810044828,0,0
107.86,100,99.9999796697624,100.007064806477,-0.00257321432505273,-0.0573088980670942,-0.488102517824234,-0.639119047492671,4.09280782374955,-0,0,0,402.9798753346,0,0
107.88,100,99.9999797277659,100.007010365382,-0.00285080997297104,-0.0671168561743895,-0.48877882128939,-0.0387378988119076,-8.54027456058288,-0,0,0,402.980537350336,0,0
107.9,100,99.9999797856039,100.006950227623,-0.00320847155524723,-0.076922699204592,-0.498456137225594,-1.0935943555427,0.0165589827573792,-0,-0,0,402.978847898141,0,0
107.92,100,99.9999798432769,100.006881182741,-0.00369411443988617,-0.0871599529681719,-0.524143822543648,-0.942041391036703,-2.13826858434427,-0,0,0,402.977990812134,0,0
107.94,100,99.9999799007853,100.006802301939,-0.00420358839218714,-0.0978815965890451,-0.548736456157742,-1.07815664965166,6.21420184463906,-0,-0,0,402.977372178618,0,0
107.96,100,99.9999799581297,100.006713520042,-0.0046422133636097,-0.108998084349459,-0.556900931475831,-0.155437411935498,-2.81592311429582,-0,0,0,402.977363097335,0,0
107.98,100,99.9999800153104,100.006616896828,-0.0050368863209191,-0.120083376774293,-0.553637766772837,-0.480133625164108,8.00870367893082,-0,-0,0,402.97653547176,0,0
108,100,99.9999800723281,100.006512514576,-0.00536271921820138,-0.131039797066461,-0.53515303592155,0.587303823119292,8.49882963879472,-0,-0,0,402.976928006865,0,0
108.02,100,99.999980129183,100.006403885806,-0.00546382620197518,-0.141228132522144,-0.477470472136698,1.57505821514454,2.9018890599966,-0,-0,0,402.978162266721,0,0
108.04,100,99.9999801858757,100.006294756898,-0.00544471833271417,-0.150001616288825,-0.399058778199085,1.73243623538069,8.65619702810579,-0,-0,0,402.97785651709,0,0
108.06,100,99.9999802424067,100.006186858151,-0.00531227005272017,-0.157066414797265,-0.302213458278236,2.58660229301005,7.37756245610714,-0,-0,0,402.979146944997,0,0
108.08,100,99.9999802987764,100.006083383951,-0.00501187776711623,-0.161919846303768,-0.179776395629361,3.16627250782283,-2.37017272688944,-0,0,0,402.979681328371,0,0
108.1,100,99.9999803549853,100.005986279413,-0.00472551828654752,-0.16429511764348,-0.0626699371446088,2.45351955623762,-0.870090475834996,-0,-0,0,402.97946940182,0,0
108.12,100,99.9999804110338,100.005893523955,-0.00456539391316017,-0.164585365938542,0.0305741966996615,2.01983961790409,5.55862219604772,-0,-0,0,402.978416718932,0,0
108.14,100,99.9999804669224,100.005803762319,-0.00439146784330551,-0.163081234372764,0.122254033215486,2.44448760212631,2.73005128240375,-0,0,0,402.978460018527,0,0
108.16,100,99.9999805226515,100.005718320804,-0.00414871775672708,-0.159653591061657,0.220275206848766,2.46040224787701,2.99307044255891,-0,-0,0,402.978958609962,0,0
108.18,100,99.9999805782217,100.005638010959,-0.003876427288485,-0.154276054875331,0.317414061606583,2.50466683902234,5.05287244650744,-0,-0,0,402.978507974445,0,0
108.2,100,99.9999806336333,100.005563717758,-0.00353630509270159,-0.14692693036586,0.41901113439935,2.79977416990112,6.39002781315047,-0,-0,0,402.979034351078,0,0
108.22,100,99.9999806888868,100.005497344958,-0.00307840203592381,-0.137439249850993,0.532028758708588,3.22157612197976,0.874063050806136,-0,0,0,402.979923056993,0,0
108.24,100,99.9999807439826,100.005440894996,-0.00257261929132337,-0.12565413948478,0.643977486666561,2.89909854501866,-5.14753482183284,-0,0,0,402.980411625973,0,0
108.26,100,99.9999807989213,100.005393627964,-0.00218782231095169,-0.111873446703512,0.727124536153779,1.86717856873082,-1.07865830208905,-0,-0,0,402.979729075161,0,0
108.28,100,99.9999808537032,100.00535255789,-0.00192736981336196,-0.0967612436383291,0.781329550852339,1.47861628762651,-1.45150558987532,-0,-0,0,402.979638092396,0,0
108.3,100,99.9999809083289,100.00531621048,-0.00171530046424177,-0.0807297251300371,0.8191299555183,1.09441061825432,1.72963899788828,-0,-0,0,402.97939913703,0,0
108.32,100,99.9999809627987,100.005283994585,-0.00149641301728748,-0.0640441615210946,0.84961702040283,1.15773235359245,0.327576468965829,-0,0,0,402.979923480088,0,0
108.34,100,99.999981017113,100.005256602051,-0.00124005850058586,-0.0467617845329898,0.877646493475237,1.03854822569669,-5.88154069128967,-0,-0,0,402.981049353025,0,0
108.36,100,99.9999810712725,100.005233880092,-0.00105964882593223,-0.029077244659729,0.885028369119222,0.158710883720141,1.42733755624298,-0,-0,0,402.979778682941,0,0
108.38,100,99.9999811252773,100.005213946718,-0.000920800266772449,-0.0114546848282695,0.878074945458826,0.306979128027541,-2.70874383411357,-0,0,0,402.979797542462,0,0
108.4,100,99.9999811791282,100.005197122736,-0.000770094772449702,0.00600878741978069,0.86571433424157,-0.0796357966570342,-5.60591837878493,-0,-0,0,402.979562410024,0,0
108.42,100,99.9999812328253,100.00518253902,-0.000709579337953192,0.023031462483811,0.832081909749145,-0.776307612630793,-2.35573317954567,-0,0,0,402.978741390198,0,0
108.44,100,99.9999812863693,100.005168279859,-0.000718544613131014,0.0391802863121116,0.781581613610262,-0.974184023691675,-3.51884984231417,-0,-0,0,402.97904493265,0,0
108.46,100,99.9999813397605,100.005153599021,-0.000757082547138979,0.0542308109862442,0.721530397970443,-1.2907800129449,-4.42418877121459,-0,0,0,402.978895758197,0,0
108.48,100,99.9999813929994,100.005137621574,-0.000851752799035049,0.0679553352452468,0.648582460217134,-1.67762660725103,-0.752133223004887,-0,-0,0,402.978675686805,0,0
108.5,100,99.9999814460864,100.005119485624,-0.000953488484330839,0.0801485791028596,0.571687180291599,-1.5548970732833,-2.49340887825357,-0,0,0,402.978847986353,0,0
108.52,100,99.9999814990219,100.005099613948,-0.00103512104577034,0.0908299553032832,0.495922574217331,-1.66336458441159,-0.9613911169023,-0,-0,0,402.97986811823,0,0
108.54,100,99.9999815518064,100.005078177022,-0.00110258403920009,0.0999917399523527,0.421041123882419,-1.56794432501544,-3.7683933718645,-0,0,0,402.979513043251,0,0
108.56,100,99.9999816044403,100.005055441797,-0.0011799072336061,0.107655318106313,0.3438095587159,-1.83346838140794,2.0758455885614,-0,-0,0,402.979474484891,0,0
108.58,100,99.999981656924,100.00503123317,-0.00122025789085902,0.113785214917308,0.27255348921123,-1.33516315630375,-2.81808869139651,-0,0,0,402.97977041131,0,0
108.6,100,99.999981709258,100.005006900134,-0.00121949091998194,0.118602599712968,0.208230266358546,-1.51100140869805,-4.72863771896774,-0,0,0,402.980432812842,0,0
108.62,100,99.9999817614427,100.004982006558,-0.0012855214703393,0.122048429261408,0.134062528685103,-1.90194647001335,5.31128344109188,-0,0,0,402.980177799703,0,0
108.64,100,99.9999818134785,100.004955907356,-0.00128884877148718,0.124046327216949,0.0717597916506032,-0.988185338319039,-1.16760389651683,-0,0,0,402.981730586423,0,0
108.66,100,99.9999818653658,100.00493111448,-0.00119183745585285,0.12503604802944,0.0272483241988534,-1.00352872135111,-0.689157585579716,-0,-0,0,402.981843894242,0,0
108.68,100,99.9999819171051,100.004908221573,-0.00109674573586928,0.125145972876004,-0.0158237488743739,-0.957252457658958,-4.6258672730159,-0,0,0,402.981671963456,0,0
108.7,100,99.9999819686968,100.004886859382,-0.00105884593482712,0.124354981846036,-0.065988508853955,-1.40692132102902,-0.191036279933455,-0,0,0,402.981335825903,0,0
108.72,100,99.9999820201413,100.004865582645,-0.00106441658486604,0.122479697102759,-0.120308414540933,-1.24354714333295,0.953485556387718,-0,0,0,402.981630225596,0,0
108.74,100,99.999982071439,100.004844553065,-0.00102958623761152,0.119607708444289,-0.164906354558038,-0.958830473809025,-9.46375158674926,-0,0,0,402.981956629669,0,0
108.76,100,99.9999821225903,100.004823657544,-0.00110443637128845,0.115786291154875,-0.223749147326765,-2.0100066820956,-2.0498416736666,-0,0,0,402.980859748738,0,0
108.78,100,99.9999821735957,100.004799448083,-0.00131964319683926,0.11053967702725,-0.300546849780979,-1.99695397045406,5.19672524072253,-0,-0,0,402.980696658756,0,0
108.8,100,99.9999822244556,100.004771476136,-0.00144529735362562,0.103898016038689,-0.357541006642233,-1.0829920364001,2.60697018155,-0,0,0,402.980461379632,0,0
108.82,100,99.9999822751704,100.004742567373,-0.00143074433040728,0.0964211583203606,-0.386975623687832,-0.610616985279636,-1.54804181201466,-0,-0,0,402.981335681109,0,0
108.84,100,99.9999823257405,100.004714365683,-0.00139764734392068,0.0884683734271379,-0.408874108926942,-0.719423709701141,-4.83408359237688,-0,0,0,402.981013930483,0,0
108.86,100,99.9999823761663,100.004686004252,-0.00146267863755913,0.0799915617067421,-0.441868607221077,-1.22347380387079,-4.77277960204662,-0,0,0,402.979996331496,0,0
108.88,100,99.9999824264483,100.004654942033,-0.0016652603555935,0.0706821585979563,-0.491592041167679,-1.65226975613541,-1.01384459189362,-0,0,0,402.9792144492,0,0
108.9,100,99.9999824765868,100.004618945302,-0.0019357240257136,0.0602974411675639,-0.546005034550708,-1.55415577819023,-2.416270257382,-0,0,0,402.979581418798,0,0
108.92,100,99.9999825265822,100.004577300809,-0.0022378398847496,0.0488521760530983,-0.59884844124141,-1.64420683841386,0.915735860843128,-0,-0,0,402.979077912023,0,0
108.94,100,99.999982576435,100.004529410539,-0.00254365453679987,0.0363871218070704,-0.64526132769402,-1.30680718895592,2.2810365416398,-0,-0,0,402.978702649155,0,0
108.96,100,99.9999826261456,100.004475958676,-0.00278902463509338,0.023153655079078,-0.674928352222807,-0.842916964753608,-0.598627553030323,-0,-0,0,402.978927606072,0,0
108.98,100,99.9999826757143,100.004418007935,-0.00301018550881018,0.00946004019543582,-0.694000360544211,-0.799896176433064,-0.0715141578776226,-0,0,0,402.978248619894,0,0
109,100,99.9999827251416,100.004355435164,-0.00324883005199007,-0.00458103556033782,-0.709291723395283,-0.695562204370214,-0.227647461777681,-0,-0,0,402.978406296016,0,0
109.02,100,99.9999827744279,100.00428795859,-0.00350189696359395,-0.0188835450887923,-0.720372596492059,-0.625210354964191,1.71687916045811,-0,-0,0,402.977873635088,0,0
109.04,100,99.9999828235736,100.004215429013,-0.00374480887381569,-0.0333418295632225,-0.723403630961161,-0.32204871239882,2.79025684244494,-0,-0,0,402.977279604678,0,0
109.06,100,99.999982872579,100.004138499055,-0.00393792365121045,-0.047725760474601,-0.712378967092456,0.0754562873564383,6.56626725869326,-0,-0,0,402.977324109725,0,0
109.08,100,99.9999829214447,100.004058674797,-0.004017157775087,-0.0616782662214496,-0.677666242483604,0.890698721519705,0.892184186969676,-0,0,0,402.977766902201,0,0
109.1,100,99.9999829701709,100.003978254885,-0.00402914698932915,-0.074733329016174,-0.627908336601481,0.890496807719366,1.70327527635127,-0,-0,0,402.977685492496,0,0
109.12,100,99.9999830187581,100.003897428136,-0.00405340773453582,-0.0867841732428049,-0.576616726667402,0.990189779120254,-2.78723207289915,-0,0,0,402.977101944145,0,0
109.14,100,99.9999830672067,100.003815663624,-0.00414523497839812,-0.0978513925367737,-0.533190770930997,0.517551571043484,-0.760836258989058,-0,0,0,402.976699315852,0,0
109.16,100,99.9999831155171,100.003730991278,-0.00433156667202715,-0.108192857643042,-0.501994208821651,0.35939183551271,1.02993553894846,-0,-0,0,402.976187135748,0,0
109.18,100,99.9999831636896,100.003642222538,-0.00454496652188075,-0.117940275404712,-0.472225691227863,0.444934944450277,1.47753877141967,-0,0,0,402.975705124013,0,0
109.2,100,99.9999832117247,100.003549249927,-0.00474982442212211,-0.127055319697928,-0.438485456545477,0.575577614127479,-3.26257916924688,-0,0,0,402.975932006604,0,0
109.22,100,99.9999832596227,100.003451836438,-0.00501296760396421,-0.135528487828983,-0.411918652064583,0.0969990230869729,-4.10119401066736,-0,0,0,402.9749639131,0,0
109.24,100,99.9999833073841,100.003347838142,-0.00541003066550487,-0.143660076390393,-0.404534029932971,-0.423103111338352,4.17356294152661,-0,0,0,402.973630091101,0,0
109.26,100,99.9999833550092,100.003235407837,-0.00581248039526421,-0.151695452400287,-0.395254698602725,0.158213127593938,-3.18533531759305,-0,0,0,402.974081498814,0,0
109.28,100,99.9999834024985,100.003115352887,-0.00621171182546428,-0.159452555850957,-0.383088477694092,-0.255826732107175,2.79363377915108,-0,-0,0,402.972909845256,0,0
109.3,100,99.9999834498523,100.002986845883,-0.00662591383147569,-0.167018021420213,-0.370971233525668,0.130203277763435,3.08480570914742,-0,0,0,402.972445096053,0,0
109.32,100,99.9999834970709,100.002850835556,-0.00696221898347098,-0.174194585764319,-0.344336359592605,0.502395430559984,-0.409517238286977,-0,0,0,402.972883804616,0,0
109.34,100,99.9999835441548,100.00270848442,-0.00727889831632022,-0.180762261754406,-0.313210973209279,0.388671261135176,3.03237924701636,-0,-0,0,402.97231498246,0,0
109.36,100,99.9999835911044,100.00255980817,-0.00757682978548547,-0.18669551580433,-0.278070157850203,0.718872237970586,3.0713632650441,-0,-0,0,402.972238045888,0,0
109.38,100,99.9999836379201,100.002405865406,-0.00780661756406016,-0.191809187389396,-0.23154811051536,1.00951187784928,1.65576345321984,-0,0,0,402.9719561211,0,0
109.4,100,99.9999836846021,100.002247811741,-0.00799591741048146,-0.195916476616348,-0.178833128563314,1.08545218717987,-0.670467742701601,-0,-0,0,402.972037997932,0,0
109.42,100,99.999983731151,100.002085904432,-0.00820353623102489,-0.198988503998504,-0.129946144970806,0.859945433142553,-1.5966507191549,-0,0,0,402.971128672797,0,0
109.44,100,99.9999837775671,100.001919256138,-0.00847315449353408,-0.201188257734967,-0.0921181847985894,0.549831433971987,2.571978705793,-0,-0,0,402.971080631588,0,0
109.46,100,99.9999838238508,100.001746965635,-0.00874534757110961,-0.202682427489813,-0.0558070011372444,0.799160642663374,0.030272302515232,-0,-0,0,402.970849293205,0,0
109.48,100,99.9999838700024,100.001569585788,-0.00899560329533114,-0.203407552349827,-0.0174650775333181,0.698609168837445,-0.610173381344089,-0,0,0,402.970553507979,0,0
109.5,100,99.9999839160223,100.001386973011,-0.00927104000715704,-0.203420012335915,0.0150518745969593,0.532268589034861,-4.68857593808863,-0,0,0,402.970939299585,0,0
109.52,100,99.999983961911,100.001198132373,-0.00963769177635839,-0.20291604513287,0.0311081311907741,-0.121345097879447,1.1371627852499,-0,0,0,402.97027151457,0,0
109.54,100,99.9999840076687,100.0010011398,-0.0100541198507569,-0.202236738556734,0.0378175407942466,0.0379621753571195,2.31600676325353,-0,-0,0,402.97045849599,0,0
109.56,100,99.9999840532958,100.000796371415,-0.0104101516958664,-0.201347341368165,0.0528873654841467,0.321998526712938,1.75050489130399,-0,-0,0,402.970061076199,0,0
109.58,100,99.9999840987928,100.000585153725,-0.0107030591181881,-0.20006545422423,0.0763471554209846,0.498295528565162,1.77138980385127,-0,-0,0,402.970027604067,0,0
109.6,100,99.99998414416,100.000368579951,-0.0109463186863049,-0.198254778266713,0.105608996162127,0.653516466397913,-2.32609158776472,-0,0,0,402.969960420904,0,0
109.62,100,99.9999841893977,100.000147190676,-0.011205504958714,-0.195875969622383,0.129770183603873,0.27712386621,1.88976951070081,-0,-0,0,402.969363375397,0,0
109.64,100,99.9999842345064,99.9999203145645,-0.0114721467647315,-0.193087537450617,0.150260108834975,0.475672068112882,4.3389794820756,-0,0,0,402.96910757999,0,0
109.66,100,99.9999842794864,99.9996889382147,-0.0116440894323824,-0.18978168244951,0.183261390663612,0.954354788621229,-2.33586967957104,-0,-0,0,402.970214808009,0,0
109.68,100,99.9999843243381,99.99945468159,-0.0117954357363442,-0.185758828112443,0.216210172316273,0.535403844853982,-0.797425483786817,-0,0,0,402.969157676354,0,0
109.7,100,99.9999843690617,99.9992167683566,-0.0119999100765662,-0.181212454119525,0.237234291103902,0.364340504286789,-0.612521909514451,-0,0,0,402.968915430914,0,0
109.72,100,99.9999844136578,99.9989745619192,-0.0122229291028377,-0.176310886219957,0.25203682095888,0.238560115069293,0.875360614014498,-0,-0,0,402.96850831672,0,0
109.74,100,99.9999844581267,99.9987279292783,-0.0124344680113497,-0.171139556388278,0.265506343345448,0.314886949580661,0.218174028028821,-0,-0,0,402.968377623228,0,0
109.76,100,99.9999845024686,99.9984773443657,-0.0126217357651548,-0.165686590854446,0.279602558402275,0.298427923933724,0.684212916437822,-0,-0,0,402.967731394023,0,0
109.78,100,99.9999845466841,99.9982232018698,-0.0127877722152242,-0.159955051436534,0.293745023731306,0.341877358068556,0.728854322400364,-0,-0,0,402.966994896882,0,0
109.8,100,99.9999845907734,99.9979660250593,-0.0129250596612836,-0.153929181714312,0.30903057983532,0.385466178695135,5.80209492933592,-0,-0,0,402.966637286224,0,0
109.82,100,99.9999846347369,99.99770691012,-0.012956492191916,-0.147503859682565,0.337653146245665,1.05534597436669,0.552053739780905,-0,-0,0,402.966873150187,0,0
109.84,100,99.999984678575,99.9974483652006,-0.0128970779911331,-0.140356361402919,0.376454470321856,0.982177553315263,3.97864845570398,-0,-0,0,402.966865729045,0,0
109.86,100,99.9999847222881,99.9971914264399,-0.0127782577937516,-0.132413800502078,0.419931994350542,1.34542744945041,5.29637777414607,-0,-0,0,402.967319867269,0,0
109.88,100,99.9999847658764,99.9969380819477,-0.0125325284342335,-0.123459489876293,0.478311801371328,1.82387232934022,1.74509278718115,-0,0,0,402.967693090212,0,0
109.9,100,99.9999848093403,99.9966906703884,-0.0122044249107736,-0.11323663611475,0.543518576717044,1.79662950850471,3.72842299815733,-0,-0,0,402.968425349114,0,0
109.92,100,99.9999848526803,99.9964502862822,-0.0118194394929214,-0.101704195741793,0.610845263012938,2.01790899759357,3.25231470693074,-0,-0,0,402.968243953951,0,0
109.94,100,99.9999848958966,99.9962184131866,-0.011356281232023,-0.0887704331965214,0.68305420987459,2.1499917849945,-2.73903703093643,-0,-0,0,402.968198711901,0,0
109.96,100,99.9999849389896,99.9959958815919,-0.0109152150654577,-0.0744623635594948,0.743410483372853,1.51750199425054,-4.5349200330917,-0,-0,0,402.96777774566,0,0
109.98,100,99.9999849819596,99.9957809542906,-0.0106015007968287,-0.0592251806974511,0.775148065623814,0.743985707796127,1.89585013251688,-0,-0,0,402.966776528866,0,0
110,100,99.999985024807,99.9955715971356,-0.0103224666466953,-0.0435422602018957,0.793811116652025,0.874835025289024,4.29787193870595,-0,-0,0,402.966991458447,0,0
110.02,100,99.9999850675322,99.9953687596871,-0.00993814010445589,-0.0274092613591331,0.821926117430399,1.28752058480519,-7.40723420094042,-0,0,0,402.967594833487,0,0
110.04,100,99.9999851101355,99.9951737617647,-0.00959845934408753,-0.0107681182275163,0.834986996804259,0.187361840755489,0.584514925418619,-0,-0,0,402.9676367452,0,0
110.06,100,99.9999851526173,99.9949842717283,-0.00934252582278533,0.00585474690311066,0.827469516249163,0.228555371234387,-4.94248974038391,-0,0,0,402.968273229083,0,0
110.08,100,99.9999851949778,99.9947998085152,-0.00912358095759451,0.0222458541342288,0.807410168286791,-0.424371232852182,-2.23986952506248,-0,-0,0,402.968408194832,0,0
110.1,100,99.9999852372175,99.9946188707772,-0.00897376521507702,0.0380390055203132,0.770440117786617,-0.654230156588354,-2.27850319355998,-0,0,0,402.968470304664,0,0
110.12,100,99.9999852793367,99.9944407255982,-0.00884379579511044,0.0530087916213394,0.725272902374302,-0.857938911046885,-1.55902775489824,-0,0,0,402.968666665045,0,0
110.14,100,99.9999853213357,99.9942650818026,-0.00871950984103058,0.0670151930050506,0.674874668396108,-0.944526728105566,1.50630242241465,-0,-0,0,402.968996201502,0,0
110.16,100,99.9999853632149,99.9940923007114,-0.00854235984120365,0.0800361786607044,0.629238538538972,-0.638091652049804,-2.07234695149523,-0,-0,0,402.969030299823,0,0
110.18,100,99.9999854049746,99.9939236329473,-0.00832779512672059,0.0922006596522211,0.586108634045475,-0.818099738874587,-0.941150835013931,-0,-0,0,402.968560434992,0,0
110.2,100,99.9999854466152,99.9937591791791,-0.00811484559224176,0.103458722453331,0.539676100093249,-0.832078319883045,-9.26907267006214,-0,0,0,402.96882382816,0,0
110.22,100,99.9999854881369,99.9935982888364,-0.00801320657586227,0.113650397489191,0.472910193709711,-1.88229104300471,-6.01351266175926,-0,0,0,402.967681674147,0,0
110.24,100,99.9999855295402,99.9934375128904,-0.00808285619388652,0.122186054277666,0.377674462006234,-2.38606587676185,-3.89649903533702,-0,0,0,402.967421248589,0,0
110.26,100,99.9999855708254,99.9932744854991,-0.00822624163641504,0.128682999033024,0.271208832149062,-2.5586953402842,-1.55822986061891,-0,0,0,402.967074237096,0,0
110.28,100,99.9999856119927,99.9931084487055,-0.00837214709038166,0.133044133290055,0.166127093163682,-2.41521030986022,-6.37297652908372,-0,0,0,402.967577668315,0,0
110.3,100,99.9999856530427,99.9929392884967,-0.00856399954357283,0.135295410810353,0.0562924206457064,-2.89057620887785,-0.866121284663005,-0,0,0,402.966963314721,0,0
110.32,100,99.9999856939755,99.9927656766583,-0.00878852560550366,0.135287613092028,-0.0549551674501893,-2.61523244148311,-2.36228787412631,-0,0,0,402.967165288097,0,0
110.34,100,99.9999857347915,99.9925878981953,-0.00899018808192614,0.133152335036705,-0.157888304081172,-2.5619093576988,2.01904842354167,-0,-0,0,402.967128381819,0,0
110.36,100,99.9999857754911,99.9924064628406,-0.0091334546713583,0.129070689708196,-0.246175387074033,-1.96963073284865,-0.960398028989496,-0,0,0,402.966861589657,0,0
110.38,100,99.9999858160745,99.9922229826467,-0.00921277913664274,0.123409315406541,-0.318763222634001,-1.82459242787732,3.13362290204254,-0,0,0,402.967592716143,0,0
110.4,100,99.9999858565422,99.9920384186684,-0.00922265093129816,0.116432818461323,-0.374585536585205,-1.18794429380742,6.06288129298242,-0,-0,0,402.968734388242,0,0
110.42,100,99.9999858968944,99.9918551470087,-0.00907234252727732,0.108633810693355,-0.39931487758375,-0.27114683040492,0.769900946538279,-0,-0,0,402.96951411543,0,0
110.44,100,99.9999859371315,99.9916761799365,-0.00882290536797316,0.100595528734002,-0.403577840494744,-0.135714236152909,3.69018309955997,-0,-0,0,402.969477909016,0,0
110.46,100,99.9999859772537,99.9915025757424,-0.00852214873221592,0.0925734835609164,-0.395516034686206,0.345739299353892,0.427025247050365,-0,-0,0,402.969771399933,0,0
110.48,100,99.9999860172615,99.9913355310923,-0.00818528467669863,0.0848363552062713,-0.378127658797257,0.356973182592021,7.88971306538205,-0,-0,0,402.969996489125,0,0
110.5,100,99.9999860571552,99.991175811929,-0.00775240738414141,0.0775734209714331,-0.342221488414793,1.29589489479937,-1.01554794871932,-0,0,0,402.970561427472,0,0
110.52,100,99.9999860969351,99.991025808914,-0.0072619793000644,0.071220609253387,-0.295058818165253,1.00038221213209,3.86702358427815,-0,-0,0,402.970369353675,0,0
110.54,100,99.9999861366014,99.9908853054548,-0.00677640039249648,0.0657769497490397,-0.247168211847018,1.35276182877212,-0.861992191262973,-0,-0,0,402.971190031647,0,0
110.56,100,99.9999861761546,99.9907547210991,-0.00629487758244193,0.0613346620062121,-0.199011389051976,1.06735436960979,-1.60771617911681,-0,0,0,402.970586695404,0,0
110.58,100,99.9999862155949,99.9906329556906,-0.00589646016479053,0.0577316873885662,-0.163549573018305,0.727681254778456,-0.146511363036563,-0,-0,0,402.970804346201,0,0
110.6,100,99.9999862549227,99.9905184578385,-0.00555906595072918,0.0547325306472945,-0.137163412295795,0.613146066511164,2.83234498689374,-0,-0,0,402.96992413909,0,0
110.62,100,99.9999862941383,99.990410684201,-0.00520842491380377,0.0522644250844074,-0.107975522774178,0.886376922909443,-0.273441869392538,-0,-0,0,402.970544997903,0,0
110.64,100,99.999986333242,99.9903101761531,-0.0048490075693663,0.0504239016937285,-0.0771297368616257,0.735427762720022,-3.50343933889474,-0,0,0,402.970395705492,0,0
110.66,100,99.9999863722342,99.9902161476823,-0.00457554848632794,0.0490869578787693,-0.0600212068282476,0.202628320116458,-1.77501276700334,-0,-0,0,402.970568043947,0,0
110.68,100,99.9999864111151,99.9901265160792,-0.0043981484462659,0.0479234610563308,-0.0579123740148154,-0.0449363633746665,-2.00108618528614,-0,0,0,402.970393791691,0,0
110.7,100,99.9999864498851,99.9900398012721,-0.00428381702316491,0.0467082145620257,-0.0651356243347238,-0.287775125165077,-1.20573399733307,-0,-0,0,402.970230068741,0,0
110.72,100,99.9999864885444,99.9899548475151,-0.00421702745776141,0.045274889357463,-0.0788600783395772,-0.399737740764072,-0.184196403951299,-0,0,0,402.969746890368,0,0
110.74,100,99.9999865270935,99.989871015335,-0.00416610880964104,0.043546365932822,-0.0937320068057133,-0.368296853475524,-0.0809745576388959,-0,-0,0,402.970182801575,0,0
110.76,100,99.9999865655326,99.989788211676,-0.0041139476127935,0.0415370936723396,-0.106888670631438,-0.329106337039467,-6.9688230778855,-0,0,0,402.969829011877,0,0
110.78,100,99.999986603862,99.9897057592008,-0.00416550274375668,0.0391692179326984,-0.135069143119719,-1.15353270333805,-3.56520145348131,-0,0,0,402.968561829359,0,0
110.8,100,99.999986642082,99.9896206472023,-0.00435930077631428,0.0359996661454718,-0.183561387827545,-1.44295497566338,3.15773324256332,-0,-0,0,402.968475885324,0,0
110.82,100,99.999986680193,99.9895315522694,-0.00452937046780057,0.0318760024594868,-0.224885575537627,-0.85572552873535,5.33511372414112,-0,-0,0,402.969082704616,0,0
110.84,100,99.9999867181953,99.989440466261,-0.00455063327036685,0.0271854345431663,-0.239101392950214,-0.0758369912724775,-1.32034826630593,-0,0,0,402.969093461685,0,0
110.86,100,99.9999867560892,99.9893499141943,-0.0045127047309003,0.0223903802497673,-0.241333437756914,-0.227341647986916,1.202403239905,-0,0,0,402.969381286605,0,0
110.88,100,99.9999867938749,99.9892599057114,-0.00448303964804322,0.0175393102439508,-0.242567697653289,-0.044819565249489,5.40325350756338,-0,-0,0,402.969568272551,0,0
110.9,100,99.9999868315528,99.9891712100347,-0.00436136042398657,0.0128013940174221,-0.226875682524843,0.637265725469355,2.20817888336999,-0,-0,0,402.970411757756,0,0
110.92,100,99.9999868691233,99.9890860687278,-0.00414651903951543,0.00857239447897425,-0.194862116831762,0.830282968747335,2.89997879509428,-0,-0,0,402.970748262969,0,0
110.94,100,99.9999869065865,99.9890056568436,-0.00388563349345371,0.00506087353480989,-0.154775392510221,1.08317786131571,-0.632194702922314,-0,0,0,402.970861337444,0,0
110.96,100,99.9999869439429,99.9889306256775,-0.00362684385899913,0.00237892453941389,-0.114940834892209,0.862540956475111,6.56627560738203,-0,-0,0,402.971022171847,0,0
110.98,100,99.9999869811927,99.9888609729137,-0.00331067475372431,0.000524801053983576,-0.0661002036258393,1.56798143496166,9.25491782772023,-0,-0,0,402.97206016673,0,0
111,100,99.9999870183362,99.9887995246509,-0.00279591071543268,-5.99367422192602e-05,0.013436462673679,2.51499462986275,5.60951014817869,-0,0,0,402.973886890383,0,0
111.02,100,99.9999870553737,99.9887502143895,-0.00211880385363791,0.00121606173917954,0.116169188046385,2.88130648753091,-2.53318501527261,-0,0,0,402.975396362496,0,0
111.04,100,99.9999870923056,99.9887145707452,-0.0014707356664268,0.00452572005586012,0.209995641861858,2.18187039456934,5.84028230920415,-0,-0,0,402.975010918355,0,0
111.06,100,99.9999871291321,99.988691315693,-0.000834354897245878,0.00957473899215495,0.297388596576182,2.61910201571507,3.8315609627267,-0,-0,0,402.976490181801,0,0
111.08,100,99.9999871658535,99.9886817778247,-0.000110429988798813,0.0164786967259117,0.393467597353546,2.74682240792478,-2.40361600880286,-0,0,0,402.977581442066,0,0
111.1,100,99.9999872024701,99.988686621524,0.000572909711305526,0.0252266341511139,0.4767313145924,2.08035511569241,7.80897850708988,-0,-0,0,402.978562132935,0,0
111.12,100,99.9999872389823,99.9887049385229,0.00129130155469086,0.035544520414723,0.559156961418771,2.77360540038268,2.12455340479264,-0,-0,0,402.980269274334,0,0
111.14,100,99.9999872753903,99.9887389364158,0.00211004825358049,0.0476496415392203,0.650281858366262,2.66496480888496,1.90248895420635,-0,0,0,402.980931055756,0,0
111.16,100,99.9999873116945,99.9887894024998,0.00293815259607158,0.0615109943727828,0.734702767485197,2.54284718616738,-0.984937309008235,-0,0,0,402.982130952512,0,0
111.18,100,99.999987347895,99.9888562525325,0.00373517831824329,0.0769462740089587,0.805498233627367,2.07561580790228,0.0304182425947189,-0,-0,0,402.982597041209,0,0
111.2,100,99.9999873839923,99.9889384993032,0.00448545855839751,0.0936232594605281,0.860114771586633,1.79561072739686,-1.1823750087145,-0,-0,0,402.982788767895,0,0
111.22,100,99.9999874199866,99.9890354176948,0.00519793942296823,0.111252719896047,0.900054899461752,1.40140113829028,-2.33232977299522,-0,-0,0,402.983152735638,0,0
111.24,100,99.9999874558782,99.989146002216,0.00584835246359894,0.129502901582912,0.921650389024732,0.914863552137283,-3.69707720599714,-0,0,0,402.982772859607,0,0
111.26,100,99.9999874916674,99.989268773289,0.00641218536463459,0.147973192660008,0.921465147527249,0.32386848622541,4.68336112474364,-0,-0,0,402.983241941622,0,0
111.28,100,99.9999875273545,99.9894027382603,0.00701200892519734,0.166353969605375,0.919883259750422,0.854537413383533,-4.21380914971849,-0,-0,0,402.983890401948,0,0
111.3,100,99.9999875629398,99.9895493974538,0.00763482247450946,0.184742792329711,0.914734705752378,0.206202219776038,3.05086758380955,-0,-0,0,402.983793063396,0,0
111.32,100,99.9999875984235,99.9897081700259,0.00826234423396585,0.202904665043218,0.903554749518128,0.549317848927303,-5.40964264259568,-0,0,0,402.984611324282,0,0
111.34,100,99.999987633806,99.9898797847864,0.00887523153359135,0.220823375209026,0.883411025497027,-0.207120048466966,0.1061433674199,-0,-0,0,402.984760465643,0,0
111.36,100,99.9999876690876,99.9900628547564,0.00943855818273877,0.238150201127525,0.849457117030378,-0.17572493233089,-8.81473699876003,-0,0,0,402.985500489652,0,0
111.38,100,99.9999877042685,99.9902566753106,0.00990546846706282,0.254661968007523,0.794836843155743,-1.25989121295241,-5.21097615499237,-0,-0,0,402.985331335315,0,0
111.4,100,99.999987739349,99.9904580138851,0.0102127688643539,0.269748679012616,0.710844467232089,-1.75213093183646,-8.17256047711037,-0,0,0,402.984438856361,0,0
111.42,100,99.9999877743294,99.9906642910056,0.0103862320691433,0.282937349366675,0.60318768268572,-2.54654598542777,-4.37377017796855,-0,0,0,402.983822144174,0,0
111.44,100,99.9999878092101,99.9908727625817,0.0104540026525676,0.293761071732111,0.478143475617131,-2.75947109833726,-15.0431746081209,-0,0,0,402.984843178423,0,0
111.46,100,99.9999878439912,99.9910813805226,0.0103603602554865,0.30189848051616,0.328339798435312,-3.95947109833726,-0.306828192415831,-0,-0,0,402.98383881741,0,0
111.48,100,99.9999878786731,99.9912865815209,0.0101774674457968,0.306822284017801,0.167610482029458,-3.47634581167843,-7.59543359420392,-0,-0,0,402.984635057717,0,0
111.5,100,99.999987913256,99.9914883714517,0.00997953817624677,0.308617007867752,0.00922410785972026,-3.96540473768651,1.16969397403593,-0,0,0,402.983682162029,0,0
111.52,100,99.9999879477403,99.9916858047711,0.009786551260225,0.307239857653073,-0.142151037798455,-3.29418873819047,-2.96695415050098,-0,-0,0,402.984814928299,0,0
111.54,100,99.9999879821261,99.9918802339835,0.00965431825736175,0.303041917714367,-0.276755760115529,-3.22717873454404,-2.89997354429549,-0,0,0,402.98470686578,0,0
111.56,100,99.9999880164139,99.9920718768571,0.00950699282746232,0.296205381017604,-0.406003634215344,-3.1592890444861,-5.5111301649025,-0,0,0,402.984676386655,0,0
111.58,100,99.9999880506039,99.9922601028139,0.00929842470749683,0.286793774119736,-0.536374583444787,-3.42476104704803,-10.4495086268015,-0,0,0,402.98417185506,0,0
111.6,100,99.9999880846963,99.9924426285578,0.00891274926129161,0.27462620406243,-0.685228334851103,-4.26944666865485,1.66274426714284,-0,-0,0,402.982837221061,0,0
111.62,100,99.9999881186914,99.9926162575453,0.00847189830620208,0.259406812681148,-0.831151305668299,-3.49029571705427,-8.16343352434717,-0,0,0,402.983392974529,0,0
111.64,100,99.9999881525896,99.9927812748649,0.00799813748056535,0.241426503975128,-0.96981470310286,-4.03776695204562,1.86999418097322,-0,-0,0,402.982728657907,0,0
111.66,100,99.999988186391,99.9929359767619,0.0074918634631255,0.220672833524869,-1.10001802567726,-3.26082814816901,4.09035742249864,-0,-0,0,402.983103823211,0,0
111.68,100,99.999988220096,99.9930818788962,0.00712476381590935,0.197669026033596,-1.19380880647184,-2.30885453101305,-0.705919057637429,-0,0,0,402.983792327668,0,0
111.7,100,99.9999882537048,99.9932214315489,0.00682810658493534,0.173085735025715,-1.26266160749084,-2.07973583373174,0.682527856820262,-0,0,0,402.984084751114,0,0
111.72,100,99.9999882872178,99.993355020591,0.00653384352287188,0.147255528668691,-1.31762323369157,-1.70805693955371,-0.0590681581528277,-0,0,0,402.983890844274,0,0
111.74,100,99.9999883206351,99.9934827913122,0.00624061668877838,0.12047111853473,-1.35901967304517,-1.47717127739981,3.26197378057411,-0,0,0,402.983814404796,0,0
111.76,100,99.9999883539571,99.9936048563722,0.00597856609613233,0.0930169717087879,-1.38219320954233,-0.862384960670824,3.20863593973521,-0,0,0,402.984194945373,0,0
111.78,100,99.999988387184,99.9937223774244,0.00578309562144367,0.0653388238094715,-1.382052461097,-0.335048682733174,2.38974463903685,-0,0,0,402.984882387549,0,0
111.8,100,99.9999884203161,99.9938364317663,0.00562549784803197,0.0378539710721681,-1.36402732467172,0.0195877876525353,6.14444791765,-0,0,0,402.984886494187,0,0
111.82,100,99.9999884533537,99.9939478810301,0.00553992920848847,0.0109288257910053,-1.32345762335769,0.796102026772328,4.77929888585036,-0,-0,0,402.986089651783,0,0
111.84,100,99.9999884862971,99.9940586442289,0.00554689629022905,-0.0149208116300559,-1.25832019047574,1.29798101608789,4.64618972048228,-0,-0,0,402.986273887823,0,0
111.86,100,99.9999885191464,99.9941701284286,0.0056096395461546,-0.0392886637535972,-1.17588253860033,1.71582372506773,4.27493512502571,-0,-0,0,402.986198243271,0,0
111.88,100,99.999988551902,99.9942832912499,0.00571164952976893,-0.0618673506478482,-1.08012308406823,2.02982874835931,1.534817193311,-0,0,0,402.985025698493,0,0
111.9,100,99.9999885845642,99.9943985019775,0.00580025264148932,-0.0824703173620957,-0.980780018838721,1.96199130304658,0.24757010809056,-0,0,0,402.98510164849,0,0
111.92,100,99.9999886171332,99.9945148263211,0.00581774690524516,-0.101142919977798,-0.888055571282226,1.74153902389983,3.38688785694695,-0,0,0,402.984764681057,0,0
111.94,100,99.9999886496092,99.9946309931128,0.00580192277502884,-0.117999906663731,-0.796537384247011,1.94134746275621,6.46794751190738,-0,-0,0,402.985187074761,0,0
111.96,100,99.9999886819926,99.9947473348641,0.00585039009095858,-0.13291371266931,-0.691511018460874,2.49790023722318,3.51086074233431,-0,-0,0,402.986027801696,0,0
111.98,100,99.9999887142836,99.9948653953466,0.0059573197199936,-0.14558683684581,-0.575363599168,2.61022513371259,-0.805394886972791,-0,0,0,402.985883888187,0,0
112,100,99.9999887464825,99.9949852600475,0.00600973962212062,-0.155984197946335,-0.46746995237699,2.16855374509776,5.17874174690209,-0,-0,0,402.985152759681,0,0
112.02,100,99.9999887785895,99.9951056804035,0.00604552859889064,-0.164302961146939,-0.362366138025957,2.53046401990831,0.498604960950447,-0,-0,0,402.985225805433,0,0
112.04,100,99.999988810605,99.9952271130678,0.00608681642556871,-0.170481519012165,-0.257512639848869,2.25974932812427,-0.172060792245885,-0,0,0,402.984505150519,0,0
112.06,100,99.999988842529,99.9953486899815,0.0060587232927562,-0.174690379445619,-0.165670911393718,1.94182253061218,1.28115187590727,-0,-0,0,402.984736948793,0,0
112.08,100,99.999988874362,99.9954691684038,0.00598630015321402,-0.177170575365328,-0.0832130368095791,1.84496852042499,-2.88052799092944,-0,0,0,402.984119392948,0,0
112.1,100,99.9999889061042,99.9955876247777,0.00583689738566057,-0.178120208602744,-0.0158177939857656,1.24180108181484,3.11939633834686,-0,-0,0,402.983204722956,0,0
112.12,100,99.9999889377558,99.9957024285556,0.00565417548866189,-0.177855879299779,0.0434977068559825,1.4662648177672,1.96515940435745,-0,0,0,402.983311636073,0,0
112.14,100,99.9999889693171,99.9958140889531,0.00551623941769048,-0.17635389117189,0.106817233353662,1.51744139915607,10.4143411585326,-0,-0,0,402.983968188665,0,0
112.16,100,99.9999890007884,99.9959241221423,0.00553365388419779,-0.173440990991584,0.191201403955708,2.61384796986748,-1.30237724767903,-0,0,0,402.985359564971,0,0
112.18,100,99.9999890321698,99.9960360057913,0.00563853604236989,-0.168650815679259,0.284220039853548,2.10352895527461,5.74585201729406,-0,-0,0,402.985305667004,0,0
112.2,100,99.9999890634618,99.9961497993623,0.00576266602042052,-0.162090714877324,0.374235313116542,2.53753385373295,-0.553775848435614,-0,-0,0,402.985419758131,0,0
112.22,100,99.9999890946644,99.9962667121643,0.00591775328696223,-0.153695851219377,0.462291840195628,2.12820607557719,1.35871170021843,-0,-0,0,402.985023701666,0,0
112.24,100,99.999989125778,99.9963863215791,0.00604433029605273,-0.143678357728226,0.538393296203133,2.01076517270141,-2.04055488995724,-0,0,0,402.984925591144,0,0
112.26,100,99.9999891568029,99.9965082041587,0.00612923316334926,-0.132256506280381,0.600150332933415,1.48504146349395,6.4289604367545,-0,-0,0,402.984843343788,0,0
112.28,100,99.9999891877393,99.9966318274931,0.00626330641435293,-0.119668949332003,0.662148536414399,2.08325040610424,4.86915395497995,-0,-0,0,402.985220935616,0,0
112.3,100,99.9999892185873,99.9967597354334,0.00654756598083981,-0.105666346495736,0.739841579249551,2.40760406416304,4.76852878089288,-0,-0,0,402.985894523383,0,0
112.32,100,99.9999892493474,99.996894501279,0.00694756411053554,-0.090014421836877,0.826676208547358,2.67516658033823,-0.863569195234851,-0,0,0,402.986313011415,0,0
112.34,100,99.9999892800197,99.9970377884256,0.00737102313048567,-0.0726443500433244,0.906942856369686,2.20494892963409,-4.06587420710512,-0,0,0,402.98651855499,0,0
112.36,100,99.9999893106045,99.9971886633565,0.00769308646894384,-0.0539160430290289,0.960414133664779,1.39697318770816,-5.46161224848114,-0,0,0,402.986201250222,0,0
112.38,100,99.9999893411021,99.9973445161649,0.00786593025622204,-0.0344541516262432,0.979977186926044,0.522224215142918,-12.9605301874921,-0,0,0,402.986112725175,0,0
112.4,100,99.9999893715126,99.9975019992316,0.00784260647572639,-0.0149856597424347,0.959121113378643,-0.677775784857082,-2.11157251249782,-0,0,0,402.985000539956,0,0
112.42,100,99.9999894018364,99.9976574166271,0.00769892718433881,0.00373278463811844,0.911578808641598,-0.859870880589555,-3.28308097350414,-0,0,0,402.985225651306,0,0
112.44,100,99.9999894320736,99.9978098359327,0.0075373607329557,0.0214160964987047,0.85486560463213,-1.16364189780514,-1.51976066213324,-0,0,0,402.985160545305,0,0
112.46,100,99.9999894622246,99.997958884451,0.00737154228563632,0.0378869962926785,0.792037639020387,-1.20614816668665,-12.1283238278329,-0,0,0,402.985833807935,0,0
112.48,100,99.9999894922896,99.998103930921,0.00709039026363196,0.0529432442820281,0.706077128375981,-2.40614816668665,-4.59128688281116,-0,0,0,402.984489305716,0,0
112.5,100,99.9999895222687,99.9982414982042,0.00665958494136761,0.0659505817993476,0.59326077071542,-2.66639725637225,-5.02102497941784,-0,0,0,402.983917925429,0,0
112.52,100,99.9999895521624,99.9983700069109,0.00618272608168303,0.0766162209246388,0.471838619729236,-2.9442291526217,-1.63435056771283,-0,0,0,402.983577440235,0,0
112.54,100,99.9999895819708,99.9984888191424,0.00570714317322667,0.0848270135565006,0.350740661984749,-2.76138765740612,0.0452643403702885,-0,-0,0,402.984059988601,0,0
112.56,100,99.9999896116941,99.9985987739673,0.00530353491467762,0.0907302331104785,0.242244858425392,-2.39298197349999,4.80615032802709,-0,-0,0,402.984278640744,0,0
112.58,100,99.9999896413326,99.9987020041707,0.005055833559987,0.0946947604965624,0.160293797020208,-1.47868332485782,-9.2117740129482,-0,0,0,402.985382770247,0,0
112.6,100,99.9999896708865,99.9988009264806,0.00479820269883429,0.0971376363300802,0.0781386316285333,-2.43180908357672,-0.676948935537617,-0,0,0,402.984987814647,0,0
112.62,100,99.9999897003562,99.9988933566949,0.0044528491591532,0.0977451131572667,-0.0155762409052318,-2.19442336900716,0.0507802702457541,-0,0,0,402.985224685731,0,0
112.64,100,99.9999897297417,99.9989793999863,0.00416136156199711,0.0965948660998778,-0.0972720195527075,-1.89641686002823,6.07281084213093,-0,0,0,402.985933872893,0,0
112.66,100,99.9999897590434,99.9990607828594,0.00401478027605412,0.0940347087417136,-0.152086971338142,-0.886494501620638,-5.21484856571021,-0,-0,0,402.987474934306,0,0
112.68,100,99.9999897882616,99.9991402447949,0.0039079841805431,0.090572610754901,-0.197364179503892,-1.41932557078785,0.420783202897752,-0,0,0,402.985878776174,0,0
112.7,100,99.9999898173963,99.9992167876591,0.0037531507486511,0.086113757035405,-0.246775736673982,-1.17613067446885,-0.11939184504931,-0,-0,0,402.986753015891,0,0
112.72,100,99.9999898464479,99.9992905589499,0.00362660739842875,0.0807578632077786,-0.287734557189389,-1.0338573276924,1.0243864174435,-0,-0,0,402.986225279931,0,0
112.74,100,99.9999898754167,99.9993620555941,0.00353046745733659,0.0746637460942952,-0.319823290579142,-0.766895491186192,-5.68024387586992,-0,0,0,402.986272353954,0,0
112.76,100,99.9999899043028,99.9994313585653,0.0033724941462207,0.0679239260031855,-0.357850120489464,-1.36999954719788,1.96047578492207,-0,-0,0,402.985975366315,0,0
112.78,100,99.9999899331065,99.9994966967081,0.00317449394336213,0.0603394418058007,-0.397673838778071,-0.941314514947403,2.24430700382961,-0,-0,0,402.985881911632,0,0
112.8,100,99.999989961828,99.9995588488147,0.0030530811775317,0.0521304544528242,-0.420482746170887,-0.533276385844845,-2.31427159865329,-0,0,0,402.986160252093,0,0
112.82,100,99.9999899904675,99.9996188070245,0.00293045897705447,0.0435471541591296,-0.439091984771347,-0.746439153891728,0.0553429023271801,-0,-0,0,402.986507040345,0,0
112.84,100,99.9999900190254,99.9996758368969,0.00277288624171946,0.0345600960938144,-0.458786183225848,-0.636853664476042,-2.76977092721539,-0,0,0,402.986316318785,0,0
112.86,100,99.9999900475017,99.9997294357023,0.00257273049268066,0.0251804188488233,-0.48068487695742,-0.892990306930434,-3.66715122770866,-0,0,0,402.986278426913,0,0
112.88,100,99.9999900758969,99.9997781062074,0.00227667553315483,0.0152629384013286,-0.513025563310985,-1.22668822564686,1.00705009540532,-0,0,0,402.986125542511,0,0
112.9,100,99.999990104211,99.9998203038703,0.00195004309700367,0.00466433018033855,-0.544781330961546,-0.933357039417291,3.7777560879975,-0,-0,0,402.986377127192,0,0
112.92,100,99.9999901324443,99.9998566385357,0.00170261595396989,-0.0064061950933401,-0.558308601048062,-0.333219244367975,1.75339557092957,-0,-0,0,402.987001839654,0,0
112.94,100,99.9999901605971,99.9998889109659,0.00153090418742657,-0.0175543999686415,-0.554731076272646,-0.0655127863871587,7.35314069005436,-0,-0,0,402.986900327553,0,0
112.96,100,99.9999901886695,99.99991867556,0.00147851431292325,-0.0284374070979935,-0.52762640911931,0.864586682507875,-1.26257676099613,-0,0,0,402.987472759202,0,0
112.98,100,99.9999902166619,99.9999484049961,0.00148053920893782,-0.0385813456818446,-0.488524689785319,0.598410408399986,4.69327034115181,-0,-0,0,402.98788883469,0,0
113,100,99.9999902445744,99.9999779831389,0.00149450815003637,-0.0479458576467911,-0.444738883176953,1.10796008365768,0.3727033347944,-0,0,0,402.987861333655,0,0
113.02,100,99.9999902724073,100.000008391486,0.0015400996397373,-0.0563243871651384,-0.393835281456325,1.01144409897658,6.03367764583187,-0,-0,0,402.987633456535,0,0
113.04,100,99.9999903001607,100.000039935486,0.00163709167530225,-0.0636333752975671,-0.333226596573313,1.63312205561762,-4.58376305951328,-0,0,0,402.988302236218,0,0
113.06,100,99.999990327835,100.000073650328,0.00170199470154239,-0.0696866688824857,-0.277260634798057,0.848504814966283,0.664988590890204,-0,0,0,402.98773384602,0,0
113.08,100,99.9999903554303,100.000107340628,0.00166482114459864,-0.0748287663464933,-0.237210677722808,0.821906389724672,0.696945252441962,-0,0,0,402.987936640755,0,0
113.1,100,99.9999903829469,100.000140166928,0.00161619239363931,-0.0791846314119322,-0.198592822649394,0.8024104152564,-2.44704364125879,-0,0,0,402.98810110711,0,0
113.12,100,99.999990410385,100.000171609849,0.00151124530055362,-0.0828325336844563,-0.168884429073116,0.39330815624603,5.19248024029693,-0,-0,0,402.987877300373,0,0
113.14,100,99.9999904377448,100.000200768527,0.00142787914167581,-0.0859141141288623,-0.135536594218282,0.990333194933885,-1.29346394453726,-0,0,0,402.988535753067,0,0
113.16,100,99.9999904650265,100.000228939952,0.00137779624448235,-0.0882227224452183,-0.0972856052367801,0.70037570785153,2.53489485967264,-0,-0,0,402.989102189977,0,0
113.18,100,99.9999904922304,100.000255846609,0.00132201124853854,-0.0898156661868606,-0.0606812372240257,0.924192152471873,7.5619854154454,-0,-0,0,402.989025286251,0,0
113.2,100,99.9999905193567,100.000282684915,0.00139518649883919,-0.0905187766859436,-0.00455347805148612,1.74447666635143,-0.568746763665421,-0,-0,0,402.989553934988,0,0
113.22,100,99.9999905464056,100.000312086127,0.00153446296242489,-0.0899445190387346,0.0598307700185444,1.44149267837871,1.47813730391818,-0,0,0,402.988758532506,0,0
113.24,100,99.9999905733773,100.00034389262,0.00164779354090257,-0.0881721389873739,0.117164328157955,1.43404233046671,-0.162841966364063,-0,0,0,402.988820837583,0,0
113.26,100,99.9999906002721,100.000377902983,0.00174713397417851,-0.0852946756841942,0.169042797668666,1.22254759413306,-5.29749081487864,-0,0,0,402.988724943653,0,0
113.28,100,99.9999906270901,100.000413035328,0.0017358120259055,-0.0815523994144446,0.199788616652108,0.398810947895981,5.8689815132936,-0,-0,0,402.988108797927,0,0
113.3,100,99.9999906538316,100.000447349907,0.00172491770945696,-0.0773195889569699,0.227710491374777,1.07634631539598,-0.756208433893022,-0,-0,0,402.989227697816,0,0
113.32,100,99.9999906804969,100.000482463132,0.00177973657417013,-0.0723974504181695,0.262825335923956,0.837028270896198,3.81457105840425,-0,0,0,402.988893062805,0,0
113.34,100,99.999990707086,100.00051876845,0.00186824521976898,-0.0667939995721522,0.299687436858437,1.20023441985111,-3.14354781011589,-0,0,0,402.990181968471,0,0
113.36,100,99.9999907335993,100.00055714826,0.00195111284007209,-0.0604448088814711,0.331543587674433,0.6468478318281,-2.13510459755951,-0,0,0,402.990062541811,0,0
113.38,100,99.999990760037,100.000596228121,0.00194605298676543,-0.0536525214670436,0.345328205515922,0.292892249394399,3.19056482735361,-0,0,0,402.99051937547,0,0
113.4,100,99.9999907863992,100.000635137466,0.00196222093376112,-0.0466316827156098,0.358942029570118,0.648941817209639,-3.58563087716625,-0,0,0,402.991206101193,0,0
113.42,100,99.9999908126862,100.00067468407,0.00197451690718856,-0.0393256666162336,0.368152165088404,0.11353512795975,-1.99712507637808,-0,0,0,402.991456108396,0,0
113.44,100,99.9999908388982,100.000713615042,0.00191103981873828,-0.0320094651025271,0.361727519458866,-0.153632750120682,-0.593458622470986,-0,0,0,402.99138629635,0,0
113.46,100,99.9999908650354,100.000750991274,0.00182717118175508,-0.0248979283507174,0.349053612216839,-0.210422006764609,1.91246417154416,-0,-0,0,402.991443581778,0,0
113.48,100,99.9999908910981,100.000786984545,0.00178533213742252,-0.0180199354393881,0.340409389205705,0.052705089665588,-2.43133244211509,-0,0,0,402.991786284885,0,0
113.5,100,99.9999909170863,100.000822459595,0.0017524312528023,-0.0112914776888011,0.330417155487894,-0.260414370511514,0.153256992021204,-0,-0,0,402.991618704866,0,0
113.52,100,99.9999909430005,100.000856984079,0.00170445374743261,-0.0048354781945102,0.315507016334592,-0.210156993269008,-6.52135541032045,-0,0,0,402.991486190357,0,0
113.54,100,99.9999909688407,100.000890123719,0.00158036067954504,0.00123113460809327,0.28615707543267,-0.998980877136907,-1.7102287042414,-0,-0,0,402.990068486755,0,0
113.56,100,99.9999909946072,100.000919595343,0.00136500204535652,0.00650541497313226,0.240842874361272,-1.08278004219401,0.774102612916183,-0,-0,0,402.989536045083,0,0
113.58,100,99.9999910203001,100.000944907013,0.0011767664705625,0.0108903393939445,0.199274665260701,-0.844868920985056,-8.99179288099162,-0,0,0,402.989701324016,0,0
113.6,100,99.9999910459198,100.000966061035,0.000899269834661628,0.0143765127550155,0.143033714353158,-1.85488753055988,-3.17181905017139,-0,0,0,402.988987103156,0,0
113.62,100,99.9999910714664,100.000979986454,0.000487076729765868,0.0164747627357961,0.0660590925580262,-2.00552118950511,-2.49101004783246,-0,0,0,402.988525266513,0,0
113.64,100,99.9999910969401,100.000985368923,4.84941048764008e-05,0.0170039902844771,-0.0131730180396022,-2.05033497416943,3.2883743149669,-0,-0,0,402.988304225272,0,0
113.66,100,99.9999911223411,100.000982403583,-0.000319338518277276,0.0160424782663306,-0.0783949785080966,-1.36795609531092,1.86314039457817,-0,-0,0,402.988903669579,0,0
113.68,100,99.9999911476696,100.000973402437,-0.000565825100787986,0.0140150311404001,-0.121544647956696,-0.953513510406447,2.01509212394821,-0,-0,0,402.98906992685,0,0
113.7,100,99.9999911729259,100.000960338496,-0.000727102024926628,0.0112874604308107,-0.148683744532662,-0.575016250744583,5.61256221003387,-0,-0,0,402.989038123982,0,0
113.72,100,99.9999911981101,100.000945185874,-0.000758726168883722,0.00822069061915155,-0.152981916455494,0.202448102940903,1.8431749186151,-0,-0,0,402.98986795614,0,0
113.74,100,99.9999912232225,100.000930706181,-0.000682206900240401,0.00529154277355004,-0.138654782871981,0.406089031217525,-5.93270634513461,-0,0,0,402.98960401654,0,0
113.76,100,99.9999912482632,100.000917366344,-0.000684189305997808,0.00259393843892688,-0.13616245055669,-0.385682938753318,-2.01027276617576,-0,0,0,402.989037837411,0,0
113.78,100,99.9999912732325,100.000902520355,-0.000809575314439982,-0.000277299897166867,-0.152150028940223,-0.582526250422957,-3.47082986206755,-0,0,0,402.98964050733,0,0
113.8,100,99.9999912981305,100.000884483459,-0.00100978566088247,-0.0035597792843513,-0.178257025138374,-0.936561037166697,-3.5700697479158,-0,-0,0,402.988982332881,0,0
113.82,100,99.9999913229575,100.00086152193,-0.00130109650050315,-0.00748863016325559,-0.216525761459482,-1.25658550876474,1.7320549505382,-0,-0,0,402.987641362099,0,0
113.84,100,99.9999913477137,100.00083241902,-0.00159630458678659,-0.0122031868513418,-0.2523207879924,-0.872077018462117,6.8809280552482,-0,-0,0,402.987544494004,0,0
113.86,100,99.9999913723992,100.00079867164,-0.00174192692799928,-0.0173997939629323,-0.261024840668584,0.104511050484062,8.66858121948309,-0,-0,0,402.988831140121,0,0
113.88,100,99.9999913970143,100.000764290963,-0.00165537158822913,-0.0223812714782394,-0.230347415183494,1.17295433321078,-2.0164314389462,-0,0,0,402.989312050083,0,0
113.9,100,99.9999914215592,100.000732897498,-0.00150097223807132,-0.0265389866148897,-0.188114190507706,0.769234725612217,5.53059967552138,-0,-0,0,402.989722972608,0,0
113.92,100,99.999991446034,100.000704389873,-0.00132708777171332,-0.0298817733594363,-0.14251429726665,1.35867263105533,-5.68791336761632,-0,0,0,402.990566694588,0,0
113.94,100,99.9999914704391,100.000679524528,-0.00119489453815255,-0.0322894419436601,-0.104037222273557,0.47147932060275,-0.237882451709915,-0,-0,0,402.990231251605,0,0
113.96,100,99.9999914947745,100.000655824443,-0.00117908401974774,-0.0341680090678991,-0.0844529325915782,0.380199792079063,-4.83963464946502,-0,0,0,402.989989994533,0,0
113.98,100,99.9999915190404,100.000631743186,-0.00125530010581646,-0.0357667449160388,-0.0796010380847633,-0.272317369658501,-0.384834545328651,-0,-0,0,402.989443975944,0,0
114,100,99.9999915432372,100.000605081299,-0.00141193316161178,-0.0374333903584754,-0.0870968598848004,-0.283172837556183,2.00699585031725,-0,-0,0,402.989323276935,0,0
114.02,100,99.9999915673648,100.000575469031,-0.00153845231289122,-0.0392124282916083,-0.0889412335696339,0.00537805529230007,0.0508898239996603,-0,0,0,402.989328776669,0,0
114.04,100,99.9999915914237,100.000543749127,-0.00163375699315927,-0.0409541314440306,-0.0851854456610775,0.0121026411929344,2.43792506601759,-0,-0,0,402.989277717343,0,0
114.06,100,99.9999916154139,100.000510354224,-0.00169410899008774,-0.0425790704463461,-0.0753912233033787,0.314688060411263,-5.15424143121491,-0,0,0,402.988983488444,0,0
114.08,100,99.9999916393357,100.000475645437,-0.00180419385584072,-0.0440236888794836,-0.0734398689492097,-0.368637856861703,-5.1239007163555,-0,0,0,402.988189169098,0,0
114.1,100,99.9999916631892,100.000437158205,-0.00206861483320612,-0.0456776269598899,-0.0956402803374617,-0.957602288603649,0.434641965908227,-0,0,0,402.987289251742,0,0
114.12,100,99.9999916869747,100.000392559893,-0.00238506570407528,-0.0478938418244749,-0.124702011248864,-0.774797885526498,-9.4468807693687,-0,0,0,402.987472301579,0,0
114.14,100,99.9999917106923,100.000340968449,-0.00281811582661116,-0.050780309213655,-0.170644233798967,-1.84778202730737,-7.72406588893022,-0,0,0,402.986254717515,0,0
114.16,100,99.9999917343422,100.000278346271,-0.0034749068190185,-0.0549381835684957,-0.249438080673715,-2.56292409005431,1.69634828209363,-0,0,0,402.985369521693,0,0
114.18,100,99.9999917579247,100.000201761538,-0.00416479143772733,-0.0607606676719372,-0.32896661300148,-2.00871587816648,0.119144687351013,-0,-0,0,402.985252468242,0,0
114.2,100,99.9999917814398,100.000112280358,-0.00477552605773057,-0.0679794979602262,-0.390844605583843,-1.72405449340306,6.61770103475449,-0,-0,0,402.984777184689,0,0
114.22,100,99.9999918048879,100.000011682977,-0.00524580700236898,-0.0762100587123409,-0.425268906046823,-0.665735746979522,-0.391505022064142,-0,0,0,402.985719458984,0,0
114.24,100,99.9999918282691,99.9999031614519,-0.00560794671784967,-0.0848481929933817,-0.438161964915421,-0.622044401566284,4.28935416931342,-0,-0,0,402.985122143727,0,0
114.26,100,99.9999918515836,99.9997877753352,-0.00590925353677408,-0.0936451147256319,-0.437492845511298,-0.000725821993586095,2.36900954977942,-0,-0,0,402.984982798595,0,0
114.28,100,99.9999918748316,99.9996673931693,-0.00611993312741898,-0.102230017976003,-0.419077819175907,0.298836495880315,3.6864549556547,-0,-0,0,402.984623711091,0,0
114.3,100,99.9999918980132,99.9995434494226,-0.00626006753216512,-0.110315645619538,-0.38681637046536,0.72288720421808,-2.67265113801858,-0,0,0,402.984560633091,0,0
114.32,100,99.9999919211287,99.9994168796522,-0.00641584943836571,-0.117708729849749,-0.355261746549678,0.297659062203123,3.50282363932333,-0,0,0,402.98360129708,0,0
114.34,100,99.9999919441782,99.9992867367424,-0.00658439212190052,-0.124527169343769,-0.32406141771536,0.699486854867522,3.31365563466668,-0,-0,0,402.984262485733,0,0
114.36,100,99.999991967162,99.9991540134056,-0.00667647139824291,-0.13058141004067,-0.279389852491941,1.02325441729837,-3.49428049612873,-0,0,0,402.984257432528,0,0
114.38,100,99.9999919900802,99.9990194163889,-0.00680673128170932,-0.135742068667856,-0.240395901577484,0.455747309068479,4.61611415546966,-0,-0,0,402.98386104858,0,0
114.4,100,99.9999920129331,99.9988816948603,-0.00694567250809315,-0.140201882034416,-0.20235974784255,0.973685389825582,9.55493884996807,-0,-0,0,402.984167979216,0,0
114.42,100,99.9999920357207,99.9987428417851,-0.00689744583398871,-0.143636507177334,-0.134483557369828,2.03789184322672,2.72286766956599,-0,-0,0,402.984957803967,0,0
114.44,100,99.9999920584433,99.9986066937242,-0.00671359225861782,-0.145449672381239,-0.0466513763551187,2.10805048756023,5.57954499920875,-0,-0,0,402.984471578172,0,0
114.46,100,99.9999920811011,99.9984747482656,-0.00646260209196006,-0.145449937782642,0.0489919961478846,2.52562838647436,-1.45328087052902,-0,0,0,402.985470968155,0,0
114.48,100,99.9999921036942,99.9983481773121,-0.00621240088619093,-0.143519372500117,0.140452504746833,2.00901762701348,1.92210981414297,-0,-0,0,402.984669240213,0,0
114.5,100,99.9999921262229,99.9982259441411,-0.00600896320597209,-0.139911086793802,0.219920898598755,1.98149273719983,-4.27506405725178,-0,0,0,402.98480422046,0,0
114.52,100,99.9999921486873,99.9981072762121,-0.005885998938158,-0.134842281606033,0.281626374226824,1.18453783608935,-2.49658092327946,-0,0,0,402.984246518791,0,0
114.54,100,99.9999921710876,99.9979896439472,-0.00589242680830269,-0.128814828977289,0.317953561314882,0.714652624818038,0.741919483188783,-0,0,0,402.984071245646,0,0
114.56,100,99.999992193424,99.9978713522122,-0.0059334214634905,-0.122188511560487,0.344522286989221,0.710749831995281,-1.47821576960304,-0,0,0,402.984551877251,0,0
114.58,100,99.9999922156966,99.9977522158876,-0.00598778001382856,-0.115076715133548,0.36474411100539,0.429626923959526,-0.452280041146383,-0,-0,0,402.984216881693,0,0
114.6,100,99.9999922379058,99.9976316720841,-0.00606765952444199,-0.107653036489294,0.376790022233881,0.313425768274238,6.14018775355938,-0,-0,0,402.983981168905,0,0
114.62,100,99.9999922600515,99.9975101543125,-0.00605178189292444,-0.0999279079787604,0.400212780530469,1.0350624547275,-6.99599574849977,-0,0,0,402.9852324993,0,0
114.64,100,99.9999922821341,99.99738948285,-0.00605156841346157,-0.0916948743551244,0.416504717455761,0.0232183213953636,1.90968475513809,-0,0,0,402.98474241138,0,0
114.66,100,99.9999923041537,99.9972676530011,-0.00611857706526237,-0.0833652272535733,0.417883607032269,0.255416801766806,-0.446261613765603,-0,0,0,402.985307241837,0,0
114.68,100,99.9999923261104,99.9971449889975,-0.00614782281242925,-0.0749658486672269,0.421391737179611,0.162831689310597,0.664660889229822,-0,-0,0,402.985391171558,0,0
114.7,100,99.9999923480045,99.9970218620098,-0.00615895168675251,-0.0665160515799373,0.423891463340855,0.220734865525778,-4.07271962824198,-0,0,0,402.985479089936,0,0
114.72,100,99.9999923698362,99.9968983768876,-0.00620746009780465,-0.0580769830753222,0.416526066617132,-0.318868374534731,-0.660701517073571,-0,0,0,402.985495179214,0,0
114.74,100,99.9999923916055,99.9967732461355,-0.0063041594814891,-0.0499280327347242,0.398095618952857,-0.361867258046779,2.21355820776033,-0,0,0,402.985694959863,0,0
114.76,100,99.9999924133128,99.9966465634969,-0.00634832653431666,-0.0421159724546346,0.385154040395681,-0.0404605017903398,-1.17535498568527,-0,-0,0,402.986492110318,0,0
114.78,100,99.9999924349581,99.9965195633563,-0.00635441912749933,-0.0345020791167645,0.375289425972121,-0.184814860254983,5.26785659359969,-0,-0,0,402.986291941553,0,0
114.8,100,99.9999924565416,99.9963929487432,-0.00627715751387905,-0.0270335228179365,0.375854938242991,0.493777570561002,2.66410695252375,-0,-0,0,402.987388416494,0,0
114.82,100,99.9999924780636,99.9962693396595,-0.00607005585504993,-0.0193524449038788,0.393820968862486,0.756226611731508,-1.03736923732911,-0,-0,0,402.987086341788,0,0
114.84,100,99.9999924995242,99.9961502921212,-0.0058405114860985,-0.0112839379175137,0.411422648336904,0.522857006223993,-1.55059938694598,-0,-0,0,402.986762529149,0,0
114.86,100,99.9999925209236,99.9960354579268,-0.0056500987384985,-0.00296379346579681,0.418803983086097,0.256422795276419,3.74699109735394,-0,-0,0,402.986481732378,0,0
114.88,100,99.9999925422618,99.9959245681387,-0.00541850236833534,0.00548883204476785,0.429109404393604,0.685092319125049,2.49909816061241,-0,-0,0,402.986556878223,0,0
114.9,100,99.9999925635393,99.9958193651078,-0.00508954407803155,0.0142777609265779,0.451040697839175,0.902260606708371,2.45792706086322,-0,-0,0,402.98729432294,0,0
114.92,100,99.999992584756,99.9957214536753,-0.00469045174513064,0.0235757112865696,0.479765318704598,1.08492695656303,5.10285303515887,-0,-0,0,402.987841028557,0,0
114.94,100,99.9999926059121,99.9956324491657,-0.00418640028812877,0.0335485376559629,0.520435812943612,1.57235472538849,-3.87640918899435,-0,-0,0,402.988509344076,0,0
114.96,100,99.999992627008,99.9955539801735,-0.00368358370622127,0.0443526539135644,0.555322945312068,0.874853710094459,-8.00878861070431,-0,0,0,402.987627404718,0,0
114.98,100,99.9999926480436,99.9954838297742,-0.0033716230500614,0.0555209109685794,0.554260179401672,-0.24483894843515,8.18716676069819,-0,-0,0,402.986718493003,0,0
115,100,99.9999926690192,99.9954192724097,-0.00303858033880227,0.0665212450332433,0.552412491244664,0.803827031179873,0.767538223732927,-0,-0,0,402.988675464734,0,0
115.02,100,99.9999926899349,99.9953632461982,-0.00256036758187338,0.0777405773108149,0.569282760832681,0.787610507608744,-0.0716143432013569,-0,0,0,402.989106331849,0,0
115.04,100,99.999992710791,99.995316921297,-0.00207247638388184,0.0892694585430183,0.582719495278206,0.668806651675315,0.310365865007492,-0,-0,0,402.989508234146,0,0
115.06,100,99.9999927315876,99.9952803839327,-0.00157911864134437,0.101022414909224,0.592106673252663,0.613297978658289,0.188287607916574,-0,-0,0,402.990057233993,0,0
115.08,100,99.9999927523249,99.9952538344435,-0.00107406604444719,0.112933866729463,0.598520058895144,0.548811559789753,6.91922426183686,-0,-0,0,402.989895739461,0,0
115.1,100,99.999992773003,99.9952381871023,-0.000455093818914622,0.125054309269132,0.618393784415856,1.33317930541871,-1.67806011509238,-0,-0,0,402.991698507984,0,0
115.12,100,99.9999927936221,99.995236099524,0.000235567591511112,0.137707692186453,0.644257603502798,0.94050067069375,4.83606508176539,-0,-0,0,402.991645966835,0,0
115.14,100,99.9999928141823,99.9952478858821,0.000966666821125307,0.150831678943327,0.670980975153247,1.4123129174512,1.95045801709496,-0,-0,0,402.993004074682,0,0
115.16,100,99.9999928346839,99.9952753710833,0.00178896917208237,0.164603636233218,0.706305077781017,1.45951944753038,-8.37407627938325,-0,-0,0,402.992583384618,0,0
115.18,100,99.999992855127,99.9953187338137,0.00250489532405797,0.178926807233323,0.718189263394534,0.261790209138065,0.418799587801958,-0,-0,0,402.991317304142,0,0
115.2,100,99.9999928755118,99.995374829071,0.00310973316444082,0.193176936009502,0.706820243327394,0.271565209408902,1.12506567785038,-0,-0,0,402.991735619154,0,0
115.22,100,99.9999928958385,99.9954433952357,0.00375531483878101,0.207210874900727,0.697123975463188,0.368480316423348,-7.66733403417959,-0,0,0,402.992548764021,0,0
115.24,100,99.9999929161071,99.9955244659448,0.00431585885494658,0.220937497924137,0.669049059982049,-0.644011137913714,0.140865245587091,-0,-0,0,402.991778541945,0,0
115.26,100,99.9999929363179,99.9956154838914,0.00479330093142726,0.23386128851346,0.623993046581733,-0.548394310124926,-8.24600483701158,-0,0,0,402.992217960605,0,0
115.28,100,99.999992956471,99.9957156164666,0.0051847872312598,0.245784184828339,0.562250156665963,-1.51050680954313,-2.94686019663631,-0,0,0,402.991568109453,0,0
115.3,100,99.9999929765667,99.9958220926413,0.0054579977401353,0.256215423931602,0.479956704883176,-1.68310891819737,-5.58506575406444,-0,0,0,402.992157039729,0,0
115.32,100,99.999992996605,99.9959334759058,0.00566251707151361,0.264905999462604,0.386276740188645,-2.16128544277543,-6.10486796218116,-0,0,0,402.992125574419,0,0
115.34,100,99.9999930165862,99.9960478584143,0.00575683342424935,0.271554575819401,0.275821599413639,-2.63997768335019,0.816667214580296,-0,-0,0,402.991980066162,0,0
115.36,100,99.9999930365103,99.9961637301229,0.00584719812772833,0.275951786885615,0.167078951333159,-2.19244487830096,-1.31079449807314,-0,-0,0,402.991937053667,0,0
115.38,100,99.9999930563776,99.996282144003,0.00599760805697768,0.278321613582277,0.0709892834145737,-2.06793117944849,-2.14893674568189,-0,-0,0,402.992027339097,0,0
115.4,100,99.9999930761882,99.9964036590139,0.00615184830442029,0.278818865434739,-0.0209493308228173,-2.06383566281854,0.913388871905715,-0,0,0,402.991770387925,0,0
115.42,100,99.9999930959423,99.996528436276,0.00633842003686034,0.277546822406917,-0.103505530461297,-1.67656622365057,0.456738618786276,-0,-0,0,402.992748331757,0,0
115.44,100,99.99999311564,99.9966576016701,0.00658597698414337,0.274773799074658,-0.171775625155312,-1.3976011164601,2.04271329317752,-0,-0,0,402.99310793433,0,0
115.46,100,99.9999931352815,99.9967923156651,0.00689937826021233,0.270777452551416,-0.224848398477641,-0.957798298940666,-5.77078632257552,-0,0,0,402.993330226479,0,0
115.48,100,99.999993154867,99.996933286262,0.0071704265054294,0.265763597382377,-0.280110202099434,-1.54883320364367,-0.54714609611746,-0,0,0,402.993226926781,0,0
115.5,100,99.9999931743966,99.9970786261068,0.00736462641605013,0.259527591936632,-0.342363374171743,-1.41041229646941,-3.83928246413109,-0,0,0,402.993312018881,0,0
115.52,100,99.9999931938705,99.997227556243,0.00751209831047508,0.252057692649676,-0.406215150960147,-1.69839689760798,-3.74472171448325,-0,0,0,402.994208072368,0,0
115.54,100,99.9999932132888,99.9973784867147,0.00756598446156117,0.243222738653235,-0.478518194467759,-1.93739355374555,4.39029603595709,-0,-0,0,402.99387231349,0,0
115.56,100,99.9999932326518,99.9975304434177,0.0076558089775577,0.233006006927483,-0.537726920028542,-1.12987354611071,-3.88901206849976,-0,0,0,402.99463387977,0,0
115.58,100,99.9999932519595,99.9976848318632,0.00776385961563971,0.221779244449533,-0.586836198162037,-1.46131667591142,-2.09946173227213,-0,0,0,402.994019853434,0,0
115.6,100,99.9999932712121,99.9978404405768,0.00778804269892738,0.209493234087641,-0.641902576892563,-1.52360612955095,3.63700329890971,-0,-0,0,402.994776827948,0,0
115.62,100,99.9999932904097,99.9979965810054,0.00784544203628498,0.196193189868729,-0.683653270860666,-0.863849716582295,-3.49167757644803,-0,0,0,402.9949247614,0,0
115.64,100,99.9999933095526,99.998154238826,0.00790105159399678,0.182195267285108,-0.717953427875954,-1.17968107758436,3.29913288145091,-0,0,0,402.994203254026,0,0
115.66,100,99.9999933286409,99.9983125740943,0.00794827715700796,0.167520382560731,-0.745672555051098,-0.606005658733528,6.57617933818932,-0,0,0,402.994897304516,0,0
115.68,100,99.9999933476747,99.9984730811343,0.00813177899581587,0.152565724165924,-0.743888166551252,0.301281816883057,0.743735131604523,-0,0,0,402.996728672233,0,0
115.7,100,99.9999933666543,99.9986383375014,0.00839005304925315,0.137887542712378,-0.723516955467889,0.360045137855765,2.92714015939745,-0,-0,0,402.996964125732,0,0
115.72,100,99.9999933855796,99.9988087540122,0.0086586141039372,0.123676264042545,-0.695533520777691,0.683151801700932,-2.56127088055242,-0,0,0,402.997571321359,0,0
115.74,100,99.999993404451,99.9989843756693,0.00888203790194504,0.110052738839749,-0.669398274998138,0.278379409586943,-1.16147993184156,-0,0,0,402.996962993366,0,0
115.76,100,99.9999934232685,99.9991633627646,0.00900428850749806,0.0968280228245004,-0.654157073157154,0.102239731062955,-0.360245977128691,-0,0,0,402.996971886173,0,0
115.78,100,99.9999934420324,99.9993441547138,0.00906751071373743,0.0838596855794606,-0.642960674011851,0.0492805258764207,4.14794554922987,-0,-0,0,402.997082721049,0,0
115.8,100,99.9999934607427,99.9995262369607,0.00915609600356766,0.071173259563704,-0.622362614804352,0.564276276495006,1.35693713736983,-0,-0,0,402.997073764309,0,0
115.82,100,99.9999934793996,99.9997106836543,0.00928791336090112,0.0590420370834573,-0.590145609239323,0.663012325104285,1.37679788802455,-0,-0,0,402.996797837401,0,0
115.84,100,99.9999934980033,99.9998977258458,0.0094155755320354,0.0475902916499881,-0.554502263170252,0.750534200407545,-2.45643420116234,-0,0,0,402.996278805311,0,0
115.86,100,99.9999935165539,100.000086884174,0.00948046630575934,0.0368183775743521,-0.52526782297659,0.350451330745164,3.67672794541706,-0,-0,0,402.996793542869,0,0
115.88,100,99.9999935350516,100.000276823654,0.009526215639056,0.0265847471971188,-0.495463822463036,0.765177464134182,-3.32929947202103,-0,0,0,402.996230555877,0,0
115.9,100,99.9999935534965,100.000467691593,0.00953689124229439,0.0169819368902927,-0.468114911300641,0.253037088830418,9.82886590912315,-0,-0,0,402.995995343498,0,0
115.92,100,99.9999935718888,100.000658724261,0.00961075053771232,0.00794971379187286,-0.427519674869297,1.43761574789423,3.70886894791544,-0,0,0,402.997699806857,0,0
115.94,100,99.9999935902286,100.000853165713,0.00984220010485992,6.12431693684155e-05,-0.359722828481947,1.71353857180021,-6.42807864783323,-0,0,0,402.998848147057,0,0
115.96,100,99.9999936085161,100.001051710418,0.00996985291761307,-0.00654725564523868,-0.307818348397296,0.686699849253999,5.57325431924912,-0,-0,0,402.997210196615,0,0
115.98,100,99.9999936267514,100.001251598472,0.010041412571109,-0.0123021220311845,-0.263891879434563,1.29227873116349,-2.04524210378866,-0,0,0,402.997611302636,0,0
116,100,99.9999936449347,100.001453434882,0.0101243698888838,-0.0170889286021636,-0.217618123392932,0.868024598293333,-3.22527637316089,-0,0,0,402.997438521055,0,0
116.02,100,99.9999936630662,100.00165578582,0.010089320282902,-0.0211313056513204,-0.189979514863497,0.35233994439482,-3.15287751747738,-0,0,0,402.996923307118,0,0
116.04,100,99.9999936811459,100.001856212732,0.00993494964051105,-0.0248113454240435,-0.180832143051227,-0.0859279912200228,-2.7711178054173,-0,0,0,402.996535166217,0,0
116.06,100,99.999993699174,100.002052529713,0.00968235333648592,-0.0284620920967236,-0.186325439477302,-0.418260516136561,1.12471767423539,-0,0,0,402.996355290003,0,0
116.08,100,99.9999937171506,100.002243361461,0.00940733343195106,-0.0322771411154036,-0.193860978125143,-0.220356651411394,-2.27529545132855,-0,0,0,402.996997860273,0,0
116.1,100,99.999993735076,100.002428715861,0.00911675094972455,-0.0362234612208705,-0.202329654703513,-0.472591535720079,1.27278495857245,-0,0,0,402.997065770945,0,0
116.12,100,99.9999937529502,100.002607963848,0.0088154590621184,-0.0403694232653794,-0.210778451206596,-0.249023967254833,2.47618766674457,-0,0,0,402.99755438162,0,0
116.14,100,99.9999937707735,100.002781732263,0.00857373487219182,-0.0445795434216939,-0.208004078936775,0.0959512965153305,1.75965467672311,-0,-0,0,402.998915906117,0,0
116.16,100,99.9999937885459,100.002951301254,0.00839031591310812,-0.0486190065446119,-0.194624930128329,0.303850186176921,-1.89727361034851,-0,0,0,402.998738029412,0,0
116.18,100,99.9999938062675,100.003117239308,0.00819162648191234,-0.0523759780760978,-0.182843840254275,0.0286542635278338,-0.0849642263345609,-0,-0,0,402.998392409492,0,0
116.2,100,99.9999938239387,100.003278705224,0.00795344318723848,-0.0559686043747288,-0.176503071283034,0.0145023125169279,1.0914552177332,-0,0,0,402.997321515027,0,0
116.22,100,99.9999938415594,100.003435439705,0.00772450406560648,-0.0594198148734772,-0.16775359611506,0.149957898298583,5.43662067445574,-0,-0,0,402.997228582287,0,0
116.24,100,99.9999938591298,100.003588298941,0.00758696826017402,-0.0625754587950025,-0.14364750279922,0.808845245842229,-3.41700498603358,-0,0,0,402.997607800549,0,0
116.26,100,99.9999938766501,100.003738975062,0.00745931570428857,-0.0651575114900297,-0.118025731823525,0.276824652008188,-0.273182497935983,-0,-0,0,402.997082148956,0,0
116.28,100,99.9999938941204,100.003886194932,0.00725962583061064,-0.0673733031533119,-0.104030559483609,0.206655437592465,1.68546056330098,-0,-0,0,402.996654889279,0,0
116.3,100,99.9999939115409,100.004029447969,0.00707282581971035,-0.0693042863414455,-0.0879291931336807,0.390300726541291,-0.835726304506401,-0,-0,0,402.996832884576,0,0
116.32,100,99.9999939289117,100.004169120505,0.00688828523683982,-0.0708900130635647,-0.071680374653433,0.234486885087814,-1.60496455938505,-0,-0,0,402.996176551057,0,0
116.34,100,99.9999939462329,100.004304671886,0.00665769577234317,-0.0722226946027554,-0.0630899506033518,0.00239392819883848,2.54999466749382,-0,-0,0,402.994723017403,0,0
116.36,100,99.9999939635047,100.004435511229,0.00643891482958185,-0.0734009053112914,-0.0527235671250314,0.31973965936935,2.33873358298021,-0,0,0,402.994394225542,0,0
116.38,100,99.9999939807272,100.00456268568,0.0062888052379042,-0.0742609480108883,-0.0317411216894213,0.569669197986028,0.732173536282355,-0,0,0,402.994872709644,0,0
116.4,100,99.9999939979006,100.004687289157,0.00617281432259303,-0.0746403063934404,-0.00616996312166629,0.585744833143543,0.671915612075789,-0,-0,0,402.994973515165,0,0
116.42,100,99.9999940150249,100.004809644988,0.00606383499336053,-0.0745081721216742,0.0193388421848346,0.59151402974568,-4.28432462951679,-0,0,0,402.994756856849,0,0
116.44,100,99.9999940321005,100.004929381246,0.00588640714100496,-0.0739500892742652,0.0325070369939616,-0.020526873151943,-2.64516838226412,-0,0,0,402.99460208944,0,0
116.46,100,99.9999940491273,100.005044393819,0.00560253415971232,-0.0733275955937106,0.0276620842870331,-0.347460380372637,-3.82303248786518,-0,-0,0,402.994404205853,0,0
116.48,100,99.9999940661055,100.005152899249,0.00523126635044288,-0.0729398482663647,0.00841145232071876,-0.778914339097218,0.406423904093536,-0,-0,0,402.993189924054,0,0
116.5,100,99.9999940830353,100.005253446211,0.00482959223234905,-0.0730212023660164,-0.0154847254116755,-0.625213942418582,-0.722948674789442,-0,-0,0,402.992884210582,0,0
116.52,100,99.9999940999168,100.005346195663,0.00444501473669625,-0.0735381978446316,-0.0361888969946764,-0.632283764784122,1.05497099706435,-0,0,0,402.992546204671,0,0
116.54,100,99.9999941167501,100.005431413182,0.0040851391393282,-0.074438261193016,-0.0523743707049511,-0.416082115106064,1.73799595432266,-0,-0,0,402.992809632341,0,0
116.56,100,99.9999941335354,100.005509984152,0.00378261629107042,-0.075568401732537,-0.0588667957401886,-0.143758315830695,0.436374231410784,-0,0,0,402.992806000614,0,0
116.58,100,99.9999941502728,100.005582984221,0.00352028112236404,-0.0767486485778556,-0.0586732854337574,-0.0694111860819723,-4.21365101576242,-0,-0,0,402.992880882002,0,0
116.6,100,99.9999941669624,100.005650427421,0.003203415118646,-0.077973861291216,-0.0671166427823829,-0.585884652923639,2.65710051083308,-0,0,0,402.991344073614,0,0
116.62,100,99.9999941836045,100.005711048141,0.00287459963883699,-0.0794409869233489,-0.0769271193195294,-0.175597951017487,-2.60652151928285,-0,-0,0,402.991936124567,0,0
116.64,100,99.999994200199,100.005765469443,0.00255529502942861,-0.0810386586871559,-0.0847295069918578,-0.476651885695061,-4.89200546794805,-0,0,0,402.991178841231,0,0
116.66,100,99.9999942167462,100.005812564352,0.00213195181842316,-0.0829373670911915,-0.108542682194405,-1.02227049413286,-0.866542033040429,-0,-0,0,402.990293783837,0,0
116.68,100,99.9999942332462,100.005850318268,0.00164353693719585,-0.0854396277648134,-0.141381106361212,-0.994449521566524,-1.67003316738221,-0,0,0,402.989183183304,0,0
116.7,100,99.9999942496992,100.005878220816,0.00114251416579952,-0.0885940410674362,-0.174406595280344,-1.06874845924548,1.20907032736163,-0,0,0,402.988972287228,0,0
116.72,100,99.9999942661051,100.00589614811,0.000660440756969644,-0.0923808617046151,-0.202272040393576,-0.774030416276907,6.52770107637707,-0,-0,0,402.989081661524,0,0
116.74,100,99.9999942824643,100.005905560443,0.000315917281080327,-0.096523010713898,-0.206017999765031,0.145067153716793,3.90821196097787,-0,-0,0,402.990076173098,0,0
116.76,100,99.9999942987768,100.00590983386,0.000129241390290086,-0.100445490993013,-0.183263191745572,0.615513718002563,3.14653402763423,-0,-0,0,402.99059275739,0,0
116.78,100,99.9999943150428,100.005911323406,3.17088957499143e-05,-0.103756652561401,-0.145951097731081,0.927508060761796,4.08722869897003,-0,-0,0,402.990378902372,0,0
116.8,100,99.9999943312623,100.00591165475,1.69657164345863e-05,-0.106198151451345,-0.0958561296667696,1.31574945021753,4.84925073889933,-0,-0,0,402.990844974055,0,0
116.82,100,99.9999943474356,100.005912672052,0.000102646509662807,-0.107492429712984,-0.0310125157879512,1.74645468750284,1.53431293533885,-0,0,0,402.991045623389,0,0
116.84,100,99.9999943635627,100.005916105313,0.00024058535108285,-0.107399303660447,0.0398452854678579,1.70690390246344,4.84370609420513,-0,-0,0,402.991361447267,0,0
116.86,100,99.9999943796439,100.005922644465,0.000430371068068296,-0.105862946958689,0.11595038695156,2.08400676189087,0.925793820293269,-0,-0,0,402.991814352979,0,0
116.88,100,99.9999943956791,100.005933575637,0.000659106369058354,-0.102746856636127,0.194350262792448,1.92210618817965,-0.3776584676465,-0,-0,0,402.991880455813,0,0
116.9,100,99.9999944116686,100.005948755801,0.000850062958296022,-0.0981598672116225,0.262151759934242,1.61767416436577,6.77678682739301,-0,-0,0,402.99120930558,0,0
116.92,100,99.9999944276125,100.005967995519,0.00110255900562296,-0.0922253908263883,0.335042235959312,2.24588807532362,-0.931651601188479,-0,0,0,402.992321041567,0,0
116.94,100,99.9999944435109,100.005993164801,0.0014022687636955,-0.0847474734783732,0.409790088340508,1.82903237977326,-1.31804184545035,-0,0,0,402.992362260661,0,0
116.96,100,99.9999944593639,100.006023612241,0.00163088168682682,-0.0759506972987493,0.467014423075655,1.41833824452066,-7.51020439829947,-0,0,0,402.992173412465,0,0
116.98,100,99.9999944751717,100.006057348395,0.00170260279530435,-0.0662758159994064,0.493095499801638,0.289131183772337,-0.385822736352397,-0,-0,0,402.99072825339,0,0
117,100,99.9999944909344,100.006090951053,0.00165836556832442,-0.0563830505177228,0.495523575953604,0.198397394627497,2.67465601443745,-0,-0,0,402.990827170504,0,0
117.02,100,99.9999945066521,100.006124032145,0.00166604713978331,-0.0464291705194138,0.501712717877198,0.501133238206812,-3.43044445502182,-0,0,0,402.991349146005,0,0
117.04,100,99.999994522325,100.006157590746,0.00167435221860768,-0.0363468430344813,0.503254829411134,0.00277475358530566,-2.3825014198466,-0,0,0,402.991213635832,0,0
117.06,100,99.9999945379532,100.006190541606,0.00161276230179712,-0.0264026843764824,0.489207363114663,-0.298609212658105,-3.65037753048382,-0,0,0,402.991404220322,0,0
117.08,100,99.9999945535367,100.006221677787,0.00148780814447393,-0.0168716563485966,0.461232197675354,-0.718280165911372,2.3667708509136,-0,-0,0,402.991171716427,0,0
117.1,100,99.9999945690758,100.006250182763,0.00138125153466767,-0.00795283840800599,0.433149446558907,-0.331982188872144,-6.01410018911111,-0,0,0,402.991740855943,0,0
117.12,100,99.9999945845706,100.006276769729,0.00125225460045444,0.000409123512729074,0.398552816387734,-1.04227330375764,-2.1853072357129,-0,0,0,402.990561365553,0,0
117.14,100,99.9999946000212,100.006299719484,0.00103962471380668,0.00788643543331514,0.348409705202391,-1.17923913082412,-7.40255213420522,-0,0,0,402.990971404515,0,0
117.16,100,99.9999946154277,100.006317701185,0.000729711473500066,0.0142318430682193,0.281377297104887,-1.94854511021922,-7.69127246433607,-0,0,0,402.990202597614,0,0
117.18,100,99.9999946307902,100.006327788222,0.000251813631422873,0.0189619147762595,0.187408067337499,-2.64996967623265,-0.0483100162709355,-0,-0,0,402.990198811633,0,0
117.2,100,99.9999946461089,100.006327521221,-0.000265194324434909,0.0216987626994844,0.0887754032913717,-2.30594189858245,-7.83665006062723,-0,0,0,402.990281923972,0,0
117.22,100,99.9999946613839,100.006316868379,-0.000827812587650916,0.0224786061146877,-0.0147602827206998,-2.97704867151367,3.19147645776028,-0,-0,0,402.989608678311,0,0
117.24,100,99.9999946766153,100.00629447767,-0.00138180066841757,0.021144181426342,-0.113279041546617,-2.18363644451508,-2.31822295011219,-0,0,0,402.990221036441,0,0
117.26,100,99.9999946918033,100.006262120471,-0.00185627165513762,0.0180579347720453,-0.195050517779375,-2.18185251214313,0.378573600153883,-0,0,0,402.989736767852,0,0
117.28,100,99.9999947069479,100.006220397159,-0.00230558898740069,0.0133985432499903,-0.268453603877581,-1.84326765702177,3.01825453311122,-0,0,0,402.98965161265,0,0
117.3,100,99.9999947220494,100.006170543916,-0.00265819531309946,0.00745428947599372,-0.321764756037144,-1.21916333012891,-3.55285547578966,-0,0,0,402.990422001448,0,0
117.32,100,99.9999947371077,100.006114191267,-0.00299149572985047,0.000576287755036007,-0.367621079048755,-1.49743313279018,3.87443264958543,-0,-0,0,402.989583606811,0,0
117.34,100,99.9999947521231,100.006051088144,-0.00329533072425369,-0.00718637583560782,-0.404091601819161,-0.812784678192967,1.69179304511186,-0,-0,0,402.989493186292,0,0
117.36,100,99.9999947670956,100.005983024628,-0.0035017688671492,-0.0154542247657567,-0.42051727408387,-0.490131007125894,-0.585399903191491,-0,-0,0,402.989523914032,0,0
117.38,100,99.9999947820254,100.005911122107,-0.00369214227525242,-0.0239636490867181,-0.430360448336064,-0.494338588329323,-0.6971909440619,-0,0,0,402.988964454774,0,0
117.4,100,99.9999947969126,100.005835181454,-0.00390612356954616,-0.0326677004655567,-0.440060257378944,-0.511229802482262,4.20772695981508,-0,-0,0,402.988783768545,0,0
117.42,100,99.9999948117574,100.005755212289,-0.0040705931282353,-0.0414857712186534,-0.437877805605775,0.0845893713534337,0.593486849222254,-0,-0,0,402.988465267814,0,0
117.44,100,99.9999948265598,100.005672740447,-0.00417705275919143,-0.0500989846103053,-0.423004056216406,0.151158228841156,1.22230798354263,-0,-0,0,402.987908341726,0,0
117.46,100,99.9999948413199,100.005588173184,-0.00427715207228407,-0.0583793175503827,-0.404158374014016,0.287477320193666,1.54616403250685,-0,-0,0,402.987651647876,0,0
117.48,100,99.999994856038,100.005501779348,-0.00435854206518232,-0.0662278318230619,-0.379699896965484,0.446184211331374,3.00190133688199,-0,-0,0,402.987620183368,0,0
117.5,100,99.999994870714,100.005414117474,-0.00439724980298578,-0.0735068371427384,-0.346217382075982,0.764708623876906,1.16778947819936,-0,0,0,402.987504723253,0,0
117.52,100,99.9999948853482,100.005326093026,-0.00440510048591423,-0.0800335901821633,-0.306233969303707,0.812444708774249,3.36174183004847,-0,0,0,402.987440435441,0,0
117.54,100,99.9999948999407,100.005238144221,-0.00437865646781893,-0.0857122048070377,-0.259720163617765,1.12739728731452,-3.18867094561732,-0,0,0,402.987984665046,0,0
117.56,100,99.9999949144915,100.005150698249,-0.00438851159329344,-0.0904600260846912,-0.218644773061886,0.582842449256237,4.96582587623203,-0,-0,0,402.987087019683,0,0
117.58,100,99.9999949290008,100.005062594557,-0.00440101736340207,-0.0944568377644531,-0.177655844940859,1.12702573434518,-0.831180244702192,-0,-0,0,402.987538953591,0,0
117.6,100,99.9999949434686,100.004974852167,-0.0043834210038015,-0.0975370013712079,-0.132091918613133,0.87580933557596,-1.26038256019792,-0,0,0,402.987082552511,0,0
117.62,100,99.9999949578953,100.00488683735,-0.00442883134209362,-0.0998119816150313,-0.0972324754239094,0.605308626125836,0.148755698002423,-0,-0,0,402.987509852166,0,0
117.64,100,99.9999949722807,100.004797442801,-0.00451294518599713,-0.101471161102198,-0.0691547386678674,0.544065094500371,0.074205390823462,-0,-0,0,402.986666790094,0,0
117.66,100,99.9999949866251,100.004706229234,-0.00461060203698452,-0.102597052070219,-0.0439063348002859,0.481570334583759,1.46225270382862,-0,0,0,402.985936360594,0,0
117.68,100,99.9999950009286,100.004613083494,-0.00469873492530247,-0.103222270583949,-0.0179265732394333,0.60140785488681,1.44168053334354,-0,-0,0,402.986308730063,0,0
117.7,100,99.9999950151913,100.00451847906,-0.00475699937933823,-0.103289403817631,0.011757123446788,0.701008882788984,1.5015299905537,-0,0,0,402.985564505588,0,0
117.72,100,99.9999950294133,100.004422993438,-0.00478674492973344,-0.102731189095948,0.0445646411666119,0.796096500367304,-2.03373680164058,-0,0,0,402.985956277267,0,0
117.74,100,99.9999950435947,100.004326835614,-0.00484201226062183,-0.10154684682839,0.0714800449719596,0.437412366527182,2.42893057668962,-0,-0,0,402.985757556515,0,0
117.76,100,99.9999950577356,100.004229288828,-0.00490160471141036,-0.0998873648253672,0.0959457085196874,0.68221652759356,1.96872949862423,-0,-0,0,402.986053709975,0,0
117.78,100,99.9999950718362,100.004131146518,-0.00490484777452366,-0.097662368323359,0.127424306816864,0.836276523901146,5.36718500870175,-0,-0,0,402.985824783844,0,0
117.8,100,99.9999950858966,100.004033743765,-0.00481123623143518,-0.0947028406008082,0.171932660549642,1.3935726758455,0.617823467817386,-0,-0,0,402.986342641192,0,0
117.82,100,99.9999950999169,100.003939131451,-0.00465169380499718,-0.0907379227976997,0.223668495096707,1.28458488128431,3.73109894458183,-0,-0,0,402.986350012259,0,0
117.84,100,99.9999951138971,100.003847944465,-0.00445234397459873,-0.085738616723656,0.277932272301785,1.57811845407597,3.01872514565214,-0,0,0,402.987153455826,0,0
117.86,100,99.9999951278375,100.003761530645,-0.00417889933111496,-0.0795714204742024,0.33960666194348,1.7437326474096,-1.24707119281206,-0,0,0,402.988168972231,0,0
117.88,100,99.9999951417381,100.003680749509,-0.00391065845383544,-0.0721951412639269,0.395300134979247,1.35452204794612,-2.66548782804737,-0,0,0,402.988275536848,0,0
117.9,100,99.999995155599,100.003604545509,-0.00372607505488352,-0.0638842111773913,0.432318954948924,0.839373401331726,-2.41274775829604,-0,0,0,402.988032522533,0,0
117.92,100,99.9999951694204,100.003531132836,-0.00362762020984144,-0.0550272513718737,0.450601414478135,0.424579018471311,-5.91816001441915,-0,-0,0,402.988459170847,0,0
117.94,100,99.9999951832024,100.003458624754,-0.00365113127175335,-0.0460209309885602,0.444869953172777,-0.374774163234532,0.148468272295672,-0,-0,0,402.986613191995,0,0
117.96,100,99.999995196945,100.003384665679,-0.00373888362031949,-0.0373235820094586,0.425278443301873,-0.310453280885877,2.37863180949713,-0,0,0,402.986559353982,0,0
117.98,100,99.9999952106484,100.003309523618,-0.00375880021334094,-0.0289577780907955,0.413423305078911,0.0242506191696637,0.250507301976547,-0,-0,0,402.987388209108,0,0
118,100,99.9999952243128,100.003234721811,-0.00371713754038929,-0.0207432754319023,0.408144591217414,0.0490281308215976,-4.4018714919839,-0,0,0,402.987726127431,0,0
118.02,100,99.9999952379381,100.00316052724,-0.00372141126087726,-0.0127042113711266,0.39218156197055,-0.509484813197898,-1.22899076938666,-0,-0,0,402.98737779375,0,0
118.04,100,99.9999952515246,100.003085476329,-0.00378457328719275,-0.00513620735402097,0.364085641946794,-0.598517887241741,2.98616250058634,-0,-0,0,402.987246753644,0,0
118.06,100,99.9999952650723,100.003009543232,-0.00378853255284538,0.00190888812838222,0.343306269628574,-0.150821591702691,-0.222959177311096,-0,0,0,402.987139767082,0,0
118.08,100,99.9999952785814,100.002934368156,-0.00372697152867011,0.00864997926390939,0.330725197376083,-0.161794628697422,1.90009673134983,-0,-0,0,402.98706682912,0,0
118.1,100,99.9999952920519,100.002860760135,-0.00362135386826935,0.0151698856692078,0.322876712853438,0.0932420812313975,1.81709631679089,-0,-0,0,402.987159488321,0,0
118.12,100,99.9999953054839,100.002789978657,-0.00344596519830294,0.0216232330671241,0.323765419916558,0.305143569047951,-3.75678366375082,-0,0,0,402.988007661014,0,0
118.14,100,99.9999953188777,100.002722762738,-0.00329355609331261,0.0280770254474862,0.318308999297095,-0.206756504313778,0.120153694377031,-0,0,0,402.987499198785,0,0
118.16,100,99.9999953322333,100.00265796387,-0.00318263234206677,0.0342971328571942,0.303962716236137,-0.166206711284821,3.65526652432888,-0,-0,0,402.988403509428,0,0
118.18,100,99.9999953455507,100.002595960368,-0.00299679028536879,0.0403032500170518,0.299662009008787,0.309110801540727,-1.66106463893805,-0,0,0,402.98934684472,0,0
118.2,100,99.9999953588301,100.002538338312,-0.00277319020017359,0.0463075316269535,0.299121786487697,0.0586527557164183,-0.508058390197903,-0,-0,0,402.989590425253,0,0
118.22,100,99.9999953720717,100.002484862664,-0.00257530723346989,0.0522261115055921,0.292242091790621,-0.0153650651105124,-3.25308709839452,-0,0,0,402.989624899874,0,0
118.24,100,99.9999953852755,100.002435013119,-0.00242394838854709,0.0579338228030922,0.275942281548408,-0.42126888563791,-6.04002844279798,-0,0,0,402.989607132072,0,0
118.26,100,99.9999953984416,100.0023870828,-0.00239551837532637,0.0631224691775176,0.238526980982183,-1.12090197188661,4.1561273187257,-0,-0,0,402.988956971572,0,0
118.28,100,99.9999954115701,100.002339239263,-0.00236165009401414,0.06748027622026,0.201589525368222,-0.457064851588663,-0.223250970856391,-0,0,0,402.989160309719,0,0
118.3,100,99.9999954246612,100.002293186938,-0.00224150438758594,0.0712747788128529,0.17810791038433,-0.425876929192864,-0.401327380798353,-0,0,0,402.989549521477,0,0
118.32,100,99.999995437715,100.002249637055,-0.00211263006614581,0.0746110045624376,0.155593884401534,-0.420948309495846,-2.9728982754866,-0,0,0,402.989827118972,0,0
118.34,100,99.9999954507315,100.002208448367,-0.00201837938260625,0.0774594154279604,0.127292869295065,-0.737177283897885,-6.71917068611629,-0,0,0,402.989649263321,0,0
118.36,100,99.9999954637108,100.002168058423,-0.00205012776831188,0.0795692604182656,0.0790887942440485,-1.47798400178562,0.988396938888707,-0,-0,0,402.989079212788,0,0
118.38,100,99.9999954766532,100.002126114751,-0.00213239976481631,0.0805799763955816,0.0241826753748981,-1.16053776345934,0.202077225247322,-0,-0,0,402.988580770136,0,0
118.4,100,99.9999954895586,100.002083117421,-0.00216124575676879,0.0806056964875464,-0.020325364926048,-0.981832851747942,-3.11147031152858,-0,0,0,402.988633897918,0,0
118.42,100,99.9999955024271,100.002039545789,-0.00220744222700183,0.079760637710481,-0.0656766174004903,-1.23906466387601,-5.62007740284074,-0,0,0,402.988529635694,0,0
118.44,100,99.999995515259,100.001994120035,-0.00235825361287235,0.0778827648027748,-0.125332498407429,-1.77422310597255,-8.12021151117819,-0,0,0,402.988211421412,0,0
118.46,100,99.9999955280543,100.001944077498,-0.00267948813052951,0.0745880461596567,-0.208810627562725,-2.54933750326628,-4.12701966870052,-0,0,0,402.987578242472,0,0
118.48,100,99.999995540813,100.00188607174,-0.00313174382984618,0.0694244486137447,-0.308311261728082,-2.72380303501483,2.95591383235138,-0,-0,0,402.986845849313,0,0
118.5,100,99.9999955535354,100.001819109527,-0.00353980223477598,0.0623452374171143,-0.394595388795027,-1.99122828062019,-0.106904225606581,-0,-0,0,402.987045993404,0,0
118.52,100,99.9999955662214,100.001745071464,-0.00385855795026477,0.0537769443317097,-0.460336659708615,-1.73704901664167,1.36528533009672,-0,-0,0,402.986656768745,0,0
118.54,100,99.9999955788713,100.001665102876,-0.00412716817728585,0.0440271218270834,-0.511826172547941,-1.332981049194,5.10089514186525,-0,-0,0,402.986044957136,0,0
118.56,100,99.999995591485,100.00158076804,-0.00427877959462922,0.0334704277848621,-0.538453042046089,-0.515685998047066,-2.03336857987396,-0,-0,0,402.986425516791,0,0
118.58,100,99.9999956040628,100.001494241652,-0.00438578385402324,0.0225715247217389,-0.552478370134748,-0.69733478798246,-0.128926015877044,-0,-0,0,402.984768781206,0,0
118.6,100,99.9999956166047,100.00140507164,-0.00453284654878129,0.0113645940486548,-0.567571118131929,-0.616644033400095,-1.91788872095091,-0,0,0,402.983826972455,0,0
118.62,100,99.9999956291108,100.001312671443,-0.00471808231308457,-0.000136378927964371,-0.583366479496682,-0.768461623282514,0.746618329821297,-0,0,0,402.983363045341,0,0
118.64,100,99.9999956415813,100.001216198957,-0.00492613560440821,-0.0119567734784343,-0.597254573648471,-0.566768173472003,1.95468102989843,-0,-0,0,402.983985217857,0,0
118.66,100,99.9999956540161,100.001115850891,-0.00510064964893158,-0.0239538692009976,-0.600283119630114,-0.242154098254755,0.848499879126984,-0,0,0,402.983962735394,0,0
118.68,100,99.9999956664155,100.001012351033,-0.00524825709041856,-0.0359056149925552,-0.593904068157391,-0.0978446857047478,-1.46162427064263,-0,0,0,402.984212184461,0,0
118.7,100,99.9999956787795,100.00090571593,-0.00542623279322853,-0.0477112800373287,-0.58764321585454,-0.260968302036438,2.57433586011945,-0,-0,0,402.983906259557,0,0
118.72,100,99.9999956911082,100.000795293584,-0.00560607431720524,-0.0593811052962065,-0.576980707101993,0.099969257299745,6.93941357610692,-0,-0,0,402.983629479013,0,0
118.74,100,99.9999957034018,100.000682286059,-0.00566454736271252,-0.0706314139068518,-0.542589216309803,0.95797055403756,1.91776586726986,-0,-0,0,402.984606828822,0,0
118.76,100,99.9999957156602,100.00056932704,-0.00562990972539232,-0.0809655840797638,-0.490175178674819,1.07471109859971,1.57598803934699,-0,-0,0,402.984082504,0,0
118.78,100,99.9999957278837,100.000457110291,-0.00559213130401667,-0.0902203581144329,-0.435041566693744,1.13274022176103,3.12363302380225,-0,-0,0,402.983393640353,0,0
118.8,100,99.9999957400724,100.000345789316,-0.0055324577526537,-0.0983326874399368,-0.374773061753527,1.37545300408622,5.50232633710831,-0,-0,0,402.982879862924,0,0
118.82,100,99.9999957522262,100.000236342862,-0.00539347028396281,-0.105120335511575,-0.300933827843817,1.88260065911759,4.90965106990322,-0,-0,0,402.983197762224,0,0
118.84,100,99.9999957643454,100.000130701714,-0.00515666725493264,-0.110267588904678,-0.211704467329635,2.24755561110454,-0.59866211492053,-0,0,0,402.983219082089,0,0
118.86,100,99.99999577643,100.000030050221,-0.00492290612668905,-0.11360291431234,-0.124456635814296,1.87674176820637,-2.25705409199911,-0,0,0,402.98260541227,0,0
118.88,100,99.9999957884801,99.9999330873049,-0.00479367624480098,-0.115371297297142,-0.0559734513010046,1.34775501548454,0.952629878429286,-0,0,0,402.981873975762,0,0
118.9,100,99.9999958004959,99.99983788111,-0.00472828843778165,-0.115922678141146,0.000284102653105796,1.28904683590179,2.24712899392869,-0,-0,0,402.982023090826,0,0
118.92,100,99.9999958124773,99.9997440481686,-0.00464925378974027,-0.115359796241978,0.0565206599062804,1.39837709324798,4.49208663590344,-0,-0,0,402.981926669325,0,0
118.94,100,99.9999958244246,99.9996523688719,-0.00450183805751609,-0.113606587893028,0.120980935130179,1.77316974914218,-1.86613480300372,-0,0,0,402.982644896375,0,0
118.96,100,99.9999958363378,99.9995639705396,-0.00435405998708687,-0.110545311789402,0.181933311341548,1.30486767301666,-2.30646968786306,-0,0,0,402.982407265978,0,0
118.98,100,99.999995848217,99.9994775720602,-0.00430143329280652,-0.106456099980542,0.223872461494067,0.84348769298045,4.64395384186977,-0,-0,0,402.982289103274,0,0
119,100,99.9999958600623,99.9993920480481,-0.00422968655768443,-0.101592108801512,0.265332860805752,1.30788032904222,1.08457931278587,-0,0,0,402.982059241739,0,0
119.02,100,99.9999958718738,99.9993088330704,-0.00409005399171824,-0.0957981264693354,0.313615102705542,1.26797202389579,-3.89561484550468,-0,0,0,402.982431258608,0,0
119.04,100,99.9999958836516,99.9992280161868,-0.00401415282413563,-0.0891467599536134,0.347167207099365,0.611655054816292,-1.21676504519068,-0,0,0,402.981825663805,0,0
119.06,100,99.9999958953958,99.9991477074234,-0.00402263870057401,-0.0820289036800158,0.363014904678189,0.376802054657924,4.42285484343991,-0,-0,0,402.98214436818,0,0
119.08,100,99.9999959071065,99.9990674748984,-0.00397735633707316,-0.0745932108242975,0.383625545949878,0.875044893664153,3.2487607152735,-0,-0,0,402.982583427558,0,0
119.1,100,99.9999959187838,99.9989893776434,-0.00381716363975974,-0.0665901421984703,0.418340132108232,1.16032025860993,-0.726565840316119,-0,0,0,402.982708556601,0,0
119.12,100,99.9999959304278,99.9989149667263,-0.00362956619953735,-0.057864202722621,0.452499012340918,0.912810455455075,1.15156378338016,-0,0,0,402.983040659585,0,0
119.14,100,99.9999959420385,99.9988441891768,-0.003443143166705,-0.0485248528794294,0.481399141878969,0.931767707861341,-1.45437733798614,-0,-0,0,402.983542180701,0,0
119.16,100,99.9999959536162,99.9987771768118,-0.00326596936638981,-0.0386530818082209,0.503655598745036,0.62212962051819,-3.40974185047005,-0,0,0,402.983029956775,0,0
119.18,100,99.9999959651608,99.9987130667296,-0.00316107852261913,-0.0284897107694503,0.509313665074971,0.109929530931177,4.49451638433031,-0,-0,0,402.982506658491,0,0
119.2,100,99.9999959766724,99.9986509500934,-0.00302492211522659,-0.0182754193334198,0.515492062179132,0.651835198663814,3.59105064473513,-0,-0,0,402.983746651589,0,0
119.22,100,99.9999959881512,99.9985929515699,-0.00275630296405611,-0.0077604481166002,0.538141809997676,1.0086178817662,1.02219639812145,-0,-0,0,402.984554876019,0,0
119.24,100,99.9999959995973,99.9985411475766,-0.00241982357390326,0.00328639265012618,0.56629762799335,0.996670159072871,3.17990092427491,-0,-0,0,402.984391037334,0,0
119.26,100,99.9999960110107,99.998496554404,-0.00202427197438088,0.0149172268047953,0.598257045698018,1.25539154903218,0.123888439403143,-0,0,0,402.984871145376,0,0
119.28,100,99.9999960223916,99.9984604513611,-0.0015870106951783,0.0272201566798238,0.630843856391384,1.09908180063868,0.360912260111483,-0,-0,0,402.985419542338,0,0
119.3,100,99.9999960337399,99.9984330768471,-0.0011493712528403,0.0401100181224086,0.657280347440874,0.991916374272452,-2.94081664152927,-0,0,0,402.985453147606,0,0
119.32,100,99.9999960450559,99.9984141938642,-0.000753624658020439,0.0534246308897007,0.670816302929203,0.487774474016768,-1.48582018032943,-0,0,0,402.985563169712,0,0
119.34,100,99.9999960563396,99.9984025414957,-0.000416680840215129,0.0668417442588058,0.669169997135897,0.232345017349447,-4.21400526460019,-0,0,0,402.986337264536,0,0
119.36,100,99.9999960675912,99.9983970668096,-0.000148329258817801,0.0800825209345089,0.651274020054509,-0.329608395811293,0.977656590744048,-0,0,0,402.986530487118,0,0
119.38,100,99.9999960788106,99.9983964876822,0.000101117451116422,0.0928436318477516,0.62585381950091,-0.169249564720723,-0.207928738259959,-0,-0,0,402.987771759947,0,0
119.4,100,99.999996089998,99.998401396964,0.000393569830309286,0.105134694433388,0.60317432195133,-0.179112202652829,-0.0116723928294894,-0,-0,0,402.987897023633,0,0
119.42,100,99.9999961011535,99.9984123969413,0.000710982690322028,0.116970915863695,0.580538858562753,-0.163004729416292,-9.45162682873219,-0,0,0,402.988097567582,0,0
119.44,100,99.9999961122771,99.9984290599224,0.000912646187352923,0.128206813189319,0.535675894949286,-1.31973682267208,-6.4874655861069,-0,0,0,402.98724241485,0,0
119.46,100,99.9999961233691,99.9984476008814,0.000918511087605076,0.138174105061934,0.457145564204354,-1.95840817523055,-0.3591636013661,-0,-0,0,402.986927138695,0,0
119.48,100,99.9999961344294,99.9984655577642,0.000886989573032484,0.146449564181998,0.371952161255503,-1.74931091117867,-1.27507000164353,-0,-0,0,402.986242070447,0,0
119.5,100,99.9999961454581,99.9984833461848,0.000895529142864048,0.153095476067453,0.293286047559836,-1.68005308795276,-6.36082994006826,-0,0,0,402.986400603139,0,0
119.52,100,99.9999961564553,99.9985009864809,0.00084597836629112,0.158122258615189,0.205969077581226,-2.252809518138,5.70978372917263,-0,-0,0,402.986168354785,0,0
119.54,100,99.9999961674212,99.9985175612216,0.000850957774575582,0.161406985794161,0.129175584246121,-1.24497622512007,-0.200320454256724,-0,-0,0,402.986915486097,0,0
119.56,100,99.9999961783558,99.9985358906649,0.000986837184439291,0.163439724145372,0.0751433736862568,-1.10622702197374,-0.506398134861804,-0,0,0,402.987387298881,0,0
119.58,100,99.9999961892592,99.9985571759845,0.00114397391744132,0.164446955352415,0.0262557810371845,-1.02369811592524,-1.91536039391109,-0,-0,0,402.987708908424,0,0
119.6,100,99.9999962001315,99.9985815809385,0.0012910099839902,0.164492320209435,-0.0222362953411532,-1.12846100741679,-1.45362119594263,-0,-0,0,402.986984444759,0,0
119.62,100,99.9999962109728,99.9986086459651,0.00141240380727305,0.163546576048309,-0.0723842777825333,-1.16159006443863,-0.164565820285713,-0,-0,0,402.986105866547,0,0
119.64,100,99.9999962217831,99.9986380816777,0.00153430825223623,0.161617114092166,-0.119547591158088,-1.02860573473795,-4.32569538172405,-0,0,0,402.98580383375,0,0
119.66,100,99.9999962325626,99.9986696990234,0.00160897516336499,0.15873452564062,-0.171098974584894,-1.43037862889446,4.5053074791688,-0,0,0,402.985766015854,0,0
119.68,100,99.9999962433114,99.9987026381973,0.00171192379234227,0.154830750557402,-0.214293665231165,-0.677196042177716,-6.55114338914968,-0,0,0,402.987145877286,0,0
119.7,100,99.9999962540294,99.9987380452046,0.0017969571069347,0.150165963150967,-0.256662141135151,-1.40280303580186,-0.969725764924111,-0,0,0,402.986278850164,0,0
119.72,100,99.9999962647169,99.9987738789486,0.00178545155297962,0.144491180599028,-0.310176116462437,-1.33561903734176,4.20211104490798,-0,-0,0,402.986373540597,0,0
119.74,100,99.9999962753739,99.9988099406075,0.00184478450135395,0.137868348158868,-0.347441993435637,-0.632472037803094,-7.88378102110105,-0,0,0,402.986916529914,0,0
119.76,100,99.9999962860006,99.998847324194,0.001854065392912,0.130568029439155,-0.388144376440769,-1.52850933071645,-1.36855000819533,-0,-0,0,402.986043446592,0,0
119.78,100,99.9999962965968,99.9988832702241,0.0017373067125476,0.122245000388903,-0.443699931030056,-1.49366054141816,-0.484222389548254,-0,0,0,402.98556866835,0,0
119.8,100,99.9999963071629,99.9989167678246,0.0016131366966839,0.112852501493992,-0.49441394164961,-1.35171355503066,3.68630820943192,-0,-0,0,402.985874155359,0,0
119.82,100,99.9999963176988,99.9989482300377,0.00155349611198594,0.102579783810805,-0.528563930783877,-0.709090825526021,5.09007691906482,-0,-0,0,402.986090360301,0,0
119.84,100,99.9999963282046,99.9989798027824,0.00162797960998408,0.0918923610595049,-0.535395307228877,0.023155968559079,2.23255644324072,-0,0,0,402.986185383601,0,0
119.86,100,99.9999963386805,99.9990139557725,0.00179397148827046,0.0812942151706553,-0.522593351410607,0.303333499806237,2.69420955046233,-0,0,0,402.986793420524,0,0
119.88,100,99.9999963491265,99.9990518517094,0.00200343315127624,0.0710637977734673,-0.498529640950557,0.604047039749767,1.03614031682787,-0,-0,0,402.987655646064,0,0
119.9,100,99.9999963595427,99.99909421169,0.00223093785998295,0.061396581105291,-0.467882812684974,0.657164544459762,2.21376069279903,-0,-0,0,402.987701631221,0,0
119.92,100,99.9999963699291,99.9991411453489,0.00246668104850141,0.0523790704561706,-0.432686490130327,0.849579851967101,3.14388847488258,-0,-0,0,402.987766550449,0,0
119.94,100,99.999996380286,99.9991931320701,0.00274026424374487,0.044147788126615,-0.388719975887318,1.13159411152612,-4.80935396841816,-0,0,0,402.987593598788,0,0
119.96,100,99.9999963906132,99.9992502535,0.00293970085296032,0.0367629184066562,-0.354601021616853,0.385340909062784,0.884102771582548,-0,0,0,402.9870390738,0,0
119.98,100,99.999996400911,99.9993100932494,0.00304417581799732,0.029878382818061,-0.333471373180959,0.447946606050851,2.51756877117225,-0,-0,0,402.98752770449,0,0
120,100,99.9999964111795,99.999372181625,0.00317256041510945,0.0234648295901553,-0.306280861360513,0.704989015663407,-3.35711817315352,-0,0,0,402.987726769268,0,0
